2025-11-18 17:22:07,948 - INFO - MainThread - __main__ - *** SERVER STARTUP: node9 ***
2025-11-18 17:22:07,948 - INFO - MainThread - __main__ - Config: URL=http://localhost:8009, GRPC=localhost:9009, Qdrant=http://localhost:6349
2025-11-18 17:22:07,948 - INFO - MainThread - server_logic - ServerApp initialized: ID=node9, URL=http://localhost:8009, Coords=http://localhost:8001
2025-11-18 17:22:07,948 - INFO - MainThread - __main__ - Starting Uvicorn HTTP server on port 8009
2025-11-18 17:22:07,954 - INFO - GRPC-Thread - __main__ - gRPC server started on port 9009
2025-11-18 17:22:07,983 - INFO - MainThread - uvicorn.error - Started server process [62108]
2025-11-18 17:22:07,983 - INFO - MainThread - uvicorn.error - Waiting for application startup.
2025-11-18 17:22:07,985 - INFO - MainThread - uvicorn.error - Application startup complete.
2025-11-18 17:22:07,988 - INFO - MainThread - uvicorn.error - Uvicorn running on http://0.0.0.0:8009 (Press CTRL+C to quit)
2025-11-18 17:22:08,829 - INFO - MainThread - uvicorn.access - 127.0.0.1:49565 - "GET / HTTP/1.1" 200
2025-11-18 17:22:30,412 - INFO - MainThread - server_logic - [Add Peers] Adding 15 peers: [('node1', 'http://localhost:8001', 'localhost:9001'), ('node2', 'http://localhost:8002', 'localhost:9002'), ('node3', 'http://localhost:8003', 'localhost:9003'), ('node4', 'http://localhost:8004', 'localhost:9004'), ('node5', 'http://localhost:8005', 'localhost:9005'), ('node6', 'http://localhost:8006', 'localhost:9006'), ('node7', 'http://localhost:8007', 'localhost:9007'), ('node8', 'http://localhost:8008', 'localhost:9008'), ('node10', 'http://localhost:8010', 'localhost:9010'), ('node11', 'http://localhost:8011', 'localhost:9011'), ('node12', 'http://localhost:8012', 'localhost:9012'), ('node13', 'http://localhost:8013', 'localhost:9013'), ('node14', 'http://localhost:8014', 'localhost:9014'), ('node15', 'http://localhost:8015', 'localhost:9015'), ('node16', 'http://localhost:8016', 'localhost:9016')]
2025-11-18 17:22:30,412 - INFO - MainThread - uvicorn.access - 127.0.0.1:49621 - "POST /register_peers HTTP/1.1" 200
2025-11-18 17:22:31,272 - INFO - MainThread - __main__ - API: /add called. ReqID: 25, Vectors: 256
2025-11-18 17:22:31,272 - INFO - MainThread - server_logic - [Client Request] Client wants to add 256 vectors. My Status: bootstrap
2025-11-18 17:22:31,272 - INFO - MainThread - server_logic - [Client Request] Forwarding 256 vectors to Coordinator node1.
2025-11-18 17:22:31,272 - INFO - MainThread - server_logic - --> [Peer Send] Sending 256 vectors to Peer node1 (localhost:9001) | Status: bootstrap
2025-11-18 17:22:31,290 - INFO - MainThread - server_logic - --> [Peer Send] Success: Sent vectors to node1
2025-11-18 17:22:31,290 - INFO - MainThread - __main__ - API: /add completed
2025-11-18 17:22:31,290 - INFO - MainThread - uvicorn.access - 127.0.0.1:49660 - "POST /add HTTP/1.1" 200
2025-11-18 17:22:33,425 - INFO - MainThread - __main__ - API: /add called. ReqID: 41, Vectors: 256
2025-11-18 17:22:33,425 - INFO - MainThread - server_logic - [Client Request] Client wants to add 256 vectors. My Status: bootstrap
2025-11-18 17:22:33,425 - INFO - MainThread - server_logic - [Client Request] Forwarding 256 vectors to Coordinator node1.
2025-11-18 17:22:33,425 - INFO - MainThread - server_logic - --> [Peer Send] Sending 256 vectors to Peer node1 (localhost:9001) | Status: bootstrap
2025-11-18 17:22:33,538 - INFO - MainThread - server_logic - --> [Peer Send] Success: Sent vectors to node1
2025-11-18 17:22:33,538 - INFO - MainThread - __main__ - API: /add completed
2025-11-18 17:22:33,539 - INFO - MainThread - uvicorn.access - 127.0.0.1:49707 - "POST /add HTTP/1.1" 200
2025-11-18 17:22:36,245 - INFO - ThreadPoolExecutor-0_0 - grpc_handler - [GRPC IN] ReceiveVectors called. ReqID: 50, Type: clustered, Count: 57
2025-11-18 17:22:36,246 - INFO - ThreadPoolExecutor-0_0 - server_logic - [Add Vectors] Processing 57 vectors. Sender Status: clustered. Current Node Status: bootstrap
2025-11-18 17:22:36,246 - INFO - ThreadPoolExecutor-0_0 - server_logic - [Add Vectors] Direct Insert: Storing 57 vectors in local Qdrant (Sender is clustered).
2025-11-18 17:22:36,350 - INFO - ThreadPoolExecutor-0_0 - httpx - HTTP Request: GET http://localhost:6349 "HTTP/1.1 200 OK"
2025-11-18 17:22:36,351 - INFO - ThreadPoolExecutor-0_0 - qdrant_module - [Qdrant] Attempting to insert 57 vectors into vectors on http://localhost:6349...
2025-11-18 17:22:36,369 - INFO - ThreadPoolExecutor-0_0 - qdrant_module - [Qdrant] Success: Inserted 57 vectors.
2025-11-18 17:22:36,371 - INFO - ThreadPoolExecutor-0_0 - grpc_handler - [GRPC IN] ReceiveVectors processed successfully.
2025-11-18 17:22:36,792 - INFO - ThreadPoolExecutor-0_0 - grpc_handler - [GRPC IN] SetClusters called. ReqID: 24
2025-11-18 17:22:36,796 - INFO - ThreadPoolExecutor-0_0 - server_logic - [Set Clusters] Received assignment (ReqID: 24).
2025-11-18 17:22:36,797 - INFO - ThreadPoolExecutor-0_0 - server_logic - [Set Clusters] Storing 441 assigned vectors locally.
2025-11-18 17:22:36,797 - INFO - ThreadPoolExecutor-0_0 - server_logic - [Add Vectors] Processing 441 vectors. Sender Status: clustered. Current Node Status: clustered
2025-11-18 17:22:36,797 - INFO - ThreadPoolExecutor-0_0 - server_logic - [Add Vectors] Direct Insert: Storing 441 vectors in local Qdrant (Sender is clustered).
2025-11-18 17:22:36,852 - INFO - ThreadPoolExecutor-0_0 - httpx - HTTP Request: GET http://localhost:6349 "HTTP/1.1 200 OK"
2025-11-18 17:22:36,852 - INFO - ThreadPoolExecutor-0_0 - qdrant_module - [Qdrant] Attempting to insert 441 vectors into vectors on http://localhost:6349...
2025-11-18 17:22:36,899 - INFO - ThreadPoolExecutor-0_0 - qdrant_module - [Qdrant] Success: Inserted 441 vectors.
2025-11-18 17:22:36,956 - INFO - ThreadPoolExecutor-0_0 - httpx - HTTP Request: GET http://localhost:6349 "HTTP/1.1 200 OK"
2025-11-18 17:22:36,961 - INFO - ThreadPoolExecutor-0_0 - server_logic - [Set Clusters] Complete. My Total Count: 498
2025-11-18 17:22:36,961 - INFO - ThreadPoolExecutor-0_0 - grpc_handler - [GRPC IN] SetClusters applied successfully.
2025-11-18 17:22:37,966 - INFO - ThreadPoolExecutor-0_0 - grpc_handler - [GRPC IN] ReceiveVectors called. ReqID: 51, Type: clustered, Count: 53
2025-11-18 17:22:37,966 - INFO - ThreadPoolExecutor-0_0 - server_logic - [Add Vectors] Processing 53 vectors. Sender Status: clustered. Current Node Status: clustered
2025-11-18 17:22:37,966 - INFO - ThreadPoolExecutor-0_0 - server_logic - [Add Vectors] Direct Insert: Storing 53 vectors in local Qdrant (Sender is clustered).
2025-11-18 17:22:38,019 - INFO - ThreadPoolExecutor-0_0 - httpx - HTTP Request: GET http://localhost:6349 "HTTP/1.1 200 OK"
2025-11-18 17:22:38,020 - INFO - ThreadPoolExecutor-0_0 - qdrant_module - [Qdrant] Attempting to insert 53 vectors into vectors on http://localhost:6349...
2025-11-18 17:22:38,027 - INFO - ThreadPoolExecutor-0_0 - qdrant_module - [Qdrant] Success: Inserted 53 vectors.
2025-11-18 17:22:38,028 - INFO - ThreadPoolExecutor-0_0 - grpc_handler - [GRPC IN] ReceiveVectors processed successfully.
2025-11-18 17:22:39,232 - INFO - ThreadPoolExecutor-0_0 - grpc_handler - [GRPC IN] ReceiveVectors called. ReqID: 52, Type: clustered, Count: 50
2025-11-18 17:22:39,232 - INFO - ThreadPoolExecutor-0_0 - server_logic - [Add Vectors] Processing 50 vectors. Sender Status: clustered. Current Node Status: clustered
2025-11-18 17:22:39,232 - INFO - ThreadPoolExecutor-0_0 - server_logic - [Add Vectors] Direct Insert: Storing 50 vectors in local Qdrant (Sender is clustered).
2025-11-18 17:22:39,287 - INFO - ThreadPoolExecutor-0_0 - httpx - HTTP Request: GET http://localhost:6349 "HTTP/1.1 200 OK"
2025-11-18 17:22:39,287 - INFO - ThreadPoolExecutor-0_0 - qdrant_module - [Qdrant] Attempting to insert 50 vectors into vectors on http://localhost:6349...
2025-11-18 17:22:39,295 - INFO - ThreadPoolExecutor-0_0 - qdrant_module - [Qdrant] Success: Inserted 50 vectors.
2025-11-18 17:22:39,296 - INFO - ThreadPoolExecutor-0_0 - grpc_handler - [GRPC IN] ReceiveVectors processed successfully.
2025-11-18 17:22:40,477 - INFO - ThreadPoolExecutor-0_0 - grpc_handler - [GRPC IN] ReceiveVectors called. ReqID: 53, Type: clustered, Count: 65
2025-11-18 17:22:40,478 - INFO - ThreadPoolExecutor-0_0 - server_logic - [Add Vectors] Processing 65 vectors. Sender Status: clustered. Current Node Status: clustered
2025-11-18 17:22:40,478 - INFO - ThreadPoolExecutor-0_0 - server_logic - [Add Vectors] Direct Insert: Storing 65 vectors in local Qdrant (Sender is clustered).
2025-11-18 17:22:40,551 - INFO - ThreadPoolExecutor-0_0 - httpx - HTTP Request: GET http://localhost:6349 "HTTP/1.1 200 OK"
2025-11-18 17:22:40,552 - INFO - ThreadPoolExecutor-0_0 - qdrant_module - [Qdrant] Attempting to insert 65 vectors into vectors on http://localhost:6349...
2025-11-18 17:22:40,563 - INFO - ThreadPoolExecutor-0_1 - grpc_handler - [GRPC IN] ReceiveVectors called. ReqID: 24, Type: clustered, Count: 1304
2025-11-18 17:22:40,592 - INFO - ThreadPoolExecutor-0_0 - qdrant_module - [Qdrant] Success: Inserted 65 vectors.
2025-11-18 17:22:40,596 - INFO - ThreadPoolExecutor-0_1 - server_logic - [Add Vectors] Processing 1304 vectors. Sender Status: clustered. Current Node Status: clustered
2025-11-18 17:22:40,598 - INFO - ThreadPoolExecutor-0_0 - grpc_handler - [GRPC IN] ReceiveVectors processed successfully.
2025-11-18 17:22:40,598 - INFO - ThreadPoolExecutor-0_1 - server_logic - [Add Vectors] Direct Insert: Storing 1304 vectors in local Qdrant (Sender is clustered).
2025-11-18 17:22:40,682 - INFO - ThreadPoolExecutor-0_1 - httpx - HTTP Request: GET http://localhost:6349 "HTTP/1.1 200 OK"
2025-11-18 17:22:40,683 - INFO - ThreadPoolExecutor-0_1 - qdrant_module - [Qdrant] Attempting to insert 1304 vectors into vectors on http://localhost:6349...
2025-11-18 17:22:40,805 - INFO - ThreadPoolExecutor-0_1 - qdrant_module - [Qdrant] Success: Inserted 1304 vectors.
2025-11-18 17:22:40,808 - INFO - ThreadPoolExecutor-0_1 - grpc_handler - [GRPC IN] ReceiveVectors processed successfully.
2025-11-18 17:22:41,758 - INFO - ThreadPoolExecutor-0_0 - grpc_handler - [GRPC IN] ReceiveVectors called. ReqID: 54, Type: clustered, Count: 61
2025-11-18 17:22:41,759 - INFO - ThreadPoolExecutor-0_0 - server_logic - [Add Vectors] Processing 61 vectors. Sender Status: clustered. Current Node Status: clustered
2025-11-18 17:22:41,759 - INFO - ThreadPoolExecutor-0_0 - server_logic - [Add Vectors] Direct Insert: Storing 61 vectors in local Qdrant (Sender is clustered).
2025-11-18 17:22:41,812 - INFO - ThreadPoolExecutor-0_0 - httpx - HTTP Request: GET http://localhost:6349 "HTTP/1.1 200 OK"
2025-11-18 17:22:41,813 - INFO - ThreadPoolExecutor-0_0 - qdrant_module - [Qdrant] Attempting to insert 61 vectors into vectors on http://localhost:6349...
2025-11-18 17:22:41,823 - INFO - ThreadPoolExecutor-0_0 - qdrant_module - [Qdrant] Success: Inserted 61 vectors.
2025-11-18 17:22:41,824 - INFO - ThreadPoolExecutor-0_0 - grpc_handler - [GRPC IN] ReceiveVectors processed successfully.
2025-11-18 17:22:42,996 - INFO - ThreadPoolExecutor-0_1 - grpc_handler - [GRPC IN] ReceiveVectors called. ReqID: 55, Type: clustered, Count: 50
2025-11-18 17:22:42,997 - INFO - ThreadPoolExecutor-0_1 - server_logic - [Add Vectors] Processing 50 vectors. Sender Status: clustered. Current Node Status: clustered
2025-11-18 17:22:42,997 - INFO - ThreadPoolExecutor-0_1 - server_logic - [Add Vectors] Direct Insert: Storing 50 vectors in local Qdrant (Sender is clustered).
2025-11-18 17:22:43,049 - INFO - ThreadPoolExecutor-0_1 - httpx - HTTP Request: GET http://localhost:6349 "HTTP/1.1 200 OK"
2025-11-18 17:22:43,050 - INFO - ThreadPoolExecutor-0_1 - qdrant_module - [Qdrant] Attempting to insert 50 vectors into vectors on http://localhost:6349...
2025-11-18 17:22:43,057 - INFO - ThreadPoolExecutor-0_1 - qdrant_module - [Qdrant] Success: Inserted 50 vectors.
2025-11-18 17:22:43,058 - INFO - ThreadPoolExecutor-0_1 - grpc_handler - [GRPC IN] ReceiveVectors processed successfully.
2025-11-18 17:22:44,195 - INFO - ThreadPoolExecutor-0_0 - grpc_handler - [GRPC IN] ReceiveVectors called. ReqID: 56, Type: clustered, Count: 51
2025-11-18 17:22:44,196 - INFO - ThreadPoolExecutor-0_0 - server_logic - [Add Vectors] Processing 51 vectors. Sender Status: clustered. Current Node Status: clustered
2025-11-18 17:22:44,196 - INFO - ThreadPoolExecutor-0_0 - server_logic - [Add Vectors] Direct Insert: Storing 51 vectors in local Qdrant (Sender is clustered).
2025-11-18 17:22:44,249 - INFO - ThreadPoolExecutor-0_0 - httpx - HTTP Request: GET http://localhost:6349 "HTTP/1.1 200 OK"
2025-11-18 17:22:44,250 - INFO - ThreadPoolExecutor-0_0 - qdrant_module - [Qdrant] Attempting to insert 51 vectors into vectors on http://localhost:6349...
2025-11-18 17:22:44,259 - INFO - ThreadPoolExecutor-0_0 - qdrant_module - [Qdrant] Success: Inserted 51 vectors.
2025-11-18 17:22:44,260 - INFO - ThreadPoolExecutor-0_0 - grpc_handler - [GRPC IN] ReceiveVectors processed successfully.
2025-11-18 17:22:44,907 - INFO - MainThread - __main__ - API: /add called. ReqID: 57, Vectors: 256
2025-11-18 17:22:44,907 - INFO - MainThread - server_logic - [Client Request] Client wants to add 256 vectors. My Status: clustered
2025-11-18 17:22:44,908 - INFO - MainThread - server_logic - [Client Request] System Clustered. Routing vectors to appropriate peers.
2025-11-18 17:22:44,908 - INFO - MainThread - server_logic - [Router] Routing 256 vectors among 16 nodes (Replicas: 4).
2025-11-18 17:22:44,908 - INFO - MainThread - server_logic - [DEBUG] found replica for vector: 1
2025-11-18 17:22:44,908 - INFO - MainThread - server_logic - [DEBUG] found replica for vector: 2
2025-11-18 17:22:44,908 - INFO - MainThread - server_logic - [DEBUG] found replica for vector: 3
2025-11-18 17:22:44,908 - INFO - MainThread - server_logic - [DEBUG] found replica for vector: 4
2025-11-18 17:22:44,908 - INFO - MainThread - server_logic - [DEBUG] found replica for vector: 1
2025-11-18 17:22:44,908 - INFO - MainThread - server_logic - [DEBUG] found replica for vector: 2
2025-11-18 17:22:44,908 - INFO - MainThread - server_logic - [DEBUG] found replica for vector: 3
2025-11-18 17:22:44,908 - INFO - MainThread - server_logic - [DEBUG] found replica for vector: 4
2025-11-18 17:22:44,908 - INFO - MainThread - server_logic - [DEBUG] found replica for vector: 1
2025-11-18 17:22:44,908 - INFO - MainThread - server_logic - [DEBUG] found replica for vector: 2
2025-11-18 17:22:44,908 - INFO - MainThread - server_logic - [DEBUG] found replica for vector: 3
2025-11-18 17:22:44,908 - INFO - MainThread - server_logic - [DEBUG] found replica for vector: 4
2025-11-18 17:22:44,908 - INFO - MainThread - server_logic - [DEBUG] found replica for vector: 1
2025-11-18 17:22:44,908 - INFO - MainThread - server_logic - [DEBUG] found replica for vector: 2
2025-11-18 17:22:44,908 - INFO - MainThread - server_logic - [DEBUG] found replica for vector: 3
2025-11-18 17:22:44,908 - INFO - MainThread - server_logic - [DEBUG] found replica for vector: 4
2025-11-18 17:22:44,908 - INFO - MainThread - server_logic - [DEBUG] found replica for vector: 1
2025-11-18 17:22:44,908 - INFO - MainThread - server_logic - [DEBUG] found replica for vector: 2
2025-11-18 17:22:44,908 - INFO - MainThread - server_logic - [DEBUG] found replica for vector: 3
2025-11-18 17:22:44,908 - INFO - MainThread - server_logic - [DEBUG] found replica for vector: 4
2025-11-18 17:22:44,908 - INFO - MainThread - server_logic - [DEBUG] found replica for vector: 1
2025-11-18 17:22:44,908 - INFO - MainThread - server_logic - [DEBUG] found replica for vector: 2
2025-11-18 17:22:44,908 - INFO - MainThread - server_logic - [DEBUG] found replica for vector: 3
2025-11-18 17:22:44,908 - INFO - MainThread - server_logic - [DEBUG] found replica for vector: 4
2025-11-18 17:22:44,908 - INFO - MainThread - server_logic - [DEBUG] found replica for vector: 1
2025-11-18 17:22:44,908 - INFO - MainThread - server_logic - [DEBUG] found replica for vector: 2
2025-11-18 17:22:44,908 - INFO - MainThread - server_logic - [DEBUG] found replica for vector: 3
2025-11-18 17:22:44,908 - INFO - MainThread - server_logic - [DEBUG] found replica for vector: 4
2025-11-18 17:22:44,908 - INFO - MainThread - server_logic - [DEBUG] found replica for vector: 1
2025-11-18 17:22:44,908 - INFO - MainThread - server_logic - [DEBUG] found replica for vector: 2
2025-11-18 17:22:44,908 - INFO - MainThread - server_logic - [DEBUG] found replica for vector: 3
2025-11-18 17:22:44,908 - INFO - MainThread - server_logic - [DEBUG] found replica for vector: 4
2025-11-18 17:22:44,909 - INFO - MainThread - server_logic - [DEBUG] found replica for vector: 1
2025-11-18 17:22:44,909 - INFO - MainThread - server_logic - [DEBUG] found replica for vector: 2
2025-11-18 17:22:44,909 - INFO - MainThread - server_logic - [DEBUG] found replica for vector: 3
2025-11-18 17:22:44,909 - INFO - MainThread - server_logic - [DEBUG] found replica for vector: 4
2025-11-18 17:22:44,909 - INFO - MainThread - server_logic - [DEBUG] found replica for vector: 1
2025-11-18 17:22:44,909 - INFO - MainThread - server_logic - [DEBUG] found replica for vector: 2
2025-11-18 17:22:44,909 - INFO - MainThread - server_logic - [DEBUG] found replica for vector: 3
2025-11-18 17:22:44,909 - INFO - MainThread - server_logic - [DEBUG] found replica for vector: 4
2025-11-18 17:22:44,909 - INFO - MainThread - server_logic - [DEBUG] found replica for vector: 1
2025-11-18 17:22:44,909 - INFO - MainThread - server_logic - [DEBUG] found replica for vector: 2
2025-11-18 17:22:44,909 - INFO - MainThread - server_logic - [DEBUG] found replica for vector: 3
2025-11-18 17:22:44,909 - INFO - MainThread - server_logic - [DEBUG] found replica for vector: 4
2025-11-18 17:22:44,909 - INFO - MainThread - server_logic - [DEBUG] found replica for vector: 1
2025-11-18 17:22:44,909 - INFO - MainThread - server_logic - [DEBUG] found replica for vector: 2
2025-11-18 17:22:44,909 - INFO - MainThread - server_logic - [DEBUG] found replica for vector: 3
2025-11-18 17:22:44,909 - INFO - MainThread - server_logic - [DEBUG] found replica for vector: 4
2025-11-18 17:22:44,909 - INFO - MainThread - server_logic - [DEBUG] found replica for vector: 1
2025-11-18 17:22:44,909 - INFO - MainThread - server_logic - [DEBUG] found replica for vector: 2
2025-11-18 17:22:44,909 - INFO - MainThread - server_logic - [DEBUG] found replica for vector: 3
2025-11-18 17:22:44,909 - INFO - MainThread - server_logic - [DEBUG] to me replica for vector: 3
2025-11-18 17:22:44,909 - INFO - MainThread - server_logic - [DEBUG] found replica for vector: 1
2025-11-18 17:22:44,909 - INFO - MainThread - server_logic - [DEBUG] found replica for vector: 2
2025-11-18 17:22:44,909 - INFO - MainThread - server_logic - [DEBUG] found replica for vector: 3
2025-11-18 17:22:44,909 - INFO - MainThread - server_logic - [DEBUG] to me replica for vector: 3
2025-11-18 17:22:44,909 - INFO - MainThread - server_logic - [DEBUG] found replica for vector: 1
2025-11-18 17:22:44,909 - INFO - MainThread - server_logic - [DEBUG] found replica for vector: 2
2025-11-18 17:22:44,909 - INFO - MainThread - server_logic - [DEBUG] found replica for vector: 3
2025-11-18 17:22:44,909 - INFO - MainThread - server_logic - [DEBUG] found replica for vector: 4
2025-11-18 17:22:44,909 - INFO - MainThread - server_logic - [DEBUG] found replica for vector: 1
2025-11-18 17:22:44,909 - INFO - MainThread - server_logic - [DEBUG] found replica for vector: 2
2025-11-18 17:22:44,909 - INFO - MainThread - server_logic - [DEBUG] found replica for vector: 3
2025-11-18 17:22:44,909 - INFO - MainThread - server_logic - [DEBUG] found replica for vector: 4
2025-11-18 17:22:44,909 - INFO - MainThread - server_logic - [DEBUG] found replica for vector: 1
2025-11-18 17:22:44,909 - INFO - MainThread - server_logic - [DEBUG] found replica for vector: 2
2025-11-18 17:22:44,909 - INFO - MainThread - server_logic - [DEBUG] found replica for vector: 3
2025-11-18 17:22:44,909 - INFO - MainThread - server_logic - [DEBUG] to me replica for vector: 3
2025-11-18 17:22:44,909 - INFO - MainThread - server_logic - [DEBUG] found replica for vector: 1
2025-11-18 17:22:44,909 - INFO - MainThread - server_logic - [DEBUG] found replica for vector: 2
2025-11-18 17:22:44,909 - INFO - MainThread - server_logic - [DEBUG] found replica for vector: 3
2025-11-18 17:22:44,909 - INFO - MainThread - server_logic - [DEBUG] found replica for vector: 4
2025-11-18 17:22:44,909 - INFO - MainThread - server_logic - [DEBUG] found replica for vector: 1
2025-11-18 17:22:44,909 - INFO - MainThread - server_logic - [DEBUG] found replica for vector: 2
2025-11-18 17:22:44,909 - INFO - MainThread - server_logic - [DEBUG] found replica for vector: 3
2025-11-18 17:22:44,909 - INFO - MainThread - server_logic - [DEBUG] found replica for vector: 4
2025-11-18 17:22:44,909 - INFO - MainThread - server_logic - [DEBUG] found replica for vector: 1
2025-11-18 17:22:44,909 - INFO - MainThread - server_logic - [DEBUG] found replica for vector: 2
2025-11-18 17:22:44,909 - INFO - MainThread - server_logic - [DEBUG] found replica for vector: 3
2025-11-18 17:22:44,909 - INFO - MainThread - server_logic - [DEBUG] found replica for vector: 4
2025-11-18 17:22:44,909 - INFO - MainThread - server_logic - [DEBUG] found replica for vector: 1
2025-11-18 17:22:44,909 - INFO - MainThread - server_logic - [DEBUG] found replica for vector: 2
2025-11-18 17:22:44,909 - INFO - MainThread - server_logic - [DEBUG] found replica for vector: 3
2025-11-18 17:22:44,909 - INFO - MainThread - server_logic - [DEBUG] found replica for vector: 4
2025-11-18 17:22:44,909 - INFO - MainThread - server_logic - [DEBUG] found replica for vector: 1
2025-11-18 17:22:44,909 - INFO - MainThread - server_logic - [DEBUG] found replica for vector: 2
2025-11-18 17:22:44,909 - INFO - MainThread - server_logic - [DEBUG] found replica for vector: 3
2025-11-18 17:22:44,909 - INFO - MainThread - server_logic - [DEBUG] found replica for vector: 4
2025-11-18 17:22:44,909 - INFO - MainThread - server_logic - [DEBUG] found replica for vector: 1
2025-11-18 17:22:44,910 - INFO - MainThread - server_logic - [DEBUG] found replica for vector: 2
2025-11-18 17:22:44,910 - INFO - MainThread - server_logic - [DEBUG] found replica for vector: 3
2025-11-18 17:22:44,910 - INFO - MainThread - server_logic - [DEBUG] found replica for vector: 4
2025-11-18 17:22:44,910 - INFO - MainThread - server_logic - [DEBUG] found replica for vector: 1
2025-11-18 17:22:44,910 - INFO - MainThread - server_logic - [DEBUG] found replica for vector: 2
2025-11-18 17:22:44,910 - INFO - MainThread - server_logic - [DEBUG] found replica for vector: 3
2025-11-18 17:22:44,910 - INFO - MainThread - server_logic - [DEBUG] to me replica for vector: 3
2025-11-18 17:22:44,910 - INFO - MainThread - server_logic - [DEBUG] found replica for vector: 1
2025-11-18 17:22:44,910 - INFO - MainThread - server_logic - [DEBUG] found replica for vector: 2
2025-11-18 17:22:44,910 - INFO - MainThread - server_logic - [DEBUG] found replica for vector: 3
2025-11-18 17:22:44,910 - INFO - MainThread - server_logic - [DEBUG] found replica for vector: 4
2025-11-18 17:22:44,910 - INFO - MainThread - server_logic - [DEBUG] found replica for vector: 1
2025-11-18 17:22:44,910 - INFO - MainThread - server_logic - [DEBUG] found replica for vector: 2
2025-11-18 17:22:44,910 - INFO - MainThread - server_logic - [DEBUG] found replica for vector: 3
2025-11-18 17:22:44,910 - INFO - MainThread - server_logic - [DEBUG] to me replica for vector: 3
2025-11-18 17:22:44,910 - INFO - MainThread - server_logic - [DEBUG] found replica for vector: 1
2025-11-18 17:22:44,910 - INFO - MainThread - server_logic - [DEBUG] found replica for vector: 2
2025-11-18 17:22:44,910 - INFO - MainThread - server_logic - [DEBUG] found replica for vector: 3
2025-11-18 17:22:44,910 - INFO - MainThread - server_logic - [DEBUG] to me replica for vector: 3
2025-11-18 17:22:44,910 - INFO - MainThread - server_logic - [DEBUG] found replica for vector: 1
2025-11-18 17:22:44,910 - INFO - MainThread - server_logic - [DEBUG] found replica for vector: 2
2025-11-18 17:22:44,910 - INFO - MainThread - server_logic - [DEBUG] found replica for vector: 3
2025-11-18 17:22:44,910 - INFO - MainThread - server_logic - [DEBUG] to me replica for vector: 3
2025-11-18 17:22:44,910 - INFO - MainThread - server_logic - [DEBUG] found replica for vector: 1
2025-11-18 17:22:44,910 - INFO - MainThread - server_logic - [DEBUG] found replica for vector: 2
2025-11-18 17:22:44,910 - INFO - MainThread - server_logic - [DEBUG] found replica for vector: 3
2025-11-18 17:22:44,910 - INFO - MainThread - server_logic - [DEBUG] found replica for vector: 4
2025-11-18 17:22:44,910 - INFO - MainThread - server_logic - [DEBUG] found replica for vector: 1
2025-11-18 17:22:44,910 - INFO - MainThread - server_logic - [DEBUG] found replica for vector: 2
2025-11-18 17:22:44,910 - INFO - MainThread - server_logic - [DEBUG] found replica for vector: 3
2025-11-18 17:22:44,910 - INFO - MainThread - server_logic - [DEBUG] found replica for vector: 4
2025-11-18 17:22:44,910 - INFO - MainThread - server_logic - [DEBUG] found replica for vector: 1
2025-11-18 17:22:44,910 - INFO - MainThread - server_logic - [DEBUG] found replica for vector: 2
2025-11-18 17:22:44,910 - INFO - MainThread - server_logic - [DEBUG] found replica for vector: 3
2025-11-18 17:22:44,910 - INFO - MainThread - server_logic - [DEBUG] found replica for vector: 4
2025-11-18 17:22:44,910 - INFO - MainThread - server_logic - [DEBUG] found replica for vector: 1
2025-11-18 17:22:44,910 - INFO - MainThread - server_logic - [DEBUG] found replica for vector: 2
2025-11-18 17:22:44,910 - INFO - MainThread - server_logic - [DEBUG] found replica for vector: 3
2025-11-18 17:22:44,910 - INFO - MainThread - server_logic - [DEBUG] found replica for vector: 4
2025-11-18 17:22:44,910 - INFO - MainThread - server_logic - [DEBUG] found replica for vector: 1
2025-11-18 17:22:44,910 - INFO - MainThread - server_logic - [DEBUG] found replica for vector: 2
2025-11-18 17:22:44,910 - INFO - MainThread - server_logic - [DEBUG] found replica for vector: 3
2025-11-18 17:22:44,910 - INFO - MainThread - server_logic - [DEBUG] found replica for vector: 4
2025-11-18 17:22:44,910 - INFO - MainThread - server_logic - [DEBUG] found replica for vector: 1
2025-11-18 17:22:44,910 - INFO - MainThread - server_logic - [DEBUG] found replica for vector: 2
2025-11-18 17:22:44,910 - INFO - MainThread - server_logic - [DEBUG] found replica for vector: 3
2025-11-18 17:22:44,910 - INFO - MainThread - server_logic - [DEBUG] found replica for vector: 4
2025-11-18 17:22:44,910 - INFO - MainThread - server_logic - [DEBUG] found replica for vector: 1
2025-11-18 17:22:44,910 - INFO - MainThread - server_logic - [DEBUG] found replica for vector: 2
2025-11-18 17:22:44,910 - INFO - MainThread - server_logic - [DEBUG] found replica for vector: 3
2025-11-18 17:22:44,910 - INFO - MainThread - server_logic - [DEBUG] to me replica for vector: 3
2025-11-18 17:22:44,910 - INFO - MainThread - server_logic - [DEBUG] found replica for vector: 1
2025-11-18 17:22:44,910 - INFO - MainThread - server_logic - [DEBUG] found replica for vector: 2
2025-11-18 17:22:44,910 - INFO - MainThread - server_logic - [DEBUG] found replica for vector: 3
2025-11-18 17:22:44,910 - INFO - MainThread - server_logic - [DEBUG] found replica for vector: 4
2025-11-18 17:22:44,910 - INFO - MainThread - server_logic - [DEBUG] found replica for vector: 1
2025-11-18 17:22:44,910 - INFO - MainThread - server_logic - [DEBUG] found replica for vector: 2
2025-11-18 17:22:44,910 - INFO - MainThread - server_logic - [DEBUG] found replica for vector: 3
2025-11-18 17:22:44,911 - INFO - MainThread - server_logic - [DEBUG] found replica for vector: 4
2025-11-18 17:22:44,911 - INFO - MainThread - server_logic - [DEBUG] found replica for vector: 1
2025-11-18 17:22:44,911 - INFO - MainThread - server_logic - [DEBUG] found replica for vector: 2
2025-11-18 17:22:44,911 - INFO - MainThread - server_logic - [DEBUG] found replica for vector: 3
2025-11-18 17:22:44,911 - INFO - MainThread - server_logic - [DEBUG] found replica for vector: 4
2025-11-18 17:22:44,911 - INFO - MainThread - server_logic - [DEBUG] found replica for vector: 1
2025-11-18 17:22:44,911 - INFO - MainThread - server_logic - [DEBUG] found replica for vector: 2
2025-11-18 17:22:44,911 - INFO - MainThread - server_logic - [DEBUG] found replica for vector: 3
2025-11-18 17:22:44,911 - INFO - MainThread - server_logic - [DEBUG] to me replica for vector: 3
2025-11-18 17:22:44,911 - INFO - MainThread - server_logic - [DEBUG] found replica for vector: 1
2025-11-18 17:22:44,911 - INFO - MainThread - server_logic - [DEBUG] found replica for vector: 2
2025-11-18 17:22:44,911 - INFO - MainThread - server_logic - [DEBUG] found replica for vector: 3
2025-11-18 17:22:44,911 - INFO - MainThread - server_logic - [DEBUG] found replica for vector: 4
2025-11-18 17:22:44,911 - INFO - MainThread - server_logic - [DEBUG] found replica for vector: 1
2025-11-18 17:22:44,911 - INFO - MainThread - server_logic - [DEBUG] found replica for vector: 2
2025-11-18 17:22:44,911 - INFO - MainThread - server_logic - [DEBUG] found replica for vector: 3
2025-11-18 17:22:44,911 - INFO - MainThread - server_logic - [DEBUG] found replica for vector: 4
2025-11-18 17:22:44,911 - INFO - MainThread - server_logic - [DEBUG] found replica for vector: 1
2025-11-18 17:22:44,911 - INFO - MainThread - server_logic - [DEBUG] found replica for vector: 2
2025-11-18 17:22:44,911 - INFO - MainThread - server_logic - [DEBUG] found replica for vector: 3
2025-11-18 17:22:44,911 - INFO - MainThread - server_logic - [DEBUG] found replica for vector: 4
2025-11-18 17:22:44,911 - INFO - MainThread - server_logic - [DEBUG] found replica for vector: 1
2025-11-18 17:22:44,911 - INFO - MainThread - server_logic - [DEBUG] found replica for vector: 2
2025-11-18 17:22:44,911 - INFO - MainThread - server_logic - [DEBUG] found replica for vector: 3
2025-11-18 17:22:44,911 - INFO - MainThread - server_logic - [DEBUG] found replica for vector: 4
2025-11-18 17:22:44,911 - INFO - MainThread - server_logic - [DEBUG] found replica for vector: 1
2025-11-18 17:22:44,911 - INFO - MainThread - server_logic - [DEBUG] found replica for vector: 2
2025-11-18 17:22:44,911 - INFO - MainThread - server_logic - [DEBUG] found replica for vector: 3
2025-11-18 17:22:44,911 - INFO - MainThread - server_logic - [DEBUG] found replica for vector: 4
2025-11-18 17:22:44,911 - INFO - MainThread - server_logic - [DEBUG] found replica for vector: 1
2025-11-18 17:22:44,911 - INFO - MainThread - server_logic - [DEBUG] found replica for vector: 2
2025-11-18 17:22:44,911 - INFO - MainThread - server_logic - [DEBUG] found replica for vector: 3
2025-11-18 17:22:44,911 - INFO - MainThread - server_logic - [DEBUG] found replica for vector: 4
2025-11-18 17:22:44,911 - INFO - MainThread - server_logic - [DEBUG] found replica for vector: 1
2025-11-18 17:22:44,911 - INFO - MainThread - server_logic - [DEBUG] found replica for vector: 2
2025-11-18 17:22:44,911 - INFO - MainThread - server_logic - [DEBUG] found replica for vector: 3
2025-11-18 17:22:44,911 - INFO - MainThread - server_logic - [DEBUG] found replica for vector: 4
2025-11-18 17:22:44,911 - INFO - MainThread - server_logic - [DEBUG] found replica for vector: 1
2025-11-18 17:22:44,911 - INFO - MainThread - server_logic - [DEBUG] found replica for vector: 2
2025-11-18 17:22:44,911 - INFO - MainThread - server_logic - [DEBUG] found replica for vector: 3
2025-11-18 17:22:44,911 - INFO - MainThread - server_logic - [DEBUG] found replica for vector: 4
2025-11-18 17:22:44,911 - INFO - MainThread - server_logic - [DEBUG] found replica for vector: 1
2025-11-18 17:22:44,911 - INFO - MainThread - server_logic - [DEBUG] found replica for vector: 2
2025-11-18 17:22:44,911 - INFO - MainThread - server_logic - [DEBUG] found replica for vector: 3
2025-11-18 17:22:44,911 - INFO - MainThread - server_logic - [DEBUG] to me replica for vector: 3
2025-11-18 17:22:44,911 - INFO - MainThread - server_logic - [DEBUG] found replica for vector: 1
2025-11-18 17:22:44,911 - INFO - MainThread - server_logic - [DEBUG] found replica for vector: 2
2025-11-18 17:22:44,911 - INFO - MainThread - server_logic - [DEBUG] found replica for vector: 3
2025-11-18 17:22:44,911 - INFO - MainThread - server_logic - [DEBUG] found replica for vector: 4
2025-11-18 17:22:44,911 - INFO - MainThread - server_logic - [DEBUG] found replica for vector: 1
2025-11-18 17:22:44,911 - INFO - MainThread - server_logic - [DEBUG] found replica for vector: 2
2025-11-18 17:22:44,911 - INFO - MainThread - server_logic - [DEBUG] found replica for vector: 3
2025-11-18 17:22:44,911 - INFO - MainThread - server_logic - [DEBUG] to me replica for vector: 3
2025-11-18 17:22:44,911 - INFO - MainThread - server_logic - [DEBUG] found replica for vector: 1
2025-11-18 17:22:44,911 - INFO - MainThread - server_logic - [DEBUG] found replica for vector: 2
2025-11-18 17:22:44,911 - INFO - MainThread - server_logic - [DEBUG] found replica for vector: 3
2025-11-18 17:22:44,911 - INFO - MainThread - server_logic - [DEBUG] found replica for vector: 4
2025-11-18 17:22:44,912 - INFO - MainThread - server_logic - [DEBUG] found replica for vector: 1
2025-11-18 17:22:44,912 - INFO - MainThread - server_logic - [DEBUG] found replica for vector: 2
2025-11-18 17:22:44,912 - INFO - MainThread - server_logic - [DEBUG] found replica for vector: 3
2025-11-18 17:22:44,912 - INFO - MainThread - server_logic - [DEBUG] found replica for vector: 4
2025-11-18 17:22:44,912 - INFO - MainThread - server_logic - [DEBUG] found replica for vector: 1
2025-11-18 17:22:44,912 - INFO - MainThread - server_logic - [DEBUG] found replica for vector: 2
2025-11-18 17:22:44,912 - INFO - MainThread - server_logic - [DEBUG] found replica for vector: 3
2025-11-18 17:22:44,912 - INFO - MainThread - server_logic - [DEBUG] found replica for vector: 4
2025-11-18 17:22:44,912 - INFO - MainThread - server_logic - [DEBUG] found replica for vector: 1
2025-11-18 17:22:44,912 - INFO - MainThread - server_logic - [DEBUG] found replica for vector: 2
2025-11-18 17:22:44,912 - INFO - MainThread - server_logic - [DEBUG] found replica for vector: 3
2025-11-18 17:22:44,912 - INFO - MainThread - server_logic - [DEBUG] found replica for vector: 4
2025-11-18 17:22:44,912 - INFO - MainThread - server_logic - [DEBUG] found replica for vector: 1
2025-11-18 17:22:44,912 - INFO - MainThread - server_logic - [DEBUG] found replica for vector: 2
2025-11-18 17:22:44,912 - INFO - MainThread - server_logic - [DEBUG] found replica for vector: 3
2025-11-18 17:22:44,912 - INFO - MainThread - server_logic - [DEBUG] found replica for vector: 4
2025-11-18 17:22:44,912 - INFO - MainThread - server_logic - [DEBUG] found replica for vector: 1
2025-11-18 17:22:44,912 - INFO - MainThread - server_logic - [DEBUG] found replica for vector: 2
2025-11-18 17:22:44,912 - INFO - MainThread - server_logic - [DEBUG] found replica for vector: 3
2025-11-18 17:22:44,912 - INFO - MainThread - server_logic - [DEBUG] found replica for vector: 4
2025-11-18 17:22:44,912 - INFO - MainThread - server_logic - [DEBUG] found replica for vector: 1
2025-11-18 17:22:44,912 - INFO - MainThread - server_logic - [DEBUG] found replica for vector: 2
2025-11-18 17:22:44,912 - INFO - MainThread - server_logic - [DEBUG] found replica for vector: 3
2025-11-18 17:22:44,912 - INFO - MainThread - server_logic - [DEBUG] to me replica for vector: 3
2025-11-18 17:22:44,912 - INFO - MainThread - server_logic - [DEBUG] found replica for vector: 1
2025-11-18 17:22:44,912 - INFO - MainThread - server_logic - [DEBUG] found replica for vector: 2
2025-11-18 17:22:44,912 - INFO - MainThread - server_logic - [DEBUG] found replica for vector: 3
2025-11-18 17:22:44,912 - INFO - MainThread - server_logic - [DEBUG] found replica for vector: 4
2025-11-18 17:22:44,912 - INFO - MainThread - server_logic - [DEBUG] found replica for vector: 1
2025-11-18 17:22:44,912 - INFO - MainThread - server_logic - [DEBUG] found replica for vector: 2
2025-11-18 17:22:44,912 - INFO - MainThread - server_logic - [DEBUG] found replica for vector: 3
2025-11-18 17:22:44,912 - INFO - MainThread - server_logic - [DEBUG] found replica for vector: 4
2025-11-18 17:22:44,912 - INFO - MainThread - server_logic - [DEBUG] found replica for vector: 1
2025-11-18 17:22:44,912 - INFO - MainThread - server_logic - [DEBUG] found replica for vector: 2
2025-11-18 17:22:44,912 - INFO - MainThread - server_logic - [DEBUG] found replica for vector: 3
2025-11-18 17:22:44,912 - INFO - MainThread - server_logic - [DEBUG] found replica for vector: 4
2025-11-18 17:22:44,912 - INFO - MainThread - server_logic - [DEBUG] found replica for vector: 1
2025-11-18 17:22:44,912 - INFO - MainThread - server_logic - [DEBUG] found replica for vector: 2
2025-11-18 17:22:44,912 - INFO - MainThread - server_logic - [DEBUG] found replica for vector: 3
2025-11-18 17:22:44,912 - INFO - MainThread - server_logic - [DEBUG] found replica for vector: 4
2025-11-18 17:22:44,912 - INFO - MainThread - server_logic - [DEBUG] found replica for vector: 1
2025-11-18 17:22:44,912 - INFO - MainThread - server_logic - [DEBUG] found replica for vector: 2
2025-11-18 17:22:44,912 - INFO - MainThread - server_logic - [DEBUG] found replica for vector: 3
2025-11-18 17:22:44,912 - INFO - MainThread - server_logic - [DEBUG] to me replica for vector: 3
2025-11-18 17:22:44,912 - INFO - MainThread - server_logic - [DEBUG] found replica for vector: 1
2025-11-18 17:22:44,912 - INFO - MainThread - server_logic - [DEBUG] found replica for vector: 2
2025-11-18 17:22:44,912 - INFO - MainThread - server_logic - [DEBUG] found replica for vector: 3
2025-11-18 17:22:44,912 - INFO - MainThread - server_logic - [DEBUG] found replica for vector: 4
2025-11-18 17:22:44,912 - INFO - MainThread - server_logic - [DEBUG] found replica for vector: 1
2025-11-18 17:22:44,912 - INFO - MainThread - server_logic - [DEBUG] found replica for vector: 2
2025-11-18 17:22:44,912 - INFO - MainThread - server_logic - [DEBUG] found replica for vector: 3
2025-11-18 17:22:44,912 - INFO - MainThread - server_logic - [DEBUG] found replica for vector: 4
2025-11-18 17:22:44,912 - INFO - MainThread - server_logic - [DEBUG] found replica for vector: 1
2025-11-18 17:22:44,912 - INFO - MainThread - server_logic - [DEBUG] found replica for vector: 2
2025-11-18 17:22:44,912 - INFO - MainThread - server_logic - [DEBUG] found replica for vector: 3
2025-11-18 17:22:44,912 - INFO - MainThread - server_logic - [DEBUG] found replica for vector: 4
2025-11-18 17:22:44,912 - INFO - MainThread - server_logic - [DEBUG] found replica for vector: 1
2025-11-18 17:22:44,913 - INFO - MainThread - server_logic - [DEBUG] found replica for vector: 2
2025-11-18 17:22:44,913 - INFO - MainThread - server_logic - [DEBUG] found replica for vector: 3
2025-11-18 17:22:44,913 - INFO - MainThread - server_logic - [DEBUG] to me replica for vector: 3
2025-11-18 17:22:44,913 - INFO - MainThread - server_logic - [DEBUG] found replica for vector: 1
2025-11-18 17:22:44,913 - INFO - MainThread - server_logic - [DEBUG] found replica for vector: 2
2025-11-18 17:22:44,913 - INFO - MainThread - server_logic - [DEBUG] found replica for vector: 3
2025-11-18 17:22:44,913 - INFO - MainThread - server_logic - [DEBUG] found replica for vector: 4
2025-11-18 17:22:44,913 - INFO - MainThread - server_logic - [DEBUG] found replica for vector: 1
2025-11-18 17:22:44,913 - INFO - MainThread - server_logic - [DEBUG] found replica for vector: 2
2025-11-18 17:22:44,913 - INFO - MainThread - server_logic - [DEBUG] found replica for vector: 3
2025-11-18 17:22:44,913 - INFO - MainThread - server_logic - [DEBUG] found replica for vector: 4
2025-11-18 17:22:44,913 - INFO - MainThread - server_logic - [DEBUG] found replica for vector: 1
2025-11-18 17:22:44,913 - INFO - MainThread - server_logic - [DEBUG] found replica for vector: 2
2025-11-18 17:22:44,913 - INFO - MainThread - server_logic - [DEBUG] found replica for vector: 3
2025-11-18 17:22:44,913 - INFO - MainThread - server_logic - [DEBUG] found replica for vector: 4
2025-11-18 17:22:44,913 - INFO - MainThread - server_logic - [DEBUG] found replica for vector: 1
2025-11-18 17:22:44,913 - INFO - MainThread - server_logic - [DEBUG] found replica for vector: 2
2025-11-18 17:22:44,913 - INFO - MainThread - server_logic - [DEBUG] found replica for vector: 3
2025-11-18 17:22:44,913 - INFO - MainThread - server_logic - [DEBUG] found replica for vector: 4
2025-11-18 17:22:44,913 - INFO - MainThread - server_logic - [DEBUG] found replica for vector: 1
2025-11-18 17:22:44,913 - INFO - MainThread - server_logic - [DEBUG] found replica for vector: 2
2025-11-18 17:22:44,913 - INFO - MainThread - server_logic - [DEBUG] found replica for vector: 3
2025-11-18 17:22:44,913 - INFO - MainThread - server_logic - [DEBUG] found replica for vector: 4
2025-11-18 17:22:44,913 - INFO - MainThread - server_logic - [DEBUG] found replica for vector: 1
2025-11-18 17:22:44,913 - INFO - MainThread - server_logic - [DEBUG] found replica for vector: 2
2025-11-18 17:22:44,913 - INFO - MainThread - server_logic - [DEBUG] found replica for vector: 3
2025-11-18 17:22:44,913 - INFO - MainThread - server_logic - [DEBUG] found replica for vector: 4
2025-11-18 17:22:44,913 - INFO - MainThread - server_logic - [DEBUG] found replica for vector: 1
2025-11-18 17:22:44,913 - INFO - MainThread - server_logic - [DEBUG] found replica for vector: 2
2025-11-18 17:22:44,913 - INFO - MainThread - server_logic - [DEBUG] found replica for vector: 3
2025-11-18 17:22:44,913 - INFO - MainThread - server_logic - [DEBUG] to me replica for vector: 3
2025-11-18 17:22:44,913 - INFO - MainThread - server_logic - [DEBUG] found replica for vector: 1
2025-11-18 17:22:44,913 - INFO - MainThread - server_logic - [DEBUG] found replica for vector: 2
2025-11-18 17:22:44,913 - INFO - MainThread - server_logic - [DEBUG] found replica for vector: 3
2025-11-18 17:22:44,913 - INFO - MainThread - server_logic - [DEBUG] found replica for vector: 4
2025-11-18 17:22:44,913 - INFO - MainThread - server_logic - [DEBUG] found replica for vector: 1
2025-11-18 17:22:44,913 - INFO - MainThread - server_logic - [DEBUG] found replica for vector: 2
2025-11-18 17:22:44,913 - INFO - MainThread - server_logic - [DEBUG] found replica for vector: 3
2025-11-18 17:22:44,913 - INFO - MainThread - server_logic - [DEBUG] to me replica for vector: 3
2025-11-18 17:22:44,913 - INFO - MainThread - server_logic - [DEBUG] found replica for vector: 1
2025-11-18 17:22:44,913 - INFO - MainThread - server_logic - [DEBUG] found replica for vector: 2
2025-11-18 17:22:44,913 - INFO - MainThread - server_logic - [DEBUG] found replica for vector: 3
2025-11-18 17:22:44,913 - INFO - MainThread - server_logic - [DEBUG] found replica for vector: 4
2025-11-18 17:22:44,913 - INFO - MainThread - server_logic - [DEBUG] found replica for vector: 1
2025-11-18 17:22:44,913 - INFO - MainThread - server_logic - [DEBUG] found replica for vector: 2
2025-11-18 17:22:44,913 - INFO - MainThread - server_logic - [DEBUG] found replica for vector: 3
2025-11-18 17:22:44,913 - INFO - MainThread - server_logic - [DEBUG] found replica for vector: 4
2025-11-18 17:22:44,913 - INFO - MainThread - server_logic - [DEBUG] found replica for vector: 1
2025-11-18 17:22:44,913 - INFO - MainThread - server_logic - [DEBUG] found replica for vector: 2
2025-11-18 17:22:44,913 - INFO - MainThread - server_logic - [DEBUG] found replica for vector: 3
2025-11-18 17:22:44,913 - INFO - MainThread - server_logic - [DEBUG] found replica for vector: 4
2025-11-18 17:22:44,913 - INFO - MainThread - server_logic - [DEBUG] found replica for vector: 1
2025-11-18 17:22:44,913 - INFO - MainThread - server_logic - [DEBUG] found replica for vector: 2
2025-11-18 17:22:44,913 - INFO - MainThread - server_logic - [DEBUG] found replica for vector: 3
2025-11-18 17:22:44,913 - INFO - MainThread - server_logic - [DEBUG] to me replica for vector: 3
2025-11-18 17:22:44,913 - INFO - MainThread - server_logic - [DEBUG] found replica for vector: 1
2025-11-18 17:22:44,913 - INFO - MainThread - server_logic - [DEBUG] found replica for vector: 2
2025-11-18 17:22:44,913 - INFO - MainThread - server_logic - [DEBUG] found replica for vector: 3
2025-11-18 17:22:44,914 - INFO - MainThread - server_logic - [DEBUG] found replica for vector: 4
2025-11-18 17:22:44,914 - INFO - MainThread - server_logic - [DEBUG] found replica for vector: 1
2025-11-18 17:22:44,914 - INFO - MainThread - server_logic - [DEBUG] found replica for vector: 2
2025-11-18 17:22:44,914 - INFO - MainThread - server_logic - [DEBUG] found replica for vector: 3
2025-11-18 17:22:44,914 - INFO - MainThread - server_logic - [DEBUG] found replica for vector: 4
2025-11-18 17:22:44,914 - INFO - MainThread - server_logic - [DEBUG] found replica for vector: 1
2025-11-18 17:22:44,914 - INFO - MainThread - server_logic - [DEBUG] found replica for vector: 2
2025-11-18 17:22:44,914 - INFO - MainThread - server_logic - [DEBUG] found replica for vector: 3
2025-11-18 17:22:44,914 - INFO - MainThread - server_logic - [DEBUG] found replica for vector: 4
2025-11-18 17:22:44,914 - INFO - MainThread - server_logic - [DEBUG] found replica for vector: 1
2025-11-18 17:22:44,914 - INFO - MainThread - server_logic - [DEBUG] found replica for vector: 2
2025-11-18 17:22:44,914 - INFO - MainThread - server_logic - [DEBUG] found replica for vector: 3
2025-11-18 17:22:44,914 - INFO - MainThread - server_logic - [DEBUG] found replica for vector: 4
2025-11-18 17:22:44,914 - INFO - MainThread - server_logic - [DEBUG] found replica for vector: 1
2025-11-18 17:22:44,914 - INFO - MainThread - server_logic - [DEBUG] found replica for vector: 2
2025-11-18 17:22:44,914 - INFO - MainThread - server_logic - [DEBUG] found replica for vector: 3
2025-11-18 17:22:44,914 - INFO - MainThread - server_logic - [DEBUG] found replica for vector: 4
2025-11-18 17:22:44,914 - INFO - MainThread - server_logic - [DEBUG] found replica for vector: 1
2025-11-18 17:22:44,914 - INFO - MainThread - server_logic - [DEBUG] found replica for vector: 2
2025-11-18 17:22:44,914 - INFO - MainThread - server_logic - [DEBUG] found replica for vector: 3
2025-11-18 17:22:44,914 - INFO - MainThread - server_logic - [DEBUG] found replica for vector: 4
2025-11-18 17:22:44,914 - INFO - MainThread - server_logic - [DEBUG] found replica for vector: 1
2025-11-18 17:22:44,914 - INFO - MainThread - server_logic - [DEBUG] found replica for vector: 2
2025-11-18 17:22:44,914 - INFO - MainThread - server_logic - [DEBUG] found replica for vector: 3
2025-11-18 17:22:44,914 - INFO - MainThread - server_logic - [DEBUG] found replica for vector: 4
2025-11-18 17:22:44,914 - INFO - MainThread - server_logic - [DEBUG] found replica for vector: 1
2025-11-18 17:22:44,914 - INFO - MainThread - server_logic - [DEBUG] found replica for vector: 2
2025-11-18 17:22:44,914 - INFO - MainThread - server_logic - [DEBUG] found replica for vector: 3
2025-11-18 17:22:44,914 - INFO - MainThread - server_logic - [DEBUG] found replica for vector: 4
2025-11-18 17:22:44,914 - INFO - MainThread - server_logic - [DEBUG] found replica for vector: 1
2025-11-18 17:22:44,914 - INFO - MainThread - server_logic - [DEBUG] found replica for vector: 2
2025-11-18 17:22:44,914 - INFO - MainThread - server_logic - [DEBUG] found replica for vector: 3
2025-11-18 17:22:44,914 - INFO - MainThread - server_logic - [DEBUG] found replica for vector: 4
2025-11-18 17:22:44,914 - INFO - MainThread - server_logic - [DEBUG] found replica for vector: 1
2025-11-18 17:22:44,914 - INFO - MainThread - server_logic - [DEBUG] found replica for vector: 2
2025-11-18 17:22:44,914 - INFO - MainThread - server_logic - [DEBUG] found replica for vector: 3
2025-11-18 17:22:44,914 - INFO - MainThread - server_logic - [DEBUG] found replica for vector: 4
2025-11-18 17:22:44,914 - INFO - MainThread - server_logic - [DEBUG] found replica for vector: 1
2025-11-18 17:22:44,914 - INFO - MainThread - server_logic - [DEBUG] found replica for vector: 2
2025-11-18 17:22:44,914 - INFO - MainThread - server_logic - [DEBUG] found replica for vector: 3
2025-11-18 17:22:44,914 - INFO - MainThread - server_logic - [DEBUG] found replica for vector: 4
2025-11-18 17:22:44,914 - INFO - MainThread - server_logic - [DEBUG] found replica for vector: 1
2025-11-18 17:22:44,914 - INFO - MainThread - server_logic - [DEBUG] found replica for vector: 2
2025-11-18 17:22:44,914 - INFO - MainThread - server_logic - [DEBUG] found replica for vector: 3
2025-11-18 17:22:44,914 - INFO - MainThread - server_logic - [DEBUG] found replica for vector: 4
2025-11-18 17:22:44,914 - INFO - MainThread - server_logic - [DEBUG] found replica for vector: 1
2025-11-18 17:22:44,914 - INFO - MainThread - server_logic - [DEBUG] found replica for vector: 2
2025-11-18 17:22:44,914 - INFO - MainThread - server_logic - [DEBUG] found replica for vector: 3
2025-11-18 17:22:44,914 - INFO - MainThread - server_logic - [DEBUG] found replica for vector: 4
2025-11-18 17:22:44,914 - INFO - MainThread - server_logic - [DEBUG] found replica for vector: 1
2025-11-18 17:22:44,914 - INFO - MainThread - server_logic - [DEBUG] found replica for vector: 2
2025-11-18 17:22:44,914 - INFO - MainThread - server_logic - [DEBUG] found replica for vector: 3
2025-11-18 17:22:44,914 - INFO - MainThread - server_logic - [DEBUG] found replica for vector: 4
2025-11-18 17:22:44,914 - INFO - MainThread - server_logic - [DEBUG] found replica for vector: 1
2025-11-18 17:22:44,914 - INFO - MainThread - server_logic - [DEBUG] found replica for vector: 2
2025-11-18 17:22:44,914 - INFO - MainThread - server_logic - [DEBUG] found replica for vector: 3
2025-11-18 17:22:44,914 - INFO - MainThread - server_logic - [DEBUG] found replica for vector: 4
2025-11-18 17:22:44,915 - INFO - MainThread - server_logic - [DEBUG] found replica for vector: 1
2025-11-18 17:22:44,915 - INFO - MainThread - server_logic - [DEBUG] found replica for vector: 2
2025-11-18 17:22:44,915 - INFO - MainThread - server_logic - [DEBUG] found replica for vector: 3
2025-11-18 17:22:44,915 - INFO - MainThread - server_logic - [DEBUG] found replica for vector: 4
2025-11-18 17:22:44,915 - INFO - MainThread - server_logic - [DEBUG] found replica for vector: 1
2025-11-18 17:22:44,915 - INFO - MainThread - server_logic - [DEBUG] found replica for vector: 2
2025-11-18 17:22:44,915 - INFO - MainThread - server_logic - [DEBUG] found replica for vector: 3
2025-11-18 17:22:44,915 - INFO - MainThread - server_logic - [DEBUG] found replica for vector: 4
2025-11-18 17:22:44,915 - INFO - MainThread - server_logic - [DEBUG] found replica for vector: 1
2025-11-18 17:22:44,915 - INFO - MainThread - server_logic - [DEBUG] found replica for vector: 2
2025-11-18 17:22:44,915 - INFO - MainThread - server_logic - [DEBUG] found replica for vector: 3
2025-11-18 17:22:44,915 - INFO - MainThread - server_logic - [DEBUG] found replica for vector: 4
2025-11-18 17:22:44,915 - INFO - MainThread - server_logic - [DEBUG] found replica for vector: 1
2025-11-18 17:22:44,915 - INFO - MainThread - server_logic - [DEBUG] found replica for vector: 2
2025-11-18 17:22:44,915 - INFO - MainThread - server_logic - [DEBUG] found replica for vector: 3
2025-11-18 17:22:44,915 - INFO - MainThread - server_logic - [DEBUG] found replica for vector: 4
2025-11-18 17:22:44,915 - INFO - MainThread - server_logic - [DEBUG] found replica for vector: 1
2025-11-18 17:22:44,915 - INFO - MainThread - server_logic - [DEBUG] found replica for vector: 2
2025-11-18 17:22:44,915 - INFO - MainThread - server_logic - [DEBUG] found replica for vector: 3
2025-11-18 17:22:44,915 - INFO - MainThread - server_logic - [DEBUG] found replica for vector: 4
2025-11-18 17:22:44,915 - INFO - MainThread - server_logic - [DEBUG] found replica for vector: 1
2025-11-18 17:22:44,915 - INFO - MainThread - server_logic - [DEBUG] found replica for vector: 2
2025-11-18 17:22:44,915 - INFO - MainThread - server_logic - [DEBUG] found replica for vector: 3
2025-11-18 17:22:44,915 - INFO - MainThread - server_logic - [DEBUG] found replica for vector: 4
2025-11-18 17:22:44,915 - INFO - MainThread - server_logic - [DEBUG] found replica for vector: 1
2025-11-18 17:22:44,915 - INFO - MainThread - server_logic - [DEBUG] found replica for vector: 2
2025-11-18 17:22:44,915 - INFO - MainThread - server_logic - [DEBUG] found replica for vector: 3
2025-11-18 17:22:44,915 - INFO - MainThread - server_logic - [DEBUG] found replica for vector: 4
2025-11-18 17:22:44,915 - INFO - MainThread - server_logic - [DEBUG] found replica for vector: 1
2025-11-18 17:22:44,915 - INFO - MainThread - server_logic - [DEBUG] found replica for vector: 2
2025-11-18 17:22:44,915 - INFO - MainThread - server_logic - [DEBUG] found replica for vector: 3
2025-11-18 17:22:44,915 - INFO - MainThread - server_logic - [DEBUG] found replica for vector: 4
2025-11-18 17:22:44,915 - INFO - MainThread - server_logic - [DEBUG] found replica for vector: 1
2025-11-18 17:22:44,915 - INFO - MainThread - server_logic - [DEBUG] found replica for vector: 2
2025-11-18 17:22:44,915 - INFO - MainThread - server_logic - [DEBUG] found replica for vector: 3
2025-11-18 17:22:44,915 - INFO - MainThread - server_logic - [DEBUG] found replica for vector: 4
2025-11-18 17:22:44,915 - INFO - MainThread - server_logic - [DEBUG] found replica for vector: 1
2025-11-18 17:22:44,915 - INFO - MainThread - server_logic - [DEBUG] found replica for vector: 2
2025-11-18 17:22:44,915 - INFO - MainThread - server_logic - [DEBUG] found replica for vector: 3
2025-11-18 17:22:44,915 - INFO - MainThread - server_logic - [DEBUG] found replica for vector: 4
2025-11-18 17:22:44,915 - INFO - MainThread - server_logic - [DEBUG] found replica for vector: 1
2025-11-18 17:22:44,915 - INFO - MainThread - server_logic - [DEBUG] found replica for vector: 2
2025-11-18 17:22:44,915 - INFO - MainThread - server_logic - [DEBUG] found replica for vector: 3
2025-11-18 17:22:44,915 - INFO - MainThread - server_logic - [DEBUG] found replica for vector: 4
2025-11-18 17:22:44,915 - INFO - MainThread - server_logic - [DEBUG] found replica for vector: 1
2025-11-18 17:22:44,915 - INFO - MainThread - server_logic - [DEBUG] found replica for vector: 2
2025-11-18 17:22:44,915 - INFO - MainThread - server_logic - [DEBUG] found replica for vector: 3
2025-11-18 17:22:44,915 - INFO - MainThread - server_logic - [DEBUG] to me replica for vector: 3
2025-11-18 17:22:44,915 - INFO - MainThread - server_logic - [DEBUG] found replica for vector: 1
2025-11-18 17:22:44,915 - INFO - MainThread - server_logic - [DEBUG] found replica for vector: 2
2025-11-18 17:22:44,915 - INFO - MainThread - server_logic - [DEBUG] found replica for vector: 3
2025-11-18 17:22:44,915 - INFO - MainThread - server_logic - [DEBUG] found replica for vector: 4
2025-11-18 17:22:44,915 - INFO - MainThread - server_logic - [DEBUG] found replica for vector: 1
2025-11-18 17:22:44,915 - INFO - MainThread - server_logic - [DEBUG] found replica for vector: 2
2025-11-18 17:22:44,915 - INFO - MainThread - server_logic - [DEBUG] found replica for vector: 3
2025-11-18 17:22:44,915 - INFO - MainThread - server_logic - [DEBUG] found replica for vector: 4
2025-11-18 17:22:44,915 - INFO - MainThread - server_logic - [DEBUG] found replica for vector: 1
2025-11-18 17:22:44,915 - INFO - MainThread - server_logic - [DEBUG] found replica for vector: 2
2025-11-18 17:22:44,915 - INFO - MainThread - server_logic - [DEBUG] found replica for vector: 3
2025-11-18 17:22:44,916 - INFO - MainThread - server_logic - [DEBUG] found replica for vector: 4
2025-11-18 17:22:44,916 - INFO - MainThread - server_logic - [DEBUG] found replica for vector: 1
2025-11-18 17:22:44,916 - INFO - MainThread - server_logic - [DEBUG] found replica for vector: 2
2025-11-18 17:22:44,916 - INFO - MainThread - server_logic - [DEBUG] found replica for vector: 3
2025-11-18 17:22:44,916 - INFO - MainThread - server_logic - [DEBUG] found replica for vector: 4
2025-11-18 17:22:44,916 - INFO - MainThread - server_logic - [DEBUG] found replica for vector: 1
2025-11-18 17:22:44,916 - INFO - MainThread - server_logic - [DEBUG] found replica for vector: 2
2025-11-18 17:22:44,916 - INFO - MainThread - server_logic - [DEBUG] found replica for vector: 3
2025-11-18 17:22:44,916 - INFO - MainThread - server_logic - [DEBUG] found replica for vector: 4
2025-11-18 17:22:44,916 - INFO - MainThread - server_logic - [DEBUG] found replica for vector: 1
2025-11-18 17:22:44,916 - INFO - MainThread - server_logic - [DEBUG] found replica for vector: 2
2025-11-18 17:22:44,916 - INFO - MainThread - server_logic - [DEBUG] found replica for vector: 3
2025-11-18 17:22:44,916 - INFO - MainThread - server_logic - [DEBUG] found replica for vector: 4
2025-11-18 17:22:44,916 - INFO - MainThread - server_logic - [DEBUG] found replica for vector: 1
2025-11-18 17:22:44,916 - INFO - MainThread - server_logic - [DEBUG] found replica for vector: 2
2025-11-18 17:22:44,916 - INFO - MainThread - server_logic - [DEBUG] found replica for vector: 3
2025-11-18 17:22:44,916 - INFO - MainThread - server_logic - [DEBUG] to me replica for vector: 3
2025-11-18 17:22:44,916 - INFO - MainThread - server_logic - [DEBUG] found replica for vector: 1
2025-11-18 17:22:44,916 - INFO - MainThread - server_logic - [DEBUG] found replica for vector: 2
2025-11-18 17:22:44,916 - INFO - MainThread - server_logic - [DEBUG] found replica for vector: 3
2025-11-18 17:22:44,916 - INFO - MainThread - server_logic - [DEBUG] found replica for vector: 4
2025-11-18 17:22:44,916 - INFO - MainThread - server_logic - [DEBUG] found replica for vector: 1
2025-11-18 17:22:44,916 - INFO - MainThread - server_logic - [DEBUG] found replica for vector: 2
2025-11-18 17:22:44,916 - INFO - MainThread - server_logic - [DEBUG] found replica for vector: 3
2025-11-18 17:22:44,916 - INFO - MainThread - server_logic - [DEBUG] found replica for vector: 4
2025-11-18 17:22:44,916 - INFO - MainThread - server_logic - [DEBUG] found replica for vector: 1
2025-11-18 17:22:44,916 - INFO - MainThread - server_logic - [DEBUG] found replica for vector: 2
2025-11-18 17:22:44,916 - INFO - MainThread - server_logic - [DEBUG] found replica for vector: 3
2025-11-18 17:22:44,916 - INFO - MainThread - server_logic - [DEBUG] to me replica for vector: 3
2025-11-18 17:22:44,916 - INFO - MainThread - server_logic - [DEBUG] found replica for vector: 1
2025-11-18 17:22:44,916 - INFO - MainThread - server_logic - [DEBUG] found replica for vector: 2
2025-11-18 17:22:44,916 - INFO - MainThread - server_logic - [DEBUG] found replica for vector: 3
2025-11-18 17:22:44,916 - INFO - MainThread - server_logic - [DEBUG] found replica for vector: 4
2025-11-18 17:22:44,916 - INFO - MainThread - server_logic - [DEBUG] found replica for vector: 1
2025-11-18 17:22:44,916 - INFO - MainThread - server_logic - [DEBUG] found replica for vector: 2
2025-11-18 17:22:44,916 - INFO - MainThread - server_logic - [DEBUG] found replica for vector: 3
2025-11-18 17:22:44,916 - INFO - MainThread - server_logic - [DEBUG] found replica for vector: 4
2025-11-18 17:22:44,916 - INFO - MainThread - server_logic - [DEBUG] found replica for vector: 1
2025-11-18 17:22:44,916 - INFO - MainThread - server_logic - [DEBUG] found replica for vector: 2
2025-11-18 17:22:44,916 - INFO - MainThread - server_logic - [DEBUG] found replica for vector: 3
2025-11-18 17:22:44,916 - INFO - MainThread - server_logic - [DEBUG] to me replica for vector: 3
2025-11-18 17:22:44,916 - INFO - MainThread - server_logic - [DEBUG] found replica for vector: 1
2025-11-18 17:22:44,916 - INFO - MainThread - server_logic - [DEBUG] found replica for vector: 2
2025-11-18 17:22:44,916 - INFO - MainThread - server_logic - [DEBUG] found replica for vector: 3
2025-11-18 17:22:44,916 - INFO - MainThread - server_logic - [DEBUG] found replica for vector: 4
2025-11-18 17:22:44,916 - INFO - MainThread - server_logic - [DEBUG] found replica for vector: 1
2025-11-18 17:22:44,916 - INFO - MainThread - server_logic - [DEBUG] found replica for vector: 2
2025-11-18 17:22:44,916 - INFO - MainThread - server_logic - [DEBUG] found replica for vector: 3
2025-11-18 17:22:44,916 - INFO - MainThread - server_logic - [DEBUG] found replica for vector: 4
2025-11-18 17:22:44,916 - INFO - MainThread - server_logic - [DEBUG] found replica for vector: 1
2025-11-18 17:22:44,916 - INFO - MainThread - server_logic - [DEBUG] found replica for vector: 2
2025-11-18 17:22:44,916 - INFO - MainThread - server_logic - [DEBUG] found replica for vector: 3
2025-11-18 17:22:44,916 - INFO - MainThread - server_logic - [DEBUG] found replica for vector: 4
2025-11-18 17:22:44,916 - INFO - MainThread - server_logic - [DEBUG] found replica for vector: 1
2025-11-18 17:22:44,916 - INFO - MainThread - server_logic - [DEBUG] found replica for vector: 2
2025-11-18 17:22:44,916 - INFO - MainThread - server_logic - [DEBUG] found replica for vector: 3
2025-11-18 17:22:44,916 - INFO - MainThread - server_logic - [DEBUG] found replica for vector: 4
2025-11-18 17:22:44,916 - INFO - MainThread - server_logic - [DEBUG] found replica for vector: 1
2025-11-18 17:22:44,917 - INFO - MainThread - server_logic - [DEBUG] found replica for vector: 2
2025-11-18 17:22:44,917 - INFO - MainThread - server_logic - [DEBUG] found replica for vector: 3
2025-11-18 17:22:44,917 - INFO - MainThread - server_logic - [DEBUG] found replica for vector: 4
2025-11-18 17:22:44,917 - INFO - MainThread - server_logic - [DEBUG] found replica for vector: 1
2025-11-18 17:22:44,917 - INFO - MainThread - server_logic - [DEBUG] found replica for vector: 2
2025-11-18 17:22:44,917 - INFO - MainThread - server_logic - [DEBUG] found replica for vector: 3
2025-11-18 17:22:44,917 - INFO - MainThread - server_logic - [DEBUG] found replica for vector: 4
2025-11-18 17:22:44,917 - INFO - MainThread - server_logic - [DEBUG] found replica for vector: 1
2025-11-18 17:22:44,917 - INFO - MainThread - server_logic - [DEBUG] found replica for vector: 2
2025-11-18 17:22:44,917 - INFO - MainThread - server_logic - [DEBUG] found replica for vector: 3
2025-11-18 17:22:44,917 - INFO - MainThread - server_logic - [DEBUG] found replica for vector: 4
2025-11-18 17:22:44,917 - INFO - MainThread - server_logic - [DEBUG] found replica for vector: 1
2025-11-18 17:22:44,917 - INFO - MainThread - server_logic - [DEBUG] found replica for vector: 2
2025-11-18 17:22:44,917 - INFO - MainThread - server_logic - [DEBUG] found replica for vector: 3
2025-11-18 17:22:44,917 - INFO - MainThread - server_logic - [DEBUG] found replica for vector: 4
2025-11-18 17:22:44,917 - INFO - MainThread - server_logic - [DEBUG] found replica for vector: 1
2025-11-18 17:22:44,917 - INFO - MainThread - server_logic - [DEBUG] found replica for vector: 2
2025-11-18 17:22:44,917 - INFO - MainThread - server_logic - [DEBUG] found replica for vector: 3
2025-11-18 17:22:44,917 - INFO - MainThread - server_logic - [DEBUG] found replica for vector: 4
2025-11-18 17:22:44,917 - INFO - MainThread - server_logic - [DEBUG] found replica for vector: 1
2025-11-18 17:22:44,917 - INFO - MainThread - server_logic - [DEBUG] found replica for vector: 2
2025-11-18 17:22:44,917 - INFO - MainThread - server_logic - [DEBUG] found replica for vector: 3
2025-11-18 17:22:44,917 - INFO - MainThread - server_logic - [DEBUG] found replica for vector: 4
2025-11-18 17:22:44,917 - INFO - MainThread - server_logic - [DEBUG] found replica for vector: 1
2025-11-18 17:22:44,917 - INFO - MainThread - server_logic - [DEBUG] found replica for vector: 2
2025-11-18 17:22:44,917 - INFO - MainThread - server_logic - [DEBUG] found replica for vector: 3
2025-11-18 17:22:44,917 - INFO - MainThread - server_logic - [DEBUG] found replica for vector: 4
2025-11-18 17:22:44,917 - INFO - MainThread - server_logic - [DEBUG] found replica for vector: 1
2025-11-18 17:22:44,917 - INFO - MainThread - server_logic - [DEBUG] found replica for vector: 2
2025-11-18 17:22:44,917 - INFO - MainThread - server_logic - [DEBUG] found replica for vector: 3
2025-11-18 17:22:44,917 - INFO - MainThread - server_logic - [DEBUG] to me replica for vector: 3
2025-11-18 17:22:44,917 - INFO - MainThread - server_logic - [DEBUG] found replica for vector: 1
2025-11-18 17:22:44,917 - INFO - MainThread - server_logic - [DEBUG] found replica for vector: 2
2025-11-18 17:22:44,917 - INFO - MainThread - server_logic - [DEBUG] found replica for vector: 3
2025-11-18 17:22:44,917 - INFO - MainThread - server_logic - [DEBUG] found replica for vector: 4
2025-11-18 17:22:44,917 - INFO - MainThread - server_logic - [DEBUG] found replica for vector: 1
2025-11-18 17:22:44,917 - INFO - MainThread - server_logic - [DEBUG] found replica for vector: 2
2025-11-18 17:22:44,917 - INFO - MainThread - server_logic - [DEBUG] found replica for vector: 3
2025-11-18 17:22:44,917 - INFO - MainThread - server_logic - [DEBUG] found replica for vector: 4
2025-11-18 17:22:44,917 - INFO - MainThread - server_logic - [DEBUG] found replica for vector: 1
2025-11-18 17:22:44,917 - INFO - MainThread - server_logic - [DEBUG] found replica for vector: 2
2025-11-18 17:22:44,917 - INFO - MainThread - server_logic - [DEBUG] found replica for vector: 3
2025-11-18 17:22:44,917 - INFO - MainThread - server_logic - [DEBUG] found replica for vector: 4
2025-11-18 17:22:44,917 - INFO - MainThread - server_logic - [DEBUG] found replica for vector: 1
2025-11-18 17:22:44,917 - INFO - MainThread - server_logic - [DEBUG] found replica for vector: 2
2025-11-18 17:22:44,917 - INFO - MainThread - server_logic - [DEBUG] found replica for vector: 3
2025-11-18 17:22:44,917 - INFO - MainThread - server_logic - [DEBUG] found replica for vector: 4
2025-11-18 17:22:44,917 - INFO - MainThread - server_logic - [DEBUG] found replica for vector: 1
2025-11-18 17:22:44,917 - INFO - MainThread - server_logic - [DEBUG] found replica for vector: 2
2025-11-18 17:22:44,917 - INFO - MainThread - server_logic - [DEBUG] found replica for vector: 3
2025-11-18 17:22:44,917 - INFO - MainThread - server_logic - [DEBUG] found replica for vector: 4
2025-11-18 17:22:44,917 - INFO - MainThread - server_logic - [DEBUG] found replica for vector: 1
2025-11-18 17:22:44,917 - INFO - MainThread - server_logic - [DEBUG] found replica for vector: 2
2025-11-18 17:22:44,917 - INFO - MainThread - server_logic - [DEBUG] found replica for vector: 3
2025-11-18 17:22:44,917 - INFO - MainThread - server_logic - [DEBUG] found replica for vector: 4
2025-11-18 17:22:44,917 - INFO - MainThread - server_logic - [DEBUG] found replica for vector: 1
2025-11-18 17:22:44,917 - INFO - MainThread - server_logic - [DEBUG] found replica for vector: 2
2025-11-18 17:22:44,917 - INFO - MainThread - server_logic - [DEBUG] found replica for vector: 3
2025-11-18 17:22:44,918 - INFO - MainThread - server_logic - [DEBUG] to me replica for vector: 3
2025-11-18 17:22:44,918 - INFO - MainThread - server_logic - [DEBUG] found replica for vector: 1
2025-11-18 17:22:44,918 - INFO - MainThread - server_logic - [DEBUG] found replica for vector: 2
2025-11-18 17:22:44,918 - INFO - MainThread - server_logic - [DEBUG] found replica for vector: 3
2025-11-18 17:22:44,918 - INFO - MainThread - server_logic - [DEBUG] found replica for vector: 4
2025-11-18 17:22:44,918 - INFO - MainThread - server_logic - [DEBUG] found replica for vector: 1
2025-11-18 17:22:44,918 - INFO - MainThread - server_logic - [DEBUG] found replica for vector: 2
2025-11-18 17:22:44,918 - INFO - MainThread - server_logic - [DEBUG] found replica for vector: 3
2025-11-18 17:22:44,918 - INFO - MainThread - server_logic - [DEBUG] found replica for vector: 4
2025-11-18 17:22:44,918 - INFO - MainThread - server_logic - [DEBUG] found replica for vector: 1
2025-11-18 17:22:44,918 - INFO - MainThread - server_logic - [DEBUG] found replica for vector: 2
2025-11-18 17:22:44,918 - INFO - MainThread - server_logic - [DEBUG] found replica for vector: 3
2025-11-18 17:22:44,918 - INFO - MainThread - server_logic - [DEBUG] to me replica for vector: 3
2025-11-18 17:22:44,918 - INFO - MainThread - server_logic - [DEBUG] found replica for vector: 1
2025-11-18 17:22:44,918 - INFO - MainThread - server_logic - [DEBUG] found replica for vector: 2
2025-11-18 17:22:44,918 - INFO - MainThread - server_logic - [DEBUG] found replica for vector: 3
2025-11-18 17:22:44,918 - INFO - MainThread - server_logic - [DEBUG] found replica for vector: 4
2025-11-18 17:22:44,918 - INFO - MainThread - server_logic - [DEBUG] found replica for vector: 1
2025-11-18 17:22:44,918 - INFO - MainThread - server_logic - [DEBUG] found replica for vector: 2
2025-11-18 17:22:44,918 - INFO - MainThread - server_logic - [DEBUG] found replica for vector: 3
2025-11-18 17:22:44,918 - INFO - MainThread - server_logic - [DEBUG] found replica for vector: 4
2025-11-18 17:22:44,918 - INFO - MainThread - server_logic - [DEBUG] found replica for vector: 1
2025-11-18 17:22:44,918 - INFO - MainThread - server_logic - [DEBUG] found replica for vector: 2
2025-11-18 17:22:44,918 - INFO - MainThread - server_logic - [DEBUG] found replica for vector: 3
2025-11-18 17:22:44,918 - INFO - MainThread - server_logic - [DEBUG] found replica for vector: 4
2025-11-18 17:22:44,918 - INFO - MainThread - server_logic - [DEBUG] found replica for vector: 1
2025-11-18 17:22:44,918 - INFO - MainThread - server_logic - [DEBUG] found replica for vector: 2
2025-11-18 17:22:44,918 - INFO - MainThread - server_logic - [DEBUG] found replica for vector: 3
2025-11-18 17:22:44,918 - INFO - MainThread - server_logic - [DEBUG] found replica for vector: 4
2025-11-18 17:22:44,918 - INFO - MainThread - server_logic - [DEBUG] found replica for vector: 1
2025-11-18 17:22:44,918 - INFO - MainThread - server_logic - [DEBUG] found replica for vector: 2
2025-11-18 17:22:44,918 - INFO - MainThread - server_logic - [DEBUG] found replica for vector: 3
2025-11-18 17:22:44,918 - INFO - MainThread - server_logic - [DEBUG] found replica for vector: 4
2025-11-18 17:22:44,918 - INFO - MainThread - server_logic - [DEBUG] found replica for vector: 1
2025-11-18 17:22:44,918 - INFO - MainThread - server_logic - [DEBUG] found replica for vector: 2
2025-11-18 17:22:44,918 - INFO - MainThread - server_logic - [DEBUG] found replica for vector: 3
2025-11-18 17:22:44,918 - INFO - MainThread - server_logic - [DEBUG] found replica for vector: 4
2025-11-18 17:22:44,918 - INFO - MainThread - server_logic - [DEBUG] found replica for vector: 1
2025-11-18 17:22:44,918 - INFO - MainThread - server_logic - [DEBUG] found replica for vector: 2
2025-11-18 17:22:44,918 - INFO - MainThread - server_logic - [DEBUG] found replica for vector: 3
2025-11-18 17:22:44,918 - INFO - MainThread - server_logic - [DEBUG] to me replica for vector: 3
2025-11-18 17:22:44,918 - INFO - MainThread - server_logic - [DEBUG] found replica for vector: 1
2025-11-18 17:22:44,918 - INFO - MainThread - server_logic - [DEBUG] found replica for vector: 2
2025-11-18 17:22:44,918 - INFO - MainThread - server_logic - [DEBUG] found replica for vector: 3
2025-11-18 17:22:44,918 - INFO - MainThread - server_logic - [DEBUG] found replica for vector: 4
2025-11-18 17:22:44,918 - INFO - MainThread - server_logic - [DEBUG] found replica for vector: 1
2025-11-18 17:22:44,918 - INFO - MainThread - server_logic - [DEBUG] found replica for vector: 2
2025-11-18 17:22:44,918 - INFO - MainThread - server_logic - [DEBUG] found replica for vector: 3
2025-11-18 17:22:44,918 - INFO - MainThread - server_logic - [DEBUG] found replica for vector: 4
2025-11-18 17:22:44,918 - INFO - MainThread - server_logic - [DEBUG] found replica for vector: 1
2025-11-18 17:22:44,918 - INFO - MainThread - server_logic - [DEBUG] found replica for vector: 2
2025-11-18 17:22:44,918 - INFO - MainThread - server_logic - [DEBUG] found replica for vector: 3
2025-11-18 17:22:44,918 - INFO - MainThread - server_logic - [DEBUG] found replica for vector: 4
2025-11-18 17:22:44,918 - INFO - MainThread - server_logic - [DEBUG] found replica for vector: 1
2025-11-18 17:22:44,918 - INFO - MainThread - server_logic - [DEBUG] found replica for vector: 2
2025-11-18 17:22:44,918 - INFO - MainThread - server_logic - [DEBUG] found replica for vector: 3
2025-11-18 17:22:44,918 - INFO - MainThread - server_logic - [DEBUG] found replica for vector: 4
2025-11-18 17:22:44,918 - INFO - MainThread - server_logic - [DEBUG] found replica for vector: 1
2025-11-18 17:22:44,919 - INFO - MainThread - server_logic - [DEBUG] found replica for vector: 2
2025-11-18 17:22:44,919 - INFO - MainThread - server_logic - [DEBUG] found replica for vector: 3
2025-11-18 17:22:44,919 - INFO - MainThread - server_logic - [DEBUG] found replica for vector: 4
2025-11-18 17:22:44,919 - INFO - MainThread - server_logic - [DEBUG] found replica for vector: 1
2025-11-18 17:22:44,919 - INFO - MainThread - server_logic - [DEBUG] found replica for vector: 2
2025-11-18 17:22:44,919 - INFO - MainThread - server_logic - [DEBUG] found replica for vector: 3
2025-11-18 17:22:44,919 - INFO - MainThread - server_logic - [DEBUG] found replica for vector: 4
2025-11-18 17:22:44,919 - INFO - MainThread - server_logic - [DEBUG] found replica for vector: 1
2025-11-18 17:22:44,919 - INFO - MainThread - server_logic - [DEBUG] found replica for vector: 2
2025-11-18 17:22:44,919 - INFO - MainThread - server_logic - [DEBUG] found replica for vector: 3
2025-11-18 17:22:44,919 - INFO - MainThread - server_logic - [DEBUG] found replica for vector: 4
2025-11-18 17:22:44,919 - INFO - MainThread - server_logic - [DEBUG] found replica for vector: 1
2025-11-18 17:22:44,919 - INFO - MainThread - server_logic - [DEBUG] found replica for vector: 2
2025-11-18 17:22:44,919 - INFO - MainThread - server_logic - [DEBUG] found replica for vector: 3
2025-11-18 17:22:44,919 - INFO - MainThread - server_logic - [DEBUG] found replica for vector: 4
2025-11-18 17:22:44,919 - INFO - MainThread - server_logic - [DEBUG] found replica for vector: 1
2025-11-18 17:22:44,919 - INFO - MainThread - server_logic - [DEBUG] found replica for vector: 2
2025-11-18 17:22:44,919 - INFO - MainThread - server_logic - [DEBUG] found replica for vector: 3
2025-11-18 17:22:44,919 - INFO - MainThread - server_logic - [DEBUG] found replica for vector: 4
2025-11-18 17:22:44,919 - INFO - MainThread - server_logic - [DEBUG] found replica for vector: 1
2025-11-18 17:22:44,919 - INFO - MainThread - server_logic - [DEBUG] found replica for vector: 2
2025-11-18 17:22:44,919 - INFO - MainThread - server_logic - [DEBUG] found replica for vector: 3
2025-11-18 17:22:44,919 - INFO - MainThread - server_logic - [DEBUG] to me replica for vector: 3
2025-11-18 17:22:44,919 - INFO - MainThread - server_logic - [DEBUG] found replica for vector: 1
2025-11-18 17:22:44,919 - INFO - MainThread - server_logic - [DEBUG] found replica for vector: 2
2025-11-18 17:22:44,919 - INFO - MainThread - server_logic - [DEBUG] found replica for vector: 3
2025-11-18 17:22:44,919 - INFO - MainThread - server_logic - [DEBUG] found replica for vector: 4
2025-11-18 17:22:44,919 - INFO - MainThread - server_logic - [DEBUG] found replica for vector: 1
2025-11-18 17:22:44,919 - INFO - MainThread - server_logic - [DEBUG] found replica for vector: 2
2025-11-18 17:22:44,919 - INFO - MainThread - server_logic - [DEBUG] found replica for vector: 3
2025-11-18 17:22:44,919 - INFO - MainThread - server_logic - [DEBUG] to me replica for vector: 3
2025-11-18 17:22:44,919 - INFO - MainThread - server_logic - [DEBUG] found replica for vector: 1
2025-11-18 17:22:44,919 - INFO - MainThread - server_logic - [DEBUG] found replica for vector: 2
2025-11-18 17:22:44,919 - INFO - MainThread - server_logic - [DEBUG] found replica for vector: 3
2025-11-18 17:22:44,919 - INFO - MainThread - server_logic - [DEBUG] found replica for vector: 4
2025-11-18 17:22:44,919 - INFO - MainThread - server_logic - [DEBUG] found replica for vector: 1
2025-11-18 17:22:44,919 - INFO - MainThread - server_logic - [DEBUG] found replica for vector: 2
2025-11-18 17:22:44,919 - INFO - MainThread - server_logic - [DEBUG] found replica for vector: 3
2025-11-18 17:22:44,919 - INFO - MainThread - server_logic - [DEBUG] found replica for vector: 4
2025-11-18 17:22:44,919 - INFO - MainThread - server_logic - [DEBUG] found replica for vector: 1
2025-11-18 17:22:44,919 - INFO - MainThread - server_logic - [DEBUG] found replica for vector: 2
2025-11-18 17:22:44,919 - INFO - MainThread - server_logic - [DEBUG] found replica for vector: 3
2025-11-18 17:22:44,919 - INFO - MainThread - server_logic - [DEBUG] to me replica for vector: 3
2025-11-18 17:22:44,919 - INFO - MainThread - server_logic - [DEBUG] found replica for vector: 1
2025-11-18 17:22:44,919 - INFO - MainThread - server_logic - [DEBUG] found replica for vector: 2
2025-11-18 17:22:44,919 - INFO - MainThread - server_logic - [DEBUG] found replica for vector: 3
2025-11-18 17:22:44,919 - INFO - MainThread - server_logic - [DEBUG] found replica for vector: 4
2025-11-18 17:22:44,919 - INFO - MainThread - server_logic - [DEBUG] found replica for vector: 1
2025-11-18 17:22:44,919 - INFO - MainThread - server_logic - [DEBUG] found replica for vector: 2
2025-11-18 17:22:44,919 - INFO - MainThread - server_logic - [DEBUG] found replica for vector: 3
2025-11-18 17:22:44,919 - INFO - MainThread - server_logic - [DEBUG] to me replica for vector: 3
2025-11-18 17:22:44,919 - INFO - MainThread - server_logic - [DEBUG] found replica for vector: 1
2025-11-18 17:22:44,919 - INFO - MainThread - server_logic - [DEBUG] found replica for vector: 2
2025-11-18 17:22:44,919 - INFO - MainThread - server_logic - [DEBUG] found replica for vector: 3
2025-11-18 17:22:44,919 - INFO - MainThread - server_logic - [DEBUG] found replica for vector: 4
2025-11-18 17:22:44,919 - INFO - MainThread - server_logic - [DEBUG] found replica for vector: 1
2025-11-18 17:22:44,919 - INFO - MainThread - server_logic - [DEBUG] found replica for vector: 2
2025-11-18 17:22:44,919 - INFO - MainThread - server_logic - [DEBUG] found replica for vector: 3
2025-11-18 17:22:44,919 - INFO - MainThread - server_logic - [DEBUG] found replica for vector: 4
2025-11-18 17:22:44,920 - INFO - MainThread - server_logic - [DEBUG] found replica for vector: 1
2025-11-18 17:22:44,920 - INFO - MainThread - server_logic - [DEBUG] found replica for vector: 2
2025-11-18 17:22:44,920 - INFO - MainThread - server_logic - [DEBUG] found replica for vector: 3
2025-11-18 17:22:44,920 - INFO - MainThread - server_logic - [DEBUG] to me replica for vector: 3
2025-11-18 17:22:44,920 - INFO - MainThread - server_logic - [DEBUG] found replica for vector: 1
2025-11-18 17:22:44,920 - INFO - MainThread - server_logic - [DEBUG] found replica for vector: 2
2025-11-18 17:22:44,920 - INFO - MainThread - server_logic - [DEBUG] found replica for vector: 3
2025-11-18 17:22:44,920 - INFO - MainThread - server_logic - [DEBUG] found replica for vector: 4
2025-11-18 17:22:44,920 - INFO - MainThread - server_logic - [DEBUG] found replica for vector: 1
2025-11-18 17:22:44,920 - INFO - MainThread - server_logic - [DEBUG] found replica for vector: 2
2025-11-18 17:22:44,920 - INFO - MainThread - server_logic - [DEBUG] found replica for vector: 3
2025-11-18 17:22:44,920 - INFO - MainThread - server_logic - [DEBUG] found replica for vector: 4
2025-11-18 17:22:44,920 - INFO - MainThread - server_logic - [DEBUG] found replica for vector: 1
2025-11-18 17:22:44,920 - INFO - MainThread - server_logic - [DEBUG] found replica for vector: 2
2025-11-18 17:22:44,920 - INFO - MainThread - server_logic - [DEBUG] found replica for vector: 3
2025-11-18 17:22:44,920 - INFO - MainThread - server_logic - [DEBUG] to me replica for vector: 3
2025-11-18 17:22:44,920 - INFO - MainThread - server_logic - [DEBUG] found replica for vector: 1
2025-11-18 17:22:44,920 - INFO - MainThread - server_logic - [DEBUG] found replica for vector: 2
2025-11-18 17:22:44,920 - INFO - MainThread - server_logic - [DEBUG] found replica for vector: 3
2025-11-18 17:22:44,920 - INFO - MainThread - server_logic - [DEBUG] found replica for vector: 4
2025-11-18 17:22:44,920 - INFO - MainThread - server_logic - [DEBUG] found replica for vector: 1
2025-11-18 17:22:44,920 - INFO - MainThread - server_logic - [DEBUG] found replica for vector: 2
2025-11-18 17:22:44,920 - INFO - MainThread - server_logic - [DEBUG] found replica for vector: 3
2025-11-18 17:22:44,920 - INFO - MainThread - server_logic - [DEBUG] to me replica for vector: 3
2025-11-18 17:22:44,920 - INFO - MainThread - server_logic - [DEBUG] found replica for vector: 1
2025-11-18 17:22:44,920 - INFO - MainThread - server_logic - [DEBUG] found replica for vector: 2
2025-11-18 17:22:44,920 - INFO - MainThread - server_logic - [DEBUG] found replica for vector: 3
2025-11-18 17:22:44,920 - INFO - MainThread - server_logic - [DEBUG] found replica for vector: 4
2025-11-18 17:22:44,920 - INFO - MainThread - server_logic - [DEBUG] found replica for vector: 1
2025-11-18 17:22:44,920 - INFO - MainThread - server_logic - [DEBUG] found replica for vector: 2
2025-11-18 17:22:44,920 - INFO - MainThread - server_logic - [DEBUG] found replica for vector: 3
2025-11-18 17:22:44,920 - INFO - MainThread - server_logic - [DEBUG] found replica for vector: 4
2025-11-18 17:22:44,920 - INFO - MainThread - server_logic - [DEBUG] found replica for vector: 1
2025-11-18 17:22:44,920 - INFO - MainThread - server_logic - [DEBUG] found replica for vector: 2
2025-11-18 17:22:44,920 - INFO - MainThread - server_logic - [DEBUG] found replica for vector: 3
2025-11-18 17:22:44,920 - INFO - MainThread - server_logic - [DEBUG] found replica for vector: 4
2025-11-18 17:22:44,920 - INFO - MainThread - server_logic - [DEBUG] found replica for vector: 1
2025-11-18 17:22:44,920 - INFO - MainThread - server_logic - [DEBUG] found replica for vector: 2
2025-11-18 17:22:44,920 - INFO - MainThread - server_logic - [DEBUG] found replica for vector: 3
2025-11-18 17:22:44,920 - INFO - MainThread - server_logic - [DEBUG] found replica for vector: 4
2025-11-18 17:22:44,920 - INFO - MainThread - server_logic - [DEBUG] found replica for vector: 1
2025-11-18 17:22:44,920 - INFO - MainThread - server_logic - [DEBUG] found replica for vector: 2
2025-11-18 17:22:44,920 - INFO - MainThread - server_logic - [DEBUG] found replica for vector: 3
2025-11-18 17:22:44,920 - INFO - MainThread - server_logic - [DEBUG] found replica for vector: 4
2025-11-18 17:22:44,920 - INFO - MainThread - server_logic - [DEBUG] found replica for vector: 1
2025-11-18 17:22:44,920 - INFO - MainThread - server_logic - [DEBUG] found replica for vector: 2
2025-11-18 17:22:44,920 - INFO - MainThread - server_logic - [DEBUG] found replica for vector: 3
2025-11-18 17:22:44,920 - INFO - MainThread - server_logic - [DEBUG] to me replica for vector: 3
2025-11-18 17:22:44,920 - INFO - MainThread - server_logic - [DEBUG] found replica for vector: 1
2025-11-18 17:22:44,920 - INFO - MainThread - server_logic - [DEBUG] found replica for vector: 2
2025-11-18 17:22:44,920 - INFO - MainThread - server_logic - [DEBUG] found replica for vector: 3
2025-11-18 17:22:44,920 - INFO - MainThread - server_logic - [DEBUG] found replica for vector: 4
2025-11-18 17:22:44,920 - INFO - MainThread - server_logic - [DEBUG] found replica for vector: 1
2025-11-18 17:22:44,920 - INFO - MainThread - server_logic - [DEBUG] found replica for vector: 2
2025-11-18 17:22:44,920 - INFO - MainThread - server_logic - [DEBUG] found replica for vector: 3
2025-11-18 17:22:44,920 - INFO - MainThread - server_logic - [DEBUG] found replica for vector: 4
2025-11-18 17:22:44,920 - INFO - MainThread - server_logic - [DEBUG] found replica for vector: 1
2025-11-18 17:22:44,920 - INFO - MainThread - server_logic - [DEBUG] found replica for vector: 2
2025-11-18 17:22:44,921 - INFO - MainThread - server_logic - [DEBUG] found replica for vector: 3
2025-11-18 17:22:44,921 - INFO - MainThread - server_logic - [DEBUG] found replica for vector: 4
2025-11-18 17:22:44,921 - INFO - MainThread - server_logic - [DEBUG] found replica for vector: 1
2025-11-18 17:22:44,921 - INFO - MainThread - server_logic - [DEBUG] found replica for vector: 2
2025-11-18 17:22:44,921 - INFO - MainThread - server_logic - [DEBUG] found replica for vector: 3
2025-11-18 17:22:44,921 - INFO - MainThread - server_logic - [DEBUG] found replica for vector: 4
2025-11-18 17:22:44,921 - INFO - MainThread - server_logic - [DEBUG] found replica for vector: 1
2025-11-18 17:22:44,921 - INFO - MainThread - server_logic - [DEBUG] found replica for vector: 2
2025-11-18 17:22:44,921 - INFO - MainThread - server_logic - [DEBUG] found replica for vector: 3
2025-11-18 17:22:44,921 - INFO - MainThread - server_logic - [DEBUG] found replica for vector: 4
2025-11-18 17:22:44,921 - INFO - MainThread - server_logic - [DEBUG] found replica for vector: 1
2025-11-18 17:22:44,921 - INFO - MainThread - server_logic - [DEBUG] found replica for vector: 2
2025-11-18 17:22:44,921 - INFO - MainThread - server_logic - [DEBUG] found replica for vector: 3
2025-11-18 17:22:44,921 - INFO - MainThread - server_logic - [DEBUG] to me replica for vector: 3
2025-11-18 17:22:44,921 - INFO - MainThread - server_logic - [DEBUG] found replica for vector: 1
2025-11-18 17:22:44,921 - INFO - MainThread - server_logic - [DEBUG] found replica for vector: 2
2025-11-18 17:22:44,921 - INFO - MainThread - server_logic - [DEBUG] found replica for vector: 3
2025-11-18 17:22:44,921 - INFO - MainThread - server_logic - [DEBUG] to me replica for vector: 3
2025-11-18 17:22:44,921 - INFO - MainThread - server_logic - [DEBUG] found replica for vector: 1
2025-11-18 17:22:44,921 - INFO - MainThread - server_logic - [DEBUG] found replica for vector: 2
2025-11-18 17:22:44,921 - INFO - MainThread - server_logic - [DEBUG] found replica for vector: 3
2025-11-18 17:22:44,921 - INFO - MainThread - server_logic - [DEBUG] found replica for vector: 4
2025-11-18 17:22:44,921 - INFO - MainThread - server_logic - [DEBUG] found replica for vector: 1
2025-11-18 17:22:44,921 - INFO - MainThread - server_logic - [DEBUG] found replica for vector: 2
2025-11-18 17:22:44,921 - INFO - MainThread - server_logic - [DEBUG] found replica for vector: 3
2025-11-18 17:22:44,921 - INFO - MainThread - server_logic - [DEBUG] found replica for vector: 4
2025-11-18 17:22:44,921 - INFO - MainThread - server_logic - [DEBUG] found replica for vector: 1
2025-11-18 17:22:44,921 - INFO - MainThread - server_logic - [DEBUG] found replica for vector: 2
2025-11-18 17:22:44,921 - INFO - MainThread - server_logic - [DEBUG] found replica for vector: 3
2025-11-18 17:22:44,921 - INFO - MainThread - server_logic - [DEBUG] found replica for vector: 4
2025-11-18 17:22:44,921 - INFO - MainThread - server_logic - [DEBUG] found replica for vector: 1
2025-11-18 17:22:44,921 - INFO - MainThread - server_logic - [DEBUG] found replica for vector: 2
2025-11-18 17:22:44,921 - INFO - MainThread - server_logic - [DEBUG] found replica for vector: 3
2025-11-18 17:22:44,921 - INFO - MainThread - server_logic - [DEBUG] found replica for vector: 4
2025-11-18 17:22:44,921 - INFO - MainThread - server_logic - [DEBUG] found replica for vector: 1
2025-11-18 17:22:44,921 - INFO - MainThread - server_logic - [DEBUG] found replica for vector: 2
2025-11-18 17:22:44,921 - INFO - MainThread - server_logic - [DEBUG] found replica for vector: 3
2025-11-18 17:22:44,921 - INFO - MainThread - server_logic - [DEBUG] to me replica for vector: 3
2025-11-18 17:22:44,921 - INFO - MainThread - server_logic - [DEBUG] found replica for vector: 1
2025-11-18 17:22:44,921 - INFO - MainThread - server_logic - [DEBUG] found replica for vector: 2
2025-11-18 17:22:44,921 - INFO - MainThread - server_logic - [DEBUG] found replica for vector: 3
2025-11-18 17:22:44,921 - INFO - MainThread - server_logic - [DEBUG] found replica for vector: 4
2025-11-18 17:22:44,921 - INFO - MainThread - server_logic - [DEBUG] found replica for vector: 1
2025-11-18 17:22:44,921 - INFO - MainThread - server_logic - [DEBUG] found replica for vector: 2
2025-11-18 17:22:44,921 - INFO - MainThread - server_logic - [DEBUG] found replica for vector: 3
2025-11-18 17:22:44,921 - INFO - MainThread - server_logic - [DEBUG] found replica for vector: 4
2025-11-18 17:22:44,921 - INFO - MainThread - server_logic - [DEBUG] found replica for vector: 1
2025-11-18 17:22:44,921 - INFO - MainThread - server_logic - [DEBUG] found replica for vector: 2
2025-11-18 17:22:44,921 - INFO - MainThread - server_logic - [DEBUG] found replica for vector: 3
2025-11-18 17:22:44,921 - INFO - MainThread - server_logic - [DEBUG] found replica for vector: 4
2025-11-18 17:22:44,921 - INFO - MainThread - server_logic - [DEBUG] found replica for vector: 1
2025-11-18 17:22:44,921 - INFO - MainThread - server_logic - [DEBUG] found replica for vector: 2
2025-11-18 17:22:44,921 - INFO - MainThread - server_logic - [DEBUG] found replica for vector: 3
2025-11-18 17:22:44,921 - INFO - MainThread - server_logic - [DEBUG] found replica for vector: 4
2025-11-18 17:22:44,921 - INFO - MainThread - server_logic - [DEBUG] found replica for vector: 1
2025-11-18 17:22:44,921 - INFO - MainThread - server_logic - [DEBUG] found replica for vector: 2
2025-11-18 17:22:44,921 - INFO - MainThread - server_logic - [DEBUG] found replica for vector: 3
2025-11-18 17:22:44,921 - INFO - MainThread - server_logic - [DEBUG] found replica for vector: 4
2025-11-18 17:22:44,922 - INFO - MainThread - server_logic - [DEBUG] found replica for vector: 1
2025-11-18 17:22:44,922 - INFO - MainThread - server_logic - [DEBUG] found replica for vector: 2
2025-11-18 17:22:44,922 - INFO - MainThread - server_logic - [DEBUG] found replica for vector: 3
2025-11-18 17:22:44,922 - INFO - MainThread - server_logic - [DEBUG] found replica for vector: 4
2025-11-18 17:22:44,922 - INFO - MainThread - server_logic - [DEBUG] found replica for vector: 1
2025-11-18 17:22:44,922 - INFO - MainThread - server_logic - [DEBUG] found replica for vector: 2
2025-11-18 17:22:44,922 - INFO - MainThread - server_logic - [DEBUG] found replica for vector: 3
2025-11-18 17:22:44,922 - INFO - MainThread - server_logic - [DEBUG] to me replica for vector: 3
2025-11-18 17:22:44,922 - INFO - MainThread - server_logic - [DEBUG] found replica for vector: 1
2025-11-18 17:22:44,922 - INFO - MainThread - server_logic - [DEBUG] found replica for vector: 2
2025-11-18 17:22:44,922 - INFO - MainThread - server_logic - [DEBUG] found replica for vector: 3
2025-11-18 17:22:44,922 - INFO - MainThread - server_logic - [DEBUG] found replica for vector: 4
2025-11-18 17:22:44,922 - INFO - MainThread - server_logic - [DEBUG] found replica for vector: 1
2025-11-18 17:22:44,922 - INFO - MainThread - server_logic - [DEBUG] found replica for vector: 2
2025-11-18 17:22:44,922 - INFO - MainThread - server_logic - [DEBUG] found replica for vector: 3
2025-11-18 17:22:44,922 - INFO - MainThread - server_logic - [DEBUG] found replica for vector: 4
2025-11-18 17:22:44,922 - INFO - MainThread - server_logic - [DEBUG] found replica for vector: 1
2025-11-18 17:22:44,922 - INFO - MainThread - server_logic - [DEBUG] found replica for vector: 2
2025-11-18 17:22:44,922 - INFO - MainThread - server_logic - [DEBUG] found replica for vector: 3
2025-11-18 17:22:44,922 - INFO - MainThread - server_logic - [DEBUG] found replica for vector: 4
2025-11-18 17:22:44,922 - INFO - MainThread - server_logic - [DEBUG] found replica for vector: 1
2025-11-18 17:22:44,922 - INFO - MainThread - server_logic - [DEBUG] found replica for vector: 2
2025-11-18 17:22:44,922 - INFO - MainThread - server_logic - [DEBUG] found replica for vector: 3
2025-11-18 17:22:44,922 - INFO - MainThread - server_logic - [DEBUG] found replica for vector: 4
2025-11-18 17:22:44,922 - INFO - MainThread - server_logic - [DEBUG] found replica for vector: 1
2025-11-18 17:22:44,922 - INFO - MainThread - server_logic - [DEBUG] found replica for vector: 2
2025-11-18 17:22:44,922 - INFO - MainThread - server_logic - [DEBUG] found replica for vector: 3
2025-11-18 17:22:44,922 - INFO - MainThread - server_logic - [DEBUG] found replica for vector: 4
2025-11-18 17:22:44,922 - INFO - MainThread - server_logic - [DEBUG] found replica for vector: 1
2025-11-18 17:22:44,922 - INFO - MainThread - server_logic - [DEBUG] found replica for vector: 2
2025-11-18 17:22:44,922 - INFO - MainThread - server_logic - [DEBUG] found replica for vector: 3
2025-11-18 17:22:44,922 - INFO - MainThread - server_logic - [DEBUG] found replica for vector: 4
2025-11-18 17:22:44,922 - INFO - MainThread - server_logic - [DEBUG] found replica for vector: 1
2025-11-18 17:22:44,922 - INFO - MainThread - server_logic - [DEBUG] found replica for vector: 2
2025-11-18 17:22:44,922 - INFO - MainThread - server_logic - [DEBUG] found replica for vector: 3
2025-11-18 17:22:44,922 - INFO - MainThread - server_logic - [DEBUG] found replica for vector: 4
2025-11-18 17:22:44,922 - INFO - MainThread - server_logic - [DEBUG] found replica for vector: 1
2025-11-18 17:22:44,922 - INFO - MainThread - server_logic - [DEBUG] found replica for vector: 2
2025-11-18 17:22:44,922 - INFO - MainThread - server_logic - [DEBUG] found replica for vector: 3
2025-11-18 17:22:44,922 - INFO - MainThread - server_logic - [DEBUG] found replica for vector: 4
2025-11-18 17:22:44,922 - INFO - MainThread - server_logic - [DEBUG] found replica for vector: 1
2025-11-18 17:22:44,922 - INFO - MainThread - server_logic - [DEBUG] found replica for vector: 2
2025-11-18 17:22:44,922 - INFO - MainThread - server_logic - [DEBUG] found replica for vector: 3
2025-11-18 17:22:44,922 - INFO - MainThread - server_logic - [DEBUG] found replica for vector: 4
2025-11-18 17:22:44,922 - INFO - MainThread - server_logic - [DEBUG] found replica for vector: 1
2025-11-18 17:22:44,922 - INFO - MainThread - server_logic - [DEBUG] found replica for vector: 2
2025-11-18 17:22:44,922 - INFO - MainThread - server_logic - [DEBUG] found replica for vector: 3
2025-11-18 17:22:44,922 - INFO - MainThread - server_logic - [DEBUG] to me replica for vector: 3
2025-11-18 17:22:44,922 - INFO - MainThread - server_logic - [DEBUG] found replica for vector: 1
2025-11-18 17:22:44,922 - INFO - MainThread - server_logic - [DEBUG] found replica for vector: 2
2025-11-18 17:22:44,922 - INFO - MainThread - server_logic - [DEBUG] found replica for vector: 3
2025-11-18 17:22:44,922 - INFO - MainThread - server_logic - [DEBUG] found replica for vector: 4
2025-11-18 17:22:44,922 - INFO - MainThread - server_logic - [DEBUG] found replica for vector: 1
2025-11-18 17:22:44,922 - INFO - MainThread - server_logic - [DEBUG] found replica for vector: 2
2025-11-18 17:22:44,922 - INFO - MainThread - server_logic - [DEBUG] found replica for vector: 3
2025-11-18 17:22:44,922 - INFO - MainThread - server_logic - [DEBUG] found replica for vector: 4
2025-11-18 17:22:44,922 - INFO - MainThread - server_logic - [DEBUG] found replica for vector: 1
2025-11-18 17:22:44,922 - INFO - MainThread - server_logic - [DEBUG] found replica for vector: 2
2025-11-18 17:22:44,922 - INFO - MainThread - server_logic - [DEBUG] found replica for vector: 3
2025-11-18 17:22:44,922 - INFO - MainThread - server_logic - [DEBUG] found replica for vector: 4
2025-11-18 17:22:44,923 - INFO - MainThread - server_logic - [DEBUG] found replica for vector: 1
2025-11-18 17:22:44,923 - INFO - MainThread - server_logic - [DEBUG] found replica for vector: 2
2025-11-18 17:22:44,923 - INFO - MainThread - server_logic - [DEBUG] found replica for vector: 3
2025-11-18 17:22:44,923 - INFO - MainThread - server_logic - [DEBUG] found replica for vector: 4
2025-11-18 17:22:44,923 - INFO - MainThread - server_logic - [DEBUG] found replica for vector: 1
2025-11-18 17:22:44,923 - INFO - MainThread - server_logic - [DEBUG] found replica for vector: 2
2025-11-18 17:22:44,923 - INFO - MainThread - server_logic - [DEBUG] found replica for vector: 3
2025-11-18 17:22:44,923 - INFO - MainThread - server_logic - [DEBUG] found replica for vector: 4
2025-11-18 17:22:44,923 - INFO - MainThread - server_logic - [DEBUG] found replica for vector: 1
2025-11-18 17:22:44,923 - INFO - MainThread - server_logic - [DEBUG] found replica for vector: 2
2025-11-18 17:22:44,923 - INFO - MainThread - server_logic - [DEBUG] found replica for vector: 3
2025-11-18 17:22:44,923 - INFO - MainThread - server_logic - [DEBUG] found replica for vector: 4
2025-11-18 17:22:44,923 - INFO - MainThread - server_logic - [DEBUG] found replica for vector: 1
2025-11-18 17:22:44,923 - INFO - MainThread - server_logic - [DEBUG] found replica for vector: 2
2025-11-18 17:22:44,923 - INFO - MainThread - server_logic - [DEBUG] found replica for vector: 3
2025-11-18 17:22:44,923 - INFO - MainThread - server_logic - [DEBUG] found replica for vector: 4
2025-11-18 17:22:44,923 - INFO - MainThread - server_logic - [DEBUG] found replica for vector: 1
2025-11-18 17:22:44,923 - INFO - MainThread - server_logic - [DEBUG] found replica for vector: 2
2025-11-18 17:22:44,923 - INFO - MainThread - server_logic - [DEBUG] found replica for vector: 3
2025-11-18 17:22:44,923 - INFO - MainThread - server_logic - [DEBUG] found replica for vector: 4
2025-11-18 17:22:44,923 - INFO - MainThread - server_logic - [DEBUG] found replica for vector: 1
2025-11-18 17:22:44,923 - INFO - MainThread - server_logic - [DEBUG] found replica for vector: 2
2025-11-18 17:22:44,923 - INFO - MainThread - server_logic - [DEBUG] found replica for vector: 3
2025-11-18 17:22:44,923 - INFO - MainThread - server_logic - [DEBUG] found replica for vector: 4
2025-11-18 17:22:44,923 - INFO - MainThread - server_logic - [DEBUG] found replica for vector: 1
2025-11-18 17:22:44,923 - INFO - MainThread - server_logic - [DEBUG] found replica for vector: 2
2025-11-18 17:22:44,923 - INFO - MainThread - server_logic - [DEBUG] found replica for vector: 3
2025-11-18 17:22:44,923 - INFO - MainThread - server_logic - [DEBUG] found replica for vector: 4
2025-11-18 17:22:44,923 - INFO - MainThread - server_logic - [DEBUG] found replica for vector: 1
2025-11-18 17:22:44,923 - INFO - MainThread - server_logic - [DEBUG] found replica for vector: 2
2025-11-18 17:22:44,923 - INFO - MainThread - server_logic - [DEBUG] found replica for vector: 3
2025-11-18 17:22:44,923 - INFO - MainThread - server_logic - [DEBUG] found replica for vector: 4
2025-11-18 17:22:44,923 - INFO - MainThread - server_logic - [DEBUG] found replica for vector: 1
2025-11-18 17:22:44,923 - INFO - MainThread - server_logic - [DEBUG] found replica for vector: 2
2025-11-18 17:22:44,923 - INFO - MainThread - server_logic - [DEBUG] found replica for vector: 3
2025-11-18 17:22:44,923 - INFO - MainThread - server_logic - [DEBUG] to me replica for vector: 3
2025-11-18 17:22:44,923 - INFO - MainThread - server_logic - [DEBUG] found replica for vector: 1
2025-11-18 17:22:44,923 - INFO - MainThread - server_logic - [DEBUG] found replica for vector: 2
2025-11-18 17:22:44,923 - INFO - MainThread - server_logic - [DEBUG] found replica for vector: 3
2025-11-18 17:22:44,923 - INFO - MainThread - server_logic - [DEBUG] found replica for vector: 4
2025-11-18 17:22:44,923 - INFO - MainThread - server_logic - [DEBUG] found replica for vector: 1
2025-11-18 17:22:44,923 - INFO - MainThread - server_logic - [DEBUG] found replica for vector: 2
2025-11-18 17:22:44,923 - INFO - MainThread - server_logic - [DEBUG] found replica for vector: 3
2025-11-18 17:22:44,923 - INFO - MainThread - server_logic - [DEBUG] found replica for vector: 4
2025-11-18 17:22:44,923 - INFO - MainThread - server_logic - [DEBUG] found replica for vector: 1
2025-11-18 17:22:44,923 - INFO - MainThread - server_logic - [DEBUG] found replica for vector: 2
2025-11-18 17:22:44,923 - INFO - MainThread - server_logic - [DEBUG] found replica for vector: 3
2025-11-18 17:22:44,923 - INFO - MainThread - server_logic - [DEBUG] to me replica for vector: 3
2025-11-18 17:22:44,923 - INFO - MainThread - server_logic - [DEBUG] found replica for vector: 1
2025-11-18 17:22:44,923 - INFO - MainThread - server_logic - [DEBUG] found replica for vector: 2
2025-11-18 17:22:44,923 - INFO - MainThread - server_logic - [DEBUG] found replica for vector: 3
2025-11-18 17:22:44,923 - INFO - MainThread - server_logic - [DEBUG] to me replica for vector: 3
2025-11-18 17:22:44,923 - INFO - MainThread - server_logic - [DEBUG] found replica for vector: 1
2025-11-18 17:22:44,923 - INFO - MainThread - server_logic - [DEBUG] found replica for vector: 2
2025-11-18 17:22:44,923 - INFO - MainThread - server_logic - [DEBUG] found replica for vector: 3
2025-11-18 17:22:44,923 - INFO - MainThread - server_logic - [DEBUG] found replica for vector: 4
2025-11-18 17:22:44,923 - INFO - MainThread - server_logic - [DEBUG] found replica for vector: 1
2025-11-18 17:22:44,923 - INFO - MainThread - server_logic - [DEBUG] found replica for vector: 2
2025-11-18 17:22:44,924 - INFO - MainThread - server_logic - [DEBUG] found replica for vector: 3
2025-11-18 17:22:44,924 - INFO - MainThread - server_logic - [DEBUG] found replica for vector: 4
2025-11-18 17:22:44,924 - INFO - MainThread - server_logic - [DEBUG] found replica for vector: 1
2025-11-18 17:22:44,924 - INFO - MainThread - server_logic - [DEBUG] found replica for vector: 2
2025-11-18 17:22:44,924 - INFO - MainThread - server_logic - [DEBUG] found replica for vector: 3
2025-11-18 17:22:44,924 - INFO - MainThread - server_logic - [DEBUG] found replica for vector: 4
2025-11-18 17:22:44,924 - INFO - MainThread - server_logic - [DEBUG] found replica for vector: 1
2025-11-18 17:22:44,924 - INFO - MainThread - server_logic - [DEBUG] found replica for vector: 2
2025-11-18 17:22:44,924 - INFO - MainThread - server_logic - [DEBUG] found replica for vector: 3
2025-11-18 17:22:44,924 - INFO - MainThread - server_logic - [DEBUG] found replica for vector: 4
2025-11-18 17:22:44,924 - INFO - MainThread - server_logic - [DEBUG] found replica for vector: 1
2025-11-18 17:22:44,924 - INFO - MainThread - server_logic - [DEBUG] found replica for vector: 2
2025-11-18 17:22:44,924 - INFO - MainThread - server_logic - [DEBUG] found replica for vector: 3
2025-11-18 17:22:44,924 - INFO - MainThread - server_logic - [DEBUG] found replica for vector: 4
2025-11-18 17:22:44,924 - INFO - MainThread - server_logic - [DEBUG] found replica for vector: 1
2025-11-18 17:22:44,924 - INFO - MainThread - server_logic - [DEBUG] found replica for vector: 2
2025-11-18 17:22:44,924 - INFO - MainThread - server_logic - [DEBUG] found replica for vector: 3
2025-11-18 17:22:44,924 - INFO - MainThread - server_logic - [DEBUG] to me replica for vector: 3
2025-11-18 17:22:44,924 - INFO - MainThread - server_logic - [DEBUG] found replica for vector: 1
2025-11-18 17:22:44,924 - INFO - MainThread - server_logic - [DEBUG] found replica for vector: 2
2025-11-18 17:22:44,924 - INFO - MainThread - server_logic - [DEBUG] found replica for vector: 3
2025-11-18 17:22:44,924 - INFO - MainThread - server_logic - [DEBUG] found replica for vector: 4
2025-11-18 17:22:44,924 - INFO - MainThread - server_logic - [DEBUG] found replica for vector: 1
2025-11-18 17:22:44,924 - INFO - MainThread - server_logic - [DEBUG] found replica for vector: 2
2025-11-18 17:22:44,924 - INFO - MainThread - server_logic - [DEBUG] found replica for vector: 3
2025-11-18 17:22:44,924 - INFO - MainThread - server_logic - [DEBUG] to me replica for vector: 3
2025-11-18 17:22:44,924 - INFO - MainThread - server_logic - [DEBUG] found replica for vector: 1
2025-11-18 17:22:44,924 - INFO - MainThread - server_logic - [DEBUG] found replica for vector: 2
2025-11-18 17:22:44,924 - INFO - MainThread - server_logic - [DEBUG] found replica for vector: 3
2025-11-18 17:22:44,924 - INFO - MainThread - server_logic - [DEBUG] found replica for vector: 4
2025-11-18 17:22:44,924 - INFO - MainThread - server_logic - [DEBUG] found replica for vector: 1
2025-11-18 17:22:44,924 - INFO - MainThread - server_logic - [DEBUG] found replica for vector: 2
2025-11-18 17:22:44,924 - INFO - MainThread - server_logic - [DEBUG] found replica for vector: 3
2025-11-18 17:22:44,924 - INFO - MainThread - server_logic - [DEBUG] found replica for vector: 4
2025-11-18 17:22:44,924 - INFO - MainThread - server_logic - [DEBUG] found replica for vector: 1
2025-11-18 17:22:44,924 - INFO - MainThread - server_logic - [DEBUG] found replica for vector: 2
2025-11-18 17:22:44,924 - INFO - MainThread - server_logic - [DEBUG] found replica for vector: 3
2025-11-18 17:22:44,924 - INFO - MainThread - server_logic - [DEBUG] found replica for vector: 4
2025-11-18 17:22:44,924 - INFO - MainThread - server_logic - [DEBUG] found replica for vector: 1
2025-11-18 17:22:44,924 - INFO - MainThread - server_logic - [DEBUG] found replica for vector: 2
2025-11-18 17:22:44,924 - INFO - MainThread - server_logic - [DEBUG] found replica for vector: 3
2025-11-18 17:22:44,924 - INFO - MainThread - server_logic - [DEBUG] found replica for vector: 4
2025-11-18 17:22:44,924 - INFO - MainThread - server_logic - [DEBUG] found replica for vector: 1
2025-11-18 17:22:44,924 - INFO - MainThread - server_logic - [DEBUG] found replica for vector: 2
2025-11-18 17:22:44,924 - INFO - MainThread - server_logic - [DEBUG] found replica for vector: 3
2025-11-18 17:22:44,924 - INFO - MainThread - server_logic - [DEBUG] found replica for vector: 4
2025-11-18 17:22:44,924 - INFO - MainThread - server_logic - [DEBUG] found replica for vector: 1
2025-11-18 17:22:44,924 - INFO - MainThread - server_logic - [DEBUG] found replica for vector: 2
2025-11-18 17:22:44,924 - INFO - MainThread - server_logic - [DEBUG] found replica for vector: 3
2025-11-18 17:22:44,924 - INFO - MainThread - server_logic - [DEBUG] to me replica for vector: 3
2025-11-18 17:22:44,924 - INFO - MainThread - server_logic - [DEBUG] found replica for vector: 1
2025-11-18 17:22:44,924 - INFO - MainThread - server_logic - [DEBUG] found replica for vector: 2
2025-11-18 17:22:44,924 - INFO - MainThread - server_logic - [DEBUG] found replica for vector: 3
2025-11-18 17:22:44,924 - INFO - MainThread - server_logic - [DEBUG] found replica for vector: 4
2025-11-18 17:22:44,924 - INFO - MainThread - server_logic - [DEBUG] found replica for vector: 1
2025-11-18 17:22:44,924 - INFO - MainThread - server_logic - [DEBUG] found replica for vector: 2
2025-11-18 17:22:44,924 - INFO - MainThread - server_logic - [DEBUG] found replica for vector: 3
2025-11-18 17:22:44,924 - INFO - MainThread - server_logic - [DEBUG] found replica for vector: 4
2025-11-18 17:22:44,925 - INFO - MainThread - server_logic - [DEBUG] found replica for vector: 1
2025-11-18 17:22:44,925 - INFO - MainThread - server_logic - [DEBUG] found replica for vector: 2
2025-11-18 17:22:44,925 - INFO - MainThread - server_logic - [DEBUG] found replica for vector: 3
2025-11-18 17:22:44,925 - INFO - MainThread - server_logic - [DEBUG] found replica for vector: 4
2025-11-18 17:22:44,925 - INFO - MainThread - server_logic - [DEBUG] found replica for vector: 1
2025-11-18 17:22:44,925 - INFO - MainThread - server_logic - [DEBUG] found replica for vector: 2
2025-11-18 17:22:44,925 - INFO - MainThread - server_logic - [DEBUG] found replica for vector: 3
2025-11-18 17:22:44,925 - INFO - MainThread - server_logic - [DEBUG] found replica for vector: 4
2025-11-18 17:22:44,925 - INFO - MainThread - server_logic - [DEBUG] found replica for vector: 1
2025-11-18 17:22:44,925 - INFO - MainThread - server_logic - [DEBUG] found replica for vector: 2
2025-11-18 17:22:44,925 - INFO - MainThread - server_logic - [DEBUG] found replica for vector: 3
2025-11-18 17:22:44,925 - INFO - MainThread - server_logic - [DEBUG] found replica for vector: 4
2025-11-18 17:22:44,925 - INFO - MainThread - server_logic - [DEBUG] found replica for vector: 1
2025-11-18 17:22:44,925 - INFO - MainThread - server_logic - [DEBUG] found replica for vector: 2
2025-11-18 17:22:44,925 - INFO - MainThread - server_logic - [DEBUG] found replica for vector: 3
2025-11-18 17:22:44,925 - INFO - MainThread - server_logic - [DEBUG] found replica for vector: 4
2025-11-18 17:22:44,925 - INFO - MainThread - server_logic - [DEBUG] found replica for vector: 1
2025-11-18 17:22:44,925 - INFO - MainThread - server_logic - [DEBUG] found replica for vector: 2
2025-11-18 17:22:44,925 - INFO - MainThread - server_logic - [DEBUG] found replica for vector: 3
2025-11-18 17:22:44,925 - INFO - MainThread - server_logic - [DEBUG] found replica for vector: 4
2025-11-18 17:22:44,925 - INFO - MainThread - server_logic - [DEBUG] found replica for vector: 1
2025-11-18 17:22:44,925 - INFO - MainThread - server_logic - [DEBUG] found replica for vector: 2
2025-11-18 17:22:44,925 - INFO - MainThread - server_logic - [DEBUG] found replica for vector: 3
2025-11-18 17:22:44,925 - INFO - MainThread - server_logic - [DEBUG] found replica for vector: 4
2025-11-18 17:22:44,925 - INFO - MainThread - server_logic - [DEBUG] found replica for vector: 1
2025-11-18 17:22:44,925 - INFO - MainThread - server_logic - [DEBUG] found replica for vector: 2
2025-11-18 17:22:44,925 - INFO - MainThread - server_logic - [DEBUG] found replica for vector: 3
2025-11-18 17:22:44,925 - INFO - MainThread - server_logic - [DEBUG] found replica for vector: 4
2025-11-18 17:22:44,925 - INFO - MainThread - server_logic - [DEBUG] found replica for vector: 1
2025-11-18 17:22:44,925 - INFO - MainThread - server_logic - [DEBUG] found replica for vector: 2
2025-11-18 17:22:44,925 - INFO - MainThread - server_logic - [DEBUG] found replica for vector: 3
2025-11-18 17:22:44,925 - INFO - MainThread - server_logic - [DEBUG] found replica for vector: 4
2025-11-18 17:22:44,925 - INFO - MainThread - server_logic - [DEBUG] found replica for vector: 1
2025-11-18 17:22:44,925 - INFO - MainThread - server_logic - [DEBUG] found replica for vector: 2
2025-11-18 17:22:44,925 - INFO - MainThread - server_logic - [DEBUG] found replica for vector: 3
2025-11-18 17:22:44,925 - INFO - MainThread - server_logic - [DEBUG] found replica for vector: 4
2025-11-18 17:22:44,925 - INFO - MainThread - server_logic - [DEBUG] found replica for vector: 1
2025-11-18 17:22:44,925 - INFO - MainThread - server_logic - [DEBUG] found replica for vector: 2
2025-11-18 17:22:44,925 - INFO - MainThread - server_logic - [DEBUG] found replica for vector: 3
2025-11-18 17:22:44,925 - INFO - MainThread - server_logic - [DEBUG] to me replica for vector: 3
2025-11-18 17:22:44,925 - INFO - MainThread - server_logic - [DEBUG] found replica for vector: 1
2025-11-18 17:22:44,925 - INFO - MainThread - server_logic - [DEBUG] found replica for vector: 2
2025-11-18 17:22:44,925 - INFO - MainThread - server_logic - [DEBUG] found replica for vector: 3
2025-11-18 17:22:44,925 - INFO - MainThread - server_logic - [DEBUG] to me replica for vector: 3
2025-11-18 17:22:44,925 - INFO - MainThread - server_logic - [DEBUG] found replica for vector: 1
2025-11-18 17:22:44,925 - INFO - MainThread - server_logic - [DEBUG] found replica for vector: 2
2025-11-18 17:22:44,925 - INFO - MainThread - server_logic - [DEBUG] found replica for vector: 3
2025-11-18 17:22:44,925 - INFO - MainThread - server_logic - [DEBUG] found replica for vector: 4
2025-11-18 17:22:44,925 - INFO - MainThread - server_logic - [DEBUG] found replica for vector: 1
2025-11-18 17:22:44,925 - INFO - MainThread - server_logic - [DEBUG] found replica for vector: 2
2025-11-18 17:22:44,925 - INFO - MainThread - server_logic - [DEBUG] found replica for vector: 3
2025-11-18 17:22:44,925 - INFO - MainThread - server_logic - [DEBUG] found replica for vector: 4
2025-11-18 17:22:44,925 - INFO - MainThread - server_logic - [DEBUG] found replica for vector: 1
2025-11-18 17:22:44,925 - INFO - MainThread - server_logic - [DEBUG] found replica for vector: 2
2025-11-18 17:22:44,925 - INFO - MainThread - server_logic - [DEBUG] found replica for vector: 3
2025-11-18 17:22:44,925 - INFO - MainThread - server_logic - [DEBUG] to me replica for vector: 3
2025-11-18 17:22:44,925 - INFO - MainThread - server_logic - [DEBUG] found replica for vector: 1
2025-11-18 17:22:44,925 - INFO - MainThread - server_logic - [DEBUG] found replica for vector: 2
2025-11-18 17:22:44,925 - INFO - MainThread - server_logic - [DEBUG] found replica for vector: 3
2025-11-18 17:22:44,926 - INFO - MainThread - server_logic - [DEBUG] found replica for vector: 4
2025-11-18 17:22:44,926 - INFO - MainThread - server_logic - [DEBUG] found replica for vector: 1
2025-11-18 17:22:44,926 - INFO - MainThread - server_logic - [DEBUG] found replica for vector: 2
2025-11-18 17:22:44,926 - INFO - MainThread - server_logic - [DEBUG] found replica for vector: 3
2025-11-18 17:22:44,926 - INFO - MainThread - server_logic - [DEBUG] found replica for vector: 4
2025-11-18 17:22:44,926 - INFO - MainThread - server_logic - [Router] Distribution: Peer node1: 71, Peer node2: 55, Peer node3: 55, Peer node4: 55, Peer node5: 55, Peer node6: 47, Peer node7: 47, Peer node8: 47, Peer node10: 83, Peer node11: 83, Peer node12: 83, Peer node13: 83, Peer node14: 71, Peer node15: 71, Peer node16: 71, Me (node9): 47
2025-11-18 17:22:44,926 - INFO - MainThread - server_logic - --> [Peer Send] Sending 71 vectors to Peer node1 (localhost:9001) | Status: clustered
2025-11-18 17:22:44,999 - INFO - MainThread - server_logic - --> [Peer Send] Success: Sent vectors to node1
2025-11-18 17:22:44,999 - INFO - MainThread - server_logic - --> [Peer Send] Sending 55 vectors to Peer node2 (localhost:9002) | Status: clustered
2025-11-18 17:22:45,068 - INFO - MainThread - server_logic - --> [Peer Send] Success: Sent vectors to node2
2025-11-18 17:22:45,069 - INFO - MainThread - server_logic - --> [Peer Send] Sending 55 vectors to Peer node3 (localhost:9003) | Status: clustered
2025-11-18 17:22:45,139 - INFO - MainThread - server_logic - --> [Peer Send] Success: Sent vectors to node3
2025-11-18 17:22:45,139 - INFO - MainThread - server_logic - --> [Peer Send] Sending 55 vectors to Peer node4 (localhost:9004) | Status: clustered
2025-11-18 17:22:45,208 - INFO - MainThread - server_logic - --> [Peer Send] Success: Sent vectors to node4
2025-11-18 17:22:45,208 - INFO - MainThread - server_logic - --> [Peer Send] Sending 55 vectors to Peer node5 (localhost:9005) | Status: clustered
2025-11-18 17:22:45,272 - INFO - MainThread - server_logic - --> [Peer Send] Success: Sent vectors to node5
2025-11-18 17:22:45,272 - INFO - MainThread - server_logic - --> [Peer Send] Sending 47 vectors to Peer node6 (localhost:9006) | Status: clustered
2025-11-18 17:22:45,341 - INFO - MainThread - server_logic - --> [Peer Send] Success: Sent vectors to node6
2025-11-18 17:22:45,342 - INFO - MainThread - server_logic - --> [Peer Send] Sending 47 vectors to Peer node7 (localhost:9007) | Status: clustered
2025-11-18 17:22:45,407 - INFO - MainThread - server_logic - --> [Peer Send] Success: Sent vectors to node7
2025-11-18 17:22:45,407 - INFO - MainThread - server_logic - --> [Peer Send] Sending 47 vectors to Peer node8 (localhost:9008) | Status: clustered
2025-11-18 17:22:45,474 - INFO - MainThread - server_logic - --> [Peer Send] Success: Sent vectors to node8
2025-11-18 17:22:45,475 - INFO - MainThread - server_logic - --> [Peer Send] Sending 83 vectors to Peer node10 (localhost:9010) | Status: clustered
2025-11-18 17:22:45,546 - INFO - MainThread - server_logic - --> [Peer Send] Success: Sent vectors to node10
2025-11-18 17:22:45,546 - INFO - MainThread - server_logic - --> [Peer Send] Sending 83 vectors to Peer node11 (localhost:9011) | Status: clustered
2025-11-18 17:22:45,614 - INFO - MainThread - server_logic - --> [Peer Send] Success: Sent vectors to node11
2025-11-18 17:22:45,615 - INFO - MainThread - server_logic - --> [Peer Send] Sending 83 vectors to Peer node12 (localhost:9012) | Status: clustered
2025-11-18 17:22:45,685 - INFO - MainThread - server_logic - --> [Peer Send] Success: Sent vectors to node12
2025-11-18 17:22:45,685 - INFO - MainThread - server_logic - --> [Peer Send] Sending 83 vectors to Peer node13 (localhost:9013) | Status: clustered
2025-11-18 17:22:45,757 - INFO - MainThread - server_logic - --> [Peer Send] Success: Sent vectors to node13
2025-11-18 17:22:45,757 - INFO - MainThread - server_logic - --> [Peer Send] Sending 71 vectors to Peer node14 (localhost:9014) | Status: clustered
2025-11-18 17:22:45,826 - INFO - MainThread - server_logic - --> [Peer Send] Success: Sent vectors to node14
2025-11-18 17:22:45,826 - INFO - MainThread - server_logic - --> [Peer Send] Sending 71 vectors to Peer node15 (localhost:9015) | Status: clustered
2025-11-18 17:22:45,897 - INFO - MainThread - server_logic - --> [Peer Send] Success: Sent vectors to node15
2025-11-18 17:22:45,897 - INFO - MainThread - server_logic - --> [Peer Send] Sending 71 vectors to Peer node16 (localhost:9016) | Status: clustered
2025-11-18 17:22:45,968 - INFO - MainThread - server_logic - --> [Peer Send] Success: Sent vectors to node16
2025-11-18 17:22:45,968 - INFO - MainThread - server_logic - [Add Vectors] Processing 47 vectors. Sender Status: clustered. Current Node Status: clustered
2025-11-18 17:22:45,968 - INFO - MainThread - server_logic - [Add Vectors] Direct Insert: Storing 47 vectors in local Qdrant (Sender is clustered).
2025-11-18 17:22:46,022 - INFO - MainThread - httpx - HTTP Request: GET http://localhost:6349 "HTTP/1.1 200 OK"
2025-11-18 17:22:46,022 - INFO - MainThread - qdrant_module - [Qdrant] Attempting to insert 47 vectors into vectors on http://localhost:6349...
2025-11-18 17:22:46,032 - INFO - MainThread - qdrant_module - [Qdrant] Success: Inserted 47 vectors.
2025-11-18 17:22:46,034 - INFO - MainThread - __main__ - API: /add completed
2025-11-18 17:22:46,034 - INFO - MainThread - uvicorn.access - 127.0.0.1:50198 - "POST /add HTTP/1.1" 200
2025-11-18 17:22:46,682 - INFO - ThreadPoolExecutor-0_1 - grpc_handler - [GRPC IN] ReceiveVectors called. ReqID: 58, Type: clustered, Count: 38
2025-11-18 17:22:46,682 - INFO - ThreadPoolExecutor-0_1 - server_logic - [Add Vectors] Processing 38 vectors. Sender Status: clustered. Current Node Status: clustered
2025-11-18 17:22:46,682 - INFO - ThreadPoolExecutor-0_1 - server_logic - [Add Vectors] Direct Insert: Storing 38 vectors in local Qdrant (Sender is clustered).
2025-11-18 17:22:46,735 - INFO - ThreadPoolExecutor-0_1 - httpx - HTTP Request: GET http://localhost:6349 "HTTP/1.1 200 OK"
2025-11-18 17:22:46,735 - INFO - ThreadPoolExecutor-0_1 - qdrant_module - [Qdrant] Attempting to insert 38 vectors into vectors on http://localhost:6349...
2025-11-18 17:22:46,745 - INFO - ThreadPoolExecutor-0_1 - qdrant_module - [Qdrant] Success: Inserted 38 vectors.
2025-11-18 17:22:46,746 - INFO - ThreadPoolExecutor-0_1 - grpc_handler - [GRPC IN] ReceiveVectors processed successfully.
2025-11-18 17:22:47,916 - INFO - ThreadPoolExecutor-0_0 - grpc_handler - [GRPC IN] ReceiveVectors called. ReqID: 59, Type: clustered, Count: 59
2025-11-18 17:22:47,917 - INFO - ThreadPoolExecutor-0_0 - server_logic - [Add Vectors] Processing 59 vectors. Sender Status: clustered. Current Node Status: clustered
2025-11-18 17:22:47,917 - INFO - ThreadPoolExecutor-0_0 - server_logic - [Add Vectors] Direct Insert: Storing 59 vectors in local Qdrant (Sender is clustered).
2025-11-18 17:22:47,969 - INFO - ThreadPoolExecutor-0_0 - httpx - HTTP Request: GET http://localhost:6349 "HTTP/1.1 200 OK"
2025-11-18 17:22:47,969 - INFO - ThreadPoolExecutor-0_0 - qdrant_module - [Qdrant] Attempting to insert 59 vectors into vectors on http://localhost:6349...
2025-11-18 17:22:47,977 - INFO - ThreadPoolExecutor-0_0 - qdrant_module - [Qdrant] Success: Inserted 59 vectors.
2025-11-18 17:22:47,979 - INFO - ThreadPoolExecutor-0_0 - grpc_handler - [GRPC IN] ReceiveVectors processed successfully.
2025-11-18 17:22:49,142 - INFO - ThreadPoolExecutor-0_1 - grpc_handler - [GRPC IN] ReceiveVectors called. ReqID: 60, Type: clustered, Count: 43
2025-11-18 17:22:49,142 - INFO - ThreadPoolExecutor-0_1 - server_logic - [Add Vectors] Processing 43 vectors. Sender Status: clustered. Current Node Status: clustered
2025-11-18 17:22:49,142 - INFO - ThreadPoolExecutor-0_1 - server_logic - [Add Vectors] Direct Insert: Storing 43 vectors in local Qdrant (Sender is clustered).
2025-11-18 17:22:49,195 - INFO - ThreadPoolExecutor-0_1 - httpx - HTTP Request: GET http://localhost:6349 "HTTP/1.1 200 OK"
2025-11-18 17:22:49,195 - INFO - ThreadPoolExecutor-0_1 - qdrant_module - [Qdrant] Attempting to insert 43 vectors into vectors on http://localhost:6349...
2025-11-18 17:22:49,203 - INFO - ThreadPoolExecutor-0_1 - qdrant_module - [Qdrant] Success: Inserted 43 vectors.
2025-11-18 17:22:49,205 - INFO - ThreadPoolExecutor-0_1 - grpc_handler - [GRPC IN] ReceiveVectors processed successfully.
2025-11-18 17:22:50,356 - INFO - ThreadPoolExecutor-0_0 - grpc_handler - [GRPC IN] ReceiveVectors called. ReqID: 61, Type: clustered, Count: 53
2025-11-18 17:22:50,357 - INFO - ThreadPoolExecutor-0_0 - server_logic - [Add Vectors] Processing 53 vectors. Sender Status: clustered. Current Node Status: clustered
2025-11-18 17:22:50,357 - INFO - ThreadPoolExecutor-0_0 - server_logic - [Add Vectors] Direct Insert: Storing 53 vectors in local Qdrant (Sender is clustered).
2025-11-18 17:22:50,410 - INFO - ThreadPoolExecutor-0_0 - httpx - HTTP Request: GET http://localhost:6349 "HTTP/1.1 200 OK"
2025-11-18 17:22:50,410 - INFO - ThreadPoolExecutor-0_0 - qdrant_module - [Qdrant] Attempting to insert 53 vectors into vectors on http://localhost:6349...
2025-11-18 17:22:50,421 - INFO - ThreadPoolExecutor-0_0 - qdrant_module - [Qdrant] Success: Inserted 53 vectors.
2025-11-18 17:22:50,422 - INFO - ThreadPoolExecutor-0_0 - grpc_handler - [GRPC IN] ReceiveVectors processed successfully.
2025-11-18 17:22:51,551 - INFO - ThreadPoolExecutor-0_1 - grpc_handler - [GRPC IN] ReceiveVectors called. ReqID: 62, Type: clustered, Count: 61
2025-11-18 17:22:51,552 - INFO - ThreadPoolExecutor-0_1 - server_logic - [Add Vectors] Processing 61 vectors. Sender Status: clustered. Current Node Status: clustered
2025-11-18 17:22:51,552 - INFO - ThreadPoolExecutor-0_1 - server_logic - [Add Vectors] Direct Insert: Storing 61 vectors in local Qdrant (Sender is clustered).
2025-11-18 17:22:51,606 - INFO - ThreadPoolExecutor-0_1 - httpx - HTTP Request: GET http://localhost:6349 "HTTP/1.1 200 OK"
2025-11-18 17:22:51,606 - INFO - ThreadPoolExecutor-0_1 - qdrant_module - [Qdrant] Attempting to insert 61 vectors into vectors on http://localhost:6349...
2025-11-18 17:22:51,619 - INFO - ThreadPoolExecutor-0_1 - qdrant_module - [Qdrant] Success: Inserted 61 vectors.
2025-11-18 17:22:51,620 - INFO - ThreadPoolExecutor-0_1 - grpc_handler - [GRPC IN] ReceiveVectors processed successfully.
2025-11-18 17:22:52,767 - INFO - ThreadPoolExecutor-0_0 - grpc_handler - [GRPC IN] ReceiveVectors called. ReqID: 63, Type: clustered, Count: 55
2025-11-18 17:22:52,767 - INFO - ThreadPoolExecutor-0_0 - server_logic - [Add Vectors] Processing 55 vectors. Sender Status: clustered. Current Node Status: clustered
2025-11-18 17:22:52,767 - INFO - ThreadPoolExecutor-0_0 - server_logic - [Add Vectors] Direct Insert: Storing 55 vectors in local Qdrant (Sender is clustered).
2025-11-18 17:22:52,821 - INFO - ThreadPoolExecutor-0_0 - httpx - HTTP Request: GET http://localhost:6349 "HTTP/1.1 200 OK"
2025-11-18 17:22:52,821 - INFO - ThreadPoolExecutor-0_0 - qdrant_module - [Qdrant] Attempting to insert 55 vectors into vectors on http://localhost:6349...
2025-11-18 17:22:52,832 - INFO - ThreadPoolExecutor-0_0 - qdrant_module - [Qdrant] Success: Inserted 55 vectors.
2025-11-18 17:22:52,833 - INFO - ThreadPoolExecutor-0_0 - grpc_handler - [GRPC IN] ReceiveVectors processed successfully.
2025-11-18 17:22:53,975 - INFO - ThreadPoolExecutor-0_1 - grpc_handler - [GRPC IN] ReceiveVectors called. ReqID: 64, Type: clustered, Count: 49
2025-11-18 17:22:53,976 - INFO - ThreadPoolExecutor-0_1 - server_logic - [Add Vectors] Processing 49 vectors. Sender Status: clustered. Current Node Status: clustered
2025-11-18 17:22:53,976 - INFO - ThreadPoolExecutor-0_1 - server_logic - [Add Vectors] Direct Insert: Storing 49 vectors in local Qdrant (Sender is clustered).
2025-11-18 17:22:54,030 - INFO - ThreadPoolExecutor-0_1 - httpx - HTTP Request: GET http://localhost:6349 "HTTP/1.1 200 OK"
2025-11-18 17:22:54,030 - INFO - ThreadPoolExecutor-0_1 - qdrant_module - [Qdrant] Attempting to insert 49 vectors into vectors on http://localhost:6349...
2025-11-18 17:22:54,040 - INFO - ThreadPoolExecutor-0_1 - qdrant_module - [Qdrant] Success: Inserted 49 vectors.
2025-11-18 17:22:54,041 - INFO - ThreadPoolExecutor-0_1 - grpc_handler - [GRPC IN] ReceiveVectors processed successfully.
2025-11-18 17:22:55,117 - INFO - ThreadPoolExecutor-0_0 - grpc_handler - [GRPC IN] ReceiveVectors called. ReqID: 65, Type: clustered, Count: 66
2025-11-18 17:22:55,118 - INFO - ThreadPoolExecutor-0_0 - server_logic - [Add Vectors] Processing 66 vectors. Sender Status: clustered. Current Node Status: clustered
2025-11-18 17:22:55,118 - INFO - ThreadPoolExecutor-0_0 - server_logic - [Add Vectors] Direct Insert: Storing 66 vectors in local Qdrant (Sender is clustered).
2025-11-18 17:22:55,171 - INFO - ThreadPoolExecutor-0_0 - httpx - HTTP Request: GET http://localhost:6349 "HTTP/1.1 200 OK"
2025-11-18 17:22:55,171 - INFO - ThreadPoolExecutor-0_0 - qdrant_module - [Qdrant] Attempting to insert 66 vectors into vectors on http://localhost:6349...
2025-11-18 17:22:55,184 - INFO - ThreadPoolExecutor-0_0 - qdrant_module - [Qdrant] Success: Inserted 66 vectors.
2025-11-18 17:22:55,185 - INFO - ThreadPoolExecutor-0_0 - grpc_handler - [GRPC IN] ReceiveVectors processed successfully.
2025-11-18 17:22:56,332 - INFO - ThreadPoolExecutor-0_1 - grpc_handler - [GRPC IN] ReceiveVectors called. ReqID: 66, Type: clustered, Count: 42
2025-11-18 17:22:56,333 - INFO - ThreadPoolExecutor-0_1 - server_logic - [Add Vectors] Processing 42 vectors. Sender Status: clustered. Current Node Status: clustered
2025-11-18 17:22:56,333 - INFO - ThreadPoolExecutor-0_1 - server_logic - [Add Vectors] Direct Insert: Storing 42 vectors in local Qdrant (Sender is clustered).
2025-11-18 17:22:56,384 - INFO - ThreadPoolExecutor-0_1 - httpx - HTTP Request: GET http://localhost:6349 "HTTP/1.1 200 OK"
2025-11-18 17:22:56,384 - INFO - ThreadPoolExecutor-0_1 - qdrant_module - [Qdrant] Attempting to insert 42 vectors into vectors on http://localhost:6349...
2025-11-18 17:22:56,392 - INFO - ThreadPoolExecutor-0_1 - qdrant_module - [Qdrant] Success: Inserted 42 vectors.
2025-11-18 17:22:56,394 - INFO - ThreadPoolExecutor-0_1 - grpc_handler - [GRPC IN] ReceiveVectors processed successfully.
2025-11-18 17:22:57,539 - INFO - ThreadPoolExecutor-0_0 - grpc_handler - [GRPC IN] ReceiveVectors called. ReqID: 67, Type: clustered, Count: 63
2025-11-18 17:22:57,540 - INFO - ThreadPoolExecutor-0_0 - server_logic - [Add Vectors] Processing 63 vectors. Sender Status: clustered. Current Node Status: clustered
2025-11-18 17:22:57,540 - INFO - ThreadPoolExecutor-0_0 - server_logic - [Add Vectors] Direct Insert: Storing 63 vectors in local Qdrant (Sender is clustered).
2025-11-18 17:22:57,593 - INFO - ThreadPoolExecutor-0_0 - httpx - HTTP Request: GET http://localhost:6349 "HTTP/1.1 200 OK"
2025-11-18 17:22:57,593 - INFO - ThreadPoolExecutor-0_0 - qdrant_module - [Qdrant] Attempting to insert 63 vectors into vectors on http://localhost:6349...
2025-11-18 17:22:57,604 - INFO - ThreadPoolExecutor-0_0 - qdrant_module - [Qdrant] Success: Inserted 63 vectors.
2025-11-18 17:22:57,605 - INFO - ThreadPoolExecutor-0_0 - grpc_handler - [GRPC IN] ReceiveVectors processed successfully.
2025-11-18 17:22:58,738 - INFO - ThreadPoolExecutor-0_1 - grpc_handler - [GRPC IN] ReceiveVectors called. ReqID: 68, Type: clustered, Count: 60
2025-11-18 17:22:58,739 - INFO - ThreadPoolExecutor-0_1 - server_logic - [Add Vectors] Processing 60 vectors. Sender Status: clustered. Current Node Status: clustered
2025-11-18 17:22:58,739 - INFO - ThreadPoolExecutor-0_1 - server_logic - [Add Vectors] Direct Insert: Storing 60 vectors in local Qdrant (Sender is clustered).
2025-11-18 17:22:58,791 - INFO - ThreadPoolExecutor-0_1 - httpx - HTTP Request: GET http://localhost:6349 "HTTP/1.1 200 OK"
2025-11-18 17:22:58,792 - INFO - ThreadPoolExecutor-0_1 - qdrant_module - [Qdrant] Attempting to insert 60 vectors into vectors on http://localhost:6349...
2025-11-18 17:22:58,804 - INFO - ThreadPoolExecutor-0_1 - qdrant_module - [Qdrant] Success: Inserted 60 vectors.
2025-11-18 17:22:58,805 - INFO - ThreadPoolExecutor-0_1 - grpc_handler - [GRPC IN] ReceiveVectors processed successfully.
2025-11-18 17:22:59,936 - INFO - ThreadPoolExecutor-0_0 - grpc_handler - [GRPC IN] ReceiveVectors called. ReqID: 69, Type: clustered, Count: 54
2025-11-18 17:22:59,937 - INFO - ThreadPoolExecutor-0_0 - server_logic - [Add Vectors] Processing 54 vectors. Sender Status: clustered. Current Node Status: clustered
2025-11-18 17:22:59,937 - INFO - ThreadPoolExecutor-0_0 - server_logic - [Add Vectors] Direct Insert: Storing 54 vectors in local Qdrant (Sender is clustered).
2025-11-18 17:22:59,990 - INFO - ThreadPoolExecutor-0_0 - httpx - HTTP Request: GET http://localhost:6349 "HTTP/1.1 200 OK"
2025-11-18 17:22:59,990 - INFO - ThreadPoolExecutor-0_0 - qdrant_module - [Qdrant] Attempting to insert 54 vectors into vectors on http://localhost:6349...
2025-11-18 17:23:00,001 - INFO - ThreadPoolExecutor-0_0 - qdrant_module - [Qdrant] Success: Inserted 54 vectors.
2025-11-18 17:23:00,002 - INFO - ThreadPoolExecutor-0_0 - grpc_handler - [GRPC IN] ReceiveVectors processed successfully.
2025-11-18 17:23:01,150 - INFO - ThreadPoolExecutor-0_1 - grpc_handler - [GRPC IN] ReceiveVectors called. ReqID: 70, Type: clustered, Count: 58
2025-11-18 17:23:01,151 - INFO - ThreadPoolExecutor-0_1 - server_logic - [Add Vectors] Processing 58 vectors. Sender Status: clustered. Current Node Status: clustered
2025-11-18 17:23:01,151 - INFO - ThreadPoolExecutor-0_1 - server_logic - [Add Vectors] Direct Insert: Storing 58 vectors in local Qdrant (Sender is clustered).
2025-11-18 17:23:01,203 - INFO - ThreadPoolExecutor-0_1 - httpx - HTTP Request: GET http://localhost:6349 "HTTP/1.1 200 OK"
2025-11-18 17:23:01,203 - INFO - ThreadPoolExecutor-0_1 - qdrant_module - [Qdrant] Attempting to insert 58 vectors into vectors on http://localhost:6349...
2025-11-18 17:23:01,214 - INFO - ThreadPoolExecutor-0_1 - qdrant_module - [Qdrant] Success: Inserted 58 vectors.
2025-11-18 17:23:01,216 - INFO - ThreadPoolExecutor-0_1 - grpc_handler - [GRPC IN] ReceiveVectors processed successfully.
2025-11-18 17:23:02,361 - INFO - ThreadPoolExecutor-0_0 - grpc_handler - [GRPC IN] ReceiveVectors called. ReqID: 71, Type: clustered, Count: 44
2025-11-18 17:23:02,362 - INFO - ThreadPoolExecutor-0_0 - server_logic - [Add Vectors] Processing 44 vectors. Sender Status: clustered. Current Node Status: clustered
2025-11-18 17:23:02,362 - INFO - ThreadPoolExecutor-0_0 - server_logic - [Add Vectors] Direct Insert: Storing 44 vectors in local Qdrant (Sender is clustered).
2025-11-18 17:23:02,416 - INFO - ThreadPoolExecutor-0_0 - httpx - HTTP Request: GET http://localhost:6349 "HTTP/1.1 200 OK"
2025-11-18 17:23:02,417 - INFO - ThreadPoolExecutor-0_0 - qdrant_module - [Qdrant] Attempting to insert 44 vectors into vectors on http://localhost:6349...
2025-11-18 17:23:02,426 - INFO - ThreadPoolExecutor-0_0 - qdrant_module - [Qdrant] Success: Inserted 44 vectors.
2025-11-18 17:23:02,427 - INFO - ThreadPoolExecutor-0_0 - grpc_handler - [GRPC IN] ReceiveVectors processed successfully.
2025-11-18 17:23:03,568 - INFO - ThreadPoolExecutor-0_1 - grpc_handler - [GRPC IN] ReceiveVectors called. ReqID: 72, Type: clustered, Count: 52
2025-11-18 17:23:03,569 - INFO - ThreadPoolExecutor-0_1 - server_logic - [Add Vectors] Processing 52 vectors. Sender Status: clustered. Current Node Status: clustered
2025-11-18 17:23:03,569 - INFO - ThreadPoolExecutor-0_1 - server_logic - [Add Vectors] Direct Insert: Storing 52 vectors in local Qdrant (Sender is clustered).
2025-11-18 17:23:03,622 - INFO - ThreadPoolExecutor-0_1 - httpx - HTTP Request: GET http://localhost:6349 "HTTP/1.1 200 OK"
2025-11-18 17:23:03,622 - INFO - ThreadPoolExecutor-0_1 - qdrant_module - [Qdrant] Attempting to insert 52 vectors into vectors on http://localhost:6349...
2025-11-18 17:23:03,634 - INFO - ThreadPoolExecutor-0_1 - qdrant_module - [Qdrant] Success: Inserted 52 vectors.
2025-11-18 17:23:03,635 - INFO - ThreadPoolExecutor-0_1 - grpc_handler - [GRPC IN] ReceiveVectors processed successfully.
2025-11-18 17:23:04,283 - INFO - MainThread - __main__ - API: /add called. ReqID: 73, Vectors: 256
2025-11-18 17:23:04,283 - INFO - MainThread - server_logic - [Client Request] Client wants to add 256 vectors. My Status: clustered
2025-11-18 17:23:04,283 - INFO - MainThread - server_logic - [Client Request] System Clustered. Routing vectors to appropriate peers.
2025-11-18 17:23:04,283 - INFO - MainThread - server_logic - [Router] Routing 256 vectors among 16 nodes (Replicas: 4).
2025-11-18 17:23:04,283 - INFO - MainThread - server_logic - [DEBUG] found replica for vector: 1
2025-11-18 17:23:04,283 - INFO - MainThread - server_logic - [DEBUG] found replica for vector: 2
2025-11-18 17:23:04,283 - INFO - MainThread - server_logic - [DEBUG] found replica for vector: 3
2025-11-18 17:23:04,283 - INFO - MainThread - server_logic - [DEBUG] found replica for vector: 4
2025-11-18 17:23:04,283 - INFO - MainThread - server_logic - [DEBUG] found replica for vector: 1
2025-11-18 17:23:04,283 - INFO - MainThread - server_logic - [DEBUG] found replica for vector: 2
2025-11-18 17:23:04,283 - INFO - MainThread - server_logic - [DEBUG] found replica for vector: 3
2025-11-18 17:23:04,283 - INFO - MainThread - server_logic - [DEBUG] found replica for vector: 4
2025-11-18 17:23:04,283 - INFO - MainThread - server_logic - [DEBUG] found replica for vector: 1
2025-11-18 17:23:04,283 - INFO - MainThread - server_logic - [DEBUG] found replica for vector: 2
2025-11-18 17:23:04,283 - INFO - MainThread - server_logic - [DEBUG] found replica for vector: 3
2025-11-18 17:23:04,283 - INFO - MainThread - server_logic - [DEBUG] to me replica for vector: 3
2025-11-18 17:23:04,283 - INFO - MainThread - server_logic - [DEBUG] found replica for vector: 1
2025-11-18 17:23:04,283 - INFO - MainThread - server_logic - [DEBUG] found replica for vector: 2
2025-11-18 17:23:04,284 - INFO - MainThread - server_logic - [DEBUG] found replica for vector: 3
2025-11-18 17:23:04,284 - INFO - MainThread - server_logic - [DEBUG] found replica for vector: 4
2025-11-18 17:23:04,284 - INFO - MainThread - server_logic - [DEBUG] found replica for vector: 1
2025-11-18 17:23:04,284 - INFO - MainThread - server_logic - [DEBUG] found replica for vector: 2
2025-11-18 17:23:04,284 - INFO - MainThread - server_logic - [DEBUG] found replica for vector: 3
2025-11-18 17:23:04,284 - INFO - MainThread - server_logic - [DEBUG] found replica for vector: 4
2025-11-18 17:23:04,284 - INFO - MainThread - server_logic - [DEBUG] found replica for vector: 1
2025-11-18 17:23:04,284 - INFO - MainThread - server_logic - [DEBUG] found replica for vector: 2
2025-11-18 17:23:04,284 - INFO - MainThread - server_logic - [DEBUG] found replica for vector: 3
2025-11-18 17:23:04,284 - INFO - MainThread - server_logic - [DEBUG] found replica for vector: 4
2025-11-18 17:23:04,284 - INFO - MainThread - server_logic - [DEBUG] found replica for vector: 1
2025-11-18 17:23:04,284 - INFO - MainThread - server_logic - [DEBUG] found replica for vector: 2
2025-11-18 17:23:04,284 - INFO - MainThread - server_logic - [DEBUG] found replica for vector: 3
2025-11-18 17:23:04,284 - INFO - MainThread - server_logic - [DEBUG] to me replica for vector: 3
2025-11-18 17:23:04,284 - INFO - MainThread - server_logic - [DEBUG] found replica for vector: 1
2025-11-18 17:23:04,284 - INFO - MainThread - server_logic - [DEBUG] found replica for vector: 2
2025-11-18 17:23:04,284 - INFO - MainThread - server_logic - [DEBUG] found replica for vector: 3
2025-11-18 17:23:04,284 - INFO - MainThread - server_logic - [DEBUG] found replica for vector: 4
2025-11-18 17:23:04,284 - INFO - MainThread - server_logic - [DEBUG] found replica for vector: 1
2025-11-18 17:23:04,284 - INFO - MainThread - server_logic - [DEBUG] found replica for vector: 2
2025-11-18 17:23:04,284 - INFO - MainThread - server_logic - [DEBUG] found replica for vector: 3
2025-11-18 17:23:04,284 - INFO - MainThread - server_logic - [DEBUG] found replica for vector: 4
2025-11-18 17:23:04,284 - INFO - MainThread - server_logic - [DEBUG] found replica for vector: 1
2025-11-18 17:23:04,284 - INFO - MainThread - server_logic - [DEBUG] found replica for vector: 2
2025-11-18 17:23:04,284 - INFO - MainThread - server_logic - [DEBUG] found replica for vector: 3
2025-11-18 17:23:04,284 - INFO - MainThread - server_logic - [DEBUG] found replica for vector: 4
2025-11-18 17:23:04,284 - INFO - MainThread - server_logic - [DEBUG] found replica for vector: 1
2025-11-18 17:23:04,284 - INFO - MainThread - server_logic - [DEBUG] found replica for vector: 2
2025-11-18 17:23:04,284 - INFO - MainThread - server_logic - [DEBUG] found replica for vector: 3
2025-11-18 17:23:04,284 - INFO - MainThread - server_logic - [DEBUG] found replica for vector: 4
2025-11-18 17:23:04,284 - INFO - MainThread - server_logic - [DEBUG] found replica for vector: 1
2025-11-18 17:23:04,284 - INFO - MainThread - server_logic - [DEBUG] found replica for vector: 2
2025-11-18 17:23:04,284 - INFO - MainThread - server_logic - [DEBUG] found replica for vector: 3
2025-11-18 17:23:04,284 - INFO - MainThread - server_logic - [DEBUG] found replica for vector: 4
2025-11-18 17:23:04,284 - INFO - MainThread - server_logic - [DEBUG] found replica for vector: 1
2025-11-18 17:23:04,284 - INFO - MainThread - server_logic - [DEBUG] found replica for vector: 2
2025-11-18 17:23:04,284 - INFO - MainThread - server_logic - [DEBUG] found replica for vector: 3
2025-11-18 17:23:04,284 - INFO - MainThread - server_logic - [DEBUG] to me replica for vector: 3
2025-11-18 17:23:04,284 - INFO - MainThread - server_logic - [DEBUG] found replica for vector: 1
2025-11-18 17:23:04,284 - INFO - MainThread - server_logic - [DEBUG] found replica for vector: 2
2025-11-18 17:23:04,284 - INFO - MainThread - server_logic - [DEBUG] found replica for vector: 3
2025-11-18 17:23:04,284 - INFO - MainThread - server_logic - [DEBUG] found replica for vector: 4
2025-11-18 17:23:04,284 - INFO - MainThread - server_logic - [DEBUG] found replica for vector: 1
2025-11-18 17:23:04,284 - INFO - MainThread - server_logic - [DEBUG] found replica for vector: 2
2025-11-18 17:23:04,284 - INFO - MainThread - server_logic - [DEBUG] found replica for vector: 3
2025-11-18 17:23:04,284 - INFO - MainThread - server_logic - [DEBUG] found replica for vector: 4
2025-11-18 17:23:04,284 - INFO - MainThread - server_logic - [DEBUG] found replica for vector: 1
2025-11-18 17:23:04,284 - INFO - MainThread - server_logic - [DEBUG] found replica for vector: 2
2025-11-18 17:23:04,284 - INFO - MainThread - server_logic - [DEBUG] found replica for vector: 3
2025-11-18 17:23:04,284 - INFO - MainThread - server_logic - [DEBUG] found replica for vector: 4
2025-11-18 17:23:04,284 - INFO - MainThread - server_logic - [DEBUG] found replica for vector: 1
2025-11-18 17:23:04,284 - INFO - MainThread - server_logic - [DEBUG] found replica for vector: 2
2025-11-18 17:23:04,284 - INFO - MainThread - server_logic - [DEBUG] found replica for vector: 3
2025-11-18 17:23:04,284 - INFO - MainThread - server_logic - [DEBUG] to me replica for vector: 3
2025-11-18 17:23:04,285 - INFO - MainThread - server_logic - [DEBUG] found replica for vector: 1
2025-11-18 17:23:04,285 - INFO - MainThread - server_logic - [DEBUG] found replica for vector: 2
2025-11-18 17:23:04,285 - INFO - MainThread - server_logic - [DEBUG] found replica for vector: 3
2025-11-18 17:23:04,285 - INFO - MainThread - server_logic - [DEBUG] found replica for vector: 4
2025-11-18 17:23:04,285 - INFO - MainThread - server_logic - [DEBUG] found replica for vector: 1
2025-11-18 17:23:04,285 - INFO - MainThread - server_logic - [DEBUG] found replica for vector: 2
2025-11-18 17:23:04,285 - INFO - MainThread - server_logic - [DEBUG] found replica for vector: 3
2025-11-18 17:23:04,285 - INFO - MainThread - server_logic - [DEBUG] found replica for vector: 4
2025-11-18 17:23:04,285 - INFO - MainThread - server_logic - [DEBUG] found replica for vector: 1
2025-11-18 17:23:04,285 - INFO - MainThread - server_logic - [DEBUG] found replica for vector: 2
2025-11-18 17:23:04,285 - INFO - MainThread - server_logic - [DEBUG] found replica for vector: 3
2025-11-18 17:23:04,285 - INFO - MainThread - server_logic - [DEBUG] found replica for vector: 4
2025-11-18 17:23:04,285 - INFO - MainThread - server_logic - [DEBUG] found replica for vector: 1
2025-11-18 17:23:04,285 - INFO - MainThread - server_logic - [DEBUG] found replica for vector: 2
2025-11-18 17:23:04,285 - INFO - MainThread - server_logic - [DEBUG] found replica for vector: 3
2025-11-18 17:23:04,285 - INFO - MainThread - server_logic - [DEBUG] found replica for vector: 4
2025-11-18 17:23:04,285 - INFO - MainThread - server_logic - [DEBUG] found replica for vector: 1
2025-11-18 17:23:04,285 - INFO - MainThread - server_logic - [DEBUG] found replica for vector: 2
2025-11-18 17:23:04,285 - INFO - MainThread - server_logic - [DEBUG] found replica for vector: 3
2025-11-18 17:23:04,285 - INFO - MainThread - server_logic - [DEBUG] found replica for vector: 4
2025-11-18 17:23:04,285 - INFO - MainThread - server_logic - [DEBUG] found replica for vector: 1
2025-11-18 17:23:04,285 - INFO - MainThread - server_logic - [DEBUG] found replica for vector: 2
2025-11-18 17:23:04,285 - INFO - MainThread - server_logic - [DEBUG] found replica for vector: 3
2025-11-18 17:23:04,285 - INFO - MainThread - server_logic - [DEBUG] found replica for vector: 4
2025-11-18 17:23:04,285 - INFO - MainThread - server_logic - [DEBUG] found replica for vector: 1
2025-11-18 17:23:04,285 - INFO - MainThread - server_logic - [DEBUG] found replica for vector: 2
2025-11-18 17:23:04,285 - INFO - MainThread - server_logic - [DEBUG] found replica for vector: 3
2025-11-18 17:23:04,285 - INFO - MainThread - server_logic - [DEBUG] found replica for vector: 4
2025-11-18 17:23:04,285 - INFO - MainThread - server_logic - [DEBUG] found replica for vector: 1
2025-11-18 17:23:04,285 - INFO - MainThread - server_logic - [DEBUG] found replica for vector: 2
2025-11-18 17:23:04,285 - INFO - MainThread - server_logic - [DEBUG] found replica for vector: 3
2025-11-18 17:23:04,285 - INFO - MainThread - server_logic - [DEBUG] found replica for vector: 4
2025-11-18 17:23:04,285 - INFO - MainThread - server_logic - [DEBUG] found replica for vector: 1
2025-11-18 17:23:04,285 - INFO - MainThread - server_logic - [DEBUG] found replica for vector: 2
2025-11-18 17:23:04,285 - INFO - MainThread - server_logic - [DEBUG] found replica for vector: 3
2025-11-18 17:23:04,285 - INFO - MainThread - server_logic - [DEBUG] found replica for vector: 4
2025-11-18 17:23:04,285 - INFO - MainThread - server_logic - [DEBUG] found replica for vector: 1
2025-11-18 17:23:04,285 - INFO - MainThread - server_logic - [DEBUG] found replica for vector: 2
2025-11-18 17:23:04,285 - INFO - MainThread - server_logic - [DEBUG] found replica for vector: 3
2025-11-18 17:23:04,285 - INFO - MainThread - server_logic - [DEBUG] found replica for vector: 4
2025-11-18 17:23:04,285 - INFO - MainThread - server_logic - [DEBUG] found replica for vector: 1
2025-11-18 17:23:04,285 - INFO - MainThread - server_logic - [DEBUG] found replica for vector: 2
2025-11-18 17:23:04,285 - INFO - MainThread - server_logic - [DEBUG] found replica for vector: 3
2025-11-18 17:23:04,285 - INFO - MainThread - server_logic - [DEBUG] found replica for vector: 4
2025-11-18 17:23:04,285 - INFO - MainThread - server_logic - [DEBUG] found replica for vector: 1
2025-11-18 17:23:04,285 - INFO - MainThread - server_logic - [DEBUG] found replica for vector: 2
2025-11-18 17:23:04,285 - INFO - MainThread - server_logic - [DEBUG] found replica for vector: 3
2025-11-18 17:23:04,285 - INFO - MainThread - server_logic - [DEBUG] found replica for vector: 4
2025-11-18 17:23:04,285 - INFO - MainThread - server_logic - [DEBUG] found replica for vector: 1
2025-11-18 17:23:04,285 - INFO - MainThread - server_logic - [DEBUG] found replica for vector: 2
2025-11-18 17:23:04,285 - INFO - MainThread - server_logic - [DEBUG] found replica for vector: 3
2025-11-18 17:23:04,285 - INFO - MainThread - server_logic - [DEBUG] found replica for vector: 4
2025-11-18 17:23:04,285 - INFO - MainThread - server_logic - [DEBUG] found replica for vector: 1
2025-11-18 17:23:04,285 - INFO - MainThread - server_logic - [DEBUG] found replica for vector: 2
2025-11-18 17:23:04,285 - INFO - MainThread - server_logic - [DEBUG] found replica for vector: 3
2025-11-18 17:23:04,285 - INFO - MainThread - server_logic - [DEBUG] to me replica for vector: 3
2025-11-18 17:23:04,286 - INFO - MainThread - server_logic - [DEBUG] found replica for vector: 1
2025-11-18 17:23:04,286 - INFO - MainThread - server_logic - [DEBUG] found replica for vector: 2
2025-11-18 17:23:04,286 - INFO - MainThread - server_logic - [DEBUG] found replica for vector: 3
2025-11-18 17:23:04,286 - INFO - MainThread - server_logic - [DEBUG] to me replica for vector: 3
2025-11-18 17:23:04,286 - INFO - MainThread - server_logic - [DEBUG] found replica for vector: 1
2025-11-18 17:23:04,286 - INFO - MainThread - server_logic - [DEBUG] found replica for vector: 2
2025-11-18 17:23:04,286 - INFO - MainThread - server_logic - [DEBUG] found replica for vector: 3
2025-11-18 17:23:04,286 - INFO - MainThread - server_logic - [DEBUG] to me replica for vector: 3
2025-11-18 17:23:04,286 - INFO - MainThread - server_logic - [DEBUG] found replica for vector: 1
2025-11-18 17:23:04,286 - INFO - MainThread - server_logic - [DEBUG] found replica for vector: 2
2025-11-18 17:23:04,286 - INFO - MainThread - server_logic - [DEBUG] found replica for vector: 3
2025-11-18 17:23:04,286 - INFO - MainThread - server_logic - [DEBUG] found replica for vector: 4
2025-11-18 17:23:04,286 - INFO - MainThread - server_logic - [DEBUG] found replica for vector: 1
2025-11-18 17:23:04,286 - INFO - MainThread - server_logic - [DEBUG] found replica for vector: 2
2025-11-18 17:23:04,286 - INFO - MainThread - server_logic - [DEBUG] found replica for vector: 3
2025-11-18 17:23:04,286 - INFO - MainThread - server_logic - [DEBUG] found replica for vector: 4
2025-11-18 17:23:04,286 - INFO - MainThread - server_logic - [DEBUG] found replica for vector: 1
2025-11-18 17:23:04,286 - INFO - MainThread - server_logic - [DEBUG] found replica for vector: 2
2025-11-18 17:23:04,286 - INFO - MainThread - server_logic - [DEBUG] found replica for vector: 3
2025-11-18 17:23:04,286 - INFO - MainThread - server_logic - [DEBUG] found replica for vector: 4
2025-11-18 17:23:04,286 - INFO - MainThread - server_logic - [DEBUG] found replica for vector: 1
2025-11-18 17:23:04,286 - INFO - MainThread - server_logic - [DEBUG] found replica for vector: 2
2025-11-18 17:23:04,286 - INFO - MainThread - server_logic - [DEBUG] found replica for vector: 3
2025-11-18 17:23:04,286 - INFO - MainThread - server_logic - [DEBUG] found replica for vector: 4
2025-11-18 17:23:04,286 - INFO - MainThread - server_logic - [DEBUG] found replica for vector: 1
2025-11-18 17:23:04,286 - INFO - MainThread - server_logic - [DEBUG] found replica for vector: 2
2025-11-18 17:23:04,286 - INFO - MainThread - server_logic - [DEBUG] found replica for vector: 3
2025-11-18 17:23:04,286 - INFO - MainThread - server_logic - [DEBUG] found replica for vector: 4
2025-11-18 17:23:04,286 - INFO - MainThread - server_logic - [DEBUG] found replica for vector: 1
2025-11-18 17:23:04,286 - INFO - MainThread - server_logic - [DEBUG] found replica for vector: 2
2025-11-18 17:23:04,286 - INFO - MainThread - server_logic - [DEBUG] found replica for vector: 3
2025-11-18 17:23:04,286 - INFO - MainThread - server_logic - [DEBUG] to me replica for vector: 3
2025-11-18 17:23:04,286 - INFO - MainThread - server_logic - [DEBUG] found replica for vector: 1
2025-11-18 17:23:04,286 - INFO - MainThread - server_logic - [DEBUG] found replica for vector: 2
2025-11-18 17:23:04,286 - INFO - MainThread - server_logic - [DEBUG] found replica for vector: 3
2025-11-18 17:23:04,286 - INFO - MainThread - server_logic - [DEBUG] found replica for vector: 4
2025-11-18 17:23:04,286 - INFO - MainThread - server_logic - [DEBUG] found replica for vector: 1
2025-11-18 17:23:04,286 - INFO - MainThread - server_logic - [DEBUG] found replica for vector: 2
2025-11-18 17:23:04,286 - INFO - MainThread - server_logic - [DEBUG] found replica for vector: 3
2025-11-18 17:23:04,286 - INFO - MainThread - server_logic - [DEBUG] found replica for vector: 4
2025-11-18 17:23:04,286 - INFO - MainThread - server_logic - [DEBUG] found replica for vector: 1
2025-11-18 17:23:04,286 - INFO - MainThread - server_logic - [DEBUG] found replica for vector: 2
2025-11-18 17:23:04,286 - INFO - MainThread - server_logic - [DEBUG] found replica for vector: 3
2025-11-18 17:23:04,286 - INFO - MainThread - server_logic - [DEBUG] found replica for vector: 4
2025-11-18 17:23:04,286 - INFO - MainThread - server_logic - [DEBUG] found replica for vector: 1
2025-11-18 17:23:04,286 - INFO - MainThread - server_logic - [DEBUG] found replica for vector: 2
2025-11-18 17:23:04,286 - INFO - MainThread - server_logic - [DEBUG] found replica for vector: 3
2025-11-18 17:23:04,286 - INFO - MainThread - server_logic - [DEBUG] found replica for vector: 4
2025-11-18 17:23:04,286 - INFO - MainThread - server_logic - [DEBUG] found replica for vector: 1
2025-11-18 17:23:04,286 - INFO - MainThread - server_logic - [DEBUG] found replica for vector: 2
2025-11-18 17:23:04,286 - INFO - MainThread - server_logic - [DEBUG] found replica for vector: 3
2025-11-18 17:23:04,286 - INFO - MainThread - server_logic - [DEBUG] found replica for vector: 4
2025-11-18 17:23:04,286 - INFO - MainThread - server_logic - [DEBUG] found replica for vector: 1
2025-11-18 17:23:04,286 - INFO - MainThread - server_logic - [DEBUG] found replica for vector: 2
2025-11-18 17:23:04,286 - INFO - MainThread - server_logic - [DEBUG] found replica for vector: 3
2025-11-18 17:23:04,286 - INFO - MainThread - server_logic - [DEBUG] found replica for vector: 4
2025-11-18 17:23:04,286 - INFO - MainThread - server_logic - [DEBUG] found replica for vector: 1
2025-11-18 17:23:04,287 - INFO - MainThread - server_logic - [DEBUG] found replica for vector: 2
2025-11-18 17:23:04,287 - INFO - MainThread - server_logic - [DEBUG] found replica for vector: 3
2025-11-18 17:23:04,287 - INFO - MainThread - server_logic - [DEBUG] found replica for vector: 4
2025-11-18 17:23:04,287 - INFO - MainThread - server_logic - [DEBUG] found replica for vector: 1
2025-11-18 17:23:04,287 - INFO - MainThread - server_logic - [DEBUG] found replica for vector: 2
2025-11-18 17:23:04,287 - INFO - MainThread - server_logic - [DEBUG] found replica for vector: 3
2025-11-18 17:23:04,287 - INFO - MainThread - server_logic - [DEBUG] found replica for vector: 4
2025-11-18 17:23:04,287 - INFO - MainThread - server_logic - [DEBUG] found replica for vector: 1
2025-11-18 17:23:04,287 - INFO - MainThread - server_logic - [DEBUG] found replica for vector: 2
2025-11-18 17:23:04,287 - INFO - MainThread - server_logic - [DEBUG] found replica for vector: 3
2025-11-18 17:23:04,287 - INFO - MainThread - server_logic - [DEBUG] found replica for vector: 4
2025-11-18 17:23:04,287 - INFO - MainThread - server_logic - [DEBUG] found replica for vector: 1
2025-11-18 17:23:04,287 - INFO - MainThread - server_logic - [DEBUG] found replica for vector: 2
2025-11-18 17:23:04,287 - INFO - MainThread - server_logic - [DEBUG] found replica for vector: 3
2025-11-18 17:23:04,287 - INFO - MainThread - server_logic - [DEBUG] found replica for vector: 4
2025-11-18 17:23:04,287 - INFO - MainThread - server_logic - [DEBUG] found replica for vector: 1
2025-11-18 17:23:04,287 - INFO - MainThread - server_logic - [DEBUG] found replica for vector: 2
2025-11-18 17:23:04,287 - INFO - MainThread - server_logic - [DEBUG] found replica for vector: 3
2025-11-18 17:23:04,287 - INFO - MainThread - server_logic - [DEBUG] found replica for vector: 4
2025-11-18 17:23:04,287 - INFO - MainThread - server_logic - [DEBUG] found replica for vector: 1
2025-11-18 17:23:04,287 - INFO - MainThread - server_logic - [DEBUG] found replica for vector: 2
2025-11-18 17:23:04,287 - INFO - MainThread - server_logic - [DEBUG] found replica for vector: 3
2025-11-18 17:23:04,287 - INFO - MainThread - server_logic - [DEBUG] found replica for vector: 4
2025-11-18 17:23:04,287 - INFO - MainThread - server_logic - [DEBUG] found replica for vector: 1
2025-11-18 17:23:04,287 - INFO - MainThread - server_logic - [DEBUG] found replica for vector: 2
2025-11-18 17:23:04,287 - INFO - MainThread - server_logic - [DEBUG] found replica for vector: 3
2025-11-18 17:23:04,287 - INFO - MainThread - server_logic - [DEBUG] found replica for vector: 4
2025-11-18 17:23:04,287 - INFO - MainThread - server_logic - [DEBUG] found replica for vector: 1
2025-11-18 17:23:04,287 - INFO - MainThread - server_logic - [DEBUG] found replica for vector: 2
2025-11-18 17:23:04,287 - INFO - MainThread - server_logic - [DEBUG] found replica for vector: 3
2025-11-18 17:23:04,287 - INFO - MainThread - server_logic - [DEBUG] to me replica for vector: 3
2025-11-18 17:23:04,287 - INFO - MainThread - server_logic - [DEBUG] found replica for vector: 1
2025-11-18 17:23:04,287 - INFO - MainThread - server_logic - [DEBUG] found replica for vector: 2
2025-11-18 17:23:04,287 - INFO - MainThread - server_logic - [DEBUG] found replica for vector: 3
2025-11-18 17:23:04,287 - INFO - MainThread - server_logic - [DEBUG] found replica for vector: 4
2025-11-18 17:23:04,287 - INFO - MainThread - server_logic - [DEBUG] found replica for vector: 1
2025-11-18 17:23:04,287 - INFO - MainThread - server_logic - [DEBUG] found replica for vector: 2
2025-11-18 17:23:04,287 - INFO - MainThread - server_logic - [DEBUG] found replica for vector: 3
2025-11-18 17:23:04,287 - INFO - MainThread - server_logic - [DEBUG] found replica for vector: 4
2025-11-18 17:23:04,287 - INFO - MainThread - server_logic - [DEBUG] found replica for vector: 1
2025-11-18 17:23:04,287 - INFO - MainThread - server_logic - [DEBUG] found replica for vector: 2
2025-11-18 17:23:04,287 - INFO - MainThread - server_logic - [DEBUG] found replica for vector: 3
2025-11-18 17:23:04,287 - INFO - MainThread - server_logic - [DEBUG] found replica for vector: 4
2025-11-18 17:23:04,287 - INFO - MainThread - server_logic - [DEBUG] found replica for vector: 1
2025-11-18 17:23:04,287 - INFO - MainThread - server_logic - [DEBUG] found replica for vector: 2
2025-11-18 17:23:04,287 - INFO - MainThread - server_logic - [DEBUG] found replica for vector: 3
2025-11-18 17:23:04,287 - INFO - MainThread - server_logic - [DEBUG] found replica for vector: 4
2025-11-18 17:23:04,287 - INFO - MainThread - server_logic - [DEBUG] found replica for vector: 1
2025-11-18 17:23:04,287 - INFO - MainThread - server_logic - [DEBUG] found replica for vector: 2
2025-11-18 17:23:04,287 - INFO - MainThread - server_logic - [DEBUG] found replica for vector: 3
2025-11-18 17:23:04,287 - INFO - MainThread - server_logic - [DEBUG] to me replica for vector: 3
2025-11-18 17:23:04,287 - INFO - MainThread - server_logic - [DEBUG] found replica for vector: 1
2025-11-18 17:23:04,287 - INFO - MainThread - server_logic - [DEBUG] found replica for vector: 2
2025-11-18 17:23:04,287 - INFO - MainThread - server_logic - [DEBUG] found replica for vector: 3
2025-11-18 17:23:04,287 - INFO - MainThread - server_logic - [DEBUG] found replica for vector: 4
2025-11-18 17:23:04,287 - INFO - MainThread - server_logic - [DEBUG] found replica for vector: 1
2025-11-18 17:23:04,287 - INFO - MainThread - server_logic - [DEBUG] found replica for vector: 2
2025-11-18 17:23:04,287 - INFO - MainThread - server_logic - [DEBUG] found replica for vector: 3
2025-11-18 17:23:04,288 - INFO - MainThread - server_logic - [DEBUG] found replica for vector: 4
2025-11-18 17:23:04,288 - INFO - MainThread - server_logic - [DEBUG] found replica for vector: 1
2025-11-18 17:23:04,288 - INFO - MainThread - server_logic - [DEBUG] found replica for vector: 2
2025-11-18 17:23:04,288 - INFO - MainThread - server_logic - [DEBUG] found replica for vector: 3
2025-11-18 17:23:04,288 - INFO - MainThread - server_logic - [DEBUG] found replica for vector: 4
2025-11-18 17:23:04,288 - INFO - MainThread - server_logic - [DEBUG] found replica for vector: 1
2025-11-18 17:23:04,288 - INFO - MainThread - server_logic - [DEBUG] found replica for vector: 2
2025-11-18 17:23:04,288 - INFO - MainThread - server_logic - [DEBUG] found replica for vector: 3
2025-11-18 17:23:04,288 - INFO - MainThread - server_logic - [DEBUG] found replica for vector: 4
2025-11-18 17:23:04,288 - INFO - MainThread - server_logic - [DEBUG] found replica for vector: 1
2025-11-18 17:23:04,288 - INFO - MainThread - server_logic - [DEBUG] found replica for vector: 2
2025-11-18 17:23:04,288 - INFO - MainThread - server_logic - [DEBUG] found replica for vector: 3
2025-11-18 17:23:04,288 - INFO - MainThread - server_logic - [DEBUG] found replica for vector: 4
2025-11-18 17:23:04,288 - INFO - MainThread - server_logic - [DEBUG] found replica for vector: 1
2025-11-18 17:23:04,288 - INFO - MainThread - server_logic - [DEBUG] found replica for vector: 2
2025-11-18 17:23:04,288 - INFO - MainThread - server_logic - [DEBUG] found replica for vector: 3
2025-11-18 17:23:04,288 - INFO - MainThread - server_logic - [DEBUG] found replica for vector: 4
2025-11-18 17:23:04,288 - INFO - MainThread - server_logic - [DEBUG] found replica for vector: 1
2025-11-18 17:23:04,288 - INFO - MainThread - server_logic - [DEBUG] found replica for vector: 2
2025-11-18 17:23:04,288 - INFO - MainThread - server_logic - [DEBUG] found replica for vector: 3
2025-11-18 17:23:04,288 - INFO - MainThread - server_logic - [DEBUG] found replica for vector: 4
2025-11-18 17:23:04,288 - INFO - MainThread - server_logic - [DEBUG] found replica for vector: 1
2025-11-18 17:23:04,288 - INFO - MainThread - server_logic - [DEBUG] found replica for vector: 2
2025-11-18 17:23:04,288 - INFO - MainThread - server_logic - [DEBUG] found replica for vector: 3
2025-11-18 17:23:04,288 - INFO - MainThread - server_logic - [DEBUG] found replica for vector: 4
2025-11-18 17:23:04,288 - INFO - MainThread - server_logic - [DEBUG] found replica for vector: 1
2025-11-18 17:23:04,288 - INFO - MainThread - server_logic - [DEBUG] found replica for vector: 2
2025-11-18 17:23:04,288 - INFO - MainThread - server_logic - [DEBUG] found replica for vector: 3
2025-11-18 17:23:04,288 - INFO - MainThread - server_logic - [DEBUG] found replica for vector: 4
2025-11-18 17:23:04,288 - INFO - MainThread - server_logic - [DEBUG] found replica for vector: 1
2025-11-18 17:23:04,288 - INFO - MainThread - server_logic - [DEBUG] found replica for vector: 2
2025-11-18 17:23:04,288 - INFO - MainThread - server_logic - [DEBUG] found replica for vector: 3
2025-11-18 17:23:04,288 - INFO - MainThread - server_logic - [DEBUG] found replica for vector: 4
2025-11-18 17:23:04,288 - INFO - MainThread - server_logic - [DEBUG] found replica for vector: 1
2025-11-18 17:23:04,288 - INFO - MainThread - server_logic - [DEBUG] found replica for vector: 2
2025-11-18 17:23:04,288 - INFO - MainThread - server_logic - [DEBUG] found replica for vector: 3
2025-11-18 17:23:04,288 - INFO - MainThread - server_logic - [DEBUG] found replica for vector: 4
2025-11-18 17:23:04,288 - INFO - MainThread - server_logic - [DEBUG] found replica for vector: 1
2025-11-18 17:23:04,288 - INFO - MainThread - server_logic - [DEBUG] found replica for vector: 2
2025-11-18 17:23:04,288 - INFO - MainThread - server_logic - [DEBUG] found replica for vector: 3
2025-11-18 17:23:04,288 - INFO - MainThread - server_logic - [DEBUG] to me replica for vector: 3
2025-11-18 17:23:04,288 - INFO - MainThread - server_logic - [DEBUG] found replica for vector: 1
2025-11-18 17:23:04,288 - INFO - MainThread - server_logic - [DEBUG] found replica for vector: 2
2025-11-18 17:23:04,288 - INFO - MainThread - server_logic - [DEBUG] found replica for vector: 3
2025-11-18 17:23:04,288 - INFO - MainThread - server_logic - [DEBUG] found replica for vector: 4
2025-11-18 17:23:04,288 - INFO - MainThread - server_logic - [DEBUG] found replica for vector: 1
2025-11-18 17:23:04,288 - INFO - MainThread - server_logic - [DEBUG] found replica for vector: 2
2025-11-18 17:23:04,288 - INFO - MainThread - server_logic - [DEBUG] found replica for vector: 3
2025-11-18 17:23:04,288 - INFO - MainThread - server_logic - [DEBUG] found replica for vector: 4
2025-11-18 17:23:04,288 - INFO - MainThread - server_logic - [DEBUG] found replica for vector: 1
2025-11-18 17:23:04,288 - INFO - MainThread - server_logic - [DEBUG] found replica for vector: 2
2025-11-18 17:23:04,288 - INFO - MainThread - server_logic - [DEBUG] found replica for vector: 3
2025-11-18 17:23:04,288 - INFO - MainThread - server_logic - [DEBUG] found replica for vector: 4
2025-11-18 17:23:04,288 - INFO - MainThread - server_logic - [DEBUG] found replica for vector: 1
2025-11-18 17:23:04,288 - INFO - MainThread - server_logic - [DEBUG] found replica for vector: 2
2025-11-18 17:23:04,288 - INFO - MainThread - server_logic - [DEBUG] found replica for vector: 3
2025-11-18 17:23:04,288 - INFO - MainThread - server_logic - [DEBUG] found replica for vector: 4
2025-11-18 17:23:04,289 - INFO - MainThread - server_logic - [DEBUG] found replica for vector: 1
2025-11-18 17:23:04,289 - INFO - MainThread - server_logic - [DEBUG] found replica for vector: 2
2025-11-18 17:23:04,289 - INFO - MainThread - server_logic - [DEBUG] found replica for vector: 3
2025-11-18 17:23:04,289 - INFO - MainThread - server_logic - [DEBUG] found replica for vector: 4
2025-11-18 17:23:04,289 - INFO - MainThread - server_logic - [DEBUG] found replica for vector: 1
2025-11-18 17:23:04,289 - INFO - MainThread - server_logic - [DEBUG] found replica for vector: 2
2025-11-18 17:23:04,289 - INFO - MainThread - server_logic - [DEBUG] found replica for vector: 3
2025-11-18 17:23:04,289 - INFO - MainThread - server_logic - [DEBUG] found replica for vector: 4
2025-11-18 17:23:04,289 - INFO - MainThread - server_logic - [DEBUG] found replica for vector: 1
2025-11-18 17:23:04,289 - INFO - MainThread - server_logic - [DEBUG] found replica for vector: 2
2025-11-18 17:23:04,289 - INFO - MainThread - server_logic - [DEBUG] found replica for vector: 3
2025-11-18 17:23:04,289 - INFO - MainThread - server_logic - [DEBUG] found replica for vector: 4
2025-11-18 17:23:04,289 - INFO - MainThread - server_logic - [DEBUG] found replica for vector: 1
2025-11-18 17:23:04,289 - INFO - MainThread - server_logic - [DEBUG] found replica for vector: 2
2025-11-18 17:23:04,289 - INFO - MainThread - server_logic - [DEBUG] found replica for vector: 3
2025-11-18 17:23:04,289 - INFO - MainThread - server_logic - [DEBUG] to me replica for vector: 3
2025-11-18 17:23:04,289 - INFO - MainThread - server_logic - [DEBUG] found replica for vector: 1
2025-11-18 17:23:04,289 - INFO - MainThread - server_logic - [DEBUG] found replica for vector: 2
2025-11-18 17:23:04,289 - INFO - MainThread - server_logic - [DEBUG] found replica for vector: 3
2025-11-18 17:23:04,289 - INFO - MainThread - server_logic - [DEBUG] found replica for vector: 4
2025-11-18 17:23:04,289 - INFO - MainThread - server_logic - [DEBUG] found replica for vector: 1
2025-11-18 17:23:04,289 - INFO - MainThread - server_logic - [DEBUG] found replica for vector: 2
2025-11-18 17:23:04,289 - INFO - MainThread - server_logic - [DEBUG] found replica for vector: 3
2025-11-18 17:23:04,289 - INFO - MainThread - server_logic - [DEBUG] found replica for vector: 4
2025-11-18 17:23:04,289 - INFO - MainThread - server_logic - [DEBUG] found replica for vector: 1
2025-11-18 17:23:04,289 - INFO - MainThread - server_logic - [DEBUG] found replica for vector: 2
2025-11-18 17:23:04,289 - INFO - MainThread - server_logic - [DEBUG] found replica for vector: 3
2025-11-18 17:23:04,289 - INFO - MainThread - server_logic - [DEBUG] found replica for vector: 4
2025-11-18 17:23:04,289 - INFO - MainThread - server_logic - [DEBUG] found replica for vector: 1
2025-11-18 17:23:04,289 - INFO - MainThread - server_logic - [DEBUG] found replica for vector: 2
2025-11-18 17:23:04,289 - INFO - MainThread - server_logic - [DEBUG] found replica for vector: 3
2025-11-18 17:23:04,289 - INFO - MainThread - server_logic - [DEBUG] to me replica for vector: 3
2025-11-18 17:23:04,289 - INFO - MainThread - server_logic - [DEBUG] found replica for vector: 1
2025-11-18 17:23:04,289 - INFO - MainThread - server_logic - [DEBUG] found replica for vector: 2
2025-11-18 17:23:04,289 - INFO - MainThread - server_logic - [DEBUG] found replica for vector: 3
2025-11-18 17:23:04,289 - INFO - MainThread - server_logic - [DEBUG] to me replica for vector: 3
2025-11-18 17:23:04,289 - INFO - MainThread - server_logic - [DEBUG] found replica for vector: 1
2025-11-18 17:23:04,289 - INFO - MainThread - server_logic - [DEBUG] found replica for vector: 2
2025-11-18 17:23:04,289 - INFO - MainThread - server_logic - [DEBUG] found replica for vector: 3
2025-11-18 17:23:04,289 - INFO - MainThread - server_logic - [DEBUG] found replica for vector: 4
2025-11-18 17:23:04,289 - INFO - MainThread - server_logic - [DEBUG] found replica for vector: 1
2025-11-18 17:23:04,289 - INFO - MainThread - server_logic - [DEBUG] found replica for vector: 2
2025-11-18 17:23:04,289 - INFO - MainThread - server_logic - [DEBUG] found replica for vector: 3
2025-11-18 17:23:04,289 - INFO - MainThread - server_logic - [DEBUG] found replica for vector: 4
2025-11-18 17:23:04,289 - INFO - MainThread - server_logic - [DEBUG] found replica for vector: 1
2025-11-18 17:23:04,289 - INFO - MainThread - server_logic - [DEBUG] found replica for vector: 2
2025-11-18 17:23:04,289 - INFO - MainThread - server_logic - [DEBUG] found replica for vector: 3
2025-11-18 17:23:04,289 - INFO - MainThread - server_logic - [DEBUG] found replica for vector: 4
2025-11-18 17:23:04,289 - INFO - MainThread - server_logic - [DEBUG] found replica for vector: 1
2025-11-18 17:23:04,289 - INFO - MainThread - server_logic - [DEBUG] found replica for vector: 2
2025-11-18 17:23:04,289 - INFO - MainThread - server_logic - [DEBUG] found replica for vector: 3
2025-11-18 17:23:04,289 - INFO - MainThread - server_logic - [DEBUG] found replica for vector: 4
2025-11-18 17:23:04,289 - INFO - MainThread - server_logic - [DEBUG] found replica for vector: 1
2025-11-18 17:23:04,289 - INFO - MainThread - server_logic - [DEBUG] found replica for vector: 2
2025-11-18 17:23:04,289 - INFO - MainThread - server_logic - [DEBUG] found replica for vector: 3
2025-11-18 17:23:04,289 - INFO - MainThread - server_logic - [DEBUG] found replica for vector: 4
2025-11-18 17:23:04,289 - INFO - MainThread - server_logic - [DEBUG] found replica for vector: 1
2025-11-18 17:23:04,289 - INFO - MainThread - server_logic - [DEBUG] found replica for vector: 2
2025-11-18 17:23:04,290 - INFO - MainThread - server_logic - [DEBUG] found replica for vector: 3
2025-11-18 17:23:04,290 - INFO - MainThread - server_logic - [DEBUG] to me replica for vector: 3
2025-11-18 17:23:04,290 - INFO - MainThread - server_logic - [DEBUG] found replica for vector: 1
2025-11-18 17:23:04,290 - INFO - MainThread - server_logic - [DEBUG] found replica for vector: 2
2025-11-18 17:23:04,290 - INFO - MainThread - server_logic - [DEBUG] found replica for vector: 3
2025-11-18 17:23:04,290 - INFO - MainThread - server_logic - [DEBUG] found replica for vector: 4
2025-11-18 17:23:04,290 - INFO - MainThread - server_logic - [DEBUG] found replica for vector: 1
2025-11-18 17:23:04,290 - INFO - MainThread - server_logic - [DEBUG] found replica for vector: 2
2025-11-18 17:23:04,290 - INFO - MainThread - server_logic - [DEBUG] found replica for vector: 3
2025-11-18 17:23:04,290 - INFO - MainThread - server_logic - [DEBUG] found replica for vector: 4
2025-11-18 17:23:04,290 - INFO - MainThread - server_logic - [DEBUG] found replica for vector: 1
2025-11-18 17:23:04,290 - INFO - MainThread - server_logic - [DEBUG] found replica for vector: 2
2025-11-18 17:23:04,290 - INFO - MainThread - server_logic - [DEBUG] found replica for vector: 3
2025-11-18 17:23:04,290 - INFO - MainThread - server_logic - [DEBUG] found replica for vector: 4
2025-11-18 17:23:04,290 - INFO - MainThread - server_logic - [DEBUG] found replica for vector: 1
2025-11-18 17:23:04,290 - INFO - MainThread - server_logic - [DEBUG] found replica for vector: 2
2025-11-18 17:23:04,290 - INFO - MainThread - server_logic - [DEBUG] found replica for vector: 3
2025-11-18 17:23:04,290 - INFO - MainThread - server_logic - [DEBUG] to me replica for vector: 3
2025-11-18 17:23:04,290 - INFO - MainThread - server_logic - [DEBUG] found replica for vector: 1
2025-11-18 17:23:04,290 - INFO - MainThread - server_logic - [DEBUG] found replica for vector: 2
2025-11-18 17:23:04,290 - INFO - MainThread - server_logic - [DEBUG] found replica for vector: 3
2025-11-18 17:23:04,290 - INFO - MainThread - server_logic - [DEBUG] found replica for vector: 4
2025-11-18 17:23:04,290 - INFO - MainThread - server_logic - [DEBUG] found replica for vector: 1
2025-11-18 17:23:04,290 - INFO - MainThread - server_logic - [DEBUG] found replica for vector: 2
2025-11-18 17:23:04,290 - INFO - MainThread - server_logic - [DEBUG] found replica for vector: 3
2025-11-18 17:23:04,290 - INFO - MainThread - server_logic - [DEBUG] found replica for vector: 4
2025-11-18 17:23:04,290 - INFO - MainThread - server_logic - [DEBUG] found replica for vector: 1
2025-11-18 17:23:04,290 - INFO - MainThread - server_logic - [DEBUG] found replica for vector: 2
2025-11-18 17:23:04,290 - INFO - MainThread - server_logic - [DEBUG] found replica for vector: 3
2025-11-18 17:23:04,290 - INFO - MainThread - server_logic - [DEBUG] to me replica for vector: 3
2025-11-18 17:23:04,290 - INFO - MainThread - server_logic - [DEBUG] found replica for vector: 1
2025-11-18 17:23:04,290 - INFO - MainThread - server_logic - [DEBUG] found replica for vector: 2
2025-11-18 17:23:04,290 - INFO - MainThread - server_logic - [DEBUG] found replica for vector: 3
2025-11-18 17:23:04,290 - INFO - MainThread - server_logic - [DEBUG] found replica for vector: 4
2025-11-18 17:23:04,290 - INFO - MainThread - server_logic - [DEBUG] found replica for vector: 1
2025-11-18 17:23:04,290 - INFO - MainThread - server_logic - [DEBUG] found replica for vector: 2
2025-11-18 17:23:04,290 - INFO - MainThread - server_logic - [DEBUG] found replica for vector: 3
2025-11-18 17:23:04,290 - INFO - MainThread - server_logic - [DEBUG] found replica for vector: 4
2025-11-18 17:23:04,290 - INFO - MainThread - server_logic - [DEBUG] found replica for vector: 1
2025-11-18 17:23:04,290 - INFO - MainThread - server_logic - [DEBUG] found replica for vector: 2
2025-11-18 17:23:04,290 - INFO - MainThread - server_logic - [DEBUG] found replica for vector: 3
2025-11-18 17:23:04,290 - INFO - MainThread - server_logic - [DEBUG] found replica for vector: 4
2025-11-18 17:23:04,290 - INFO - MainThread - server_logic - [DEBUG] found replica for vector: 1
2025-11-18 17:23:04,290 - INFO - MainThread - server_logic - [DEBUG] found replica for vector: 2
2025-11-18 17:23:04,290 - INFO - MainThread - server_logic - [DEBUG] found replica for vector: 3
2025-11-18 17:23:04,290 - INFO - MainThread - server_logic - [DEBUG] found replica for vector: 4
2025-11-18 17:23:04,290 - INFO - MainThread - server_logic - [DEBUG] found replica for vector: 1
2025-11-18 17:23:04,290 - INFO - MainThread - server_logic - [DEBUG] found replica for vector: 2
2025-11-18 17:23:04,290 - INFO - MainThread - server_logic - [DEBUG] found replica for vector: 3
2025-11-18 17:23:04,290 - INFO - MainThread - server_logic - [DEBUG] found replica for vector: 4
2025-11-18 17:23:04,290 - INFO - MainThread - server_logic - [DEBUG] found replica for vector: 1
2025-11-18 17:23:04,290 - INFO - MainThread - server_logic - [DEBUG] found replica for vector: 2
2025-11-18 17:23:04,290 - INFO - MainThread - server_logic - [DEBUG] found replica for vector: 3
2025-11-18 17:23:04,290 - INFO - MainThread - server_logic - [DEBUG] found replica for vector: 4
2025-11-18 17:23:04,290 - INFO - MainThread - server_logic - [DEBUG] found replica for vector: 1
2025-11-18 17:23:04,290 - INFO - MainThread - server_logic - [DEBUG] found replica for vector: 2
2025-11-18 17:23:04,290 - INFO - MainThread - server_logic - [DEBUG] found replica for vector: 3
2025-11-18 17:23:04,290 - INFO - MainThread - server_logic - [DEBUG] found replica for vector: 4
2025-11-18 17:23:04,291 - INFO - MainThread - server_logic - [DEBUG] found replica for vector: 1
2025-11-18 17:23:04,291 - INFO - MainThread - server_logic - [DEBUG] found replica for vector: 2
2025-11-18 17:23:04,291 - INFO - MainThread - server_logic - [DEBUG] found replica for vector: 3
2025-11-18 17:23:04,291 - INFO - MainThread - server_logic - [DEBUG] found replica for vector: 4
2025-11-18 17:23:04,291 - INFO - MainThread - server_logic - [DEBUG] found replica for vector: 1
2025-11-18 17:23:04,291 - INFO - MainThread - server_logic - [DEBUG] found replica for vector: 2
2025-11-18 17:23:04,291 - INFO - MainThread - server_logic - [DEBUG] found replica for vector: 3
2025-11-18 17:23:04,291 - INFO - MainThread - server_logic - [DEBUG] found replica for vector: 4
2025-11-18 17:23:04,291 - INFO - MainThread - server_logic - [DEBUG] found replica for vector: 1
2025-11-18 17:23:04,291 - INFO - MainThread - server_logic - [DEBUG] found replica for vector: 2
2025-11-18 17:23:04,291 - INFO - MainThread - server_logic - [DEBUG] found replica for vector: 3
2025-11-18 17:23:04,291 - INFO - MainThread - server_logic - [DEBUG] found replica for vector: 4
2025-11-18 17:23:04,291 - INFO - MainThread - server_logic - [DEBUG] found replica for vector: 1
2025-11-18 17:23:04,291 - INFO - MainThread - server_logic - [DEBUG] found replica for vector: 2
2025-11-18 17:23:04,291 - INFO - MainThread - server_logic - [DEBUG] found replica for vector: 3
2025-11-18 17:23:04,291 - INFO - MainThread - server_logic - [DEBUG] to me replica for vector: 3
2025-11-18 17:23:04,291 - INFO - MainThread - server_logic - [DEBUG] found replica for vector: 1
2025-11-18 17:23:04,291 - INFO - MainThread - server_logic - [DEBUG] found replica for vector: 2
2025-11-18 17:23:04,291 - INFO - MainThread - server_logic - [DEBUG] found replica for vector: 3
2025-11-18 17:23:04,291 - INFO - MainThread - server_logic - [DEBUG] found replica for vector: 4
2025-11-18 17:23:04,291 - INFO - MainThread - server_logic - [DEBUG] found replica for vector: 1
2025-11-18 17:23:04,291 - INFO - MainThread - server_logic - [DEBUG] found replica for vector: 2
2025-11-18 17:23:04,291 - INFO - MainThread - server_logic - [DEBUG] found replica for vector: 3
2025-11-18 17:23:04,291 - INFO - MainThread - server_logic - [DEBUG] to me replica for vector: 3
2025-11-18 17:23:04,291 - INFO - MainThread - server_logic - [DEBUG] found replica for vector: 1
2025-11-18 17:23:04,291 - INFO - MainThread - server_logic - [DEBUG] found replica for vector: 2
2025-11-18 17:23:04,291 - INFO - MainThread - server_logic - [DEBUG] found replica for vector: 3
2025-11-18 17:23:04,291 - INFO - MainThread - server_logic - [DEBUG] found replica for vector: 4
2025-11-18 17:23:04,291 - INFO - MainThread - server_logic - [DEBUG] found replica for vector: 1
2025-11-18 17:23:04,291 - INFO - MainThread - server_logic - [DEBUG] found replica for vector: 2
2025-11-18 17:23:04,291 - INFO - MainThread - server_logic - [DEBUG] found replica for vector: 3
2025-11-18 17:23:04,291 - INFO - MainThread - server_logic - [DEBUG] found replica for vector: 4
2025-11-18 17:23:04,291 - INFO - MainThread - server_logic - [DEBUG] found replica for vector: 1
2025-11-18 17:23:04,291 - INFO - MainThread - server_logic - [DEBUG] found replica for vector: 2
2025-11-18 17:23:04,291 - INFO - MainThread - server_logic - [DEBUG] found replica for vector: 3
2025-11-18 17:23:04,291 - INFO - MainThread - server_logic - [DEBUG] found replica for vector: 4
2025-11-18 17:23:04,291 - INFO - MainThread - server_logic - [DEBUG] found replica for vector: 1
2025-11-18 17:23:04,291 - INFO - MainThread - server_logic - [DEBUG] found replica for vector: 2
2025-11-18 17:23:04,291 - INFO - MainThread - server_logic - [DEBUG] found replica for vector: 3
2025-11-18 17:23:04,291 - INFO - MainThread - server_logic - [DEBUG] found replica for vector: 4
2025-11-18 17:23:04,291 - INFO - MainThread - server_logic - [DEBUG] found replica for vector: 1
2025-11-18 17:23:04,291 - INFO - MainThread - server_logic - [DEBUG] found replica for vector: 2
2025-11-18 17:23:04,291 - INFO - MainThread - server_logic - [DEBUG] found replica for vector: 3
2025-11-18 17:23:04,291 - INFO - MainThread - server_logic - [DEBUG] found replica for vector: 4
2025-11-18 17:23:04,291 - INFO - MainThread - server_logic - [DEBUG] found replica for vector: 1
2025-11-18 17:23:04,291 - INFO - MainThread - server_logic - [DEBUG] found replica for vector: 2
2025-11-18 17:23:04,291 - INFO - MainThread - server_logic - [DEBUG] found replica for vector: 3
2025-11-18 17:23:04,291 - INFO - MainThread - server_logic - [DEBUG] to me replica for vector: 3
2025-11-18 17:23:04,291 - INFO - MainThread - server_logic - [DEBUG] found replica for vector: 1
2025-11-18 17:23:04,292 - INFO - MainThread - server_logic - [DEBUG] found replica for vector: 2
2025-11-18 17:23:04,292 - INFO - MainThread - server_logic - [DEBUG] found replica for vector: 3
2025-11-18 17:23:04,292 - INFO - MainThread - server_logic - [DEBUG] found replica for vector: 4
2025-11-18 17:23:04,292 - INFO - MainThread - server_logic - [DEBUG] found replica for vector: 1
2025-11-18 17:23:04,292 - INFO - MainThread - server_logic - [DEBUG] found replica for vector: 2
2025-11-18 17:23:04,292 - INFO - MainThread - server_logic - [DEBUG] found replica for vector: 3
2025-11-18 17:23:04,292 - INFO - MainThread - server_logic - [DEBUG] found replica for vector: 4
2025-11-18 17:23:04,292 - INFO - MainThread - server_logic - [DEBUG] found replica for vector: 1
2025-11-18 17:23:04,292 - INFO - MainThread - server_logic - [DEBUG] found replica for vector: 2
2025-11-18 17:23:04,292 - INFO - MainThread - server_logic - [DEBUG] found replica for vector: 3
2025-11-18 17:23:04,292 - INFO - MainThread - server_logic - [DEBUG] found replica for vector: 4
2025-11-18 17:23:04,292 - INFO - MainThread - server_logic - [DEBUG] found replica for vector: 1
2025-11-18 17:23:04,292 - INFO - MainThread - server_logic - [DEBUG] found replica for vector: 2
2025-11-18 17:23:04,292 - INFO - MainThread - server_logic - [DEBUG] found replica for vector: 3
2025-11-18 17:23:04,292 - INFO - MainThread - server_logic - [DEBUG] found replica for vector: 4
2025-11-18 17:23:04,292 - INFO - MainThread - server_logic - [DEBUG] found replica for vector: 1
2025-11-18 17:23:04,292 - INFO - MainThread - server_logic - [DEBUG] found replica for vector: 2
2025-11-18 17:23:04,292 - INFO - MainThread - server_logic - [DEBUG] found replica for vector: 3
2025-11-18 17:23:04,292 - INFO - MainThread - server_logic - [DEBUG] found replica for vector: 4
2025-11-18 17:23:04,292 - INFO - MainThread - server_logic - [DEBUG] found replica for vector: 1
2025-11-18 17:23:04,292 - INFO - MainThread - server_logic - [DEBUG] found replica for vector: 2
2025-11-18 17:23:04,292 - INFO - MainThread - server_logic - [DEBUG] found replica for vector: 3
2025-11-18 17:23:04,292 - INFO - MainThread - server_logic - [DEBUG] found replica for vector: 4
2025-11-18 17:23:04,292 - INFO - MainThread - server_logic - [DEBUG] found replica for vector: 1
2025-11-18 17:23:04,292 - INFO - MainThread - server_logic - [DEBUG] found replica for vector: 2
2025-11-18 17:23:04,292 - INFO - MainThread - server_logic - [DEBUG] found replica for vector: 3
2025-11-18 17:23:04,292 - INFO - MainThread - server_logic - [DEBUG] found replica for vector: 4
2025-11-18 17:23:04,292 - INFO - MainThread - server_logic - [DEBUG] found replica for vector: 1
2025-11-18 17:23:04,292 - INFO - MainThread - server_logic - [DEBUG] found replica for vector: 2
2025-11-18 17:23:04,292 - INFO - MainThread - server_logic - [DEBUG] found replica for vector: 3
2025-11-18 17:23:04,292 - INFO - MainThread - server_logic - [DEBUG] to me replica for vector: 3
2025-11-18 17:23:04,292 - INFO - MainThread - server_logic - [DEBUG] found replica for vector: 1
2025-11-18 17:23:04,292 - INFO - MainThread - server_logic - [DEBUG] found replica for vector: 2
2025-11-18 17:23:04,292 - INFO - MainThread - server_logic - [DEBUG] found replica for vector: 3
2025-11-18 17:23:04,292 - INFO - MainThread - server_logic - [DEBUG] found replica for vector: 4
2025-11-18 17:23:04,292 - INFO - MainThread - server_logic - [DEBUG] found replica for vector: 1
2025-11-18 17:23:04,292 - INFO - MainThread - server_logic - [DEBUG] found replica for vector: 2
2025-11-18 17:23:04,292 - INFO - MainThread - server_logic - [DEBUG] found replica for vector: 3
2025-11-18 17:23:04,292 - INFO - MainThread - server_logic - [DEBUG] found replica for vector: 4
2025-11-18 17:23:04,292 - INFO - MainThread - server_logic - [DEBUG] found replica for vector: 1
2025-11-18 17:23:04,292 - INFO - MainThread - server_logic - [DEBUG] found replica for vector: 2
2025-11-18 17:23:04,292 - INFO - MainThread - server_logic - [DEBUG] found replica for vector: 3
2025-11-18 17:23:04,292 - INFO - MainThread - server_logic - [DEBUG] to me replica for vector: 3
2025-11-18 17:23:04,292 - INFO - MainThread - server_logic - [DEBUG] found replica for vector: 1
2025-11-18 17:23:04,292 - INFO - MainThread - server_logic - [DEBUG] found replica for vector: 2
2025-11-18 17:23:04,292 - INFO - MainThread - server_logic - [DEBUG] found replica for vector: 3
2025-11-18 17:23:04,292 - INFO - MainThread - server_logic - [DEBUG] found replica for vector: 4
2025-11-18 17:23:04,292 - INFO - MainThread - server_logic - [DEBUG] found replica for vector: 1
2025-11-18 17:23:04,292 - INFO - MainThread - server_logic - [DEBUG] found replica for vector: 2
2025-11-18 17:23:04,292 - INFO - MainThread - server_logic - [DEBUG] found replica for vector: 3
2025-11-18 17:23:04,292 - INFO - MainThread - server_logic - [DEBUG] found replica for vector: 4
2025-11-18 17:23:04,292 - INFO - MainThread - server_logic - [DEBUG] found replica for vector: 1
2025-11-18 17:23:04,292 - INFO - MainThread - server_logic - [DEBUG] found replica for vector: 2
2025-11-18 17:23:04,292 - INFO - MainThread - server_logic - [DEBUG] found replica for vector: 3
2025-11-18 17:23:04,292 - INFO - MainThread - server_logic - [DEBUG] found replica for vector: 4
2025-11-18 17:23:04,293 - INFO - MainThread - server_logic - [DEBUG] found replica for vector: 1
2025-11-18 17:23:04,293 - INFO - MainThread - server_logic - [DEBUG] found replica for vector: 2
2025-11-18 17:23:04,293 - INFO - MainThread - server_logic - [DEBUG] found replica for vector: 3
2025-11-18 17:23:04,293 - INFO - MainThread - server_logic - [DEBUG] to me replica for vector: 3
2025-11-18 17:23:04,293 - INFO - MainThread - server_logic - [DEBUG] found replica for vector: 1
2025-11-18 17:23:04,293 - INFO - MainThread - server_logic - [DEBUG] found replica for vector: 2
2025-11-18 17:23:04,293 - INFO - MainThread - server_logic - [DEBUG] found replica for vector: 3
2025-11-18 17:23:04,293 - INFO - MainThread - server_logic - [DEBUG] found replica for vector: 4
2025-11-18 17:23:04,293 - INFO - MainThread - server_logic - [DEBUG] found replica for vector: 1
2025-11-18 17:23:04,293 - INFO - MainThread - server_logic - [DEBUG] found replica for vector: 2
2025-11-18 17:23:04,293 - INFO - MainThread - server_logic - [DEBUG] found replica for vector: 3
2025-11-18 17:23:04,293 - INFO - MainThread - server_logic - [DEBUG] to me replica for vector: 3
2025-11-18 17:23:04,293 - INFO - MainThread - server_logic - [DEBUG] found replica for vector: 1
2025-11-18 17:23:04,293 - INFO - MainThread - server_logic - [DEBUG] found replica for vector: 2
2025-11-18 17:23:04,293 - INFO - MainThread - server_logic - [DEBUG] found replica for vector: 3
2025-11-18 17:23:04,293 - INFO - MainThread - server_logic - [DEBUG] found replica for vector: 4
2025-11-18 17:23:04,293 - INFO - MainThread - server_logic - [DEBUG] found replica for vector: 1
2025-11-18 17:23:04,293 - INFO - MainThread - server_logic - [DEBUG] found replica for vector: 2
2025-11-18 17:23:04,293 - INFO - MainThread - server_logic - [DEBUG] found replica for vector: 3
2025-11-18 17:23:04,293 - INFO - MainThread - server_logic - [DEBUG] found replica for vector: 4
2025-11-18 17:23:04,293 - INFO - MainThread - server_logic - [DEBUG] found replica for vector: 1
2025-11-18 17:23:04,293 - INFO - MainThread - server_logic - [DEBUG] found replica for vector: 2
2025-11-18 17:23:04,293 - INFO - MainThread - server_logic - [DEBUG] found replica for vector: 3
2025-11-18 17:23:04,293 - INFO - MainThread - server_logic - [DEBUG] found replica for vector: 4
2025-11-18 17:23:04,293 - INFO - MainThread - server_logic - [DEBUG] found replica for vector: 1
2025-11-18 17:23:04,293 - INFO - MainThread - server_logic - [DEBUG] found replica for vector: 2
2025-11-18 17:23:04,293 - INFO - MainThread - server_logic - [DEBUG] found replica for vector: 3
2025-11-18 17:23:04,293 - INFO - MainThread - server_logic - [DEBUG] found replica for vector: 4
2025-11-18 17:23:04,293 - INFO - MainThread - server_logic - [DEBUG] found replica for vector: 1
2025-11-18 17:23:04,293 - INFO - MainThread - server_logic - [DEBUG] found replica for vector: 2
2025-11-18 17:23:04,293 - INFO - MainThread - server_logic - [DEBUG] found replica for vector: 3
2025-11-18 17:23:04,293 - INFO - MainThread - server_logic - [DEBUG] to me replica for vector: 3
2025-11-18 17:23:04,293 - INFO - MainThread - server_logic - [DEBUG] found replica for vector: 1
2025-11-18 17:23:04,293 - INFO - MainThread - server_logic - [DEBUG] found replica for vector: 2
2025-11-18 17:23:04,293 - INFO - MainThread - server_logic - [DEBUG] found replica for vector: 3
2025-11-18 17:23:04,293 - INFO - MainThread - server_logic - [DEBUG] found replica for vector: 4
2025-11-18 17:23:04,293 - INFO - MainThread - server_logic - [DEBUG] found replica for vector: 1
2025-11-18 17:23:04,293 - INFO - MainThread - server_logic - [DEBUG] found replica for vector: 2
2025-11-18 17:23:04,293 - INFO - MainThread - server_logic - [DEBUG] found replica for vector: 3
2025-11-18 17:23:04,293 - INFO - MainThread - server_logic - [DEBUG] to me replica for vector: 3
2025-11-18 17:23:04,293 - INFO - MainThread - server_logic - [DEBUG] found replica for vector: 1
2025-11-18 17:23:04,293 - INFO - MainThread - server_logic - [DEBUG] found replica for vector: 2
2025-11-18 17:23:04,293 - INFO - MainThread - server_logic - [DEBUG] found replica for vector: 3
2025-11-18 17:23:04,293 - INFO - MainThread - server_logic - [DEBUG] found replica for vector: 4
2025-11-18 17:23:04,293 - INFO - MainThread - server_logic - [DEBUG] found replica for vector: 1
2025-11-18 17:23:04,293 - INFO - MainThread - server_logic - [DEBUG] found replica for vector: 2
2025-11-18 17:23:04,293 - INFO - MainThread - server_logic - [DEBUG] found replica for vector: 3
2025-11-18 17:23:04,293 - INFO - MainThread - server_logic - [DEBUG] found replica for vector: 4
2025-11-18 17:23:04,293 - INFO - MainThread - server_logic - [DEBUG] found replica for vector: 1
2025-11-18 17:23:04,293 - INFO - MainThread - server_logic - [DEBUG] found replica for vector: 2
2025-11-18 17:23:04,293 - INFO - MainThread - server_logic - [DEBUG] found replica for vector: 3
2025-11-18 17:23:04,293 - INFO - MainThread - server_logic - [DEBUG] found replica for vector: 4
2025-11-18 17:23:04,293 - INFO - MainThread - server_logic - [DEBUG] found replica for vector: 1
2025-11-18 17:23:04,293 - INFO - MainThread - server_logic - [DEBUG] found replica for vector: 2
2025-11-18 17:23:04,293 - INFO - MainThread - server_logic - [DEBUG] found replica for vector: 3
2025-11-18 17:23:04,293 - INFO - MainThread - server_logic - [DEBUG] found replica for vector: 4
2025-11-18 17:23:04,294 - INFO - MainThread - server_logic - [DEBUG] found replica for vector: 1
2025-11-18 17:23:04,294 - INFO - MainThread - server_logic - [DEBUG] found replica for vector: 2
2025-11-18 17:23:04,294 - INFO - MainThread - server_logic - [DEBUG] found replica for vector: 3
2025-11-18 17:23:04,294 - INFO - MainThread - server_logic - [DEBUG] found replica for vector: 4
2025-11-18 17:23:04,294 - INFO - MainThread - server_logic - [DEBUG] found replica for vector: 1
2025-11-18 17:23:04,294 - INFO - MainThread - server_logic - [DEBUG] found replica for vector: 2
2025-11-18 17:23:04,294 - INFO - MainThread - server_logic - [DEBUG] found replica for vector: 3
2025-11-18 17:23:04,294 - INFO - MainThread - server_logic - [DEBUG] found replica for vector: 4
2025-11-18 17:23:04,294 - INFO - MainThread - server_logic - [DEBUG] found replica for vector: 1
2025-11-18 17:23:04,294 - INFO - MainThread - server_logic - [DEBUG] found replica for vector: 2
2025-11-18 17:23:04,294 - INFO - MainThread - server_logic - [DEBUG] found replica for vector: 3
2025-11-18 17:23:04,294 - INFO - MainThread - server_logic - [DEBUG] found replica for vector: 4
2025-11-18 17:23:04,294 - INFO - MainThread - server_logic - [DEBUG] found replica for vector: 1
2025-11-18 17:23:04,294 - INFO - MainThread - server_logic - [DEBUG] found replica for vector: 2
2025-11-18 17:23:04,294 - INFO - MainThread - server_logic - [DEBUG] found replica for vector: 3
2025-11-18 17:23:04,294 - INFO - MainThread - server_logic - [DEBUG] found replica for vector: 4
2025-11-18 17:23:04,294 - INFO - MainThread - server_logic - [DEBUG] found replica for vector: 1
2025-11-18 17:23:04,294 - INFO - MainThread - server_logic - [DEBUG] found replica for vector: 2
2025-11-18 17:23:04,294 - INFO - MainThread - server_logic - [DEBUG] found replica for vector: 3
2025-11-18 17:23:04,294 - INFO - MainThread - server_logic - [DEBUG] found replica for vector: 4
2025-11-18 17:23:04,294 - INFO - MainThread - server_logic - [DEBUG] found replica for vector: 1
2025-11-18 17:23:04,294 - INFO - MainThread - server_logic - [DEBUG] found replica for vector: 2
2025-11-18 17:23:04,294 - INFO - MainThread - server_logic - [DEBUG] found replica for vector: 3
2025-11-18 17:23:04,294 - INFO - MainThread - server_logic - [DEBUG] found replica for vector: 4
2025-11-18 17:23:04,294 - INFO - MainThread - server_logic - [DEBUG] found replica for vector: 1
2025-11-18 17:23:04,294 - INFO - MainThread - server_logic - [DEBUG] found replica for vector: 2
2025-11-18 17:23:04,294 - INFO - MainThread - server_logic - [DEBUG] found replica for vector: 3
2025-11-18 17:23:04,294 - INFO - MainThread - server_logic - [DEBUG] found replica for vector: 4
2025-11-18 17:23:04,294 - INFO - MainThread - server_logic - [DEBUG] found replica for vector: 1
2025-11-18 17:23:04,294 - INFO - MainThread - server_logic - [DEBUG] found replica for vector: 2
2025-11-18 17:23:04,294 - INFO - MainThread - server_logic - [DEBUG] found replica for vector: 3
2025-11-18 17:23:04,294 - INFO - MainThread - server_logic - [DEBUG] found replica for vector: 4
2025-11-18 17:23:04,294 - INFO - MainThread - server_logic - [DEBUG] found replica for vector: 1
2025-11-18 17:23:04,294 - INFO - MainThread - server_logic - [DEBUG] found replica for vector: 2
2025-11-18 17:23:04,294 - INFO - MainThread - server_logic - [DEBUG] found replica for vector: 3
2025-11-18 17:23:04,294 - INFO - MainThread - server_logic - [DEBUG] found replica for vector: 4
2025-11-18 17:23:04,294 - INFO - MainThread - server_logic - [DEBUG] found replica for vector: 1
2025-11-18 17:23:04,294 - INFO - MainThread - server_logic - [DEBUG] found replica for vector: 2
2025-11-18 17:23:04,294 - INFO - MainThread - server_logic - [DEBUG] found replica for vector: 3
2025-11-18 17:23:04,294 - INFO - MainThread - server_logic - [DEBUG] found replica for vector: 4
2025-11-18 17:23:04,294 - INFO - MainThread - server_logic - [DEBUG] found replica for vector: 1
2025-11-18 17:23:04,294 - INFO - MainThread - server_logic - [DEBUG] found replica for vector: 2
2025-11-18 17:23:04,294 - INFO - MainThread - server_logic - [DEBUG] found replica for vector: 3
2025-11-18 17:23:04,294 - INFO - MainThread - server_logic - [DEBUG] found replica for vector: 4
2025-11-18 17:23:04,294 - INFO - MainThread - server_logic - [DEBUG] found replica for vector: 1
2025-11-18 17:23:04,294 - INFO - MainThread - server_logic - [DEBUG] found replica for vector: 2
2025-11-18 17:23:04,294 - INFO - MainThread - server_logic - [DEBUG] found replica for vector: 3
2025-11-18 17:23:04,294 - INFO - MainThread - server_logic - [DEBUG] to me replica for vector: 3
2025-11-18 17:23:04,294 - INFO - MainThread - server_logic - [DEBUG] found replica for vector: 1
2025-11-18 17:23:04,294 - INFO - MainThread - server_logic - [DEBUG] found replica for vector: 2
2025-11-18 17:23:04,294 - INFO - MainThread - server_logic - [DEBUG] found replica for vector: 3
2025-11-18 17:23:04,294 - INFO - MainThread - server_logic - [DEBUG] found replica for vector: 4
2025-11-18 17:23:04,294 - INFO - MainThread - server_logic - [DEBUG] found replica for vector: 1
2025-11-18 17:23:04,294 - INFO - MainThread - server_logic - [DEBUG] found replica for vector: 2
2025-11-18 17:23:04,294 - INFO - MainThread - server_logic - [DEBUG] found replica for vector: 3
2025-11-18 17:23:04,294 - INFO - MainThread - server_logic - [DEBUG] found replica for vector: 4
2025-11-18 17:23:04,294 - INFO - MainThread - server_logic - [DEBUG] found replica for vector: 1
2025-11-18 17:23:04,295 - INFO - MainThread - server_logic - [DEBUG] found replica for vector: 2
2025-11-18 17:23:04,295 - INFO - MainThread - server_logic - [DEBUG] found replica for vector: 3
2025-11-18 17:23:04,295 - INFO - MainThread - server_logic - [DEBUG] to me replica for vector: 3
2025-11-18 17:23:04,295 - INFO - MainThread - server_logic - [DEBUG] found replica for vector: 1
2025-11-18 17:23:04,295 - INFO - MainThread - server_logic - [DEBUG] found replica for vector: 2
2025-11-18 17:23:04,295 - INFO - MainThread - server_logic - [DEBUG] found replica for vector: 3
2025-11-18 17:23:04,295 - INFO - MainThread - server_logic - [DEBUG] found replica for vector: 4
2025-11-18 17:23:04,295 - INFO - MainThread - server_logic - [DEBUG] found replica for vector: 1
2025-11-18 17:23:04,295 - INFO - MainThread - server_logic - [DEBUG] found replica for vector: 2
2025-11-18 17:23:04,295 - INFO - MainThread - server_logic - [DEBUG] found replica for vector: 3
2025-11-18 17:23:04,295 - INFO - MainThread - server_logic - [DEBUG] found replica for vector: 4
2025-11-18 17:23:04,295 - INFO - MainThread - server_logic - [DEBUG] found replica for vector: 1
2025-11-18 17:23:04,295 - INFO - MainThread - server_logic - [DEBUG] found replica for vector: 2
2025-11-18 17:23:04,295 - INFO - MainThread - server_logic - [DEBUG] found replica for vector: 3
2025-11-18 17:23:04,295 - INFO - MainThread - server_logic - [DEBUG] to me replica for vector: 3
2025-11-18 17:23:04,295 - INFO - MainThread - server_logic - [DEBUG] found replica for vector: 1
2025-11-18 17:23:04,295 - INFO - MainThread - server_logic - [DEBUG] found replica for vector: 2
2025-11-18 17:23:04,295 - INFO - MainThread - server_logic - [DEBUG] found replica for vector: 3
2025-11-18 17:23:04,295 - INFO - MainThread - server_logic - [DEBUG] found replica for vector: 4
2025-11-18 17:23:04,295 - INFO - MainThread - server_logic - [DEBUG] found replica for vector: 1
2025-11-18 17:23:04,295 - INFO - MainThread - server_logic - [DEBUG] found replica for vector: 2
2025-11-18 17:23:04,295 - INFO - MainThread - server_logic - [DEBUG] found replica for vector: 3
2025-11-18 17:23:04,295 - INFO - MainThread - server_logic - [DEBUG] found replica for vector: 4
2025-11-18 17:23:04,295 - INFO - MainThread - server_logic - [DEBUG] found replica for vector: 1
2025-11-18 17:23:04,295 - INFO - MainThread - server_logic - [DEBUG] found replica for vector: 2
2025-11-18 17:23:04,295 - INFO - MainThread - server_logic - [DEBUG] found replica for vector: 3
2025-11-18 17:23:04,295 - INFO - MainThread - server_logic - [DEBUG] found replica for vector: 4
2025-11-18 17:23:04,295 - INFO - MainThread - server_logic - [DEBUG] found replica for vector: 1
2025-11-18 17:23:04,295 - INFO - MainThread - server_logic - [DEBUG] found replica for vector: 2
2025-11-18 17:23:04,295 - INFO - MainThread - server_logic - [DEBUG] found replica for vector: 3
2025-11-18 17:23:04,295 - INFO - MainThread - server_logic - [DEBUG] to me replica for vector: 3
2025-11-18 17:23:04,295 - INFO - MainThread - server_logic - [DEBUG] found replica for vector: 1
2025-11-18 17:23:04,295 - INFO - MainThread - server_logic - [DEBUG] found replica for vector: 2
2025-11-18 17:23:04,295 - INFO - MainThread - server_logic - [DEBUG] found replica for vector: 3
2025-11-18 17:23:04,295 - INFO - MainThread - server_logic - [DEBUG] found replica for vector: 4
2025-11-18 17:23:04,295 - INFO - MainThread - server_logic - [DEBUG] found replica for vector: 1
2025-11-18 17:23:04,295 - INFO - MainThread - server_logic - [DEBUG] found replica for vector: 2
2025-11-18 17:23:04,295 - INFO - MainThread - server_logic - [DEBUG] found replica for vector: 3
2025-11-18 17:23:04,295 - INFO - MainThread - server_logic - [DEBUG] found replica for vector: 4
2025-11-18 17:23:04,295 - INFO - MainThread - server_logic - [DEBUG] found replica for vector: 1
2025-11-18 17:23:04,295 - INFO - MainThread - server_logic - [DEBUG] found replica for vector: 2
2025-11-18 17:23:04,295 - INFO - MainThread - server_logic - [DEBUG] found replica for vector: 3
2025-11-18 17:23:04,295 - INFO - MainThread - server_logic - [DEBUG] found replica for vector: 4
2025-11-18 17:23:04,295 - INFO - MainThread - server_logic - [DEBUG] found replica for vector: 1
2025-11-18 17:23:04,295 - INFO - MainThread - server_logic - [DEBUG] found replica for vector: 2
2025-11-18 17:23:04,295 - INFO - MainThread - server_logic - [DEBUG] found replica for vector: 3
2025-11-18 17:23:04,295 - INFO - MainThread - server_logic - [DEBUG] found replica for vector: 4
2025-11-18 17:23:04,295 - INFO - MainThread - server_logic - [DEBUG] found replica for vector: 1
2025-11-18 17:23:04,295 - INFO - MainThread - server_logic - [DEBUG] found replica for vector: 2
2025-11-18 17:23:04,295 - INFO - MainThread - server_logic - [DEBUG] found replica for vector: 3
2025-11-18 17:23:04,295 - INFO - MainThread - server_logic - [DEBUG] to me replica for vector: 3
2025-11-18 17:23:04,295 - INFO - MainThread - server_logic - [DEBUG] found replica for vector: 1
2025-11-18 17:23:04,295 - INFO - MainThread - server_logic - [DEBUG] found replica for vector: 2
2025-11-18 17:23:04,295 - INFO - MainThread - server_logic - [DEBUG] found replica for vector: 3
2025-11-18 17:23:04,295 - INFO - MainThread - server_logic - [DEBUG] found replica for vector: 4
2025-11-18 17:23:04,295 - INFO - MainThread - server_logic - [DEBUG] found replica for vector: 1
2025-11-18 17:23:04,296 - INFO - MainThread - server_logic - [DEBUG] found replica for vector: 2
2025-11-18 17:23:04,296 - INFO - MainThread - server_logic - [DEBUG] found replica for vector: 3
2025-11-18 17:23:04,296 - INFO - MainThread - server_logic - [DEBUG] found replica for vector: 4
2025-11-18 17:23:04,296 - INFO - MainThread - server_logic - [DEBUG] found replica for vector: 1
2025-11-18 17:23:04,296 - INFO - MainThread - server_logic - [DEBUG] found replica for vector: 2
2025-11-18 17:23:04,296 - INFO - MainThread - server_logic - [DEBUG] found replica for vector: 3
2025-11-18 17:23:04,296 - INFO - MainThread - server_logic - [DEBUG] found replica for vector: 4
2025-11-18 17:23:04,296 - INFO - MainThread - server_logic - [DEBUG] found replica for vector: 1
2025-11-18 17:23:04,296 - INFO - MainThread - server_logic - [DEBUG] found replica for vector: 2
2025-11-18 17:23:04,296 - INFO - MainThread - server_logic - [DEBUG] found replica for vector: 3
2025-11-18 17:23:04,296 - INFO - MainThread - server_logic - [DEBUG] found replica for vector: 4
2025-11-18 17:23:04,296 - INFO - MainThread - server_logic - [DEBUG] found replica for vector: 1
2025-11-18 17:23:04,296 - INFO - MainThread - server_logic - [DEBUG] found replica for vector: 2
2025-11-18 17:23:04,296 - INFO - MainThread - server_logic - [DEBUG] found replica for vector: 3
2025-11-18 17:23:04,296 - INFO - MainThread - server_logic - [DEBUG] found replica for vector: 4
2025-11-18 17:23:04,296 - INFO - MainThread - server_logic - [DEBUG] found replica for vector: 1
2025-11-18 17:23:04,296 - INFO - MainThread - server_logic - [DEBUG] found replica for vector: 2
2025-11-18 17:23:04,296 - INFO - MainThread - server_logic - [DEBUG] found replica for vector: 3
2025-11-18 17:23:04,296 - INFO - MainThread - server_logic - [DEBUG] found replica for vector: 4
2025-11-18 17:23:04,296 - INFO - MainThread - server_logic - [DEBUG] found replica for vector: 1
2025-11-18 17:23:04,296 - INFO - MainThread - server_logic - [DEBUG] found replica for vector: 2
2025-11-18 17:23:04,296 - INFO - MainThread - server_logic - [DEBUG] found replica for vector: 3
2025-11-18 17:23:04,296 - INFO - MainThread - server_logic - [DEBUG] to me replica for vector: 3
2025-11-18 17:23:04,296 - INFO - MainThread - server_logic - [DEBUG] found replica for vector: 1
2025-11-18 17:23:04,296 - INFO - MainThread - server_logic - [DEBUG] found replica for vector: 2
2025-11-18 17:23:04,296 - INFO - MainThread - server_logic - [DEBUG] found replica for vector: 3
2025-11-18 17:23:04,296 - INFO - MainThread - server_logic - [DEBUG] to me replica for vector: 3
2025-11-18 17:23:04,296 - INFO - MainThread - server_logic - [DEBUG] found replica for vector: 1
2025-11-18 17:23:04,296 - INFO - MainThread - server_logic - [DEBUG] found replica for vector: 2
2025-11-18 17:23:04,296 - INFO - MainThread - server_logic - [DEBUG] found replica for vector: 3
2025-11-18 17:23:04,296 - INFO - MainThread - server_logic - [DEBUG] to me replica for vector: 3
2025-11-18 17:23:04,296 - INFO - MainThread - server_logic - [DEBUG] found replica for vector: 1
2025-11-18 17:23:04,296 - INFO - MainThread - server_logic - [DEBUG] found replica for vector: 2
2025-11-18 17:23:04,296 - INFO - MainThread - server_logic - [DEBUG] found replica for vector: 3
2025-11-18 17:23:04,296 - INFO - MainThread - server_logic - [DEBUG] found replica for vector: 4
2025-11-18 17:23:04,296 - INFO - MainThread - server_logic - [DEBUG] found replica for vector: 1
2025-11-18 17:23:04,296 - INFO - MainThread - server_logic - [DEBUG] found replica for vector: 2
2025-11-18 17:23:04,296 - INFO - MainThread - server_logic - [DEBUG] found replica for vector: 3
2025-11-18 17:23:04,296 - INFO - MainThread - server_logic - [DEBUG] found replica for vector: 4
2025-11-18 17:23:04,296 - INFO - MainThread - server_logic - [DEBUG] found replica for vector: 1
2025-11-18 17:23:04,296 - INFO - MainThread - server_logic - [DEBUG] found replica for vector: 2
2025-11-18 17:23:04,296 - INFO - MainThread - server_logic - [DEBUG] found replica for vector: 3
2025-11-18 17:23:04,296 - INFO - MainThread - server_logic - [DEBUG] found replica for vector: 4
2025-11-18 17:23:04,296 - INFO - MainThread - server_logic - [DEBUG] found replica for vector: 1
2025-11-18 17:23:04,296 - INFO - MainThread - server_logic - [DEBUG] found replica for vector: 2
2025-11-18 17:23:04,296 - INFO - MainThread - server_logic - [DEBUG] found replica for vector: 3
2025-11-18 17:23:04,296 - INFO - MainThread - server_logic - [DEBUG] to me replica for vector: 3
2025-11-18 17:23:04,296 - INFO - MainThread - server_logic - [DEBUG] found replica for vector: 1
2025-11-18 17:23:04,296 - INFO - MainThread - server_logic - [DEBUG] found replica for vector: 2
2025-11-18 17:23:04,296 - INFO - MainThread - server_logic - [DEBUG] found replica for vector: 3
2025-11-18 17:23:04,296 - INFO - MainThread - server_logic - [DEBUG] found replica for vector: 4
2025-11-18 17:23:04,296 - INFO - MainThread - server_logic - [DEBUG] found replica for vector: 1
2025-11-18 17:23:04,296 - INFO - MainThread - server_logic - [DEBUG] found replica for vector: 2
2025-11-18 17:23:04,296 - INFO - MainThread - server_logic - [DEBUG] found replica for vector: 3
2025-11-18 17:23:04,296 - INFO - MainThread - server_logic - [DEBUG] found replica for vector: 4
2025-11-18 17:23:04,297 - INFO - MainThread - server_logic - [DEBUG] found replica for vector: 1
2025-11-18 17:23:04,297 - INFO - MainThread - server_logic - [DEBUG] found replica for vector: 2
2025-11-18 17:23:04,297 - INFO - MainThread - server_logic - [DEBUG] found replica for vector: 3
2025-11-18 17:23:04,297 - INFO - MainThread - server_logic - [DEBUG] found replica for vector: 4
2025-11-18 17:23:04,297 - INFO - MainThread - server_logic - [DEBUG] found replica for vector: 1
2025-11-18 17:23:04,297 - INFO - MainThread - server_logic - [DEBUG] found replica for vector: 2
2025-11-18 17:23:04,297 - INFO - MainThread - server_logic - [DEBUG] found replica for vector: 3
2025-11-18 17:23:04,297 - INFO - MainThread - server_logic - [DEBUG] found replica for vector: 4
2025-11-18 17:23:04,297 - INFO - MainThread - server_logic - [DEBUG] found replica for vector: 1
2025-11-18 17:23:04,297 - INFO - MainThread - server_logic - [DEBUG] found replica for vector: 2
2025-11-18 17:23:04,297 - INFO - MainThread - server_logic - [DEBUG] found replica for vector: 3
2025-11-18 17:23:04,297 - INFO - MainThread - server_logic - [DEBUG] found replica for vector: 4
2025-11-18 17:23:04,297 - INFO - MainThread - server_logic - [DEBUG] found replica for vector: 1
2025-11-18 17:23:04,297 - INFO - MainThread - server_logic - [DEBUG] found replica for vector: 2
2025-11-18 17:23:04,297 - INFO - MainThread - server_logic - [DEBUG] found replica for vector: 3
2025-11-18 17:23:04,297 - INFO - MainThread - server_logic - [DEBUG] found replica for vector: 4
2025-11-18 17:23:04,297 - INFO - MainThread - server_logic - [DEBUG] found replica for vector: 1
2025-11-18 17:23:04,297 - INFO - MainThread - server_logic - [DEBUG] found replica for vector: 2
2025-11-18 17:23:04,297 - INFO - MainThread - server_logic - [DEBUG] found replica for vector: 3
2025-11-18 17:23:04,297 - INFO - MainThread - server_logic - [DEBUG] found replica for vector: 4
2025-11-18 17:23:04,297 - INFO - MainThread - server_logic - [DEBUG] found replica for vector: 1
2025-11-18 17:23:04,297 - INFO - MainThread - server_logic - [DEBUG] found replica for vector: 2
2025-11-18 17:23:04,297 - INFO - MainThread - server_logic - [DEBUG] found replica for vector: 3
2025-11-18 17:23:04,297 - INFO - MainThread - server_logic - [DEBUG] found replica for vector: 4
2025-11-18 17:23:04,297 - INFO - MainThread - server_logic - [DEBUG] found replica for vector: 1
2025-11-18 17:23:04,297 - INFO - MainThread - server_logic - [DEBUG] found replica for vector: 2
2025-11-18 17:23:04,297 - INFO - MainThread - server_logic - [DEBUG] found replica for vector: 3
2025-11-18 17:23:04,297 - INFO - MainThread - server_logic - [DEBUG] found replica for vector: 4
2025-11-18 17:23:04,297 - INFO - MainThread - server_logic - [DEBUG] found replica for vector: 1
2025-11-18 17:23:04,297 - INFO - MainThread - server_logic - [DEBUG] found replica for vector: 2
2025-11-18 17:23:04,297 - INFO - MainThread - server_logic - [DEBUG] found replica for vector: 3
2025-11-18 17:23:04,297 - INFO - MainThread - server_logic - [DEBUG] found replica for vector: 4
2025-11-18 17:23:04,297 - INFO - MainThread - server_logic - [DEBUG] found replica for vector: 1
2025-11-18 17:23:04,297 - INFO - MainThread - server_logic - [DEBUG] found replica for vector: 2
2025-11-18 17:23:04,297 - INFO - MainThread - server_logic - [DEBUG] found replica for vector: 3
2025-11-18 17:23:04,297 - INFO - MainThread - server_logic - [DEBUG] found replica for vector: 4
2025-11-18 17:23:04,297 - INFO - MainThread - server_logic - [DEBUG] found replica for vector: 1
2025-11-18 17:23:04,297 - INFO - MainThread - server_logic - [DEBUG] found replica for vector: 2
2025-11-18 17:23:04,297 - INFO - MainThread - server_logic - [DEBUG] found replica for vector: 3
2025-11-18 17:23:04,297 - INFO - MainThread - server_logic - [DEBUG] found replica for vector: 4
2025-11-18 17:23:04,297 - INFO - MainThread - server_logic - [DEBUG] found replica for vector: 1
2025-11-18 17:23:04,297 - INFO - MainThread - server_logic - [DEBUG] found replica for vector: 2
2025-11-18 17:23:04,297 - INFO - MainThread - server_logic - [DEBUG] found replica for vector: 3
2025-11-18 17:23:04,297 - INFO - MainThread - server_logic - [DEBUG] to me replica for vector: 3
2025-11-18 17:23:04,297 - INFO - MainThread - server_logic - [DEBUG] found replica for vector: 1
2025-11-18 17:23:04,297 - INFO - MainThread - server_logic - [DEBUG] found replica for vector: 2
2025-11-18 17:23:04,297 - INFO - MainThread - server_logic - [DEBUG] found replica for vector: 3
2025-11-18 17:23:04,297 - INFO - MainThread - server_logic - [DEBUG] found replica for vector: 4
2025-11-18 17:23:04,297 - INFO - MainThread - server_logic - [DEBUG] found replica for vector: 1
2025-11-18 17:23:04,297 - INFO - MainThread - server_logic - [DEBUG] found replica for vector: 2
2025-11-18 17:23:04,297 - INFO - MainThread - server_logic - [DEBUG] found replica for vector: 3
2025-11-18 17:23:04,297 - INFO - MainThread - server_logic - [DEBUG] found replica for vector: 4
2025-11-18 17:23:04,297 - INFO - MainThread - server_logic - [DEBUG] found replica for vector: 1
2025-11-18 17:23:04,297 - INFO - MainThread - server_logic - [DEBUG] found replica for vector: 2
2025-11-18 17:23:04,297 - INFO - MainThread - server_logic - [DEBUG] found replica for vector: 3
2025-11-18 17:23:04,297 - INFO - MainThread - server_logic - [DEBUG] found replica for vector: 4
2025-11-18 17:23:04,297 - INFO - MainThread - server_logic - [DEBUG] found replica for vector: 1
2025-11-18 17:23:04,298 - INFO - MainThread - server_logic - [DEBUG] found replica for vector: 2
2025-11-18 17:23:04,298 - INFO - MainThread - server_logic - [DEBUG] found replica for vector: 3
2025-11-18 17:23:04,298 - INFO - MainThread - server_logic - [DEBUG] found replica for vector: 4
2025-11-18 17:23:04,298 - INFO - MainThread - server_logic - [DEBUG] found replica for vector: 1
2025-11-18 17:23:04,298 - INFO - MainThread - server_logic - [DEBUG] found replica for vector: 2
2025-11-18 17:23:04,298 - INFO - MainThread - server_logic - [DEBUG] found replica for vector: 3
2025-11-18 17:23:04,298 - INFO - MainThread - server_logic - [DEBUG] to me replica for vector: 3
2025-11-18 17:23:04,298 - INFO - MainThread - server_logic - [DEBUG] found replica for vector: 1
2025-11-18 17:23:04,298 - INFO - MainThread - server_logic - [DEBUG] found replica for vector: 2
2025-11-18 17:23:04,298 - INFO - MainThread - server_logic - [DEBUG] found replica for vector: 3
2025-11-18 17:23:04,298 - INFO - MainThread - server_logic - [DEBUG] found replica for vector: 4
2025-11-18 17:23:04,298 - INFO - MainThread - server_logic - [DEBUG] found replica for vector: 1
2025-11-18 17:23:04,298 - INFO - MainThread - server_logic - [DEBUG] found replica for vector: 2
2025-11-18 17:23:04,298 - INFO - MainThread - server_logic - [DEBUG] found replica for vector: 3
2025-11-18 17:23:04,298 - INFO - MainThread - server_logic - [DEBUG] found replica for vector: 4
2025-11-18 17:23:04,298 - INFO - MainThread - server_logic - [DEBUG] found replica for vector: 1
2025-11-18 17:23:04,298 - INFO - MainThread - server_logic - [DEBUG] found replica for vector: 2
2025-11-18 17:23:04,298 - INFO - MainThread - server_logic - [DEBUG] found replica for vector: 3
2025-11-18 17:23:04,298 - INFO - MainThread - server_logic - [DEBUG] found replica for vector: 4
2025-11-18 17:23:04,298 - INFO - MainThread - server_logic - [DEBUG] found replica for vector: 1
2025-11-18 17:23:04,298 - INFO - MainThread - server_logic - [DEBUG] found replica for vector: 2
2025-11-18 17:23:04,298 - INFO - MainThread - server_logic - [DEBUG] found replica for vector: 3
2025-11-18 17:23:04,298 - INFO - MainThread - server_logic - [DEBUG] found replica for vector: 4
2025-11-18 17:23:04,298 - INFO - MainThread - server_logic - [DEBUG] found replica for vector: 1
2025-11-18 17:23:04,298 - INFO - MainThread - server_logic - [DEBUG] found replica for vector: 2
2025-11-18 17:23:04,298 - INFO - MainThread - server_logic - [DEBUG] found replica for vector: 3
2025-11-18 17:23:04,298 - INFO - MainThread - server_logic - [DEBUG] found replica for vector: 4
2025-11-18 17:23:04,298 - INFO - MainThread - server_logic - [DEBUG] found replica for vector: 1
2025-11-18 17:23:04,298 - INFO - MainThread - server_logic - [DEBUG] found replica for vector: 2
2025-11-18 17:23:04,298 - INFO - MainThread - server_logic - [DEBUG] found replica for vector: 3
2025-11-18 17:23:04,298 - INFO - MainThread - server_logic - [DEBUG] found replica for vector: 4
2025-11-18 17:23:04,298 - INFO - MainThread - server_logic - [DEBUG] found replica for vector: 1
2025-11-18 17:23:04,298 - INFO - MainThread - server_logic - [DEBUG] found replica for vector: 2
2025-11-18 17:23:04,298 - INFO - MainThread - server_logic - [DEBUG] found replica for vector: 3
2025-11-18 17:23:04,298 - INFO - MainThread - server_logic - [DEBUG] found replica for vector: 4
2025-11-18 17:23:04,298 - INFO - MainThread - server_logic - [DEBUG] found replica for vector: 1
2025-11-18 17:23:04,298 - INFO - MainThread - server_logic - [DEBUG] found replica for vector: 2
2025-11-18 17:23:04,298 - INFO - MainThread - server_logic - [DEBUG] found replica for vector: 3
2025-11-18 17:23:04,298 - INFO - MainThread - server_logic - [DEBUG] to me replica for vector: 3
2025-11-18 17:23:04,298 - INFO - MainThread - server_logic - [DEBUG] found replica for vector: 1
2025-11-18 17:23:04,298 - INFO - MainThread - server_logic - [DEBUG] found replica for vector: 2
2025-11-18 17:23:04,298 - INFO - MainThread - server_logic - [DEBUG] found replica for vector: 3
2025-11-18 17:23:04,298 - INFO - MainThread - server_logic - [DEBUG] found replica for vector: 4
2025-11-18 17:23:04,298 - INFO - MainThread - server_logic - [DEBUG] found replica for vector: 1
2025-11-18 17:23:04,298 - INFO - MainThread - server_logic - [DEBUG] found replica for vector: 2
2025-11-18 17:23:04,298 - INFO - MainThread - server_logic - [DEBUG] found replica for vector: 3
2025-11-18 17:23:04,298 - INFO - MainThread - server_logic - [DEBUG] found replica for vector: 4
2025-11-18 17:23:04,298 - INFO - MainThread - server_logic - [DEBUG] found replica for vector: 1
2025-11-18 17:23:04,298 - INFO - MainThread - server_logic - [DEBUG] found replica for vector: 2
2025-11-18 17:23:04,298 - INFO - MainThread - server_logic - [DEBUG] found replica for vector: 3
2025-11-18 17:23:04,298 - INFO - MainThread - server_logic - [DEBUG] found replica for vector: 4
2025-11-18 17:23:04,298 - INFO - MainThread - server_logic - [DEBUG] found replica for vector: 1
2025-11-18 17:23:04,298 - INFO - MainThread - server_logic - [DEBUG] found replica for vector: 2
2025-11-18 17:23:04,298 - INFO - MainThread - server_logic - [DEBUG] found replica for vector: 3
2025-11-18 17:23:04,298 - INFO - MainThread - server_logic - [DEBUG] found replica for vector: 4
2025-11-18 17:23:04,298 - INFO - MainThread - server_logic - [DEBUG] found replica for vector: 1
2025-11-18 17:23:04,299 - INFO - MainThread - server_logic - [DEBUG] found replica for vector: 2
2025-11-18 17:23:04,299 - INFO - MainThread - server_logic - [DEBUG] found replica for vector: 3
2025-11-18 17:23:04,299 - INFO - MainThread - server_logic - [DEBUG] found replica for vector: 4
2025-11-18 17:23:04,299 - INFO - MainThread - server_logic - [DEBUG] found replica for vector: 1
2025-11-18 17:23:04,299 - INFO - MainThread - server_logic - [DEBUG] found replica for vector: 2
2025-11-18 17:23:04,299 - INFO - MainThread - server_logic - [DEBUG] found replica for vector: 3
2025-11-18 17:23:04,299 - INFO - MainThread - server_logic - [DEBUG] found replica for vector: 4
2025-11-18 17:23:04,299 - INFO - MainThread - server_logic - [DEBUG] found replica for vector: 1
2025-11-18 17:23:04,299 - INFO - MainThread - server_logic - [DEBUG] found replica for vector: 2
2025-11-18 17:23:04,299 - INFO - MainThread - server_logic - [DEBUG] found replica for vector: 3
2025-11-18 17:23:04,299 - INFO - MainThread - server_logic - [DEBUG] found replica for vector: 4
2025-11-18 17:23:04,299 - INFO - MainThread - server_logic - [DEBUG] found replica for vector: 1
2025-11-18 17:23:04,299 - INFO - MainThread - server_logic - [DEBUG] found replica for vector: 2
2025-11-18 17:23:04,299 - INFO - MainThread - server_logic - [DEBUG] found replica for vector: 3
2025-11-18 17:23:04,299 - INFO - MainThread - server_logic - [DEBUG] to me replica for vector: 3
2025-11-18 17:23:04,299 - INFO - MainThread - server_logic - [DEBUG] found replica for vector: 1
2025-11-18 17:23:04,299 - INFO - MainThread - server_logic - [DEBUG] found replica for vector: 2
2025-11-18 17:23:04,299 - INFO - MainThread - server_logic - [DEBUG] found replica for vector: 3
2025-11-18 17:23:04,299 - INFO - MainThread - server_logic - [DEBUG] found replica for vector: 4
2025-11-18 17:23:04,299 - INFO - MainThread - server_logic - [DEBUG] found replica for vector: 1
2025-11-18 17:23:04,299 - INFO - MainThread - server_logic - [DEBUG] found replica for vector: 2
2025-11-18 17:23:04,299 - INFO - MainThread - server_logic - [DEBUG] found replica for vector: 3
2025-11-18 17:23:04,299 - INFO - MainThread - server_logic - [DEBUG] found replica for vector: 4
2025-11-18 17:23:04,299 - INFO - MainThread - server_logic - [DEBUG] found replica for vector: 1
2025-11-18 17:23:04,299 - INFO - MainThread - server_logic - [DEBUG] found replica for vector: 2
2025-11-18 17:23:04,299 - INFO - MainThread - server_logic - [DEBUG] found replica for vector: 3
2025-11-18 17:23:04,299 - INFO - MainThread - server_logic - [DEBUG] to me replica for vector: 3
2025-11-18 17:23:04,299 - INFO - MainThread - server_logic - [DEBUG] found replica for vector: 1
2025-11-18 17:23:04,299 - INFO - MainThread - server_logic - [DEBUG] found replica for vector: 2
2025-11-18 17:23:04,299 - INFO - MainThread - server_logic - [DEBUG] found replica for vector: 3
2025-11-18 17:23:04,299 - INFO - MainThread - server_logic - [DEBUG] to me replica for vector: 3
2025-11-18 17:23:04,299 - INFO - MainThread - server_logic - [DEBUG] found replica for vector: 1
2025-11-18 17:23:04,299 - INFO - MainThread - server_logic - [DEBUG] found replica for vector: 2
2025-11-18 17:23:04,299 - INFO - MainThread - server_logic - [DEBUG] found replica for vector: 3
2025-11-18 17:23:04,299 - INFO - MainThread - server_logic - [DEBUG] found replica for vector: 4
2025-11-18 17:23:04,299 - INFO - MainThread - server_logic - [DEBUG] found replica for vector: 1
2025-11-18 17:23:04,299 - INFO - MainThread - server_logic - [DEBUG] found replica for vector: 2
2025-11-18 17:23:04,299 - INFO - MainThread - server_logic - [DEBUG] found replica for vector: 3
2025-11-18 17:23:04,299 - INFO - MainThread - server_logic - [DEBUG] found replica for vector: 4
2025-11-18 17:23:04,299 - INFO - MainThread - server_logic - [DEBUG] found replica for vector: 1
2025-11-18 17:23:04,299 - INFO - MainThread - server_logic - [DEBUG] found replica for vector: 2
2025-11-18 17:23:04,299 - INFO - MainThread - server_logic - [DEBUG] found replica for vector: 3
2025-11-18 17:23:04,299 - INFO - MainThread - server_logic - [DEBUG] found replica for vector: 4
2025-11-18 17:23:04,299 - INFO - MainThread - server_logic - [DEBUG] found replica for vector: 1
2025-11-18 17:23:04,299 - INFO - MainThread - server_logic - [DEBUG] found replica for vector: 2
2025-11-18 17:23:04,299 - INFO - MainThread - server_logic - [DEBUG] found replica for vector: 3
2025-11-18 17:23:04,299 - INFO - MainThread - server_logic - [DEBUG] found replica for vector: 4
2025-11-18 17:23:04,299 - INFO - MainThread - server_logic - [DEBUG] found replica for vector: 1
2025-11-18 17:23:04,299 - INFO - MainThread - server_logic - [DEBUG] found replica for vector: 2
2025-11-18 17:23:04,299 - INFO - MainThread - server_logic - [DEBUG] found replica for vector: 3
2025-11-18 17:23:04,299 - INFO - MainThread - server_logic - [DEBUG] found replica for vector: 4
2025-11-18 17:23:04,299 - INFO - MainThread - server_logic - [DEBUG] found replica for vector: 1
2025-11-18 17:23:04,299 - INFO - MainThread - server_logic - [DEBUG] found replica for vector: 2
2025-11-18 17:23:04,299 - INFO - MainThread - server_logic - [DEBUG] found replica for vector: 3
2025-11-18 17:23:04,299 - INFO - MainThread - server_logic - [DEBUG] found replica for vector: 4
2025-11-18 17:23:04,299 - INFO - MainThread - server_logic - [DEBUG] found replica for vector: 1
2025-11-18 17:23:04,299 - INFO - MainThread - server_logic - [DEBUG] found replica for vector: 2
2025-11-18 17:23:04,300 - INFO - MainThread - server_logic - [DEBUG] found replica for vector: 3
2025-11-18 17:23:04,300 - INFO - MainThread - server_logic - [DEBUG] found replica for vector: 4
2025-11-18 17:23:04,300 - INFO - MainThread - server_logic - [DEBUG] found replica for vector: 1
2025-11-18 17:23:04,300 - INFO - MainThread - server_logic - [DEBUG] found replica for vector: 2
2025-11-18 17:23:04,300 - INFO - MainThread - server_logic - [DEBUG] found replica for vector: 3
2025-11-18 17:23:04,300 - INFO - MainThread - server_logic - [DEBUG] to me replica for vector: 3
2025-11-18 17:23:04,300 - INFO - MainThread - server_logic - [DEBUG] found replica for vector: 1
2025-11-18 17:23:04,300 - INFO - MainThread - server_logic - [DEBUG] found replica for vector: 2
2025-11-18 17:23:04,300 - INFO - MainThread - server_logic - [DEBUG] found replica for vector: 3
2025-11-18 17:23:04,300 - INFO - MainThread - server_logic - [DEBUG] found replica for vector: 4
2025-11-18 17:23:04,300 - INFO - MainThread - server_logic - [DEBUG] found replica for vector: 1
2025-11-18 17:23:04,300 - INFO - MainThread - server_logic - [DEBUG] found replica for vector: 2
2025-11-18 17:23:04,300 - INFO - MainThread - server_logic - [DEBUG] found replica for vector: 3
2025-11-18 17:23:04,300 - INFO - MainThread - server_logic - [DEBUG] to me replica for vector: 3
2025-11-18 17:23:04,300 - INFO - MainThread - server_logic - [DEBUG] found replica for vector: 1
2025-11-18 17:23:04,300 - INFO - MainThread - server_logic - [DEBUG] found replica for vector: 2
2025-11-18 17:23:04,300 - INFO - MainThread - server_logic - [DEBUG] found replica for vector: 3
2025-11-18 17:23:04,300 - INFO - MainThread - server_logic - [DEBUG] found replica for vector: 4
2025-11-18 17:23:04,300 - INFO - MainThread - server_logic - [DEBUG] found replica for vector: 1
2025-11-18 17:23:04,300 - INFO - MainThread - server_logic - [DEBUG] found replica for vector: 2
2025-11-18 17:23:04,300 - INFO - MainThread - server_logic - [DEBUG] found replica for vector: 3
2025-11-18 17:23:04,300 - INFO - MainThread - server_logic - [DEBUG] found replica for vector: 4
2025-11-18 17:23:04,300 - INFO - MainThread - server_logic - [DEBUG] found replica for vector: 1
2025-11-18 17:23:04,300 - INFO - MainThread - server_logic - [DEBUG] found replica for vector: 2
2025-11-18 17:23:04,300 - INFO - MainThread - server_logic - [DEBUG] found replica for vector: 3
2025-11-18 17:23:04,300 - INFO - MainThread - server_logic - [DEBUG] found replica for vector: 4
2025-11-18 17:23:04,300 - INFO - MainThread - server_logic - [DEBUG] found replica for vector: 1
2025-11-18 17:23:04,300 - INFO - MainThread - server_logic - [DEBUG] found replica for vector: 2
2025-11-18 17:23:04,300 - INFO - MainThread - server_logic - [DEBUG] found replica for vector: 3
2025-11-18 17:23:04,300 - INFO - MainThread - server_logic - [DEBUG] found replica for vector: 4
2025-11-18 17:23:04,300 - INFO - MainThread - server_logic - [DEBUG] found replica for vector: 1
2025-11-18 17:23:04,300 - INFO - MainThread - server_logic - [DEBUG] found replica for vector: 2
2025-11-18 17:23:04,300 - INFO - MainThread - server_logic - [DEBUG] found replica for vector: 3
2025-11-18 17:23:04,300 - INFO - MainThread - server_logic - [DEBUG] found replica for vector: 4
2025-11-18 17:23:04,300 - INFO - MainThread - server_logic - [DEBUG] found replica for vector: 1
2025-11-18 17:23:04,300 - INFO - MainThread - server_logic - [DEBUG] found replica for vector: 2
2025-11-18 17:23:04,300 - INFO - MainThread - server_logic - [DEBUG] found replica for vector: 3
2025-11-18 17:23:04,300 - INFO - MainThread - server_logic - [DEBUG] found replica for vector: 4
2025-11-18 17:23:04,300 - INFO - MainThread - server_logic - [DEBUG] found replica for vector: 1
2025-11-18 17:23:04,300 - INFO - MainThread - server_logic - [DEBUG] found replica for vector: 2
2025-11-18 17:23:04,300 - INFO - MainThread - server_logic - [DEBUG] found replica for vector: 3
2025-11-18 17:23:04,300 - INFO - MainThread - server_logic - [DEBUG] found replica for vector: 4
2025-11-18 17:23:04,300 - INFO - MainThread - server_logic - [DEBUG] found replica for vector: 1
2025-11-18 17:23:04,300 - INFO - MainThread - server_logic - [DEBUG] found replica for vector: 2
2025-11-18 17:23:04,300 - INFO - MainThread - server_logic - [DEBUG] found replica for vector: 3
2025-11-18 17:23:04,300 - INFO - MainThread - server_logic - [DEBUG] found replica for vector: 4
2025-11-18 17:23:04,300 - INFO - MainThread - server_logic - [DEBUG] found replica for vector: 1
2025-11-18 17:23:04,300 - INFO - MainThread - server_logic - [DEBUG] found replica for vector: 2
2025-11-18 17:23:04,300 - INFO - MainThread - server_logic - [DEBUG] found replica for vector: 3
2025-11-18 17:23:04,300 - INFO - MainThread - server_logic - [DEBUG] found replica for vector: 4
2025-11-18 17:23:04,300 - INFO - MainThread - server_logic - [DEBUG] found replica for vector: 1
2025-11-18 17:23:04,300 - INFO - MainThread - server_logic - [DEBUG] found replica for vector: 2
2025-11-18 17:23:04,300 - INFO - MainThread - server_logic - [DEBUG] found replica for vector: 3
2025-11-18 17:23:04,300 - INFO - MainThread - server_logic - [DEBUG] found replica for vector: 4
2025-11-18 17:23:04,300 - INFO - MainThread - server_logic - [DEBUG] found replica for vector: 1
2025-11-18 17:23:04,300 - INFO - MainThread - server_logic - [DEBUG] found replica for vector: 2
2025-11-18 17:23:04,301 - INFO - MainThread - server_logic - [DEBUG] found replica for vector: 3
2025-11-18 17:23:04,301 - INFO - MainThread - server_logic - [DEBUG] found replica for vector: 4
2025-11-18 17:23:04,301 - INFO - MainThread - server_logic - [DEBUG] found replica for vector: 1
2025-11-18 17:23:04,301 - INFO - MainThread - server_logic - [DEBUG] found replica for vector: 2
2025-11-18 17:23:04,301 - INFO - MainThread - server_logic - [DEBUG] found replica for vector: 3
2025-11-18 17:23:04,301 - INFO - MainThread - server_logic - [DEBUG] found replica for vector: 4
2025-11-18 17:23:04,301 - INFO - MainThread - server_logic - [DEBUG] found replica for vector: 1
2025-11-18 17:23:04,301 - INFO - MainThread - server_logic - [DEBUG] found replica for vector: 2
2025-11-18 17:23:04,301 - INFO - MainThread - server_logic - [DEBUG] found replica for vector: 3
2025-11-18 17:23:04,301 - INFO - MainThread - server_logic - [DEBUG] found replica for vector: 4
2025-11-18 17:23:04,301 - INFO - MainThread - server_logic - [DEBUG] found replica for vector: 1
2025-11-18 17:23:04,301 - INFO - MainThread - server_logic - [DEBUG] found replica for vector: 2
2025-11-18 17:23:04,301 - INFO - MainThread - server_logic - [DEBUG] found replica for vector: 3
2025-11-18 17:23:04,301 - INFO - MainThread - server_logic - [DEBUG] found replica for vector: 4
2025-11-18 17:23:04,301 - INFO - MainThread - server_logic - [DEBUG] found replica for vector: 1
2025-11-18 17:23:04,301 - INFO - MainThread - server_logic - [DEBUG] found replica for vector: 2
2025-11-18 17:23:04,301 - INFO - MainThread - server_logic - [DEBUG] found replica for vector: 3
2025-11-18 17:23:04,301 - INFO - MainThread - server_logic - [DEBUG] found replica for vector: 4
2025-11-18 17:23:04,301 - INFO - MainThread - server_logic - [DEBUG] found replica for vector: 1
2025-11-18 17:23:04,301 - INFO - MainThread - server_logic - [DEBUG] found replica for vector: 2
2025-11-18 17:23:04,301 - INFO - MainThread - server_logic - [DEBUG] found replica for vector: 3
2025-11-18 17:23:04,301 - INFO - MainThread - server_logic - [DEBUG] found replica for vector: 4
2025-11-18 17:23:04,301 - INFO - MainThread - server_logic - [DEBUG] found replica for vector: 1
2025-11-18 17:23:04,301 - INFO - MainThread - server_logic - [DEBUG] found replica for vector: 2
2025-11-18 17:23:04,301 - INFO - MainThread - server_logic - [DEBUG] found replica for vector: 3
2025-11-18 17:23:04,301 - INFO - MainThread - server_logic - [DEBUG] found replica for vector: 4
2025-11-18 17:23:04,301 - INFO - MainThread - server_logic - [DEBUG] found replica for vector: 1
2025-11-18 17:23:04,301 - INFO - MainThread - server_logic - [DEBUG] found replica for vector: 2
2025-11-18 17:23:04,301 - INFO - MainThread - server_logic - [DEBUG] found replica for vector: 3
2025-11-18 17:23:04,301 - INFO - MainThread - server_logic - [DEBUG] to me replica for vector: 3
2025-11-18 17:23:04,301 - INFO - MainThread - server_logic - [DEBUG] found replica for vector: 1
2025-11-18 17:23:04,301 - INFO - MainThread - server_logic - [DEBUG] found replica for vector: 2
2025-11-18 17:23:04,301 - INFO - MainThread - server_logic - [DEBUG] found replica for vector: 3
2025-11-18 17:23:04,301 - INFO - MainThread - server_logic - [DEBUG] found replica for vector: 4
2025-11-18 17:23:04,301 - INFO - MainThread - server_logic - [DEBUG] found replica for vector: 1
2025-11-18 17:23:04,301 - INFO - MainThread - server_logic - [DEBUG] found replica for vector: 2
2025-11-18 17:23:04,301 - INFO - MainThread - server_logic - [DEBUG] found replica for vector: 3
2025-11-18 17:23:04,301 - INFO - MainThread - server_logic - [DEBUG] found replica for vector: 4
2025-11-18 17:23:04,301 - INFO - MainThread - server_logic - [DEBUG] found replica for vector: 1
2025-11-18 17:23:04,301 - INFO - MainThread - server_logic - [DEBUG] found replica for vector: 2
2025-11-18 17:23:04,301 - INFO - MainThread - server_logic - [DEBUG] found replica for vector: 3
2025-11-18 17:23:04,301 - INFO - MainThread - server_logic - [DEBUG] found replica for vector: 4
2025-11-18 17:23:04,301 - INFO - MainThread - server_logic - [DEBUG] found replica for vector: 1
2025-11-18 17:23:04,301 - INFO - MainThread - server_logic - [DEBUG] found replica for vector: 2
2025-11-18 17:23:04,301 - INFO - MainThread - server_logic - [DEBUG] found replica for vector: 3
2025-11-18 17:23:04,301 - INFO - MainThread - server_logic - [DEBUG] found replica for vector: 4
2025-11-18 17:23:04,301 - INFO - MainThread - server_logic - [DEBUG] found replica for vector: 1
2025-11-18 17:23:04,301 - INFO - MainThread - server_logic - [DEBUG] found replica for vector: 2
2025-11-18 17:23:04,301 - INFO - MainThread - server_logic - [DEBUG] found replica for vector: 3
2025-11-18 17:23:04,301 - INFO - MainThread - server_logic - [DEBUG] found replica for vector: 4
2025-11-18 17:23:04,301 - INFO - MainThread - server_logic - [DEBUG] found replica for vector: 1
2025-11-18 17:23:04,301 - INFO - MainThread - server_logic - [DEBUG] found replica for vector: 2
2025-11-18 17:23:04,301 - INFO - MainThread - server_logic - [DEBUG] found replica for vector: 3
2025-11-18 17:23:04,301 - INFO - MainThread - server_logic - [DEBUG] to me replica for vector: 3
2025-11-18 17:23:04,301 - INFO - MainThread - server_logic - [DEBUG] found replica for vector: 1
2025-11-18 17:23:04,302 - INFO - MainThread - server_logic - [DEBUG] found replica for vector: 2
2025-11-18 17:23:04,302 - INFO - MainThread - server_logic - [DEBUG] found replica for vector: 3
2025-11-18 17:23:04,302 - INFO - MainThread - server_logic - [DEBUG] found replica for vector: 4
2025-11-18 17:23:04,302 - INFO - MainThread - server_logic - [Router] Distribution: Peer node1: 73, Peer node2: 55, Peer node3: 55, Peer node4: 55, Peer node5: 55, Peer node6: 45, Peer node7: 45, Peer node8: 45, Peer node10: 83, Peer node11: 83, Peer node12: 83, Peer node13: 83, Peer node14: 73, Peer node15: 73, Peer node16: 73, Me (node9): 45
2025-11-18 17:23:04,302 - INFO - MainThread - server_logic - --> [Peer Send] Sending 73 vectors to Peer node1 (localhost:9001) | Status: clustered
2025-11-18 17:23:04,375 - INFO - MainThread - server_logic - --> [Peer Send] Success: Sent vectors to node1
2025-11-18 17:23:04,375 - INFO - MainThread - server_logic - --> [Peer Send] Sending 55 vectors to Peer node2 (localhost:9002) | Status: clustered
2025-11-18 17:23:04,443 - INFO - MainThread - server_logic - --> [Peer Send] Success: Sent vectors to node2
2025-11-18 17:23:04,443 - INFO - MainThread - server_logic - --> [Peer Send] Sending 55 vectors to Peer node3 (localhost:9003) | Status: clustered
2025-11-18 17:23:04,512 - INFO - MainThread - server_logic - --> [Peer Send] Success: Sent vectors to node3
2025-11-18 17:23:04,512 - INFO - MainThread - server_logic - --> [Peer Send] Sending 55 vectors to Peer node4 (localhost:9004) | Status: clustered
2025-11-18 17:23:04,581 - INFO - MainThread - server_logic - --> [Peer Send] Success: Sent vectors to node4
2025-11-18 17:23:04,581 - INFO - MainThread - server_logic - --> [Peer Send] Sending 55 vectors to Peer node5 (localhost:9005) | Status: clustered
2025-11-18 17:23:04,652 - INFO - MainThread - server_logic - --> [Peer Send] Success: Sent vectors to node5
2025-11-18 17:23:04,652 - INFO - MainThread - server_logic - --> [Peer Send] Sending 45 vectors to Peer node6 (localhost:9006) | Status: clustered
2025-11-18 17:23:04,719 - INFO - MainThread - server_logic - --> [Peer Send] Success: Sent vectors to node6
2025-11-18 17:23:04,720 - INFO - MainThread - server_logic - --> [Peer Send] Sending 45 vectors to Peer node7 (localhost:9007) | Status: clustered
2025-11-18 17:23:04,788 - INFO - MainThread - server_logic - --> [Peer Send] Success: Sent vectors to node7
2025-11-18 17:23:04,789 - INFO - MainThread - server_logic - --> [Peer Send] Sending 45 vectors to Peer node8 (localhost:9008) | Status: clustered
2025-11-18 17:23:04,854 - INFO - MainThread - server_logic - --> [Peer Send] Success: Sent vectors to node8
2025-11-18 17:23:04,855 - INFO - MainThread - server_logic - --> [Peer Send] Sending 83 vectors to Peer node10 (localhost:9010) | Status: clustered
2025-11-18 17:23:04,930 - INFO - MainThread - server_logic - --> [Peer Send] Success: Sent vectors to node10
2025-11-18 17:23:04,930 - INFO - MainThread - server_logic - --> [Peer Send] Sending 83 vectors to Peer node11 (localhost:9011) | Status: clustered
2025-11-18 17:23:05,004 - INFO - MainThread - server_logic - --> [Peer Send] Success: Sent vectors to node11
2025-11-18 17:23:05,004 - INFO - MainThread - server_logic - --> [Peer Send] Sending 83 vectors to Peer node12 (localhost:9012) | Status: clustered
2025-11-18 17:23:05,076 - INFO - MainThread - server_logic - --> [Peer Send] Success: Sent vectors to node12
2025-11-18 17:23:05,076 - INFO - MainThread - server_logic - --> [Peer Send] Sending 83 vectors to Peer node13 (localhost:9013) | Status: clustered
2025-11-18 17:23:05,150 - INFO - MainThread - server_logic - --> [Peer Send] Success: Sent vectors to node13
2025-11-18 17:23:05,150 - INFO - MainThread - server_logic - --> [Peer Send] Sending 73 vectors to Peer node14 (localhost:9014) | Status: clustered
2025-11-18 17:23:05,222 - INFO - MainThread - server_logic - --> [Peer Send] Success: Sent vectors to node14
2025-11-18 17:23:05,222 - INFO - MainThread - server_logic - --> [Peer Send] Sending 73 vectors to Peer node15 (localhost:9015) | Status: clustered
2025-11-18 17:23:05,301 - INFO - MainThread - server_logic - --> [Peer Send] Success: Sent vectors to node15
2025-11-18 17:23:05,301 - INFO - MainThread - server_logic - --> [Peer Send] Sending 73 vectors to Peer node16 (localhost:9016) | Status: clustered
2025-11-18 17:23:05,373 - INFO - MainThread - server_logic - --> [Peer Send] Success: Sent vectors to node16
2025-11-18 17:23:05,373 - INFO - MainThread - server_logic - [Add Vectors] Processing 45 vectors. Sender Status: clustered. Current Node Status: clustered
2025-11-18 17:23:05,373 - INFO - MainThread - server_logic - [Add Vectors] Direct Insert: Storing 45 vectors in local Qdrant (Sender is clustered).
2025-11-18 17:23:05,426 - INFO - MainThread - httpx - HTTP Request: GET http://localhost:6349 "HTTP/1.1 200 OK"
2025-11-18 17:23:05,426 - INFO - MainThread - qdrant_module - [Qdrant] Attempting to insert 45 vectors into vectors on http://localhost:6349...
2025-11-18 17:23:05,436 - INFO - MainThread - qdrant_module - [Qdrant] Success: Inserted 45 vectors.
2025-11-18 17:23:05,437 - INFO - MainThread - __main__ - API: /add completed
2025-11-18 17:23:05,438 - INFO - MainThread - uvicorn.access - 127.0.0.1:50985 - "POST /add HTTP/1.1" 200
2025-11-18 17:23:06,119 - INFO - ThreadPoolExecutor-0_0 - grpc_handler - [GRPC IN] ReceiveVectors called. ReqID: 74, Type: clustered, Count: 54
2025-11-18 17:23:06,120 - INFO - ThreadPoolExecutor-0_0 - server_logic - [Add Vectors] Processing 54 vectors. Sender Status: clustered. Current Node Status: clustered
2025-11-18 17:23:06,120 - INFO - ThreadPoolExecutor-0_0 - server_logic - [Add Vectors] Direct Insert: Storing 54 vectors in local Qdrant (Sender is clustered).
2025-11-18 17:23:06,174 - INFO - ThreadPoolExecutor-0_0 - httpx - HTTP Request: GET http://localhost:6349 "HTTP/1.1 200 OK"
2025-11-18 17:23:06,174 - INFO - ThreadPoolExecutor-0_0 - qdrant_module - [Qdrant] Attempting to insert 54 vectors into vectors on http://localhost:6349...
2025-11-18 17:23:06,185 - INFO - ThreadPoolExecutor-0_0 - qdrant_module - [Qdrant] Success: Inserted 54 vectors.
2025-11-18 17:23:06,186 - INFO - ThreadPoolExecutor-0_0 - grpc_handler - [GRPC IN] ReceiveVectors processed successfully.
2025-11-18 17:23:07,347 - INFO - ThreadPoolExecutor-0_1 - grpc_handler - [GRPC IN] ReceiveVectors called. ReqID: 75, Type: clustered, Count: 37
2025-11-18 17:23:07,347 - INFO - ThreadPoolExecutor-0_1 - server_logic - [Add Vectors] Processing 37 vectors. Sender Status: clustered. Current Node Status: clustered
2025-11-18 17:23:07,347 - INFO - ThreadPoolExecutor-0_1 - server_logic - [Add Vectors] Direct Insert: Storing 37 vectors in local Qdrant (Sender is clustered).
2025-11-18 17:23:07,401 - INFO - ThreadPoolExecutor-0_1 - httpx - HTTP Request: GET http://localhost:6349 "HTTP/1.1 200 OK"
2025-11-18 17:23:07,401 - INFO - ThreadPoolExecutor-0_1 - qdrant_module - [Qdrant] Attempting to insert 37 vectors into vectors on http://localhost:6349...
2025-11-18 17:23:07,410 - INFO - ThreadPoolExecutor-0_1 - qdrant_module - [Qdrant] Success: Inserted 37 vectors.
2025-11-18 17:23:07,412 - INFO - ThreadPoolExecutor-0_1 - grpc_handler - [GRPC IN] ReceiveVectors processed successfully.
2025-11-18 17:23:08,545 - INFO - ThreadPoolExecutor-0_0 - grpc_handler - [GRPC IN] ReceiveVectors called. ReqID: 76, Type: clustered, Count: 45
2025-11-18 17:23:08,546 - INFO - ThreadPoolExecutor-0_0 - server_logic - [Add Vectors] Processing 45 vectors. Sender Status: clustered. Current Node Status: clustered
2025-11-18 17:23:08,546 - INFO - ThreadPoolExecutor-0_0 - server_logic - [Add Vectors] Direct Insert: Storing 45 vectors in local Qdrant (Sender is clustered).
2025-11-18 17:23:08,597 - INFO - ThreadPoolExecutor-0_0 - httpx - HTTP Request: GET http://localhost:6349 "HTTP/1.1 200 OK"
2025-11-18 17:23:08,597 - INFO - ThreadPoolExecutor-0_0 - qdrant_module - [Qdrant] Attempting to insert 45 vectors into vectors on http://localhost:6349...
2025-11-18 17:23:08,605 - INFO - ThreadPoolExecutor-0_0 - qdrant_module - [Qdrant] Success: Inserted 45 vectors.
2025-11-18 17:23:08,606 - INFO - ThreadPoolExecutor-0_0 - grpc_handler - [GRPC IN] ReceiveVectors processed successfully.
2025-11-18 17:23:09,760 - INFO - ThreadPoolExecutor-0_1 - grpc_handler - [GRPC IN] ReceiveVectors called. ReqID: 77, Type: clustered, Count: 49
2025-11-18 17:23:09,760 - INFO - ThreadPoolExecutor-0_1 - server_logic - [Add Vectors] Processing 49 vectors. Sender Status: clustered. Current Node Status: clustered
2025-11-18 17:23:09,760 - INFO - ThreadPoolExecutor-0_1 - server_logic - [Add Vectors] Direct Insert: Storing 49 vectors in local Qdrant (Sender is clustered).
2025-11-18 17:23:09,814 - INFO - ThreadPoolExecutor-0_1 - httpx - HTTP Request: GET http://localhost:6349 "HTTP/1.1 200 OK"
2025-11-18 17:23:09,815 - INFO - ThreadPoolExecutor-0_1 - qdrant_module - [Qdrant] Attempting to insert 49 vectors into vectors on http://localhost:6349...
2025-11-18 17:23:09,825 - INFO - ThreadPoolExecutor-0_1 - qdrant_module - [Qdrant] Success: Inserted 49 vectors.
2025-11-18 17:23:09,826 - INFO - ThreadPoolExecutor-0_1 - grpc_handler - [GRPC IN] ReceiveVectors processed successfully.
2025-11-18 17:23:10,961 - INFO - ThreadPoolExecutor-0_0 - grpc_handler - [GRPC IN] ReceiveVectors called. ReqID: 78, Type: clustered, Count: 40
2025-11-18 17:23:10,961 - INFO - ThreadPoolExecutor-0_0 - server_logic - [Add Vectors] Processing 40 vectors. Sender Status: clustered. Current Node Status: clustered
2025-11-18 17:23:10,961 - INFO - ThreadPoolExecutor-0_0 - server_logic - [Add Vectors] Direct Insert: Storing 40 vectors in local Qdrant (Sender is clustered).
2025-11-18 17:23:11,014 - INFO - ThreadPoolExecutor-0_0 - httpx - HTTP Request: GET http://localhost:6349 "HTTP/1.1 200 OK"
2025-11-18 17:23:11,015 - INFO - ThreadPoolExecutor-0_0 - qdrant_module - [Qdrant] Attempting to insert 40 vectors into vectors on http://localhost:6349...
2025-11-18 17:23:11,024 - INFO - ThreadPoolExecutor-0_0 - qdrant_module - [Qdrant] Success: Inserted 40 vectors.
2025-11-18 17:23:11,025 - INFO - ThreadPoolExecutor-0_0 - grpc_handler - [GRPC IN] ReceiveVectors processed successfully.
2025-11-18 17:23:12,189 - INFO - ThreadPoolExecutor-0_1 - grpc_handler - [GRPC IN] ReceiveVectors called. ReqID: 79, Type: clustered, Count: 44
2025-11-18 17:23:12,190 - INFO - ThreadPoolExecutor-0_1 - server_logic - [Add Vectors] Processing 44 vectors. Sender Status: clustered. Current Node Status: clustered
2025-11-18 17:23:12,190 - INFO - ThreadPoolExecutor-0_1 - server_logic - [Add Vectors] Direct Insert: Storing 44 vectors in local Qdrant (Sender is clustered).
2025-11-18 17:23:12,241 - INFO - ThreadPoolExecutor-0_1 - httpx - HTTP Request: GET http://localhost:6349 "HTTP/1.1 200 OK"
2025-11-18 17:23:12,242 - INFO - ThreadPoolExecutor-0_1 - qdrant_module - [Qdrant] Attempting to insert 44 vectors into vectors on http://localhost:6349...
2025-11-18 17:23:12,249 - INFO - ThreadPoolExecutor-0_1 - qdrant_module - [Qdrant] Success: Inserted 44 vectors.
2025-11-18 17:23:12,250 - INFO - ThreadPoolExecutor-0_1 - grpc_handler - [GRPC IN] ReceiveVectors processed successfully.
2025-11-18 17:23:13,408 - INFO - ThreadPoolExecutor-0_0 - grpc_handler - [GRPC IN] ReceiveVectors called. ReqID: 80, Type: clustered, Count: 47
2025-11-18 17:23:13,408 - INFO - ThreadPoolExecutor-0_0 - server_logic - [Add Vectors] Processing 47 vectors. Sender Status: clustered. Current Node Status: clustered
2025-11-18 17:23:13,408 - INFO - ThreadPoolExecutor-0_0 - server_logic - [Add Vectors] Direct Insert: Storing 47 vectors in local Qdrant (Sender is clustered).
2025-11-18 17:23:13,463 - INFO - ThreadPoolExecutor-0_0 - httpx - HTTP Request: GET http://localhost:6349 "HTTP/1.1 200 OK"
2025-11-18 17:23:13,463 - INFO - ThreadPoolExecutor-0_0 - qdrant_module - [Qdrant] Attempting to insert 47 vectors into vectors on http://localhost:6349...
2025-11-18 17:23:13,478 - INFO - ThreadPoolExecutor-0_0 - qdrant_module - [Qdrant] Success: Inserted 47 vectors.
2025-11-18 17:23:13,479 - INFO - ThreadPoolExecutor-0_0 - grpc_handler - [GRPC IN] ReceiveVectors processed successfully.
2025-11-18 17:23:14,565 - INFO - ThreadPoolExecutor-0_1 - grpc_handler - [GRPC IN] ReceiveVectors called. ReqID: 81, Type: clustered, Count: 37
2025-11-18 17:23:14,565 - INFO - ThreadPoolExecutor-0_1 - server_logic - [Add Vectors] Processing 37 vectors. Sender Status: clustered. Current Node Status: clustered
2025-11-18 17:23:14,565 - INFO - ThreadPoolExecutor-0_1 - server_logic - [Add Vectors] Direct Insert: Storing 37 vectors in local Qdrant (Sender is clustered).
2025-11-18 17:23:14,617 - INFO - ThreadPoolExecutor-0_1 - httpx - HTTP Request: GET http://localhost:6349 "HTTP/1.1 200 OK"
2025-11-18 17:23:14,618 - INFO - ThreadPoolExecutor-0_1 - qdrant_module - [Qdrant] Attempting to insert 37 vectors into vectors on http://localhost:6349...
2025-11-18 17:23:14,626 - INFO - ThreadPoolExecutor-0_1 - qdrant_module - [Qdrant] Success: Inserted 37 vectors.
2025-11-18 17:23:14,627 - INFO - ThreadPoolExecutor-0_1 - grpc_handler - [GRPC IN] ReceiveVectors processed successfully.
2025-11-18 17:23:15,776 - INFO - ThreadPoolExecutor-0_0 - grpc_handler - [GRPC IN] ReceiveVectors called. ReqID: 82, Type: clustered, Count: 48
2025-11-18 17:23:15,777 - INFO - ThreadPoolExecutor-0_0 - server_logic - [Add Vectors] Processing 48 vectors. Sender Status: clustered. Current Node Status: clustered
2025-11-18 17:23:15,777 - INFO - ThreadPoolExecutor-0_0 - server_logic - [Add Vectors] Direct Insert: Storing 48 vectors in local Qdrant (Sender is clustered).
2025-11-18 17:23:15,830 - INFO - ThreadPoolExecutor-0_0 - httpx - HTTP Request: GET http://localhost:6349 "HTTP/1.1 200 OK"
2025-11-18 17:23:15,831 - INFO - ThreadPoolExecutor-0_0 - qdrant_module - [Qdrant] Attempting to insert 48 vectors into vectors on http://localhost:6349...
2025-11-18 17:23:15,841 - INFO - ThreadPoolExecutor-0_0 - qdrant_module - [Qdrant] Success: Inserted 48 vectors.
2025-11-18 17:23:15,843 - INFO - ThreadPoolExecutor-0_0 - grpc_handler - [GRPC IN] ReceiveVectors processed successfully.
2025-11-18 17:23:16,981 - INFO - ThreadPoolExecutor-0_1 - grpc_handler - [GRPC IN] ReceiveVectors called. ReqID: 83, Type: clustered, Count: 55
2025-11-18 17:23:16,982 - INFO - ThreadPoolExecutor-0_1 - server_logic - [Add Vectors] Processing 55 vectors. Sender Status: clustered. Current Node Status: clustered
2025-11-18 17:23:16,982 - INFO - ThreadPoolExecutor-0_1 - server_logic - [Add Vectors] Direct Insert: Storing 55 vectors in local Qdrant (Sender is clustered).
2025-11-18 17:23:17,035 - INFO - ThreadPoolExecutor-0_1 - httpx - HTTP Request: GET http://localhost:6349 "HTTP/1.1 200 OK"
2025-11-18 17:23:17,035 - INFO - ThreadPoolExecutor-0_1 - qdrant_module - [Qdrant] Attempting to insert 55 vectors into vectors on http://localhost:6349...
2025-11-18 17:23:17,045 - INFO - ThreadPoolExecutor-0_1 - qdrant_module - [Qdrant] Success: Inserted 55 vectors.
2025-11-18 17:23:17,046 - INFO - ThreadPoolExecutor-0_1 - grpc_handler - [GRPC IN] ReceiveVectors processed successfully.
2025-11-18 17:23:18,220 - INFO - ThreadPoolExecutor-0_0 - grpc_handler - [GRPC IN] ReceiveVectors called. ReqID: 84, Type: clustered, Count: 56
2025-11-18 17:23:18,221 - INFO - ThreadPoolExecutor-0_0 - server_logic - [Add Vectors] Processing 56 vectors. Sender Status: clustered. Current Node Status: clustered
2025-11-18 17:23:18,221 - INFO - ThreadPoolExecutor-0_0 - server_logic - [Add Vectors] Direct Insert: Storing 56 vectors in local Qdrant (Sender is clustered).
2025-11-18 17:23:18,274 - INFO - ThreadPoolExecutor-0_0 - httpx - HTTP Request: GET http://localhost:6349 "HTTP/1.1 200 OK"
2025-11-18 17:23:18,275 - INFO - ThreadPoolExecutor-0_0 - qdrant_module - [Qdrant] Attempting to insert 56 vectors into vectors on http://localhost:6349...
2025-11-18 17:23:18,284 - INFO - ThreadPoolExecutor-0_0 - qdrant_module - [Qdrant] Success: Inserted 56 vectors.
2025-11-18 17:23:18,286 - INFO - ThreadPoolExecutor-0_0 - grpc_handler - [GRPC IN] ReceiveVectors processed successfully.
2025-11-18 17:23:19,425 - INFO - ThreadPoolExecutor-0_1 - grpc_handler - [GRPC IN] ReceiveVectors called. ReqID: 85, Type: clustered, Count: 39
2025-11-18 17:23:19,425 - INFO - ThreadPoolExecutor-0_1 - server_logic - [Add Vectors] Processing 39 vectors. Sender Status: clustered. Current Node Status: clustered
2025-11-18 17:23:19,425 - INFO - ThreadPoolExecutor-0_1 - server_logic - [Add Vectors] Direct Insert: Storing 39 vectors in local Qdrant (Sender is clustered).
2025-11-18 17:23:19,478 - INFO - ThreadPoolExecutor-0_1 - httpx - HTTP Request: GET http://localhost:6349 "HTTP/1.1 200 OK"
2025-11-18 17:23:19,479 - INFO - ThreadPoolExecutor-0_1 - qdrant_module - [Qdrant] Attempting to insert 39 vectors into vectors on http://localhost:6349...
2025-11-18 17:23:19,487 - INFO - ThreadPoolExecutor-0_1 - qdrant_module - [Qdrant] Success: Inserted 39 vectors.
2025-11-18 17:23:19,488 - INFO - ThreadPoolExecutor-0_1 - grpc_handler - [GRPC IN] ReceiveVectors processed successfully.
2025-11-18 17:23:20,649 - INFO - ThreadPoolExecutor-0_0 - grpc_handler - [GRPC IN] ReceiveVectors called. ReqID: 86, Type: clustered, Count: 58
2025-11-18 17:23:20,649 - INFO - ThreadPoolExecutor-0_0 - server_logic - [Add Vectors] Processing 58 vectors. Sender Status: clustered. Current Node Status: clustered
2025-11-18 17:23:20,649 - INFO - ThreadPoolExecutor-0_0 - server_logic - [Add Vectors] Direct Insert: Storing 58 vectors in local Qdrant (Sender is clustered).
2025-11-18 17:23:20,701 - INFO - ThreadPoolExecutor-0_0 - httpx - HTTP Request: GET http://localhost:6349 "HTTP/1.1 200 OK"
2025-11-18 17:23:20,701 - INFO - ThreadPoolExecutor-0_0 - qdrant_module - [Qdrant] Attempting to insert 58 vectors into vectors on http://localhost:6349...
2025-11-18 17:23:20,709 - INFO - ThreadPoolExecutor-0_0 - qdrant_module - [Qdrant] Success: Inserted 58 vectors.
2025-11-18 17:23:20,710 - INFO - ThreadPoolExecutor-0_0 - grpc_handler - [GRPC IN] ReceiveVectors processed successfully.
2025-11-18 17:23:21,838 - INFO - ThreadPoolExecutor-0_1 - grpc_handler - [GRPC IN] ReceiveVectors called. ReqID: 87, Type: clustered, Count: 58
2025-11-18 17:23:21,839 - INFO - ThreadPoolExecutor-0_1 - server_logic - [Add Vectors] Processing 58 vectors. Sender Status: clustered. Current Node Status: clustered
2025-11-18 17:23:21,839 - INFO - ThreadPoolExecutor-0_1 - server_logic - [Add Vectors] Direct Insert: Storing 58 vectors in local Qdrant (Sender is clustered).
2025-11-18 17:23:21,892 - INFO - ThreadPoolExecutor-0_1 - httpx - HTTP Request: GET http://localhost:6349 "HTTP/1.1 200 OK"
2025-11-18 17:23:21,892 - INFO - ThreadPoolExecutor-0_1 - qdrant_module - [Qdrant] Attempting to insert 58 vectors into vectors on http://localhost:6349...
2025-11-18 17:23:21,902 - INFO - ThreadPoolExecutor-0_1 - qdrant_module - [Qdrant] Success: Inserted 58 vectors.
2025-11-18 17:23:21,903 - INFO - ThreadPoolExecutor-0_1 - grpc_handler - [GRPC IN] ReceiveVectors processed successfully.
2025-11-18 17:23:23,048 - INFO - ThreadPoolExecutor-0_0 - grpc_handler - [GRPC IN] ReceiveVectors called. ReqID: 88, Type: clustered, Count: 48
2025-11-18 17:23:23,048 - INFO - ThreadPoolExecutor-0_0 - server_logic - [Add Vectors] Processing 48 vectors. Sender Status: clustered. Current Node Status: clustered
2025-11-18 17:23:23,048 - INFO - ThreadPoolExecutor-0_0 - server_logic - [Add Vectors] Direct Insert: Storing 48 vectors in local Qdrant (Sender is clustered).
2025-11-18 17:23:23,100 - INFO - ThreadPoolExecutor-0_0 - httpx - HTTP Request: GET http://localhost:6349 "HTTP/1.1 200 OK"
2025-11-18 17:23:23,100 - INFO - ThreadPoolExecutor-0_0 - qdrant_module - [Qdrant] Attempting to insert 48 vectors into vectors on http://localhost:6349...
2025-11-18 17:23:23,108 - INFO - ThreadPoolExecutor-0_0 - qdrant_module - [Qdrant] Success: Inserted 48 vectors.
2025-11-18 17:23:23,109 - INFO - ThreadPoolExecutor-0_0 - grpc_handler - [GRPC IN] ReceiveVectors processed successfully.
2025-11-18 17:23:23,759 - INFO - MainThread - __main__ - API: /add called. ReqID: 89, Vectors: 256
2025-11-18 17:23:23,760 - INFO - MainThread - server_logic - [Client Request] Client wants to add 256 vectors. My Status: clustered
2025-11-18 17:23:23,760 - INFO - MainThread - server_logic - [Client Request] System Clustered. Routing vectors to appropriate peers.
2025-11-18 17:23:23,760 - INFO - MainThread - server_logic - [Router] Routing 256 vectors among 16 nodes (Replicas: 4).
2025-11-18 17:23:23,760 - INFO - MainThread - server_logic - [DEBUG] found replica for vector: 1
2025-11-18 17:23:23,760 - INFO - MainThread - server_logic - [DEBUG] found replica for vector: 2
2025-11-18 17:23:23,760 - INFO - MainThread - server_logic - [DEBUG] found replica for vector: 3
2025-11-18 17:23:23,760 - INFO - MainThread - server_logic - [DEBUG] to me replica for vector: 3
2025-11-18 17:23:23,760 - INFO - MainThread - server_logic - [DEBUG] found replica for vector: 1
2025-11-18 17:23:23,760 - INFO - MainThread - server_logic - [DEBUG] found replica for vector: 2
2025-11-18 17:23:23,760 - INFO - MainThread - server_logic - [DEBUG] found replica for vector: 3
2025-11-18 17:23:23,760 - INFO - MainThread - server_logic - [DEBUG] found replica for vector: 4
2025-11-18 17:23:23,760 - INFO - MainThread - server_logic - [DEBUG] found replica for vector: 1
2025-11-18 17:23:23,760 - INFO - MainThread - server_logic - [DEBUG] found replica for vector: 2
2025-11-18 17:23:23,760 - INFO - MainThread - server_logic - [DEBUG] found replica for vector: 3
2025-11-18 17:23:23,760 - INFO - MainThread - server_logic - [DEBUG] found replica for vector: 4
2025-11-18 17:23:23,760 - INFO - MainThread - server_logic - [DEBUG] found replica for vector: 1
2025-11-18 17:23:23,760 - INFO - MainThread - server_logic - [DEBUG] found replica for vector: 2
2025-11-18 17:23:23,760 - INFO - MainThread - server_logic - [DEBUG] found replica for vector: 3
2025-11-18 17:23:23,760 - INFO - MainThread - server_logic - [DEBUG] found replica for vector: 4
2025-11-18 17:23:23,760 - INFO - MainThread - server_logic - [DEBUG] found replica for vector: 1
2025-11-18 17:23:23,760 - INFO - MainThread - server_logic - [DEBUG] found replica for vector: 2
2025-11-18 17:23:23,760 - INFO - MainThread - server_logic - [DEBUG] found replica for vector: 3
2025-11-18 17:23:23,760 - INFO - MainThread - server_logic - [DEBUG] found replica for vector: 4
2025-11-18 17:23:23,760 - INFO - MainThread - server_logic - [DEBUG] found replica for vector: 1
2025-11-18 17:23:23,760 - INFO - MainThread - server_logic - [DEBUG] found replica for vector: 2
2025-11-18 17:23:23,760 - INFO - MainThread - server_logic - [DEBUG] found replica for vector: 3
2025-11-18 17:23:23,760 - INFO - MainThread - server_logic - [DEBUG] found replica for vector: 4
2025-11-18 17:23:23,760 - INFO - MainThread - server_logic - [DEBUG] found replica for vector: 1
2025-11-18 17:23:23,760 - INFO - MainThread - server_logic - [DEBUG] found replica for vector: 2
2025-11-18 17:23:23,760 - INFO - MainThread - server_logic - [DEBUG] found replica for vector: 3
2025-11-18 17:23:23,760 - INFO - MainThread - server_logic - [DEBUG] found replica for vector: 4
2025-11-18 17:23:23,760 - INFO - MainThread - server_logic - [DEBUG] found replica for vector: 1
2025-11-18 17:23:23,760 - INFO - MainThread - server_logic - [DEBUG] found replica for vector: 2
2025-11-18 17:23:23,761 - INFO - MainThread - server_logic - [DEBUG] found replica for vector: 3
2025-11-18 17:23:23,761 - INFO - MainThread - server_logic - [DEBUG] found replica for vector: 4
2025-11-18 17:23:23,761 - INFO - MainThread - server_logic - [DEBUG] found replica for vector: 1
2025-11-18 17:23:23,761 - INFO - MainThread - server_logic - [DEBUG] found replica for vector: 2
2025-11-18 17:23:23,761 - INFO - MainThread - server_logic - [DEBUG] found replica for vector: 3
2025-11-18 17:23:23,761 - INFO - MainThread - server_logic - [DEBUG] found replica for vector: 4
2025-11-18 17:23:23,761 - INFO - MainThread - server_logic - [DEBUG] found replica for vector: 1
2025-11-18 17:23:23,761 - INFO - MainThread - server_logic - [DEBUG] found replica for vector: 2
2025-11-18 17:23:23,761 - INFO - MainThread - server_logic - [DEBUG] found replica for vector: 3
2025-11-18 17:23:23,761 - INFO - MainThread - server_logic - [DEBUG] found replica for vector: 4
2025-11-18 17:23:23,761 - INFO - MainThread - server_logic - [DEBUG] found replica for vector: 1
2025-11-18 17:23:23,761 - INFO - MainThread - server_logic - [DEBUG] found replica for vector: 2
2025-11-18 17:23:23,761 - INFO - MainThread - server_logic - [DEBUG] found replica for vector: 3
2025-11-18 17:23:23,761 - INFO - MainThread - server_logic - [DEBUG] to me replica for vector: 3
2025-11-18 17:23:23,761 - INFO - MainThread - server_logic - [DEBUG] found replica for vector: 1
2025-11-18 17:23:23,761 - INFO - MainThread - server_logic - [DEBUG] found replica for vector: 2
2025-11-18 17:23:23,761 - INFO - MainThread - server_logic - [DEBUG] found replica for vector: 3
2025-11-18 17:23:23,761 - INFO - MainThread - server_logic - [DEBUG] to me replica for vector: 3
2025-11-18 17:23:23,761 - INFO - MainThread - server_logic - [DEBUG] found replica for vector: 1
2025-11-18 17:23:23,761 - INFO - MainThread - server_logic - [DEBUG] found replica for vector: 2
2025-11-18 17:23:23,761 - INFO - MainThread - server_logic - [DEBUG] found replica for vector: 3
2025-11-18 17:23:23,761 - INFO - MainThread - server_logic - [DEBUG] to me replica for vector: 3
2025-11-18 17:23:23,761 - INFO - MainThread - server_logic - [DEBUG] found replica for vector: 1
2025-11-18 17:23:23,761 - INFO - MainThread - server_logic - [DEBUG] found replica for vector: 2
2025-11-18 17:23:23,761 - INFO - MainThread - server_logic - [DEBUG] found replica for vector: 3
2025-11-18 17:23:23,761 - INFO - MainThread - server_logic - [DEBUG] found replica for vector: 4
2025-11-18 17:23:23,761 - INFO - MainThread - server_logic - [DEBUG] found replica for vector: 1
2025-11-18 17:23:23,761 - INFO - MainThread - server_logic - [DEBUG] found replica for vector: 2
2025-11-18 17:23:23,761 - INFO - MainThread - server_logic - [DEBUG] found replica for vector: 3
2025-11-18 17:23:23,761 - INFO - MainThread - server_logic - [DEBUG] to me replica for vector: 3
2025-11-18 17:23:23,761 - INFO - MainThread - server_logic - [DEBUG] found replica for vector: 1
2025-11-18 17:23:23,761 - INFO - MainThread - server_logic - [DEBUG] found replica for vector: 2
2025-11-18 17:23:23,761 - INFO - MainThread - server_logic - [DEBUG] found replica for vector: 3
2025-11-18 17:23:23,761 - INFO - MainThread - server_logic - [DEBUG] found replica for vector: 4
2025-11-18 17:23:23,761 - INFO - MainThread - server_logic - [DEBUG] found replica for vector: 1
2025-11-18 17:23:23,761 - INFO - MainThread - server_logic - [DEBUG] found replica for vector: 2
2025-11-18 17:23:23,761 - INFO - MainThread - server_logic - [DEBUG] found replica for vector: 3
2025-11-18 17:23:23,761 - INFO - MainThread - server_logic - [DEBUG] found replica for vector: 4
2025-11-18 17:23:23,761 - INFO - MainThread - server_logic - [DEBUG] found replica for vector: 1
2025-11-18 17:23:23,761 - INFO - MainThread - server_logic - [DEBUG] found replica for vector: 2
2025-11-18 17:23:23,761 - INFO - MainThread - server_logic - [DEBUG] found replica for vector: 3
2025-11-18 17:23:23,761 - INFO - MainThread - server_logic - [DEBUG] to me replica for vector: 3
2025-11-18 17:23:23,761 - INFO - MainThread - server_logic - [DEBUG] found replica for vector: 1
2025-11-18 17:23:23,761 - INFO - MainThread - server_logic - [DEBUG] found replica for vector: 2
2025-11-18 17:23:23,761 - INFO - MainThread - server_logic - [DEBUG] found replica for vector: 3
2025-11-18 17:23:23,761 - INFO - MainThread - server_logic - [DEBUG] found replica for vector: 4
2025-11-18 17:23:23,761 - INFO - MainThread - server_logic - [DEBUG] found replica for vector: 1
2025-11-18 17:23:23,761 - INFO - MainThread - server_logic - [DEBUG] found replica for vector: 2
2025-11-18 17:23:23,761 - INFO - MainThread - server_logic - [DEBUG] found replica for vector: 3
2025-11-18 17:23:23,761 - INFO - MainThread - server_logic - [DEBUG] found replica for vector: 4
2025-11-18 17:23:23,761 - INFO - MainThread - server_logic - [DEBUG] found replica for vector: 1
2025-11-18 17:23:23,761 - INFO - MainThread - server_logic - [DEBUG] found replica for vector: 2
2025-11-18 17:23:23,761 - INFO - MainThread - server_logic - [DEBUG] found replica for vector: 3
2025-11-18 17:23:23,761 - INFO - MainThread - server_logic - [DEBUG] found replica for vector: 4
2025-11-18 17:23:23,762 - INFO - MainThread - server_logic - [DEBUG] found replica for vector: 1
2025-11-18 17:23:23,762 - INFO - MainThread - server_logic - [DEBUG] found replica for vector: 2
2025-11-18 17:23:23,762 - INFO - MainThread - server_logic - [DEBUG] found replica for vector: 3
2025-11-18 17:23:23,762 - INFO - MainThread - server_logic - [DEBUG] found replica for vector: 4
2025-11-18 17:23:23,762 - INFO - MainThread - server_logic - [DEBUG] found replica for vector: 1
2025-11-18 17:23:23,762 - INFO - MainThread - server_logic - [DEBUG] found replica for vector: 2
2025-11-18 17:23:23,762 - INFO - MainThread - server_logic - [DEBUG] found replica for vector: 3
2025-11-18 17:23:23,762 - INFO - MainThread - server_logic - [DEBUG] found replica for vector: 4
2025-11-18 17:23:23,762 - INFO - MainThread - server_logic - [DEBUG] found replica for vector: 1
2025-11-18 17:23:23,762 - INFO - MainThread - server_logic - [DEBUG] found replica for vector: 2
2025-11-18 17:23:23,762 - INFO - MainThread - server_logic - [DEBUG] found replica for vector: 3
2025-11-18 17:23:23,762 - INFO - MainThread - server_logic - [DEBUG] found replica for vector: 4
2025-11-18 17:23:23,762 - INFO - MainThread - server_logic - [DEBUG] found replica for vector: 1
2025-11-18 17:23:23,762 - INFO - MainThread - server_logic - [DEBUG] found replica for vector: 2
2025-11-18 17:23:23,762 - INFO - MainThread - server_logic - [DEBUG] found replica for vector: 3
2025-11-18 17:23:23,762 - INFO - MainThread - server_logic - [DEBUG] to me replica for vector: 3
2025-11-18 17:23:23,762 - INFO - MainThread - server_logic - [DEBUG] found replica for vector: 1
2025-11-18 17:23:23,762 - INFO - MainThread - server_logic - [DEBUG] found replica for vector: 2
2025-11-18 17:23:23,762 - INFO - MainThread - server_logic - [DEBUG] found replica for vector: 3
2025-11-18 17:23:23,762 - INFO - MainThread - server_logic - [DEBUG] found replica for vector: 4
2025-11-18 17:23:23,762 - INFO - MainThread - server_logic - [DEBUG] found replica for vector: 1
2025-11-18 17:23:23,762 - INFO - MainThread - server_logic - [DEBUG] found replica for vector: 2
2025-11-18 17:23:23,762 - INFO - MainThread - server_logic - [DEBUG] found replica for vector: 3
2025-11-18 17:23:23,762 - INFO - MainThread - server_logic - [DEBUG] found replica for vector: 4
2025-11-18 17:23:23,762 - INFO - MainThread - server_logic - [DEBUG] found replica for vector: 1
2025-11-18 17:23:23,762 - INFO - MainThread - server_logic - [DEBUG] found replica for vector: 2
2025-11-18 17:23:23,762 - INFO - MainThread - server_logic - [DEBUG] found replica for vector: 3
2025-11-18 17:23:23,762 - INFO - MainThread - server_logic - [DEBUG] found replica for vector: 4
2025-11-18 17:23:23,762 - INFO - MainThread - server_logic - [DEBUG] found replica for vector: 1
2025-11-18 17:23:23,762 - INFO - MainThread - server_logic - [DEBUG] found replica for vector: 2
2025-11-18 17:23:23,762 - INFO - MainThread - server_logic - [DEBUG] found replica for vector: 3
2025-11-18 17:23:23,762 - INFO - MainThread - server_logic - [DEBUG] found replica for vector: 4
2025-11-18 17:23:23,762 - INFO - MainThread - server_logic - [DEBUG] found replica for vector: 1
2025-11-18 17:23:23,762 - INFO - MainThread - server_logic - [DEBUG] found replica for vector: 2
2025-11-18 17:23:23,762 - INFO - MainThread - server_logic - [DEBUG] found replica for vector: 3
2025-11-18 17:23:23,762 - INFO - MainThread - server_logic - [DEBUG] to me replica for vector: 3
2025-11-18 17:23:23,762 - INFO - MainThread - server_logic - [DEBUG] found replica for vector: 1
2025-11-18 17:23:23,762 - INFO - MainThread - server_logic - [DEBUG] found replica for vector: 2
2025-11-18 17:23:23,762 - INFO - MainThread - server_logic - [DEBUG] found replica for vector: 3
2025-11-18 17:23:23,762 - INFO - MainThread - server_logic - [DEBUG] found replica for vector: 4
2025-11-18 17:23:23,762 - INFO - MainThread - server_logic - [DEBUG] found replica for vector: 1
2025-11-18 17:23:23,762 - INFO - MainThread - server_logic - [DEBUG] found replica for vector: 2
2025-11-18 17:23:23,762 - INFO - MainThread - server_logic - [DEBUG] found replica for vector: 3
2025-11-18 17:23:23,762 - INFO - MainThread - server_logic - [DEBUG] found replica for vector: 4
2025-11-18 17:23:23,762 - INFO - MainThread - server_logic - [DEBUG] found replica for vector: 1
2025-11-18 17:23:23,762 - INFO - MainThread - server_logic - [DEBUG] found replica for vector: 2
2025-11-18 17:23:23,762 - INFO - MainThread - server_logic - [DEBUG] found replica for vector: 3
2025-11-18 17:23:23,762 - INFO - MainThread - server_logic - [DEBUG] found replica for vector: 4
2025-11-18 17:23:23,762 - INFO - MainThread - server_logic - [DEBUG] found replica for vector: 1
2025-11-18 17:23:23,762 - INFO - MainThread - server_logic - [DEBUG] found replica for vector: 2
2025-11-18 17:23:23,762 - INFO - MainThread - server_logic - [DEBUG] found replica for vector: 3
2025-11-18 17:23:23,762 - INFO - MainThread - server_logic - [DEBUG] found replica for vector: 4
2025-11-18 17:23:23,762 - INFO - MainThread - server_logic - [DEBUG] found replica for vector: 1
2025-11-18 17:23:23,762 - INFO - MainThread - server_logic - [DEBUG] found replica for vector: 2
2025-11-18 17:23:23,763 - INFO - MainThread - server_logic - [DEBUG] found replica for vector: 3
2025-11-18 17:23:23,763 - INFO - MainThread - server_logic - [DEBUG] found replica for vector: 4
2025-11-18 17:23:23,763 - INFO - MainThread - server_logic - [DEBUG] found replica for vector: 1
2025-11-18 17:23:23,763 - INFO - MainThread - server_logic - [DEBUG] found replica for vector: 2
2025-11-18 17:23:23,763 - INFO - MainThread - server_logic - [DEBUG] found replica for vector: 3
2025-11-18 17:23:23,763 - INFO - MainThread - server_logic - [DEBUG] to me replica for vector: 3
2025-11-18 17:23:23,763 - INFO - MainThread - server_logic - [DEBUG] found replica for vector: 1
2025-11-18 17:23:23,763 - INFO - MainThread - server_logic - [DEBUG] found replica for vector: 2
2025-11-18 17:23:23,763 - INFO - MainThread - server_logic - [DEBUG] found replica for vector: 3
2025-11-18 17:23:23,763 - INFO - MainThread - server_logic - [DEBUG] found replica for vector: 4
2025-11-18 17:23:23,763 - INFO - MainThread - server_logic - [DEBUG] found replica for vector: 1
2025-11-18 17:23:23,763 - INFO - MainThread - server_logic - [DEBUG] found replica for vector: 2
2025-11-18 17:23:23,763 - INFO - MainThread - server_logic - [DEBUG] found replica for vector: 3
2025-11-18 17:23:23,763 - INFO - MainThread - server_logic - [DEBUG] found replica for vector: 4
2025-11-18 17:23:23,763 - INFO - MainThread - server_logic - [DEBUG] found replica for vector: 1
2025-11-18 17:23:23,763 - INFO - MainThread - server_logic - [DEBUG] found replica for vector: 2
2025-11-18 17:23:23,763 - INFO - MainThread - server_logic - [DEBUG] found replica for vector: 3
2025-11-18 17:23:23,763 - INFO - MainThread - server_logic - [DEBUG] to me replica for vector: 3
2025-11-18 17:23:23,763 - INFO - MainThread - server_logic - [DEBUG] found replica for vector: 1
2025-11-18 17:23:23,763 - INFO - MainThread - server_logic - [DEBUG] found replica for vector: 2
2025-11-18 17:23:23,763 - INFO - MainThread - server_logic - [DEBUG] found replica for vector: 3
2025-11-18 17:23:23,763 - INFO - MainThread - server_logic - [DEBUG] found replica for vector: 4
2025-11-18 17:23:23,763 - INFO - MainThread - server_logic - [DEBUG] found replica for vector: 1
2025-11-18 17:23:23,763 - INFO - MainThread - server_logic - [DEBUG] found replica for vector: 2
2025-11-18 17:23:23,763 - INFO - MainThread - server_logic - [DEBUG] found replica for vector: 3
2025-11-18 17:23:23,763 - INFO - MainThread - server_logic - [DEBUG] found replica for vector: 4
2025-11-18 17:23:23,763 - INFO - MainThread - server_logic - [DEBUG] found replica for vector: 1
2025-11-18 17:23:23,763 - INFO - MainThread - server_logic - [DEBUG] found replica for vector: 2
2025-11-18 17:23:23,763 - INFO - MainThread - server_logic - [DEBUG] found replica for vector: 3
2025-11-18 17:23:23,763 - INFO - MainThread - server_logic - [DEBUG] to me replica for vector: 3
2025-11-18 17:23:23,763 - INFO - MainThread - server_logic - [DEBUG] found replica for vector: 1
2025-11-18 17:23:23,763 - INFO - MainThread - server_logic - [DEBUG] found replica for vector: 2
2025-11-18 17:23:23,763 - INFO - MainThread - server_logic - [DEBUG] found replica for vector: 3
2025-11-18 17:23:23,763 - INFO - MainThread - server_logic - [DEBUG] to me replica for vector: 3
2025-11-18 17:23:23,763 - INFO - MainThread - server_logic - [DEBUG] found replica for vector: 1
2025-11-18 17:23:23,763 - INFO - MainThread - server_logic - [DEBUG] found replica for vector: 2
2025-11-18 17:23:23,763 - INFO - MainThread - server_logic - [DEBUG] found replica for vector: 3
2025-11-18 17:23:23,763 - INFO - MainThread - server_logic - [DEBUG] to me replica for vector: 3
2025-11-18 17:23:23,763 - INFO - MainThread - server_logic - [DEBUG] found replica for vector: 1
2025-11-18 17:23:23,763 - INFO - MainThread - server_logic - [DEBUG] found replica for vector: 2
2025-11-18 17:23:23,763 - INFO - MainThread - server_logic - [DEBUG] found replica for vector: 3
2025-11-18 17:23:23,763 - INFO - MainThread - server_logic - [DEBUG] found replica for vector: 4
2025-11-18 17:23:23,763 - INFO - MainThread - server_logic - [DEBUG] found replica for vector: 1
2025-11-18 17:23:23,763 - INFO - MainThread - server_logic - [DEBUG] found replica for vector: 2
2025-11-18 17:23:23,763 - INFO - MainThread - server_logic - [DEBUG] found replica for vector: 3
2025-11-18 17:23:23,763 - INFO - MainThread - server_logic - [DEBUG] to me replica for vector: 3
2025-11-18 17:23:23,763 - INFO - MainThread - server_logic - [DEBUG] found replica for vector: 1
2025-11-18 17:23:23,763 - INFO - MainThread - server_logic - [DEBUG] found replica for vector: 2
2025-11-18 17:23:23,763 - INFO - MainThread - server_logic - [DEBUG] found replica for vector: 3
2025-11-18 17:23:23,763 - INFO - MainThread - server_logic - [DEBUG] to me replica for vector: 3
2025-11-18 17:23:23,763 - INFO - MainThread - server_logic - [DEBUG] found replica for vector: 1
2025-11-18 17:23:23,763 - INFO - MainThread - server_logic - [DEBUG] found replica for vector: 2
2025-11-18 17:23:23,763 - INFO - MainThread - server_logic - [DEBUG] found replica for vector: 3
2025-11-18 17:23:23,763 - INFO - MainThread - server_logic - [DEBUG] found replica for vector: 4
2025-11-18 17:23:23,763 - INFO - MainThread - server_logic - [DEBUG] found replica for vector: 1
2025-11-18 17:23:23,764 - INFO - MainThread - server_logic - [DEBUG] found replica for vector: 2
2025-11-18 17:23:23,764 - INFO - MainThread - server_logic - [DEBUG] found replica for vector: 3
2025-11-18 17:23:23,764 - INFO - MainThread - server_logic - [DEBUG] found replica for vector: 4
2025-11-18 17:23:23,764 - INFO - MainThread - server_logic - [DEBUG] found replica for vector: 1
2025-11-18 17:23:23,764 - INFO - MainThread - server_logic - [DEBUG] found replica for vector: 2
2025-11-18 17:23:23,764 - INFO - MainThread - server_logic - [DEBUG] found replica for vector: 3
2025-11-18 17:23:23,764 - INFO - MainThread - server_logic - [DEBUG] found replica for vector: 4
2025-11-18 17:23:23,764 - INFO - MainThread - server_logic - [DEBUG] found replica for vector: 1
2025-11-18 17:23:23,764 - INFO - MainThread - server_logic - [DEBUG] found replica for vector: 2
2025-11-18 17:23:23,764 - INFO - MainThread - server_logic - [DEBUG] found replica for vector: 3
2025-11-18 17:23:23,764 - INFO - MainThread - server_logic - [DEBUG] found replica for vector: 4
2025-11-18 17:23:23,764 - INFO - MainThread - server_logic - [DEBUG] found replica for vector: 1
2025-11-18 17:23:23,764 - INFO - MainThread - server_logic - [DEBUG] found replica for vector: 2
2025-11-18 17:23:23,764 - INFO - MainThread - server_logic - [DEBUG] found replica for vector: 3
2025-11-18 17:23:23,764 - INFO - MainThread - server_logic - [DEBUG] found replica for vector: 4
2025-11-18 17:23:23,764 - INFO - MainThread - server_logic - [DEBUG] found replica for vector: 1
2025-11-18 17:23:23,764 - INFO - MainThread - server_logic - [DEBUG] found replica for vector: 2
2025-11-18 17:23:23,764 - INFO - MainThread - server_logic - [DEBUG] found replica for vector: 3
2025-11-18 17:23:23,764 - INFO - MainThread - server_logic - [DEBUG] found replica for vector: 4
2025-11-18 17:23:23,764 - INFO - MainThread - server_logic - [DEBUG] found replica for vector: 1
2025-11-18 17:23:23,764 - INFO - MainThread - server_logic - [DEBUG] found replica for vector: 2
2025-11-18 17:23:23,764 - INFO - MainThread - server_logic - [DEBUG] found replica for vector: 3
2025-11-18 17:23:23,764 - INFO - MainThread - server_logic - [DEBUG] found replica for vector: 4
2025-11-18 17:23:23,764 - INFO - MainThread - server_logic - [DEBUG] found replica for vector: 1
2025-11-18 17:23:23,764 - INFO - MainThread - server_logic - [DEBUG] found replica for vector: 2
2025-11-18 17:23:23,764 - INFO - MainThread - server_logic - [DEBUG] found replica for vector: 3
2025-11-18 17:23:23,764 - INFO - MainThread - server_logic - [DEBUG] found replica for vector: 4
2025-11-18 17:23:23,764 - INFO - MainThread - server_logic - [DEBUG] found replica for vector: 1
2025-11-18 17:23:23,764 - INFO - MainThread - server_logic - [DEBUG] found replica for vector: 2
2025-11-18 17:23:23,764 - INFO - MainThread - server_logic - [DEBUG] found replica for vector: 3
2025-11-18 17:23:23,764 - INFO - MainThread - server_logic - [DEBUG] found replica for vector: 4
2025-11-18 17:23:23,764 - INFO - MainThread - server_logic - [DEBUG] found replica for vector: 1
2025-11-18 17:23:23,764 - INFO - MainThread - server_logic - [DEBUG] found replica for vector: 2
2025-11-18 17:23:23,764 - INFO - MainThread - server_logic - [DEBUG] found replica for vector: 3
2025-11-18 17:23:23,764 - INFO - MainThread - server_logic - [DEBUG] found replica for vector: 4
2025-11-18 17:23:23,764 - INFO - MainThread - server_logic - [DEBUG] found replica for vector: 1
2025-11-18 17:23:23,764 - INFO - MainThread - server_logic - [DEBUG] found replica for vector: 2
2025-11-18 17:23:23,764 - INFO - MainThread - server_logic - [DEBUG] found replica for vector: 3
2025-11-18 17:23:23,764 - INFO - MainThread - server_logic - [DEBUG] to me replica for vector: 3
2025-11-18 17:23:23,764 - INFO - MainThread - server_logic - [DEBUG] found replica for vector: 1
2025-11-18 17:23:23,764 - INFO - MainThread - server_logic - [DEBUG] found replica for vector: 2
2025-11-18 17:23:23,764 - INFO - MainThread - server_logic - [DEBUG] found replica for vector: 3
2025-11-18 17:23:23,764 - INFO - MainThread - server_logic - [DEBUG] found replica for vector: 4
2025-11-18 17:23:23,764 - INFO - MainThread - server_logic - [DEBUG] found replica for vector: 1
2025-11-18 17:23:23,764 - INFO - MainThread - server_logic - [DEBUG] found replica for vector: 2
2025-11-18 17:23:23,764 - INFO - MainThread - server_logic - [DEBUG] found replica for vector: 3
2025-11-18 17:23:23,764 - INFO - MainThread - server_logic - [DEBUG] to me replica for vector: 3
2025-11-18 17:23:23,764 - INFO - MainThread - server_logic - [DEBUG] found replica for vector: 1
2025-11-18 17:23:23,764 - INFO - MainThread - server_logic - [DEBUG] found replica for vector: 2
2025-11-18 17:23:23,764 - INFO - MainThread - server_logic - [DEBUG] found replica for vector: 3
2025-11-18 17:23:23,764 - INFO - MainThread - server_logic - [DEBUG] to me replica for vector: 3
2025-11-18 17:23:23,764 - INFO - MainThread - server_logic - [DEBUG] found replica for vector: 1
2025-11-18 17:23:23,764 - INFO - MainThread - server_logic - [DEBUG] found replica for vector: 2
2025-11-18 17:23:23,764 - INFO - MainThread - server_logic - [DEBUG] found replica for vector: 3
2025-11-18 17:23:23,764 - INFO - MainThread - server_logic - [DEBUG] found replica for vector: 4
2025-11-18 17:23:23,764 - INFO - MainThread - server_logic - [DEBUG] found replica for vector: 1
2025-11-18 17:23:23,764 - INFO - MainThread - server_logic - [DEBUG] found replica for vector: 2
2025-11-18 17:23:23,764 - INFO - MainThread - server_logic - [DEBUG] found replica for vector: 3
2025-11-18 17:23:23,765 - INFO - MainThread - server_logic - [DEBUG] found replica for vector: 4
2025-11-18 17:23:23,765 - INFO - MainThread - server_logic - [DEBUG] found replica for vector: 1
2025-11-18 17:23:23,765 - INFO - MainThread - server_logic - [DEBUG] found replica for vector: 2
2025-11-18 17:23:23,765 - INFO - MainThread - server_logic - [DEBUG] found replica for vector: 3
2025-11-18 17:23:23,765 - INFO - MainThread - server_logic - [DEBUG] found replica for vector: 4
2025-11-18 17:23:23,765 - INFO - MainThread - server_logic - [DEBUG] found replica for vector: 1
2025-11-18 17:23:23,765 - INFO - MainThread - server_logic - [DEBUG] found replica for vector: 2
2025-11-18 17:23:23,765 - INFO - MainThread - server_logic - [DEBUG] found replica for vector: 3
2025-11-18 17:23:23,765 - INFO - MainThread - server_logic - [DEBUG] found replica for vector: 4
2025-11-18 17:23:23,765 - INFO - MainThread - server_logic - [DEBUG] found replica for vector: 1
2025-11-18 17:23:23,765 - INFO - MainThread - server_logic - [DEBUG] found replica for vector: 2
2025-11-18 17:23:23,765 - INFO - MainThread - server_logic - [DEBUG] found replica for vector: 3
2025-11-18 17:23:23,765 - INFO - MainThread - server_logic - [DEBUG] found replica for vector: 4
2025-11-18 17:23:23,765 - INFO - MainThread - server_logic - [DEBUG] found replica for vector: 1
2025-11-18 17:23:23,765 - INFO - MainThread - server_logic - [DEBUG] found replica for vector: 2
2025-11-18 17:23:23,765 - INFO - MainThread - server_logic - [DEBUG] found replica for vector: 3
2025-11-18 17:23:23,765 - INFO - MainThread - server_logic - [DEBUG] found replica for vector: 4
2025-11-18 17:23:23,765 - INFO - MainThread - server_logic - [DEBUG] found replica for vector: 1
2025-11-18 17:23:23,765 - INFO - MainThread - server_logic - [DEBUG] found replica for vector: 2
2025-11-18 17:23:23,765 - INFO - MainThread - server_logic - [DEBUG] found replica for vector: 3
2025-11-18 17:23:23,765 - INFO - MainThread - server_logic - [DEBUG] to me replica for vector: 3
2025-11-18 17:23:23,765 - INFO - MainThread - server_logic - [DEBUG] found replica for vector: 1
2025-11-18 17:23:23,765 - INFO - MainThread - server_logic - [DEBUG] found replica for vector: 2
2025-11-18 17:23:23,765 - INFO - MainThread - server_logic - [DEBUG] found replica for vector: 3
2025-11-18 17:23:23,765 - INFO - MainThread - server_logic - [DEBUG] to me replica for vector: 3
2025-11-18 17:23:23,765 - INFO - MainThread - server_logic - [DEBUG] found replica for vector: 1
2025-11-18 17:23:23,765 - INFO - MainThread - server_logic - [DEBUG] found replica for vector: 2
2025-11-18 17:23:23,765 - INFO - MainThread - server_logic - [DEBUG] found replica for vector: 3
2025-11-18 17:23:23,765 - INFO - MainThread - server_logic - [DEBUG] found replica for vector: 4
2025-11-18 17:23:23,765 - INFO - MainThread - server_logic - [DEBUG] found replica for vector: 1
2025-11-18 17:23:23,765 - INFO - MainThread - server_logic - [DEBUG] found replica for vector: 2
2025-11-18 17:23:23,765 - INFO - MainThread - server_logic - [DEBUG] found replica for vector: 3
2025-11-18 17:23:23,765 - INFO - MainThread - server_logic - [DEBUG] found replica for vector: 4
2025-11-18 17:23:23,765 - INFO - MainThread - server_logic - [DEBUG] found replica for vector: 1
2025-11-18 17:23:23,765 - INFO - MainThread - server_logic - [DEBUG] found replica for vector: 2
2025-11-18 17:23:23,765 - INFO - MainThread - server_logic - [DEBUG] found replica for vector: 3
2025-11-18 17:23:23,765 - INFO - MainThread - server_logic - [DEBUG] found replica for vector: 4
2025-11-18 17:23:23,765 - INFO - MainThread - server_logic - [DEBUG] found replica for vector: 1
2025-11-18 17:23:23,765 - INFO - MainThread - server_logic - [DEBUG] found replica for vector: 2
2025-11-18 17:23:23,765 - INFO - MainThread - server_logic - [DEBUG] found replica for vector: 3
2025-11-18 17:23:23,765 - INFO - MainThread - server_logic - [DEBUG] found replica for vector: 4
2025-11-18 17:23:23,765 - INFO - MainThread - server_logic - [DEBUG] found replica for vector: 1
2025-11-18 17:23:23,765 - INFO - MainThread - server_logic - [DEBUG] found replica for vector: 2
2025-11-18 17:23:23,765 - INFO - MainThread - server_logic - [DEBUG] found replica for vector: 3
2025-11-18 17:23:23,765 - INFO - MainThread - server_logic - [DEBUG] to me replica for vector: 3
2025-11-18 17:23:23,765 - INFO - MainThread - server_logic - [DEBUG] found replica for vector: 1
2025-11-18 17:23:23,765 - INFO - MainThread - server_logic - [DEBUG] found replica for vector: 2
2025-11-18 17:23:23,765 - INFO - MainThread - server_logic - [DEBUG] found replica for vector: 3
2025-11-18 17:23:23,765 - INFO - MainThread - server_logic - [DEBUG] found replica for vector: 4
2025-11-18 17:23:23,765 - INFO - MainThread - server_logic - [DEBUG] found replica for vector: 1
2025-11-18 17:23:23,765 - INFO - MainThread - server_logic - [DEBUG] found replica for vector: 2
2025-11-18 17:23:23,765 - INFO - MainThread - server_logic - [DEBUG] found replica for vector: 3
2025-11-18 17:23:23,765 - INFO - MainThread - server_logic - [DEBUG] found replica for vector: 4
2025-11-18 17:23:23,765 - INFO - MainThread - server_logic - [DEBUG] found replica for vector: 1
2025-11-18 17:23:23,765 - INFO - MainThread - server_logic - [DEBUG] found replica for vector: 2
2025-11-18 17:23:23,765 - INFO - MainThread - server_logic - [DEBUG] found replica for vector: 3
2025-11-18 17:23:23,765 - INFO - MainThread - server_logic - [DEBUG] found replica for vector: 4
2025-11-18 17:23:23,766 - INFO - MainThread - server_logic - [DEBUG] found replica for vector: 1
2025-11-18 17:23:23,766 - INFO - MainThread - server_logic - [DEBUG] found replica for vector: 2
2025-11-18 17:23:23,766 - INFO - MainThread - server_logic - [DEBUG] found replica for vector: 3
2025-11-18 17:23:23,766 - INFO - MainThread - server_logic - [DEBUG] found replica for vector: 4
2025-11-18 17:23:23,766 - INFO - MainThread - server_logic - [DEBUG] found replica for vector: 1
2025-11-18 17:23:23,766 - INFO - MainThread - server_logic - [DEBUG] found replica for vector: 2
2025-11-18 17:23:23,766 - INFO - MainThread - server_logic - [DEBUG] found replica for vector: 3
2025-11-18 17:23:23,766 - INFO - MainThread - server_logic - [DEBUG] found replica for vector: 4
2025-11-18 17:23:23,766 - INFO - MainThread - server_logic - [DEBUG] found replica for vector: 1
2025-11-18 17:23:23,766 - INFO - MainThread - server_logic - [DEBUG] found replica for vector: 2
2025-11-18 17:23:23,766 - INFO - MainThread - server_logic - [DEBUG] found replica for vector: 3
2025-11-18 17:23:23,766 - INFO - MainThread - server_logic - [DEBUG] found replica for vector: 4
2025-11-18 17:23:23,766 - INFO - MainThread - server_logic - [DEBUG] found replica for vector: 1
2025-11-18 17:23:23,766 - INFO - MainThread - server_logic - [DEBUG] found replica for vector: 2
2025-11-18 17:23:23,766 - INFO - MainThread - server_logic - [DEBUG] found replica for vector: 3
2025-11-18 17:23:23,766 - INFO - MainThread - server_logic - [DEBUG] found replica for vector: 4
2025-11-18 17:23:23,766 - INFO - MainThread - server_logic - [DEBUG] found replica for vector: 1
2025-11-18 17:23:23,766 - INFO - MainThread - server_logic - [DEBUG] found replica for vector: 2
2025-11-18 17:23:23,766 - INFO - MainThread - server_logic - [DEBUG] found replica for vector: 3
2025-11-18 17:23:23,766 - INFO - MainThread - server_logic - [DEBUG] to me replica for vector: 3
2025-11-18 17:23:23,766 - INFO - MainThread - server_logic - [DEBUG] found replica for vector: 1
2025-11-18 17:23:23,766 - INFO - MainThread - server_logic - [DEBUG] found replica for vector: 2
2025-11-18 17:23:23,766 - INFO - MainThread - server_logic - [DEBUG] found replica for vector: 3
2025-11-18 17:23:23,766 - INFO - MainThread - server_logic - [DEBUG] found replica for vector: 4
2025-11-18 17:23:23,766 - INFO - MainThread - server_logic - [DEBUG] found replica for vector: 1
2025-11-18 17:23:23,766 - INFO - MainThread - server_logic - [DEBUG] found replica for vector: 2
2025-11-18 17:23:23,766 - INFO - MainThread - server_logic - [DEBUG] found replica for vector: 3
2025-11-18 17:23:23,766 - INFO - MainThread - server_logic - [DEBUG] found replica for vector: 4
2025-11-18 17:23:23,766 - INFO - MainThread - server_logic - [DEBUG] found replica for vector: 1
2025-11-18 17:23:23,766 - INFO - MainThread - server_logic - [DEBUG] found replica for vector: 2
2025-11-18 17:23:23,766 - INFO - MainThread - server_logic - [DEBUG] found replica for vector: 3
2025-11-18 17:23:23,766 - INFO - MainThread - server_logic - [DEBUG] found replica for vector: 4
2025-11-18 17:23:23,766 - INFO - MainThread - server_logic - [DEBUG] found replica for vector: 1
2025-11-18 17:23:23,766 - INFO - MainThread - server_logic - [DEBUG] found replica for vector: 2
2025-11-18 17:23:23,766 - INFO - MainThread - server_logic - [DEBUG] found replica for vector: 3
2025-11-18 17:23:23,766 - INFO - MainThread - server_logic - [DEBUG] found replica for vector: 4
2025-11-18 17:23:23,766 - INFO - MainThread - server_logic - [DEBUG] found replica for vector: 1
2025-11-18 17:23:23,766 - INFO - MainThread - server_logic - [DEBUG] found replica for vector: 2
2025-11-18 17:23:23,766 - INFO - MainThread - server_logic - [DEBUG] found replica for vector: 3
2025-11-18 17:23:23,766 - INFO - MainThread - server_logic - [DEBUG] found replica for vector: 4
2025-11-18 17:23:23,766 - INFO - MainThread - server_logic - [DEBUG] found replica for vector: 1
2025-11-18 17:23:23,766 - INFO - MainThread - server_logic - [DEBUG] found replica for vector: 2
2025-11-18 17:23:23,766 - INFO - MainThread - server_logic - [DEBUG] found replica for vector: 3
2025-11-18 17:23:23,766 - INFO - MainThread - server_logic - [DEBUG] found replica for vector: 4
2025-11-18 17:23:23,766 - INFO - MainThread - server_logic - [DEBUG] found replica for vector: 1
2025-11-18 17:23:23,766 - INFO - MainThread - server_logic - [DEBUG] found replica for vector: 2
2025-11-18 17:23:23,766 - INFO - MainThread - server_logic - [DEBUG] found replica for vector: 3
2025-11-18 17:23:23,766 - INFO - MainThread - server_logic - [DEBUG] to me replica for vector: 3
2025-11-18 17:23:23,766 - INFO - MainThread - server_logic - [DEBUG] found replica for vector: 1
2025-11-18 17:23:23,766 - INFO - MainThread - server_logic - [DEBUG] found replica for vector: 2
2025-11-18 17:23:23,766 - INFO - MainThread - server_logic - [DEBUG] found replica for vector: 3
2025-11-18 17:23:23,766 - INFO - MainThread - server_logic - [DEBUG] to me replica for vector: 3
2025-11-18 17:23:23,766 - INFO - MainThread - server_logic - [DEBUG] found replica for vector: 1
2025-11-18 17:23:23,766 - INFO - MainThread - server_logic - [DEBUG] found replica for vector: 2
2025-11-18 17:23:23,766 - INFO - MainThread - server_logic - [DEBUG] found replica for vector: 3
2025-11-18 17:23:23,766 - INFO - MainThread - server_logic - [DEBUG] found replica for vector: 4
2025-11-18 17:23:23,766 - INFO - MainThread - server_logic - [DEBUG] found replica for vector: 1
2025-11-18 17:23:23,766 - INFO - MainThread - server_logic - [DEBUG] found replica for vector: 2
2025-11-18 17:23:23,766 - INFO - MainThread - server_logic - [DEBUG] found replica for vector: 3
2025-11-18 17:23:23,767 - INFO - MainThread - server_logic - [DEBUG] found replica for vector: 4
2025-11-18 17:23:23,767 - INFO - MainThread - server_logic - [DEBUG] found replica for vector: 1
2025-11-18 17:23:23,767 - INFO - MainThread - server_logic - [DEBUG] found replica for vector: 2
2025-11-18 17:23:23,767 - INFO - MainThread - server_logic - [DEBUG] found replica for vector: 3
2025-11-18 17:23:23,767 - INFO - MainThread - server_logic - [DEBUG] found replica for vector: 4
2025-11-18 17:23:23,767 - INFO - MainThread - server_logic - [DEBUG] found replica for vector: 1
2025-11-18 17:23:23,767 - INFO - MainThread - server_logic - [DEBUG] found replica for vector: 2
2025-11-18 17:23:23,767 - INFO - MainThread - server_logic - [DEBUG] found replica for vector: 3
2025-11-18 17:23:23,767 - INFO - MainThread - server_logic - [DEBUG] to me replica for vector: 3
2025-11-18 17:23:23,767 - INFO - MainThread - server_logic - [DEBUG] found replica for vector: 1
2025-11-18 17:23:23,767 - INFO - MainThread - server_logic - [DEBUG] found replica for vector: 2
2025-11-18 17:23:23,767 - INFO - MainThread - server_logic - [DEBUG] found replica for vector: 3
2025-11-18 17:23:23,767 - INFO - MainThread - server_logic - [DEBUG] found replica for vector: 4
2025-11-18 17:23:23,767 - INFO - MainThread - server_logic - [DEBUG] found replica for vector: 1
2025-11-18 17:23:23,767 - INFO - MainThread - server_logic - [DEBUG] found replica for vector: 2
2025-11-18 17:23:23,767 - INFO - MainThread - server_logic - [DEBUG] found replica for vector: 3
2025-11-18 17:23:23,767 - INFO - MainThread - server_logic - [DEBUG] found replica for vector: 4
2025-11-18 17:23:23,767 - INFO - MainThread - server_logic - [DEBUG] found replica for vector: 1
2025-11-18 17:23:23,767 - INFO - MainThread - server_logic - [DEBUG] found replica for vector: 2
2025-11-18 17:23:23,767 - INFO - MainThread - server_logic - [DEBUG] found replica for vector: 3
2025-11-18 17:23:23,767 - INFO - MainThread - server_logic - [DEBUG] found replica for vector: 4
2025-11-18 17:23:23,767 - INFO - MainThread - server_logic - [DEBUG] found replica for vector: 1
2025-11-18 17:23:23,767 - INFO - MainThread - server_logic - [DEBUG] found replica for vector: 2
2025-11-18 17:23:23,767 - INFO - MainThread - server_logic - [DEBUG] found replica for vector: 3
2025-11-18 17:23:23,767 - INFO - MainThread - server_logic - [DEBUG] found replica for vector: 4
2025-11-18 17:23:23,767 - INFO - MainThread - server_logic - [DEBUG] found replica for vector: 1
2025-11-18 17:23:23,767 - INFO - MainThread - server_logic - [DEBUG] found replica for vector: 2
2025-11-18 17:23:23,767 - INFO - MainThread - server_logic - [DEBUG] found replica for vector: 3
2025-11-18 17:23:23,767 - INFO - MainThread - server_logic - [DEBUG] found replica for vector: 4
2025-11-18 17:23:23,767 - INFO - MainThread - server_logic - [DEBUG] found replica for vector: 1
2025-11-18 17:23:23,767 - INFO - MainThread - server_logic - [DEBUG] found replica for vector: 2
2025-11-18 17:23:23,767 - INFO - MainThread - server_logic - [DEBUG] found replica for vector: 3
2025-11-18 17:23:23,767 - INFO - MainThread - server_logic - [DEBUG] found replica for vector: 4
2025-11-18 17:23:23,767 - INFO - MainThread - server_logic - [DEBUG] found replica for vector: 1
2025-11-18 17:23:23,767 - INFO - MainThread - server_logic - [DEBUG] found replica for vector: 2
2025-11-18 17:23:23,767 - INFO - MainThread - server_logic - [DEBUG] found replica for vector: 3
2025-11-18 17:23:23,767 - INFO - MainThread - server_logic - [DEBUG] found replica for vector: 4
2025-11-18 17:23:23,767 - INFO - MainThread - server_logic - [DEBUG] found replica for vector: 1
2025-11-18 17:23:23,767 - INFO - MainThread - server_logic - [DEBUG] found replica for vector: 2
2025-11-18 17:23:23,767 - INFO - MainThread - server_logic - [DEBUG] found replica for vector: 3
2025-11-18 17:23:23,767 - INFO - MainThread - server_logic - [DEBUG] found replica for vector: 4
2025-11-18 17:23:23,767 - INFO - MainThread - server_logic - [DEBUG] found replica for vector: 1
2025-11-18 17:23:23,767 - INFO - MainThread - server_logic - [DEBUG] found replica for vector: 2
2025-11-18 17:23:23,767 - INFO - MainThread - server_logic - [DEBUG] found replica for vector: 3
2025-11-18 17:23:23,767 - INFO - MainThread - server_logic - [DEBUG] found replica for vector: 4
2025-11-18 17:23:23,767 - INFO - MainThread - server_logic - [DEBUG] found replica for vector: 1
2025-11-18 17:23:23,767 - INFO - MainThread - server_logic - [DEBUG] found replica for vector: 2
2025-11-18 17:23:23,767 - INFO - MainThread - server_logic - [DEBUG] found replica for vector: 3
2025-11-18 17:23:23,767 - INFO - MainThread - server_logic - [DEBUG] found replica for vector: 4
2025-11-18 17:23:23,767 - INFO - MainThread - server_logic - [DEBUG] found replica for vector: 1
2025-11-18 17:23:23,767 - INFO - MainThread - server_logic - [DEBUG] found replica for vector: 2
2025-11-18 17:23:23,767 - INFO - MainThread - server_logic - [DEBUG] found replica for vector: 3
2025-11-18 17:23:23,767 - INFO - MainThread - server_logic - [DEBUG] found replica for vector: 4
2025-11-18 17:23:23,767 - INFO - MainThread - server_logic - [DEBUG] found replica for vector: 1
2025-11-18 17:23:23,767 - INFO - MainThread - server_logic - [DEBUG] found replica for vector: 2
2025-11-18 17:23:23,767 - INFO - MainThread - server_logic - [DEBUG] found replica for vector: 3
2025-11-18 17:23:23,767 - INFO - MainThread - server_logic - [DEBUG] found replica for vector: 4
2025-11-18 17:23:23,767 - INFO - MainThread - server_logic - [DEBUG] found replica for vector: 1
2025-11-18 17:23:23,768 - INFO - MainThread - server_logic - [DEBUG] found replica for vector: 2
2025-11-18 17:23:23,768 - INFO - MainThread - server_logic - [DEBUG] found replica for vector: 3
2025-11-18 17:23:23,768 - INFO - MainThread - server_logic - [DEBUG] found replica for vector: 4
2025-11-18 17:23:23,768 - INFO - MainThread - server_logic - [DEBUG] found replica for vector: 1
2025-11-18 17:23:23,768 - INFO - MainThread - server_logic - [DEBUG] found replica for vector: 2
2025-11-18 17:23:23,768 - INFO - MainThread - server_logic - [DEBUG] found replica for vector: 3
2025-11-18 17:23:23,768 - INFO - MainThread - server_logic - [DEBUG] found replica for vector: 4
2025-11-18 17:23:23,768 - INFO - MainThread - server_logic - [DEBUG] found replica for vector: 1
2025-11-18 17:23:23,768 - INFO - MainThread - server_logic - [DEBUG] found replica for vector: 2
2025-11-18 17:23:23,768 - INFO - MainThread - server_logic - [DEBUG] found replica for vector: 3
2025-11-18 17:23:23,768 - INFO - MainThread - server_logic - [DEBUG] to me replica for vector: 3
2025-11-18 17:23:23,768 - INFO - MainThread - server_logic - [DEBUG] found replica for vector: 1
2025-11-18 17:23:23,768 - INFO - MainThread - server_logic - [DEBUG] found replica for vector: 2
2025-11-18 17:23:23,768 - INFO - MainThread - server_logic - [DEBUG] found replica for vector: 3
2025-11-18 17:23:23,768 - INFO - MainThread - server_logic - [DEBUG] found replica for vector: 4
2025-11-18 17:23:23,768 - INFO - MainThread - server_logic - [DEBUG] found replica for vector: 1
2025-11-18 17:23:23,768 - INFO - MainThread - server_logic - [DEBUG] found replica for vector: 2
2025-11-18 17:23:23,768 - INFO - MainThread - server_logic - [DEBUG] found replica for vector: 3
2025-11-18 17:23:23,768 - INFO - MainThread - server_logic - [DEBUG] to me replica for vector: 3
2025-11-18 17:23:23,768 - INFO - MainThread - server_logic - [DEBUG] found replica for vector: 1
2025-11-18 17:23:23,768 - INFO - MainThread - server_logic - [DEBUG] found replica for vector: 2
2025-11-18 17:23:23,768 - INFO - MainThread - server_logic - [DEBUG] found replica for vector: 3
2025-11-18 17:23:23,768 - INFO - MainThread - server_logic - [DEBUG] found replica for vector: 4
2025-11-18 17:23:23,768 - INFO - MainThread - server_logic - [DEBUG] found replica for vector: 1
2025-11-18 17:23:23,768 - INFO - MainThread - server_logic - [DEBUG] found replica for vector: 2
2025-11-18 17:23:23,768 - INFO - MainThread - server_logic - [DEBUG] found replica for vector: 3
2025-11-18 17:23:23,768 - INFO - MainThread - server_logic - [DEBUG] found replica for vector: 4
2025-11-18 17:23:23,768 - INFO - MainThread - server_logic - [DEBUG] found replica for vector: 1
2025-11-18 17:23:23,768 - INFO - MainThread - server_logic - [DEBUG] found replica for vector: 2
2025-11-18 17:23:23,768 - INFO - MainThread - server_logic - [DEBUG] found replica for vector: 3
2025-11-18 17:23:23,768 - INFO - MainThread - server_logic - [DEBUG] found replica for vector: 4
2025-11-18 17:23:23,768 - INFO - MainThread - server_logic - [DEBUG] found replica for vector: 1
2025-11-18 17:23:23,768 - INFO - MainThread - server_logic - [DEBUG] found replica for vector: 2
2025-11-18 17:23:23,768 - INFO - MainThread - server_logic - [DEBUG] found replica for vector: 3
2025-11-18 17:23:23,768 - INFO - MainThread - server_logic - [DEBUG] to me replica for vector: 3
2025-11-18 17:23:23,768 - INFO - MainThread - server_logic - [DEBUG] found replica for vector: 1
2025-11-18 17:23:23,768 - INFO - MainThread - server_logic - [DEBUG] found replica for vector: 2
2025-11-18 17:23:23,768 - INFO - MainThread - server_logic - [DEBUG] found replica for vector: 3
2025-11-18 17:23:23,768 - INFO - MainThread - server_logic - [DEBUG] found replica for vector: 4
2025-11-18 17:23:23,768 - INFO - MainThread - server_logic - [DEBUG] found replica for vector: 1
2025-11-18 17:23:23,768 - INFO - MainThread - server_logic - [DEBUG] found replica for vector: 2
2025-11-18 17:23:23,768 - INFO - MainThread - server_logic - [DEBUG] found replica for vector: 3
2025-11-18 17:23:23,768 - INFO - MainThread - server_logic - [DEBUG] found replica for vector: 4
2025-11-18 17:23:23,768 - INFO - MainThread - server_logic - [DEBUG] found replica for vector: 1
2025-11-18 17:23:23,768 - INFO - MainThread - server_logic - [DEBUG] found replica for vector: 2
2025-11-18 17:23:23,768 - INFO - MainThread - server_logic - [DEBUG] found replica for vector: 3
2025-11-18 17:23:23,768 - INFO - MainThread - server_logic - [DEBUG] found replica for vector: 4
2025-11-18 17:23:23,768 - INFO - MainThread - server_logic - [DEBUG] found replica for vector: 1
2025-11-18 17:23:23,768 - INFO - MainThread - server_logic - [DEBUG] found replica for vector: 2
2025-11-18 17:23:23,768 - INFO - MainThread - server_logic - [DEBUG] found replica for vector: 3
2025-11-18 17:23:23,768 - INFO - MainThread - server_logic - [DEBUG] found replica for vector: 4
2025-11-18 17:23:23,768 - INFO - MainThread - server_logic - [DEBUG] found replica for vector: 1
2025-11-18 17:23:23,768 - INFO - MainThread - server_logic - [DEBUG] found replica for vector: 2
2025-11-18 17:23:23,768 - INFO - MainThread - server_logic - [DEBUG] found replica for vector: 3
2025-11-18 17:23:23,768 - INFO - MainThread - server_logic - [DEBUG] found replica for vector: 4
2025-11-18 17:23:23,768 - INFO - MainThread - server_logic - [DEBUG] found replica for vector: 1
2025-11-18 17:23:23,768 - INFO - MainThread - server_logic - [DEBUG] found replica for vector: 2
2025-11-18 17:23:23,768 - INFO - MainThread - server_logic - [DEBUG] found replica for vector: 3
2025-11-18 17:23:23,769 - INFO - MainThread - server_logic - [DEBUG] found replica for vector: 4
2025-11-18 17:23:23,769 - INFO - MainThread - server_logic - [DEBUG] found replica for vector: 1
2025-11-18 17:23:23,769 - INFO - MainThread - server_logic - [DEBUG] found replica for vector: 2
2025-11-18 17:23:23,769 - INFO - MainThread - server_logic - [DEBUG] found replica for vector: 3
2025-11-18 17:23:23,769 - INFO - MainThread - server_logic - [DEBUG] found replica for vector: 4
2025-11-18 17:23:23,769 - INFO - MainThread - server_logic - [DEBUG] found replica for vector: 1
2025-11-18 17:23:23,769 - INFO - MainThread - server_logic - [DEBUG] found replica for vector: 2
2025-11-18 17:23:23,769 - INFO - MainThread - server_logic - [DEBUG] found replica for vector: 3
2025-11-18 17:23:23,769 - INFO - MainThread - server_logic - [DEBUG] found replica for vector: 4
2025-11-18 17:23:23,769 - INFO - MainThread - server_logic - [DEBUG] found replica for vector: 1
2025-11-18 17:23:23,769 - INFO - MainThread - server_logic - [DEBUG] found replica for vector: 2
2025-11-18 17:23:23,769 - INFO - MainThread - server_logic - [DEBUG] found replica for vector: 3
2025-11-18 17:23:23,769 - INFO - MainThread - server_logic - [DEBUG] found replica for vector: 4
2025-11-18 17:23:23,769 - INFO - MainThread - server_logic - [DEBUG] found replica for vector: 1
2025-11-18 17:23:23,769 - INFO - MainThread - server_logic - [DEBUG] found replica for vector: 2
2025-11-18 17:23:23,769 - INFO - MainThread - server_logic - [DEBUG] found replica for vector: 3
2025-11-18 17:23:23,769 - INFO - MainThread - server_logic - [DEBUG] to me replica for vector: 3
2025-11-18 17:23:23,769 - INFO - MainThread - server_logic - [DEBUG] found replica for vector: 1
2025-11-18 17:23:23,769 - INFO - MainThread - server_logic - [DEBUG] found replica for vector: 2
2025-11-18 17:23:23,769 - INFO - MainThread - server_logic - [DEBUG] found replica for vector: 3
2025-11-18 17:23:23,769 - INFO - MainThread - server_logic - [DEBUG] found replica for vector: 4
2025-11-18 17:23:23,769 - INFO - MainThread - server_logic - [DEBUG] found replica for vector: 1
2025-11-18 17:23:23,769 - INFO - MainThread - server_logic - [DEBUG] found replica for vector: 2
2025-11-18 17:23:23,769 - INFO - MainThread - server_logic - [DEBUG] found replica for vector: 3
2025-11-18 17:23:23,769 - INFO - MainThread - server_logic - [DEBUG] found replica for vector: 4
2025-11-18 17:23:23,769 - INFO - MainThread - server_logic - [DEBUG] found replica for vector: 1
2025-11-18 17:23:23,769 - INFO - MainThread - server_logic - [DEBUG] found replica for vector: 2
2025-11-18 17:23:23,769 - INFO - MainThread - server_logic - [DEBUG] found replica for vector: 3
2025-11-18 17:23:23,769 - INFO - MainThread - server_logic - [DEBUG] found replica for vector: 4
2025-11-18 17:23:23,769 - INFO - MainThread - server_logic - [DEBUG] found replica for vector: 1
2025-11-18 17:23:23,769 - INFO - MainThread - server_logic - [DEBUG] found replica for vector: 2
2025-11-18 17:23:23,769 - INFO - MainThread - server_logic - [DEBUG] found replica for vector: 3
2025-11-18 17:23:23,769 - INFO - MainThread - server_logic - [DEBUG] found replica for vector: 4
2025-11-18 17:23:23,769 - INFO - MainThread - server_logic - [DEBUG] found replica for vector: 1
2025-11-18 17:23:23,769 - INFO - MainThread - server_logic - [DEBUG] found replica for vector: 2
2025-11-18 17:23:23,769 - INFO - MainThread - server_logic - [DEBUG] found replica for vector: 3
2025-11-18 17:23:23,769 - INFO - MainThread - server_logic - [DEBUG] found replica for vector: 4
2025-11-18 17:23:23,769 - INFO - MainThread - server_logic - [DEBUG] found replica for vector: 1
2025-11-18 17:23:23,769 - INFO - MainThread - server_logic - [DEBUG] found replica for vector: 2
2025-11-18 17:23:23,769 - INFO - MainThread - server_logic - [DEBUG] found replica for vector: 3
2025-11-18 17:23:23,769 - INFO - MainThread - server_logic - [DEBUG] found replica for vector: 4
2025-11-18 17:23:23,769 - INFO - MainThread - server_logic - [DEBUG] found replica for vector: 1
2025-11-18 17:23:23,769 - INFO - MainThread - server_logic - [DEBUG] found replica for vector: 2
2025-11-18 17:23:23,769 - INFO - MainThread - server_logic - [DEBUG] found replica for vector: 3
2025-11-18 17:23:23,769 - INFO - MainThread - server_logic - [DEBUG] found replica for vector: 4
2025-11-18 17:23:23,769 - INFO - MainThread - server_logic - [DEBUG] found replica for vector: 1
2025-11-18 17:23:23,769 - INFO - MainThread - server_logic - [DEBUG] found replica for vector: 2
2025-11-18 17:23:23,769 - INFO - MainThread - server_logic - [DEBUG] found replica for vector: 3
2025-11-18 17:23:23,769 - INFO - MainThread - server_logic - [DEBUG] found replica for vector: 4
2025-11-18 17:23:23,769 - INFO - MainThread - server_logic - [DEBUG] found replica for vector: 1
2025-11-18 17:23:23,769 - INFO - MainThread - server_logic - [DEBUG] found replica for vector: 2
2025-11-18 17:23:23,769 - INFO - MainThread - server_logic - [DEBUG] found replica for vector: 3
2025-11-18 17:23:23,769 - INFO - MainThread - server_logic - [DEBUG] found replica for vector: 4
2025-11-18 17:23:23,769 - INFO - MainThread - server_logic - [DEBUG] found replica for vector: 1
2025-11-18 17:23:23,769 - INFO - MainThread - server_logic - [DEBUG] found replica for vector: 2
2025-11-18 17:23:23,769 - INFO - MainThread - server_logic - [DEBUG] found replica for vector: 3
2025-11-18 17:23:23,769 - INFO - MainThread - server_logic - [DEBUG] found replica for vector: 4
2025-11-18 17:23:23,769 - INFO - MainThread - server_logic - [DEBUG] found replica for vector: 1
2025-11-18 17:23:23,770 - INFO - MainThread - server_logic - [DEBUG] found replica for vector: 2
2025-11-18 17:23:23,770 - INFO - MainThread - server_logic - [DEBUG] found replica for vector: 3
2025-11-18 17:23:23,770 - INFO - MainThread - server_logic - [DEBUG] found replica for vector: 4
2025-11-18 17:23:23,770 - INFO - MainThread - server_logic - [DEBUG] found replica for vector: 1
2025-11-18 17:23:23,770 - INFO - MainThread - server_logic - [DEBUG] found replica for vector: 2
2025-11-18 17:23:23,770 - INFO - MainThread - server_logic - [DEBUG] found replica for vector: 3
2025-11-18 17:23:23,770 - INFO - MainThread - server_logic - [DEBUG] to me replica for vector: 3
2025-11-18 17:23:23,770 - INFO - MainThread - server_logic - [DEBUG] found replica for vector: 1
2025-11-18 17:23:23,770 - INFO - MainThread - server_logic - [DEBUG] found replica for vector: 2
2025-11-18 17:23:23,770 - INFO - MainThread - server_logic - [DEBUG] found replica for vector: 3
2025-11-18 17:23:23,770 - INFO - MainThread - server_logic - [DEBUG] found replica for vector: 4
2025-11-18 17:23:23,770 - INFO - MainThread - server_logic - [DEBUG] found replica for vector: 1
2025-11-18 17:23:23,770 - INFO - MainThread - server_logic - [DEBUG] found replica for vector: 2
2025-11-18 17:23:23,770 - INFO - MainThread - server_logic - [DEBUG] found replica for vector: 3
2025-11-18 17:23:23,770 - INFO - MainThread - server_logic - [DEBUG] found replica for vector: 4
2025-11-18 17:23:23,770 - INFO - MainThread - server_logic - [DEBUG] found replica for vector: 1
2025-11-18 17:23:23,770 - INFO - MainThread - server_logic - [DEBUG] found replica for vector: 2
2025-11-18 17:23:23,770 - INFO - MainThread - server_logic - [DEBUG] found replica for vector: 3
2025-11-18 17:23:23,770 - INFO - MainThread - server_logic - [DEBUG] to me replica for vector: 3
2025-11-18 17:23:23,770 - INFO - MainThread - server_logic - [DEBUG] found replica for vector: 1
2025-11-18 17:23:23,770 - INFO - MainThread - server_logic - [DEBUG] found replica for vector: 2
2025-11-18 17:23:23,770 - INFO - MainThread - server_logic - [DEBUG] found replica for vector: 3
2025-11-18 17:23:23,770 - INFO - MainThread - server_logic - [DEBUG] found replica for vector: 4
2025-11-18 17:23:23,770 - INFO - MainThread - server_logic - [DEBUG] found replica for vector: 1
2025-11-18 17:23:23,770 - INFO - MainThread - server_logic - [DEBUG] found replica for vector: 2
2025-11-18 17:23:23,770 - INFO - MainThread - server_logic - [DEBUG] found replica for vector: 3
2025-11-18 17:23:23,770 - INFO - MainThread - server_logic - [DEBUG] found replica for vector: 4
2025-11-18 17:23:23,770 - INFO - MainThread - server_logic - [DEBUG] found replica for vector: 1
2025-11-18 17:23:23,770 - INFO - MainThread - server_logic - [DEBUG] found replica for vector: 2
2025-11-18 17:23:23,770 - INFO - MainThread - server_logic - [DEBUG] found replica for vector: 3
2025-11-18 17:23:23,770 - INFO - MainThread - server_logic - [DEBUG] found replica for vector: 4
2025-11-18 17:23:23,770 - INFO - MainThread - server_logic - [DEBUG] found replica for vector: 1
2025-11-18 17:23:23,770 - INFO - MainThread - server_logic - [DEBUG] found replica for vector: 2
2025-11-18 17:23:23,770 - INFO - MainThread - server_logic - [DEBUG] found replica for vector: 3
2025-11-18 17:23:23,770 - INFO - MainThread - server_logic - [DEBUG] found replica for vector: 4
2025-11-18 17:23:23,770 - INFO - MainThread - server_logic - [DEBUG] found replica for vector: 1
2025-11-18 17:23:23,770 - INFO - MainThread - server_logic - [DEBUG] found replica for vector: 2
2025-11-18 17:23:23,770 - INFO - MainThread - server_logic - [DEBUG] found replica for vector: 3
2025-11-18 17:23:23,770 - INFO - MainThread - server_logic - [DEBUG] found replica for vector: 4
2025-11-18 17:23:23,770 - INFO - MainThread - server_logic - [DEBUG] found replica for vector: 1
2025-11-18 17:23:23,770 - INFO - MainThread - server_logic - [DEBUG] found replica for vector: 2
2025-11-18 17:23:23,770 - INFO - MainThread - server_logic - [DEBUG] found replica for vector: 3
2025-11-18 17:23:23,770 - INFO - MainThread - server_logic - [DEBUG] found replica for vector: 4
2025-11-18 17:23:23,770 - INFO - MainThread - server_logic - [DEBUG] found replica for vector: 1
2025-11-18 17:23:23,770 - INFO - MainThread - server_logic - [DEBUG] found replica for vector: 2
2025-11-18 17:23:23,770 - INFO - MainThread - server_logic - [DEBUG] found replica for vector: 3
2025-11-18 17:23:23,770 - INFO - MainThread - server_logic - [DEBUG] found replica for vector: 4
2025-11-18 17:23:23,770 - INFO - MainThread - server_logic - [DEBUG] found replica for vector: 1
2025-11-18 17:23:23,770 - INFO - MainThread - server_logic - [DEBUG] found replica for vector: 2
2025-11-18 17:23:23,770 - INFO - MainThread - server_logic - [DEBUG] found replica for vector: 3
2025-11-18 17:23:23,770 - INFO - MainThread - server_logic - [DEBUG] found replica for vector: 4
2025-11-18 17:23:23,770 - INFO - MainThread - server_logic - [DEBUG] found replica for vector: 1
2025-11-18 17:23:23,770 - INFO - MainThread - server_logic - [DEBUG] found replica for vector: 2
2025-11-18 17:23:23,770 - INFO - MainThread - server_logic - [DEBUG] found replica for vector: 3
2025-11-18 17:23:23,770 - INFO - MainThread - server_logic - [DEBUG] found replica for vector: 4
2025-11-18 17:23:23,770 - INFO - MainThread - server_logic - [DEBUG] found replica for vector: 1
2025-11-18 17:23:23,770 - INFO - MainThread - server_logic - [DEBUG] found replica for vector: 2
2025-11-18 17:23:23,770 - INFO - MainThread - server_logic - [DEBUG] found replica for vector: 3
2025-11-18 17:23:23,770 - INFO - MainThread - server_logic - [DEBUG] found replica for vector: 4
2025-11-18 17:23:23,771 - INFO - MainThread - server_logic - [DEBUG] found replica for vector: 1
2025-11-18 17:23:23,771 - INFO - MainThread - server_logic - [DEBUG] found replica for vector: 2
2025-11-18 17:23:23,771 - INFO - MainThread - server_logic - [DEBUG] found replica for vector: 3
2025-11-18 17:23:23,771 - INFO - MainThread - server_logic - [DEBUG] to me replica for vector: 3
2025-11-18 17:23:23,771 - INFO - MainThread - server_logic - [DEBUG] found replica for vector: 1
2025-11-18 17:23:23,771 - INFO - MainThread - server_logic - [DEBUG] found replica for vector: 2
2025-11-18 17:23:23,771 - INFO - MainThread - server_logic - [DEBUG] found replica for vector: 3
2025-11-18 17:23:23,771 - INFO - MainThread - server_logic - [DEBUG] found replica for vector: 4
2025-11-18 17:23:23,771 - INFO - MainThread - server_logic - [DEBUG] found replica for vector: 1
2025-11-18 17:23:23,771 - INFO - MainThread - server_logic - [DEBUG] found replica for vector: 2
2025-11-18 17:23:23,771 - INFO - MainThread - server_logic - [DEBUG] found replica for vector: 3
2025-11-18 17:23:23,771 - INFO - MainThread - server_logic - [DEBUG] found replica for vector: 4
2025-11-18 17:23:23,771 - INFO - MainThread - server_logic - [DEBUG] found replica for vector: 1
2025-11-18 17:23:23,771 - INFO - MainThread - server_logic - [DEBUG] found replica for vector: 2
2025-11-18 17:23:23,771 - INFO - MainThread - server_logic - [DEBUG] found replica for vector: 3
2025-11-18 17:23:23,771 - INFO - MainThread - server_logic - [DEBUG] found replica for vector: 4
2025-11-18 17:23:23,771 - INFO - MainThread - server_logic - [DEBUG] found replica for vector: 1
2025-11-18 17:23:23,771 - INFO - MainThread - server_logic - [DEBUG] found replica for vector: 2
2025-11-18 17:23:23,771 - INFO - MainThread - server_logic - [DEBUG] found replica for vector: 3
2025-11-18 17:23:23,771 - INFO - MainThread - server_logic - [DEBUG] found replica for vector: 4
2025-11-18 17:23:23,771 - INFO - MainThread - server_logic - [DEBUG] found replica for vector: 1
2025-11-18 17:23:23,771 - INFO - MainThread - server_logic - [DEBUG] found replica for vector: 2
2025-11-18 17:23:23,771 - INFO - MainThread - server_logic - [DEBUG] found replica for vector: 3
2025-11-18 17:23:23,771 - INFO - MainThread - server_logic - [DEBUG] to me replica for vector: 3
2025-11-18 17:23:23,771 - INFO - MainThread - server_logic - [DEBUG] found replica for vector: 1
2025-11-18 17:23:23,771 - INFO - MainThread - server_logic - [DEBUG] found replica for vector: 2
2025-11-18 17:23:23,771 - INFO - MainThread - server_logic - [DEBUG] found replica for vector: 3
2025-11-18 17:23:23,771 - INFO - MainThread - server_logic - [DEBUG] found replica for vector: 4
2025-11-18 17:23:23,771 - INFO - MainThread - server_logic - [DEBUG] found replica for vector: 1
2025-11-18 17:23:23,771 - INFO - MainThread - server_logic - [DEBUG] found replica for vector: 2
2025-11-18 17:23:23,771 - INFO - MainThread - server_logic - [DEBUG] found replica for vector: 3
2025-11-18 17:23:23,771 - INFO - MainThread - server_logic - [DEBUG] found replica for vector: 4
2025-11-18 17:23:23,771 - INFO - MainThread - server_logic - [DEBUG] found replica for vector: 1
2025-11-18 17:23:23,771 - INFO - MainThread - server_logic - [DEBUG] found replica for vector: 2
2025-11-18 17:23:23,771 - INFO - MainThread - server_logic - [DEBUG] found replica for vector: 3
2025-11-18 17:23:23,771 - INFO - MainThread - server_logic - [DEBUG] to me replica for vector: 3
2025-11-18 17:23:23,771 - INFO - MainThread - server_logic - [DEBUG] found replica for vector: 1
2025-11-18 17:23:23,771 - INFO - MainThread - server_logic - [DEBUG] found replica for vector: 2
2025-11-18 17:23:23,771 - INFO - MainThread - server_logic - [DEBUG] found replica for vector: 3
2025-11-18 17:23:23,771 - INFO - MainThread - server_logic - [DEBUG] found replica for vector: 4
2025-11-18 17:23:23,771 - INFO - MainThread - server_logic - [DEBUG] found replica for vector: 1
2025-11-18 17:23:23,771 - INFO - MainThread - server_logic - [DEBUG] found replica for vector: 2
2025-11-18 17:23:23,771 - INFO - MainThread - server_logic - [DEBUG] found replica for vector: 3
2025-11-18 17:23:23,771 - INFO - MainThread - server_logic - [DEBUG] to me replica for vector: 3
2025-11-18 17:23:23,771 - INFO - MainThread - server_logic - [DEBUG] found replica for vector: 1
2025-11-18 17:23:23,771 - INFO - MainThread - server_logic - [DEBUG] found replica for vector: 2
2025-11-18 17:23:23,771 - INFO - MainThread - server_logic - [DEBUG] found replica for vector: 3
2025-11-18 17:23:23,771 - INFO - MainThread - server_logic - [DEBUG] found replica for vector: 4
2025-11-18 17:23:23,771 - INFO - MainThread - server_logic - [DEBUG] found replica for vector: 1
2025-11-18 17:23:23,771 - INFO - MainThread - server_logic - [DEBUG] found replica for vector: 2
2025-11-18 17:23:23,771 - INFO - MainThread - server_logic - [DEBUG] found replica for vector: 3
2025-11-18 17:23:23,771 - INFO - MainThread - server_logic - [DEBUG] to me replica for vector: 3
2025-11-18 17:23:23,771 - INFO - MainThread - server_logic - [DEBUG] found replica for vector: 1
2025-11-18 17:23:23,771 - INFO - MainThread - server_logic - [DEBUG] found replica for vector: 2
2025-11-18 17:23:23,771 - INFO - MainThread - server_logic - [DEBUG] found replica for vector: 3
2025-11-18 17:23:23,771 - INFO - MainThread - server_logic - [DEBUG] found replica for vector: 4
2025-11-18 17:23:23,771 - INFO - MainThread - server_logic - [DEBUG] found replica for vector: 1
2025-11-18 17:23:23,771 - INFO - MainThread - server_logic - [DEBUG] found replica for vector: 2
2025-11-18 17:23:23,772 - INFO - MainThread - server_logic - [DEBUG] found replica for vector: 3
2025-11-18 17:23:23,772 - INFO - MainThread - server_logic - [DEBUG] found replica for vector: 4
2025-11-18 17:23:23,772 - INFO - MainThread - server_logic - [DEBUG] found replica for vector: 1
2025-11-18 17:23:23,772 - INFO - MainThread - server_logic - [DEBUG] found replica for vector: 2
2025-11-18 17:23:23,772 - INFO - MainThread - server_logic - [DEBUG] found replica for vector: 3
2025-11-18 17:23:23,772 - INFO - MainThread - server_logic - [DEBUG] to me replica for vector: 3
2025-11-18 17:23:23,772 - INFO - MainThread - server_logic - [DEBUG] found replica for vector: 1
2025-11-18 17:23:23,772 - INFO - MainThread - server_logic - [DEBUG] found replica for vector: 2
2025-11-18 17:23:23,772 - INFO - MainThread - server_logic - [DEBUG] found replica for vector: 3
2025-11-18 17:23:23,772 - INFO - MainThread - server_logic - [DEBUG] found replica for vector: 4
2025-11-18 17:23:23,772 - INFO - MainThread - server_logic - [DEBUG] found replica for vector: 1
2025-11-18 17:23:23,772 - INFO - MainThread - server_logic - [DEBUG] found replica for vector: 2
2025-11-18 17:23:23,772 - INFO - MainThread - server_logic - [DEBUG] found replica for vector: 3
2025-11-18 17:23:23,772 - INFO - MainThread - server_logic - [DEBUG] found replica for vector: 4
2025-11-18 17:23:23,772 - INFO - MainThread - server_logic - [DEBUG] found replica for vector: 1
2025-11-18 17:23:23,772 - INFO - MainThread - server_logic - [DEBUG] found replica for vector: 2
2025-11-18 17:23:23,772 - INFO - MainThread - server_logic - [DEBUG] found replica for vector: 3
2025-11-18 17:23:23,772 - INFO - MainThread - server_logic - [DEBUG] to me replica for vector: 3
2025-11-18 17:23:23,772 - INFO - MainThread - server_logic - [DEBUG] found replica for vector: 1
2025-11-18 17:23:23,772 - INFO - MainThread - server_logic - [DEBUG] found replica for vector: 2
2025-11-18 17:23:23,772 - INFO - MainThread - server_logic - [DEBUG] found replica for vector: 3
2025-11-18 17:23:23,772 - INFO - MainThread - server_logic - [DEBUG] found replica for vector: 4
2025-11-18 17:23:23,772 - INFO - MainThread - server_logic - [DEBUG] found replica for vector: 1
2025-11-18 17:23:23,772 - INFO - MainThread - server_logic - [DEBUG] found replica for vector: 2
2025-11-18 17:23:23,772 - INFO - MainThread - server_logic - [DEBUG] found replica for vector: 3
2025-11-18 17:23:23,772 - INFO - MainThread - server_logic - [DEBUG] found replica for vector: 4
2025-11-18 17:23:23,772 - INFO - MainThread - server_logic - [DEBUG] found replica for vector: 1
2025-11-18 17:23:23,772 - INFO - MainThread - server_logic - [DEBUG] found replica for vector: 2
2025-11-18 17:23:23,772 - INFO - MainThread - server_logic - [DEBUG] found replica for vector: 3
2025-11-18 17:23:23,772 - INFO - MainThread - server_logic - [DEBUG] found replica for vector: 4
2025-11-18 17:23:23,772 - INFO - MainThread - server_logic - [DEBUG] found replica for vector: 1
2025-11-18 17:23:23,772 - INFO - MainThread - server_logic - [DEBUG] found replica for vector: 2
2025-11-18 17:23:23,772 - INFO - MainThread - server_logic - [DEBUG] found replica for vector: 3
2025-11-18 17:23:23,772 - INFO - MainThread - server_logic - [DEBUG] found replica for vector: 4
2025-11-18 17:23:23,772 - INFO - MainThread - server_logic - [DEBUG] found replica for vector: 1
2025-11-18 17:23:23,772 - INFO - MainThread - server_logic - [DEBUG] found replica for vector: 2
2025-11-18 17:23:23,772 - INFO - MainThread - server_logic - [DEBUG] found replica for vector: 3
2025-11-18 17:23:23,772 - INFO - MainThread - server_logic - [DEBUG] to me replica for vector: 3
2025-11-18 17:23:23,772 - INFO - MainThread - server_logic - [DEBUG] found replica for vector: 1
2025-11-18 17:23:23,772 - INFO - MainThread - server_logic - [DEBUG] found replica for vector: 2
2025-11-18 17:23:23,772 - INFO - MainThread - server_logic - [DEBUG] found replica for vector: 3
2025-11-18 17:23:23,772 - INFO - MainThread - server_logic - [DEBUG] found replica for vector: 4
2025-11-18 17:23:23,772 - INFO - MainThread - server_logic - [DEBUG] found replica for vector: 1
2025-11-18 17:23:23,772 - INFO - MainThread - server_logic - [DEBUG] found replica for vector: 2
2025-11-18 17:23:23,772 - INFO - MainThread - server_logic - [DEBUG] found replica for vector: 3
2025-11-18 17:23:23,772 - INFO - MainThread - server_logic - [DEBUG] found replica for vector: 4
2025-11-18 17:23:23,772 - INFO - MainThread - server_logic - [DEBUG] found replica for vector: 1
2025-11-18 17:23:23,772 - INFO - MainThread - server_logic - [DEBUG] found replica for vector: 2
2025-11-18 17:23:23,772 - INFO - MainThread - server_logic - [DEBUG] found replica for vector: 3
2025-11-18 17:23:23,772 - INFO - MainThread - server_logic - [DEBUG] found replica for vector: 4
2025-11-18 17:23:23,772 - INFO - MainThread - server_logic - [DEBUG] found replica for vector: 1
2025-11-18 17:23:23,772 - INFO - MainThread - server_logic - [DEBUG] found replica for vector: 2
2025-11-18 17:23:23,772 - INFO - MainThread - server_logic - [DEBUG] found replica for vector: 3
2025-11-18 17:23:23,772 - INFO - MainThread - server_logic - [DEBUG] found replica for vector: 4
2025-11-18 17:23:23,772 - INFO - MainThread - server_logic - [DEBUG] found replica for vector: 1
2025-11-18 17:23:23,772 - INFO - MainThread - server_logic - [DEBUG] found replica for vector: 2
2025-11-18 17:23:23,772 - INFO - MainThread - server_logic - [DEBUG] found replica for vector: 3
2025-11-18 17:23:23,772 - INFO - MainThread - server_logic - [DEBUG] to me replica for vector: 3
2025-11-18 17:23:23,773 - INFO - MainThread - server_logic - [DEBUG] found replica for vector: 1
2025-11-18 17:23:23,773 - INFO - MainThread - server_logic - [DEBUG] found replica for vector: 2
2025-11-18 17:23:23,773 - INFO - MainThread - server_logic - [DEBUG] found replica for vector: 3
2025-11-18 17:23:23,773 - INFO - MainThread - server_logic - [DEBUG] found replica for vector: 4
2025-11-18 17:23:23,773 - INFO - MainThread - server_logic - [DEBUG] found replica for vector: 1
2025-11-18 17:23:23,773 - INFO - MainThread - server_logic - [DEBUG] found replica for vector: 2
2025-11-18 17:23:23,773 - INFO - MainThread - server_logic - [DEBUG] found replica for vector: 3
2025-11-18 17:23:23,773 - INFO - MainThread - server_logic - [DEBUG] to me replica for vector: 3
2025-11-18 17:23:23,773 - INFO - MainThread - server_logic - [DEBUG] found replica for vector: 1
2025-11-18 17:23:23,773 - INFO - MainThread - server_logic - [DEBUG] found replica for vector: 2
2025-11-18 17:23:23,773 - INFO - MainThread - server_logic - [DEBUG] found replica for vector: 3
2025-11-18 17:23:23,773 - INFO - MainThread - server_logic - [DEBUG] found replica for vector: 4
2025-11-18 17:23:23,773 - INFO - MainThread - server_logic - [DEBUG] found replica for vector: 1
2025-11-18 17:23:23,773 - INFO - MainThread - server_logic - [DEBUG] found replica for vector: 2
2025-11-18 17:23:23,773 - INFO - MainThread - server_logic - [DEBUG] found replica for vector: 3
2025-11-18 17:23:23,773 - INFO - MainThread - server_logic - [DEBUG] found replica for vector: 4
2025-11-18 17:23:23,773 - INFO - MainThread - server_logic - [DEBUG] found replica for vector: 1
2025-11-18 17:23:23,773 - INFO - MainThread - server_logic - [DEBUG] found replica for vector: 2
2025-11-18 17:23:23,773 - INFO - MainThread - server_logic - [DEBUG] found replica for vector: 3
2025-11-18 17:23:23,773 - INFO - MainThread - server_logic - [DEBUG] found replica for vector: 4
2025-11-18 17:23:23,773 - INFO - MainThread - server_logic - [DEBUG] found replica for vector: 1
2025-11-18 17:23:23,773 - INFO - MainThread - server_logic - [DEBUG] found replica for vector: 2
2025-11-18 17:23:23,773 - INFO - MainThread - server_logic - [DEBUG] found replica for vector: 3
2025-11-18 17:23:23,773 - INFO - MainThread - server_logic - [DEBUG] found replica for vector: 4
2025-11-18 17:23:23,773 - INFO - MainThread - server_logic - [DEBUG] found replica for vector: 1
2025-11-18 17:23:23,773 - INFO - MainThread - server_logic - [DEBUG] found replica for vector: 2
2025-11-18 17:23:23,773 - INFO - MainThread - server_logic - [DEBUG] found replica for vector: 3
2025-11-18 17:23:23,773 - INFO - MainThread - server_logic - [DEBUG] found replica for vector: 4
2025-11-18 17:23:23,773 - INFO - MainThread - server_logic - [DEBUG] found replica for vector: 1
2025-11-18 17:23:23,773 - INFO - MainThread - server_logic - [DEBUG] found replica for vector: 2
2025-11-18 17:23:23,773 - INFO - MainThread - server_logic - [DEBUG] found replica for vector: 3
2025-11-18 17:23:23,773 - INFO - MainThread - server_logic - [DEBUG] to me replica for vector: 3
2025-11-18 17:23:23,773 - INFO - MainThread - server_logic - [DEBUG] found replica for vector: 1
2025-11-18 17:23:23,773 - INFO - MainThread - server_logic - [DEBUG] found replica for vector: 2
2025-11-18 17:23:23,773 - INFO - MainThread - server_logic - [DEBUG] found replica for vector: 3
2025-11-18 17:23:23,773 - INFO - MainThread - server_logic - [DEBUG] found replica for vector: 4
2025-11-18 17:23:23,773 - INFO - MainThread - server_logic - [DEBUG] found replica for vector: 1
2025-11-18 17:23:23,773 - INFO - MainThread - server_logic - [DEBUG] found replica for vector: 2
2025-11-18 17:23:23,773 - INFO - MainThread - server_logic - [DEBUG] found replica for vector: 3
2025-11-18 17:23:23,773 - INFO - MainThread - server_logic - [DEBUG] found replica for vector: 4
2025-11-18 17:23:23,773 - INFO - MainThread - server_logic - [DEBUG] found replica for vector: 1
2025-11-18 17:23:23,773 - INFO - MainThread - server_logic - [DEBUG] found replica for vector: 2
2025-11-18 17:23:23,773 - INFO - MainThread - server_logic - [DEBUG] found replica for vector: 3
2025-11-18 17:23:23,773 - INFO - MainThread - server_logic - [DEBUG] found replica for vector: 4
2025-11-18 17:23:23,773 - INFO - MainThread - server_logic - [DEBUG] found replica for vector: 1
2025-11-18 17:23:23,773 - INFO - MainThread - server_logic - [DEBUG] found replica for vector: 2
2025-11-18 17:23:23,773 - INFO - MainThread - server_logic - [DEBUG] found replica for vector: 3
2025-11-18 17:23:23,773 - INFO - MainThread - server_logic - [DEBUG] found replica for vector: 4
2025-11-18 17:23:23,773 - INFO - MainThread - server_logic - [DEBUG] found replica for vector: 1
2025-11-18 17:23:23,773 - INFO - MainThread - server_logic - [DEBUG] found replica for vector: 2
2025-11-18 17:23:23,773 - INFO - MainThread - server_logic - [DEBUG] found replica for vector: 3
2025-11-18 17:23:23,773 - INFO - MainThread - server_logic - [DEBUG] found replica for vector: 4
2025-11-18 17:23:23,773 - INFO - MainThread - server_logic - [DEBUG] found replica for vector: 1
2025-11-18 17:23:23,773 - INFO - MainThread - server_logic - [DEBUG] found replica for vector: 2
2025-11-18 17:23:23,773 - INFO - MainThread - server_logic - [DEBUG] found replica for vector: 3
2025-11-18 17:23:23,773 - INFO - MainThread - server_logic - [DEBUG] found replica for vector: 4
2025-11-18 17:23:23,773 - INFO - MainThread - server_logic - [DEBUG] found replica for vector: 1
2025-11-18 17:23:23,773 - INFO - MainThread - server_logic - [DEBUG] found replica for vector: 2
2025-11-18 17:23:23,774 - INFO - MainThread - server_logic - [DEBUG] found replica for vector: 3
2025-11-18 17:23:23,774 - INFO - MainThread - server_logic - [DEBUG] found replica for vector: 4
2025-11-18 17:23:23,774 - INFO - MainThread - server_logic - [DEBUG] found replica for vector: 1
2025-11-18 17:23:23,774 - INFO - MainThread - server_logic - [DEBUG] found replica for vector: 2
2025-11-18 17:23:23,774 - INFO - MainThread - server_logic - [DEBUG] found replica for vector: 3
2025-11-18 17:23:23,774 - INFO - MainThread - server_logic - [DEBUG] found replica for vector: 4
2025-11-18 17:23:23,774 - INFO - MainThread - server_logic - [DEBUG] found replica for vector: 1
2025-11-18 17:23:23,774 - INFO - MainThread - server_logic - [DEBUG] found replica for vector: 2
2025-11-18 17:23:23,774 - INFO - MainThread - server_logic - [DEBUG] found replica for vector: 3
2025-11-18 17:23:23,774 - INFO - MainThread - server_logic - [DEBUG] found replica for vector: 4
2025-11-18 17:23:23,774 - INFO - MainThread - server_logic - [DEBUG] found replica for vector: 1
2025-11-18 17:23:23,774 - INFO - MainThread - server_logic - [DEBUG] found replica for vector: 2
2025-11-18 17:23:23,774 - INFO - MainThread - server_logic - [DEBUG] found replica for vector: 3
2025-11-18 17:23:23,774 - INFO - MainThread - server_logic - [DEBUG] found replica for vector: 4
2025-11-18 17:23:23,774 - INFO - MainThread - server_logic - [DEBUG] found replica for vector: 1
2025-11-18 17:23:23,774 - INFO - MainThread - server_logic - [DEBUG] found replica for vector: 2
2025-11-18 17:23:23,774 - INFO - MainThread - server_logic - [DEBUG] found replica for vector: 3
2025-11-18 17:23:23,774 - INFO - MainThread - server_logic - [DEBUG] found replica for vector: 4
2025-11-18 17:23:23,774 - INFO - MainThread - server_logic - [DEBUG] found replica for vector: 1
2025-11-18 17:23:23,774 - INFO - MainThread - server_logic - [DEBUG] found replica for vector: 2
2025-11-18 17:23:23,774 - INFO - MainThread - server_logic - [DEBUG] found replica for vector: 3
2025-11-18 17:23:23,774 - INFO - MainThread - server_logic - [DEBUG] found replica for vector: 4
2025-11-18 17:23:23,774 - INFO - MainThread - server_logic - [DEBUG] found replica for vector: 1
2025-11-18 17:23:23,774 - INFO - MainThread - server_logic - [DEBUG] found replica for vector: 2
2025-11-18 17:23:23,774 - INFO - MainThread - server_logic - [DEBUG] found replica for vector: 3
2025-11-18 17:23:23,774 - INFO - MainThread - server_logic - [DEBUG] found replica for vector: 4
2025-11-18 17:23:23,774 - INFO - MainThread - server_logic - [DEBUG] found replica for vector: 1
2025-11-18 17:23:23,774 - INFO - MainThread - server_logic - [DEBUG] found replica for vector: 2
2025-11-18 17:23:23,774 - INFO - MainThread - server_logic - [DEBUG] found replica for vector: 3
2025-11-18 17:23:23,774 - INFO - MainThread - server_logic - [DEBUG] found replica for vector: 4
2025-11-18 17:23:23,774 - INFO - MainThread - server_logic - [DEBUG] found replica for vector: 1
2025-11-18 17:23:23,774 - INFO - MainThread - server_logic - [DEBUG] found replica for vector: 2
2025-11-18 17:23:23,774 - INFO - MainThread - server_logic - [DEBUG] found replica for vector: 3
2025-11-18 17:23:23,774 - INFO - MainThread - server_logic - [DEBUG] found replica for vector: 4
2025-11-18 17:23:23,774 - INFO - MainThread - server_logic - [DEBUG] found replica for vector: 1
2025-11-18 17:23:23,774 - INFO - MainThread - server_logic - [DEBUG] found replica for vector: 2
2025-11-18 17:23:23,774 - INFO - MainThread - server_logic - [DEBUG] found replica for vector: 3
2025-11-18 17:23:23,774 - INFO - MainThread - server_logic - [DEBUG] found replica for vector: 4
2025-11-18 17:23:23,774 - INFO - MainThread - server_logic - [DEBUG] found replica for vector: 1
2025-11-18 17:23:23,774 - INFO - MainThread - server_logic - [DEBUG] found replica for vector: 2
2025-11-18 17:23:23,774 - INFO - MainThread - server_logic - [DEBUG] found replica for vector: 3
2025-11-18 17:23:23,774 - INFO - MainThread - server_logic - [DEBUG] found replica for vector: 4
2025-11-18 17:23:23,774 - INFO - MainThread - server_logic - [DEBUG] found replica for vector: 1
2025-11-18 17:23:23,774 - INFO - MainThread - server_logic - [DEBUG] found replica for vector: 2
2025-11-18 17:23:23,774 - INFO - MainThread - server_logic - [DEBUG] found replica for vector: 3
2025-11-18 17:23:23,774 - INFO - MainThread - server_logic - [DEBUG] to me replica for vector: 3
2025-11-18 17:23:23,774 - INFO - MainThread - server_logic - [DEBUG] found replica for vector: 1
2025-11-18 17:23:23,774 - INFO - MainThread - server_logic - [DEBUG] found replica for vector: 2
2025-11-18 17:23:23,774 - INFO - MainThread - server_logic - [DEBUG] found replica for vector: 3
2025-11-18 17:23:23,774 - INFO - MainThread - server_logic - [DEBUG] found replica for vector: 4
2025-11-18 17:23:23,774 - INFO - MainThread - server_logic - [DEBUG] found replica for vector: 1
2025-11-18 17:23:23,774 - INFO - MainThread - server_logic - [DEBUG] found replica for vector: 2
2025-11-18 17:23:23,774 - INFO - MainThread - server_logic - [DEBUG] found replica for vector: 3
2025-11-18 17:23:23,774 - INFO - MainThread - server_logic - [DEBUG] found replica for vector: 4
2025-11-18 17:23:23,774 - INFO - MainThread - server_logic - [DEBUG] found replica for vector: 1
2025-11-18 17:23:23,774 - INFO - MainThread - server_logic - [DEBUG] found replica for vector: 2
2025-11-18 17:23:23,774 - INFO - MainThread - server_logic - [DEBUG] found replica for vector: 3
2025-11-18 17:23:23,774 - INFO - MainThread - server_logic - [DEBUG] found replica for vector: 4
2025-11-18 17:23:23,775 - INFO - MainThread - server_logic - [DEBUG] found replica for vector: 1
2025-11-18 17:23:23,775 - INFO - MainThread - server_logic - [DEBUG] found replica for vector: 2
2025-11-18 17:23:23,775 - INFO - MainThread - server_logic - [DEBUG] found replica for vector: 3
2025-11-18 17:23:23,775 - INFO - MainThread - server_logic - [DEBUG] found replica for vector: 4
2025-11-18 17:23:23,775 - INFO - MainThread - server_logic - [DEBUG] found replica for vector: 1
2025-11-18 17:23:23,775 - INFO - MainThread - server_logic - [DEBUG] found replica for vector: 2
2025-11-18 17:23:23,775 - INFO - MainThread - server_logic - [DEBUG] found replica for vector: 3
2025-11-18 17:23:23,775 - INFO - MainThread - server_logic - [DEBUG] to me replica for vector: 3
2025-11-18 17:23:23,775 - INFO - MainThread - server_logic - [DEBUG] found replica for vector: 1
2025-11-18 17:23:23,775 - INFO - MainThread - server_logic - [DEBUG] found replica for vector: 2
2025-11-18 17:23:23,775 - INFO - MainThread - server_logic - [DEBUG] found replica for vector: 3
2025-11-18 17:23:23,775 - INFO - MainThread - server_logic - [DEBUG] to me replica for vector: 3
2025-11-18 17:23:23,775 - INFO - MainThread - server_logic - [DEBUG] found replica for vector: 1
2025-11-18 17:23:23,775 - INFO - MainThread - server_logic - [DEBUG] found replica for vector: 2
2025-11-18 17:23:23,775 - INFO - MainThread - server_logic - [DEBUG] found replica for vector: 3
2025-11-18 17:23:23,775 - INFO - MainThread - server_logic - [DEBUG] found replica for vector: 4
2025-11-18 17:23:23,775 - INFO - MainThread - server_logic - [DEBUG] found replica for vector: 1
2025-11-18 17:23:23,775 - INFO - MainThread - server_logic - [DEBUG] found replica for vector: 2
2025-11-18 17:23:23,775 - INFO - MainThread - server_logic - [DEBUG] found replica for vector: 3
2025-11-18 17:23:23,775 - INFO - MainThread - server_logic - [DEBUG] to me replica for vector: 3
2025-11-18 17:23:23,775 - INFO - MainThread - server_logic - [DEBUG] found replica for vector: 1
2025-11-18 17:23:23,775 - INFO - MainThread - server_logic - [DEBUG] found replica for vector: 2
2025-11-18 17:23:23,775 - INFO - MainThread - server_logic - [DEBUG] found replica for vector: 3
2025-11-18 17:23:23,775 - INFO - MainThread - server_logic - [DEBUG] found replica for vector: 4
2025-11-18 17:23:23,775 - INFO - MainThread - server_logic - [DEBUG] found replica for vector: 1
2025-11-18 17:23:23,775 - INFO - MainThread - server_logic - [DEBUG] found replica for vector: 2
2025-11-18 17:23:23,775 - INFO - MainThread - server_logic - [DEBUG] found replica for vector: 3
2025-11-18 17:23:23,775 - INFO - MainThread - server_logic - [DEBUG] found replica for vector: 4
2025-11-18 17:23:23,775 - INFO - MainThread - server_logic - [DEBUG] found replica for vector: 1
2025-11-18 17:23:23,775 - INFO - MainThread - server_logic - [DEBUG] found replica for vector: 2
2025-11-18 17:23:23,775 - INFO - MainThread - server_logic - [DEBUG] found replica for vector: 3
2025-11-18 17:23:23,775 - INFO - MainThread - server_logic - [DEBUG] found replica for vector: 4
2025-11-18 17:23:23,775 - INFO - MainThread - server_logic - [DEBUG] found replica for vector: 1
2025-11-18 17:23:23,775 - INFO - MainThread - server_logic - [DEBUG] found replica for vector: 2
2025-11-18 17:23:23,775 - INFO - MainThread - server_logic - [DEBUG] found replica for vector: 3
2025-11-18 17:23:23,775 - INFO - MainThread - server_logic - [DEBUG] to me replica for vector: 3
2025-11-18 17:23:23,775 - INFO - MainThread - server_logic - [DEBUG] found replica for vector: 1
2025-11-18 17:23:23,775 - INFO - MainThread - server_logic - [DEBUG] found replica for vector: 2
2025-11-18 17:23:23,775 - INFO - MainThread - server_logic - [DEBUG] found replica for vector: 3
2025-11-18 17:23:23,775 - INFO - MainThread - server_logic - [DEBUG] found replica for vector: 4
2025-11-18 17:23:23,775 - INFO - MainThread - server_logic - [DEBUG] found replica for vector: 1
2025-11-18 17:23:23,775 - INFO - MainThread - server_logic - [DEBUG] found replica for vector: 2
2025-11-18 17:23:23,775 - INFO - MainThread - server_logic - [DEBUG] found replica for vector: 3
2025-11-18 17:23:23,775 - INFO - MainThread - server_logic - [DEBUG] found replica for vector: 4
2025-11-18 17:23:23,775 - INFO - MainThread - server_logic - [DEBUG] found replica for vector: 1
2025-11-18 17:23:23,775 - INFO - MainThread - server_logic - [DEBUG] found replica for vector: 2
2025-11-18 17:23:23,775 - INFO - MainThread - server_logic - [DEBUG] found replica for vector: 3
2025-11-18 17:23:23,775 - INFO - MainThread - server_logic - [DEBUG] found replica for vector: 4
2025-11-18 17:23:23,775 - INFO - MainThread - server_logic - [DEBUG] found replica for vector: 1
2025-11-18 17:23:23,775 - INFO - MainThread - server_logic - [DEBUG] found replica for vector: 2
2025-11-18 17:23:23,775 - INFO - MainThread - server_logic - [DEBUG] found replica for vector: 3
2025-11-18 17:23:23,775 - INFO - MainThread - server_logic - [DEBUG] found replica for vector: 4
2025-11-18 17:23:23,775 - INFO - MainThread - server_logic - [DEBUG] found replica for vector: 1
2025-11-18 17:23:23,775 - INFO - MainThread - server_logic - [DEBUG] found replica for vector: 2
2025-11-18 17:23:23,775 - INFO - MainThread - server_logic - [DEBUG] found replica for vector: 3
2025-11-18 17:23:23,775 - INFO - MainThread - server_logic - [DEBUG] to me replica for vector: 3
2025-11-18 17:23:23,775 - INFO - MainThread - server_logic - [DEBUG] found replica for vector: 1
2025-11-18 17:23:23,775 - INFO - MainThread - server_logic - [DEBUG] found replica for vector: 2
2025-11-18 17:23:23,776 - INFO - MainThread - server_logic - [DEBUG] found replica for vector: 3
2025-11-18 17:23:23,776 - INFO - MainThread - server_logic - [DEBUG] found replica for vector: 4
2025-11-18 17:23:23,776 - INFO - MainThread - server_logic - [DEBUG] found replica for vector: 1
2025-11-18 17:23:23,776 - INFO - MainThread - server_logic - [DEBUG] found replica for vector: 2
2025-11-18 17:23:23,776 - INFO - MainThread - server_logic - [DEBUG] found replica for vector: 3
2025-11-18 17:23:23,776 - INFO - MainThread - server_logic - [DEBUG] found replica for vector: 4
2025-11-18 17:23:23,776 - INFO - MainThread - server_logic - [DEBUG] found replica for vector: 1
2025-11-18 17:23:23,776 - INFO - MainThread - server_logic - [DEBUG] found replica for vector: 2
2025-11-18 17:23:23,776 - INFO - MainThread - server_logic - [DEBUG] found replica for vector: 3
2025-11-18 17:23:23,776 - INFO - MainThread - server_logic - [DEBUG] to me replica for vector: 3
2025-11-18 17:23:23,776 - INFO - MainThread - server_logic - [DEBUG] found replica for vector: 1
2025-11-18 17:23:23,776 - INFO - MainThread - server_logic - [DEBUG] found replica for vector: 2
2025-11-18 17:23:23,776 - INFO - MainThread - server_logic - [DEBUG] found replica for vector: 3
2025-11-18 17:23:23,776 - INFO - MainThread - server_logic - [DEBUG] found replica for vector: 4
2025-11-18 17:23:23,776 - INFO - MainThread - server_logic - [DEBUG] found replica for vector: 1
2025-11-18 17:23:23,776 - INFO - MainThread - server_logic - [DEBUG] found replica for vector: 2
2025-11-18 17:23:23,776 - INFO - MainThread - server_logic - [DEBUG] found replica for vector: 3
2025-11-18 17:23:23,776 - INFO - MainThread - server_logic - [DEBUG] found replica for vector: 4
2025-11-18 17:23:23,776 - INFO - MainThread - server_logic - [DEBUG] found replica for vector: 1
2025-11-18 17:23:23,776 - INFO - MainThread - server_logic - [DEBUG] found replica for vector: 2
2025-11-18 17:23:23,776 - INFO - MainThread - server_logic - [DEBUG] found replica for vector: 3
2025-11-18 17:23:23,776 - INFO - MainThread - server_logic - [DEBUG] found replica for vector: 4
2025-11-18 17:23:23,776 - INFO - MainThread - server_logic - [DEBUG] found replica for vector: 1
2025-11-18 17:23:23,776 - INFO - MainThread - server_logic - [DEBUG] found replica for vector: 2
2025-11-18 17:23:23,776 - INFO - MainThread - server_logic - [DEBUG] found replica for vector: 3
2025-11-18 17:23:23,776 - INFO - MainThread - server_logic - [DEBUG] found replica for vector: 4
2025-11-18 17:23:23,776 - INFO - MainThread - server_logic - [DEBUG] found replica for vector: 1
2025-11-18 17:23:23,776 - INFO - MainThread - server_logic - [DEBUG] found replica for vector: 2
2025-11-18 17:23:23,776 - INFO - MainThread - server_logic - [DEBUG] found replica for vector: 3
2025-11-18 17:23:23,776 - INFO - MainThread - server_logic - [DEBUG] found replica for vector: 4
2025-11-18 17:23:23,776 - INFO - MainThread - server_logic - [DEBUG] found replica for vector: 1
2025-11-18 17:23:23,776 - INFO - MainThread - server_logic - [DEBUG] found replica for vector: 2
2025-11-18 17:23:23,776 - INFO - MainThread - server_logic - [DEBUG] found replica for vector: 3
2025-11-18 17:23:23,776 - INFO - MainThread - server_logic - [DEBUG] found replica for vector: 4
2025-11-18 17:23:23,776 - INFO - MainThread - server_logic - [DEBUG] found replica for vector: 1
2025-11-18 17:23:23,776 - INFO - MainThread - server_logic - [DEBUG] found replica for vector: 2
2025-11-18 17:23:23,776 - INFO - MainThread - server_logic - [DEBUG] found replica for vector: 3
2025-11-18 17:23:23,776 - INFO - MainThread - server_logic - [DEBUG] found replica for vector: 4
2025-11-18 17:23:23,776 - INFO - MainThread - server_logic - [DEBUG] found replica for vector: 1
2025-11-18 17:23:23,776 - INFO - MainThread - server_logic - [DEBUG] found replica for vector: 2
2025-11-18 17:23:23,776 - INFO - MainThread - server_logic - [DEBUG] found replica for vector: 3
2025-11-18 17:23:23,776 - INFO - MainThread - server_logic - [DEBUG] to me replica for vector: 3
2025-11-18 17:23:23,776 - INFO - MainThread - server_logic - [DEBUG] found replica for vector: 1
2025-11-18 17:23:23,776 - INFO - MainThread - server_logic - [DEBUG] found replica for vector: 2
2025-11-18 17:23:23,776 - INFO - MainThread - server_logic - [DEBUG] found replica for vector: 3
2025-11-18 17:23:23,776 - INFO - MainThread - server_logic - [DEBUG] to me replica for vector: 3
2025-11-18 17:23:23,776 - INFO - MainThread - server_logic - [DEBUG] found replica for vector: 1
2025-11-18 17:23:23,776 - INFO - MainThread - server_logic - [DEBUG] found replica for vector: 2
2025-11-18 17:23:23,776 - INFO - MainThread - server_logic - [DEBUG] found replica for vector: 3
2025-11-18 17:23:23,776 - INFO - MainThread - server_logic - [DEBUG] to me replica for vector: 3
2025-11-18 17:23:23,776 - INFO - MainThread - server_logic - [DEBUG] found replica for vector: 1
2025-11-18 17:23:23,776 - INFO - MainThread - server_logic - [DEBUG] found replica for vector: 2
2025-11-18 17:23:23,776 - INFO - MainThread - server_logic - [DEBUG] found replica for vector: 3
2025-11-18 17:23:23,776 - INFO - MainThread - server_logic - [DEBUG] found replica for vector: 4
2025-11-18 17:23:23,776 - INFO - MainThread - server_logic - [DEBUG] found replica for vector: 1
2025-11-18 17:23:23,776 - INFO - MainThread - server_logic - [DEBUG] found replica for vector: 2
2025-11-18 17:23:23,776 - INFO - MainThread - server_logic - [DEBUG] found replica for vector: 3
2025-11-18 17:23:23,776 - INFO - MainThread - server_logic - [DEBUG] to me replica for vector: 3
2025-11-18 17:23:23,777 - INFO - MainThread - server_logic - [DEBUG] found replica for vector: 1
2025-11-18 17:23:23,777 - INFO - MainThread - server_logic - [DEBUG] found replica for vector: 2
2025-11-18 17:23:23,777 - INFO - MainThread - server_logic - [DEBUG] found replica for vector: 3
2025-11-18 17:23:23,777 - INFO - MainThread - server_logic - [DEBUG] found replica for vector: 4
2025-11-18 17:23:23,777 - INFO - MainThread - server_logic - [DEBUG] found replica for vector: 1
2025-11-18 17:23:23,777 - INFO - MainThread - server_logic - [DEBUG] found replica for vector: 2
2025-11-18 17:23:23,777 - INFO - MainThread - server_logic - [DEBUG] found replica for vector: 3
2025-11-18 17:23:23,777 - INFO - MainThread - server_logic - [DEBUG] found replica for vector: 4
2025-11-18 17:23:23,777 - INFO - MainThread - server_logic - [DEBUG] found replica for vector: 1
2025-11-18 17:23:23,777 - INFO - MainThread - server_logic - [DEBUG] found replica for vector: 2
2025-11-18 17:23:23,777 - INFO - MainThread - server_logic - [DEBUG] found replica for vector: 3
2025-11-18 17:23:23,777 - INFO - MainThread - server_logic - [DEBUG] found replica for vector: 4
2025-11-18 17:23:23,777 - INFO - MainThread - server_logic - [DEBUG] found replica for vector: 1
2025-11-18 17:23:23,777 - INFO - MainThread - server_logic - [DEBUG] found replica for vector: 2
2025-11-18 17:23:23,777 - INFO - MainThread - server_logic - [DEBUG] found replica for vector: 3
2025-11-18 17:23:23,777 - INFO - MainThread - server_logic - [DEBUG] to me replica for vector: 3
2025-11-18 17:23:23,777 - INFO - MainThread - server_logic - [DEBUG] found replica for vector: 1
2025-11-18 17:23:23,777 - INFO - MainThread - server_logic - [DEBUG] found replica for vector: 2
2025-11-18 17:23:23,777 - INFO - MainThread - server_logic - [DEBUG] found replica for vector: 3
2025-11-18 17:23:23,777 - INFO - MainThread - server_logic - [DEBUG] found replica for vector: 4
2025-11-18 17:23:23,777 - INFO - MainThread - server_logic - [DEBUG] found replica for vector: 1
2025-11-18 17:23:23,777 - INFO - MainThread - server_logic - [DEBUG] found replica for vector: 2
2025-11-18 17:23:23,777 - INFO - MainThread - server_logic - [DEBUG] found replica for vector: 3
2025-11-18 17:23:23,777 - INFO - MainThread - server_logic - [DEBUG] found replica for vector: 4
2025-11-18 17:23:23,777 - INFO - MainThread - server_logic - [DEBUG] found replica for vector: 1
2025-11-18 17:23:23,777 - INFO - MainThread - server_logic - [DEBUG] found replica for vector: 2
2025-11-18 17:23:23,777 - INFO - MainThread - server_logic - [DEBUG] found replica for vector: 3
2025-11-18 17:23:23,777 - INFO - MainThread - server_logic - [DEBUG] found replica for vector: 4
2025-11-18 17:23:23,777 - INFO - MainThread - server_logic - [DEBUG] found replica for vector: 1
2025-11-18 17:23:23,777 - INFO - MainThread - server_logic - [DEBUG] found replica for vector: 2
2025-11-18 17:23:23,777 - INFO - MainThread - server_logic - [DEBUG] found replica for vector: 3
2025-11-18 17:23:23,777 - INFO - MainThread - server_logic - [DEBUG] found replica for vector: 4
2025-11-18 17:23:23,777 - INFO - MainThread - server_logic - [DEBUG] found replica for vector: 1
2025-11-18 17:23:23,777 - INFO - MainThread - server_logic - [DEBUG] found replica for vector: 2
2025-11-18 17:23:23,777 - INFO - MainThread - server_logic - [DEBUG] found replica for vector: 3
2025-11-18 17:23:23,777 - INFO - MainThread - server_logic - [DEBUG] found replica for vector: 4
2025-11-18 17:23:23,777 - INFO - MainThread - server_logic - [DEBUG] found replica for vector: 1
2025-11-18 17:23:23,777 - INFO - MainThread - server_logic - [DEBUG] found replica for vector: 2
2025-11-18 17:23:23,777 - INFO - MainThread - server_logic - [DEBUG] found replica for vector: 3
2025-11-18 17:23:23,777 - INFO - MainThread - server_logic - [DEBUG] found replica for vector: 4
2025-11-18 17:23:23,777 - INFO - MainThread - server_logic - [DEBUG] found replica for vector: 1
2025-11-18 17:23:23,777 - INFO - MainThread - server_logic - [DEBUG] found replica for vector: 2
2025-11-18 17:23:23,777 - INFO - MainThread - server_logic - [DEBUG] found replica for vector: 3
2025-11-18 17:23:23,777 - INFO - MainThread - server_logic - [DEBUG] found replica for vector: 4
2025-11-18 17:23:23,777 - INFO - MainThread - server_logic - [DEBUG] found replica for vector: 1
2025-11-18 17:23:23,777 - INFO - MainThread - server_logic - [DEBUG] found replica for vector: 2
2025-11-18 17:23:23,777 - INFO - MainThread - server_logic - [DEBUG] found replica for vector: 3
2025-11-18 17:23:23,777 - INFO - MainThread - server_logic - [DEBUG] found replica for vector: 4
2025-11-18 17:23:23,777 - INFO - MainThread - server_logic - [DEBUG] found replica for vector: 1
2025-11-18 17:23:23,777 - INFO - MainThread - server_logic - [DEBUG] found replica for vector: 2
2025-11-18 17:23:23,777 - INFO - MainThread - server_logic - [DEBUG] found replica for vector: 3
2025-11-18 17:23:23,777 - INFO - MainThread - server_logic - [DEBUG] found replica for vector: 4
2025-11-18 17:23:23,777 - INFO - MainThread - server_logic - [DEBUG] found replica for vector: 1
2025-11-18 17:23:23,777 - INFO - MainThread - server_logic - [DEBUG] found replica for vector: 2
2025-11-18 17:23:23,777 - INFO - MainThread - server_logic - [DEBUG] found replica for vector: 3
2025-11-18 17:23:23,777 - INFO - MainThread - server_logic - [DEBUG] found replica for vector: 4
2025-11-18 17:23:23,777 - INFO - MainThread - server_logic - [DEBUG] found replica for vector: 1
2025-11-18 17:23:23,777 - INFO - MainThread - server_logic - [DEBUG] found replica for vector: 2
2025-11-18 17:23:23,778 - INFO - MainThread - server_logic - [DEBUG] found replica for vector: 3
2025-11-18 17:23:23,778 - INFO - MainThread - server_logic - [DEBUG] found replica for vector: 4
2025-11-18 17:23:23,778 - INFO - MainThread - server_logic - [DEBUG] found replica for vector: 1
2025-11-18 17:23:23,778 - INFO - MainThread - server_logic - [DEBUG] found replica for vector: 2
2025-11-18 17:23:23,778 - INFO - MainThread - server_logic - [DEBUG] found replica for vector: 3
2025-11-18 17:23:23,778 - INFO - MainThread - server_logic - [DEBUG] to me replica for vector: 3
2025-11-18 17:23:23,778 - INFO - MainThread - server_logic - [DEBUG] found replica for vector: 1
2025-11-18 17:23:23,778 - INFO - MainThread - server_logic - [DEBUG] found replica for vector: 2
2025-11-18 17:23:23,778 - INFO - MainThread - server_logic - [DEBUG] found replica for vector: 3
2025-11-18 17:23:23,778 - INFO - MainThread - server_logic - [DEBUG] found replica for vector: 4
2025-11-18 17:23:23,778 - INFO - MainThread - server_logic - [DEBUG] found replica for vector: 1
2025-11-18 17:23:23,778 - INFO - MainThread - server_logic - [DEBUG] found replica for vector: 2
2025-11-18 17:23:23,778 - INFO - MainThread - server_logic - [DEBUG] found replica for vector: 3
2025-11-18 17:23:23,778 - INFO - MainThread - server_logic - [DEBUG] found replica for vector: 4
2025-11-18 17:23:23,778 - INFO - MainThread - server_logic - [DEBUG] found replica for vector: 1
2025-11-18 17:23:23,778 - INFO - MainThread - server_logic - [DEBUG] found replica for vector: 2
2025-11-18 17:23:23,778 - INFO - MainThread - server_logic - [DEBUG] found replica for vector: 3
2025-11-18 17:23:23,778 - INFO - MainThread - server_logic - [DEBUG] found replica for vector: 4
2025-11-18 17:23:23,778 - INFO - MainThread - server_logic - [Router] Distribution: Peer node1: 50, Peer node2: 76, Peer node3: 76, Peer node4: 76, Peer node5: 76, Peer node6: 55, Peer node7: 55, Peer node8: 55, Peer node10: 75, Peer node11: 75, Peer node12: 75, Peer node13: 75, Peer node14: 50, Peer node15: 50, Peer node16: 50, Me (node9): 55
2025-11-18 17:23:23,778 - INFO - MainThread - server_logic - --> [Peer Send] Sending 50 vectors to Peer node1 (localhost:9001) | Status: clustered
2025-11-18 17:23:23,845 - INFO - MainThread - server_logic - --> [Peer Send] Success: Sent vectors to node1
2025-11-18 17:23:23,845 - INFO - MainThread - server_logic - --> [Peer Send] Sending 76 vectors to Peer node2 (localhost:9002) | Status: clustered
2025-11-18 17:23:23,917 - INFO - MainThread - server_logic - --> [Peer Send] Success: Sent vectors to node2
2025-11-18 17:23:23,917 - INFO - MainThread - server_logic - --> [Peer Send] Sending 76 vectors to Peer node3 (localhost:9003) | Status: clustered
2025-11-18 17:23:23,988 - INFO - MainThread - server_logic - --> [Peer Send] Success: Sent vectors to node3
2025-11-18 17:23:23,988 - INFO - MainThread - server_logic - --> [Peer Send] Sending 76 vectors to Peer node4 (localhost:9004) | Status: clustered
2025-11-18 17:23:24,057 - INFO - MainThread - server_logic - --> [Peer Send] Success: Sent vectors to node4
2025-11-18 17:23:24,057 - INFO - MainThread - server_logic - --> [Peer Send] Sending 76 vectors to Peer node5 (localhost:9005) | Status: clustered
2025-11-18 17:23:24,128 - INFO - MainThread - server_logic - --> [Peer Send] Success: Sent vectors to node5
2025-11-18 17:23:24,128 - INFO - MainThread - server_logic - --> [Peer Send] Sending 55 vectors to Peer node6 (localhost:9006) | Status: clustered
2025-11-18 17:23:24,195 - INFO - MainThread - server_logic - --> [Peer Send] Success: Sent vectors to node6
2025-11-18 17:23:24,195 - INFO - MainThread - server_logic - --> [Peer Send] Sending 55 vectors to Peer node7 (localhost:9007) | Status: clustered
2025-11-18 17:23:24,267 - INFO - MainThread - server_logic - --> [Peer Send] Success: Sent vectors to node7
2025-11-18 17:23:24,267 - INFO - MainThread - server_logic - --> [Peer Send] Sending 55 vectors to Peer node8 (localhost:9008) | Status: clustered
2025-11-18 17:23:24,335 - INFO - MainThread - server_logic - --> [Peer Send] Success: Sent vectors to node8
2025-11-18 17:23:24,335 - INFO - MainThread - server_logic - --> [Peer Send] Sending 75 vectors to Peer node10 (localhost:9010) | Status: clustered
2025-11-18 17:23:24,408 - INFO - MainThread - server_logic - --> [Peer Send] Success: Sent vectors to node10
2025-11-18 17:23:24,408 - INFO - MainThread - server_logic - --> [Peer Send] Sending 75 vectors to Peer node11 (localhost:9011) | Status: clustered
2025-11-18 17:23:24,479 - INFO - MainThread - server_logic - --> [Peer Send] Success: Sent vectors to node11
2025-11-18 17:23:24,479 - INFO - MainThread - server_logic - --> [Peer Send] Sending 75 vectors to Peer node12 (localhost:9012) | Status: clustered
2025-11-18 17:23:24,550 - INFO - MainThread - server_logic - --> [Peer Send] Success: Sent vectors to node12
2025-11-18 17:23:24,550 - INFO - MainThread - server_logic - --> [Peer Send] Sending 75 vectors to Peer node13 (localhost:9013) | Status: clustered
2025-11-18 17:23:24,622 - INFO - MainThread - server_logic - --> [Peer Send] Success: Sent vectors to node13
2025-11-18 17:23:24,622 - INFO - MainThread - server_logic - --> [Peer Send] Sending 50 vectors to Peer node14 (localhost:9014) | Status: clustered
2025-11-18 17:23:24,689 - INFO - MainThread - server_logic - --> [Peer Send] Success: Sent vectors to node14
2025-11-18 17:23:24,689 - INFO - MainThread - server_logic - --> [Peer Send] Sending 50 vectors to Peer node15 (localhost:9015) | Status: clustered
2025-11-18 17:23:24,755 - INFO - MainThread - server_logic - --> [Peer Send] Success: Sent vectors to node15
2025-11-18 17:23:24,755 - INFO - MainThread - server_logic - --> [Peer Send] Sending 50 vectors to Peer node16 (localhost:9016) | Status: clustered
2025-11-18 17:23:24,821 - INFO - MainThread - server_logic - --> [Peer Send] Success: Sent vectors to node16
2025-11-18 17:23:24,821 - INFO - MainThread - server_logic - [Add Vectors] Processing 55 vectors. Sender Status: clustered. Current Node Status: clustered
2025-11-18 17:23:24,821 - INFO - MainThread - server_logic - [Add Vectors] Direct Insert: Storing 55 vectors in local Qdrant (Sender is clustered).
2025-11-18 17:23:24,875 - INFO - MainThread - httpx - HTTP Request: GET http://localhost:6349 "HTTP/1.1 200 OK"
2025-11-18 17:23:24,876 - INFO - MainThread - qdrant_module - [Qdrant] Attempting to insert 55 vectors into vectors on http://localhost:6349...
2025-11-18 17:23:24,896 - INFO - MainThread - qdrant_module - [Qdrant] Success: Inserted 55 vectors.
2025-11-18 17:23:24,898 - INFO - MainThread - __main__ - API: /add completed
2025-11-18 17:23:24,898 - INFO - MainThread - uvicorn.access - 127.0.0.1:51772 - "POST /add HTTP/1.1" 200
2025-11-18 17:23:25,550 - INFO - ThreadPoolExecutor-0_1 - grpc_handler - [GRPC IN] ReceiveVectors called. ReqID: 90, Type: clustered, Count: 51
2025-11-18 17:23:25,551 - INFO - ThreadPoolExecutor-0_1 - server_logic - [Add Vectors] Processing 51 vectors. Sender Status: clustered. Current Node Status: clustered
2025-11-18 17:23:25,551 - INFO - ThreadPoolExecutor-0_1 - server_logic - [Add Vectors] Direct Insert: Storing 51 vectors in local Qdrant (Sender is clustered).
2025-11-18 17:23:25,603 - INFO - ThreadPoolExecutor-0_1 - httpx - HTTP Request: GET http://localhost:6349 "HTTP/1.1 200 OK"
2025-11-18 17:23:25,604 - INFO - ThreadPoolExecutor-0_1 - qdrant_module - [Qdrant] Attempting to insert 51 vectors into vectors on http://localhost:6349...
2025-11-18 17:23:25,613 - INFO - ThreadPoolExecutor-0_1 - qdrant_module - [Qdrant] Success: Inserted 51 vectors.
2025-11-18 17:23:25,615 - INFO - ThreadPoolExecutor-0_1 - grpc_handler - [GRPC IN] ReceiveVectors processed successfully.
2025-11-18 17:23:26,753 - INFO - ThreadPoolExecutor-0_0 - grpc_handler - [GRPC IN] ReceiveVectors called. ReqID: 91, Type: clustered, Count: 44
2025-11-18 17:23:26,753 - INFO - ThreadPoolExecutor-0_0 - server_logic - [Add Vectors] Processing 44 vectors. Sender Status: clustered. Current Node Status: clustered
2025-11-18 17:23:26,753 - INFO - ThreadPoolExecutor-0_0 - server_logic - [Add Vectors] Direct Insert: Storing 44 vectors in local Qdrant (Sender is clustered).
2025-11-18 17:23:26,806 - INFO - ThreadPoolExecutor-0_0 - httpx - HTTP Request: GET http://localhost:6349 "HTTP/1.1 200 OK"
2025-11-18 17:23:26,806 - INFO - ThreadPoolExecutor-0_0 - qdrant_module - [Qdrant] Attempting to insert 44 vectors into vectors on http://localhost:6349...
2025-11-18 17:23:26,813 - INFO - ThreadPoolExecutor-0_0 - qdrant_module - [Qdrant] Success: Inserted 44 vectors.
2025-11-18 17:23:26,815 - INFO - ThreadPoolExecutor-0_0 - grpc_handler - [GRPC IN] ReceiveVectors processed successfully.
2025-11-18 17:23:28,026 - INFO - ThreadPoolExecutor-0_1 - grpc_handler - [GRPC IN] ReceiveVectors called. ReqID: 92, Type: clustered, Count: 59
2025-11-18 17:23:28,027 - INFO - ThreadPoolExecutor-0_1 - server_logic - [Add Vectors] Processing 59 vectors. Sender Status: clustered. Current Node Status: clustered
2025-11-18 17:23:28,027 - INFO - ThreadPoolExecutor-0_1 - server_logic - [Add Vectors] Direct Insert: Storing 59 vectors in local Qdrant (Sender is clustered).
2025-11-18 17:23:28,080 - INFO - ThreadPoolExecutor-0_1 - httpx - HTTP Request: GET http://localhost:6349 "HTTP/1.1 200 OK"
2025-11-18 17:23:28,080 - INFO - ThreadPoolExecutor-0_1 - qdrant_module - [Qdrant] Attempting to insert 59 vectors into vectors on http://localhost:6349...
2025-11-18 17:23:28,091 - INFO - ThreadPoolExecutor-0_1 - qdrant_module - [Qdrant] Success: Inserted 59 vectors.
2025-11-18 17:23:28,092 - INFO - ThreadPoolExecutor-0_1 - grpc_handler - [GRPC IN] ReceiveVectors processed successfully.
2025-11-18 17:23:29,227 - INFO - ThreadPoolExecutor-0_0 - grpc_handler - [GRPC IN] ReceiveVectors called. ReqID: 93, Type: clustered, Count: 47
2025-11-18 17:23:29,228 - INFO - ThreadPoolExecutor-0_0 - server_logic - [Add Vectors] Processing 47 vectors. Sender Status: clustered. Current Node Status: clustered
2025-11-18 17:23:29,228 - INFO - ThreadPoolExecutor-0_0 - server_logic - [Add Vectors] Direct Insert: Storing 47 vectors in local Qdrant (Sender is clustered).
2025-11-18 17:23:29,280 - INFO - ThreadPoolExecutor-0_0 - httpx - HTTP Request: GET http://localhost:6349 "HTTP/1.1 200 OK"
2025-11-18 17:23:29,280 - INFO - ThreadPoolExecutor-0_0 - qdrant_module - [Qdrant] Attempting to insert 47 vectors into vectors on http://localhost:6349...
2025-11-18 17:23:29,290 - INFO - ThreadPoolExecutor-0_0 - qdrant_module - [Qdrant] Success: Inserted 47 vectors.
2025-11-18 17:23:29,292 - INFO - ThreadPoolExecutor-0_0 - grpc_handler - [GRPC IN] ReceiveVectors processed successfully.
2025-11-18 17:23:30,445 - INFO - ThreadPoolExecutor-0_1 - grpc_handler - [GRPC IN] ReceiveVectors called. ReqID: 94, Type: clustered, Count: 66
2025-11-18 17:23:30,446 - INFO - ThreadPoolExecutor-0_1 - server_logic - [Add Vectors] Processing 66 vectors. Sender Status: clustered. Current Node Status: clustered
2025-11-18 17:23:30,446 - INFO - ThreadPoolExecutor-0_1 - server_logic - [Add Vectors] Direct Insert: Storing 66 vectors in local Qdrant (Sender is clustered).
2025-11-18 17:23:30,498 - INFO - ThreadPoolExecutor-0_1 - httpx - HTTP Request: GET http://localhost:6349 "HTTP/1.1 200 OK"
2025-11-18 17:23:30,499 - INFO - ThreadPoolExecutor-0_1 - qdrant_module - [Qdrant] Attempting to insert 66 vectors into vectors on http://localhost:6349...
2025-11-18 17:23:30,512 - INFO - ThreadPoolExecutor-0_1 - qdrant_module - [Qdrant] Success: Inserted 66 vectors.
2025-11-18 17:23:30,514 - INFO - ThreadPoolExecutor-0_1 - grpc_handler - [GRPC IN] ReceiveVectors processed successfully.
2025-11-18 17:23:31,644 - INFO - ThreadPoolExecutor-0_0 - grpc_handler - [GRPC IN] ReceiveVectors called. ReqID: 95, Type: clustered, Count: 50
2025-11-18 17:23:31,644 - INFO - ThreadPoolExecutor-0_0 - server_logic - [Add Vectors] Processing 50 vectors. Sender Status: clustered. Current Node Status: clustered
2025-11-18 17:23:31,644 - INFO - ThreadPoolExecutor-0_0 - server_logic - [Add Vectors] Direct Insert: Storing 50 vectors in local Qdrant (Sender is clustered).
2025-11-18 17:23:31,696 - INFO - ThreadPoolExecutor-0_0 - httpx - HTTP Request: GET http://localhost:6349 "HTTP/1.1 200 OK"
2025-11-18 17:23:31,696 - INFO - ThreadPoolExecutor-0_0 - qdrant_module - [Qdrant] Attempting to insert 50 vectors into vectors on http://localhost:6349...
2025-11-18 17:23:31,705 - INFO - ThreadPoolExecutor-0_0 - qdrant_module - [Qdrant] Success: Inserted 50 vectors.
2025-11-18 17:23:31,706 - INFO - ThreadPoolExecutor-0_0 - grpc_handler - [GRPC IN] ReceiveVectors processed successfully.
2025-11-18 17:23:32,854 - INFO - ThreadPoolExecutor-0_1 - grpc_handler - [GRPC IN] ReceiveVectors called. ReqID: 96, Type: clustered, Count: 39
2025-11-18 17:23:32,854 - INFO - ThreadPoolExecutor-0_1 - server_logic - [Add Vectors] Processing 39 vectors. Sender Status: clustered. Current Node Status: clustered
2025-11-18 17:23:32,854 - INFO - ThreadPoolExecutor-0_1 - server_logic - [Add Vectors] Direct Insert: Storing 39 vectors in local Qdrant (Sender is clustered).
2025-11-18 17:23:32,907 - INFO - ThreadPoolExecutor-0_1 - httpx - HTTP Request: GET http://localhost:6349 "HTTP/1.1 200 OK"
2025-11-18 17:23:32,907 - INFO - ThreadPoolExecutor-0_1 - qdrant_module - [Qdrant] Attempting to insert 39 vectors into vectors on http://localhost:6349...
2025-11-18 17:23:32,917 - INFO - ThreadPoolExecutor-0_1 - qdrant_module - [Qdrant] Success: Inserted 39 vectors.
2025-11-18 17:23:32,918 - INFO - ThreadPoolExecutor-0_1 - grpc_handler - [GRPC IN] ReceiveVectors processed successfully.
2025-11-18 17:23:34,020 - INFO - ThreadPoolExecutor-0_0 - grpc_handler - [GRPC IN] ReceiveVectors called. ReqID: 97, Type: clustered, Count: 64
2025-11-18 17:23:34,021 - INFO - ThreadPoolExecutor-0_0 - server_logic - [Add Vectors] Processing 64 vectors. Sender Status: clustered. Current Node Status: clustered
2025-11-18 17:23:34,021 - INFO - ThreadPoolExecutor-0_0 - server_logic - [Add Vectors] Direct Insert: Storing 64 vectors in local Qdrant (Sender is clustered).
2025-11-18 17:23:34,073 - INFO - ThreadPoolExecutor-0_0 - httpx - HTTP Request: GET http://localhost:6349 "HTTP/1.1 200 OK"
2025-11-18 17:23:34,074 - INFO - ThreadPoolExecutor-0_0 - qdrant_module - [Qdrant] Attempting to insert 64 vectors into vectors on http://localhost:6349...
2025-11-18 17:23:34,083 - INFO - ThreadPoolExecutor-0_0 - qdrant_module - [Qdrant] Success: Inserted 64 vectors.
2025-11-18 17:23:34,084 - INFO - ThreadPoolExecutor-0_0 - grpc_handler - [GRPC IN] ReceiveVectors processed successfully.
2025-11-18 17:23:35,211 - INFO - ThreadPoolExecutor-0_1 - grpc_handler - [GRPC IN] ReceiveVectors called. ReqID: 98, Type: clustered, Count: 41
2025-11-18 17:23:35,212 - INFO - ThreadPoolExecutor-0_1 - server_logic - [Add Vectors] Processing 41 vectors. Sender Status: clustered. Current Node Status: clustered
2025-11-18 17:23:35,212 - INFO - ThreadPoolExecutor-0_1 - server_logic - [Add Vectors] Direct Insert: Storing 41 vectors in local Qdrant (Sender is clustered).
2025-11-18 17:23:35,264 - INFO - ThreadPoolExecutor-0_1 - httpx - HTTP Request: GET http://localhost:6349 "HTTP/1.1 200 OK"
2025-11-18 17:23:35,264 - INFO - ThreadPoolExecutor-0_1 - qdrant_module - [Qdrant] Attempting to insert 41 vectors into vectors on http://localhost:6349...
2025-11-18 17:23:35,276 - INFO - ThreadPoolExecutor-0_1 - qdrant_module - [Qdrant] Success: Inserted 41 vectors.
2025-11-18 17:23:35,278 - INFO - ThreadPoolExecutor-0_1 - grpc_handler - [GRPC IN] ReceiveVectors processed successfully.
2025-11-18 17:23:36,451 - INFO - ThreadPoolExecutor-0_0 - grpc_handler - [GRPC IN] ReceiveVectors called. ReqID: 99, Type: clustered, Count: 41
2025-11-18 17:23:36,452 - INFO - ThreadPoolExecutor-0_0 - server_logic - [Add Vectors] Processing 41 vectors. Sender Status: clustered. Current Node Status: clustered
2025-11-18 17:23:36,452 - INFO - ThreadPoolExecutor-0_0 - server_logic - [Add Vectors] Direct Insert: Storing 41 vectors in local Qdrant (Sender is clustered).
2025-11-18 17:23:36,505 - INFO - ThreadPoolExecutor-0_0 - httpx - HTTP Request: GET http://localhost:6349 "HTTP/1.1 200 OK"
2025-11-18 17:23:36,505 - INFO - ThreadPoolExecutor-0_0 - qdrant_module - [Qdrant] Attempting to insert 41 vectors into vectors on http://localhost:6349...
2025-11-18 17:23:36,512 - INFO - ThreadPoolExecutor-0_0 - qdrant_module - [Qdrant] Success: Inserted 41 vectors.
2025-11-18 17:23:36,513 - INFO - ThreadPoolExecutor-0_0 - grpc_handler - [GRPC IN] ReceiveVectors processed successfully.
2025-11-18 17:23:37,660 - INFO - ThreadPoolExecutor-0_1 - grpc_handler - [GRPC IN] ReceiveVectors called. ReqID: 100, Type: clustered, Count: 64
2025-11-18 17:23:37,661 - INFO - ThreadPoolExecutor-0_1 - server_logic - [Add Vectors] Processing 64 vectors. Sender Status: clustered. Current Node Status: clustered
2025-11-18 17:23:37,661 - INFO - ThreadPoolExecutor-0_1 - server_logic - [Add Vectors] Direct Insert: Storing 64 vectors in local Qdrant (Sender is clustered).
2025-11-18 17:23:37,715 - INFO - ThreadPoolExecutor-0_1 - httpx - HTTP Request: GET http://localhost:6349 "HTTP/1.1 200 OK"
2025-11-18 17:23:37,715 - INFO - ThreadPoolExecutor-0_1 - qdrant_module - [Qdrant] Attempting to insert 64 vectors into vectors on http://localhost:6349...
2025-11-18 17:23:37,724 - INFO - ThreadPoolExecutor-0_1 - qdrant_module - [Qdrant] Success: Inserted 64 vectors.
2025-11-18 17:23:37,726 - INFO - ThreadPoolExecutor-0_1 - grpc_handler - [GRPC IN] ReceiveVectors processed successfully.
2025-11-18 17:23:38,853 - INFO - ThreadPoolExecutor-0_0 - grpc_handler - [GRPC IN] ReceiveVectors called. ReqID: 101, Type: clustered, Count: 54
2025-11-18 17:23:38,853 - INFO - ThreadPoolExecutor-0_0 - server_logic - [Add Vectors] Processing 54 vectors. Sender Status: clustered. Current Node Status: clustered
2025-11-18 17:23:38,853 - INFO - ThreadPoolExecutor-0_0 - server_logic - [Add Vectors] Direct Insert: Storing 54 vectors in local Qdrant (Sender is clustered).
2025-11-18 17:23:38,905 - INFO - ThreadPoolExecutor-0_0 - httpx - HTTP Request: GET http://localhost:6349 "HTTP/1.1 200 OK"
2025-11-18 17:23:38,906 - INFO - ThreadPoolExecutor-0_0 - qdrant_module - [Qdrant] Attempting to insert 54 vectors into vectors on http://localhost:6349...
2025-11-18 17:23:38,917 - INFO - ThreadPoolExecutor-0_0 - qdrant_module - [Qdrant] Success: Inserted 54 vectors.
2025-11-18 17:23:38,918 - INFO - ThreadPoolExecutor-0_0 - grpc_handler - [GRPC IN] ReceiveVectors processed successfully.
2025-11-18 17:23:40,086 - INFO - ThreadPoolExecutor-0_1 - grpc_handler - [GRPC IN] ReceiveVectors called. ReqID: 102, Type: clustered, Count: 56
2025-11-18 17:23:40,087 - INFO - ThreadPoolExecutor-0_1 - server_logic - [Add Vectors] Processing 56 vectors. Sender Status: clustered. Current Node Status: clustered
2025-11-18 17:23:40,087 - INFO - ThreadPoolExecutor-0_1 - server_logic - [Add Vectors] Direct Insert: Storing 56 vectors in local Qdrant (Sender is clustered).
2025-11-18 17:23:40,140 - INFO - ThreadPoolExecutor-0_1 - httpx - HTTP Request: GET http://localhost:6349 "HTTP/1.1 200 OK"
2025-11-18 17:23:40,140 - INFO - ThreadPoolExecutor-0_1 - qdrant_module - [Qdrant] Attempting to insert 56 vectors into vectors on http://localhost:6349...
2025-11-18 17:23:40,151 - INFO - ThreadPoolExecutor-0_1 - qdrant_module - [Qdrant] Success: Inserted 56 vectors.
2025-11-18 17:23:40,152 - INFO - ThreadPoolExecutor-0_1 - grpc_handler - [GRPC IN] ReceiveVectors processed successfully.
2025-11-18 17:23:41,294 - INFO - ThreadPoolExecutor-0_0 - grpc_handler - [GRPC IN] ReceiveVectors called. ReqID: 103, Type: clustered, Count: 45
2025-11-18 17:23:41,295 - INFO - ThreadPoolExecutor-0_0 - server_logic - [Add Vectors] Processing 45 vectors. Sender Status: clustered. Current Node Status: clustered
2025-11-18 17:23:41,295 - INFO - ThreadPoolExecutor-0_0 - server_logic - [Add Vectors] Direct Insert: Storing 45 vectors in local Qdrant (Sender is clustered).
2025-11-18 17:23:41,347 - INFO - ThreadPoolExecutor-0_0 - httpx - HTTP Request: GET http://localhost:6349 "HTTP/1.1 200 OK"
2025-11-18 17:23:41,347 - INFO - ThreadPoolExecutor-0_0 - qdrant_module - [Qdrant] Attempting to insert 45 vectors into vectors on http://localhost:6349...
2025-11-18 17:23:41,357 - INFO - ThreadPoolExecutor-0_0 - qdrant_module - [Qdrant] Success: Inserted 45 vectors.
2025-11-18 17:23:41,358 - INFO - ThreadPoolExecutor-0_0 - grpc_handler - [GRPC IN] ReceiveVectors processed successfully.
2025-11-18 17:23:42,507 - INFO - ThreadPoolExecutor-0_1 - grpc_handler - [GRPC IN] ReceiveVectors called. ReqID: 104, Type: clustered, Count: 48
2025-11-18 17:23:42,508 - INFO - ThreadPoolExecutor-0_1 - server_logic - [Add Vectors] Processing 48 vectors. Sender Status: clustered. Current Node Status: clustered
2025-11-18 17:23:42,508 - INFO - ThreadPoolExecutor-0_1 - server_logic - [Add Vectors] Direct Insert: Storing 48 vectors in local Qdrant (Sender is clustered).
2025-11-18 17:23:42,560 - INFO - ThreadPoolExecutor-0_1 - httpx - HTTP Request: GET http://localhost:6349 "HTTP/1.1 200 OK"
2025-11-18 17:23:42,560 - INFO - ThreadPoolExecutor-0_1 - qdrant_module - [Qdrant] Attempting to insert 48 vectors into vectors on http://localhost:6349...
2025-11-18 17:23:42,570 - INFO - ThreadPoolExecutor-0_1 - qdrant_module - [Qdrant] Success: Inserted 48 vectors.
2025-11-18 17:23:42,572 - INFO - ThreadPoolExecutor-0_1 - grpc_handler - [GRPC IN] ReceiveVectors processed successfully.
2025-11-18 17:23:43,207 - INFO - MainThread - __main__ - API: /add called. ReqID: 105, Vectors: 256
2025-11-18 17:23:43,207 - INFO - MainThread - server_logic - [Client Request] Client wants to add 256 vectors. My Status: clustered
2025-11-18 17:23:43,207 - INFO - MainThread - server_logic - [Client Request] System Clustered. Routing vectors to appropriate peers.
2025-11-18 17:23:43,207 - INFO - MainThread - server_logic - [Router] Routing 256 vectors among 16 nodes (Replicas: 4).
2025-11-18 17:23:43,207 - INFO - MainThread - server_logic - [DEBUG] found replica for vector: 1
2025-11-18 17:23:43,208 - INFO - MainThread - server_logic - [DEBUG] found replica for vector: 2
2025-11-18 17:23:43,208 - INFO - MainThread - server_logic - [DEBUG] found replica for vector: 3
2025-11-18 17:23:43,208 - INFO - MainThread - server_logic - [DEBUG] found replica for vector: 4
2025-11-18 17:23:43,208 - INFO - MainThread - server_logic - [DEBUG] found replica for vector: 1
2025-11-18 17:23:43,208 - INFO - MainThread - server_logic - [DEBUG] found replica for vector: 2
2025-11-18 17:23:43,208 - INFO - MainThread - server_logic - [DEBUG] found replica for vector: 3
2025-11-18 17:23:43,208 - INFO - MainThread - server_logic - [DEBUG] found replica for vector: 4
2025-11-18 17:23:43,208 - INFO - MainThread - server_logic - [DEBUG] found replica for vector: 1
2025-11-18 17:23:43,208 - INFO - MainThread - server_logic - [DEBUG] found replica for vector: 2
2025-11-18 17:23:43,208 - INFO - MainThread - server_logic - [DEBUG] found replica for vector: 3
2025-11-18 17:23:43,208 - INFO - MainThread - server_logic - [DEBUG] found replica for vector: 4
2025-11-18 17:23:43,208 - INFO - MainThread - server_logic - [DEBUG] found replica for vector: 1
2025-11-18 17:23:43,208 - INFO - MainThread - server_logic - [DEBUG] found replica for vector: 2
2025-11-18 17:23:43,208 - INFO - MainThread - server_logic - [DEBUG] found replica for vector: 3
2025-11-18 17:23:43,208 - INFO - MainThread - server_logic - [DEBUG] found replica for vector: 4
2025-11-18 17:23:43,208 - INFO - MainThread - server_logic - [DEBUG] found replica for vector: 1
2025-11-18 17:23:43,208 - INFO - MainThread - server_logic - [DEBUG] found replica for vector: 2
2025-11-18 17:23:43,208 - INFO - MainThread - server_logic - [DEBUG] found replica for vector: 3
2025-11-18 17:23:43,208 - INFO - MainThread - server_logic - [DEBUG] found replica for vector: 4
2025-11-18 17:23:43,208 - INFO - MainThread - server_logic - [DEBUG] found replica for vector: 1
2025-11-18 17:23:43,208 - INFO - MainThread - server_logic - [DEBUG] found replica for vector: 2
2025-11-18 17:23:43,208 - INFO - MainThread - server_logic - [DEBUG] found replica for vector: 3
2025-11-18 17:23:43,208 - INFO - MainThread - server_logic - [DEBUG] found replica for vector: 4
2025-11-18 17:23:43,208 - INFO - MainThread - server_logic - [DEBUG] found replica for vector: 1
2025-11-18 17:23:43,208 - INFO - MainThread - server_logic - [DEBUG] found replica for vector: 2
2025-11-18 17:23:43,208 - INFO - MainThread - server_logic - [DEBUG] found replica for vector: 3
2025-11-18 17:23:43,208 - INFO - MainThread - server_logic - [DEBUG] found replica for vector: 4
2025-11-18 17:23:43,208 - INFO - MainThread - server_logic - [DEBUG] found replica for vector: 1
2025-11-18 17:23:43,208 - INFO - MainThread - server_logic - [DEBUG] found replica for vector: 2
2025-11-18 17:23:43,208 - INFO - MainThread - server_logic - [DEBUG] found replica for vector: 3
2025-11-18 17:23:43,208 - INFO - MainThread - server_logic - [DEBUG] found replica for vector: 4
2025-11-18 17:23:43,208 - INFO - MainThread - server_logic - [DEBUG] found replica for vector: 1
2025-11-18 17:23:43,208 - INFO - MainThread - server_logic - [DEBUG] found replica for vector: 2
2025-11-18 17:23:43,208 - INFO - MainThread - server_logic - [DEBUG] found replica for vector: 3
2025-11-18 17:23:43,208 - INFO - MainThread - server_logic - [DEBUG] to me replica for vector: 3
2025-11-18 17:23:43,208 - INFO - MainThread - server_logic - [DEBUG] found replica for vector: 1
2025-11-18 17:23:43,208 - INFO - MainThread - server_logic - [DEBUG] found replica for vector: 2
2025-11-18 17:23:43,208 - INFO - MainThread - server_logic - [DEBUG] found replica for vector: 3
2025-11-18 17:23:43,208 - INFO - MainThread - server_logic - [DEBUG] found replica for vector: 4
2025-11-18 17:23:43,208 - INFO - MainThread - server_logic - [DEBUG] found replica for vector: 1
2025-11-18 17:23:43,208 - INFO - MainThread - server_logic - [DEBUG] found replica for vector: 2
2025-11-18 17:23:43,208 - INFO - MainThread - server_logic - [DEBUG] found replica for vector: 3
2025-11-18 17:23:43,208 - INFO - MainThread - server_logic - [DEBUG] found replica for vector: 4
2025-11-18 17:23:43,208 - INFO - MainThread - server_logic - [DEBUG] found replica for vector: 1
2025-11-18 17:23:43,208 - INFO - MainThread - server_logic - [DEBUG] found replica for vector: 2
2025-11-18 17:23:43,208 - INFO - MainThread - server_logic - [DEBUG] found replica for vector: 3
2025-11-18 17:23:43,208 - INFO - MainThread - server_logic - [DEBUG] found replica for vector: 4
2025-11-18 17:23:43,208 - INFO - MainThread - server_logic - [DEBUG] found replica for vector: 1
2025-11-18 17:23:43,208 - INFO - MainThread - server_logic - [DEBUG] found replica for vector: 2
2025-11-18 17:23:43,208 - INFO - MainThread - server_logic - [DEBUG] found replica for vector: 3
2025-11-18 17:23:43,208 - INFO - MainThread - server_logic - [DEBUG] found replica for vector: 4
2025-11-18 17:23:43,208 - INFO - MainThread - server_logic - [DEBUG] found replica for vector: 1
2025-11-18 17:23:43,209 - INFO - MainThread - server_logic - [DEBUG] found replica for vector: 2
2025-11-18 17:23:43,209 - INFO - MainThread - server_logic - [DEBUG] found replica for vector: 3
2025-11-18 17:23:43,209 - INFO - MainThread - server_logic - [DEBUG] found replica for vector: 4
2025-11-18 17:23:43,209 - INFO - MainThread - server_logic - [DEBUG] found replica for vector: 1
2025-11-18 17:23:43,209 - INFO - MainThread - server_logic - [DEBUG] found replica for vector: 2
2025-11-18 17:23:43,209 - INFO - MainThread - server_logic - [DEBUG] found replica for vector: 3
2025-11-18 17:23:43,209 - INFO - MainThread - server_logic - [DEBUG] to me replica for vector: 3
2025-11-18 17:23:43,209 - INFO - MainThread - server_logic - [DEBUG] found replica for vector: 1
2025-11-18 17:23:43,209 - INFO - MainThread - server_logic - [DEBUG] found replica for vector: 2
2025-11-18 17:23:43,209 - INFO - MainThread - server_logic - [DEBUG] found replica for vector: 3
2025-11-18 17:23:43,209 - INFO - MainThread - server_logic - [DEBUG] found replica for vector: 4
2025-11-18 17:23:43,209 - INFO - MainThread - server_logic - [DEBUG] found replica for vector: 1
2025-11-18 17:23:43,209 - INFO - MainThread - server_logic - [DEBUG] found replica for vector: 2
2025-11-18 17:23:43,209 - INFO - MainThread - server_logic - [DEBUG] found replica for vector: 3
2025-11-18 17:23:43,209 - INFO - MainThread - server_logic - [DEBUG] found replica for vector: 4
2025-11-18 17:23:43,209 - INFO - MainThread - server_logic - [DEBUG] found replica for vector: 1
2025-11-18 17:23:43,209 - INFO - MainThread - server_logic - [DEBUG] found replica for vector: 2
2025-11-18 17:23:43,209 - INFO - MainThread - server_logic - [DEBUG] found replica for vector: 3
2025-11-18 17:23:43,209 - INFO - MainThread - server_logic - [DEBUG] found replica for vector: 4
2025-11-18 17:23:43,209 - INFO - MainThread - server_logic - [DEBUG] found replica for vector: 1
2025-11-18 17:23:43,209 - INFO - MainThread - server_logic - [DEBUG] found replica for vector: 2
2025-11-18 17:23:43,209 - INFO - MainThread - server_logic - [DEBUG] found replica for vector: 3
2025-11-18 17:23:43,209 - INFO - MainThread - server_logic - [DEBUG] found replica for vector: 4
2025-11-18 17:23:43,209 - INFO - MainThread - server_logic - [DEBUG] found replica for vector: 1
2025-11-18 17:23:43,209 - INFO - MainThread - server_logic - [DEBUG] found replica for vector: 2
2025-11-18 17:23:43,209 - INFO - MainThread - server_logic - [DEBUG] found replica for vector: 3
2025-11-18 17:23:43,209 - INFO - MainThread - server_logic - [DEBUG] found replica for vector: 4
2025-11-18 17:23:43,209 - INFO - MainThread - server_logic - [DEBUG] found replica for vector: 1
2025-11-18 17:23:43,209 - INFO - MainThread - server_logic - [DEBUG] found replica for vector: 2
2025-11-18 17:23:43,209 - INFO - MainThread - server_logic - [DEBUG] found replica for vector: 3
2025-11-18 17:23:43,209 - INFO - MainThread - server_logic - [DEBUG] found replica for vector: 4
2025-11-18 17:23:43,209 - INFO - MainThread - server_logic - [DEBUG] found replica for vector: 1
2025-11-18 17:23:43,209 - INFO - MainThread - server_logic - [DEBUG] found replica for vector: 2
2025-11-18 17:23:43,209 - INFO - MainThread - server_logic - [DEBUG] found replica for vector: 3
2025-11-18 17:23:43,209 - INFO - MainThread - server_logic - [DEBUG] to me replica for vector: 3
2025-11-18 17:23:43,209 - INFO - MainThread - server_logic - [DEBUG] found replica for vector: 1
2025-11-18 17:23:43,209 - INFO - MainThread - server_logic - [DEBUG] found replica for vector: 2
2025-11-18 17:23:43,209 - INFO - MainThread - server_logic - [DEBUG] found replica for vector: 3
2025-11-18 17:23:43,209 - INFO - MainThread - server_logic - [DEBUG] found replica for vector: 4
2025-11-18 17:23:43,209 - INFO - MainThread - server_logic - [DEBUG] found replica for vector: 1
2025-11-18 17:23:43,209 - INFO - MainThread - server_logic - [DEBUG] found replica for vector: 2
2025-11-18 17:23:43,209 - INFO - MainThread - server_logic - [DEBUG] found replica for vector: 3
2025-11-18 17:23:43,209 - INFO - MainThread - server_logic - [DEBUG] found replica for vector: 4
2025-11-18 17:23:43,209 - INFO - MainThread - server_logic - [DEBUG] found replica for vector: 1
2025-11-18 17:23:43,209 - INFO - MainThread - server_logic - [DEBUG] found replica for vector: 2
2025-11-18 17:23:43,209 - INFO - MainThread - server_logic - [DEBUG] found replica for vector: 3
2025-11-18 17:23:43,209 - INFO - MainThread - server_logic - [DEBUG] found replica for vector: 4
2025-11-18 17:23:43,209 - INFO - MainThread - server_logic - [DEBUG] found replica for vector: 1
2025-11-18 17:23:43,209 - INFO - MainThread - server_logic - [DEBUG] found replica for vector: 2
2025-11-18 17:23:43,209 - INFO - MainThread - server_logic - [DEBUG] found replica for vector: 3
2025-11-18 17:23:43,209 - INFO - MainThread - server_logic - [DEBUG] to me replica for vector: 3
2025-11-18 17:23:43,209 - INFO - MainThread - server_logic - [DEBUG] found replica for vector: 1
2025-11-18 17:23:43,209 - INFO - MainThread - server_logic - [DEBUG] found replica for vector: 2
2025-11-18 17:23:43,209 - INFO - MainThread - server_logic - [DEBUG] found replica for vector: 3
2025-11-18 17:23:43,209 - INFO - MainThread - server_logic - [DEBUG] found replica for vector: 4
2025-11-18 17:23:43,210 - INFO - MainThread - server_logic - [DEBUG] found replica for vector: 1
2025-11-18 17:23:43,210 - INFO - MainThread - server_logic - [DEBUG] found replica for vector: 2
2025-11-18 17:23:43,210 - INFO - MainThread - server_logic - [DEBUG] found replica for vector: 3
2025-11-18 17:23:43,210 - INFO - MainThread - server_logic - [DEBUG] found replica for vector: 4
2025-11-18 17:23:43,210 - INFO - MainThread - server_logic - [DEBUG] found replica for vector: 1
2025-11-18 17:23:43,210 - INFO - MainThread - server_logic - [DEBUG] found replica for vector: 2
2025-11-18 17:23:43,210 - INFO - MainThread - server_logic - [DEBUG] found replica for vector: 3
2025-11-18 17:23:43,210 - INFO - MainThread - server_logic - [DEBUG] found replica for vector: 4
2025-11-18 17:23:43,210 - INFO - MainThread - server_logic - [DEBUG] found replica for vector: 1
2025-11-18 17:23:43,210 - INFO - MainThread - server_logic - [DEBUG] found replica for vector: 2
2025-11-18 17:23:43,210 - INFO - MainThread - server_logic - [DEBUG] found replica for vector: 3
2025-11-18 17:23:43,210 - INFO - MainThread - server_logic - [DEBUG] found replica for vector: 4
2025-11-18 17:23:43,210 - INFO - MainThread - server_logic - [DEBUG] found replica for vector: 1
2025-11-18 17:23:43,210 - INFO - MainThread - server_logic - [DEBUG] found replica for vector: 2
2025-11-18 17:23:43,210 - INFO - MainThread - server_logic - [DEBUG] found replica for vector: 3
2025-11-18 17:23:43,210 - INFO - MainThread - server_logic - [DEBUG] found replica for vector: 4
2025-11-18 17:23:43,210 - INFO - MainThread - server_logic - [DEBUG] found replica for vector: 1
2025-11-18 17:23:43,210 - INFO - MainThread - server_logic - [DEBUG] found replica for vector: 2
2025-11-18 17:23:43,210 - INFO - MainThread - server_logic - [DEBUG] found replica for vector: 3
2025-11-18 17:23:43,210 - INFO - MainThread - server_logic - [DEBUG] to me replica for vector: 3
2025-11-18 17:23:43,210 - INFO - MainThread - server_logic - [DEBUG] found replica for vector: 1
2025-11-18 17:23:43,210 - INFO - MainThread - server_logic - [DEBUG] found replica for vector: 2
2025-11-18 17:23:43,210 - INFO - MainThread - server_logic - [DEBUG] found replica for vector: 3
2025-11-18 17:23:43,210 - INFO - MainThread - server_logic - [DEBUG] found replica for vector: 4
2025-11-18 17:23:43,210 - INFO - MainThread - server_logic - [DEBUG] found replica for vector: 1
2025-11-18 17:23:43,210 - INFO - MainThread - server_logic - [DEBUG] found replica for vector: 2
2025-11-18 17:23:43,210 - INFO - MainThread - server_logic - [DEBUG] found replica for vector: 3
2025-11-18 17:23:43,210 - INFO - MainThread - server_logic - [DEBUG] found replica for vector: 4
2025-11-18 17:23:43,210 - INFO - MainThread - server_logic - [DEBUG] found replica for vector: 1
2025-11-18 17:23:43,210 - INFO - MainThread - server_logic - [DEBUG] found replica for vector: 2
2025-11-18 17:23:43,210 - INFO - MainThread - server_logic - [DEBUG] found replica for vector: 3
2025-11-18 17:23:43,210 - INFO - MainThread - server_logic - [DEBUG] found replica for vector: 4
2025-11-18 17:23:43,210 - INFO - MainThread - server_logic - [DEBUG] found replica for vector: 1
2025-11-18 17:23:43,210 - INFO - MainThread - server_logic - [DEBUG] found replica for vector: 2
2025-11-18 17:23:43,210 - INFO - MainThread - server_logic - [DEBUG] found replica for vector: 3
2025-11-18 17:23:43,210 - INFO - MainThread - server_logic - [DEBUG] found replica for vector: 4
2025-11-18 17:23:43,210 - INFO - MainThread - server_logic - [DEBUG] found replica for vector: 1
2025-11-18 17:23:43,210 - INFO - MainThread - server_logic - [DEBUG] found replica for vector: 2
2025-11-18 17:23:43,210 - INFO - MainThread - server_logic - [DEBUG] found replica for vector: 3
2025-11-18 17:23:43,210 - INFO - MainThread - server_logic - [DEBUG] found replica for vector: 4
2025-11-18 17:23:43,210 - INFO - MainThread - server_logic - [DEBUG] found replica for vector: 1
2025-11-18 17:23:43,210 - INFO - MainThread - server_logic - [DEBUG] found replica for vector: 2
2025-11-18 17:23:43,210 - INFO - MainThread - server_logic - [DEBUG] found replica for vector: 3
2025-11-18 17:23:43,210 - INFO - MainThread - server_logic - [DEBUG] found replica for vector: 4
2025-11-18 17:23:43,210 - INFO - MainThread - server_logic - [DEBUG] found replica for vector: 1
2025-11-18 17:23:43,210 - INFO - MainThread - server_logic - [DEBUG] found replica for vector: 2
2025-11-18 17:23:43,210 - INFO - MainThread - server_logic - [DEBUG] found replica for vector: 3
2025-11-18 17:23:43,210 - INFO - MainThread - server_logic - [DEBUG] found replica for vector: 4
2025-11-18 17:23:43,210 - INFO - MainThread - server_logic - [DEBUG] found replica for vector: 1
2025-11-18 17:23:43,210 - INFO - MainThread - server_logic - [DEBUG] found replica for vector: 2
2025-11-18 17:23:43,210 - INFO - MainThread - server_logic - [DEBUG] found replica for vector: 3
2025-11-18 17:23:43,210 - INFO - MainThread - server_logic - [DEBUG] found replica for vector: 4
2025-11-18 17:23:43,210 - INFO - MainThread - server_logic - [DEBUG] found replica for vector: 1
2025-11-18 17:23:43,210 - INFO - MainThread - server_logic - [DEBUG] found replica for vector: 2
2025-11-18 17:23:43,210 - INFO - MainThread - server_logic - [DEBUG] found replica for vector: 3
2025-11-18 17:23:43,211 - INFO - MainThread - server_logic - [DEBUG] found replica for vector: 4
2025-11-18 17:23:43,211 - INFO - MainThread - server_logic - [DEBUG] found replica for vector: 1
2025-11-18 17:23:43,211 - INFO - MainThread - server_logic - [DEBUG] found replica for vector: 2
2025-11-18 17:23:43,211 - INFO - MainThread - server_logic - [DEBUG] found replica for vector: 3
2025-11-18 17:23:43,211 - INFO - MainThread - server_logic - [DEBUG] found replica for vector: 4
2025-11-18 17:23:43,211 - INFO - MainThread - server_logic - [DEBUG] found replica for vector: 1
2025-11-18 17:23:43,211 - INFO - MainThread - server_logic - [DEBUG] found replica for vector: 2
2025-11-18 17:23:43,211 - INFO - MainThread - server_logic - [DEBUG] found replica for vector: 3
2025-11-18 17:23:43,211 - INFO - MainThread - server_logic - [DEBUG] found replica for vector: 4
2025-11-18 17:23:43,211 - INFO - MainThread - server_logic - [DEBUG] found replica for vector: 1
2025-11-18 17:23:43,211 - INFO - MainThread - server_logic - [DEBUG] found replica for vector: 2
2025-11-18 17:23:43,211 - INFO - MainThread - server_logic - [DEBUG] found replica for vector: 3
2025-11-18 17:23:43,211 - INFO - MainThread - server_logic - [DEBUG] found replica for vector: 4
2025-11-18 17:23:43,211 - INFO - MainThread - server_logic - [DEBUG] found replica for vector: 1
2025-11-18 17:23:43,211 - INFO - MainThread - server_logic - [DEBUG] found replica for vector: 2
2025-11-18 17:23:43,211 - INFO - MainThread - server_logic - [DEBUG] found replica for vector: 3
2025-11-18 17:23:43,211 - INFO - MainThread - server_logic - [DEBUG] found replica for vector: 4
2025-11-18 17:23:43,211 - INFO - MainThread - server_logic - [DEBUG] found replica for vector: 1
2025-11-18 17:23:43,211 - INFO - MainThread - server_logic - [DEBUG] found replica for vector: 2
2025-11-18 17:23:43,211 - INFO - MainThread - server_logic - [DEBUG] found replica for vector: 3
2025-11-18 17:23:43,211 - INFO - MainThread - server_logic - [DEBUG] found replica for vector: 4
2025-11-18 17:23:43,211 - INFO - MainThread - server_logic - [DEBUG] found replica for vector: 1
2025-11-18 17:23:43,211 - INFO - MainThread - server_logic - [DEBUG] found replica for vector: 2
2025-11-18 17:23:43,211 - INFO - MainThread - server_logic - [DEBUG] found replica for vector: 3
2025-11-18 17:23:43,211 - INFO - MainThread - server_logic - [DEBUG] found replica for vector: 4
2025-11-18 17:23:43,211 - INFO - MainThread - server_logic - [DEBUG] found replica for vector: 1
2025-11-18 17:23:43,211 - INFO - MainThread - server_logic - [DEBUG] found replica for vector: 2
2025-11-18 17:23:43,211 - INFO - MainThread - server_logic - [DEBUG] found replica for vector: 3
2025-11-18 17:23:43,211 - INFO - MainThread - server_logic - [DEBUG] found replica for vector: 4
2025-11-18 17:23:43,211 - INFO - MainThread - server_logic - [DEBUG] found replica for vector: 1
2025-11-18 17:23:43,211 - INFO - MainThread - server_logic - [DEBUG] found replica for vector: 2
2025-11-18 17:23:43,211 - INFO - MainThread - server_logic - [DEBUG] found replica for vector: 3
2025-11-18 17:23:43,211 - INFO - MainThread - server_logic - [DEBUG] to me replica for vector: 3
2025-11-18 17:23:43,211 - INFO - MainThread - server_logic - [DEBUG] found replica for vector: 1
2025-11-18 17:23:43,211 - INFO - MainThread - server_logic - [DEBUG] found replica for vector: 2
2025-11-18 17:23:43,211 - INFO - MainThread - server_logic - [DEBUG] found replica for vector: 3
2025-11-18 17:23:43,211 - INFO - MainThread - server_logic - [DEBUG] found replica for vector: 4
2025-11-18 17:23:43,211 - INFO - MainThread - server_logic - [DEBUG] found replica for vector: 1
2025-11-18 17:23:43,211 - INFO - MainThread - server_logic - [DEBUG] found replica for vector: 2
2025-11-18 17:23:43,211 - INFO - MainThread - server_logic - [DEBUG] found replica for vector: 3
2025-11-18 17:23:43,211 - INFO - MainThread - server_logic - [DEBUG] to me replica for vector: 3
2025-11-18 17:23:43,211 - INFO - MainThread - server_logic - [DEBUG] found replica for vector: 1
2025-11-18 17:23:43,211 - INFO - MainThread - server_logic - [DEBUG] found replica for vector: 2
2025-11-18 17:23:43,211 - INFO - MainThread - server_logic - [DEBUG] found replica for vector: 3
2025-11-18 17:23:43,211 - INFO - MainThread - server_logic - [DEBUG] to me replica for vector: 3
2025-11-18 17:23:43,211 - INFO - MainThread - server_logic - [DEBUG] found replica for vector: 1
2025-11-18 17:23:43,211 - INFO - MainThread - server_logic - [DEBUG] found replica for vector: 2
2025-11-18 17:23:43,211 - INFO - MainThread - server_logic - [DEBUG] found replica for vector: 3
2025-11-18 17:23:43,211 - INFO - MainThread - server_logic - [DEBUG] found replica for vector: 4
2025-11-18 17:23:43,211 - INFO - MainThread - server_logic - [DEBUG] found replica for vector: 1
2025-11-18 17:23:43,211 - INFO - MainThread - server_logic - [DEBUG] found replica for vector: 2
2025-11-18 17:23:43,211 - INFO - MainThread - server_logic - [DEBUG] found replica for vector: 3
2025-11-18 17:23:43,211 - INFO - MainThread - server_logic - [DEBUG] found replica for vector: 4
2025-11-18 17:23:43,211 - INFO - MainThread - server_logic - [DEBUG] found replica for vector: 1
2025-11-18 17:23:43,211 - INFO - MainThread - server_logic - [DEBUG] found replica for vector: 2
2025-11-18 17:23:43,212 - INFO - MainThread - server_logic - [DEBUG] found replica for vector: 3
2025-11-18 17:23:43,212 - INFO - MainThread - server_logic - [DEBUG] found replica for vector: 4
2025-11-18 17:23:43,212 - INFO - MainThread - server_logic - [DEBUG] found replica for vector: 1
2025-11-18 17:23:43,212 - INFO - MainThread - server_logic - [DEBUG] found replica for vector: 2
2025-11-18 17:23:43,212 - INFO - MainThread - server_logic - [DEBUG] found replica for vector: 3
2025-11-18 17:23:43,212 - INFO - MainThread - server_logic - [DEBUG] found replica for vector: 4
2025-11-18 17:23:43,212 - INFO - MainThread - server_logic - [DEBUG] found replica for vector: 1
2025-11-18 17:23:43,212 - INFO - MainThread - server_logic - [DEBUG] found replica for vector: 2
2025-11-18 17:23:43,212 - INFO - MainThread - server_logic - [DEBUG] found replica for vector: 3
2025-11-18 17:23:43,212 - INFO - MainThread - server_logic - [DEBUG] found replica for vector: 4
2025-11-18 17:23:43,212 - INFO - MainThread - server_logic - [DEBUG] found replica for vector: 1
2025-11-18 17:23:43,212 - INFO - MainThread - server_logic - [DEBUG] found replica for vector: 2
2025-11-18 17:23:43,212 - INFO - MainThread - server_logic - [DEBUG] found replica for vector: 3
2025-11-18 17:23:43,212 - INFO - MainThread - server_logic - [DEBUG] found replica for vector: 4
2025-11-18 17:23:43,212 - INFO - MainThread - server_logic - [DEBUG] found replica for vector: 1
2025-11-18 17:23:43,212 - INFO - MainThread - server_logic - [DEBUG] found replica for vector: 2
2025-11-18 17:23:43,212 - INFO - MainThread - server_logic - [DEBUG] found replica for vector: 3
2025-11-18 17:23:43,212 - INFO - MainThread - server_logic - [DEBUG] found replica for vector: 4
2025-11-18 17:23:43,212 - INFO - MainThread - server_logic - [DEBUG] found replica for vector: 1
2025-11-18 17:23:43,212 - INFO - MainThread - server_logic - [DEBUG] found replica for vector: 2
2025-11-18 17:23:43,212 - INFO - MainThread - server_logic - [DEBUG] found replica for vector: 3
2025-11-18 17:23:43,212 - INFO - MainThread - server_logic - [DEBUG] found replica for vector: 4
2025-11-18 17:23:43,212 - INFO - MainThread - server_logic - [DEBUG] found replica for vector: 1
2025-11-18 17:23:43,212 - INFO - MainThread - server_logic - [DEBUG] found replica for vector: 2
2025-11-18 17:23:43,212 - INFO - MainThread - server_logic - [DEBUG] found replica for vector: 3
2025-11-18 17:23:43,212 - INFO - MainThread - server_logic - [DEBUG] to me replica for vector: 3
2025-11-18 17:23:43,212 - INFO - MainThread - server_logic - [DEBUG] found replica for vector: 1
2025-11-18 17:23:43,212 - INFO - MainThread - server_logic - [DEBUG] found replica for vector: 2
2025-11-18 17:23:43,212 - INFO - MainThread - server_logic - [DEBUG] found replica for vector: 3
2025-11-18 17:23:43,212 - INFO - MainThread - server_logic - [DEBUG] found replica for vector: 4
2025-11-18 17:23:43,212 - INFO - MainThread - server_logic - [DEBUG] found replica for vector: 1
2025-11-18 17:23:43,212 - INFO - MainThread - server_logic - [DEBUG] found replica for vector: 2
2025-11-18 17:23:43,212 - INFO - MainThread - server_logic - [DEBUG] found replica for vector: 3
2025-11-18 17:23:43,212 - INFO - MainThread - server_logic - [DEBUG] found replica for vector: 4
2025-11-18 17:23:43,212 - INFO - MainThread - server_logic - [DEBUG] found replica for vector: 1
2025-11-18 17:23:43,212 - INFO - MainThread - server_logic - [DEBUG] found replica for vector: 2
2025-11-18 17:23:43,212 - INFO - MainThread - server_logic - [DEBUG] found replica for vector: 3
2025-11-18 17:23:43,212 - INFO - MainThread - server_logic - [DEBUG] to me replica for vector: 3
2025-11-18 17:23:43,212 - INFO - MainThread - server_logic - [DEBUG] found replica for vector: 1
2025-11-18 17:23:43,212 - INFO - MainThread - server_logic - [DEBUG] found replica for vector: 2
2025-11-18 17:23:43,212 - INFO - MainThread - server_logic - [DEBUG] found replica for vector: 3
2025-11-18 17:23:43,212 - INFO - MainThread - server_logic - [DEBUG] found replica for vector: 4
2025-11-18 17:23:43,212 - INFO - MainThread - server_logic - [DEBUG] found replica for vector: 1
2025-11-18 17:23:43,212 - INFO - MainThread - server_logic - [DEBUG] found replica for vector: 2
2025-11-18 17:23:43,212 - INFO - MainThread - server_logic - [DEBUG] found replica for vector: 3
2025-11-18 17:23:43,212 - INFO - MainThread - server_logic - [DEBUG] found replica for vector: 4
2025-11-18 17:23:43,212 - INFO - MainThread - server_logic - [DEBUG] found replica for vector: 1
2025-11-18 17:23:43,212 - INFO - MainThread - server_logic - [DEBUG] found replica for vector: 2
2025-11-18 17:23:43,212 - INFO - MainThread - server_logic - [DEBUG] found replica for vector: 3
2025-11-18 17:23:43,212 - INFO - MainThread - server_logic - [DEBUG] to me replica for vector: 3
2025-11-18 17:23:43,212 - INFO - MainThread - server_logic - [DEBUG] found replica for vector: 1
2025-11-18 17:23:43,212 - INFO - MainThread - server_logic - [DEBUG] found replica for vector: 2
2025-11-18 17:23:43,212 - INFO - MainThread - server_logic - [DEBUG] found replica for vector: 3
2025-11-18 17:23:43,212 - INFO - MainThread - server_logic - [DEBUG] found replica for vector: 4
2025-11-18 17:23:43,213 - INFO - MainThread - server_logic - [DEBUG] found replica for vector: 1
2025-11-18 17:23:43,213 - INFO - MainThread - server_logic - [DEBUG] found replica for vector: 2
2025-11-18 17:23:43,213 - INFO - MainThread - server_logic - [DEBUG] found replica for vector: 3
2025-11-18 17:23:43,213 - INFO - MainThread - server_logic - [DEBUG] found replica for vector: 4
2025-11-18 17:23:43,213 - INFO - MainThread - server_logic - [DEBUG] found replica for vector: 1
2025-11-18 17:23:43,213 - INFO - MainThread - server_logic - [DEBUG] found replica for vector: 2
2025-11-18 17:23:43,213 - INFO - MainThread - server_logic - [DEBUG] found replica for vector: 3
2025-11-18 17:23:43,213 - INFO - MainThread - server_logic - [DEBUG] to me replica for vector: 3
2025-11-18 17:23:43,213 - INFO - MainThread - server_logic - [DEBUG] found replica for vector: 1
2025-11-18 17:23:43,213 - INFO - MainThread - server_logic - [DEBUG] found replica for vector: 2
2025-11-18 17:23:43,213 - INFO - MainThread - server_logic - [DEBUG] found replica for vector: 3
2025-11-18 17:23:43,213 - INFO - MainThread - server_logic - [DEBUG] found replica for vector: 4
2025-11-18 17:23:43,213 - INFO - MainThread - server_logic - [DEBUG] found replica for vector: 1
2025-11-18 17:23:43,213 - INFO - MainThread - server_logic - [DEBUG] found replica for vector: 2
2025-11-18 17:23:43,213 - INFO - MainThread - server_logic - [DEBUG] found replica for vector: 3
2025-11-18 17:23:43,213 - INFO - MainThread - server_logic - [DEBUG] found replica for vector: 4
2025-11-18 17:23:43,213 - INFO - MainThread - server_logic - [DEBUG] found replica for vector: 1
2025-11-18 17:23:43,213 - INFO - MainThread - server_logic - [DEBUG] found replica for vector: 2
2025-11-18 17:23:43,213 - INFO - MainThread - server_logic - [DEBUG] found replica for vector: 3
2025-11-18 17:23:43,213 - INFO - MainThread - server_logic - [DEBUG] found replica for vector: 4
2025-11-18 17:23:43,213 - INFO - MainThread - server_logic - [DEBUG] found replica for vector: 1
2025-11-18 17:23:43,213 - INFO - MainThread - server_logic - [DEBUG] found replica for vector: 2
2025-11-18 17:23:43,213 - INFO - MainThread - server_logic - [DEBUG] found replica for vector: 3
2025-11-18 17:23:43,213 - INFO - MainThread - server_logic - [DEBUG] found replica for vector: 4
2025-11-18 17:23:43,213 - INFO - MainThread - server_logic - [DEBUG] found replica for vector: 1
2025-11-18 17:23:43,213 - INFO - MainThread - server_logic - [DEBUG] found replica for vector: 2
2025-11-18 17:23:43,213 - INFO - MainThread - server_logic - [DEBUG] found replica for vector: 3
2025-11-18 17:23:43,213 - INFO - MainThread - server_logic - [DEBUG] found replica for vector: 4
2025-11-18 17:23:43,213 - INFO - MainThread - server_logic - [DEBUG] found replica for vector: 1
2025-11-18 17:23:43,213 - INFO - MainThread - server_logic - [DEBUG] found replica for vector: 2
2025-11-18 17:23:43,213 - INFO - MainThread - server_logic - [DEBUG] found replica for vector: 3
2025-11-18 17:23:43,213 - INFO - MainThread - server_logic - [DEBUG] found replica for vector: 4
2025-11-18 17:23:43,213 - INFO - MainThread - server_logic - [DEBUG] found replica for vector: 1
2025-11-18 17:23:43,213 - INFO - MainThread - server_logic - [DEBUG] found replica for vector: 2
2025-11-18 17:23:43,213 - INFO - MainThread - server_logic - [DEBUG] found replica for vector: 3
2025-11-18 17:23:43,213 - INFO - MainThread - server_logic - [DEBUG] found replica for vector: 4
2025-11-18 17:23:43,213 - INFO - MainThread - server_logic - [DEBUG] found replica for vector: 1
2025-11-18 17:23:43,213 - INFO - MainThread - server_logic - [DEBUG] found replica for vector: 2
2025-11-18 17:23:43,213 - INFO - MainThread - server_logic - [DEBUG] found replica for vector: 3
2025-11-18 17:23:43,213 - INFO - MainThread - server_logic - [DEBUG] found replica for vector: 4
2025-11-18 17:23:43,213 - INFO - MainThread - server_logic - [DEBUG] found replica for vector: 1
2025-11-18 17:23:43,213 - INFO - MainThread - server_logic - [DEBUG] found replica for vector: 2
2025-11-18 17:23:43,213 - INFO - MainThread - server_logic - [DEBUG] found replica for vector: 3
2025-11-18 17:23:43,213 - INFO - MainThread - server_logic - [DEBUG] to me replica for vector: 3
2025-11-18 17:23:43,213 - INFO - MainThread - server_logic - [DEBUG] found replica for vector: 1
2025-11-18 17:23:43,213 - INFO - MainThread - server_logic - [DEBUG] found replica for vector: 2
2025-11-18 17:23:43,213 - INFO - MainThread - server_logic - [DEBUG] found replica for vector: 3
2025-11-18 17:23:43,213 - INFO - MainThread - server_logic - [DEBUG] found replica for vector: 4
2025-11-18 17:23:43,213 - INFO - MainThread - server_logic - [DEBUG] found replica for vector: 1
2025-11-18 17:23:43,213 - INFO - MainThread - server_logic - [DEBUG] found replica for vector: 2
2025-11-18 17:23:43,213 - INFO - MainThread - server_logic - [DEBUG] found replica for vector: 3
2025-11-18 17:23:43,213 - INFO - MainThread - server_logic - [DEBUG] found replica for vector: 4
2025-11-18 17:23:43,213 - INFO - MainThread - server_logic - [DEBUG] found replica for vector: 1
2025-11-18 17:23:43,213 - INFO - MainThread - server_logic - [DEBUG] found replica for vector: 2
2025-11-18 17:23:43,213 - INFO - MainThread - server_logic - [DEBUG] found replica for vector: 3
2025-11-18 17:23:43,213 - INFO - MainThread - server_logic - [DEBUG] found replica for vector: 4
2025-11-18 17:23:43,213 - INFO - MainThread - server_logic - [DEBUG] found replica for vector: 1
2025-11-18 17:23:43,213 - INFO - MainThread - server_logic - [DEBUG] found replica for vector: 2
2025-11-18 17:23:43,213 - INFO - MainThread - server_logic - [DEBUG] found replica for vector: 3
2025-11-18 17:23:43,213 - INFO - MainThread - server_logic - [DEBUG] found replica for vector: 4
2025-11-18 17:23:43,214 - INFO - MainThread - server_logic - [DEBUG] found replica for vector: 1
2025-11-18 17:23:43,214 - INFO - MainThread - server_logic - [DEBUG] found replica for vector: 2
2025-11-18 17:23:43,214 - INFO - MainThread - server_logic - [DEBUG] found replica for vector: 3
2025-11-18 17:23:43,214 - INFO - MainThread - server_logic - [DEBUG] found replica for vector: 4
2025-11-18 17:23:43,214 - INFO - MainThread - server_logic - [DEBUG] found replica for vector: 1
2025-11-18 17:23:43,214 - INFO - MainThread - server_logic - [DEBUG] found replica for vector: 2
2025-11-18 17:23:43,214 - INFO - MainThread - server_logic - [DEBUG] found replica for vector: 3
2025-11-18 17:23:43,214 - INFO - MainThread - server_logic - [DEBUG] found replica for vector: 4
2025-11-18 17:23:43,214 - INFO - MainThread - server_logic - [DEBUG] found replica for vector: 1
2025-11-18 17:23:43,214 - INFO - MainThread - server_logic - [DEBUG] found replica for vector: 2
2025-11-18 17:23:43,214 - INFO - MainThread - server_logic - [DEBUG] found replica for vector: 3
2025-11-18 17:23:43,214 - INFO - MainThread - server_logic - [DEBUG] found replica for vector: 4
2025-11-18 17:23:43,214 - INFO - MainThread - server_logic - [DEBUG] found replica for vector: 1
2025-11-18 17:23:43,214 - INFO - MainThread - server_logic - [DEBUG] found replica for vector: 2
2025-11-18 17:23:43,214 - INFO - MainThread - server_logic - [DEBUG] found replica for vector: 3
2025-11-18 17:23:43,214 - INFO - MainThread - server_logic - [DEBUG] found replica for vector: 4
2025-11-18 17:23:43,214 - INFO - MainThread - server_logic - [DEBUG] found replica for vector: 1
2025-11-18 17:23:43,214 - INFO - MainThread - server_logic - [DEBUG] found replica for vector: 2
2025-11-18 17:23:43,214 - INFO - MainThread - server_logic - [DEBUG] found replica for vector: 3
2025-11-18 17:23:43,214 - INFO - MainThread - server_logic - [DEBUG] to me replica for vector: 3
2025-11-18 17:23:43,214 - INFO - MainThread - server_logic - [DEBUG] found replica for vector: 1
2025-11-18 17:23:43,214 - INFO - MainThread - server_logic - [DEBUG] found replica for vector: 2
2025-11-18 17:23:43,214 - INFO - MainThread - server_logic - [DEBUG] found replica for vector: 3
2025-11-18 17:23:43,214 - INFO - MainThread - server_logic - [DEBUG] found replica for vector: 4
2025-11-18 17:23:43,214 - INFO - MainThread - server_logic - [DEBUG] found replica for vector: 1
2025-11-18 17:23:43,214 - INFO - MainThread - server_logic - [DEBUG] found replica for vector: 2
2025-11-18 17:23:43,214 - INFO - MainThread - server_logic - [DEBUG] found replica for vector: 3
2025-11-18 17:23:43,214 - INFO - MainThread - server_logic - [DEBUG] found replica for vector: 4
2025-11-18 17:23:43,214 - INFO - MainThread - server_logic - [DEBUG] found replica for vector: 1
2025-11-18 17:23:43,214 - INFO - MainThread - server_logic - [DEBUG] found replica for vector: 2
2025-11-18 17:23:43,214 - INFO - MainThread - server_logic - [DEBUG] found replica for vector: 3
2025-11-18 17:23:43,214 - INFO - MainThread - server_logic - [DEBUG] to me replica for vector: 3
2025-11-18 17:23:43,214 - INFO - MainThread - server_logic - [DEBUG] found replica for vector: 1
2025-11-18 17:23:43,214 - INFO - MainThread - server_logic - [DEBUG] found replica for vector: 2
2025-11-18 17:23:43,214 - INFO - MainThread - server_logic - [DEBUG] found replica for vector: 3
2025-11-18 17:23:43,214 - INFO - MainThread - server_logic - [DEBUG] found replica for vector: 4
2025-11-18 17:23:43,214 - INFO - MainThread - server_logic - [DEBUG] found replica for vector: 1
2025-11-18 17:23:43,214 - INFO - MainThread - server_logic - [DEBUG] found replica for vector: 2
2025-11-18 17:23:43,214 - INFO - MainThread - server_logic - [DEBUG] found replica for vector: 3
2025-11-18 17:23:43,214 - INFO - MainThread - server_logic - [DEBUG] found replica for vector: 4
2025-11-18 17:23:43,214 - INFO - MainThread - server_logic - [DEBUG] found replica for vector: 1
2025-11-18 17:23:43,214 - INFO - MainThread - server_logic - [DEBUG] found replica for vector: 2
2025-11-18 17:23:43,214 - INFO - MainThread - server_logic - [DEBUG] found replica for vector: 3
2025-11-18 17:23:43,214 - INFO - MainThread - server_logic - [DEBUG] found replica for vector: 4
2025-11-18 17:23:43,214 - INFO - MainThread - server_logic - [DEBUG] found replica for vector: 1
2025-11-18 17:23:43,214 - INFO - MainThread - server_logic - [DEBUG] found replica for vector: 2
2025-11-18 17:23:43,214 - INFO - MainThread - server_logic - [DEBUG] found replica for vector: 3
2025-11-18 17:23:43,214 - INFO - MainThread - server_logic - [DEBUG] found replica for vector: 4
2025-11-18 17:23:43,214 - INFO - MainThread - server_logic - [DEBUG] found replica for vector: 1
2025-11-18 17:23:43,214 - INFO - MainThread - server_logic - [DEBUG] found replica for vector: 2
2025-11-18 17:23:43,214 - INFO - MainThread - server_logic - [DEBUG] found replica for vector: 3
2025-11-18 17:23:43,214 - INFO - MainThread - server_logic - [DEBUG] found replica for vector: 4
2025-11-18 17:23:43,214 - INFO - MainThread - server_logic - [DEBUG] found replica for vector: 1
2025-11-18 17:23:43,214 - INFO - MainThread - server_logic - [DEBUG] found replica for vector: 2
2025-11-18 17:23:43,214 - INFO - MainThread - server_logic - [DEBUG] found replica for vector: 3
2025-11-18 17:23:43,214 - INFO - MainThread - server_logic - [DEBUG] to me replica for vector: 3
2025-11-18 17:23:43,214 - INFO - MainThread - server_logic - [DEBUG] found replica for vector: 1
2025-11-18 17:23:43,215 - INFO - MainThread - server_logic - [DEBUG] found replica for vector: 2
2025-11-18 17:23:43,215 - INFO - MainThread - server_logic - [DEBUG] found replica for vector: 3
2025-11-18 17:23:43,215 - INFO - MainThread - server_logic - [DEBUG] found replica for vector: 4
2025-11-18 17:23:43,215 - INFO - MainThread - server_logic - [DEBUG] found replica for vector: 1
2025-11-18 17:23:43,215 - INFO - MainThread - server_logic - [DEBUG] found replica for vector: 2
2025-11-18 17:23:43,215 - INFO - MainThread - server_logic - [DEBUG] found replica for vector: 3
2025-11-18 17:23:43,215 - INFO - MainThread - server_logic - [DEBUG] found replica for vector: 4
2025-11-18 17:23:43,215 - INFO - MainThread - server_logic - [DEBUG] found replica for vector: 1
2025-11-18 17:23:43,215 - INFO - MainThread - server_logic - [DEBUG] found replica for vector: 2
2025-11-18 17:23:43,215 - INFO - MainThread - server_logic - [DEBUG] found replica for vector: 3
2025-11-18 17:23:43,215 - INFO - MainThread - server_logic - [DEBUG] found replica for vector: 4
2025-11-18 17:23:43,215 - INFO - MainThread - server_logic - [DEBUG] found replica for vector: 1
2025-11-18 17:23:43,215 - INFO - MainThread - server_logic - [DEBUG] found replica for vector: 2
2025-11-18 17:23:43,215 - INFO - MainThread - server_logic - [DEBUG] found replica for vector: 3
2025-11-18 17:23:43,215 - INFO - MainThread - server_logic - [DEBUG] found replica for vector: 4
2025-11-18 17:23:43,215 - INFO - MainThread - server_logic - [DEBUG] found replica for vector: 1
2025-11-18 17:23:43,215 - INFO - MainThread - server_logic - [DEBUG] found replica for vector: 2
2025-11-18 17:23:43,215 - INFO - MainThread - server_logic - [DEBUG] found replica for vector: 3
2025-11-18 17:23:43,215 - INFO - MainThread - server_logic - [DEBUG] to me replica for vector: 3
2025-11-18 17:23:43,215 - INFO - MainThread - server_logic - [DEBUG] found replica for vector: 1
2025-11-18 17:23:43,215 - INFO - MainThread - server_logic - [DEBUG] found replica for vector: 2
2025-11-18 17:23:43,215 - INFO - MainThread - server_logic - [DEBUG] found replica for vector: 3
2025-11-18 17:23:43,215 - INFO - MainThread - server_logic - [DEBUG] to me replica for vector: 3
2025-11-18 17:23:43,215 - INFO - MainThread - server_logic - [DEBUG] found replica for vector: 1
2025-11-18 17:23:43,215 - INFO - MainThread - server_logic - [DEBUG] found replica for vector: 2
2025-11-18 17:23:43,215 - INFO - MainThread - server_logic - [DEBUG] found replica for vector: 3
2025-11-18 17:23:43,215 - INFO - MainThread - server_logic - [DEBUG] found replica for vector: 4
2025-11-18 17:23:43,215 - INFO - MainThread - server_logic - [DEBUG] found replica for vector: 1
2025-11-18 17:23:43,215 - INFO - MainThread - server_logic - [DEBUG] found replica for vector: 2
2025-11-18 17:23:43,215 - INFO - MainThread - server_logic - [DEBUG] found replica for vector: 3
2025-11-18 17:23:43,215 - INFO - MainThread - server_logic - [DEBUG] found replica for vector: 4
2025-11-18 17:23:43,215 - INFO - MainThread - server_logic - [DEBUG] found replica for vector: 1
2025-11-18 17:23:43,215 - INFO - MainThread - server_logic - [DEBUG] found replica for vector: 2
2025-11-18 17:23:43,215 - INFO - MainThread - server_logic - [DEBUG] found replica for vector: 3
2025-11-18 17:23:43,215 - INFO - MainThread - server_logic - [DEBUG] found replica for vector: 4
2025-11-18 17:23:43,215 - INFO - MainThread - server_logic - [DEBUG] found replica for vector: 1
2025-11-18 17:23:43,215 - INFO - MainThread - server_logic - [DEBUG] found replica for vector: 2
2025-11-18 17:23:43,215 - INFO - MainThread - server_logic - [DEBUG] found replica for vector: 3
2025-11-18 17:23:43,215 - INFO - MainThread - server_logic - [DEBUG] to me replica for vector: 3
2025-11-18 17:23:43,215 - INFO - MainThread - server_logic - [DEBUG] found replica for vector: 1
2025-11-18 17:23:43,215 - INFO - MainThread - server_logic - [DEBUG] found replica for vector: 2
2025-11-18 17:23:43,215 - INFO - MainThread - server_logic - [DEBUG] found replica for vector: 3
2025-11-18 17:23:43,215 - INFO - MainThread - server_logic - [DEBUG] found replica for vector: 4
2025-11-18 17:23:43,215 - INFO - MainThread - server_logic - [DEBUG] found replica for vector: 1
2025-11-18 17:23:43,215 - INFO - MainThread - server_logic - [DEBUG] found replica for vector: 2
2025-11-18 17:23:43,215 - INFO - MainThread - server_logic - [DEBUG] found replica for vector: 3
2025-11-18 17:23:43,215 - INFO - MainThread - server_logic - [DEBUG] to me replica for vector: 3
2025-11-18 17:23:43,215 - INFO - MainThread - server_logic - [DEBUG] found replica for vector: 1
2025-11-18 17:23:43,215 - INFO - MainThread - server_logic - [DEBUG] found replica for vector: 2
2025-11-18 17:23:43,215 - INFO - MainThread - server_logic - [DEBUG] found replica for vector: 3
2025-11-18 17:23:43,215 - INFO - MainThread - server_logic - [DEBUG] to me replica for vector: 3
2025-11-18 17:23:43,215 - INFO - MainThread - server_logic - [DEBUG] found replica for vector: 1
2025-11-18 17:23:43,215 - INFO - MainThread - server_logic - [DEBUG] found replica for vector: 2
2025-11-18 17:23:43,215 - INFO - MainThread - server_logic - [DEBUG] found replica for vector: 3
2025-11-18 17:23:43,215 - INFO - MainThread - server_logic - [DEBUG] found replica for vector: 4
2025-11-18 17:23:43,215 - INFO - MainThread - server_logic - [DEBUG] found replica for vector: 1
2025-11-18 17:23:43,215 - INFO - MainThread - server_logic - [DEBUG] found replica for vector: 2
2025-11-18 17:23:43,215 - INFO - MainThread - server_logic - [DEBUG] found replica for vector: 3
2025-11-18 17:23:43,215 - INFO - MainThread - server_logic - [DEBUG] to me replica for vector: 3
2025-11-18 17:23:43,216 - INFO - MainThread - server_logic - [DEBUG] found replica for vector: 1
2025-11-18 17:23:43,216 - INFO - MainThread - server_logic - [DEBUG] found replica for vector: 2
2025-11-18 17:23:43,216 - INFO - MainThread - server_logic - [DEBUG] found replica for vector: 3
2025-11-18 17:23:43,216 - INFO - MainThread - server_logic - [DEBUG] found replica for vector: 4
2025-11-18 17:23:43,216 - INFO - MainThread - server_logic - [DEBUG] found replica for vector: 1
2025-11-18 17:23:43,216 - INFO - MainThread - server_logic - [DEBUG] found replica for vector: 2
2025-11-18 17:23:43,216 - INFO - MainThread - server_logic - [DEBUG] found replica for vector: 3
2025-11-18 17:23:43,216 - INFO - MainThread - server_logic - [DEBUG] found replica for vector: 4
2025-11-18 17:23:43,216 - INFO - MainThread - server_logic - [DEBUG] found replica for vector: 1
2025-11-18 17:23:43,216 - INFO - MainThread - server_logic - [DEBUG] found replica for vector: 2
2025-11-18 17:23:43,216 - INFO - MainThread - server_logic - [DEBUG] found replica for vector: 3
2025-11-18 17:23:43,216 - INFO - MainThread - server_logic - [DEBUG] found replica for vector: 4
2025-11-18 17:23:43,216 - INFO - MainThread - server_logic - [DEBUG] found replica for vector: 1
2025-11-18 17:23:43,216 - INFO - MainThread - server_logic - [DEBUG] found replica for vector: 2
2025-11-18 17:23:43,216 - INFO - MainThread - server_logic - [DEBUG] found replica for vector: 3
2025-11-18 17:23:43,216 - INFO - MainThread - server_logic - [DEBUG] found replica for vector: 4
2025-11-18 17:23:43,216 - INFO - MainThread - server_logic - [DEBUG] found replica for vector: 1
2025-11-18 17:23:43,216 - INFO - MainThread - server_logic - [DEBUG] found replica for vector: 2
2025-11-18 17:23:43,216 - INFO - MainThread - server_logic - [DEBUG] found replica for vector: 3
2025-11-18 17:23:43,216 - INFO - MainThread - server_logic - [DEBUG] to me replica for vector: 3
2025-11-18 17:23:43,216 - INFO - MainThread - server_logic - [DEBUG] found replica for vector: 1
2025-11-18 17:23:43,216 - INFO - MainThread - server_logic - [DEBUG] found replica for vector: 2
2025-11-18 17:23:43,216 - INFO - MainThread - server_logic - [DEBUG] found replica for vector: 3
2025-11-18 17:23:43,216 - INFO - MainThread - server_logic - [DEBUG] to me replica for vector: 3
2025-11-18 17:23:43,216 - INFO - MainThread - server_logic - [DEBUG] found replica for vector: 1
2025-11-18 17:23:43,216 - INFO - MainThread - server_logic - [DEBUG] found replica for vector: 2
2025-11-18 17:23:43,216 - INFO - MainThread - server_logic - [DEBUG] found replica for vector: 3
2025-11-18 17:23:43,216 - INFO - MainThread - server_logic - [DEBUG] found replica for vector: 4
2025-11-18 17:23:43,216 - INFO - MainThread - server_logic - [DEBUG] found replica for vector: 1
2025-11-18 17:23:43,216 - INFO - MainThread - server_logic - [DEBUG] found replica for vector: 2
2025-11-18 17:23:43,216 - INFO - MainThread - server_logic - [DEBUG] found replica for vector: 3
2025-11-18 17:23:43,216 - INFO - MainThread - server_logic - [DEBUG] found replica for vector: 4
2025-11-18 17:23:43,216 - INFO - MainThread - server_logic - [DEBUG] found replica for vector: 1
2025-11-18 17:23:43,216 - INFO - MainThread - server_logic - [DEBUG] found replica for vector: 2
2025-11-18 17:23:43,216 - INFO - MainThread - server_logic - [DEBUG] found replica for vector: 3
2025-11-18 17:23:43,216 - INFO - MainThread - server_logic - [DEBUG] to me replica for vector: 3
2025-11-18 17:23:43,216 - INFO - MainThread - server_logic - [DEBUG] found replica for vector: 1
2025-11-18 17:23:43,216 - INFO - MainThread - server_logic - [DEBUG] found replica for vector: 2
2025-11-18 17:23:43,216 - INFO - MainThread - server_logic - [DEBUG] found replica for vector: 3
2025-11-18 17:23:43,216 - INFO - MainThread - server_logic - [DEBUG] found replica for vector: 4
2025-11-18 17:23:43,216 - INFO - MainThread - server_logic - [DEBUG] found replica for vector: 1
2025-11-18 17:23:43,216 - INFO - MainThread - server_logic - [DEBUG] found replica for vector: 2
2025-11-18 17:23:43,216 - INFO - MainThread - server_logic - [DEBUG] found replica for vector: 3
2025-11-18 17:23:43,216 - INFO - MainThread - server_logic - [DEBUG] to me replica for vector: 3
2025-11-18 17:23:43,216 - INFO - MainThread - server_logic - [DEBUG] found replica for vector: 1
2025-11-18 17:23:43,216 - INFO - MainThread - server_logic - [DEBUG] found replica for vector: 2
2025-11-18 17:23:43,216 - INFO - MainThread - server_logic - [DEBUG] found replica for vector: 3
2025-11-18 17:23:43,216 - INFO - MainThread - server_logic - [DEBUG] found replica for vector: 4
2025-11-18 17:23:43,216 - INFO - MainThread - server_logic - [DEBUG] found replica for vector: 1
2025-11-18 17:23:43,216 - INFO - MainThread - server_logic - [DEBUG] found replica for vector: 2
2025-11-18 17:23:43,216 - INFO - MainThread - server_logic - [DEBUG] found replica for vector: 3
2025-11-18 17:23:43,216 - INFO - MainThread - server_logic - [DEBUG] found replica for vector: 4
2025-11-18 17:23:43,216 - INFO - MainThread - server_logic - [DEBUG] found replica for vector: 1
2025-11-18 17:23:43,216 - INFO - MainThread - server_logic - [DEBUG] found replica for vector: 2
2025-11-18 17:23:43,216 - INFO - MainThread - server_logic - [DEBUG] found replica for vector: 3
2025-11-18 17:23:43,216 - INFO - MainThread - server_logic - [DEBUG] found replica for vector: 4
2025-11-18 17:23:43,216 - INFO - MainThread - server_logic - [DEBUG] found replica for vector: 1
2025-11-18 17:23:43,216 - INFO - MainThread - server_logic - [DEBUG] found replica for vector: 2
2025-11-18 17:23:43,216 - INFO - MainThread - server_logic - [DEBUG] found replica for vector: 3
2025-11-18 17:23:43,217 - INFO - MainThread - server_logic - [DEBUG] found replica for vector: 4
2025-11-18 17:23:43,217 - INFO - MainThread - server_logic - [DEBUG] found replica for vector: 1
2025-11-18 17:23:43,217 - INFO - MainThread - server_logic - [DEBUG] found replica for vector: 2
2025-11-18 17:23:43,217 - INFO - MainThread - server_logic - [DEBUG] found replica for vector: 3
2025-11-18 17:23:43,217 - INFO - MainThread - server_logic - [DEBUG] found replica for vector: 4
2025-11-18 17:23:43,217 - INFO - MainThread - server_logic - [DEBUG] found replica for vector: 1
2025-11-18 17:23:43,217 - INFO - MainThread - server_logic - [DEBUG] found replica for vector: 2
2025-11-18 17:23:43,217 - INFO - MainThread - server_logic - [DEBUG] found replica for vector: 3
2025-11-18 17:23:43,217 - INFO - MainThread - server_logic - [DEBUG] to me replica for vector: 3
2025-11-18 17:23:43,217 - INFO - MainThread - server_logic - [DEBUG] found replica for vector: 1
2025-11-18 17:23:43,217 - INFO - MainThread - server_logic - [DEBUG] found replica for vector: 2
2025-11-18 17:23:43,217 - INFO - MainThread - server_logic - [DEBUG] found replica for vector: 3
2025-11-18 17:23:43,217 - INFO - MainThread - server_logic - [DEBUG] found replica for vector: 4
2025-11-18 17:23:43,217 - INFO - MainThread - server_logic - [DEBUG] found replica for vector: 1
2025-11-18 17:23:43,217 - INFO - MainThread - server_logic - [DEBUG] found replica for vector: 2
2025-11-18 17:23:43,217 - INFO - MainThread - server_logic - [DEBUG] found replica for vector: 3
2025-11-18 17:23:43,217 - INFO - MainThread - server_logic - [DEBUG] found replica for vector: 4
2025-11-18 17:23:43,217 - INFO - MainThread - server_logic - [DEBUG] found replica for vector: 1
2025-11-18 17:23:43,217 - INFO - MainThread - server_logic - [DEBUG] found replica for vector: 2
2025-11-18 17:23:43,217 - INFO - MainThread - server_logic - [DEBUG] found replica for vector: 3
2025-11-18 17:23:43,217 - INFO - MainThread - server_logic - [DEBUG] to me replica for vector: 3
2025-11-18 17:23:43,217 - INFO - MainThread - server_logic - [DEBUG] found replica for vector: 1
2025-11-18 17:23:43,217 - INFO - MainThread - server_logic - [DEBUG] found replica for vector: 2
2025-11-18 17:23:43,217 - INFO - MainThread - server_logic - [DEBUG] found replica for vector: 3
2025-11-18 17:23:43,217 - INFO - MainThread - server_logic - [DEBUG] found replica for vector: 4
2025-11-18 17:23:43,217 - INFO - MainThread - server_logic - [DEBUG] found replica for vector: 1
2025-11-18 17:23:43,217 - INFO - MainThread - server_logic - [DEBUG] found replica for vector: 2
2025-11-18 17:23:43,217 - INFO - MainThread - server_logic - [DEBUG] found replica for vector: 3
2025-11-18 17:23:43,217 - INFO - MainThread - server_logic - [DEBUG] to me replica for vector: 3
2025-11-18 17:23:43,217 - INFO - MainThread - server_logic - [DEBUG] found replica for vector: 1
2025-11-18 17:23:43,217 - INFO - MainThread - server_logic - [DEBUG] found replica for vector: 2
2025-11-18 17:23:43,217 - INFO - MainThread - server_logic - [DEBUG] found replica for vector: 3
2025-11-18 17:23:43,217 - INFO - MainThread - server_logic - [DEBUG] found replica for vector: 4
2025-11-18 17:23:43,217 - INFO - MainThread - server_logic - [DEBUG] found replica for vector: 1
2025-11-18 17:23:43,217 - INFO - MainThread - server_logic - [DEBUG] found replica for vector: 2
2025-11-18 17:23:43,217 - INFO - MainThread - server_logic - [DEBUG] found replica for vector: 3
2025-11-18 17:23:43,217 - INFO - MainThread - server_logic - [DEBUG] to me replica for vector: 3
2025-11-18 17:23:43,217 - INFO - MainThread - server_logic - [DEBUG] found replica for vector: 1
2025-11-18 17:23:43,217 - INFO - MainThread - server_logic - [DEBUG] found replica for vector: 2
2025-11-18 17:23:43,217 - INFO - MainThread - server_logic - [DEBUG] found replica for vector: 3
2025-11-18 17:23:43,217 - INFO - MainThread - server_logic - [DEBUG] to me replica for vector: 3
2025-11-18 17:23:43,217 - INFO - MainThread - server_logic - [DEBUG] found replica for vector: 1
2025-11-18 17:23:43,217 - INFO - MainThread - server_logic - [DEBUG] found replica for vector: 2
2025-11-18 17:23:43,217 - INFO - MainThread - server_logic - [DEBUG] found replica for vector: 3
2025-11-18 17:23:43,217 - INFO - MainThread - server_logic - [DEBUG] found replica for vector: 4
2025-11-18 17:23:43,217 - INFO - MainThread - server_logic - [DEBUG] found replica for vector: 1
2025-11-18 17:23:43,217 - INFO - MainThread - server_logic - [DEBUG] found replica for vector: 2
2025-11-18 17:23:43,217 - INFO - MainThread - server_logic - [DEBUG] found replica for vector: 3
2025-11-18 17:23:43,217 - INFO - MainThread - server_logic - [DEBUG] found replica for vector: 4
2025-11-18 17:23:43,217 - INFO - MainThread - server_logic - [DEBUG] found replica for vector: 1
2025-11-18 17:23:43,217 - INFO - MainThread - server_logic - [DEBUG] found replica for vector: 2
2025-11-18 17:23:43,217 - INFO - MainThread - server_logic - [DEBUG] found replica for vector: 3
2025-11-18 17:23:43,217 - INFO - MainThread - server_logic - [DEBUG] found replica for vector: 4
2025-11-18 17:23:43,217 - INFO - MainThread - server_logic - [DEBUG] found replica for vector: 1
2025-11-18 17:23:43,217 - INFO - MainThread - server_logic - [DEBUG] found replica for vector: 2
2025-11-18 17:23:43,217 - INFO - MainThread - server_logic - [DEBUG] found replica for vector: 3
2025-11-18 17:23:43,217 - INFO - MainThread - server_logic - [DEBUG] to me replica for vector: 3
2025-11-18 17:23:43,218 - INFO - MainThread - server_logic - [DEBUG] found replica for vector: 1
2025-11-18 17:23:43,218 - INFO - MainThread - server_logic - [DEBUG] found replica for vector: 2
2025-11-18 17:23:43,218 - INFO - MainThread - server_logic - [DEBUG] found replica for vector: 3
2025-11-18 17:23:43,218 - INFO - MainThread - server_logic - [DEBUG] to me replica for vector: 3
2025-11-18 17:23:43,218 - INFO - MainThread - server_logic - [DEBUG] found replica for vector: 1
2025-11-18 17:23:43,218 - INFO - MainThread - server_logic - [DEBUG] found replica for vector: 2
2025-11-18 17:23:43,218 - INFO - MainThread - server_logic - [DEBUG] found replica for vector: 3
2025-11-18 17:23:43,218 - INFO - MainThread - server_logic - [DEBUG] found replica for vector: 4
2025-11-18 17:23:43,218 - INFO - MainThread - server_logic - [DEBUG] found replica for vector: 1
2025-11-18 17:23:43,218 - INFO - MainThread - server_logic - [DEBUG] found replica for vector: 2
2025-11-18 17:23:43,218 - INFO - MainThread - server_logic - [DEBUG] found replica for vector: 3
2025-11-18 17:23:43,218 - INFO - MainThread - server_logic - [DEBUG] found replica for vector: 4
2025-11-18 17:23:43,218 - INFO - MainThread - server_logic - [DEBUG] found replica for vector: 1
2025-11-18 17:23:43,218 - INFO - MainThread - server_logic - [DEBUG] found replica for vector: 2
2025-11-18 17:23:43,218 - INFO - MainThread - server_logic - [DEBUG] found replica for vector: 3
2025-11-18 17:23:43,218 - INFO - MainThread - server_logic - [DEBUG] found replica for vector: 4
2025-11-18 17:23:43,218 - INFO - MainThread - server_logic - [DEBUG] found replica for vector: 1
2025-11-18 17:23:43,218 - INFO - MainThread - server_logic - [DEBUG] found replica for vector: 2
2025-11-18 17:23:43,218 - INFO - MainThread - server_logic - [DEBUG] found replica for vector: 3
2025-11-18 17:23:43,218 - INFO - MainThread - server_logic - [DEBUG] found replica for vector: 4
2025-11-18 17:23:43,218 - INFO - MainThread - server_logic - [DEBUG] found replica for vector: 1
2025-11-18 17:23:43,218 - INFO - MainThread - server_logic - [DEBUG] found replica for vector: 2
2025-11-18 17:23:43,218 - INFO - MainThread - server_logic - [DEBUG] found replica for vector: 3
2025-11-18 17:23:43,218 - INFO - MainThread - server_logic - [DEBUG] found replica for vector: 4
2025-11-18 17:23:43,218 - INFO - MainThread - server_logic - [DEBUG] found replica for vector: 1
2025-11-18 17:23:43,218 - INFO - MainThread - server_logic - [DEBUG] found replica for vector: 2
2025-11-18 17:23:43,218 - INFO - MainThread - server_logic - [DEBUG] found replica for vector: 3
2025-11-18 17:23:43,218 - INFO - MainThread - server_logic - [DEBUG] to me replica for vector: 3
2025-11-18 17:23:43,218 - INFO - MainThread - server_logic - [DEBUG] found replica for vector: 1
2025-11-18 17:23:43,218 - INFO - MainThread - server_logic - [DEBUG] found replica for vector: 2
2025-11-18 17:23:43,218 - INFO - MainThread - server_logic - [DEBUG] found replica for vector: 3
2025-11-18 17:23:43,218 - INFO - MainThread - server_logic - [DEBUG] found replica for vector: 4
2025-11-18 17:23:43,218 - INFO - MainThread - server_logic - [DEBUG] found replica for vector: 1
2025-11-18 17:23:43,218 - INFO - MainThread - server_logic - [DEBUG] found replica for vector: 2
2025-11-18 17:23:43,218 - INFO - MainThread - server_logic - [DEBUG] found replica for vector: 3
2025-11-18 17:23:43,218 - INFO - MainThread - server_logic - [DEBUG] found replica for vector: 4
2025-11-18 17:23:43,218 - INFO - MainThread - server_logic - [DEBUG] found replica for vector: 1
2025-11-18 17:23:43,218 - INFO - MainThread - server_logic - [DEBUG] found replica for vector: 2
2025-11-18 17:23:43,218 - INFO - MainThread - server_logic - [DEBUG] found replica for vector: 3
2025-11-18 17:23:43,218 - INFO - MainThread - server_logic - [DEBUG] found replica for vector: 4
2025-11-18 17:23:43,218 - INFO - MainThread - server_logic - [DEBUG] found replica for vector: 1
2025-11-18 17:23:43,218 - INFO - MainThread - server_logic - [DEBUG] found replica for vector: 2
2025-11-18 17:23:43,218 - INFO - MainThread - server_logic - [DEBUG] found replica for vector: 3
2025-11-18 17:23:43,218 - INFO - MainThread - server_logic - [DEBUG] found replica for vector: 4
2025-11-18 17:23:43,218 - INFO - MainThread - server_logic - [DEBUG] found replica for vector: 1
2025-11-18 17:23:43,218 - INFO - MainThread - server_logic - [DEBUG] found replica for vector: 2
2025-11-18 17:23:43,218 - INFO - MainThread - server_logic - [DEBUG] found replica for vector: 3
2025-11-18 17:23:43,218 - INFO - MainThread - server_logic - [DEBUG] to me replica for vector: 3
2025-11-18 17:23:43,218 - INFO - MainThread - server_logic - [DEBUG] found replica for vector: 1
2025-11-18 17:23:43,218 - INFO - MainThread - server_logic - [DEBUG] found replica for vector: 2
2025-11-18 17:23:43,218 - INFO - MainThread - server_logic - [DEBUG] found replica for vector: 3
2025-11-18 17:23:43,218 - INFO - MainThread - server_logic - [DEBUG] found replica for vector: 4
2025-11-18 17:23:43,218 - INFO - MainThread - server_logic - [DEBUG] found replica for vector: 1
2025-11-18 17:23:43,218 - INFO - MainThread - server_logic - [DEBUG] found replica for vector: 2
2025-11-18 17:23:43,218 - INFO - MainThread - server_logic - [DEBUG] found replica for vector: 3
2025-11-18 17:23:43,218 - INFO - MainThread - server_logic - [DEBUG] found replica for vector: 4
2025-11-18 17:23:43,218 - INFO - MainThread - server_logic - [DEBUG] found replica for vector: 1
2025-11-18 17:23:43,218 - INFO - MainThread - server_logic - [DEBUG] found replica for vector: 2
2025-11-18 17:23:43,218 - INFO - MainThread - server_logic - [DEBUG] found replica for vector: 3
2025-11-18 17:23:43,218 - INFO - MainThread - server_logic - [DEBUG] found replica for vector: 4
2025-11-18 17:23:43,219 - INFO - MainThread - server_logic - [DEBUG] found replica for vector: 1
2025-11-18 17:23:43,219 - INFO - MainThread - server_logic - [DEBUG] found replica for vector: 2
2025-11-18 17:23:43,219 - INFO - MainThread - server_logic - [DEBUG] found replica for vector: 3
2025-11-18 17:23:43,219 - INFO - MainThread - server_logic - [DEBUG] found replica for vector: 4
2025-11-18 17:23:43,219 - INFO - MainThread - server_logic - [DEBUG] found replica for vector: 1
2025-11-18 17:23:43,219 - INFO - MainThread - server_logic - [DEBUG] found replica for vector: 2
2025-11-18 17:23:43,219 - INFO - MainThread - server_logic - [DEBUG] found replica for vector: 3
2025-11-18 17:23:43,219 - INFO - MainThread - server_logic - [DEBUG] found replica for vector: 4
2025-11-18 17:23:43,219 - INFO - MainThread - server_logic - [DEBUG] found replica for vector: 1
2025-11-18 17:23:43,219 - INFO - MainThread - server_logic - [DEBUG] found replica for vector: 2
2025-11-18 17:23:43,219 - INFO - MainThread - server_logic - [DEBUG] found replica for vector: 3
2025-11-18 17:23:43,219 - INFO - MainThread - server_logic - [DEBUG] found replica for vector: 4
2025-11-18 17:23:43,219 - INFO - MainThread - server_logic - [DEBUG] found replica for vector: 1
2025-11-18 17:23:43,219 - INFO - MainThread - server_logic - [DEBUG] found replica for vector: 2
2025-11-18 17:23:43,219 - INFO - MainThread - server_logic - [DEBUG] found replica for vector: 3
2025-11-18 17:23:43,219 - INFO - MainThread - server_logic - [DEBUG] found replica for vector: 4
2025-11-18 17:23:43,219 - INFO - MainThread - server_logic - [DEBUG] found replica for vector: 1
2025-11-18 17:23:43,219 - INFO - MainThread - server_logic - [DEBUG] found replica for vector: 2
2025-11-18 17:23:43,219 - INFO - MainThread - server_logic - [DEBUG] found replica for vector: 3
2025-11-18 17:23:43,219 - INFO - MainThread - server_logic - [DEBUG] found replica for vector: 4
2025-11-18 17:23:43,219 - INFO - MainThread - server_logic - [DEBUG] found replica for vector: 1
2025-11-18 17:23:43,219 - INFO - MainThread - server_logic - [DEBUG] found replica for vector: 2
2025-11-18 17:23:43,219 - INFO - MainThread - server_logic - [DEBUG] found replica for vector: 3
2025-11-18 17:23:43,219 - INFO - MainThread - server_logic - [DEBUG] found replica for vector: 4
2025-11-18 17:23:43,219 - INFO - MainThread - server_logic - [DEBUG] found replica for vector: 1
2025-11-18 17:23:43,219 - INFO - MainThread - server_logic - [DEBUG] found replica for vector: 2
2025-11-18 17:23:43,219 - INFO - MainThread - server_logic - [DEBUG] found replica for vector: 3
2025-11-18 17:23:43,219 - INFO - MainThread - server_logic - [DEBUG] found replica for vector: 4
2025-11-18 17:23:43,219 - INFO - MainThread - server_logic - [DEBUG] found replica for vector: 1
2025-11-18 17:23:43,219 - INFO - MainThread - server_logic - [DEBUG] found replica for vector: 2
2025-11-18 17:23:43,219 - INFO - MainThread - server_logic - [DEBUG] found replica for vector: 3
2025-11-18 17:23:43,219 - INFO - MainThread - server_logic - [DEBUG] to me replica for vector: 3
2025-11-18 17:23:43,219 - INFO - MainThread - server_logic - [DEBUG] found replica for vector: 1
2025-11-18 17:23:43,219 - INFO - MainThread - server_logic - [DEBUG] found replica for vector: 2
2025-11-18 17:23:43,219 - INFO - MainThread - server_logic - [DEBUG] found replica for vector: 3
2025-11-18 17:23:43,219 - INFO - MainThread - server_logic - [DEBUG] found replica for vector: 4
2025-11-18 17:23:43,219 - INFO - MainThread - server_logic - [DEBUG] found replica for vector: 1
2025-11-18 17:23:43,219 - INFO - MainThread - server_logic - [DEBUG] found replica for vector: 2
2025-11-18 17:23:43,219 - INFO - MainThread - server_logic - [DEBUG] found replica for vector: 3
2025-11-18 17:23:43,219 - INFO - MainThread - server_logic - [DEBUG] to me replica for vector: 3
2025-11-18 17:23:43,219 - INFO - MainThread - server_logic - [DEBUG] found replica for vector: 1
2025-11-18 17:23:43,219 - INFO - MainThread - server_logic - [DEBUG] found replica for vector: 2
2025-11-18 17:23:43,219 - INFO - MainThread - server_logic - [DEBUG] found replica for vector: 3
2025-11-18 17:23:43,219 - INFO - MainThread - server_logic - [DEBUG] found replica for vector: 4
2025-11-18 17:23:43,219 - INFO - MainThread - server_logic - [DEBUG] found replica for vector: 1
2025-11-18 17:23:43,219 - INFO - MainThread - server_logic - [DEBUG] found replica for vector: 2
2025-11-18 17:23:43,219 - INFO - MainThread - server_logic - [DEBUG] found replica for vector: 3
2025-11-18 17:23:43,219 - INFO - MainThread - server_logic - [DEBUG] found replica for vector: 4
2025-11-18 17:23:43,219 - INFO - MainThread - server_logic - [DEBUG] found replica for vector: 1
2025-11-18 17:23:43,219 - INFO - MainThread - server_logic - [DEBUG] found replica for vector: 2
2025-11-18 17:23:43,219 - INFO - MainThread - server_logic - [DEBUG] found replica for vector: 3
2025-11-18 17:23:43,219 - INFO - MainThread - server_logic - [DEBUG] found replica for vector: 4
2025-11-18 17:23:43,219 - INFO - MainThread - server_logic - [DEBUG] found replica for vector: 1
2025-11-18 17:23:43,219 - INFO - MainThread - server_logic - [DEBUG] found replica for vector: 2
2025-11-18 17:23:43,219 - INFO - MainThread - server_logic - [DEBUG] found replica for vector: 3
2025-11-18 17:23:43,219 - INFO - MainThread - server_logic - [DEBUG] found replica for vector: 4
2025-11-18 17:23:43,219 - INFO - MainThread - server_logic - [DEBUG] found replica for vector: 1
2025-11-18 17:23:43,219 - INFO - MainThread - server_logic - [DEBUG] found replica for vector: 2
2025-11-18 17:23:43,219 - INFO - MainThread - server_logic - [DEBUG] found replica for vector: 3
2025-11-18 17:23:43,220 - INFO - MainThread - server_logic - [DEBUG] found replica for vector: 4
2025-11-18 17:23:43,220 - INFO - MainThread - server_logic - [DEBUG] found replica for vector: 1
2025-11-18 17:23:43,220 - INFO - MainThread - server_logic - [DEBUG] found replica for vector: 2
2025-11-18 17:23:43,220 - INFO - MainThread - server_logic - [DEBUG] found replica for vector: 3
2025-11-18 17:23:43,220 - INFO - MainThread - server_logic - [DEBUG] found replica for vector: 4
2025-11-18 17:23:43,220 - INFO - MainThread - server_logic - [DEBUG] found replica for vector: 1
2025-11-18 17:23:43,220 - INFO - MainThread - server_logic - [DEBUG] found replica for vector: 2
2025-11-18 17:23:43,220 - INFO - MainThread - server_logic - [DEBUG] found replica for vector: 3
2025-11-18 17:23:43,220 - INFO - MainThread - server_logic - [DEBUG] found replica for vector: 4
2025-11-18 17:23:43,220 - INFO - MainThread - server_logic - [DEBUG] found replica for vector: 1
2025-11-18 17:23:43,220 - INFO - MainThread - server_logic - [DEBUG] found replica for vector: 2
2025-11-18 17:23:43,220 - INFO - MainThread - server_logic - [DEBUG] found replica for vector: 3
2025-11-18 17:23:43,220 - INFO - MainThread - server_logic - [DEBUG] found replica for vector: 4
2025-11-18 17:23:43,220 - INFO - MainThread - server_logic - [DEBUG] found replica for vector: 1
2025-11-18 17:23:43,220 - INFO - MainThread - server_logic - [DEBUG] found replica for vector: 2
2025-11-18 17:23:43,220 - INFO - MainThread - server_logic - [DEBUG] found replica for vector: 3
2025-11-18 17:23:43,220 - INFO - MainThread - server_logic - [DEBUG] found replica for vector: 4
2025-11-18 17:23:43,220 - INFO - MainThread - server_logic - [DEBUG] found replica for vector: 1
2025-11-18 17:23:43,220 - INFO - MainThread - server_logic - [DEBUG] found replica for vector: 2
2025-11-18 17:23:43,220 - INFO - MainThread - server_logic - [DEBUG] found replica for vector: 3
2025-11-18 17:23:43,220 - INFO - MainThread - server_logic - [DEBUG] to me replica for vector: 3
2025-11-18 17:23:43,220 - INFO - MainThread - server_logic - [DEBUG] found replica for vector: 1
2025-11-18 17:23:43,220 - INFO - MainThread - server_logic - [DEBUG] found replica for vector: 2
2025-11-18 17:23:43,220 - INFO - MainThread - server_logic - [DEBUG] found replica for vector: 3
2025-11-18 17:23:43,220 - INFO - MainThread - server_logic - [DEBUG] found replica for vector: 4
2025-11-18 17:23:43,220 - INFO - MainThread - server_logic - [DEBUG] found replica for vector: 1
2025-11-18 17:23:43,220 - INFO - MainThread - server_logic - [DEBUG] found replica for vector: 2
2025-11-18 17:23:43,220 - INFO - MainThread - server_logic - [DEBUG] found replica for vector: 3
2025-11-18 17:23:43,220 - INFO - MainThread - server_logic - [DEBUG] to me replica for vector: 3
2025-11-18 17:23:43,220 - INFO - MainThread - server_logic - [DEBUG] found replica for vector: 1
2025-11-18 17:23:43,220 - INFO - MainThread - server_logic - [DEBUG] found replica for vector: 2
2025-11-18 17:23:43,220 - INFO - MainThread - server_logic - [DEBUG] found replica for vector: 3
2025-11-18 17:23:43,220 - INFO - MainThread - server_logic - [DEBUG] found replica for vector: 4
2025-11-18 17:23:43,220 - INFO - MainThread - server_logic - [DEBUG] found replica for vector: 1
2025-11-18 17:23:43,220 - INFO - MainThread - server_logic - [DEBUG] found replica for vector: 2
2025-11-18 17:23:43,220 - INFO - MainThread - server_logic - [DEBUG] found replica for vector: 3
2025-11-18 17:23:43,220 - INFO - MainThread - server_logic - [DEBUG] found replica for vector: 4
2025-11-18 17:23:43,220 - INFO - MainThread - server_logic - [DEBUG] found replica for vector: 1
2025-11-18 17:23:43,220 - INFO - MainThread - server_logic - [DEBUG] found replica for vector: 2
2025-11-18 17:23:43,220 - INFO - MainThread - server_logic - [DEBUG] found replica for vector: 3
2025-11-18 17:23:43,220 - INFO - MainThread - server_logic - [DEBUG] found replica for vector: 4
2025-11-18 17:23:43,220 - INFO - MainThread - server_logic - [DEBUG] found replica for vector: 1
2025-11-18 17:23:43,220 - INFO - MainThread - server_logic - [DEBUG] found replica for vector: 2
2025-11-18 17:23:43,220 - INFO - MainThread - server_logic - [DEBUG] found replica for vector: 3
2025-11-18 17:23:43,220 - INFO - MainThread - server_logic - [DEBUG] found replica for vector: 4
2025-11-18 17:23:43,220 - INFO - MainThread - server_logic - [DEBUG] found replica for vector: 1
2025-11-18 17:23:43,220 - INFO - MainThread - server_logic - [DEBUG] found replica for vector: 2
2025-11-18 17:23:43,220 - INFO - MainThread - server_logic - [DEBUG] found replica for vector: 3
2025-11-18 17:23:43,220 - INFO - MainThread - server_logic - [DEBUG] found replica for vector: 4
2025-11-18 17:23:43,220 - INFO - MainThread - server_logic - [DEBUG] found replica for vector: 1
2025-11-18 17:23:43,220 - INFO - MainThread - server_logic - [DEBUG] found replica for vector: 2
2025-11-18 17:23:43,220 - INFO - MainThread - server_logic - [DEBUG] found replica for vector: 3
2025-11-18 17:23:43,220 - INFO - MainThread - server_logic - [DEBUG] to me replica for vector: 3
2025-11-18 17:23:43,220 - INFO - MainThread - server_logic - [DEBUG] found replica for vector: 1
2025-11-18 17:23:43,220 - INFO - MainThread - server_logic - [DEBUG] found replica for vector: 2
2025-11-18 17:23:43,220 - INFO - MainThread - server_logic - [DEBUG] found replica for vector: 3
2025-11-18 17:23:43,220 - INFO - MainThread - server_logic - [DEBUG] found replica for vector: 4
2025-11-18 17:23:43,220 - INFO - MainThread - server_logic - [DEBUG] found replica for vector: 1
2025-11-18 17:23:43,221 - INFO - MainThread - server_logic - [DEBUG] found replica for vector: 2
2025-11-18 17:23:43,221 - INFO - MainThread - server_logic - [DEBUG] found replica for vector: 3
2025-11-18 17:23:43,221 - INFO - MainThread - server_logic - [DEBUG] found replica for vector: 4
2025-11-18 17:23:43,221 - INFO - MainThread - server_logic - [DEBUG] found replica for vector: 1
2025-11-18 17:23:43,221 - INFO - MainThread - server_logic - [DEBUG] found replica for vector: 2
2025-11-18 17:23:43,221 - INFO - MainThread - server_logic - [DEBUG] found replica for vector: 3
2025-11-18 17:23:43,221 - INFO - MainThread - server_logic - [DEBUG] found replica for vector: 4
2025-11-18 17:23:43,221 - INFO - MainThread - server_logic - [DEBUG] found replica for vector: 1
2025-11-18 17:23:43,221 - INFO - MainThread - server_logic - [DEBUG] found replica for vector: 2
2025-11-18 17:23:43,221 - INFO - MainThread - server_logic - [DEBUG] found replica for vector: 3
2025-11-18 17:23:43,221 - INFO - MainThread - server_logic - [DEBUG] found replica for vector: 4
2025-11-18 17:23:43,221 - INFO - MainThread - server_logic - [DEBUG] found replica for vector: 1
2025-11-18 17:23:43,221 - INFO - MainThread - server_logic - [DEBUG] found replica for vector: 2
2025-11-18 17:23:43,221 - INFO - MainThread - server_logic - [DEBUG] found replica for vector: 3
2025-11-18 17:23:43,221 - INFO - MainThread - server_logic - [DEBUG] to me replica for vector: 3
2025-11-18 17:23:43,221 - INFO - MainThread - server_logic - [DEBUG] found replica for vector: 1
2025-11-18 17:23:43,221 - INFO - MainThread - server_logic - [DEBUG] found replica for vector: 2
2025-11-18 17:23:43,221 - INFO - MainThread - server_logic - [DEBUG] found replica for vector: 3
2025-11-18 17:23:43,221 - INFO - MainThread - server_logic - [DEBUG] to me replica for vector: 3
2025-11-18 17:23:43,221 - INFO - MainThread - server_logic - [DEBUG] found replica for vector: 1
2025-11-18 17:23:43,221 - INFO - MainThread - server_logic - [DEBUG] found replica for vector: 2
2025-11-18 17:23:43,221 - INFO - MainThread - server_logic - [DEBUG] found replica for vector: 3
2025-11-18 17:23:43,221 - INFO - MainThread - server_logic - [DEBUG] found replica for vector: 4
2025-11-18 17:23:43,221 - INFO - MainThread - server_logic - [DEBUG] found replica for vector: 1
2025-11-18 17:23:43,221 - INFO - MainThread - server_logic - [DEBUG] found replica for vector: 2
2025-11-18 17:23:43,221 - INFO - MainThread - server_logic - [DEBUG] found replica for vector: 3
2025-11-18 17:23:43,221 - INFO - MainThread - server_logic - [DEBUG] found replica for vector: 4
2025-11-18 17:23:43,221 - INFO - MainThread - server_logic - [DEBUG] found replica for vector: 1
2025-11-18 17:23:43,221 - INFO - MainThread - server_logic - [DEBUG] found replica for vector: 2
2025-11-18 17:23:43,221 - INFO - MainThread - server_logic - [DEBUG] found replica for vector: 3
2025-11-18 17:23:43,221 - INFO - MainThread - server_logic - [DEBUG] found replica for vector: 4
2025-11-18 17:23:43,221 - INFO - MainThread - server_logic - [DEBUG] found replica for vector: 1
2025-11-18 17:23:43,221 - INFO - MainThread - server_logic - [DEBUG] found replica for vector: 2
2025-11-18 17:23:43,221 - INFO - MainThread - server_logic - [DEBUG] found replica for vector: 3
2025-11-18 17:23:43,221 - INFO - MainThread - server_logic - [DEBUG] found replica for vector: 4
2025-11-18 17:23:43,221 - INFO - MainThread - server_logic - [DEBUG] found replica for vector: 1
2025-11-18 17:23:43,221 - INFO - MainThread - server_logic - [DEBUG] found replica for vector: 2
2025-11-18 17:23:43,221 - INFO - MainThread - server_logic - [DEBUG] found replica for vector: 3
2025-11-18 17:23:43,221 - INFO - MainThread - server_logic - [DEBUG] found replica for vector: 4
2025-11-18 17:23:43,221 - INFO - MainThread - server_logic - [DEBUG] found replica for vector: 1
2025-11-18 17:23:43,221 - INFO - MainThread - server_logic - [DEBUG] found replica for vector: 2
2025-11-18 17:23:43,221 - INFO - MainThread - server_logic - [DEBUG] found replica for vector: 3
2025-11-18 17:23:43,221 - INFO - MainThread - server_logic - [DEBUG] found replica for vector: 4
2025-11-18 17:23:43,221 - INFO - MainThread - server_logic - [DEBUG] found replica for vector: 1
2025-11-18 17:23:43,221 - INFO - MainThread - server_logic - [DEBUG] found replica for vector: 2
2025-11-18 17:23:43,221 - INFO - MainThread - server_logic - [DEBUG] found replica for vector: 3
2025-11-18 17:23:43,221 - INFO - MainThread - server_logic - [DEBUG] found replica for vector: 4
2025-11-18 17:23:43,221 - INFO - MainThread - server_logic - [DEBUG] found replica for vector: 1
2025-11-18 17:23:43,221 - INFO - MainThread - server_logic - [DEBUG] found replica for vector: 2
2025-11-18 17:23:43,221 - INFO - MainThread - server_logic - [DEBUG] found replica for vector: 3
2025-11-18 17:23:43,221 - INFO - MainThread - server_logic - [DEBUG] found replica for vector: 4
2025-11-18 17:23:43,221 - INFO - MainThread - server_logic - [DEBUG] found replica for vector: 1
2025-11-18 17:23:43,221 - INFO - MainThread - server_logic - [DEBUG] found replica for vector: 2
2025-11-18 17:23:43,221 - INFO - MainThread - server_logic - [DEBUG] found replica for vector: 3
2025-11-18 17:23:43,221 - INFO - MainThread - server_logic - [DEBUG] to me replica for vector: 3
2025-11-18 17:23:43,221 - INFO - MainThread - server_logic - [DEBUG] found replica for vector: 1
2025-11-18 17:23:43,221 - INFO - MainThread - server_logic - [DEBUG] found replica for vector: 2
2025-11-18 17:23:43,221 - INFO - MainThread - server_logic - [DEBUG] found replica for vector: 3
2025-11-18 17:23:43,221 - INFO - MainThread - server_logic - [DEBUG] found replica for vector: 4
2025-11-18 17:23:43,222 - INFO - MainThread - server_logic - [DEBUG] found replica for vector: 1
2025-11-18 17:23:43,222 - INFO - MainThread - server_logic - [DEBUG] found replica for vector: 2
2025-11-18 17:23:43,222 - INFO - MainThread - server_logic - [DEBUG] found replica for vector: 3
2025-11-18 17:23:43,222 - INFO - MainThread - server_logic - [DEBUG] found replica for vector: 4
2025-11-18 17:23:43,222 - INFO - MainThread - server_logic - [DEBUG] found replica for vector: 1
2025-11-18 17:23:43,222 - INFO - MainThread - server_logic - [DEBUG] found replica for vector: 2
2025-11-18 17:23:43,222 - INFO - MainThread - server_logic - [DEBUG] found replica for vector: 3
2025-11-18 17:23:43,222 - INFO - MainThread - server_logic - [DEBUG] found replica for vector: 4
2025-11-18 17:23:43,222 - INFO - MainThread - server_logic - [DEBUG] found replica for vector: 1
2025-11-18 17:23:43,222 - INFO - MainThread - server_logic - [DEBUG] found replica for vector: 2
2025-11-18 17:23:43,222 - INFO - MainThread - server_logic - [DEBUG] found replica for vector: 3
2025-11-18 17:23:43,222 - INFO - MainThread - server_logic - [DEBUG] found replica for vector: 4
2025-11-18 17:23:43,222 - INFO - MainThread - server_logic - [DEBUG] found replica for vector: 1
2025-11-18 17:23:43,222 - INFO - MainThread - server_logic - [DEBUG] found replica for vector: 2
2025-11-18 17:23:43,222 - INFO - MainThread - server_logic - [DEBUG] found replica for vector: 3
2025-11-18 17:23:43,222 - INFO - MainThread - server_logic - [DEBUG] found replica for vector: 4
2025-11-18 17:23:43,222 - INFO - MainThread - server_logic - [DEBUG] found replica for vector: 1
2025-11-18 17:23:43,222 - INFO - MainThread - server_logic - [DEBUG] found replica for vector: 2
2025-11-18 17:23:43,222 - INFO - MainThread - server_logic - [DEBUG] found replica for vector: 3
2025-11-18 17:23:43,222 - INFO - MainThread - server_logic - [DEBUG] found replica for vector: 4
2025-11-18 17:23:43,222 - INFO - MainThread - server_logic - [DEBUG] found replica for vector: 1
2025-11-18 17:23:43,222 - INFO - MainThread - server_logic - [DEBUG] found replica for vector: 2
2025-11-18 17:23:43,222 - INFO - MainThread - server_logic - [DEBUG] found replica for vector: 3
2025-11-18 17:23:43,222 - INFO - MainThread - server_logic - [DEBUG] found replica for vector: 4
2025-11-18 17:23:43,222 - INFO - MainThread - server_logic - [DEBUG] found replica for vector: 1
2025-11-18 17:23:43,222 - INFO - MainThread - server_logic - [DEBUG] found replica for vector: 2
2025-11-18 17:23:43,222 - INFO - MainThread - server_logic - [DEBUG] found replica for vector: 3
2025-11-18 17:23:43,222 - INFO - MainThread - server_logic - [DEBUG] to me replica for vector: 3
2025-11-18 17:23:43,222 - INFO - MainThread - server_logic - [DEBUG] found replica for vector: 1
2025-11-18 17:23:43,222 - INFO - MainThread - server_logic - [DEBUG] found replica for vector: 2
2025-11-18 17:23:43,222 - INFO - MainThread - server_logic - [DEBUG] found replica for vector: 3
2025-11-18 17:23:43,222 - INFO - MainThread - server_logic - [DEBUG] found replica for vector: 4
2025-11-18 17:23:43,222 - INFO - MainThread - server_logic - [DEBUG] found replica for vector: 1
2025-11-18 17:23:43,222 - INFO - MainThread - server_logic - [DEBUG] found replica for vector: 2
2025-11-18 17:23:43,222 - INFO - MainThread - server_logic - [DEBUG] found replica for vector: 3
2025-11-18 17:23:43,222 - INFO - MainThread - server_logic - [DEBUG] found replica for vector: 4
2025-11-18 17:23:43,222 - INFO - MainThread - server_logic - [DEBUG] found replica for vector: 1
2025-11-18 17:23:43,222 - INFO - MainThread - server_logic - [DEBUG] found replica for vector: 2
2025-11-18 17:23:43,222 - INFO - MainThread - server_logic - [DEBUG] found replica for vector: 3
2025-11-18 17:23:43,222 - INFO - MainThread - server_logic - [DEBUG] found replica for vector: 4
2025-11-18 17:23:43,222 - INFO - MainThread - server_logic - [DEBUG] found replica for vector: 1
2025-11-18 17:23:43,222 - INFO - MainThread - server_logic - [DEBUG] found replica for vector: 2
2025-11-18 17:23:43,222 - INFO - MainThread - server_logic - [DEBUG] found replica for vector: 3
2025-11-18 17:23:43,222 - INFO - MainThread - server_logic - [DEBUG] found replica for vector: 4
2025-11-18 17:23:43,222 - INFO - MainThread - server_logic - [DEBUG] found replica for vector: 1
2025-11-18 17:23:43,222 - INFO - MainThread - server_logic - [DEBUG] found replica for vector: 2
2025-11-18 17:23:43,222 - INFO - MainThread - server_logic - [DEBUG] found replica for vector: 3
2025-11-18 17:23:43,222 - INFO - MainThread - server_logic - [DEBUG] found replica for vector: 4
2025-11-18 17:23:43,222 - INFO - MainThread - server_logic - [DEBUG] found replica for vector: 1
2025-11-18 17:23:43,222 - INFO - MainThread - server_logic - [DEBUG] found replica for vector: 2
2025-11-18 17:23:43,222 - INFO - MainThread - server_logic - [DEBUG] found replica for vector: 3
2025-11-18 17:23:43,222 - INFO - MainThread - server_logic - [DEBUG] found replica for vector: 4
2025-11-18 17:23:43,222 - INFO - MainThread - server_logic - [DEBUG] found replica for vector: 1
2025-11-18 17:23:43,222 - INFO - MainThread - server_logic - [DEBUG] found replica for vector: 2
2025-11-18 17:23:43,222 - INFO - MainThread - server_logic - [DEBUG] found replica for vector: 3
2025-11-18 17:23:43,222 - INFO - MainThread - server_logic - [DEBUG] found replica for vector: 4
2025-11-18 17:23:43,222 - INFO - MainThread - server_logic - [DEBUG] found replica for vector: 1
2025-11-18 17:23:43,222 - INFO - MainThread - server_logic - [DEBUG] found replica for vector: 2
2025-11-18 17:23:43,222 - INFO - MainThread - server_logic - [DEBUG] found replica for vector: 3
2025-11-18 17:23:43,223 - INFO - MainThread - server_logic - [DEBUG] found replica for vector: 4
2025-11-18 17:23:43,223 - INFO - MainThread - server_logic - [DEBUG] found replica for vector: 1
2025-11-18 17:23:43,223 - INFO - MainThread - server_logic - [DEBUG] found replica for vector: 2
2025-11-18 17:23:43,223 - INFO - MainThread - server_logic - [DEBUG] found replica for vector: 3
2025-11-18 17:23:43,223 - INFO - MainThread - server_logic - [DEBUG] found replica for vector: 4
2025-11-18 17:23:43,223 - INFO - MainThread - server_logic - [DEBUG] found replica for vector: 1
2025-11-18 17:23:43,223 - INFO - MainThread - server_logic - [DEBUG] found replica for vector: 2
2025-11-18 17:23:43,223 - INFO - MainThread - server_logic - [DEBUG] found replica for vector: 3
2025-11-18 17:23:43,223 - INFO - MainThread - server_logic - [DEBUG] found replica for vector: 4
2025-11-18 17:23:43,223 - INFO - MainThread - server_logic - [DEBUG] found replica for vector: 1
2025-11-18 17:23:43,223 - INFO - MainThread - server_logic - [DEBUG] found replica for vector: 2
2025-11-18 17:23:43,223 - INFO - MainThread - server_logic - [DEBUG] found replica for vector: 3
2025-11-18 17:23:43,223 - INFO - MainThread - server_logic - [DEBUG] to me replica for vector: 3
2025-11-18 17:23:43,223 - INFO - MainThread - server_logic - [DEBUG] found replica for vector: 1
2025-11-18 17:23:43,223 - INFO - MainThread - server_logic - [DEBUG] found replica for vector: 2
2025-11-18 17:23:43,223 - INFO - MainThread - server_logic - [DEBUG] found replica for vector: 3
2025-11-18 17:23:43,223 - INFO - MainThread - server_logic - [DEBUG] found replica for vector: 4
2025-11-18 17:23:43,223 - INFO - MainThread - server_logic - [DEBUG] found replica for vector: 1
2025-11-18 17:23:43,223 - INFO - MainThread - server_logic - [DEBUG] found replica for vector: 2
2025-11-18 17:23:43,223 - INFO - MainThread - server_logic - [DEBUG] found replica for vector: 3
2025-11-18 17:23:43,223 - INFO - MainThread - server_logic - [DEBUG] found replica for vector: 4
2025-11-18 17:23:43,223 - INFO - MainThread - server_logic - [DEBUG] found replica for vector: 1
2025-11-18 17:23:43,223 - INFO - MainThread - server_logic - [DEBUG] found replica for vector: 2
2025-11-18 17:23:43,223 - INFO - MainThread - server_logic - [DEBUG] found replica for vector: 3
2025-11-18 17:23:43,223 - INFO - MainThread - server_logic - [DEBUG] found replica for vector: 4
2025-11-18 17:23:43,223 - INFO - MainThread - server_logic - [DEBUG] found replica for vector: 1
2025-11-18 17:23:43,223 - INFO - MainThread - server_logic - [DEBUG] found replica for vector: 2
2025-11-18 17:23:43,223 - INFO - MainThread - server_logic - [DEBUG] found replica for vector: 3
2025-11-18 17:23:43,223 - INFO - MainThread - server_logic - [DEBUG] found replica for vector: 4
2025-11-18 17:23:43,223 - INFO - MainThread - server_logic - [DEBUG] found replica for vector: 1
2025-11-18 17:23:43,223 - INFO - MainThread - server_logic - [DEBUG] found replica for vector: 2
2025-11-18 17:23:43,223 - INFO - MainThread - server_logic - [DEBUG] found replica for vector: 3
2025-11-18 17:23:43,223 - INFO - MainThread - server_logic - [DEBUG] to me replica for vector: 3
2025-11-18 17:23:43,223 - INFO - MainThread - server_logic - [DEBUG] found replica for vector: 1
2025-11-18 17:23:43,223 - INFO - MainThread - server_logic - [DEBUG] found replica for vector: 2
2025-11-18 17:23:43,223 - INFO - MainThread - server_logic - [DEBUG] found replica for vector: 3
2025-11-18 17:23:43,223 - INFO - MainThread - server_logic - [DEBUG] found replica for vector: 4
2025-11-18 17:23:43,223 - INFO - MainThread - server_logic - [DEBUG] found replica for vector: 1
2025-11-18 17:23:43,223 - INFO - MainThread - server_logic - [DEBUG] found replica for vector: 2
2025-11-18 17:23:43,223 - INFO - MainThread - server_logic - [DEBUG] found replica for vector: 3
2025-11-18 17:23:43,223 - INFO - MainThread - server_logic - [DEBUG] to me replica for vector: 3
2025-11-18 17:23:43,223 - INFO - MainThread - server_logic - [DEBUG] found replica for vector: 1
2025-11-18 17:23:43,223 - INFO - MainThread - server_logic - [DEBUG] found replica for vector: 2
2025-11-18 17:23:43,223 - INFO - MainThread - server_logic - [DEBUG] found replica for vector: 3
2025-11-18 17:23:43,223 - INFO - MainThread - server_logic - [DEBUG] found replica for vector: 4
2025-11-18 17:23:43,223 - INFO - MainThread - server_logic - [DEBUG] found replica for vector: 1
2025-11-18 17:23:43,223 - INFO - MainThread - server_logic - [DEBUG] found replica for vector: 2
2025-11-18 17:23:43,223 - INFO - MainThread - server_logic - [DEBUG] found replica for vector: 3
2025-11-18 17:23:43,223 - INFO - MainThread - server_logic - [DEBUG] found replica for vector: 4
2025-11-18 17:23:43,223 - INFO - MainThread - server_logic - [DEBUG] found replica for vector: 1
2025-11-18 17:23:43,223 - INFO - MainThread - server_logic - [DEBUG] found replica for vector: 2
2025-11-18 17:23:43,223 - INFO - MainThread - server_logic - [DEBUG] found replica for vector: 3
2025-11-18 17:23:43,223 - INFO - MainThread - server_logic - [DEBUG] found replica for vector: 4
2025-11-18 17:23:43,223 - INFO - MainThread - server_logic - [DEBUG] found replica for vector: 1
2025-11-18 17:23:43,223 - INFO - MainThread - server_logic - [DEBUG] found replica for vector: 2
2025-11-18 17:23:43,223 - INFO - MainThread - server_logic - [DEBUG] found replica for vector: 3
2025-11-18 17:23:43,223 - INFO - MainThread - server_logic - [DEBUG] to me replica for vector: 3
2025-11-18 17:23:43,223 - INFO - MainThread - server_logic - [DEBUG] found replica for vector: 1
2025-11-18 17:23:43,224 - INFO - MainThread - server_logic - [DEBUG] found replica for vector: 2
2025-11-18 17:23:43,224 - INFO - MainThread - server_logic - [DEBUG] found replica for vector: 3
2025-11-18 17:23:43,224 - INFO - MainThread - server_logic - [DEBUG] found replica for vector: 4
2025-11-18 17:23:43,224 - INFO - MainThread - server_logic - [DEBUG] found replica for vector: 1
2025-11-18 17:23:43,224 - INFO - MainThread - server_logic - [DEBUG] found replica for vector: 2
2025-11-18 17:23:43,224 - INFO - MainThread - server_logic - [DEBUG] found replica for vector: 3
2025-11-18 17:23:43,224 - INFO - MainThread - server_logic - [DEBUG] found replica for vector: 4
2025-11-18 17:23:43,224 - INFO - MainThread - server_logic - [DEBUG] found replica for vector: 1
2025-11-18 17:23:43,224 - INFO - MainThread - server_logic - [DEBUG] found replica for vector: 2
2025-11-18 17:23:43,224 - INFO - MainThread - server_logic - [DEBUG] found replica for vector: 3
2025-11-18 17:23:43,224 - INFO - MainThread - server_logic - [DEBUG] to me replica for vector: 3
2025-11-18 17:23:43,224 - INFO - MainThread - server_logic - [DEBUG] found replica for vector: 1
2025-11-18 17:23:43,224 - INFO - MainThread - server_logic - [DEBUG] found replica for vector: 2
2025-11-18 17:23:43,224 - INFO - MainThread - server_logic - [DEBUG] found replica for vector: 3
2025-11-18 17:23:43,224 - INFO - MainThread - server_logic - [DEBUG] found replica for vector: 4
2025-11-18 17:23:43,224 - INFO - MainThread - server_logic - [DEBUG] found replica for vector: 1
2025-11-18 17:23:43,224 - INFO - MainThread - server_logic - [DEBUG] found replica for vector: 2
2025-11-18 17:23:43,224 - INFO - MainThread - server_logic - [DEBUG] found replica for vector: 3
2025-11-18 17:23:43,224 - INFO - MainThread - server_logic - [DEBUG] found replica for vector: 4
2025-11-18 17:23:43,224 - INFO - MainThread - server_logic - [DEBUG] found replica for vector: 1
2025-11-18 17:23:43,224 - INFO - MainThread - server_logic - [DEBUG] found replica for vector: 2
2025-11-18 17:23:43,224 - INFO - MainThread - server_logic - [DEBUG] found replica for vector: 3
2025-11-18 17:23:43,224 - INFO - MainThread - server_logic - [DEBUG] found replica for vector: 4
2025-11-18 17:23:43,224 - INFO - MainThread - server_logic - [DEBUG] found replica for vector: 1
2025-11-18 17:23:43,224 - INFO - MainThread - server_logic - [DEBUG] found replica for vector: 2
2025-11-18 17:23:43,224 - INFO - MainThread - server_logic - [DEBUG] found replica for vector: 3
2025-11-18 17:23:43,224 - INFO - MainThread - server_logic - [DEBUG] found replica for vector: 4
2025-11-18 17:23:43,224 - INFO - MainThread - server_logic - [DEBUG] found replica for vector: 1
2025-11-18 17:23:43,224 - INFO - MainThread - server_logic - [DEBUG] found replica for vector: 2
2025-11-18 17:23:43,224 - INFO - MainThread - server_logic - [DEBUG] found replica for vector: 3
2025-11-18 17:23:43,224 - INFO - MainThread - server_logic - [DEBUG] to me replica for vector: 3
2025-11-18 17:23:43,224 - INFO - MainThread - server_logic - [DEBUG] found replica for vector: 1
2025-11-18 17:23:43,224 - INFO - MainThread - server_logic - [DEBUG] found replica for vector: 2
2025-11-18 17:23:43,224 - INFO - MainThread - server_logic - [DEBUG] found replica for vector: 3
2025-11-18 17:23:43,224 - INFO - MainThread - server_logic - [DEBUG] to me replica for vector: 3
2025-11-18 17:23:43,224 - INFO - MainThread - server_logic - [DEBUG] found replica for vector: 1
2025-11-18 17:23:43,224 - INFO - MainThread - server_logic - [DEBUG] found replica for vector: 2
2025-11-18 17:23:43,224 - INFO - MainThread - server_logic - [DEBUG] found replica for vector: 3
2025-11-18 17:23:43,224 - INFO - MainThread - server_logic - [DEBUG] to me replica for vector: 3
2025-11-18 17:23:43,224 - INFO - MainThread - server_logic - [DEBUG] found replica for vector: 1
2025-11-18 17:23:43,224 - INFO - MainThread - server_logic - [DEBUG] found replica for vector: 2
2025-11-18 17:23:43,224 - INFO - MainThread - server_logic - [DEBUG] found replica for vector: 3
2025-11-18 17:23:43,224 - INFO - MainThread - server_logic - [DEBUG] found replica for vector: 4
2025-11-18 17:23:43,224 - INFO - MainThread - server_logic - [DEBUG] found replica for vector: 1
2025-11-18 17:23:43,224 - INFO - MainThread - server_logic - [DEBUG] found replica for vector: 2
2025-11-18 17:23:43,224 - INFO - MainThread - server_logic - [DEBUG] found replica for vector: 3
2025-11-18 17:23:43,224 - INFO - MainThread - server_logic - [DEBUG] found replica for vector: 4
2025-11-18 17:23:43,224 - INFO - MainThread - server_logic - [DEBUG] found replica for vector: 1
2025-11-18 17:23:43,224 - INFO - MainThread - server_logic - [DEBUG] found replica for vector: 2
2025-11-18 17:23:43,224 - INFO - MainThread - server_logic - [DEBUG] found replica for vector: 3
2025-11-18 17:23:43,224 - INFO - MainThread - server_logic - [DEBUG] found replica for vector: 4
2025-11-18 17:23:43,224 - INFO - MainThread - server_logic - [DEBUG] found replica for vector: 1
2025-11-18 17:23:43,224 - INFO - MainThread - server_logic - [DEBUG] found replica for vector: 2
2025-11-18 17:23:43,224 - INFO - MainThread - server_logic - [DEBUG] found replica for vector: 3
2025-11-18 17:23:43,224 - INFO - MainThread - server_logic - [DEBUG] found replica for vector: 4
2025-11-18 17:23:43,224 - INFO - MainThread - server_logic - [DEBUG] found replica for vector: 1
2025-11-18 17:23:43,224 - INFO - MainThread - server_logic - [DEBUG] found replica for vector: 2
2025-11-18 17:23:43,224 - INFO - MainThread - server_logic - [DEBUG] found replica for vector: 3
2025-11-18 17:23:43,224 - INFO - MainThread - server_logic - [DEBUG] to me replica for vector: 3
2025-11-18 17:23:43,225 - INFO - MainThread - server_logic - [DEBUG] found replica for vector: 1
2025-11-18 17:23:43,225 - INFO - MainThread - server_logic - [DEBUG] found replica for vector: 2
2025-11-18 17:23:43,225 - INFO - MainThread - server_logic - [DEBUG] found replica for vector: 3
2025-11-18 17:23:43,225 - INFO - MainThread - server_logic - [DEBUG] found replica for vector: 4
2025-11-18 17:23:43,225 - INFO - MainThread - server_logic - [DEBUG] found replica for vector: 1
2025-11-18 17:23:43,225 - INFO - MainThread - server_logic - [DEBUG] found replica for vector: 2
2025-11-18 17:23:43,225 - INFO - MainThread - server_logic - [DEBUG] found replica for vector: 3
2025-11-18 17:23:43,225 - INFO - MainThread - server_logic - [DEBUG] to me replica for vector: 3
2025-11-18 17:23:43,225 - INFO - MainThread - server_logic - [DEBUG] found replica for vector: 1
2025-11-18 17:23:43,225 - INFO - MainThread - server_logic - [DEBUG] found replica for vector: 2
2025-11-18 17:23:43,225 - INFO - MainThread - server_logic - [DEBUG] found replica for vector: 3
2025-11-18 17:23:43,225 - INFO - MainThread - server_logic - [DEBUG] found replica for vector: 4
2025-11-18 17:23:43,225 - INFO - MainThread - server_logic - [DEBUG] found replica for vector: 1
2025-11-18 17:23:43,225 - INFO - MainThread - server_logic - [DEBUG] found replica for vector: 2
2025-11-18 17:23:43,225 - INFO - MainThread - server_logic - [DEBUG] found replica for vector: 3
2025-11-18 17:23:43,225 - INFO - MainThread - server_logic - [DEBUG] found replica for vector: 4
2025-11-18 17:23:43,225 - INFO - MainThread - server_logic - [DEBUG] found replica for vector: 1
2025-11-18 17:23:43,225 - INFO - MainThread - server_logic - [DEBUG] found replica for vector: 2
2025-11-18 17:23:43,225 - INFO - MainThread - server_logic - [DEBUG] found replica for vector: 3
2025-11-18 17:23:43,225 - INFO - MainThread - server_logic - [DEBUG] found replica for vector: 4
2025-11-18 17:23:43,225 - INFO - MainThread - server_logic - [DEBUG] found replica for vector: 1
2025-11-18 17:23:43,225 - INFO - MainThread - server_logic - [DEBUG] found replica for vector: 2
2025-11-18 17:23:43,225 - INFO - MainThread - server_logic - [DEBUG] found replica for vector: 3
2025-11-18 17:23:43,225 - INFO - MainThread - server_logic - [DEBUG] found replica for vector: 4
2025-11-18 17:23:43,225 - INFO - MainThread - server_logic - [DEBUG] found replica for vector: 1
2025-11-18 17:23:43,225 - INFO - MainThread - server_logic - [DEBUG] found replica for vector: 2
2025-11-18 17:23:43,225 - INFO - MainThread - server_logic - [DEBUG] found replica for vector: 3
2025-11-18 17:23:43,225 - INFO - MainThread - server_logic - [DEBUG] found replica for vector: 4
2025-11-18 17:23:43,225 - INFO - MainThread - server_logic - [DEBUG] found replica for vector: 1
2025-11-18 17:23:43,225 - INFO - MainThread - server_logic - [DEBUG] found replica for vector: 2
2025-11-18 17:23:43,225 - INFO - MainThread - server_logic - [DEBUG] found replica for vector: 3
2025-11-18 17:23:43,225 - INFO - MainThread - server_logic - [DEBUG] found replica for vector: 4
2025-11-18 17:23:43,225 - INFO - MainThread - server_logic - [DEBUG] found replica for vector: 1
2025-11-18 17:23:43,225 - INFO - MainThread - server_logic - [DEBUG] found replica for vector: 2
2025-11-18 17:23:43,225 - INFO - MainThread - server_logic - [DEBUG] found replica for vector: 3
2025-11-18 17:23:43,225 - INFO - MainThread - server_logic - [DEBUG] found replica for vector: 4
2025-11-18 17:23:43,225 - INFO - MainThread - server_logic - [DEBUG] found replica for vector: 1
2025-11-18 17:23:43,225 - INFO - MainThread - server_logic - [DEBUG] found replica for vector: 2
2025-11-18 17:23:43,225 - INFO - MainThread - server_logic - [DEBUG] found replica for vector: 3
2025-11-18 17:23:43,225 - INFO - MainThread - server_logic - [DEBUG] found replica for vector: 4
2025-11-18 17:23:43,225 - INFO - MainThread - server_logic - [DEBUG] found replica for vector: 1
2025-11-18 17:23:43,225 - INFO - MainThread - server_logic - [DEBUG] found replica for vector: 2
2025-11-18 17:23:43,225 - INFO - MainThread - server_logic - [DEBUG] found replica for vector: 3
2025-11-18 17:23:43,225 - INFO - MainThread - server_logic - [DEBUG] found replica for vector: 4
2025-11-18 17:23:43,225 - INFO - MainThread - server_logic - [DEBUG] found replica for vector: 1
2025-11-18 17:23:43,225 - INFO - MainThread - server_logic - [DEBUG] found replica for vector: 2
2025-11-18 17:23:43,225 - INFO - MainThread - server_logic - [DEBUG] found replica for vector: 3
2025-11-18 17:23:43,225 - INFO - MainThread - server_logic - [DEBUG] found replica for vector: 4
2025-11-18 17:23:43,225 - INFO - MainThread - server_logic - [Router] Distribution: Peer node1: 77, Peer node2: 54, Peer node3: 54, Peer node4: 54, Peer node5: 54, Peer node6: 54, Peer node7: 54, Peer node8: 54, Peer node10: 71, Peer node11: 71, Peer node12: 71, Peer node13: 71, Peer node14: 77, Peer node15: 77, Peer node16: 77, Me (node9): 54
2025-11-18 17:23:43,225 - INFO - MainThread - server_logic - --> [Peer Send] Sending 77 vectors to Peer node1 (localhost:9001) | Status: clustered
2025-11-18 17:23:43,299 - INFO - MainThread - server_logic - --> [Peer Send] Success: Sent vectors to node1
2025-11-18 17:23:43,299 - INFO - MainThread - server_logic - --> [Peer Send] Sending 54 vectors to Peer node2 (localhost:9002) | Status: clustered
2025-11-18 17:23:43,367 - INFO - MainThread - server_logic - --> [Peer Send] Success: Sent vectors to node2
2025-11-18 17:23:43,367 - INFO - MainThread - server_logic - --> [Peer Send] Sending 54 vectors to Peer node3 (localhost:9003) | Status: clustered
2025-11-18 17:23:43,432 - INFO - MainThread - server_logic - --> [Peer Send] Success: Sent vectors to node3
2025-11-18 17:23:43,432 - INFO - MainThread - server_logic - --> [Peer Send] Sending 54 vectors to Peer node4 (localhost:9004) | Status: clustered
2025-11-18 17:23:43,500 - INFO - MainThread - server_logic - --> [Peer Send] Success: Sent vectors to node4
2025-11-18 17:23:43,500 - INFO - MainThread - server_logic - --> [Peer Send] Sending 54 vectors to Peer node5 (localhost:9005) | Status: clustered
2025-11-18 17:23:43,567 - INFO - MainThread - server_logic - --> [Peer Send] Success: Sent vectors to node5
2025-11-18 17:23:43,567 - INFO - MainThread - server_logic - --> [Peer Send] Sending 54 vectors to Peer node6 (localhost:9006) | Status: clustered
2025-11-18 17:23:43,634 - INFO - MainThread - server_logic - --> [Peer Send] Success: Sent vectors to node6
2025-11-18 17:23:43,634 - INFO - MainThread - server_logic - --> [Peer Send] Sending 54 vectors to Peer node7 (localhost:9007) | Status: clustered
2025-11-18 17:23:43,698 - INFO - MainThread - server_logic - --> [Peer Send] Success: Sent vectors to node7
2025-11-18 17:23:43,698 - INFO - MainThread - server_logic - --> [Peer Send] Sending 54 vectors to Peer node8 (localhost:9008) | Status: clustered
2025-11-18 17:23:43,764 - INFO - MainThread - server_logic - --> [Peer Send] Success: Sent vectors to node8
2025-11-18 17:23:43,764 - INFO - MainThread - server_logic - --> [Peer Send] Sending 71 vectors to Peer node10 (localhost:9010) | Status: clustered
2025-11-18 17:23:43,896 - INFO - MainThread - server_logic - --> [Peer Send] Success: Sent vectors to node10
2025-11-18 17:23:43,896 - INFO - MainThread - server_logic - --> [Peer Send] Sending 71 vectors to Peer node11 (localhost:9011) | Status: clustered
2025-11-18 17:23:44,030 - INFO - MainThread - server_logic - --> [Peer Send] Success: Sent vectors to node11
2025-11-18 17:23:44,030 - INFO - MainThread - server_logic - --> [Peer Send] Sending 71 vectors to Peer node12 (localhost:9012) | Status: clustered
2025-11-18 17:23:44,209 - INFO - MainThread - server_logic - --> [Peer Send] Success: Sent vectors to node12
2025-11-18 17:23:44,209 - INFO - MainThread - server_logic - --> [Peer Send] Sending 71 vectors to Peer node13 (localhost:9013) | Status: clustered
2025-11-18 17:23:44,351 - INFO - MainThread - server_logic - --> [Peer Send] Success: Sent vectors to node13
2025-11-18 17:23:44,351 - INFO - MainThread - server_logic - --> [Peer Send] Sending 77 vectors to Peer node14 (localhost:9014) | Status: clustered
2025-11-18 17:23:44,421 - INFO - MainThread - server_logic - --> [Peer Send] Success: Sent vectors to node14
2025-11-18 17:23:44,421 - INFO - MainThread - server_logic - --> [Peer Send] Sending 77 vectors to Peer node15 (localhost:9015) | Status: clustered
2025-11-18 17:23:44,494 - INFO - MainThread - server_logic - --> [Peer Send] Success: Sent vectors to node15
2025-11-18 17:23:44,494 - INFO - MainThread - server_logic - --> [Peer Send] Sending 77 vectors to Peer node16 (localhost:9016) | Status: clustered
2025-11-18 17:23:44,566 - INFO - MainThread - server_logic - --> [Peer Send] Success: Sent vectors to node16
2025-11-18 17:23:44,566 - INFO - MainThread - server_logic - [Add Vectors] Processing 54 vectors. Sender Status: clustered. Current Node Status: clustered
2025-11-18 17:23:44,566 - INFO - MainThread - server_logic - [Add Vectors] Direct Insert: Storing 54 vectors in local Qdrant (Sender is clustered).
2025-11-18 17:23:44,620 - INFO - MainThread - httpx - HTTP Request: GET http://localhost:6349 "HTTP/1.1 200 OK"
2025-11-18 17:23:44,620 - INFO - MainThread - qdrant_module - [Qdrant] Attempting to insert 54 vectors into vectors on http://localhost:6349...
2025-11-18 17:23:44,630 - INFO - MainThread - qdrant_module - [Qdrant] Success: Inserted 54 vectors.
2025-11-18 17:23:44,631 - INFO - MainThread - __main__ - API: /add completed
2025-11-18 17:23:44,632 - INFO - MainThread - uvicorn.access - 127.0.0.1:52556 - "POST /add HTTP/1.1" 200
2025-11-18 17:23:45,274 - INFO - ThreadPoolExecutor-0_0 - grpc_handler - [GRPC IN] ReceiveVectors called. ReqID: 106, Type: clustered, Count: 58
2025-11-18 17:23:45,275 - INFO - ThreadPoolExecutor-0_0 - server_logic - [Add Vectors] Processing 58 vectors. Sender Status: clustered. Current Node Status: clustered
2025-11-18 17:23:45,275 - INFO - ThreadPoolExecutor-0_0 - server_logic - [Add Vectors] Direct Insert: Storing 58 vectors in local Qdrant (Sender is clustered).
2025-11-18 17:23:45,328 - INFO - ThreadPoolExecutor-0_0 - httpx - HTTP Request: GET http://localhost:6349 "HTTP/1.1 200 OK"
2025-11-18 17:23:45,328 - INFO - ThreadPoolExecutor-0_0 - qdrant_module - [Qdrant] Attempting to insert 58 vectors into vectors on http://localhost:6349...
2025-11-18 17:23:45,340 - INFO - ThreadPoolExecutor-0_0 - qdrant_module - [Qdrant] Success: Inserted 58 vectors.
2025-11-18 17:23:45,341 - INFO - ThreadPoolExecutor-0_0 - grpc_handler - [GRPC IN] ReceiveVectors processed successfully.
2025-11-18 17:23:46,475 - INFO - ThreadPoolExecutor-0_1 - grpc_handler - [GRPC IN] ReceiveVectors called. ReqID: 107, Type: clustered, Count: 47
2025-11-18 17:23:46,475 - INFO - ThreadPoolExecutor-0_1 - server_logic - [Add Vectors] Processing 47 vectors. Sender Status: clustered. Current Node Status: clustered
2025-11-18 17:23:46,475 - INFO - ThreadPoolExecutor-0_1 - server_logic - [Add Vectors] Direct Insert: Storing 47 vectors in local Qdrant (Sender is clustered).
2025-11-18 17:23:46,528 - INFO - ThreadPoolExecutor-0_1 - httpx - HTTP Request: GET http://localhost:6349 "HTTP/1.1 200 OK"
2025-11-18 17:23:46,528 - INFO - ThreadPoolExecutor-0_1 - qdrant_module - [Qdrant] Attempting to insert 47 vectors into vectors on http://localhost:6349...
2025-11-18 17:23:46,535 - INFO - ThreadPoolExecutor-0_1 - qdrant_module - [Qdrant] Success: Inserted 47 vectors.
2025-11-18 17:23:46,537 - INFO - ThreadPoolExecutor-0_1 - grpc_handler - [GRPC IN] ReceiveVectors processed successfully.
2025-11-18 17:23:47,683 - INFO - ThreadPoolExecutor-0_0 - grpc_handler - [GRPC IN] ReceiveVectors called. ReqID: 108, Type: clustered, Count: 44
2025-11-18 17:23:47,683 - INFO - ThreadPoolExecutor-0_0 - server_logic - [Add Vectors] Processing 44 vectors. Sender Status: clustered. Current Node Status: clustered
2025-11-18 17:23:47,683 - INFO - ThreadPoolExecutor-0_0 - server_logic - [Add Vectors] Direct Insert: Storing 44 vectors in local Qdrant (Sender is clustered).
2025-11-18 17:23:47,736 - INFO - ThreadPoolExecutor-0_0 - httpx - HTTP Request: GET http://localhost:6349 "HTTP/1.1 200 OK"
2025-11-18 17:23:47,736 - INFO - ThreadPoolExecutor-0_0 - qdrant_module - [Qdrant] Attempting to insert 44 vectors into vectors on http://localhost:6349...
2025-11-18 17:23:47,746 - INFO - ThreadPoolExecutor-0_0 - qdrant_module - [Qdrant] Success: Inserted 44 vectors.
2025-11-18 17:23:47,748 - INFO - ThreadPoolExecutor-0_0 - grpc_handler - [GRPC IN] ReceiveVectors processed successfully.
2025-11-18 17:23:48,893 - INFO - ThreadPoolExecutor-0_1 - grpc_handler - [GRPC IN] ReceiveVectors called. ReqID: 109, Type: clustered, Count: 60
2025-11-18 17:23:48,894 - INFO - ThreadPoolExecutor-0_1 - server_logic - [Add Vectors] Processing 60 vectors. Sender Status: clustered. Current Node Status: clustered
2025-11-18 17:23:48,894 - INFO - ThreadPoolExecutor-0_1 - server_logic - [Add Vectors] Direct Insert: Storing 60 vectors in local Qdrant (Sender is clustered).
2025-11-18 17:23:48,946 - INFO - ThreadPoolExecutor-0_1 - httpx - HTTP Request: GET http://localhost:6349 "HTTP/1.1 200 OK"
2025-11-18 17:23:48,947 - INFO - ThreadPoolExecutor-0_1 - qdrant_module - [Qdrant] Attempting to insert 60 vectors into vectors on http://localhost:6349...
2025-11-18 17:23:48,957 - INFO - ThreadPoolExecutor-0_1 - qdrant_module - [Qdrant] Success: Inserted 60 vectors.
2025-11-18 17:23:48,958 - INFO - ThreadPoolExecutor-0_1 - grpc_handler - [GRPC IN] ReceiveVectors processed successfully.
2025-11-18 17:23:50,103 - INFO - ThreadPoolExecutor-0_0 - grpc_handler - [GRPC IN] ReceiveVectors called. ReqID: 110, Type: clustered, Count: 54
2025-11-18 17:23:50,104 - INFO - ThreadPoolExecutor-0_0 - server_logic - [Add Vectors] Processing 54 vectors. Sender Status: clustered. Current Node Status: clustered
2025-11-18 17:23:50,104 - INFO - ThreadPoolExecutor-0_0 - server_logic - [Add Vectors] Direct Insert: Storing 54 vectors in local Qdrant (Sender is clustered).
2025-11-18 17:23:50,156 - INFO - ThreadPoolExecutor-0_0 - httpx - HTTP Request: GET http://localhost:6349 "HTTP/1.1 200 OK"
2025-11-18 17:23:50,157 - INFO - ThreadPoolExecutor-0_0 - qdrant_module - [Qdrant] Attempting to insert 54 vectors into vectors on http://localhost:6349...
2025-11-18 17:23:50,167 - INFO - ThreadPoolExecutor-0_0 - qdrant_module - [Qdrant] Success: Inserted 54 vectors.
2025-11-18 17:23:50,168 - INFO - ThreadPoolExecutor-0_0 - grpc_handler - [GRPC IN] ReceiveVectors processed successfully.
2025-11-18 17:23:51,309 - INFO - ThreadPoolExecutor-0_1 - grpc_handler - [GRPC IN] ReceiveVectors called. ReqID: 111, Type: clustered, Count: 47
2025-11-18 17:23:51,310 - INFO - ThreadPoolExecutor-0_1 - server_logic - [Add Vectors] Processing 47 vectors. Sender Status: clustered. Current Node Status: clustered
2025-11-18 17:23:51,310 - INFO - ThreadPoolExecutor-0_1 - server_logic - [Add Vectors] Direct Insert: Storing 47 vectors in local Qdrant (Sender is clustered).
2025-11-18 17:23:51,362 - INFO - ThreadPoolExecutor-0_1 - httpx - HTTP Request: GET http://localhost:6349 "HTTP/1.1 200 OK"
2025-11-18 17:23:51,362 - INFO - ThreadPoolExecutor-0_1 - qdrant_module - [Qdrant] Attempting to insert 47 vectors into vectors on http://localhost:6349...
2025-11-18 17:23:51,372 - INFO - ThreadPoolExecutor-0_1 - qdrant_module - [Qdrant] Success: Inserted 47 vectors.
2025-11-18 17:23:51,373 - INFO - ThreadPoolExecutor-0_1 - grpc_handler - [GRPC IN] ReceiveVectors processed successfully.
2025-11-18 17:23:52,538 - INFO - ThreadPoolExecutor-0_0 - grpc_handler - [GRPC IN] ReceiveVectors called. ReqID: 112, Type: clustered, Count: 56
2025-11-18 17:23:52,538 - INFO - ThreadPoolExecutor-0_0 - server_logic - [Add Vectors] Processing 56 vectors. Sender Status: clustered. Current Node Status: clustered
2025-11-18 17:23:52,538 - INFO - ThreadPoolExecutor-0_0 - server_logic - [Add Vectors] Direct Insert: Storing 56 vectors in local Qdrant (Sender is clustered).
2025-11-18 17:23:52,591 - INFO - ThreadPoolExecutor-0_0 - httpx - HTTP Request: GET http://localhost:6349 "HTTP/1.1 200 OK"
2025-11-18 17:23:52,592 - INFO - ThreadPoolExecutor-0_0 - qdrant_module - [Qdrant] Attempting to insert 56 vectors into vectors on http://localhost:6349...
2025-11-18 17:23:52,602 - INFO - ThreadPoolExecutor-0_0 - qdrant_module - [Qdrant] Success: Inserted 56 vectors.
2025-11-18 17:23:52,603 - INFO - ThreadPoolExecutor-0_0 - grpc_handler - [GRPC IN] ReceiveVectors processed successfully.
2025-11-18 17:23:53,697 - INFO - ThreadPoolExecutor-0_1 - grpc_handler - [GRPC IN] ReceiveVectors called. ReqID: 113, Type: clustered, Count: 43
2025-11-18 17:23:53,697 - INFO - ThreadPoolExecutor-0_1 - server_logic - [Add Vectors] Processing 43 vectors. Sender Status: clustered. Current Node Status: clustered
2025-11-18 17:23:53,697 - INFO - ThreadPoolExecutor-0_1 - server_logic - [Add Vectors] Direct Insert: Storing 43 vectors in local Qdrant (Sender is clustered).
2025-11-18 17:23:53,750 - INFO - ThreadPoolExecutor-0_1 - httpx - HTTP Request: GET http://localhost:6349 "HTTP/1.1 200 OK"
2025-11-18 17:23:53,751 - INFO - ThreadPoolExecutor-0_1 - qdrant_module - [Qdrant] Attempting to insert 43 vectors into vectors on http://localhost:6349...
2025-11-18 17:23:53,757 - INFO - ThreadPoolExecutor-0_1 - qdrant_module - [Qdrant] Success: Inserted 43 vectors.
2025-11-18 17:23:53,758 - INFO - ThreadPoolExecutor-0_1 - grpc_handler - [GRPC IN] ReceiveVectors processed successfully.
2025-11-18 17:23:54,882 - INFO - ThreadPoolExecutor-0_0 - grpc_handler - [GRPC IN] ReceiveVectors called. ReqID: 114, Type: clustered, Count: 52
2025-11-18 17:23:54,883 - INFO - ThreadPoolExecutor-0_0 - server_logic - [Add Vectors] Processing 52 vectors. Sender Status: clustered. Current Node Status: clustered
2025-11-18 17:23:54,883 - INFO - ThreadPoolExecutor-0_0 - server_logic - [Add Vectors] Direct Insert: Storing 52 vectors in local Qdrant (Sender is clustered).
2025-11-18 17:23:54,935 - INFO - ThreadPoolExecutor-0_0 - httpx - HTTP Request: GET http://localhost:6349 "HTTP/1.1 200 OK"
2025-11-18 17:23:54,936 - INFO - ThreadPoolExecutor-0_0 - qdrant_module - [Qdrant] Attempting to insert 52 vectors into vectors on http://localhost:6349...
2025-11-18 17:23:54,946 - INFO - ThreadPoolExecutor-0_0 - qdrant_module - [Qdrant] Success: Inserted 52 vectors.
2025-11-18 17:23:54,947 - INFO - ThreadPoolExecutor-0_0 - grpc_handler - [GRPC IN] ReceiveVectors processed successfully.
2025-11-18 17:23:56,108 - INFO - ThreadPoolExecutor-0_1 - grpc_handler - [GRPC IN] ReceiveVectors called. ReqID: 115, Type: clustered, Count: 51
2025-11-18 17:23:56,109 - INFO - ThreadPoolExecutor-0_1 - server_logic - [Add Vectors] Processing 51 vectors. Sender Status: clustered. Current Node Status: clustered
2025-11-18 17:23:56,109 - INFO - ThreadPoolExecutor-0_1 - server_logic - [Add Vectors] Direct Insert: Storing 51 vectors in local Qdrant (Sender is clustered).
2025-11-18 17:23:56,161 - INFO - ThreadPoolExecutor-0_1 - httpx - HTTP Request: GET http://localhost:6349 "HTTP/1.1 200 OK"
2025-11-18 17:23:56,161 - INFO - ThreadPoolExecutor-0_1 - qdrant_module - [Qdrant] Attempting to insert 51 vectors into vectors on http://localhost:6349...
2025-11-18 17:23:56,172 - INFO - ThreadPoolExecutor-0_1 - qdrant_module - [Qdrant] Success: Inserted 51 vectors.
2025-11-18 17:23:56,173 - INFO - ThreadPoolExecutor-0_1 - grpc_handler - [GRPC IN] ReceiveVectors processed successfully.
2025-11-18 17:23:57,300 - INFO - ThreadPoolExecutor-0_0 - grpc_handler - [GRPC IN] ReceiveVectors called. ReqID: 116, Type: clustered, Count: 61
2025-11-18 17:23:57,301 - INFO - ThreadPoolExecutor-0_0 - server_logic - [Add Vectors] Processing 61 vectors. Sender Status: clustered. Current Node Status: clustered
2025-11-18 17:23:57,301 - INFO - ThreadPoolExecutor-0_0 - server_logic - [Add Vectors] Direct Insert: Storing 61 vectors in local Qdrant (Sender is clustered).
2025-11-18 17:23:57,356 - INFO - ThreadPoolExecutor-0_0 - httpx - HTTP Request: GET http://localhost:6349 "HTTP/1.1 200 OK"
2025-11-18 17:23:57,356 - INFO - ThreadPoolExecutor-0_0 - qdrant_module - [Qdrant] Attempting to insert 61 vectors into vectors on http://localhost:6349...
2025-11-18 17:23:57,367 - INFO - ThreadPoolExecutor-0_0 - qdrant_module - [Qdrant] Success: Inserted 61 vectors.
2025-11-18 17:23:57,368 - INFO - ThreadPoolExecutor-0_0 - grpc_handler - [GRPC IN] ReceiveVectors processed successfully.
2025-11-18 17:23:58,659 - INFO - ThreadPoolExecutor-0_1 - grpc_handler - [GRPC IN] ReceiveVectors called. ReqID: 117, Type: clustered, Count: 50
2025-11-18 17:23:58,659 - INFO - ThreadPoolExecutor-0_1 - server_logic - [Add Vectors] Processing 50 vectors. Sender Status: clustered. Current Node Status: clustered
2025-11-18 17:23:58,659 - INFO - ThreadPoolExecutor-0_1 - server_logic - [Add Vectors] Direct Insert: Storing 50 vectors in local Qdrant (Sender is clustered).
2025-11-18 17:23:58,715 - INFO - ThreadPoolExecutor-0_1 - httpx - HTTP Request: GET http://localhost:6349 "HTTP/1.1 200 OK"
2025-11-18 17:23:58,715 - INFO - ThreadPoolExecutor-0_1 - qdrant_module - [Qdrant] Attempting to insert 50 vectors into vectors on http://localhost:6349...
2025-11-18 17:23:58,735 - INFO - ThreadPoolExecutor-0_1 - qdrant_module - [Qdrant] Success: Inserted 50 vectors.
2025-11-18 17:23:58,736 - INFO - ThreadPoolExecutor-0_1 - grpc_handler - [GRPC IN] ReceiveVectors processed successfully.
2025-11-18 17:23:59,895 - INFO - ThreadPoolExecutor-0_0 - grpc_handler - [GRPC IN] ReceiveVectors called. ReqID: 118, Type: clustered, Count: 41
2025-11-18 17:23:59,895 - INFO - ThreadPoolExecutor-0_0 - server_logic - [Add Vectors] Processing 41 vectors. Sender Status: clustered. Current Node Status: clustered
2025-11-18 17:23:59,895 - INFO - ThreadPoolExecutor-0_0 - server_logic - [Add Vectors] Direct Insert: Storing 41 vectors in local Qdrant (Sender is clustered).
2025-11-18 17:23:59,948 - INFO - ThreadPoolExecutor-0_0 - httpx - HTTP Request: GET http://localhost:6349 "HTTP/1.1 200 OK"
2025-11-18 17:23:59,949 - INFO - ThreadPoolExecutor-0_0 - qdrant_module - [Qdrant] Attempting to insert 41 vectors into vectors on http://localhost:6349...
2025-11-18 17:23:59,959 - INFO - ThreadPoolExecutor-0_0 - qdrant_module - [Qdrant] Success: Inserted 41 vectors.
2025-11-18 17:23:59,960 - INFO - ThreadPoolExecutor-0_0 - grpc_handler - [GRPC IN] ReceiveVectors processed successfully.
2025-11-18 17:24:01,090 - INFO - ThreadPoolExecutor-0_1 - grpc_handler - [GRPC IN] ReceiveVectors called. ReqID: 119, Type: clustered, Count: 59
2025-11-18 17:24:01,091 - INFO - ThreadPoolExecutor-0_1 - server_logic - [Add Vectors] Processing 59 vectors. Sender Status: clustered. Current Node Status: clustered
2025-11-18 17:24:01,091 - INFO - ThreadPoolExecutor-0_1 - server_logic - [Add Vectors] Direct Insert: Storing 59 vectors in local Qdrant (Sender is clustered).
2025-11-18 17:24:01,143 - INFO - ThreadPoolExecutor-0_1 - httpx - HTTP Request: GET http://localhost:6349 "HTTP/1.1 200 OK"
2025-11-18 17:24:01,144 - INFO - ThreadPoolExecutor-0_1 - qdrant_module - [Qdrant] Attempting to insert 59 vectors into vectors on http://localhost:6349...
2025-11-18 17:24:01,155 - INFO - ThreadPoolExecutor-0_1 - qdrant_module - [Qdrant] Success: Inserted 59 vectors.
2025-11-18 17:24:01,157 - INFO - ThreadPoolExecutor-0_1 - grpc_handler - [GRPC IN] ReceiveVectors processed successfully.
2025-11-18 17:24:02,374 - INFO - ThreadPoolExecutor-0_0 - grpc_handler - [GRPC IN] ReceiveVectors called. ReqID: 120, Type: clustered, Count: 43
2025-11-18 17:24:02,375 - INFO - ThreadPoolExecutor-0_0 - server_logic - [Add Vectors] Processing 43 vectors. Sender Status: clustered. Current Node Status: clustered
2025-11-18 17:24:02,375 - INFO - ThreadPoolExecutor-0_0 - server_logic - [Add Vectors] Direct Insert: Storing 43 vectors in local Qdrant (Sender is clustered).
2025-11-18 17:24:02,427 - INFO - ThreadPoolExecutor-0_0 - httpx - HTTP Request: GET http://localhost:6349 "HTTP/1.1 200 OK"
2025-11-18 17:24:02,427 - INFO - ThreadPoolExecutor-0_0 - qdrant_module - [Qdrant] Attempting to insert 43 vectors into vectors on http://localhost:6349...
2025-11-18 17:24:02,442 - INFO - ThreadPoolExecutor-0_0 - qdrant_module - [Qdrant] Success: Inserted 43 vectors.
2025-11-18 17:24:02,443 - INFO - ThreadPoolExecutor-0_0 - grpc_handler - [GRPC IN] ReceiveVectors processed successfully.
2025-11-18 17:24:03,113 - INFO - MainThread - __main__ - API: /add called. ReqID: 121, Vectors: 256
2025-11-18 17:24:03,113 - INFO - MainThread - server_logic - [Client Request] Client wants to add 256 vectors. My Status: clustered
2025-11-18 17:24:03,114 - INFO - MainThread - server_logic - [Client Request] System Clustered. Routing vectors to appropriate peers.
2025-11-18 17:24:03,114 - INFO - MainThread - server_logic - [Router] Routing 256 vectors among 16 nodes (Replicas: 4).
2025-11-18 17:24:03,114 - INFO - MainThread - server_logic - [DEBUG] found replica for vector: 1
2025-11-18 17:24:03,114 - INFO - MainThread - server_logic - [DEBUG] found replica for vector: 2
2025-11-18 17:24:03,114 - INFO - MainThread - server_logic - [DEBUG] found replica for vector: 3
2025-11-18 17:24:03,114 - INFO - MainThread - server_logic - [DEBUG] found replica for vector: 4
2025-11-18 17:24:03,114 - INFO - MainThread - server_logic - [DEBUG] found replica for vector: 1
2025-11-18 17:24:03,114 - INFO - MainThread - server_logic - [DEBUG] found replica for vector: 2
2025-11-18 17:24:03,114 - INFO - MainThread - server_logic - [DEBUG] found replica for vector: 3
2025-11-18 17:24:03,114 - INFO - MainThread - server_logic - [DEBUG] found replica for vector: 4
2025-11-18 17:24:03,114 - INFO - MainThread - server_logic - [DEBUG] found replica for vector: 1
2025-11-18 17:24:03,114 - INFO - MainThread - server_logic - [DEBUG] found replica for vector: 2
2025-11-18 17:24:03,114 - INFO - MainThread - server_logic - [DEBUG] found replica for vector: 3
2025-11-18 17:24:03,114 - INFO - MainThread - server_logic - [DEBUG] to me replica for vector: 3
2025-11-18 17:24:03,114 - INFO - MainThread - server_logic - [DEBUG] found replica for vector: 1
2025-11-18 17:24:03,114 - INFO - MainThread - server_logic - [DEBUG] found replica for vector: 2
2025-11-18 17:24:03,114 - INFO - MainThread - server_logic - [DEBUG] found replica for vector: 3
2025-11-18 17:24:03,114 - INFO - MainThread - server_logic - [DEBUG] to me replica for vector: 3
2025-11-18 17:24:03,114 - INFO - MainThread - server_logic - [DEBUG] found replica for vector: 1
2025-11-18 17:24:03,114 - INFO - MainThread - server_logic - [DEBUG] found replica for vector: 2
2025-11-18 17:24:03,114 - INFO - MainThread - server_logic - [DEBUG] found replica for vector: 3
2025-11-18 17:24:03,114 - INFO - MainThread - server_logic - [DEBUG] found replica for vector: 4
2025-11-18 17:24:03,114 - INFO - MainThread - server_logic - [DEBUG] found replica for vector: 1
2025-11-18 17:24:03,114 - INFO - MainThread - server_logic - [DEBUG] found replica for vector: 2
2025-11-18 17:24:03,114 - INFO - MainThread - server_logic - [DEBUG] found replica for vector: 3
2025-11-18 17:24:03,114 - INFO - MainThread - server_logic - [DEBUG] found replica for vector: 4
2025-11-18 17:24:03,114 - INFO - MainThread - server_logic - [DEBUG] found replica for vector: 1
2025-11-18 17:24:03,114 - INFO - MainThread - server_logic - [DEBUG] found replica for vector: 2
2025-11-18 17:24:03,114 - INFO - MainThread - server_logic - [DEBUG] found replica for vector: 3
2025-11-18 17:24:03,114 - INFO - MainThread - server_logic - [DEBUG] found replica for vector: 4
2025-11-18 17:24:03,114 - INFO - MainThread - server_logic - [DEBUG] found replica for vector: 1
2025-11-18 17:24:03,114 - INFO - MainThread - server_logic - [DEBUG] found replica for vector: 2
2025-11-18 17:24:03,114 - INFO - MainThread - server_logic - [DEBUG] found replica for vector: 3
2025-11-18 17:24:03,114 - INFO - MainThread - server_logic - [DEBUG] found replica for vector: 4
2025-11-18 17:24:03,114 - INFO - MainThread - server_logic - [DEBUG] found replica for vector: 1
2025-11-18 17:24:03,114 - INFO - MainThread - server_logic - [DEBUG] found replica for vector: 2
2025-11-18 17:24:03,114 - INFO - MainThread - server_logic - [DEBUG] found replica for vector: 3
2025-11-18 17:24:03,114 - INFO - MainThread - server_logic - [DEBUG] found replica for vector: 4
2025-11-18 17:24:03,114 - INFO - MainThread - server_logic - [DEBUG] found replica for vector: 1
2025-11-18 17:24:03,114 - INFO - MainThread - server_logic - [DEBUG] found replica for vector: 2
2025-11-18 17:24:03,114 - INFO - MainThread - server_logic - [DEBUG] found replica for vector: 3
2025-11-18 17:24:03,114 - INFO - MainThread - server_logic - [DEBUG] found replica for vector: 4
2025-11-18 17:24:03,114 - INFO - MainThread - server_logic - [DEBUG] found replica for vector: 1
2025-11-18 17:24:03,115 - INFO - MainThread - server_logic - [DEBUG] found replica for vector: 2
2025-11-18 17:24:03,115 - INFO - MainThread - server_logic - [DEBUG] found replica for vector: 3
2025-11-18 17:24:03,115 - INFO - MainThread - server_logic - [DEBUG] found replica for vector: 4
2025-11-18 17:24:03,115 - INFO - MainThread - server_logic - [DEBUG] found replica for vector: 1
2025-11-18 17:24:03,115 - INFO - MainThread - server_logic - [DEBUG] found replica for vector: 2
2025-11-18 17:24:03,115 - INFO - MainThread - server_logic - [DEBUG] found replica for vector: 3
2025-11-18 17:24:03,115 - INFO - MainThread - server_logic - [DEBUG] to me replica for vector: 3
2025-11-18 17:24:03,115 - INFO - MainThread - server_logic - [DEBUG] found replica for vector: 1
2025-11-18 17:24:03,115 - INFO - MainThread - server_logic - [DEBUG] found replica for vector: 2
2025-11-18 17:24:03,115 - INFO - MainThread - server_logic - [DEBUG] found replica for vector: 3
2025-11-18 17:24:03,115 - INFO - MainThread - server_logic - [DEBUG] found replica for vector: 4
2025-11-18 17:24:03,115 - INFO - MainThread - server_logic - [DEBUG] found replica for vector: 1
2025-11-18 17:24:03,115 - INFO - MainThread - server_logic - [DEBUG] found replica for vector: 2
2025-11-18 17:24:03,115 - INFO - MainThread - server_logic - [DEBUG] found replica for vector: 3
2025-11-18 17:24:03,115 - INFO - MainThread - server_logic - [DEBUG] found replica for vector: 4
2025-11-18 17:24:03,115 - INFO - MainThread - server_logic - [DEBUG] found replica for vector: 1
2025-11-18 17:24:03,115 - INFO - MainThread - server_logic - [DEBUG] found replica for vector: 2
2025-11-18 17:24:03,115 - INFO - MainThread - server_logic - [DEBUG] found replica for vector: 3
2025-11-18 17:24:03,115 - INFO - MainThread - server_logic - [DEBUG] found replica for vector: 4
2025-11-18 17:24:03,115 - INFO - MainThread - server_logic - [DEBUG] found replica for vector: 1
2025-11-18 17:24:03,115 - INFO - MainThread - server_logic - [DEBUG] found replica for vector: 2
2025-11-18 17:24:03,115 - INFO - MainThread - server_logic - [DEBUG] found replica for vector: 3
2025-11-18 17:24:03,115 - INFO - MainThread - server_logic - [DEBUG] found replica for vector: 4
2025-11-18 17:24:03,115 - INFO - MainThread - server_logic - [DEBUG] found replica for vector: 1
2025-11-18 17:24:03,115 - INFO - MainThread - server_logic - [DEBUG] found replica for vector: 2
2025-11-18 17:24:03,115 - INFO - MainThread - server_logic - [DEBUG] found replica for vector: 3
2025-11-18 17:24:03,115 - INFO - MainThread - server_logic - [DEBUG] found replica for vector: 4
2025-11-18 17:24:03,115 - INFO - MainThread - server_logic - [DEBUG] found replica for vector: 1
2025-11-18 17:24:03,115 - INFO - MainThread - server_logic - [DEBUG] found replica for vector: 2
2025-11-18 17:24:03,115 - INFO - MainThread - server_logic - [DEBUG] found replica for vector: 3
2025-11-18 17:24:03,115 - INFO - MainThread - server_logic - [DEBUG] found replica for vector: 4
2025-11-18 17:24:03,115 - INFO - MainThread - server_logic - [DEBUG] found replica for vector: 1
2025-11-18 17:24:03,115 - INFO - MainThread - server_logic - [DEBUG] found replica for vector: 2
2025-11-18 17:24:03,115 - INFO - MainThread - server_logic - [DEBUG] found replica for vector: 3
2025-11-18 17:24:03,115 - INFO - MainThread - server_logic - [DEBUG] found replica for vector: 4
2025-11-18 17:24:03,115 - INFO - MainThread - server_logic - [DEBUG] found replica for vector: 1
2025-11-18 17:24:03,115 - INFO - MainThread - server_logic - [DEBUG] found replica for vector: 2
2025-11-18 17:24:03,115 - INFO - MainThread - server_logic - [DEBUG] found replica for vector: 3
2025-11-18 17:24:03,115 - INFO - MainThread - server_logic - [DEBUG] found replica for vector: 4
2025-11-18 17:24:03,115 - INFO - MainThread - server_logic - [DEBUG] found replica for vector: 1
2025-11-18 17:24:03,115 - INFO - MainThread - server_logic - [DEBUG] found replica for vector: 2
2025-11-18 17:24:03,115 - INFO - MainThread - server_logic - [DEBUG] found replica for vector: 3
2025-11-18 17:24:03,115 - INFO - MainThread - server_logic - [DEBUG] found replica for vector: 4
2025-11-18 17:24:03,115 - INFO - MainThread - server_logic - [DEBUG] found replica for vector: 1
2025-11-18 17:24:03,115 - INFO - MainThread - server_logic - [DEBUG] found replica for vector: 2
2025-11-18 17:24:03,115 - INFO - MainThread - server_logic - [DEBUG] found replica for vector: 3
2025-11-18 17:24:03,115 - INFO - MainThread - server_logic - [DEBUG] found replica for vector: 4
2025-11-18 17:24:03,115 - INFO - MainThread - server_logic - [DEBUG] found replica for vector: 1
2025-11-18 17:24:03,115 - INFO - MainThread - server_logic - [DEBUG] found replica for vector: 2
2025-11-18 17:24:03,115 - INFO - MainThread - server_logic - [DEBUG] found replica for vector: 3
2025-11-18 17:24:03,115 - INFO - MainThread - server_logic - [DEBUG] found replica for vector: 4
2025-11-18 17:24:03,115 - INFO - MainThread - server_logic - [DEBUG] found replica for vector: 1
2025-11-18 17:24:03,115 - INFO - MainThread - server_logic - [DEBUG] found replica for vector: 2
2025-11-18 17:24:03,115 - INFO - MainThread - server_logic - [DEBUG] found replica for vector: 3
2025-11-18 17:24:03,115 - INFO - MainThread - server_logic - [DEBUG] found replica for vector: 4
2025-11-18 17:24:03,116 - INFO - MainThread - server_logic - [DEBUG] found replica for vector: 1
2025-11-18 17:24:03,116 - INFO - MainThread - server_logic - [DEBUG] found replica for vector: 2
2025-11-18 17:24:03,116 - INFO - MainThread - server_logic - [DEBUG] found replica for vector: 3
2025-11-18 17:24:03,116 - INFO - MainThread - server_logic - [DEBUG] found replica for vector: 4
2025-11-18 17:24:03,116 - INFO - MainThread - server_logic - [DEBUG] found replica for vector: 1
2025-11-18 17:24:03,116 - INFO - MainThread - server_logic - [DEBUG] found replica for vector: 2
2025-11-18 17:24:03,116 - INFO - MainThread - server_logic - [DEBUG] found replica for vector: 3
2025-11-18 17:24:03,116 - INFO - MainThread - server_logic - [DEBUG] found replica for vector: 4
2025-11-18 17:24:03,116 - INFO - MainThread - server_logic - [DEBUG] found replica for vector: 1
2025-11-18 17:24:03,116 - INFO - MainThread - server_logic - [DEBUG] found replica for vector: 2
2025-11-18 17:24:03,116 - INFO - MainThread - server_logic - [DEBUG] found replica for vector: 3
2025-11-18 17:24:03,116 - INFO - MainThread - server_logic - [DEBUG] found replica for vector: 4
2025-11-18 17:24:03,116 - INFO - MainThread - server_logic - [DEBUG] found replica for vector: 1
2025-11-18 17:24:03,116 - INFO - MainThread - server_logic - [DEBUG] found replica for vector: 2
2025-11-18 17:24:03,116 - INFO - MainThread - server_logic - [DEBUG] found replica for vector: 3
2025-11-18 17:24:03,116 - INFO - MainThread - server_logic - [DEBUG] found replica for vector: 4
2025-11-18 17:24:03,116 - INFO - MainThread - server_logic - [DEBUG] found replica for vector: 1
2025-11-18 17:24:03,116 - INFO - MainThread - server_logic - [DEBUG] found replica for vector: 2
2025-11-18 17:24:03,116 - INFO - MainThread - server_logic - [DEBUG] found replica for vector: 3
2025-11-18 17:24:03,116 - INFO - MainThread - server_logic - [DEBUG] found replica for vector: 4
2025-11-18 17:24:03,116 - INFO - MainThread - server_logic - [DEBUG] found replica for vector: 1
2025-11-18 17:24:03,116 - INFO - MainThread - server_logic - [DEBUG] found replica for vector: 2
2025-11-18 17:24:03,116 - INFO - MainThread - server_logic - [DEBUG] found replica for vector: 3
2025-11-18 17:24:03,116 - INFO - MainThread - server_logic - [DEBUG] found replica for vector: 4
2025-11-18 17:24:03,116 - INFO - MainThread - server_logic - [DEBUG] found replica for vector: 1
2025-11-18 17:24:03,116 - INFO - MainThread - server_logic - [DEBUG] found replica for vector: 2
2025-11-18 17:24:03,116 - INFO - MainThread - server_logic - [DEBUG] found replica for vector: 3
2025-11-18 17:24:03,116 - INFO - MainThread - server_logic - [DEBUG] found replica for vector: 4
2025-11-18 17:24:03,116 - INFO - MainThread - server_logic - [DEBUG] found replica for vector: 1
2025-11-18 17:24:03,116 - INFO - MainThread - server_logic - [DEBUG] found replica for vector: 2
2025-11-18 17:24:03,116 - INFO - MainThread - server_logic - [DEBUG] found replica for vector: 3
2025-11-18 17:24:03,116 - INFO - MainThread - server_logic - [DEBUG] found replica for vector: 4
2025-11-18 17:24:03,116 - INFO - MainThread - server_logic - [DEBUG] found replica for vector: 1
2025-11-18 17:24:03,116 - INFO - MainThread - server_logic - [DEBUG] found replica for vector: 2
2025-11-18 17:24:03,116 - INFO - MainThread - server_logic - [DEBUG] found replica for vector: 3
2025-11-18 17:24:03,116 - INFO - MainThread - server_logic - [DEBUG] found replica for vector: 4
2025-11-18 17:24:03,116 - INFO - MainThread - server_logic - [DEBUG] found replica for vector: 1
2025-11-18 17:24:03,116 - INFO - MainThread - server_logic - [DEBUG] found replica for vector: 2
2025-11-18 17:24:03,116 - INFO - MainThread - server_logic - [DEBUG] found replica for vector: 3
2025-11-18 17:24:03,116 - INFO - MainThread - server_logic - [DEBUG] found replica for vector: 4
2025-11-18 17:24:03,116 - INFO - MainThread - server_logic - [DEBUG] found replica for vector: 1
2025-11-18 17:24:03,116 - INFO - MainThread - server_logic - [DEBUG] found replica for vector: 2
2025-11-18 17:24:03,116 - INFO - MainThread - server_logic - [DEBUG] found replica for vector: 3
2025-11-18 17:24:03,116 - INFO - MainThread - server_logic - [DEBUG] found replica for vector: 4
2025-11-18 17:24:03,116 - INFO - MainThread - server_logic - [DEBUG] found replica for vector: 1
2025-11-18 17:24:03,116 - INFO - MainThread - server_logic - [DEBUG] found replica for vector: 2
2025-11-18 17:24:03,116 - INFO - MainThread - server_logic - [DEBUG] found replica for vector: 3
2025-11-18 17:24:03,116 - INFO - MainThread - server_logic - [DEBUG] to me replica for vector: 3
2025-11-18 17:24:03,116 - INFO - MainThread - server_logic - [DEBUG] found replica for vector: 1
2025-11-18 17:24:03,116 - INFO - MainThread - server_logic - [DEBUG] found replica for vector: 2
2025-11-18 17:24:03,116 - INFO - MainThread - server_logic - [DEBUG] found replica for vector: 3
2025-11-18 17:24:03,116 - INFO - MainThread - server_logic - [DEBUG] found replica for vector: 4
2025-11-18 17:24:03,116 - INFO - MainThread - server_logic - [DEBUG] found replica for vector: 1
2025-11-18 17:24:03,116 - INFO - MainThread - server_logic - [DEBUG] found replica for vector: 2
2025-11-18 17:24:03,117 - INFO - MainThread - server_logic - [DEBUG] found replica for vector: 3
2025-11-18 17:24:03,117 - INFO - MainThread - server_logic - [DEBUG] to me replica for vector: 3
2025-11-18 17:24:03,117 - INFO - MainThread - server_logic - [DEBUG] found replica for vector: 1
2025-11-18 17:24:03,117 - INFO - MainThread - server_logic - [DEBUG] found replica for vector: 2
2025-11-18 17:24:03,117 - INFO - MainThread - server_logic - [DEBUG] found replica for vector: 3
2025-11-18 17:24:03,117 - INFO - MainThread - server_logic - [DEBUG] to me replica for vector: 3
2025-11-18 17:24:03,117 - INFO - MainThread - server_logic - [DEBUG] found replica for vector: 1
2025-11-18 17:24:03,117 - INFO - MainThread - server_logic - [DEBUG] found replica for vector: 2
2025-11-18 17:24:03,117 - INFO - MainThread - server_logic - [DEBUG] found replica for vector: 3
2025-11-18 17:24:03,117 - INFO - MainThread - server_logic - [DEBUG] found replica for vector: 4
2025-11-18 17:24:03,117 - INFO - MainThread - server_logic - [DEBUG] found replica for vector: 1
2025-11-18 17:24:03,117 - INFO - MainThread - server_logic - [DEBUG] found replica for vector: 2
2025-11-18 17:24:03,117 - INFO - MainThread - server_logic - [DEBUG] found replica for vector: 3
2025-11-18 17:24:03,117 - INFO - MainThread - server_logic - [DEBUG] found replica for vector: 4
2025-11-18 17:24:03,117 - INFO - MainThread - server_logic - [DEBUG] found replica for vector: 1
2025-11-18 17:24:03,117 - INFO - MainThread - server_logic - [DEBUG] found replica for vector: 2
2025-11-18 17:24:03,117 - INFO - MainThread - server_logic - [DEBUG] found replica for vector: 3
2025-11-18 17:24:03,117 - INFO - MainThread - server_logic - [DEBUG] found replica for vector: 4
2025-11-18 17:24:03,117 - INFO - MainThread - server_logic - [DEBUG] found replica for vector: 1
2025-11-18 17:24:03,117 - INFO - MainThread - server_logic - [DEBUG] found replica for vector: 2
2025-11-18 17:24:03,117 - INFO - MainThread - server_logic - [DEBUG] found replica for vector: 3
2025-11-18 17:24:03,117 - INFO - MainThread - server_logic - [DEBUG] to me replica for vector: 3
2025-11-18 17:24:03,117 - INFO - MainThread - server_logic - [DEBUG] found replica for vector: 1
2025-11-18 17:24:03,117 - INFO - MainThread - server_logic - [DEBUG] found replica for vector: 2
2025-11-18 17:24:03,117 - INFO - MainThread - server_logic - [DEBUG] found replica for vector: 3
2025-11-18 17:24:03,117 - INFO - MainThread - server_logic - [DEBUG] found replica for vector: 4
2025-11-18 17:24:03,117 - INFO - MainThread - server_logic - [DEBUG] found replica for vector: 1
2025-11-18 17:24:03,117 - INFO - MainThread - server_logic - [DEBUG] found replica for vector: 2
2025-11-18 17:24:03,117 - INFO - MainThread - server_logic - [DEBUG] found replica for vector: 3
2025-11-18 17:24:03,117 - INFO - MainThread - server_logic - [DEBUG] found replica for vector: 4
2025-11-18 17:24:03,117 - INFO - MainThread - server_logic - [DEBUG] found replica for vector: 1
2025-11-18 17:24:03,117 - INFO - MainThread - server_logic - [DEBUG] found replica for vector: 2
2025-11-18 17:24:03,117 - INFO - MainThread - server_logic - [DEBUG] found replica for vector: 3
2025-11-18 17:24:03,117 - INFO - MainThread - server_logic - [DEBUG] found replica for vector: 4
2025-11-18 17:24:03,117 - INFO - MainThread - server_logic - [DEBUG] found replica for vector: 1
2025-11-18 17:24:03,117 - INFO - MainThread - server_logic - [DEBUG] found replica for vector: 2
2025-11-18 17:24:03,117 - INFO - MainThread - server_logic - [DEBUG] found replica for vector: 3
2025-11-18 17:24:03,117 - INFO - MainThread - server_logic - [DEBUG] found replica for vector: 4
2025-11-18 17:24:03,117 - INFO - MainThread - server_logic - [DEBUG] found replica for vector: 1
2025-11-18 17:24:03,117 - INFO - MainThread - server_logic - [DEBUG] found replica for vector: 2
2025-11-18 17:24:03,117 - INFO - MainThread - server_logic - [DEBUG] found replica for vector: 3
2025-11-18 17:24:03,117 - INFO - MainThread - server_logic - [DEBUG] found replica for vector: 4
2025-11-18 17:24:03,117 - INFO - MainThread - server_logic - [DEBUG] found replica for vector: 1
2025-11-18 17:24:03,117 - INFO - MainThread - server_logic - [DEBUG] found replica for vector: 2
2025-11-18 17:24:03,117 - INFO - MainThread - server_logic - [DEBUG] found replica for vector: 3
2025-11-18 17:24:03,117 - INFO - MainThread - server_logic - [DEBUG] found replica for vector: 4
2025-11-18 17:24:03,117 - INFO - MainThread - server_logic - [DEBUG] found replica for vector: 1
2025-11-18 17:24:03,117 - INFO - MainThread - server_logic - [DEBUG] found replica for vector: 2
2025-11-18 17:24:03,117 - INFO - MainThread - server_logic - [DEBUG] found replica for vector: 3
2025-11-18 17:24:03,117 - INFO - MainThread - server_logic - [DEBUG] found replica for vector: 4
2025-11-18 17:24:03,117 - INFO - MainThread - server_logic - [DEBUG] found replica for vector: 1
2025-11-18 17:24:03,117 - INFO - MainThread - server_logic - [DEBUG] found replica for vector: 2
2025-11-18 17:24:03,117 - INFO - MainThread - server_logic - [DEBUG] found replica for vector: 3
2025-11-18 17:24:03,117 - INFO - MainThread - server_logic - [DEBUG] found replica for vector: 4
2025-11-18 17:24:03,118 - INFO - MainThread - server_logic - [DEBUG] found replica for vector: 1
2025-11-18 17:24:03,118 - INFO - MainThread - server_logic - [DEBUG] found replica for vector: 2
2025-11-18 17:24:03,118 - INFO - MainThread - server_logic - [DEBUG] found replica for vector: 3
2025-11-18 17:24:03,118 - INFO - MainThread - server_logic - [DEBUG] found replica for vector: 4
2025-11-18 17:24:03,118 - INFO - MainThread - server_logic - [DEBUG] found replica for vector: 1
2025-11-18 17:24:03,118 - INFO - MainThread - server_logic - [DEBUG] found replica for vector: 2
2025-11-18 17:24:03,118 - INFO - MainThread - server_logic - [DEBUG] found replica for vector: 3
2025-11-18 17:24:03,118 - INFO - MainThread - server_logic - [DEBUG] found replica for vector: 4
2025-11-18 17:24:03,118 - INFO - MainThread - server_logic - [DEBUG] found replica for vector: 1
2025-11-18 17:24:03,118 - INFO - MainThread - server_logic - [DEBUG] found replica for vector: 2
2025-11-18 17:24:03,118 - INFO - MainThread - server_logic - [DEBUG] found replica for vector: 3
2025-11-18 17:24:03,118 - INFO - MainThread - server_logic - [DEBUG] found replica for vector: 4
2025-11-18 17:24:03,118 - INFO - MainThread - server_logic - [DEBUG] found replica for vector: 1
2025-11-18 17:24:03,118 - INFO - MainThread - server_logic - [DEBUG] found replica for vector: 2
2025-11-18 17:24:03,118 - INFO - MainThread - server_logic - [DEBUG] found replica for vector: 3
2025-11-18 17:24:03,118 - INFO - MainThread - server_logic - [DEBUG] to me replica for vector: 3
2025-11-18 17:24:03,118 - INFO - MainThread - server_logic - [DEBUG] found replica for vector: 1
2025-11-18 17:24:03,118 - INFO - MainThread - server_logic - [DEBUG] found replica for vector: 2
2025-11-18 17:24:03,118 - INFO - MainThread - server_logic - [DEBUG] found replica for vector: 3
2025-11-18 17:24:03,118 - INFO - MainThread - server_logic - [DEBUG] found replica for vector: 4
2025-11-18 17:24:03,118 - INFO - MainThread - server_logic - [DEBUG] found replica for vector: 1
2025-11-18 17:24:03,118 - INFO - MainThread - server_logic - [DEBUG] found replica for vector: 2
2025-11-18 17:24:03,118 - INFO - MainThread - server_logic - [DEBUG] found replica for vector: 3
2025-11-18 17:24:03,118 - INFO - MainThread - server_logic - [DEBUG] found replica for vector: 4
2025-11-18 17:24:03,118 - INFO - MainThread - server_logic - [DEBUG] found replica for vector: 1
2025-11-18 17:24:03,118 - INFO - MainThread - server_logic - [DEBUG] found replica for vector: 2
2025-11-18 17:24:03,118 - INFO - MainThread - server_logic - [DEBUG] found replica for vector: 3
2025-11-18 17:24:03,118 - INFO - MainThread - server_logic - [DEBUG] found replica for vector: 4
2025-11-18 17:24:03,118 - INFO - MainThread - server_logic - [DEBUG] found replica for vector: 1
2025-11-18 17:24:03,118 - INFO - MainThread - server_logic - [DEBUG] found replica for vector: 2
2025-11-18 17:24:03,118 - INFO - MainThread - server_logic - [DEBUG] found replica for vector: 3
2025-11-18 17:24:03,118 - INFO - MainThread - server_logic - [DEBUG] found replica for vector: 4
2025-11-18 17:24:03,118 - INFO - MainThread - server_logic - [DEBUG] found replica for vector: 1
2025-11-18 17:24:03,118 - INFO - MainThread - server_logic - [DEBUG] found replica for vector: 2
2025-11-18 17:24:03,118 - INFO - MainThread - server_logic - [DEBUG] found replica for vector: 3
2025-11-18 17:24:03,118 - INFO - MainThread - server_logic - [DEBUG] found replica for vector: 4
2025-11-18 17:24:03,118 - INFO - MainThread - server_logic - [DEBUG] found replica for vector: 1
2025-11-18 17:24:03,118 - INFO - MainThread - server_logic - [DEBUG] found replica for vector: 2
2025-11-18 17:24:03,118 - INFO - MainThread - server_logic - [DEBUG] found replica for vector: 3
2025-11-18 17:24:03,118 - INFO - MainThread - server_logic - [DEBUG] found replica for vector: 4
2025-11-18 17:24:03,118 - INFO - MainThread - server_logic - [DEBUG] found replica for vector: 1
2025-11-18 17:24:03,118 - INFO - MainThread - server_logic - [DEBUG] found replica for vector: 2
2025-11-18 17:24:03,118 - INFO - MainThread - server_logic - [DEBUG] found replica for vector: 3
2025-11-18 17:24:03,118 - INFO - MainThread - server_logic - [DEBUG] found replica for vector: 4
2025-11-18 17:24:03,118 - INFO - MainThread - server_logic - [DEBUG] found replica for vector: 1
2025-11-18 17:24:03,118 - INFO - MainThread - server_logic - [DEBUG] found replica for vector: 2
2025-11-18 17:24:03,118 - INFO - MainThread - server_logic - [DEBUG] found replica for vector: 3
2025-11-18 17:24:03,118 - INFO - MainThread - server_logic - [DEBUG] to me replica for vector: 3
2025-11-18 17:24:03,118 - INFO - MainThread - server_logic - [DEBUG] found replica for vector: 1
2025-11-18 17:24:03,118 - INFO - MainThread - server_logic - [DEBUG] found replica for vector: 2
2025-11-18 17:24:03,118 - INFO - MainThread - server_logic - [DEBUG] found replica for vector: 3
2025-11-18 17:24:03,118 - INFO - MainThread - server_logic - [DEBUG] found replica for vector: 4
2025-11-18 17:24:03,118 - INFO - MainThread - server_logic - [DEBUG] found replica for vector: 1
2025-11-18 17:24:03,118 - INFO - MainThread - server_logic - [DEBUG] found replica for vector: 2
2025-11-18 17:24:03,118 - INFO - MainThread - server_logic - [DEBUG] found replica for vector: 3
2025-11-18 17:24:03,118 - INFO - MainThread - server_logic - [DEBUG] found replica for vector: 4
2025-11-18 17:24:03,119 - INFO - MainThread - server_logic - [DEBUG] found replica for vector: 1
2025-11-18 17:24:03,119 - INFO - MainThread - server_logic - [DEBUG] found replica for vector: 2
2025-11-18 17:24:03,119 - INFO - MainThread - server_logic - [DEBUG] found replica for vector: 3
2025-11-18 17:24:03,119 - INFO - MainThread - server_logic - [DEBUG] to me replica for vector: 3
2025-11-18 17:24:03,119 - INFO - MainThread - server_logic - [DEBUG] found replica for vector: 1
2025-11-18 17:24:03,119 - INFO - MainThread - server_logic - [DEBUG] found replica for vector: 2
2025-11-18 17:24:03,119 - INFO - MainThread - server_logic - [DEBUG] found replica for vector: 3
2025-11-18 17:24:03,119 - INFO - MainThread - server_logic - [DEBUG] found replica for vector: 4
2025-11-18 17:24:03,119 - INFO - MainThread - server_logic - [DEBUG] found replica for vector: 1
2025-11-18 17:24:03,119 - INFO - MainThread - server_logic - [DEBUG] found replica for vector: 2
2025-11-18 17:24:03,119 - INFO - MainThread - server_logic - [DEBUG] found replica for vector: 3
2025-11-18 17:24:03,119 - INFO - MainThread - server_logic - [DEBUG] found replica for vector: 4
2025-11-18 17:24:03,119 - INFO - MainThread - server_logic - [DEBUG] found replica for vector: 1
2025-11-18 17:24:03,119 - INFO - MainThread - server_logic - [DEBUG] found replica for vector: 2
2025-11-18 17:24:03,119 - INFO - MainThread - server_logic - [DEBUG] found replica for vector: 3
2025-11-18 17:24:03,119 - INFO - MainThread - server_logic - [DEBUG] found replica for vector: 4
2025-11-18 17:24:03,119 - INFO - MainThread - server_logic - [DEBUG] found replica for vector: 1
2025-11-18 17:24:03,119 - INFO - MainThread - server_logic - [DEBUG] found replica for vector: 2
2025-11-18 17:24:03,119 - INFO - MainThread - server_logic - [DEBUG] found replica for vector: 3
2025-11-18 17:24:03,119 - INFO - MainThread - server_logic - [DEBUG] to me replica for vector: 3
2025-11-18 17:24:03,119 - INFO - MainThread - server_logic - [DEBUG] found replica for vector: 1
2025-11-18 17:24:03,119 - INFO - MainThread - server_logic - [DEBUG] found replica for vector: 2
2025-11-18 17:24:03,119 - INFO - MainThread - server_logic - [DEBUG] found replica for vector: 3
2025-11-18 17:24:03,119 - INFO - MainThread - server_logic - [DEBUG] found replica for vector: 4
2025-11-18 17:24:03,119 - INFO - MainThread - server_logic - [DEBUG] found replica for vector: 1
2025-11-18 17:24:03,119 - INFO - MainThread - server_logic - [DEBUG] found replica for vector: 2
2025-11-18 17:24:03,119 - INFO - MainThread - server_logic - [DEBUG] found replica for vector: 3
2025-11-18 17:24:03,119 - INFO - MainThread - server_logic - [DEBUG] to me replica for vector: 3
2025-11-18 17:24:03,119 - INFO - MainThread - server_logic - [DEBUG] found replica for vector: 1
2025-11-18 17:24:03,119 - INFO - MainThread - server_logic - [DEBUG] found replica for vector: 2
2025-11-18 17:24:03,119 - INFO - MainThread - server_logic - [DEBUG] found replica for vector: 3
2025-11-18 17:24:03,119 - INFO - MainThread - server_logic - [DEBUG] found replica for vector: 4
2025-11-18 17:24:03,119 - INFO - MainThread - server_logic - [DEBUG] found replica for vector: 1
2025-11-18 17:24:03,119 - INFO - MainThread - server_logic - [DEBUG] found replica for vector: 2
2025-11-18 17:24:03,119 - INFO - MainThread - server_logic - [DEBUG] found replica for vector: 3
2025-11-18 17:24:03,119 - INFO - MainThread - server_logic - [DEBUG] found replica for vector: 4
2025-11-18 17:24:03,119 - INFO - MainThread - server_logic - [DEBUG] found replica for vector: 1
2025-11-18 17:24:03,119 - INFO - MainThread - server_logic - [DEBUG] found replica for vector: 2
2025-11-18 17:24:03,119 - INFO - MainThread - server_logic - [DEBUG] found replica for vector: 3
2025-11-18 17:24:03,119 - INFO - MainThread - server_logic - [DEBUG] found replica for vector: 4
2025-11-18 17:24:03,119 - INFO - MainThread - server_logic - [DEBUG] found replica for vector: 1
2025-11-18 17:24:03,119 - INFO - MainThread - server_logic - [DEBUG] found replica for vector: 2
2025-11-18 17:24:03,119 - INFO - MainThread - server_logic - [DEBUG] found replica for vector: 3
2025-11-18 17:24:03,119 - INFO - MainThread - server_logic - [DEBUG] found replica for vector: 4
2025-11-18 17:24:03,119 - INFO - MainThread - server_logic - [DEBUG] found replica for vector: 1
2025-11-18 17:24:03,119 - INFO - MainThread - server_logic - [DEBUG] found replica for vector: 2
2025-11-18 17:24:03,119 - INFO - MainThread - server_logic - [DEBUG] found replica for vector: 3
2025-11-18 17:24:03,119 - INFO - MainThread - server_logic - [DEBUG] found replica for vector: 4
2025-11-18 17:24:03,119 - INFO - MainThread - server_logic - [DEBUG] found replica for vector: 1
2025-11-18 17:24:03,119 - INFO - MainThread - server_logic - [DEBUG] found replica for vector: 2
2025-11-18 17:24:03,119 - INFO - MainThread - server_logic - [DEBUG] found replica for vector: 3
2025-11-18 17:24:03,119 - INFO - MainThread - server_logic - [DEBUG] found replica for vector: 4
2025-11-18 17:24:03,119 - INFO - MainThread - server_logic - [DEBUG] found replica for vector: 1
2025-11-18 17:24:03,119 - INFO - MainThread - server_logic - [DEBUG] found replica for vector: 2
2025-11-18 17:24:03,120 - INFO - MainThread - server_logic - [DEBUG] found replica for vector: 3
2025-11-18 17:24:03,120 - INFO - MainThread - server_logic - [DEBUG] to me replica for vector: 3
2025-11-18 17:24:03,120 - INFO - MainThread - server_logic - [DEBUG] found replica for vector: 1
2025-11-18 17:24:03,120 - INFO - MainThread - server_logic - [DEBUG] found replica for vector: 2
2025-11-18 17:24:03,120 - INFO - MainThread - server_logic - [DEBUG] found replica for vector: 3
2025-11-18 17:24:03,120 - INFO - MainThread - server_logic - [DEBUG] found replica for vector: 4
2025-11-18 17:24:03,120 - INFO - MainThread - server_logic - [DEBUG] found replica for vector: 1
2025-11-18 17:24:03,120 - INFO - MainThread - server_logic - [DEBUG] found replica for vector: 2
2025-11-18 17:24:03,120 - INFO - MainThread - server_logic - [DEBUG] found replica for vector: 3
2025-11-18 17:24:03,120 - INFO - MainThread - server_logic - [DEBUG] to me replica for vector: 3
2025-11-18 17:24:03,120 - INFO - MainThread - server_logic - [DEBUG] found replica for vector: 1
2025-11-18 17:24:03,120 - INFO - MainThread - server_logic - [DEBUG] found replica for vector: 2
2025-11-18 17:24:03,120 - INFO - MainThread - server_logic - [DEBUG] found replica for vector: 3
2025-11-18 17:24:03,120 - INFO - MainThread - server_logic - [DEBUG] found replica for vector: 4
2025-11-18 17:24:03,120 - INFO - MainThread - server_logic - [DEBUG] found replica for vector: 1
2025-11-18 17:24:03,120 - INFO - MainThread - server_logic - [DEBUG] found replica for vector: 2
2025-11-18 17:24:03,120 - INFO - MainThread - server_logic - [DEBUG] found replica for vector: 3
2025-11-18 17:24:03,120 - INFO - MainThread - server_logic - [DEBUG] found replica for vector: 4
2025-11-18 17:24:03,120 - INFO - MainThread - server_logic - [DEBUG] found replica for vector: 1
2025-11-18 17:24:03,120 - INFO - MainThread - server_logic - [DEBUG] found replica for vector: 2
2025-11-18 17:24:03,120 - INFO - MainThread - server_logic - [DEBUG] found replica for vector: 3
2025-11-18 17:24:03,120 - INFO - MainThread - server_logic - [DEBUG] found replica for vector: 4
2025-11-18 17:24:03,120 - INFO - MainThread - server_logic - [DEBUG] found replica for vector: 1
2025-11-18 17:24:03,120 - INFO - MainThread - server_logic - [DEBUG] found replica for vector: 2
2025-11-18 17:24:03,120 - INFO - MainThread - server_logic - [DEBUG] found replica for vector: 3
2025-11-18 17:24:03,120 - INFO - MainThread - server_logic - [DEBUG] found replica for vector: 4
2025-11-18 17:24:03,120 - INFO - MainThread - server_logic - [DEBUG] found replica for vector: 1
2025-11-18 17:24:03,120 - INFO - MainThread - server_logic - [DEBUG] found replica for vector: 2
2025-11-18 17:24:03,120 - INFO - MainThread - server_logic - [DEBUG] found replica for vector: 3
2025-11-18 17:24:03,120 - INFO - MainThread - server_logic - [DEBUG] found replica for vector: 4
2025-11-18 17:24:03,120 - INFO - MainThread - server_logic - [DEBUG] found replica for vector: 1
2025-11-18 17:24:03,120 - INFO - MainThread - server_logic - [DEBUG] found replica for vector: 2
2025-11-18 17:24:03,120 - INFO - MainThread - server_logic - [DEBUG] found replica for vector: 3
2025-11-18 17:24:03,120 - INFO - MainThread - server_logic - [DEBUG] found replica for vector: 4
2025-11-18 17:24:03,120 - INFO - MainThread - server_logic - [DEBUG] found replica for vector: 1
2025-11-18 17:24:03,120 - INFO - MainThread - server_logic - [DEBUG] found replica for vector: 2
2025-11-18 17:24:03,120 - INFO - MainThread - server_logic - [DEBUG] found replica for vector: 3
2025-11-18 17:24:03,120 - INFO - MainThread - server_logic - [DEBUG] to me replica for vector: 3
2025-11-18 17:24:03,120 - INFO - MainThread - server_logic - [DEBUG] found replica for vector: 1
2025-11-18 17:24:03,120 - INFO - MainThread - server_logic - [DEBUG] found replica for vector: 2
2025-11-18 17:24:03,120 - INFO - MainThread - server_logic - [DEBUG] found replica for vector: 3
2025-11-18 17:24:03,120 - INFO - MainThread - server_logic - [DEBUG] found replica for vector: 4
2025-11-18 17:24:03,120 - INFO - MainThread - server_logic - [DEBUG] found replica for vector: 1
2025-11-18 17:24:03,120 - INFO - MainThread - server_logic - [DEBUG] found replica for vector: 2
2025-11-18 17:24:03,120 - INFO - MainThread - server_logic - [DEBUG] found replica for vector: 3
2025-11-18 17:24:03,120 - INFO - MainThread - server_logic - [DEBUG] found replica for vector: 4
2025-11-18 17:24:03,120 - INFO - MainThread - server_logic - [DEBUG] found replica for vector: 1
2025-11-18 17:24:03,120 - INFO - MainThread - server_logic - [DEBUG] found replica for vector: 2
2025-11-18 17:24:03,120 - INFO - MainThread - server_logic - [DEBUG] found replica for vector: 3
2025-11-18 17:24:03,120 - INFO - MainThread - server_logic - [DEBUG] found replica for vector: 4
2025-11-18 17:24:03,120 - INFO - MainThread - server_logic - [DEBUG] found replica for vector: 1
2025-11-18 17:24:03,120 - INFO - MainThread - server_logic - [DEBUG] found replica for vector: 2
2025-11-18 17:24:03,120 - INFO - MainThread - server_logic - [DEBUG] found replica for vector: 3
2025-11-18 17:24:03,120 - INFO - MainThread - server_logic - [DEBUG] to me replica for vector: 3
2025-11-18 17:24:03,121 - INFO - MainThread - server_logic - [DEBUG] found replica for vector: 1
2025-11-18 17:24:03,121 - INFO - MainThread - server_logic - [DEBUG] found replica for vector: 2
2025-11-18 17:24:03,121 - INFO - MainThread - server_logic - [DEBUG] found replica for vector: 3
2025-11-18 17:24:03,121 - INFO - MainThread - server_logic - [DEBUG] found replica for vector: 4
2025-11-18 17:24:03,121 - INFO - MainThread - server_logic - [DEBUG] found replica for vector: 1
2025-11-18 17:24:03,121 - INFO - MainThread - server_logic - [DEBUG] found replica for vector: 2
2025-11-18 17:24:03,121 - INFO - MainThread - server_logic - [DEBUG] found replica for vector: 3
2025-11-18 17:24:03,121 - INFO - MainThread - server_logic - [DEBUG] found replica for vector: 4
2025-11-18 17:24:03,121 - INFO - MainThread - server_logic - [DEBUG] found replica for vector: 1
2025-11-18 17:24:03,121 - INFO - MainThread - server_logic - [DEBUG] found replica for vector: 2
2025-11-18 17:24:03,121 - INFO - MainThread - server_logic - [DEBUG] found replica for vector: 3
2025-11-18 17:24:03,121 - INFO - MainThread - server_logic - [DEBUG] found replica for vector: 4
2025-11-18 17:24:03,121 - INFO - MainThread - server_logic - [DEBUG] found replica for vector: 1
2025-11-18 17:24:03,121 - INFO - MainThread - server_logic - [DEBUG] found replica for vector: 2
2025-11-18 17:24:03,121 - INFO - MainThread - server_logic - [DEBUG] found replica for vector: 3
2025-11-18 17:24:03,121 - INFO - MainThread - server_logic - [DEBUG] to me replica for vector: 3
2025-11-18 17:24:03,121 - INFO - MainThread - server_logic - [DEBUG] found replica for vector: 1
2025-11-18 17:24:03,121 - INFO - MainThread - server_logic - [DEBUG] found replica for vector: 2
2025-11-18 17:24:03,121 - INFO - MainThread - server_logic - [DEBUG] found replica for vector: 3
2025-11-18 17:24:03,121 - INFO - MainThread - server_logic - [DEBUG] found replica for vector: 4
2025-11-18 17:24:03,121 - INFO - MainThread - server_logic - [DEBUG] found replica for vector: 1
2025-11-18 17:24:03,121 - INFO - MainThread - server_logic - [DEBUG] found replica for vector: 2
2025-11-18 17:24:03,121 - INFO - MainThread - server_logic - [DEBUG] found replica for vector: 3
2025-11-18 17:24:03,121 - INFO - MainThread - server_logic - [DEBUG] found replica for vector: 4
2025-11-18 17:24:03,121 - INFO - MainThread - server_logic - [DEBUG] found replica for vector: 1
2025-11-18 17:24:03,121 - INFO - MainThread - server_logic - [DEBUG] found replica for vector: 2
2025-11-18 17:24:03,121 - INFO - MainThread - server_logic - [DEBUG] found replica for vector: 3
2025-11-18 17:24:03,121 - INFO - MainThread - server_logic - [DEBUG] to me replica for vector: 3
2025-11-18 17:24:03,121 - INFO - MainThread - server_logic - [DEBUG] found replica for vector: 1
2025-11-18 17:24:03,121 - INFO - MainThread - server_logic - [DEBUG] found replica for vector: 2
2025-11-18 17:24:03,121 - INFO - MainThread - server_logic - [DEBUG] found replica for vector: 3
2025-11-18 17:24:03,121 - INFO - MainThread - server_logic - [DEBUG] to me replica for vector: 3
2025-11-18 17:24:03,121 - INFO - MainThread - server_logic - [DEBUG] found replica for vector: 1
2025-11-18 17:24:03,121 - INFO - MainThread - server_logic - [DEBUG] found replica for vector: 2
2025-11-18 17:24:03,121 - INFO - MainThread - server_logic - [DEBUG] found replica for vector: 3
2025-11-18 17:24:03,121 - INFO - MainThread - server_logic - [DEBUG] found replica for vector: 4
2025-11-18 17:24:03,121 - INFO - MainThread - server_logic - [DEBUG] found replica for vector: 1
2025-11-18 17:24:03,121 - INFO - MainThread - server_logic - [DEBUG] found replica for vector: 2
2025-11-18 17:24:03,121 - INFO - MainThread - server_logic - [DEBUG] found replica for vector: 3
2025-11-18 17:24:03,121 - INFO - MainThread - server_logic - [DEBUG] found replica for vector: 4
2025-11-18 17:24:03,121 - INFO - MainThread - server_logic - [DEBUG] found replica for vector: 1
2025-11-18 17:24:03,121 - INFO - MainThread - server_logic - [DEBUG] found replica for vector: 2
2025-11-18 17:24:03,121 - INFO - MainThread - server_logic - [DEBUG] found replica for vector: 3
2025-11-18 17:24:03,121 - INFO - MainThread - server_logic - [DEBUG] found replica for vector: 4
2025-11-18 17:24:03,121 - INFO - MainThread - server_logic - [DEBUG] found replica for vector: 1
2025-11-18 17:24:03,121 - INFO - MainThread - server_logic - [DEBUG] found replica for vector: 2
2025-11-18 17:24:03,121 - INFO - MainThread - server_logic - [DEBUG] found replica for vector: 3
2025-11-18 17:24:03,121 - INFO - MainThread - server_logic - [DEBUG] found replica for vector: 4
2025-11-18 17:24:03,121 - INFO - MainThread - server_logic - [DEBUG] found replica for vector: 1
2025-11-18 17:24:03,121 - INFO - MainThread - server_logic - [DEBUG] found replica for vector: 2
2025-11-18 17:24:03,121 - INFO - MainThread - server_logic - [DEBUG] found replica for vector: 3
2025-11-18 17:24:03,121 - INFO - MainThread - server_logic - [DEBUG] found replica for vector: 4
2025-11-18 17:24:03,121 - INFO - MainThread - server_logic - [DEBUG] found replica for vector: 1
2025-11-18 17:24:03,121 - INFO - MainThread - server_logic - [DEBUG] found replica for vector: 2
2025-11-18 17:24:03,121 - INFO - MainThread - server_logic - [DEBUG] found replica for vector: 3
2025-11-18 17:24:03,121 - INFO - MainThread - server_logic - [DEBUG] found replica for vector: 4
2025-11-18 17:24:03,121 - INFO - MainThread - server_logic - [DEBUG] found replica for vector: 1
2025-11-18 17:24:03,122 - INFO - MainThread - server_logic - [DEBUG] found replica for vector: 2
2025-11-18 17:24:03,122 - INFO - MainThread - server_logic - [DEBUG] found replica for vector: 3
2025-11-18 17:24:03,122 - INFO - MainThread - server_logic - [DEBUG] to me replica for vector: 3
2025-11-18 17:24:03,122 - INFO - MainThread - server_logic - [DEBUG] found replica for vector: 1
2025-11-18 17:24:03,122 - INFO - MainThread - server_logic - [DEBUG] found replica for vector: 2
2025-11-18 17:24:03,122 - INFO - MainThread - server_logic - [DEBUG] found replica for vector: 3
2025-11-18 17:24:03,122 - INFO - MainThread - server_logic - [DEBUG] found replica for vector: 4
2025-11-18 17:24:03,122 - INFO - MainThread - server_logic - [DEBUG] found replica for vector: 1
2025-11-18 17:24:03,122 - INFO - MainThread - server_logic - [DEBUG] found replica for vector: 2
2025-11-18 17:24:03,122 - INFO - MainThread - server_logic - [DEBUG] found replica for vector: 3
2025-11-18 17:24:03,122 - INFO - MainThread - server_logic - [DEBUG] to me replica for vector: 3
2025-11-18 17:24:03,122 - INFO - MainThread - server_logic - [DEBUG] found replica for vector: 1
2025-11-18 17:24:03,122 - INFO - MainThread - server_logic - [DEBUG] found replica for vector: 2
2025-11-18 17:24:03,122 - INFO - MainThread - server_logic - [DEBUG] found replica for vector: 3
2025-11-18 17:24:03,122 - INFO - MainThread - server_logic - [DEBUG] to me replica for vector: 3
2025-11-18 17:24:03,122 - INFO - MainThread - server_logic - [DEBUG] found replica for vector: 1
2025-11-18 17:24:03,122 - INFO - MainThread - server_logic - [DEBUG] found replica for vector: 2
2025-11-18 17:24:03,122 - INFO - MainThread - server_logic - [DEBUG] found replica for vector: 3
2025-11-18 17:24:03,122 - INFO - MainThread - server_logic - [DEBUG] found replica for vector: 4
2025-11-18 17:24:03,122 - INFO - MainThread - server_logic - [DEBUG] found replica for vector: 1
2025-11-18 17:24:03,122 - INFO - MainThread - server_logic - [DEBUG] found replica for vector: 2
2025-11-18 17:24:03,122 - INFO - MainThread - server_logic - [DEBUG] found replica for vector: 3
2025-11-18 17:24:03,122 - INFO - MainThread - server_logic - [DEBUG] found replica for vector: 4
2025-11-18 17:24:03,122 - INFO - MainThread - server_logic - [DEBUG] found replica for vector: 1
2025-11-18 17:24:03,122 - INFO - MainThread - server_logic - [DEBUG] found replica for vector: 2
2025-11-18 17:24:03,122 - INFO - MainThread - server_logic - [DEBUG] found replica for vector: 3
2025-11-18 17:24:03,122 - INFO - MainThread - server_logic - [DEBUG] found replica for vector: 4
2025-11-18 17:24:03,122 - INFO - MainThread - server_logic - [DEBUG] found replica for vector: 1
2025-11-18 17:24:03,122 - INFO - MainThread - server_logic - [DEBUG] found replica for vector: 2
2025-11-18 17:24:03,122 - INFO - MainThread - server_logic - [DEBUG] found replica for vector: 3
2025-11-18 17:24:03,122 - INFO - MainThread - server_logic - [DEBUG] found replica for vector: 4
2025-11-18 17:24:03,122 - INFO - MainThread - server_logic - [DEBUG] found replica for vector: 1
2025-11-18 17:24:03,122 - INFO - MainThread - server_logic - [DEBUG] found replica for vector: 2
2025-11-18 17:24:03,122 - INFO - MainThread - server_logic - [DEBUG] found replica for vector: 3
2025-11-18 17:24:03,122 - INFO - MainThread - server_logic - [DEBUG] found replica for vector: 4
2025-11-18 17:24:03,122 - INFO - MainThread - server_logic - [DEBUG] found replica for vector: 1
2025-11-18 17:24:03,122 - INFO - MainThread - server_logic - [DEBUG] found replica for vector: 2
2025-11-18 17:24:03,122 - INFO - MainThread - server_logic - [DEBUG] found replica for vector: 3
2025-11-18 17:24:03,122 - INFO - MainThread - server_logic - [DEBUG] found replica for vector: 4
2025-11-18 17:24:03,122 - INFO - MainThread - server_logic - [DEBUG] found replica for vector: 1
2025-11-18 17:24:03,122 - INFO - MainThread - server_logic - [DEBUG] found replica for vector: 2
2025-11-18 17:24:03,122 - INFO - MainThread - server_logic - [DEBUG] found replica for vector: 3
2025-11-18 17:24:03,122 - INFO - MainThread - server_logic - [DEBUG] found replica for vector: 4
2025-11-18 17:24:03,122 - INFO - MainThread - server_logic - [DEBUG] found replica for vector: 1
2025-11-18 17:24:03,122 - INFO - MainThread - server_logic - [DEBUG] found replica for vector: 2
2025-11-18 17:24:03,122 - INFO - MainThread - server_logic - [DEBUG] found replica for vector: 3
2025-11-18 17:24:03,122 - INFO - MainThread - server_logic - [DEBUG] found replica for vector: 4
2025-11-18 17:24:03,122 - INFO - MainThread - server_logic - [DEBUG] found replica for vector: 1
2025-11-18 17:24:03,122 - INFO - MainThread - server_logic - [DEBUG] found replica for vector: 2
2025-11-18 17:24:03,122 - INFO - MainThread - server_logic - [DEBUG] found replica for vector: 3
2025-11-18 17:24:03,122 - INFO - MainThread - server_logic - [DEBUG] to me replica for vector: 3
2025-11-18 17:24:03,122 - INFO - MainThread - server_logic - [DEBUG] found replica for vector: 1
2025-11-18 17:24:03,122 - INFO - MainThread - server_logic - [DEBUG] found replica for vector: 2
2025-11-18 17:24:03,122 - INFO - MainThread - server_logic - [DEBUG] found replica for vector: 3
2025-11-18 17:24:03,122 - INFO - MainThread - server_logic - [DEBUG] to me replica for vector: 3
2025-11-18 17:24:03,122 - INFO - MainThread - server_logic - [DEBUG] found replica for vector: 1
2025-11-18 17:24:03,122 - INFO - MainThread - server_logic - [DEBUG] found replica for vector: 2
2025-11-18 17:24:03,122 - INFO - MainThread - server_logic - [DEBUG] found replica for vector: 3
2025-11-18 17:24:03,122 - INFO - MainThread - server_logic - [DEBUG] found replica for vector: 4
2025-11-18 17:24:03,123 - INFO - MainThread - server_logic - [DEBUG] found replica for vector: 1
2025-11-18 17:24:03,123 - INFO - MainThread - server_logic - [DEBUG] found replica for vector: 2
2025-11-18 17:24:03,123 - INFO - MainThread - server_logic - [DEBUG] found replica for vector: 3
2025-11-18 17:24:03,123 - INFO - MainThread - server_logic - [DEBUG] found replica for vector: 4
2025-11-18 17:24:03,123 - INFO - MainThread - server_logic - [DEBUG] found replica for vector: 1
2025-11-18 17:24:03,123 - INFO - MainThread - server_logic - [DEBUG] found replica for vector: 2
2025-11-18 17:24:03,123 - INFO - MainThread - server_logic - [DEBUG] found replica for vector: 3
2025-11-18 17:24:03,123 - INFO - MainThread - server_logic - [DEBUG] to me replica for vector: 3
2025-11-18 17:24:03,123 - INFO - MainThread - server_logic - [DEBUG] found replica for vector: 1
2025-11-18 17:24:03,123 - INFO - MainThread - server_logic - [DEBUG] found replica for vector: 2
2025-11-18 17:24:03,123 - INFO - MainThread - server_logic - [DEBUG] found replica for vector: 3
2025-11-18 17:24:03,123 - INFO - MainThread - server_logic - [DEBUG] found replica for vector: 4
2025-11-18 17:24:03,123 - INFO - MainThread - server_logic - [DEBUG] found replica for vector: 1
2025-11-18 17:24:03,123 - INFO - MainThread - server_logic - [DEBUG] found replica for vector: 2
2025-11-18 17:24:03,123 - INFO - MainThread - server_logic - [DEBUG] found replica for vector: 3
2025-11-18 17:24:03,123 - INFO - MainThread - server_logic - [DEBUG] found replica for vector: 4
2025-11-18 17:24:03,123 - INFO - MainThread - server_logic - [DEBUG] found replica for vector: 1
2025-11-18 17:24:03,123 - INFO - MainThread - server_logic - [DEBUG] found replica for vector: 2
2025-11-18 17:24:03,123 - INFO - MainThread - server_logic - [DEBUG] found replica for vector: 3
2025-11-18 17:24:03,123 - INFO - MainThread - server_logic - [DEBUG] found replica for vector: 4
2025-11-18 17:24:03,123 - INFO - MainThread - server_logic - [DEBUG] found replica for vector: 1
2025-11-18 17:24:03,123 - INFO - MainThread - server_logic - [DEBUG] found replica for vector: 2
2025-11-18 17:24:03,123 - INFO - MainThread - server_logic - [DEBUG] found replica for vector: 3
2025-11-18 17:24:03,123 - INFO - MainThread - server_logic - [DEBUG] found replica for vector: 4
2025-11-18 17:24:03,123 - INFO - MainThread - server_logic - [DEBUG] found replica for vector: 1
2025-11-18 17:24:03,123 - INFO - MainThread - server_logic - [DEBUG] found replica for vector: 2
2025-11-18 17:24:03,123 - INFO - MainThread - server_logic - [DEBUG] found replica for vector: 3
2025-11-18 17:24:03,123 - INFO - MainThread - server_logic - [DEBUG] to me replica for vector: 3
2025-11-18 17:24:03,123 - INFO - MainThread - server_logic - [DEBUG] found replica for vector: 1
2025-11-18 17:24:03,123 - INFO - MainThread - server_logic - [DEBUG] found replica for vector: 2
2025-11-18 17:24:03,123 - INFO - MainThread - server_logic - [DEBUG] found replica for vector: 3
2025-11-18 17:24:03,123 - INFO - MainThread - server_logic - [DEBUG] to me replica for vector: 3
2025-11-18 17:24:03,123 - INFO - MainThread - server_logic - [DEBUG] found replica for vector: 1
2025-11-18 17:24:03,123 - INFO - MainThread - server_logic - [DEBUG] found replica for vector: 2
2025-11-18 17:24:03,123 - INFO - MainThread - server_logic - [DEBUG] found replica for vector: 3
2025-11-18 17:24:03,123 - INFO - MainThread - server_logic - [DEBUG] found replica for vector: 4
2025-11-18 17:24:03,123 - INFO - MainThread - server_logic - [DEBUG] found replica for vector: 1
2025-11-18 17:24:03,123 - INFO - MainThread - server_logic - [DEBUG] found replica for vector: 2
2025-11-18 17:24:03,123 - INFO - MainThread - server_logic - [DEBUG] found replica for vector: 3
2025-11-18 17:24:03,123 - INFO - MainThread - server_logic - [DEBUG] to me replica for vector: 3
2025-11-18 17:24:03,123 - INFO - MainThread - server_logic - [DEBUG] found replica for vector: 1
2025-11-18 17:24:03,123 - INFO - MainThread - server_logic - [DEBUG] found replica for vector: 2
2025-11-18 17:24:03,123 - INFO - MainThread - server_logic - [DEBUG] found replica for vector: 3
2025-11-18 17:24:03,123 - INFO - MainThread - server_logic - [DEBUG] found replica for vector: 4
2025-11-18 17:24:03,123 - INFO - MainThread - server_logic - [DEBUG] found replica for vector: 1
2025-11-18 17:24:03,123 - INFO - MainThread - server_logic - [DEBUG] found replica for vector: 2
2025-11-18 17:24:03,123 - INFO - MainThread - server_logic - [DEBUG] found replica for vector: 3
2025-11-18 17:24:03,123 - INFO - MainThread - server_logic - [DEBUG] found replica for vector: 4
2025-11-18 17:24:03,123 - INFO - MainThread - server_logic - [DEBUG] found replica for vector: 1
2025-11-18 17:24:03,123 - INFO - MainThread - server_logic - [DEBUG] found replica for vector: 2
2025-11-18 17:24:03,123 - INFO - MainThread - server_logic - [DEBUG] found replica for vector: 3
2025-11-18 17:24:03,123 - INFO - MainThread - server_logic - [DEBUG] found replica for vector: 4
2025-11-18 17:24:03,123 - INFO - MainThread - server_logic - [DEBUG] found replica for vector: 1
2025-11-18 17:24:03,123 - INFO - MainThread - server_logic - [DEBUG] found replica for vector: 2
2025-11-18 17:24:03,123 - INFO - MainThread - server_logic - [DEBUG] found replica for vector: 3
2025-11-18 17:24:03,123 - INFO - MainThread - server_logic - [DEBUG] found replica for vector: 4
2025-11-18 17:24:03,123 - INFO - MainThread - server_logic - [DEBUG] found replica for vector: 1
2025-11-18 17:24:03,124 - INFO - MainThread - server_logic - [DEBUG] found replica for vector: 2
2025-11-18 17:24:03,124 - INFO - MainThread - server_logic - [DEBUG] found replica for vector: 3
2025-11-18 17:24:03,124 - INFO - MainThread - server_logic - [DEBUG] found replica for vector: 4
2025-11-18 17:24:03,124 - INFO - MainThread - server_logic - [DEBUG] found replica for vector: 1
2025-11-18 17:24:03,124 - INFO - MainThread - server_logic - [DEBUG] found replica for vector: 2
2025-11-18 17:24:03,124 - INFO - MainThread - server_logic - [DEBUG] found replica for vector: 3
2025-11-18 17:24:03,124 - INFO - MainThread - server_logic - [DEBUG] found replica for vector: 4
2025-11-18 17:24:03,124 - INFO - MainThread - server_logic - [DEBUG] found replica for vector: 1
2025-11-18 17:24:03,124 - INFO - MainThread - server_logic - [DEBUG] found replica for vector: 2
2025-11-18 17:24:03,124 - INFO - MainThread - server_logic - [DEBUG] found replica for vector: 3
2025-11-18 17:24:03,124 - INFO - MainThread - server_logic - [DEBUG] found replica for vector: 4
2025-11-18 17:24:03,124 - INFO - MainThread - server_logic - [DEBUG] found replica for vector: 1
2025-11-18 17:24:03,124 - INFO - MainThread - server_logic - [DEBUG] found replica for vector: 2
2025-11-18 17:24:03,124 - INFO - MainThread - server_logic - [DEBUG] found replica for vector: 3
2025-11-18 17:24:03,124 - INFO - MainThread - server_logic - [DEBUG] found replica for vector: 4
2025-11-18 17:24:03,124 - INFO - MainThread - server_logic - [DEBUG] found replica for vector: 1
2025-11-18 17:24:03,124 - INFO - MainThread - server_logic - [DEBUG] found replica for vector: 2
2025-11-18 17:24:03,124 - INFO - MainThread - server_logic - [DEBUG] found replica for vector: 3
2025-11-18 17:24:03,124 - INFO - MainThread - server_logic - [DEBUG] found replica for vector: 4
2025-11-18 17:24:03,124 - INFO - MainThread - server_logic - [DEBUG] found replica for vector: 1
2025-11-18 17:24:03,124 - INFO - MainThread - server_logic - [DEBUG] found replica for vector: 2
2025-11-18 17:24:03,124 - INFO - MainThread - server_logic - [DEBUG] found replica for vector: 3
2025-11-18 17:24:03,124 - INFO - MainThread - server_logic - [DEBUG] found replica for vector: 4
2025-11-18 17:24:03,124 - INFO - MainThread - server_logic - [DEBUG] found replica for vector: 1
2025-11-18 17:24:03,124 - INFO - MainThread - server_logic - [DEBUG] found replica for vector: 2
2025-11-18 17:24:03,124 - INFO - MainThread - server_logic - [DEBUG] found replica for vector: 3
2025-11-18 17:24:03,124 - INFO - MainThread - server_logic - [DEBUG] found replica for vector: 4
2025-11-18 17:24:03,124 - INFO - MainThread - server_logic - [DEBUG] found replica for vector: 1
2025-11-18 17:24:03,124 - INFO - MainThread - server_logic - [DEBUG] found replica for vector: 2
2025-11-18 17:24:03,124 - INFO - MainThread - server_logic - [DEBUG] found replica for vector: 3
2025-11-18 17:24:03,124 - INFO - MainThread - server_logic - [DEBUG] found replica for vector: 4
2025-11-18 17:24:03,124 - INFO - MainThread - server_logic - [DEBUG] found replica for vector: 1
2025-11-18 17:24:03,124 - INFO - MainThread - server_logic - [DEBUG] found replica for vector: 2
2025-11-18 17:24:03,124 - INFO - MainThread - server_logic - [DEBUG] found replica for vector: 3
2025-11-18 17:24:03,124 - INFO - MainThread - server_logic - [DEBUG] found replica for vector: 4
2025-11-18 17:24:03,124 - INFO - MainThread - server_logic - [DEBUG] found replica for vector: 1
2025-11-18 17:24:03,124 - INFO - MainThread - server_logic - [DEBUG] found replica for vector: 2
2025-11-18 17:24:03,124 - INFO - MainThread - server_logic - [DEBUG] found replica for vector: 3
2025-11-18 17:24:03,124 - INFO - MainThread - server_logic - [DEBUG] found replica for vector: 4
2025-11-18 17:24:03,124 - INFO - MainThread - server_logic - [DEBUG] found replica for vector: 1
2025-11-18 17:24:03,124 - INFO - MainThread - server_logic - [DEBUG] found replica for vector: 2
2025-11-18 17:24:03,124 - INFO - MainThread - server_logic - [DEBUG] found replica for vector: 3
2025-11-18 17:24:03,124 - INFO - MainThread - server_logic - [DEBUG] found replica for vector: 4
2025-11-18 17:24:03,124 - INFO - MainThread - server_logic - [DEBUG] found replica for vector: 1
2025-11-18 17:24:03,124 - INFO - MainThread - server_logic - [DEBUG] found replica for vector: 2
2025-11-18 17:24:03,124 - INFO - MainThread - server_logic - [DEBUG] found replica for vector: 3
2025-11-18 17:24:03,124 - INFO - MainThread - server_logic - [DEBUG] found replica for vector: 4
2025-11-18 17:24:03,124 - INFO - MainThread - server_logic - [DEBUG] found replica for vector: 1
2025-11-18 17:24:03,124 - INFO - MainThread - server_logic - [DEBUG] found replica for vector: 2
2025-11-18 17:24:03,124 - INFO - MainThread - server_logic - [DEBUG] found replica for vector: 3
2025-11-18 17:24:03,124 - INFO - MainThread - server_logic - [DEBUG] found replica for vector: 4
2025-11-18 17:24:03,124 - INFO - MainThread - server_logic - [DEBUG] found replica for vector: 1
2025-11-18 17:24:03,124 - INFO - MainThread - server_logic - [DEBUG] found replica for vector: 2
2025-11-18 17:24:03,124 - INFO - MainThread - server_logic - [DEBUG] found replica for vector: 3
2025-11-18 17:24:03,124 - INFO - MainThread - server_logic - [DEBUG] found replica for vector: 4
2025-11-18 17:24:03,124 - INFO - MainThread - server_logic - [DEBUG] found replica for vector: 1
2025-11-18 17:24:03,124 - INFO - MainThread - server_logic - [DEBUG] found replica for vector: 2
2025-11-18 17:24:03,124 - INFO - MainThread - server_logic - [DEBUG] found replica for vector: 3
2025-11-18 17:24:03,124 - INFO - MainThread - server_logic - [DEBUG] found replica for vector: 4
2025-11-18 17:24:03,125 - INFO - MainThread - server_logic - [DEBUG] found replica for vector: 1
2025-11-18 17:24:03,125 - INFO - MainThread - server_logic - [DEBUG] found replica for vector: 2
2025-11-18 17:24:03,125 - INFO - MainThread - server_logic - [DEBUG] found replica for vector: 3
2025-11-18 17:24:03,125 - INFO - MainThread - server_logic - [DEBUG] found replica for vector: 4
2025-11-18 17:24:03,125 - INFO - MainThread - server_logic - [DEBUG] found replica for vector: 1
2025-11-18 17:24:03,125 - INFO - MainThread - server_logic - [DEBUG] found replica for vector: 2
2025-11-18 17:24:03,125 - INFO - MainThread - server_logic - [DEBUG] found replica for vector: 3
2025-11-18 17:24:03,125 - INFO - MainThread - server_logic - [DEBUG] to me replica for vector: 3
2025-11-18 17:24:03,125 - INFO - MainThread - server_logic - [DEBUG] found replica for vector: 1
2025-11-18 17:24:03,125 - INFO - MainThread - server_logic - [DEBUG] found replica for vector: 2
2025-11-18 17:24:03,125 - INFO - MainThread - server_logic - [DEBUG] found replica for vector: 3
2025-11-18 17:24:03,125 - INFO - MainThread - server_logic - [DEBUG] to me replica for vector: 3
2025-11-18 17:24:03,125 - INFO - MainThread - server_logic - [DEBUG] found replica for vector: 1
2025-11-18 17:24:03,125 - INFO - MainThread - server_logic - [DEBUG] found replica for vector: 2
2025-11-18 17:24:03,125 - INFO - MainThread - server_logic - [DEBUG] found replica for vector: 3
2025-11-18 17:24:03,125 - INFO - MainThread - server_logic - [DEBUG] found replica for vector: 4
2025-11-18 17:24:03,125 - INFO - MainThread - server_logic - [DEBUG] found replica for vector: 1
2025-11-18 17:24:03,125 - INFO - MainThread - server_logic - [DEBUG] found replica for vector: 2
2025-11-18 17:24:03,125 - INFO - MainThread - server_logic - [DEBUG] found replica for vector: 3
2025-11-18 17:24:03,125 - INFO - MainThread - server_logic - [DEBUG] to me replica for vector: 3
2025-11-18 17:24:03,125 - INFO - MainThread - server_logic - [DEBUG] found replica for vector: 1
2025-11-18 17:24:03,125 - INFO - MainThread - server_logic - [DEBUG] found replica for vector: 2
2025-11-18 17:24:03,125 - INFO - MainThread - server_logic - [DEBUG] found replica for vector: 3
2025-11-18 17:24:03,125 - INFO - MainThread - server_logic - [DEBUG] to me replica for vector: 3
2025-11-18 17:24:03,125 - INFO - MainThread - server_logic - [DEBUG] found replica for vector: 1
2025-11-18 17:24:03,125 - INFO - MainThread - server_logic - [DEBUG] found replica for vector: 2
2025-11-18 17:24:03,125 - INFO - MainThread - server_logic - [DEBUG] found replica for vector: 3
2025-11-18 17:24:03,125 - INFO - MainThread - server_logic - [DEBUG] found replica for vector: 4
2025-11-18 17:24:03,125 - INFO - MainThread - server_logic - [DEBUG] found replica for vector: 1
2025-11-18 17:24:03,125 - INFO - MainThread - server_logic - [DEBUG] found replica for vector: 2
2025-11-18 17:24:03,125 - INFO - MainThread - server_logic - [DEBUG] found replica for vector: 3
2025-11-18 17:24:03,125 - INFO - MainThread - server_logic - [DEBUG] found replica for vector: 4
2025-11-18 17:24:03,125 - INFO - MainThread - server_logic - [DEBUG] found replica for vector: 1
2025-11-18 17:24:03,125 - INFO - MainThread - server_logic - [DEBUG] found replica for vector: 2
2025-11-18 17:24:03,125 - INFO - MainThread - server_logic - [DEBUG] found replica for vector: 3
2025-11-18 17:24:03,125 - INFO - MainThread - server_logic - [DEBUG] to me replica for vector: 3
2025-11-18 17:24:03,125 - INFO - MainThread - server_logic - [DEBUG] found replica for vector: 1
2025-11-18 17:24:03,125 - INFO - MainThread - server_logic - [DEBUG] found replica for vector: 2
2025-11-18 17:24:03,125 - INFO - MainThread - server_logic - [DEBUG] found replica for vector: 3
2025-11-18 17:24:03,125 - INFO - MainThread - server_logic - [DEBUG] to me replica for vector: 3
2025-11-18 17:24:03,125 - INFO - MainThread - server_logic - [DEBUG] found replica for vector: 1
2025-11-18 17:24:03,125 - INFO - MainThread - server_logic - [DEBUG] found replica for vector: 2
2025-11-18 17:24:03,125 - INFO - MainThread - server_logic - [DEBUG] found replica for vector: 3
2025-11-18 17:24:03,125 - INFO - MainThread - server_logic - [DEBUG] found replica for vector: 4
2025-11-18 17:24:03,125 - INFO - MainThread - server_logic - [DEBUG] found replica for vector: 1
2025-11-18 17:24:03,125 - INFO - MainThread - server_logic - [DEBUG] found replica for vector: 2
2025-11-18 17:24:03,125 - INFO - MainThread - server_logic - [DEBUG] found replica for vector: 3
2025-11-18 17:24:03,125 - INFO - MainThread - server_logic - [DEBUG] to me replica for vector: 3
2025-11-18 17:24:03,125 - INFO - MainThread - server_logic - [DEBUG] found replica for vector: 1
2025-11-18 17:24:03,125 - INFO - MainThread - server_logic - [DEBUG] found replica for vector: 2
2025-11-18 17:24:03,125 - INFO - MainThread - server_logic - [DEBUG] found replica for vector: 3
2025-11-18 17:24:03,125 - INFO - MainThread - server_logic - [DEBUG] found replica for vector: 4
2025-11-18 17:24:03,125 - INFO - MainThread - server_logic - [DEBUG] found replica for vector: 1
2025-11-18 17:24:03,125 - INFO - MainThread - server_logic - [DEBUG] found replica for vector: 2
2025-11-18 17:24:03,125 - INFO - MainThread - server_logic - [DEBUG] found replica for vector: 3
2025-11-18 17:24:03,125 - INFO - MainThread - server_logic - [DEBUG] found replica for vector: 4
2025-11-18 17:24:03,125 - INFO - MainThread - server_logic - [DEBUG] found replica for vector: 1
2025-11-18 17:24:03,126 - INFO - MainThread - server_logic - [DEBUG] found replica for vector: 2
2025-11-18 17:24:03,126 - INFO - MainThread - server_logic - [DEBUG] found replica for vector: 3
2025-11-18 17:24:03,126 - INFO - MainThread - server_logic - [DEBUG] found replica for vector: 4
2025-11-18 17:24:03,126 - INFO - MainThread - server_logic - [DEBUG] found replica for vector: 1
2025-11-18 17:24:03,126 - INFO - MainThread - server_logic - [DEBUG] found replica for vector: 2
2025-11-18 17:24:03,126 - INFO - MainThread - server_logic - [DEBUG] found replica for vector: 3
2025-11-18 17:24:03,126 - INFO - MainThread - server_logic - [DEBUG] found replica for vector: 4
2025-11-18 17:24:03,126 - INFO - MainThread - server_logic - [DEBUG] found replica for vector: 1
2025-11-18 17:24:03,126 - INFO - MainThread - server_logic - [DEBUG] found replica for vector: 2
2025-11-18 17:24:03,126 - INFO - MainThread - server_logic - [DEBUG] found replica for vector: 3
2025-11-18 17:24:03,126 - INFO - MainThread - server_logic - [DEBUG] found replica for vector: 4
2025-11-18 17:24:03,126 - INFO - MainThread - server_logic - [DEBUG] found replica for vector: 1
2025-11-18 17:24:03,126 - INFO - MainThread - server_logic - [DEBUG] found replica for vector: 2
2025-11-18 17:24:03,126 - INFO - MainThread - server_logic - [DEBUG] found replica for vector: 3
2025-11-18 17:24:03,126 - INFO - MainThread - server_logic - [DEBUG] found replica for vector: 4
2025-11-18 17:24:03,126 - INFO - MainThread - server_logic - [DEBUG] found replica for vector: 1
2025-11-18 17:24:03,126 - INFO - MainThread - server_logic - [DEBUG] found replica for vector: 2
2025-11-18 17:24:03,126 - INFO - MainThread - server_logic - [DEBUG] found replica for vector: 3
2025-11-18 17:24:03,126 - INFO - MainThread - server_logic - [DEBUG] found replica for vector: 4
2025-11-18 17:24:03,126 - INFO - MainThread - server_logic - [DEBUG] found replica for vector: 1
2025-11-18 17:24:03,126 - INFO - MainThread - server_logic - [DEBUG] found replica for vector: 2
2025-11-18 17:24:03,126 - INFO - MainThread - server_logic - [DEBUG] found replica for vector: 3
2025-11-18 17:24:03,126 - INFO - MainThread - server_logic - [DEBUG] to me replica for vector: 3
2025-11-18 17:24:03,126 - INFO - MainThread - server_logic - [DEBUG] found replica for vector: 1
2025-11-18 17:24:03,126 - INFO - MainThread - server_logic - [DEBUG] found replica for vector: 2
2025-11-18 17:24:03,126 - INFO - MainThread - server_logic - [DEBUG] found replica for vector: 3
2025-11-18 17:24:03,126 - INFO - MainThread - server_logic - [DEBUG] to me replica for vector: 3
2025-11-18 17:24:03,126 - INFO - MainThread - server_logic - [DEBUG] found replica for vector: 1
2025-11-18 17:24:03,126 - INFO - MainThread - server_logic - [DEBUG] found replica for vector: 2
2025-11-18 17:24:03,126 - INFO - MainThread - server_logic - [DEBUG] found replica for vector: 3
2025-11-18 17:24:03,126 - INFO - MainThread - server_logic - [DEBUG] found replica for vector: 4
2025-11-18 17:24:03,126 - INFO - MainThread - server_logic - [DEBUG] found replica for vector: 1
2025-11-18 17:24:03,126 - INFO - MainThread - server_logic - [DEBUG] found replica for vector: 2
2025-11-18 17:24:03,126 - INFO - MainThread - server_logic - [DEBUG] found replica for vector: 3
2025-11-18 17:24:03,126 - INFO - MainThread - server_logic - [DEBUG] to me replica for vector: 3
2025-11-18 17:24:03,126 - INFO - MainThread - server_logic - [DEBUG] found replica for vector: 1
2025-11-18 17:24:03,126 - INFO - MainThread - server_logic - [DEBUG] found replica for vector: 2
2025-11-18 17:24:03,126 - INFO - MainThread - server_logic - [DEBUG] found replica for vector: 3
2025-11-18 17:24:03,126 - INFO - MainThread - server_logic - [DEBUG] to me replica for vector: 3
2025-11-18 17:24:03,126 - INFO - MainThread - server_logic - [DEBUG] found replica for vector: 1
2025-11-18 17:24:03,126 - INFO - MainThread - server_logic - [DEBUG] found replica for vector: 2
2025-11-18 17:24:03,126 - INFO - MainThread - server_logic - [DEBUG] found replica for vector: 3
2025-11-18 17:24:03,126 - INFO - MainThread - server_logic - [DEBUG] found replica for vector: 4
2025-11-18 17:24:03,126 - INFO - MainThread - server_logic - [DEBUG] found replica for vector: 1
2025-11-18 17:24:03,126 - INFO - MainThread - server_logic - [DEBUG] found replica for vector: 2
2025-11-18 17:24:03,126 - INFO - MainThread - server_logic - [DEBUG] found replica for vector: 3
2025-11-18 17:24:03,126 - INFO - MainThread - server_logic - [DEBUG] found replica for vector: 4
2025-11-18 17:24:03,126 - INFO - MainThread - server_logic - [DEBUG] found replica for vector: 1
2025-11-18 17:24:03,126 - INFO - MainThread - server_logic - [DEBUG] found replica for vector: 2
2025-11-18 17:24:03,126 - INFO - MainThread - server_logic - [DEBUG] found replica for vector: 3
2025-11-18 17:24:03,126 - INFO - MainThread - server_logic - [DEBUG] found replica for vector: 4
2025-11-18 17:24:03,126 - INFO - MainThread - server_logic - [DEBUG] found replica for vector: 1
2025-11-18 17:24:03,126 - INFO - MainThread - server_logic - [DEBUG] found replica for vector: 2
2025-11-18 17:24:03,126 - INFO - MainThread - server_logic - [DEBUG] found replica for vector: 3
2025-11-18 17:24:03,126 - INFO - MainThread - server_logic - [DEBUG] found replica for vector: 4
2025-11-18 17:24:03,126 - INFO - MainThread - server_logic - [DEBUG] found replica for vector: 1
2025-11-18 17:24:03,126 - INFO - MainThread - server_logic - [DEBUG] found replica for vector: 2
2025-11-18 17:24:03,126 - INFO - MainThread - server_logic - [DEBUG] found replica for vector: 3
2025-11-18 17:24:03,126 - INFO - MainThread - server_logic - [DEBUG] found replica for vector: 4
2025-11-18 17:24:03,127 - INFO - MainThread - server_logic - [DEBUG] found replica for vector: 1
2025-11-18 17:24:03,127 - INFO - MainThread - server_logic - [DEBUG] found replica for vector: 2
2025-11-18 17:24:03,127 - INFO - MainThread - server_logic - [DEBUG] found replica for vector: 3
2025-11-18 17:24:03,127 - INFO - MainThread - server_logic - [DEBUG] found replica for vector: 4
2025-11-18 17:24:03,127 - INFO - MainThread - server_logic - [DEBUG] found replica for vector: 1
2025-11-18 17:24:03,127 - INFO - MainThread - server_logic - [DEBUG] found replica for vector: 2
2025-11-18 17:24:03,127 - INFO - MainThread - server_logic - [DEBUG] found replica for vector: 3
2025-11-18 17:24:03,127 - INFO - MainThread - server_logic - [DEBUG] to me replica for vector: 3
2025-11-18 17:24:03,127 - INFO - MainThread - server_logic - [DEBUG] found replica for vector: 1
2025-11-18 17:24:03,127 - INFO - MainThread - server_logic - [DEBUG] found replica for vector: 2
2025-11-18 17:24:03,127 - INFO - MainThread - server_logic - [DEBUG] found replica for vector: 3
2025-11-18 17:24:03,127 - INFO - MainThread - server_logic - [DEBUG] found replica for vector: 4
2025-11-18 17:24:03,127 - INFO - MainThread - server_logic - [DEBUG] found replica for vector: 1
2025-11-18 17:24:03,127 - INFO - MainThread - server_logic - [DEBUG] found replica for vector: 2
2025-11-18 17:24:03,127 - INFO - MainThread - server_logic - [DEBUG] found replica for vector: 3
2025-11-18 17:24:03,127 - INFO - MainThread - server_logic - [DEBUG] found replica for vector: 4
2025-11-18 17:24:03,127 - INFO - MainThread - server_logic - [DEBUG] found replica for vector: 1
2025-11-18 17:24:03,127 - INFO - MainThread - server_logic - [DEBUG] found replica for vector: 2
2025-11-18 17:24:03,127 - INFO - MainThread - server_logic - [DEBUG] found replica for vector: 3
2025-11-18 17:24:03,127 - INFO - MainThread - server_logic - [DEBUG] found replica for vector: 4
2025-11-18 17:24:03,127 - INFO - MainThread - server_logic - [DEBUG] found replica for vector: 1
2025-11-18 17:24:03,127 - INFO - MainThread - server_logic - [DEBUG] found replica for vector: 2
2025-11-18 17:24:03,127 - INFO - MainThread - server_logic - [DEBUG] found replica for vector: 3
2025-11-18 17:24:03,127 - INFO - MainThread - server_logic - [DEBUG] found replica for vector: 4
2025-11-18 17:24:03,127 - INFO - MainThread - server_logic - [DEBUG] found replica for vector: 1
2025-11-18 17:24:03,127 - INFO - MainThread - server_logic - [DEBUG] found replica for vector: 2
2025-11-18 17:24:03,127 - INFO - MainThread - server_logic - [DEBUG] found replica for vector: 3
2025-11-18 17:24:03,127 - INFO - MainThread - server_logic - [DEBUG] found replica for vector: 4
2025-11-18 17:24:03,127 - INFO - MainThread - server_logic - [DEBUG] found replica for vector: 1
2025-11-18 17:24:03,127 - INFO - MainThread - server_logic - [DEBUG] found replica for vector: 2
2025-11-18 17:24:03,127 - INFO - MainThread - server_logic - [DEBUG] found replica for vector: 3
2025-11-18 17:24:03,127 - INFO - MainThread - server_logic - [DEBUG] found replica for vector: 4
2025-11-18 17:24:03,127 - INFO - MainThread - server_logic - [DEBUG] found replica for vector: 1
2025-11-18 17:24:03,127 - INFO - MainThread - server_logic - [DEBUG] found replica for vector: 2
2025-11-18 17:24:03,127 - INFO - MainThread - server_logic - [DEBUG] found replica for vector: 3
2025-11-18 17:24:03,127 - INFO - MainThread - server_logic - [DEBUG] found replica for vector: 4
2025-11-18 17:24:03,127 - INFO - MainThread - server_logic - [DEBUG] found replica for vector: 1
2025-11-18 17:24:03,127 - INFO - MainThread - server_logic - [DEBUG] found replica for vector: 2
2025-11-18 17:24:03,127 - INFO - MainThread - server_logic - [DEBUG] found replica for vector: 3
2025-11-18 17:24:03,127 - INFO - MainThread - server_logic - [DEBUG] to me replica for vector: 3
2025-11-18 17:24:03,127 - INFO - MainThread - server_logic - [DEBUG] found replica for vector: 1
2025-11-18 17:24:03,127 - INFO - MainThread - server_logic - [DEBUG] found replica for vector: 2
2025-11-18 17:24:03,127 - INFO - MainThread - server_logic - [DEBUG] found replica for vector: 3
2025-11-18 17:24:03,127 - INFO - MainThread - server_logic - [DEBUG] found replica for vector: 4
2025-11-18 17:24:03,127 - INFO - MainThread - server_logic - [DEBUG] found replica for vector: 1
2025-11-18 17:24:03,127 - INFO - MainThread - server_logic - [DEBUG] found replica for vector: 2
2025-11-18 17:24:03,127 - INFO - MainThread - server_logic - [DEBUG] found replica for vector: 3
2025-11-18 17:24:03,127 - INFO - MainThread - server_logic - [DEBUG] to me replica for vector: 3
2025-11-18 17:24:03,127 - INFO - MainThread - server_logic - [DEBUG] found replica for vector: 1
2025-11-18 17:24:03,127 - INFO - MainThread - server_logic - [DEBUG] found replica for vector: 2
2025-11-18 17:24:03,127 - INFO - MainThread - server_logic - [DEBUG] found replica for vector: 3
2025-11-18 17:24:03,127 - INFO - MainThread - server_logic - [DEBUG] found replica for vector: 4
2025-11-18 17:24:03,127 - INFO - MainThread - server_logic - [DEBUG] found replica for vector: 1
2025-11-18 17:24:03,127 - INFO - MainThread - server_logic - [DEBUG] found replica for vector: 2
2025-11-18 17:24:03,127 - INFO - MainThread - server_logic - [DEBUG] found replica for vector: 3
2025-11-18 17:24:03,127 - INFO - MainThread - server_logic - [DEBUG] found replica for vector: 4
2025-11-18 17:24:03,127 - INFO - MainThread - server_logic - [DEBUG] found replica for vector: 1
2025-11-18 17:24:03,127 - INFO - MainThread - server_logic - [DEBUG] found replica for vector: 2
2025-11-18 17:24:03,128 - INFO - MainThread - server_logic - [DEBUG] found replica for vector: 3
2025-11-18 17:24:03,128 - INFO - MainThread - server_logic - [DEBUG] found replica for vector: 4
2025-11-18 17:24:03,128 - INFO - MainThread - server_logic - [DEBUG] found replica for vector: 1
2025-11-18 17:24:03,128 - INFO - MainThread - server_logic - [DEBUG] found replica for vector: 2
2025-11-18 17:24:03,128 - INFO - MainThread - server_logic - [DEBUG] found replica for vector: 3
2025-11-18 17:24:03,128 - INFO - MainThread - server_logic - [DEBUG] found replica for vector: 4
2025-11-18 17:24:03,128 - INFO - MainThread - server_logic - [DEBUG] found replica for vector: 1
2025-11-18 17:24:03,128 - INFO - MainThread - server_logic - [DEBUG] found replica for vector: 2
2025-11-18 17:24:03,128 - INFO - MainThread - server_logic - [DEBUG] found replica for vector: 3
2025-11-18 17:24:03,128 - INFO - MainThread - server_logic - [DEBUG] found replica for vector: 4
2025-11-18 17:24:03,128 - INFO - MainThread - server_logic - [DEBUG] found replica for vector: 1
2025-11-18 17:24:03,128 - INFO - MainThread - server_logic - [DEBUG] found replica for vector: 2
2025-11-18 17:24:03,128 - INFO - MainThread - server_logic - [DEBUG] found replica for vector: 3
2025-11-18 17:24:03,128 - INFO - MainThread - server_logic - [DEBUG] found replica for vector: 4
2025-11-18 17:24:03,128 - INFO - MainThread - server_logic - [DEBUG] found replica for vector: 1
2025-11-18 17:24:03,128 - INFO - MainThread - server_logic - [DEBUG] found replica for vector: 2
2025-11-18 17:24:03,128 - INFO - MainThread - server_logic - [DEBUG] found replica for vector: 3
2025-11-18 17:24:03,128 - INFO - MainThread - server_logic - [DEBUG] found replica for vector: 4
2025-11-18 17:24:03,128 - INFO - MainThread - server_logic - [DEBUG] found replica for vector: 1
2025-11-18 17:24:03,128 - INFO - MainThread - server_logic - [DEBUG] found replica for vector: 2
2025-11-18 17:24:03,128 - INFO - MainThread - server_logic - [DEBUG] found replica for vector: 3
2025-11-18 17:24:03,128 - INFO - MainThread - server_logic - [DEBUG] to me replica for vector: 3
2025-11-18 17:24:03,128 - INFO - MainThread - server_logic - [DEBUG] found replica for vector: 1
2025-11-18 17:24:03,128 - INFO - MainThread - server_logic - [DEBUG] found replica for vector: 2
2025-11-18 17:24:03,128 - INFO - MainThread - server_logic - [DEBUG] found replica for vector: 3
2025-11-18 17:24:03,128 - INFO - MainThread - server_logic - [DEBUG] found replica for vector: 4
2025-11-18 17:24:03,128 - INFO - MainThread - server_logic - [DEBUG] found replica for vector: 1
2025-11-18 17:24:03,128 - INFO - MainThread - server_logic - [DEBUG] found replica for vector: 2
2025-11-18 17:24:03,128 - INFO - MainThread - server_logic - [DEBUG] found replica for vector: 3
2025-11-18 17:24:03,128 - INFO - MainThread - server_logic - [DEBUG] found replica for vector: 4
2025-11-18 17:24:03,128 - INFO - MainThread - server_logic - [DEBUG] found replica for vector: 1
2025-11-18 17:24:03,128 - INFO - MainThread - server_logic - [DEBUG] found replica for vector: 2
2025-11-18 17:24:03,128 - INFO - MainThread - server_logic - [DEBUG] found replica for vector: 3
2025-11-18 17:24:03,128 - INFO - MainThread - server_logic - [DEBUG] found replica for vector: 4
2025-11-18 17:24:03,128 - INFO - MainThread - server_logic - [DEBUG] found replica for vector: 1
2025-11-18 17:24:03,128 - INFO - MainThread - server_logic - [DEBUG] found replica for vector: 2
2025-11-18 17:24:03,128 - INFO - MainThread - server_logic - [DEBUG] found replica for vector: 3
2025-11-18 17:24:03,128 - INFO - MainThread - server_logic - [DEBUG] found replica for vector: 4
2025-11-18 17:24:03,128 - INFO - MainThread - server_logic - [DEBUG] found replica for vector: 1
2025-11-18 17:24:03,128 - INFO - MainThread - server_logic - [DEBUG] found replica for vector: 2
2025-11-18 17:24:03,128 - INFO - MainThread - server_logic - [DEBUG] found replica for vector: 3
2025-11-18 17:24:03,128 - INFO - MainThread - server_logic - [DEBUG] found replica for vector: 4
2025-11-18 17:24:03,128 - INFO - MainThread - server_logic - [DEBUG] found replica for vector: 1
2025-11-18 17:24:03,128 - INFO - MainThread - server_logic - [DEBUG] found replica for vector: 2
2025-11-18 17:24:03,128 - INFO - MainThread - server_logic - [DEBUG] found replica for vector: 3
2025-11-18 17:24:03,128 - INFO - MainThread - server_logic - [DEBUG] found replica for vector: 4
2025-11-18 17:24:03,128 - INFO - MainThread - server_logic - [DEBUG] found replica for vector: 1
2025-11-18 17:24:03,128 - INFO - MainThread - server_logic - [DEBUG] found replica for vector: 2
2025-11-18 17:24:03,128 - INFO - MainThread - server_logic - [DEBUG] found replica for vector: 3
2025-11-18 17:24:03,128 - INFO - MainThread - server_logic - [DEBUG] found replica for vector: 4
2025-11-18 17:24:03,128 - INFO - MainThread - server_logic - [DEBUG] found replica for vector: 1
2025-11-18 17:24:03,128 - INFO - MainThread - server_logic - [DEBUG] found replica for vector: 2
2025-11-18 17:24:03,128 - INFO - MainThread - server_logic - [DEBUG] found replica for vector: 3
2025-11-18 17:24:03,128 - INFO - MainThread - server_logic - [DEBUG] found replica for vector: 4
2025-11-18 17:24:03,128 - INFO - MainThread - server_logic - [DEBUG] found replica for vector: 1
2025-11-18 17:24:03,128 - INFO - MainThread - server_logic - [DEBUG] found replica for vector: 2
2025-11-18 17:24:03,128 - INFO - MainThread - server_logic - [DEBUG] found replica for vector: 3
2025-11-18 17:24:03,128 - INFO - MainThread - server_logic - [DEBUG] found replica for vector: 4
2025-11-18 17:24:03,129 - INFO - MainThread - server_logic - [DEBUG] found replica for vector: 1
2025-11-18 17:24:03,129 - INFO - MainThread - server_logic - [DEBUG] found replica for vector: 2
2025-11-18 17:24:03,129 - INFO - MainThread - server_logic - [DEBUG] found replica for vector: 3
2025-11-18 17:24:03,129 - INFO - MainThread - server_logic - [DEBUG] found replica for vector: 4
2025-11-18 17:24:03,129 - INFO - MainThread - server_logic - [DEBUG] found replica for vector: 1
2025-11-18 17:24:03,129 - INFO - MainThread - server_logic - [DEBUG] found replica for vector: 2
2025-11-18 17:24:03,129 - INFO - MainThread - server_logic - [DEBUG] found replica for vector: 3
2025-11-18 17:24:03,129 - INFO - MainThread - server_logic - [DEBUG] found replica for vector: 4
2025-11-18 17:24:03,129 - INFO - MainThread - server_logic - [DEBUG] found replica for vector: 1
2025-11-18 17:24:03,129 - INFO - MainThread - server_logic - [DEBUG] found replica for vector: 2
2025-11-18 17:24:03,129 - INFO - MainThread - server_logic - [DEBUG] found replica for vector: 3
2025-11-18 17:24:03,129 - INFO - MainThread - server_logic - [DEBUG] found replica for vector: 4
2025-11-18 17:24:03,129 - INFO - MainThread - server_logic - [DEBUG] found replica for vector: 1
2025-11-18 17:24:03,129 - INFO - MainThread - server_logic - [DEBUG] found replica for vector: 2
2025-11-18 17:24:03,129 - INFO - MainThread - server_logic - [DEBUG] found replica for vector: 3
2025-11-18 17:24:03,129 - INFO - MainThread - server_logic - [DEBUG] found replica for vector: 4
2025-11-18 17:24:03,129 - INFO - MainThread - server_logic - [DEBUG] found replica for vector: 1
2025-11-18 17:24:03,129 - INFO - MainThread - server_logic - [DEBUG] found replica for vector: 2
2025-11-18 17:24:03,129 - INFO - MainThread - server_logic - [DEBUG] found replica for vector: 3
2025-11-18 17:24:03,129 - INFO - MainThread - server_logic - [DEBUG] found replica for vector: 4
2025-11-18 17:24:03,129 - INFO - MainThread - server_logic - [DEBUG] found replica for vector: 1
2025-11-18 17:24:03,129 - INFO - MainThread - server_logic - [DEBUG] found replica for vector: 2
2025-11-18 17:24:03,129 - INFO - MainThread - server_logic - [DEBUG] found replica for vector: 3
2025-11-18 17:24:03,129 - INFO - MainThread - server_logic - [DEBUG] to me replica for vector: 3
2025-11-18 17:24:03,129 - INFO - MainThread - server_logic - [DEBUG] found replica for vector: 1
2025-11-18 17:24:03,129 - INFO - MainThread - server_logic - [DEBUG] found replica for vector: 2
2025-11-18 17:24:03,129 - INFO - MainThread - server_logic - [DEBUG] found replica for vector: 3
2025-11-18 17:24:03,129 - INFO - MainThread - server_logic - [DEBUG] found replica for vector: 4
2025-11-18 17:24:03,129 - INFO - MainThread - server_logic - [DEBUG] found replica for vector: 1
2025-11-18 17:24:03,129 - INFO - MainThread - server_logic - [DEBUG] found replica for vector: 2
2025-11-18 17:24:03,129 - INFO - MainThread - server_logic - [DEBUG] found replica for vector: 3
2025-11-18 17:24:03,129 - INFO - MainThread - server_logic - [DEBUG] to me replica for vector: 3
2025-11-18 17:24:03,129 - INFO - MainThread - server_logic - [DEBUG] found replica for vector: 1
2025-11-18 17:24:03,129 - INFO - MainThread - server_logic - [DEBUG] found replica for vector: 2
2025-11-18 17:24:03,129 - INFO - MainThread - server_logic - [DEBUG] found replica for vector: 3
2025-11-18 17:24:03,129 - INFO - MainThread - server_logic - [DEBUG] found replica for vector: 4
2025-11-18 17:24:03,129 - INFO - MainThread - server_logic - [DEBUG] found replica for vector: 1
2025-11-18 17:24:03,129 - INFO - MainThread - server_logic - [DEBUG] found replica for vector: 2
2025-11-18 17:24:03,129 - INFO - MainThread - server_logic - [DEBUG] found replica for vector: 3
2025-11-18 17:24:03,129 - INFO - MainThread - server_logic - [DEBUG] found replica for vector: 4
2025-11-18 17:24:03,129 - INFO - MainThread - server_logic - [DEBUG] found replica for vector: 1
2025-11-18 17:24:03,129 - INFO - MainThread - server_logic - [DEBUG] found replica for vector: 2
2025-11-18 17:24:03,129 - INFO - MainThread - server_logic - [DEBUG] found replica for vector: 3
2025-11-18 17:24:03,129 - INFO - MainThread - server_logic - [DEBUG] found replica for vector: 4
2025-11-18 17:24:03,129 - INFO - MainThread - server_logic - [DEBUG] found replica for vector: 1
2025-11-18 17:24:03,129 - INFO - MainThread - server_logic - [DEBUG] found replica for vector: 2
2025-11-18 17:24:03,129 - INFO - MainThread - server_logic - [DEBUG] found replica for vector: 3
2025-11-18 17:24:03,129 - INFO - MainThread - server_logic - [DEBUG] found replica for vector: 4
2025-11-18 17:24:03,129 - INFO - MainThread - server_logic - [DEBUG] found replica for vector: 1
2025-11-18 17:24:03,129 - INFO - MainThread - server_logic - [DEBUG] found replica for vector: 2
2025-11-18 17:24:03,129 - INFO - MainThread - server_logic - [DEBUG] found replica for vector: 3
2025-11-18 17:24:03,129 - INFO - MainThread - server_logic - [DEBUG] found replica for vector: 4
2025-11-18 17:24:03,129 - INFO - MainThread - server_logic - [DEBUG] found replica for vector: 1
2025-11-18 17:24:03,129 - INFO - MainThread - server_logic - [DEBUG] found replica for vector: 2
2025-11-18 17:24:03,129 - INFO - MainThread - server_logic - [DEBUG] found replica for vector: 3
2025-11-18 17:24:03,129 - INFO - MainThread - server_logic - [DEBUG] found replica for vector: 4
2025-11-18 17:24:03,129 - INFO - MainThread - server_logic - [DEBUG] found replica for vector: 1
2025-11-18 17:24:03,129 - INFO - MainThread - server_logic - [DEBUG] found replica for vector: 2
2025-11-18 17:24:03,130 - INFO - MainThread - server_logic - [DEBUG] found replica for vector: 3
2025-11-18 17:24:03,130 - INFO - MainThread - server_logic - [DEBUG] to me replica for vector: 3
2025-11-18 17:24:03,130 - INFO - MainThread - server_logic - [DEBUG] found replica for vector: 1
2025-11-18 17:24:03,130 - INFO - MainThread - server_logic - [DEBUG] found replica for vector: 2
2025-11-18 17:24:03,130 - INFO - MainThread - server_logic - [DEBUG] found replica for vector: 3
2025-11-18 17:24:03,130 - INFO - MainThread - server_logic - [DEBUG] found replica for vector: 4
2025-11-18 17:24:03,130 - INFO - MainThread - server_logic - [DEBUG] found replica for vector: 1
2025-11-18 17:24:03,130 - INFO - MainThread - server_logic - [DEBUG] found replica for vector: 2
2025-11-18 17:24:03,130 - INFO - MainThread - server_logic - [DEBUG] found replica for vector: 3
2025-11-18 17:24:03,130 - INFO - MainThread - server_logic - [DEBUG] found replica for vector: 4
2025-11-18 17:24:03,130 - INFO - MainThread - server_logic - [DEBUG] found replica for vector: 1
2025-11-18 17:24:03,130 - INFO - MainThread - server_logic - [DEBUG] found replica for vector: 2
2025-11-18 17:24:03,130 - INFO - MainThread - server_logic - [DEBUG] found replica for vector: 3
2025-11-18 17:24:03,130 - INFO - MainThread - server_logic - [DEBUG] to me replica for vector: 3
2025-11-18 17:24:03,130 - INFO - MainThread - server_logic - [DEBUG] found replica for vector: 1
2025-11-18 17:24:03,130 - INFO - MainThread - server_logic - [DEBUG] found replica for vector: 2
2025-11-18 17:24:03,130 - INFO - MainThread - server_logic - [DEBUG] found replica for vector: 3
2025-11-18 17:24:03,130 - INFO - MainThread - server_logic - [DEBUG] found replica for vector: 4
2025-11-18 17:24:03,130 - INFO - MainThread - server_logic - [DEBUG] found replica for vector: 1
2025-11-18 17:24:03,130 - INFO - MainThread - server_logic - [DEBUG] found replica for vector: 2
2025-11-18 17:24:03,130 - INFO - MainThread - server_logic - [DEBUG] found replica for vector: 3
2025-11-18 17:24:03,130 - INFO - MainThread - server_logic - [DEBUG] found replica for vector: 4
2025-11-18 17:24:03,130 - INFO - MainThread - server_logic - [DEBUG] found replica for vector: 1
2025-11-18 17:24:03,130 - INFO - MainThread - server_logic - [DEBUG] found replica for vector: 2
2025-11-18 17:24:03,130 - INFO - MainThread - server_logic - [DEBUG] found replica for vector: 3
2025-11-18 17:24:03,130 - INFO - MainThread - server_logic - [DEBUG] to me replica for vector: 3
2025-11-18 17:24:03,130 - INFO - MainThread - server_logic - [DEBUG] found replica for vector: 1
2025-11-18 17:24:03,130 - INFO - MainThread - server_logic - [DEBUG] found replica for vector: 2
2025-11-18 17:24:03,130 - INFO - MainThread - server_logic - [DEBUG] found replica for vector: 3
2025-11-18 17:24:03,130 - INFO - MainThread - server_logic - [DEBUG] found replica for vector: 4
2025-11-18 17:24:03,130 - INFO - MainThread - server_logic - [DEBUG] found replica for vector: 1
2025-11-18 17:24:03,130 - INFO - MainThread - server_logic - [DEBUG] found replica for vector: 2
2025-11-18 17:24:03,130 - INFO - MainThread - server_logic - [DEBUG] found replica for vector: 3
2025-11-18 17:24:03,130 - INFO - MainThread - server_logic - [DEBUG] found replica for vector: 4
2025-11-18 17:24:03,130 - INFO - MainThread - server_logic - [DEBUG] found replica for vector: 1
2025-11-18 17:24:03,130 - INFO - MainThread - server_logic - [DEBUG] found replica for vector: 2
2025-11-18 17:24:03,130 - INFO - MainThread - server_logic - [DEBUG] found replica for vector: 3
2025-11-18 17:24:03,130 - INFO - MainThread - server_logic - [DEBUG] to me replica for vector: 3
2025-11-18 17:24:03,130 - INFO - MainThread - server_logic - [DEBUG] found replica for vector: 1
2025-11-18 17:24:03,130 - INFO - MainThread - server_logic - [DEBUG] found replica for vector: 2
2025-11-18 17:24:03,130 - INFO - MainThread - server_logic - [DEBUG] found replica for vector: 3
2025-11-18 17:24:03,130 - INFO - MainThread - server_logic - [DEBUG] found replica for vector: 4
2025-11-18 17:24:03,130 - INFO - MainThread - server_logic - [DEBUG] found replica for vector: 1
2025-11-18 17:24:03,130 - INFO - MainThread - server_logic - [DEBUG] found replica for vector: 2
2025-11-18 17:24:03,130 - INFO - MainThread - server_logic - [DEBUG] found replica for vector: 3
2025-11-18 17:24:03,130 - INFO - MainThread - server_logic - [DEBUG] found replica for vector: 4
2025-11-18 17:24:03,130 - INFO - MainThread - server_logic - [DEBUG] found replica for vector: 1
2025-11-18 17:24:03,130 - INFO - MainThread - server_logic - [DEBUG] found replica for vector: 2
2025-11-18 17:24:03,130 - INFO - MainThread - server_logic - [DEBUG] found replica for vector: 3
2025-11-18 17:24:03,130 - INFO - MainThread - server_logic - [DEBUG] found replica for vector: 4
2025-11-18 17:24:03,130 - INFO - MainThread - server_logic - [DEBUG] found replica for vector: 1
2025-11-18 17:24:03,130 - INFO - MainThread - server_logic - [DEBUG] found replica for vector: 2
2025-11-18 17:24:03,130 - INFO - MainThread - server_logic - [DEBUG] found replica for vector: 3
2025-11-18 17:24:03,130 - INFO - MainThread - server_logic - [DEBUG] found replica for vector: 4
2025-11-18 17:24:03,130 - INFO - MainThread - server_logic - [DEBUG] found replica for vector: 1
2025-11-18 17:24:03,130 - INFO - MainThread - server_logic - [DEBUG] found replica for vector: 2
2025-11-18 17:24:03,130 - INFO - MainThread - server_logic - [DEBUG] found replica for vector: 3
2025-11-18 17:24:03,130 - INFO - MainThread - server_logic - [DEBUG] found replica for vector: 4
2025-11-18 17:24:03,131 - INFO - MainThread - server_logic - [DEBUG] found replica for vector: 1
2025-11-18 17:24:03,131 - INFO - MainThread - server_logic - [DEBUG] found replica for vector: 2
2025-11-18 17:24:03,131 - INFO - MainThread - server_logic - [DEBUG] found replica for vector: 3
2025-11-18 17:24:03,131 - INFO - MainThread - server_logic - [DEBUG] found replica for vector: 4
2025-11-18 17:24:03,131 - INFO - MainThread - server_logic - [DEBUG] found replica for vector: 1
2025-11-18 17:24:03,131 - INFO - MainThread - server_logic - [DEBUG] found replica for vector: 2
2025-11-18 17:24:03,131 - INFO - MainThread - server_logic - [DEBUG] found replica for vector: 3
2025-11-18 17:24:03,131 - INFO - MainThread - server_logic - [DEBUG] found replica for vector: 4
2025-11-18 17:24:03,131 - INFO - MainThread - server_logic - [DEBUG] found replica for vector: 1
2025-11-18 17:24:03,131 - INFO - MainThread - server_logic - [DEBUG] found replica for vector: 2
2025-11-18 17:24:03,131 - INFO - MainThread - server_logic - [DEBUG] found replica for vector: 3
2025-11-18 17:24:03,131 - INFO - MainThread - server_logic - [DEBUG] to me replica for vector: 3
2025-11-18 17:24:03,131 - INFO - MainThread - server_logic - [DEBUG] found replica for vector: 1
2025-11-18 17:24:03,131 - INFO - MainThread - server_logic - [DEBUG] found replica for vector: 2
2025-11-18 17:24:03,131 - INFO - MainThread - server_logic - [DEBUG] found replica for vector: 3
2025-11-18 17:24:03,131 - INFO - MainThread - server_logic - [DEBUG] found replica for vector: 4
2025-11-18 17:24:03,131 - INFO - MainThread - server_logic - [DEBUG] found replica for vector: 1
2025-11-18 17:24:03,131 - INFO - MainThread - server_logic - [DEBUG] found replica for vector: 2
2025-11-18 17:24:03,131 - INFO - MainThread - server_logic - [DEBUG] found replica for vector: 3
2025-11-18 17:24:03,131 - INFO - MainThread - server_logic - [DEBUG] found replica for vector: 4
2025-11-18 17:24:03,131 - INFO - MainThread - server_logic - [DEBUG] found replica for vector: 1
2025-11-18 17:24:03,131 - INFO - MainThread - server_logic - [DEBUG] found replica for vector: 2
2025-11-18 17:24:03,131 - INFO - MainThread - server_logic - [DEBUG] found replica for vector: 3
2025-11-18 17:24:03,131 - INFO - MainThread - server_logic - [DEBUG] to me replica for vector: 3
2025-11-18 17:24:03,131 - INFO - MainThread - server_logic - [DEBUG] found replica for vector: 1
2025-11-18 17:24:03,131 - INFO - MainThread - server_logic - [DEBUG] found replica for vector: 2
2025-11-18 17:24:03,131 - INFO - MainThread - server_logic - [DEBUG] found replica for vector: 3
2025-11-18 17:24:03,131 - INFO - MainThread - server_logic - [DEBUG] found replica for vector: 4
2025-11-18 17:24:03,131 - INFO - MainThread - server_logic - [DEBUG] found replica for vector: 1
2025-11-18 17:24:03,131 - INFO - MainThread - server_logic - [DEBUG] found replica for vector: 2
2025-11-18 17:24:03,131 - INFO - MainThread - server_logic - [DEBUG] found replica for vector: 3
2025-11-18 17:24:03,131 - INFO - MainThread - server_logic - [DEBUG] to me replica for vector: 3
2025-11-18 17:24:03,131 - INFO - MainThread - server_logic - [DEBUG] found replica for vector: 1
2025-11-18 17:24:03,131 - INFO - MainThread - server_logic - [DEBUG] found replica for vector: 2
2025-11-18 17:24:03,131 - INFO - MainThread - server_logic - [DEBUG] found replica for vector: 3
2025-11-18 17:24:03,131 - INFO - MainThread - server_logic - [DEBUG] found replica for vector: 4
2025-11-18 17:24:03,131 - INFO - MainThread - server_logic - [DEBUG] found replica for vector: 1
2025-11-18 17:24:03,131 - INFO - MainThread - server_logic - [DEBUG] found replica for vector: 2
2025-11-18 17:24:03,131 - INFO - MainThread - server_logic - [DEBUG] found replica for vector: 3
2025-11-18 17:24:03,131 - INFO - MainThread - server_logic - [DEBUG] found replica for vector: 4
2025-11-18 17:24:03,131 - INFO - MainThread - server_logic - [DEBUG] found replica for vector: 1
2025-11-18 17:24:03,131 - INFO - MainThread - server_logic - [DEBUG] found replica for vector: 2
2025-11-18 17:24:03,131 - INFO - MainThread - server_logic - [DEBUG] found replica for vector: 3
2025-11-18 17:24:03,131 - INFO - MainThread - server_logic - [DEBUG] found replica for vector: 4
2025-11-18 17:24:03,131 - INFO - MainThread - server_logic - [DEBUG] found replica for vector: 1
2025-11-18 17:24:03,131 - INFO - MainThread - server_logic - [DEBUG] found replica for vector: 2
2025-11-18 17:24:03,131 - INFO - MainThread - server_logic - [DEBUG] found replica for vector: 3
2025-11-18 17:24:03,131 - INFO - MainThread - server_logic - [DEBUG] to me replica for vector: 3
2025-11-18 17:24:03,131 - INFO - MainThread - server_logic - [DEBUG] found replica for vector: 1
2025-11-18 17:24:03,131 - INFO - MainThread - server_logic - [DEBUG] found replica for vector: 2
2025-11-18 17:24:03,131 - INFO - MainThread - server_logic - [DEBUG] found replica for vector: 3
2025-11-18 17:24:03,131 - INFO - MainThread - server_logic - [DEBUG] found replica for vector: 4
2025-11-18 17:24:03,131 - INFO - MainThread - server_logic - [DEBUG] found replica for vector: 1
2025-11-18 17:24:03,131 - INFO - MainThread - server_logic - [DEBUG] found replica for vector: 2
2025-11-18 17:24:03,131 - INFO - MainThread - server_logic - [DEBUG] found replica for vector: 3
2025-11-18 17:24:03,131 - INFO - MainThread - server_logic - [DEBUG] found replica for vector: 4
2025-11-18 17:24:03,131 - INFO - MainThread - server_logic - [DEBUG] found replica for vector: 1
2025-11-18 17:24:03,131 - INFO - MainThread - server_logic - [DEBUG] found replica for vector: 2
2025-11-18 17:24:03,131 - INFO - MainThread - server_logic - [DEBUG] found replica for vector: 3
2025-11-18 17:24:03,132 - INFO - MainThread - server_logic - [DEBUG] found replica for vector: 4
2025-11-18 17:24:03,132 - INFO - MainThread - server_logic - [DEBUG] found replica for vector: 1
2025-11-18 17:24:03,132 - INFO - MainThread - server_logic - [DEBUG] found replica for vector: 2
2025-11-18 17:24:03,132 - INFO - MainThread - server_logic - [DEBUG] found replica for vector: 3
2025-11-18 17:24:03,132 - INFO - MainThread - server_logic - [DEBUG] found replica for vector: 4
2025-11-18 17:24:03,132 - INFO - MainThread - server_logic - [DEBUG] found replica for vector: 1
2025-11-18 17:24:03,132 - INFO - MainThread - server_logic - [DEBUG] found replica for vector: 2
2025-11-18 17:24:03,132 - INFO - MainThread - server_logic - [DEBUG] found replica for vector: 3
2025-11-18 17:24:03,132 - INFO - MainThread - server_logic - [DEBUG] found replica for vector: 4
2025-11-18 17:24:03,132 - INFO - MainThread - server_logic - [DEBUG] found replica for vector: 1
2025-11-18 17:24:03,132 - INFO - MainThread - server_logic - [DEBUG] found replica for vector: 2
2025-11-18 17:24:03,132 - INFO - MainThread - server_logic - [DEBUG] found replica for vector: 3
2025-11-18 17:24:03,132 - INFO - MainThread - server_logic - [DEBUG] found replica for vector: 4
2025-11-18 17:24:03,132 - INFO - MainThread - server_logic - [DEBUG] found replica for vector: 1
2025-11-18 17:24:03,132 - INFO - MainThread - server_logic - [DEBUG] found replica for vector: 2
2025-11-18 17:24:03,132 - INFO - MainThread - server_logic - [DEBUG] found replica for vector: 3
2025-11-18 17:24:03,132 - INFO - MainThread - server_logic - [DEBUG] found replica for vector: 4
2025-11-18 17:24:03,132 - INFO - MainThread - server_logic - [Router] Distribution: Peer node1: 62, Peer node2: 56, Peer node3: 56, Peer node4: 56, Peer node5: 56, Peer node6: 53, Peer node7: 53, Peer node8: 53, Peer node10: 85, Peer node11: 85, Peer node12: 85, Peer node13: 85, Peer node14: 62, Peer node15: 62, Peer node16: 62, Me (node9): 53
2025-11-18 17:24:03,132 - INFO - MainThread - server_logic - --> [Peer Send] Sending 62 vectors to Peer node1 (localhost:9001) | Status: clustered
2025-11-18 17:24:03,202 - INFO - MainThread - server_logic - --> [Peer Send] Success: Sent vectors to node1
2025-11-18 17:24:03,202 - INFO - MainThread - server_logic - --> [Peer Send] Sending 56 vectors to Peer node2 (localhost:9002) | Status: clustered
2025-11-18 17:24:03,269 - INFO - MainThread - server_logic - --> [Peer Send] Success: Sent vectors to node2
2025-11-18 17:24:03,269 - INFO - MainThread - server_logic - --> [Peer Send] Sending 56 vectors to Peer node3 (localhost:9003) | Status: clustered
2025-11-18 17:24:03,337 - INFO - MainThread - server_logic - --> [Peer Send] Success: Sent vectors to node3
2025-11-18 17:24:03,338 - INFO - MainThread - server_logic - --> [Peer Send] Sending 56 vectors to Peer node4 (localhost:9004) | Status: clustered
2025-11-18 17:24:03,408 - INFO - MainThread - server_logic - --> [Peer Send] Success: Sent vectors to node4
2025-11-18 17:24:03,408 - INFO - MainThread - server_logic - --> [Peer Send] Sending 56 vectors to Peer node5 (localhost:9005) | Status: clustered
2025-11-18 17:24:03,477 - INFO - MainThread - server_logic - --> [Peer Send] Success: Sent vectors to node5
2025-11-18 17:24:03,477 - INFO - MainThread - server_logic - --> [Peer Send] Sending 53 vectors to Peer node6 (localhost:9006) | Status: clustered
2025-11-18 17:24:03,545 - INFO - MainThread - server_logic - --> [Peer Send] Success: Sent vectors to node6
2025-11-18 17:24:03,545 - INFO - MainThread - server_logic - --> [Peer Send] Sending 53 vectors to Peer node7 (localhost:9007) | Status: clustered
2025-11-18 17:24:03,613 - INFO - MainThread - server_logic - --> [Peer Send] Success: Sent vectors to node7
2025-11-18 17:24:03,613 - INFO - MainThread - server_logic - --> [Peer Send] Sending 53 vectors to Peer node8 (localhost:9008) | Status: clustered
2025-11-18 17:24:03,680 - INFO - MainThread - server_logic - --> [Peer Send] Success: Sent vectors to node8
2025-11-18 17:24:03,680 - INFO - MainThread - server_logic - --> [Peer Send] Sending 85 vectors to Peer node10 (localhost:9010) | Status: clustered
2025-11-18 17:24:03,775 - INFO - MainThread - server_logic - --> [Peer Send] Success: Sent vectors to node10
2025-11-18 17:24:03,775 - INFO - MainThread - server_logic - --> [Peer Send] Sending 85 vectors to Peer node11 (localhost:9011) | Status: clustered
2025-11-18 17:24:03,858 - INFO - MainThread - server_logic - --> [Peer Send] Success: Sent vectors to node11
2025-11-18 17:24:03,858 - INFO - MainThread - server_logic - --> [Peer Send] Sending 85 vectors to Peer node12 (localhost:9012) | Status: clustered
2025-11-18 17:24:03,932 - INFO - MainThread - server_logic - --> [Peer Send] Success: Sent vectors to node12
2025-11-18 17:24:03,932 - INFO - MainThread - server_logic - --> [Peer Send] Sending 85 vectors to Peer node13 (localhost:9013) | Status: clustered
2025-11-18 17:24:04,007 - INFO - MainThread - server_logic - --> [Peer Send] Success: Sent vectors to node13
2025-11-18 17:24:04,007 - INFO - MainThread - server_logic - --> [Peer Send] Sending 62 vectors to Peer node14 (localhost:9014) | Status: clustered
2025-11-18 17:24:04,078 - INFO - MainThread - server_logic - --> [Peer Send] Success: Sent vectors to node14
2025-11-18 17:24:04,078 - INFO - MainThread - server_logic - --> [Peer Send] Sending 62 vectors to Peer node15 (localhost:9015) | Status: clustered
2025-11-18 17:24:04,148 - INFO - MainThread - server_logic - --> [Peer Send] Success: Sent vectors to node15
2025-11-18 17:24:04,148 - INFO - MainThread - server_logic - --> [Peer Send] Sending 62 vectors to Peer node16 (localhost:9016) | Status: clustered
2025-11-18 17:24:04,214 - INFO - MainThread - server_logic - --> [Peer Send] Success: Sent vectors to node16
2025-11-18 17:24:04,214 - INFO - MainThread - server_logic - [Add Vectors] Processing 53 vectors. Sender Status: clustered. Current Node Status: clustered
2025-11-18 17:24:04,214 - INFO - MainThread - server_logic - [Add Vectors] Direct Insert: Storing 53 vectors in local Qdrant (Sender is clustered).
2025-11-18 17:24:04,267 - INFO - MainThread - httpx - HTTP Request: GET http://localhost:6349 "HTTP/1.1 200 OK"
2025-11-18 17:24:04,267 - INFO - MainThread - qdrant_module - [Qdrant] Attempting to insert 53 vectors into vectors on http://localhost:6349...
2025-11-18 17:24:04,275 - INFO - MainThread - qdrant_module - [Qdrant] Success: Inserted 53 vectors.
2025-11-18 17:24:04,276 - INFO - MainThread - __main__ - API: /add completed
2025-11-18 17:24:04,277 - INFO - MainThread - uvicorn.access - 127.0.0.1:53341 - "POST /add HTTP/1.1" 200
2025-11-18 17:24:04,925 - INFO - ThreadPoolExecutor-0_1 - grpc_handler - [GRPC IN] ReceiveVectors called. ReqID: 122, Type: clustered, Count: 49
2025-11-18 17:24:04,926 - INFO - ThreadPoolExecutor-0_1 - server_logic - [Add Vectors] Processing 49 vectors. Sender Status: clustered. Current Node Status: clustered
2025-11-18 17:24:04,926 - INFO - ThreadPoolExecutor-0_1 - server_logic - [Add Vectors] Direct Insert: Storing 49 vectors in local Qdrant (Sender is clustered).
2025-11-18 17:24:04,978 - INFO - ThreadPoolExecutor-0_1 - httpx - HTTP Request: GET http://localhost:6349 "HTTP/1.1 200 OK"
2025-11-18 17:24:04,979 - INFO - ThreadPoolExecutor-0_1 - qdrant_module - [Qdrant] Attempting to insert 49 vectors into vectors on http://localhost:6349...
2025-11-18 17:24:04,989 - INFO - ThreadPoolExecutor-0_1 - qdrant_module - [Qdrant] Success: Inserted 49 vectors.
2025-11-18 17:24:04,990 - INFO - ThreadPoolExecutor-0_1 - grpc_handler - [GRPC IN] ReceiveVectors processed successfully.
2025-11-18 17:24:06,226 - INFO - ThreadPoolExecutor-0_0 - grpc_handler - [GRPC IN] ReceiveVectors called. ReqID: 123, Type: clustered, Count: 53
2025-11-18 17:24:06,226 - INFO - ThreadPoolExecutor-0_0 - server_logic - [Add Vectors] Processing 53 vectors. Sender Status: clustered. Current Node Status: clustered
2025-11-18 17:24:06,226 - INFO - ThreadPoolExecutor-0_0 - server_logic - [Add Vectors] Direct Insert: Storing 53 vectors in local Qdrant (Sender is clustered).
2025-11-18 17:24:06,279 - INFO - ThreadPoolExecutor-0_0 - httpx - HTTP Request: GET http://localhost:6349 "HTTP/1.1 200 OK"
2025-11-18 17:24:06,280 - INFO - ThreadPoolExecutor-0_0 - qdrant_module - [Qdrant] Attempting to insert 53 vectors into vectors on http://localhost:6349...
2025-11-18 17:24:06,290 - INFO - ThreadPoolExecutor-0_0 - qdrant_module - [Qdrant] Success: Inserted 53 vectors.
2025-11-18 17:24:06,291 - INFO - ThreadPoolExecutor-0_0 - grpc_handler - [GRPC IN] ReceiveVectors processed successfully.
2025-11-18 17:24:07,448 - INFO - ThreadPoolExecutor-0_1 - grpc_handler - [GRPC IN] ReceiveVectors called. ReqID: 124, Type: clustered, Count: 47
2025-11-18 17:24:07,449 - INFO - ThreadPoolExecutor-0_1 - server_logic - [Add Vectors] Processing 47 vectors. Sender Status: clustered. Current Node Status: clustered
2025-11-18 17:24:07,449 - INFO - ThreadPoolExecutor-0_1 - server_logic - [Add Vectors] Direct Insert: Storing 47 vectors in local Qdrant (Sender is clustered).
2025-11-18 17:24:07,500 - INFO - ThreadPoolExecutor-0_1 - httpx - HTTP Request: GET http://localhost:6349 "HTTP/1.1 200 OK"
2025-11-18 17:24:07,501 - INFO - ThreadPoolExecutor-0_1 - qdrant_module - [Qdrant] Attempting to insert 47 vectors into vectors on http://localhost:6349...
2025-11-18 17:24:07,508 - INFO - ThreadPoolExecutor-0_1 - qdrant_module - [Qdrant] Success: Inserted 47 vectors.
2025-11-18 17:24:07,510 - INFO - ThreadPoolExecutor-0_1 - grpc_handler - [GRPC IN] ReceiveVectors processed successfully.
2025-11-18 17:24:08,653 - INFO - ThreadPoolExecutor-0_0 - grpc_handler - [GRPC IN] ReceiveVectors called. ReqID: 125, Type: clustered, Count: 45
2025-11-18 17:24:08,654 - INFO - ThreadPoolExecutor-0_0 - server_logic - [Add Vectors] Processing 45 vectors. Sender Status: clustered. Current Node Status: clustered
2025-11-18 17:24:08,654 - INFO - ThreadPoolExecutor-0_0 - server_logic - [Add Vectors] Direct Insert: Storing 45 vectors in local Qdrant (Sender is clustered).
2025-11-18 17:24:08,707 - INFO - ThreadPoolExecutor-0_0 - httpx - HTTP Request: GET http://localhost:6349 "HTTP/1.1 200 OK"
2025-11-18 17:24:08,708 - INFO - ThreadPoolExecutor-0_0 - qdrant_module - [Qdrant] Attempting to insert 45 vectors into vectors on http://localhost:6349...
2025-11-18 17:24:08,717 - INFO - ThreadPoolExecutor-0_0 - qdrant_module - [Qdrant] Success: Inserted 45 vectors.
2025-11-18 17:24:08,718 - INFO - ThreadPoolExecutor-0_0 - grpc_handler - [GRPC IN] ReceiveVectors processed successfully.
2025-11-18 17:24:10,077 - INFO - ThreadPoolExecutor-0_1 - grpc_handler - [GRPC IN] ReceiveVectors called. ReqID: 126, Type: clustered, Count: 51
2025-11-18 17:24:10,078 - INFO - ThreadPoolExecutor-0_1 - server_logic - [Add Vectors] Processing 51 vectors. Sender Status: clustered. Current Node Status: clustered
2025-11-18 17:24:10,078 - INFO - ThreadPoolExecutor-0_1 - server_logic - [Add Vectors] Direct Insert: Storing 51 vectors in local Qdrant (Sender is clustered).
2025-11-18 17:24:10,140 - INFO - ThreadPoolExecutor-0_1 - httpx - HTTP Request: GET http://localhost:6349 "HTTP/1.1 200 OK"
2025-11-18 17:24:10,141 - INFO - ThreadPoolExecutor-0_1 - qdrant_module - [Qdrant] Attempting to insert 51 vectors into vectors on http://localhost:6349...
2025-11-18 17:24:10,153 - INFO - ThreadPoolExecutor-0_1 - qdrant_module - [Qdrant] Success: Inserted 51 vectors.
2025-11-18 17:24:10,154 - INFO - ThreadPoolExecutor-0_1 - grpc_handler - [GRPC IN] ReceiveVectors processed successfully.
2025-11-18 17:24:11,425 - INFO - ThreadPoolExecutor-0_0 - grpc_handler - [GRPC IN] ReceiveVectors called. ReqID: 127, Type: clustered, Count: 54
2025-11-18 17:24:11,426 - INFO - ThreadPoolExecutor-0_0 - server_logic - [Add Vectors] Processing 54 vectors. Sender Status: clustered. Current Node Status: clustered
2025-11-18 17:24:11,426 - INFO - ThreadPoolExecutor-0_0 - server_logic - [Add Vectors] Direct Insert: Storing 54 vectors in local Qdrant (Sender is clustered).
2025-11-18 17:24:11,478 - INFO - ThreadPoolExecutor-0_0 - httpx - HTTP Request: GET http://localhost:6349 "HTTP/1.1 200 OK"
2025-11-18 17:24:11,479 - INFO - ThreadPoolExecutor-0_0 - qdrant_module - [Qdrant] Attempting to insert 54 vectors into vectors on http://localhost:6349...
2025-11-18 17:24:11,490 - INFO - ThreadPoolExecutor-0_0 - qdrant_module - [Qdrant] Success: Inserted 54 vectors.
2025-11-18 17:24:11,492 - INFO - ThreadPoolExecutor-0_0 - grpc_handler - [GRPC IN] ReceiveVectors processed successfully.
2025-11-18 17:24:12,250 - INFO - ThreadPoolExecutor-0_1 - grpc_handler - [GRPC IN] ReceiveVectors called. ReqID: 128, Type: clustered, Count: 55
2025-11-18 17:24:12,250 - INFO - ThreadPoolExecutor-0_1 - server_logic - [Add Vectors] Processing 55 vectors. Sender Status: clustered. Current Node Status: clustered
2025-11-18 17:24:12,250 - INFO - ThreadPoolExecutor-0_1 - server_logic - [Add Vectors] Direct Insert: Storing 55 vectors in local Qdrant (Sender is clustered).
2025-11-18 17:24:12,281 - INFO - ThreadPoolExecutor-0_1 - httpx - HTTP Request: GET http://localhost:6349 "HTTP/1.1 200 OK"
2025-11-18 17:24:12,281 - INFO - ThreadPoolExecutor-0_1 - qdrant_module - [Qdrant] Attempting to insert 55 vectors into vectors on http://localhost:6349...
2025-11-18 17:24:12,291 - INFO - ThreadPoolExecutor-0_1 - qdrant_module - [Qdrant] Success: Inserted 55 vectors.
2025-11-18 17:24:12,292 - INFO - ThreadPoolExecutor-0_1 - grpc_handler - [GRPC IN] ReceiveVectors processed successfully.
2025-11-18 17:24:13,018 - INFO - ThreadPoolExecutor-0_0 - grpc_handler - [GRPC IN] ReceiveVectors called. ReqID: 129, Type: clustered, Count: 65
2025-11-18 17:24:13,019 - INFO - ThreadPoolExecutor-0_0 - server_logic - [Add Vectors] Processing 65 vectors. Sender Status: clustered. Current Node Status: clustered
2025-11-18 17:24:13,019 - INFO - ThreadPoolExecutor-0_0 - server_logic - [Add Vectors] Direct Insert: Storing 65 vectors in local Qdrant (Sender is clustered).
2025-11-18 17:24:13,049 - INFO - ThreadPoolExecutor-0_0 - httpx - HTTP Request: GET http://localhost:6349 "HTTP/1.1 200 OK"
2025-11-18 17:24:13,050 - INFO - ThreadPoolExecutor-0_0 - qdrant_module - [Qdrant] Attempting to insert 65 vectors into vectors on http://localhost:6349...
2025-11-18 17:24:13,059 - INFO - ThreadPoolExecutor-0_0 - qdrant_module - [Qdrant] Success: Inserted 65 vectors.
2025-11-18 17:24:13,059 - INFO - ThreadPoolExecutor-0_0 - grpc_handler - [GRPC IN] ReceiveVectors processed successfully.
2025-11-18 17:24:13,867 - INFO - ThreadPoolExecutor-0_1 - grpc_handler - [GRPC IN] ReceiveVectors called. ReqID: 130, Type: clustered, Count: 51
2025-11-18 17:24:13,868 - INFO - ThreadPoolExecutor-0_1 - server_logic - [Add Vectors] Processing 51 vectors. Sender Status: clustered. Current Node Status: clustered
2025-11-18 17:24:13,868 - INFO - ThreadPoolExecutor-0_1 - server_logic - [Add Vectors] Direct Insert: Storing 51 vectors in local Qdrant (Sender is clustered).
2025-11-18 17:24:13,898 - INFO - ThreadPoolExecutor-0_1 - httpx - HTTP Request: GET http://localhost:6349 "HTTP/1.1 200 OK"
2025-11-18 17:24:13,898 - INFO - ThreadPoolExecutor-0_1 - qdrant_module - [Qdrant] Attempting to insert 51 vectors into vectors on http://localhost:6349...
2025-11-18 17:24:13,904 - INFO - ThreadPoolExecutor-0_1 - qdrant_module - [Qdrant] Success: Inserted 51 vectors.
2025-11-18 17:24:13,905 - INFO - ThreadPoolExecutor-0_1 - grpc_handler - [GRPC IN] ReceiveVectors processed successfully.
2025-11-18 17:24:14,679 - INFO - ThreadPoolExecutor-0_0 - grpc_handler - [GRPC IN] ReceiveVectors called. ReqID: 131, Type: clustered, Count: 56
2025-11-18 17:24:14,680 - INFO - ThreadPoolExecutor-0_0 - server_logic - [Add Vectors] Processing 56 vectors. Sender Status: clustered. Current Node Status: clustered
2025-11-18 17:24:14,680 - INFO - ThreadPoolExecutor-0_0 - server_logic - [Add Vectors] Direct Insert: Storing 56 vectors in local Qdrant (Sender is clustered).
2025-11-18 17:24:14,716 - INFO - ThreadPoolExecutor-0_0 - httpx - HTTP Request: GET http://localhost:6349 "HTTP/1.1 200 OK"
2025-11-18 17:24:14,716 - INFO - ThreadPoolExecutor-0_0 - qdrant_module - [Qdrant] Attempting to insert 56 vectors into vectors on http://localhost:6349...
2025-11-18 17:24:14,734 - INFO - ThreadPoolExecutor-0_0 - qdrant_module - [Qdrant] Success: Inserted 56 vectors.
2025-11-18 17:24:14,735 - INFO - ThreadPoolExecutor-0_0 - grpc_handler - [GRPC IN] ReceiveVectors processed successfully.
2025-11-18 17:24:15,469 - INFO - ThreadPoolExecutor-0_1 - grpc_handler - [GRPC IN] ReceiveVectors called. ReqID: 132, Type: clustered, Count: 60
2025-11-18 17:24:15,470 - INFO - ThreadPoolExecutor-0_1 - server_logic - [Add Vectors] Processing 60 vectors. Sender Status: clustered. Current Node Status: clustered
2025-11-18 17:24:15,470 - INFO - ThreadPoolExecutor-0_1 - server_logic - [Add Vectors] Direct Insert: Storing 60 vectors in local Qdrant (Sender is clustered).
2025-11-18 17:24:15,502 - INFO - ThreadPoolExecutor-0_1 - httpx - HTTP Request: GET http://localhost:6349 "HTTP/1.1 200 OK"
2025-11-18 17:24:15,502 - INFO - ThreadPoolExecutor-0_1 - qdrant_module - [Qdrant] Attempting to insert 60 vectors into vectors on http://localhost:6349...
2025-11-18 17:24:15,511 - INFO - ThreadPoolExecutor-0_1 - qdrant_module - [Qdrant] Success: Inserted 60 vectors.
2025-11-18 17:24:15,512 - INFO - ThreadPoolExecutor-0_1 - grpc_handler - [GRPC IN] ReceiveVectors processed successfully.
2025-11-18 17:24:16,239 - INFO - ThreadPoolExecutor-0_0 - grpc_handler - [GRPC IN] ReceiveVectors called. ReqID: 133, Type: clustered, Count: 53
2025-11-18 17:24:16,240 - INFO - ThreadPoolExecutor-0_0 - server_logic - [Add Vectors] Processing 53 vectors. Sender Status: clustered. Current Node Status: clustered
2025-11-18 17:24:16,240 - INFO - ThreadPoolExecutor-0_0 - server_logic - [Add Vectors] Direct Insert: Storing 53 vectors in local Qdrant (Sender is clustered).
2025-11-18 17:24:16,272 - INFO - ThreadPoolExecutor-0_0 - httpx - HTTP Request: GET http://localhost:6349 "HTTP/1.1 200 OK"
2025-11-18 17:24:16,272 - INFO - ThreadPoolExecutor-0_0 - qdrant_module - [Qdrant] Attempting to insert 53 vectors into vectors on http://localhost:6349...
2025-11-18 17:24:16,282 - INFO - ThreadPoolExecutor-0_0 - qdrant_module - [Qdrant] Success: Inserted 53 vectors.
2025-11-18 17:24:16,283 - INFO - ThreadPoolExecutor-0_0 - grpc_handler - [GRPC IN] ReceiveVectors processed successfully.
2025-11-18 17:24:17,291 - INFO - ThreadPoolExecutor-0_1 - grpc_handler - [GRPC IN] ReceiveVectors called. ReqID: 134, Type: clustered, Count: 46
2025-11-18 17:24:17,291 - INFO - ThreadPoolExecutor-0_1 - server_logic - [Add Vectors] Processing 46 vectors. Sender Status: clustered. Current Node Status: clustered
2025-11-18 17:24:17,291 - INFO - ThreadPoolExecutor-0_1 - server_logic - [Add Vectors] Direct Insert: Storing 46 vectors in local Qdrant (Sender is clustered).
2025-11-18 17:24:17,344 - INFO - ThreadPoolExecutor-0_1 - httpx - HTTP Request: GET http://localhost:6349 "HTTP/1.1 200 OK"
2025-11-18 17:24:17,344 - INFO - ThreadPoolExecutor-0_1 - qdrant_module - [Qdrant] Attempting to insert 46 vectors into vectors on http://localhost:6349...
2025-11-18 17:24:17,354 - INFO - ThreadPoolExecutor-0_1 - qdrant_module - [Qdrant] Success: Inserted 46 vectors.
2025-11-18 17:24:17,355 - INFO - ThreadPoolExecutor-0_1 - grpc_handler - [GRPC IN] ReceiveVectors processed successfully.
2025-11-18 17:24:18,527 - INFO - ThreadPoolExecutor-0_0 - grpc_handler - [GRPC IN] ReceiveVectors called. ReqID: 135, Type: clustered, Count: 42
2025-11-18 17:24:18,527 - INFO - ThreadPoolExecutor-0_0 - server_logic - [Add Vectors] Processing 42 vectors. Sender Status: clustered. Current Node Status: clustered
2025-11-18 17:24:18,527 - INFO - ThreadPoolExecutor-0_0 - server_logic - [Add Vectors] Direct Insert: Storing 42 vectors in local Qdrant (Sender is clustered).
2025-11-18 17:24:18,580 - INFO - ThreadPoolExecutor-0_0 - httpx - HTTP Request: GET http://localhost:6349 "HTTP/1.1 200 OK"
2025-11-18 17:24:18,581 - INFO - ThreadPoolExecutor-0_0 - qdrant_module - [Qdrant] Attempting to insert 42 vectors into vectors on http://localhost:6349...
2025-11-18 17:24:18,590 - INFO - ThreadPoolExecutor-0_0 - qdrant_module - [Qdrant] Success: Inserted 42 vectors.
2025-11-18 17:24:18,591 - INFO - ThreadPoolExecutor-0_0 - grpc_handler - [GRPC IN] ReceiveVectors processed successfully.
2025-11-18 17:24:19,837 - INFO - ThreadPoolExecutor-0_1 - grpc_handler - [GRPC IN] ReceiveVectors called. ReqID: 136, Type: clustered, Count: 59
2025-11-18 17:24:19,838 - INFO - ThreadPoolExecutor-0_1 - server_logic - [Add Vectors] Processing 59 vectors. Sender Status: clustered. Current Node Status: clustered
2025-11-18 17:24:19,838 - INFO - ThreadPoolExecutor-0_1 - server_logic - [Add Vectors] Direct Insert: Storing 59 vectors in local Qdrant (Sender is clustered).
2025-11-18 17:24:19,891 - INFO - ThreadPoolExecutor-0_1 - httpx - HTTP Request: GET http://localhost:6349 "HTTP/1.1 200 OK"
2025-11-18 17:24:19,891 - INFO - ThreadPoolExecutor-0_1 - qdrant_module - [Qdrant] Attempting to insert 59 vectors into vectors on http://localhost:6349...
2025-11-18 17:24:19,902 - INFO - ThreadPoolExecutor-0_1 - qdrant_module - [Qdrant] Success: Inserted 59 vectors.
2025-11-18 17:24:19,904 - INFO - ThreadPoolExecutor-0_1 - grpc_handler - [GRPC IN] ReceiveVectors processed successfully.
2025-11-18 17:24:20,592 - INFO - MainThread - __main__ - API: /add called. ReqID: 137, Vectors: 256
2025-11-18 17:24:20,592 - INFO - MainThread - server_logic - [Client Request] Client wants to add 256 vectors. My Status: clustered
2025-11-18 17:24:20,592 - INFO - MainThread - server_logic - [Client Request] System Clustered. Routing vectors to appropriate peers.
2025-11-18 17:24:20,592 - INFO - MainThread - server_logic - [Router] Routing 256 vectors among 16 nodes (Replicas: 4).
2025-11-18 17:24:20,593 - INFO - MainThread - server_logic - [DEBUG] found replica for vector: 1
2025-11-18 17:24:20,593 - INFO - MainThread - server_logic - [DEBUG] found replica for vector: 2
2025-11-18 17:24:20,593 - INFO - MainThread - server_logic - [DEBUG] found replica for vector: 3
2025-11-18 17:24:20,593 - INFO - MainThread - server_logic - [DEBUG] found replica for vector: 4
2025-11-18 17:24:20,593 - INFO - MainThread - server_logic - [DEBUG] found replica for vector: 1
2025-11-18 17:24:20,593 - INFO - MainThread - server_logic - [DEBUG] found replica for vector: 2
2025-11-18 17:24:20,593 - INFO - MainThread - server_logic - [DEBUG] found replica for vector: 3
2025-11-18 17:24:20,593 - INFO - MainThread - server_logic - [DEBUG] found replica for vector: 4
2025-11-18 17:24:20,593 - INFO - MainThread - server_logic - [DEBUG] found replica for vector: 1
2025-11-18 17:24:20,593 - INFO - MainThread - server_logic - [DEBUG] found replica for vector: 2
2025-11-18 17:24:20,593 - INFO - MainThread - server_logic - [DEBUG] found replica for vector: 3
2025-11-18 17:24:20,593 - INFO - MainThread - server_logic - [DEBUG] found replica for vector: 4
2025-11-18 17:24:20,593 - INFO - MainThread - server_logic - [DEBUG] found replica for vector: 1
2025-11-18 17:24:20,593 - INFO - MainThread - server_logic - [DEBUG] found replica for vector: 2
2025-11-18 17:24:20,593 - INFO - MainThread - server_logic - [DEBUG] found replica for vector: 3
2025-11-18 17:24:20,593 - INFO - MainThread - server_logic - [DEBUG] found replica for vector: 4
2025-11-18 17:24:20,593 - INFO - MainThread - server_logic - [DEBUG] found replica for vector: 1
2025-11-18 17:24:20,593 - INFO - MainThread - server_logic - [DEBUG] found replica for vector: 2
2025-11-18 17:24:20,593 - INFO - MainThread - server_logic - [DEBUG] found replica for vector: 3
2025-11-18 17:24:20,593 - INFO - MainThread - server_logic - [DEBUG] found replica for vector: 4
2025-11-18 17:24:20,593 - INFO - MainThread - server_logic - [DEBUG] found replica for vector: 1
2025-11-18 17:24:20,593 - INFO - MainThread - server_logic - [DEBUG] found replica for vector: 2
2025-11-18 17:24:20,593 - INFO - MainThread - server_logic - [DEBUG] found replica for vector: 3
2025-11-18 17:24:20,593 - INFO - MainThread - server_logic - [DEBUG] found replica for vector: 4
2025-11-18 17:24:20,593 - INFO - MainThread - server_logic - [DEBUG] found replica for vector: 1
2025-11-18 17:24:20,593 - INFO - MainThread - server_logic - [DEBUG] found replica for vector: 2
2025-11-18 17:24:20,593 - INFO - MainThread - server_logic - [DEBUG] found replica for vector: 3
2025-11-18 17:24:20,593 - INFO - MainThread - server_logic - [DEBUG] found replica for vector: 4
2025-11-18 17:24:20,593 - INFO - MainThread - server_logic - [DEBUG] found replica for vector: 1
2025-11-18 17:24:20,593 - INFO - MainThread - server_logic - [DEBUG] found replica for vector: 2
2025-11-18 17:24:20,593 - INFO - MainThread - server_logic - [DEBUG] found replica for vector: 3
2025-11-18 17:24:20,593 - INFO - MainThread - server_logic - [DEBUG] found replica for vector: 4
2025-11-18 17:24:20,593 - INFO - MainThread - server_logic - [DEBUG] found replica for vector: 1
2025-11-18 17:24:20,593 - INFO - MainThread - server_logic - [DEBUG] found replica for vector: 2
2025-11-18 17:24:20,593 - INFO - MainThread - server_logic - [DEBUG] found replica for vector: 3
2025-11-18 17:24:20,593 - INFO - MainThread - server_logic - [DEBUG] found replica for vector: 4
2025-11-18 17:24:20,593 - INFO - MainThread - server_logic - [DEBUG] found replica for vector: 1
2025-11-18 17:24:20,593 - INFO - MainThread - server_logic - [DEBUG] found replica for vector: 2
2025-11-18 17:24:20,593 - INFO - MainThread - server_logic - [DEBUG] found replica for vector: 3
2025-11-18 17:24:20,593 - INFO - MainThread - server_logic - [DEBUG] found replica for vector: 4
2025-11-18 17:24:20,593 - INFO - MainThread - server_logic - [DEBUG] found replica for vector: 1
2025-11-18 17:24:20,593 - INFO - MainThread - server_logic - [DEBUG] found replica for vector: 2
2025-11-18 17:24:20,593 - INFO - MainThread - server_logic - [DEBUG] found replica for vector: 3
2025-11-18 17:24:20,593 - INFO - MainThread - server_logic - [DEBUG] found replica for vector: 4
2025-11-18 17:24:20,593 - INFO - MainThread - server_logic - [DEBUG] found replica for vector: 1
2025-11-18 17:24:20,593 - INFO - MainThread - server_logic - [DEBUG] found replica for vector: 2
2025-11-18 17:24:20,593 - INFO - MainThread - server_logic - [DEBUG] found replica for vector: 3
2025-11-18 17:24:20,593 - INFO - MainThread - server_logic - [DEBUG] found replica for vector: 4
2025-11-18 17:24:20,594 - INFO - MainThread - server_logic - [DEBUG] found replica for vector: 1
2025-11-18 17:24:20,594 - INFO - MainThread - server_logic - [DEBUG] found replica for vector: 2
2025-11-18 17:24:20,594 - INFO - MainThread - server_logic - [DEBUG] found replica for vector: 3
2025-11-18 17:24:20,594 - INFO - MainThread - server_logic - [DEBUG] to me replica for vector: 3
2025-11-18 17:24:20,594 - INFO - MainThread - server_logic - [DEBUG] found replica for vector: 1
2025-11-18 17:24:20,594 - INFO - MainThread - server_logic - [DEBUG] found replica for vector: 2
2025-11-18 17:24:20,594 - INFO - MainThread - server_logic - [DEBUG] found replica for vector: 3
2025-11-18 17:24:20,594 - INFO - MainThread - server_logic - [DEBUG] found replica for vector: 4
2025-11-18 17:24:20,594 - INFO - MainThread - server_logic - [DEBUG] found replica for vector: 1
2025-11-18 17:24:20,594 - INFO - MainThread - server_logic - [DEBUG] found replica for vector: 2
2025-11-18 17:24:20,594 - INFO - MainThread - server_logic - [DEBUG] found replica for vector: 3
2025-11-18 17:24:20,594 - INFO - MainThread - server_logic - [DEBUG] found replica for vector: 4
2025-11-18 17:24:20,594 - INFO - MainThread - server_logic - [DEBUG] found replica for vector: 1
2025-11-18 17:24:20,594 - INFO - MainThread - server_logic - [DEBUG] found replica for vector: 2
2025-11-18 17:24:20,594 - INFO - MainThread - server_logic - [DEBUG] found replica for vector: 3
2025-11-18 17:24:20,594 - INFO - MainThread - server_logic - [DEBUG] to me replica for vector: 3
2025-11-18 17:24:20,594 - INFO - MainThread - server_logic - [DEBUG] found replica for vector: 1
2025-11-18 17:24:20,594 - INFO - MainThread - server_logic - [DEBUG] found replica for vector: 2
2025-11-18 17:24:20,594 - INFO - MainThread - server_logic - [DEBUG] found replica for vector: 3
2025-11-18 17:24:20,594 - INFO - MainThread - server_logic - [DEBUG] found replica for vector: 4
2025-11-18 17:24:20,594 - INFO - MainThread - server_logic - [DEBUG] found replica for vector: 1
2025-11-18 17:24:20,594 - INFO - MainThread - server_logic - [DEBUG] found replica for vector: 2
2025-11-18 17:24:20,594 - INFO - MainThread - server_logic - [DEBUG] found replica for vector: 3
2025-11-18 17:24:20,594 - INFO - MainThread - server_logic - [DEBUG] found replica for vector: 4
2025-11-18 17:24:20,594 - INFO - MainThread - server_logic - [DEBUG] found replica for vector: 1
2025-11-18 17:24:20,594 - INFO - MainThread - server_logic - [DEBUG] found replica for vector: 2
2025-11-18 17:24:20,594 - INFO - MainThread - server_logic - [DEBUG] found replica for vector: 3
2025-11-18 17:24:20,594 - INFO - MainThread - server_logic - [DEBUG] found replica for vector: 4
2025-11-18 17:24:20,594 - INFO - MainThread - server_logic - [DEBUG] found replica for vector: 1
2025-11-18 17:24:20,594 - INFO - MainThread - server_logic - [DEBUG] found replica for vector: 2
2025-11-18 17:24:20,594 - INFO - MainThread - server_logic - [DEBUG] found replica for vector: 3
2025-11-18 17:24:20,594 - INFO - MainThread - server_logic - [DEBUG] found replica for vector: 4
2025-11-18 17:24:20,594 - INFO - MainThread - server_logic - [DEBUG] found replica for vector: 1
2025-11-18 17:24:20,594 - INFO - MainThread - server_logic - [DEBUG] found replica for vector: 2
2025-11-18 17:24:20,594 - INFO - MainThread - server_logic - [DEBUG] found replica for vector: 3
2025-11-18 17:24:20,594 - INFO - MainThread - server_logic - [DEBUG] found replica for vector: 4
2025-11-18 17:24:20,594 - INFO - MainThread - server_logic - [DEBUG] found replica for vector: 1
2025-11-18 17:24:20,594 - INFO - MainThread - server_logic - [DEBUG] found replica for vector: 2
2025-11-18 17:24:20,594 - INFO - MainThread - server_logic - [DEBUG] found replica for vector: 3
2025-11-18 17:24:20,594 - INFO - MainThread - server_logic - [DEBUG] found replica for vector: 4
2025-11-18 17:24:20,594 - INFO - MainThread - server_logic - [DEBUG] found replica for vector: 1
2025-11-18 17:24:20,594 - INFO - MainThread - server_logic - [DEBUG] found replica for vector: 2
2025-11-18 17:24:20,594 - INFO - MainThread - server_logic - [DEBUG] found replica for vector: 3
2025-11-18 17:24:20,594 - INFO - MainThread - server_logic - [DEBUG] found replica for vector: 4
2025-11-18 17:24:20,594 - INFO - MainThread - server_logic - [DEBUG] found replica for vector: 1
2025-11-18 17:24:20,594 - INFO - MainThread - server_logic - [DEBUG] found replica for vector: 2
2025-11-18 17:24:20,594 - INFO - MainThread - server_logic - [DEBUG] found replica for vector: 3
2025-11-18 17:24:20,594 - INFO - MainThread - server_logic - [DEBUG] found replica for vector: 4
2025-11-18 17:24:20,594 - INFO - MainThread - server_logic - [DEBUG] found replica for vector: 1
2025-11-18 17:24:20,594 - INFO - MainThread - server_logic - [DEBUG] found replica for vector: 2
2025-11-18 17:24:20,594 - INFO - MainThread - server_logic - [DEBUG] found replica for vector: 3
2025-11-18 17:24:20,594 - INFO - MainThread - server_logic - [DEBUG] found replica for vector: 4
2025-11-18 17:24:20,595 - INFO - MainThread - server_logic - [DEBUG] found replica for vector: 1
2025-11-18 17:24:20,595 - INFO - MainThread - server_logic - [DEBUG] found replica for vector: 2
2025-11-18 17:24:20,595 - INFO - MainThread - server_logic - [DEBUG] found replica for vector: 3
2025-11-18 17:24:20,595 - INFO - MainThread - server_logic - [DEBUG] found replica for vector: 4
2025-11-18 17:24:20,595 - INFO - MainThread - server_logic - [DEBUG] found replica for vector: 1
2025-11-18 17:24:20,595 - INFO - MainThread - server_logic - [DEBUG] found replica for vector: 2
2025-11-18 17:24:20,595 - INFO - MainThread - server_logic - [DEBUG] found replica for vector: 3
2025-11-18 17:24:20,595 - INFO - MainThread - server_logic - [DEBUG] found replica for vector: 4
2025-11-18 17:24:20,595 - INFO - MainThread - server_logic - [DEBUG] found replica for vector: 1
2025-11-18 17:24:20,595 - INFO - MainThread - server_logic - [DEBUG] found replica for vector: 2
2025-11-18 17:24:20,595 - INFO - MainThread - server_logic - [DEBUG] found replica for vector: 3
2025-11-18 17:24:20,595 - INFO - MainThread - server_logic - [DEBUG] found replica for vector: 4
2025-11-18 17:24:20,595 - INFO - MainThread - server_logic - [DEBUG] found replica for vector: 1
2025-11-18 17:24:20,595 - INFO - MainThread - server_logic - [DEBUG] found replica for vector: 2
2025-11-18 17:24:20,595 - INFO - MainThread - server_logic - [DEBUG] found replica for vector: 3
2025-11-18 17:24:20,595 - INFO - MainThread - server_logic - [DEBUG] found replica for vector: 4
2025-11-18 17:24:20,595 - INFO - MainThread - server_logic - [DEBUG] found replica for vector: 1
2025-11-18 17:24:20,595 - INFO - MainThread - server_logic - [DEBUG] found replica for vector: 2
2025-11-18 17:24:20,595 - INFO - MainThread - server_logic - [DEBUG] found replica for vector: 3
2025-11-18 17:24:20,595 - INFO - MainThread - server_logic - [DEBUG] found replica for vector: 4
2025-11-18 17:24:20,595 - INFO - MainThread - server_logic - [DEBUG] found replica for vector: 1
2025-11-18 17:24:20,595 - INFO - MainThread - server_logic - [DEBUG] found replica for vector: 2
2025-11-18 17:24:20,595 - INFO - MainThread - server_logic - [DEBUG] found replica for vector: 3
2025-11-18 17:24:20,595 - INFO - MainThread - server_logic - [DEBUG] found replica for vector: 4
2025-11-18 17:24:20,595 - INFO - MainThread - server_logic - [DEBUG] found replica for vector: 1
2025-11-18 17:24:20,595 - INFO - MainThread - server_logic - [DEBUG] found replica for vector: 2
2025-11-18 17:24:20,595 - INFO - MainThread - server_logic - [DEBUG] found replica for vector: 3
2025-11-18 17:24:20,595 - INFO - MainThread - server_logic - [DEBUG] to me replica for vector: 3
2025-11-18 17:24:20,595 - INFO - MainThread - server_logic - [DEBUG] found replica for vector: 1
2025-11-18 17:24:20,595 - INFO - MainThread - server_logic - [DEBUG] found replica for vector: 2
2025-11-18 17:24:20,595 - INFO - MainThread - server_logic - [DEBUG] found replica for vector: 3
2025-11-18 17:24:20,595 - INFO - MainThread - server_logic - [DEBUG] to me replica for vector: 3
2025-11-18 17:24:20,595 - INFO - MainThread - server_logic - [DEBUG] found replica for vector: 1
2025-11-18 17:24:20,595 - INFO - MainThread - server_logic - [DEBUG] found replica for vector: 2
2025-11-18 17:24:20,595 - INFO - MainThread - server_logic - [DEBUG] found replica for vector: 3
2025-11-18 17:24:20,595 - INFO - MainThread - server_logic - [DEBUG] to me replica for vector: 3
2025-11-18 17:24:20,595 - INFO - MainThread - server_logic - [DEBUG] found replica for vector: 1
2025-11-18 17:24:20,595 - INFO - MainThread - server_logic - [DEBUG] found replica for vector: 2
2025-11-18 17:24:20,595 - INFO - MainThread - server_logic - [DEBUG] found replica for vector: 3
2025-11-18 17:24:20,595 - INFO - MainThread - server_logic - [DEBUG] found replica for vector: 4
2025-11-18 17:24:20,595 - INFO - MainThread - server_logic - [DEBUG] found replica for vector: 1
2025-11-18 17:24:20,595 - INFO - MainThread - server_logic - [DEBUG] found replica for vector: 2
2025-11-18 17:24:20,595 - INFO - MainThread - server_logic - [DEBUG] found replica for vector: 3
2025-11-18 17:24:20,595 - INFO - MainThread - server_logic - [DEBUG] found replica for vector: 4
2025-11-18 17:24:20,595 - INFO - MainThread - server_logic - [DEBUG] found replica for vector: 1
2025-11-18 17:24:20,595 - INFO - MainThread - server_logic - [DEBUG] found replica for vector: 2
2025-11-18 17:24:20,595 - INFO - MainThread - server_logic - [DEBUG] found replica for vector: 3
2025-11-18 17:24:20,595 - INFO - MainThread - server_logic - [DEBUG] found replica for vector: 4
2025-11-18 17:24:20,595 - INFO - MainThread - server_logic - [DEBUG] found replica for vector: 1
2025-11-18 17:24:20,595 - INFO - MainThread - server_logic - [DEBUG] found replica for vector: 2
2025-11-18 17:24:20,595 - INFO - MainThread - server_logic - [DEBUG] found replica for vector: 3
2025-11-18 17:24:20,595 - INFO - MainThread - server_logic - [DEBUG] found replica for vector: 4
2025-11-18 17:24:20,596 - INFO - MainThread - server_logic - [DEBUG] found replica for vector: 1
2025-11-18 17:24:20,596 - INFO - MainThread - server_logic - [DEBUG] found replica for vector: 2
2025-11-18 17:24:20,596 - INFO - MainThread - server_logic - [DEBUG] found replica for vector: 3
2025-11-18 17:24:20,596 - INFO - MainThread - server_logic - [DEBUG] found replica for vector: 4
2025-11-18 17:24:20,596 - INFO - MainThread - server_logic - [DEBUG] found replica for vector: 1
2025-11-18 17:24:20,596 - INFO - MainThread - server_logic - [DEBUG] found replica for vector: 2
2025-11-18 17:24:20,596 - INFO - MainThread - server_logic - [DEBUG] found replica for vector: 3
2025-11-18 17:24:20,596 - INFO - MainThread - server_logic - [DEBUG] to me replica for vector: 3
2025-11-18 17:24:20,596 - INFO - MainThread - server_logic - [DEBUG] found replica for vector: 1
2025-11-18 17:24:20,596 - INFO - MainThread - server_logic - [DEBUG] found replica for vector: 2
2025-11-18 17:24:20,596 - INFO - MainThread - server_logic - [DEBUG] found replica for vector: 3
2025-11-18 17:24:20,596 - INFO - MainThread - server_logic - [DEBUG] to me replica for vector: 3
2025-11-18 17:24:20,596 - INFO - MainThread - server_logic - [DEBUG] found replica for vector: 1
2025-11-18 17:24:20,596 - INFO - MainThread - server_logic - [DEBUG] found replica for vector: 2
2025-11-18 17:24:20,596 - INFO - MainThread - server_logic - [DEBUG] found replica for vector: 3
2025-11-18 17:24:20,596 - INFO - MainThread - server_logic - [DEBUG] found replica for vector: 4
2025-11-18 17:24:20,596 - INFO - MainThread - server_logic - [DEBUG] found replica for vector: 1
2025-11-18 17:24:20,596 - INFO - MainThread - server_logic - [DEBUG] found replica for vector: 2
2025-11-18 17:24:20,596 - INFO - MainThread - server_logic - [DEBUG] found replica for vector: 3
2025-11-18 17:24:20,596 - INFO - MainThread - server_logic - [DEBUG] found replica for vector: 4
2025-11-18 17:24:20,596 - INFO - MainThread - server_logic - [DEBUG] found replica for vector: 1
2025-11-18 17:24:20,596 - INFO - MainThread - server_logic - [DEBUG] found replica for vector: 2
2025-11-18 17:24:20,596 - INFO - MainThread - server_logic - [DEBUG] found replica for vector: 3
2025-11-18 17:24:20,596 - INFO - MainThread - server_logic - [DEBUG] found replica for vector: 4
2025-11-18 17:24:20,596 - INFO - MainThread - server_logic - [DEBUG] found replica for vector: 1
2025-11-18 17:24:20,596 - INFO - MainThread - server_logic - [DEBUG] found replica for vector: 2
2025-11-18 17:24:20,596 - INFO - MainThread - server_logic - [DEBUG] found replica for vector: 3
2025-11-18 17:24:20,596 - INFO - MainThread - server_logic - [DEBUG] found replica for vector: 4
2025-11-18 17:24:20,596 - INFO - MainThread - server_logic - [DEBUG] found replica for vector: 1
2025-11-18 17:24:20,596 - INFO - MainThread - server_logic - [DEBUG] found replica for vector: 2
2025-11-18 17:24:20,596 - INFO - MainThread - server_logic - [DEBUG] found replica for vector: 3
2025-11-18 17:24:20,596 - INFO - MainThread - server_logic - [DEBUG] found replica for vector: 4
2025-11-18 17:24:20,596 - INFO - MainThread - server_logic - [DEBUG] found replica for vector: 1
2025-11-18 17:24:20,596 - INFO - MainThread - server_logic - [DEBUG] found replica for vector: 2
2025-11-18 17:24:20,596 - INFO - MainThread - server_logic - [DEBUG] found replica for vector: 3
2025-11-18 17:24:20,596 - INFO - MainThread - server_logic - [DEBUG] found replica for vector: 4
2025-11-18 17:24:20,596 - INFO - MainThread - server_logic - [DEBUG] found replica for vector: 1
2025-11-18 17:24:20,596 - INFO - MainThread - server_logic - [DEBUG] found replica for vector: 2
2025-11-18 17:24:20,596 - INFO - MainThread - server_logic - [DEBUG] found replica for vector: 3
2025-11-18 17:24:20,596 - INFO - MainThread - server_logic - [DEBUG] found replica for vector: 4
2025-11-18 17:24:20,596 - INFO - MainThread - server_logic - [DEBUG] found replica for vector: 1
2025-11-18 17:24:20,596 - INFO - MainThread - server_logic - [DEBUG] found replica for vector: 2
2025-11-18 17:24:20,596 - INFO - MainThread - server_logic - [DEBUG] found replica for vector: 3
2025-11-18 17:24:20,596 - INFO - MainThread - server_logic - [DEBUG] found replica for vector: 4
2025-11-18 17:24:20,596 - INFO - MainThread - server_logic - [DEBUG] found replica for vector: 1
2025-11-18 17:24:20,596 - INFO - MainThread - server_logic - [DEBUG] found replica for vector: 2
2025-11-18 17:24:20,596 - INFO - MainThread - server_logic - [DEBUG] found replica for vector: 3
2025-11-18 17:24:20,596 - INFO - MainThread - server_logic - [DEBUG] found replica for vector: 4
2025-11-18 17:24:20,596 - INFO - MainThread - server_logic - [DEBUG] found replica for vector: 1
2025-11-18 17:24:20,596 - INFO - MainThread - server_logic - [DEBUG] found replica for vector: 2
2025-11-18 17:24:20,596 - INFO - MainThread - server_logic - [DEBUG] found replica for vector: 3
2025-11-18 17:24:20,596 - INFO - MainThread - server_logic - [DEBUG] found replica for vector: 4
2025-11-18 17:24:20,597 - INFO - MainThread - server_logic - [DEBUG] found replica for vector: 1
2025-11-18 17:24:20,597 - INFO - MainThread - server_logic - [DEBUG] found replica for vector: 2
2025-11-18 17:24:20,597 - INFO - MainThread - server_logic - [DEBUG] found replica for vector: 3
2025-11-18 17:24:20,597 - INFO - MainThread - server_logic - [DEBUG] found replica for vector: 4
2025-11-18 17:24:20,597 - INFO - MainThread - server_logic - [DEBUG] found replica for vector: 1
2025-11-18 17:24:20,597 - INFO - MainThread - server_logic - [DEBUG] found replica for vector: 2
2025-11-18 17:24:20,597 - INFO - MainThread - server_logic - [DEBUG] found replica for vector: 3
2025-11-18 17:24:20,597 - INFO - MainThread - server_logic - [DEBUG] found replica for vector: 4
2025-11-18 17:24:20,597 - INFO - MainThread - server_logic - [DEBUG] found replica for vector: 1
2025-11-18 17:24:20,597 - INFO - MainThread - server_logic - [DEBUG] found replica for vector: 2
2025-11-18 17:24:20,597 - INFO - MainThread - server_logic - [DEBUG] found replica for vector: 3
2025-11-18 17:24:20,597 - INFO - MainThread - server_logic - [DEBUG] found replica for vector: 4
2025-11-18 17:24:20,597 - INFO - MainThread - server_logic - [DEBUG] found replica for vector: 1
2025-11-18 17:24:20,597 - INFO - MainThread - server_logic - [DEBUG] found replica for vector: 2
2025-11-18 17:24:20,597 - INFO - MainThread - server_logic - [DEBUG] found replica for vector: 3
2025-11-18 17:24:20,597 - INFO - MainThread - server_logic - [DEBUG] found replica for vector: 4
2025-11-18 17:24:20,597 - INFO - MainThread - server_logic - [DEBUG] found replica for vector: 1
2025-11-18 17:24:20,597 - INFO - MainThread - server_logic - [DEBUG] found replica for vector: 2
2025-11-18 17:24:20,597 - INFO - MainThread - server_logic - [DEBUG] found replica for vector: 3
2025-11-18 17:24:20,597 - INFO - MainThread - server_logic - [DEBUG] found replica for vector: 4
2025-11-18 17:24:20,597 - INFO - MainThread - server_logic - [DEBUG] found replica for vector: 1
2025-11-18 17:24:20,597 - INFO - MainThread - server_logic - [DEBUG] found replica for vector: 2
2025-11-18 17:24:20,597 - INFO - MainThread - server_logic - [DEBUG] found replica for vector: 3
2025-11-18 17:24:20,597 - INFO - MainThread - server_logic - [DEBUG] to me replica for vector: 3
2025-11-18 17:24:20,597 - INFO - MainThread - server_logic - [DEBUG] found replica for vector: 1
2025-11-18 17:24:20,597 - INFO - MainThread - server_logic - [DEBUG] found replica for vector: 2
2025-11-18 17:24:20,597 - INFO - MainThread - server_logic - [DEBUG] found replica for vector: 3
2025-11-18 17:24:20,597 - INFO - MainThread - server_logic - [DEBUG] found replica for vector: 4
2025-11-18 17:24:20,597 - INFO - MainThread - server_logic - [DEBUG] found replica for vector: 1
2025-11-18 17:24:20,597 - INFO - MainThread - server_logic - [DEBUG] found replica for vector: 2
2025-11-18 17:24:20,597 - INFO - MainThread - server_logic - [DEBUG] found replica for vector: 3
2025-11-18 17:24:20,597 - INFO - MainThread - server_logic - [DEBUG] to me replica for vector: 3
2025-11-18 17:24:20,597 - INFO - MainThread - server_logic - [DEBUG] found replica for vector: 1
2025-11-18 17:24:20,597 - INFO - MainThread - server_logic - [DEBUG] found replica for vector: 2
2025-11-18 17:24:20,597 - INFO - MainThread - server_logic - [DEBUG] found replica for vector: 3
2025-11-18 17:24:20,597 - INFO - MainThread - server_logic - [DEBUG] found replica for vector: 4
2025-11-18 17:24:20,597 - INFO - MainThread - server_logic - [DEBUG] found replica for vector: 1
2025-11-18 17:24:20,597 - INFO - MainThread - server_logic - [DEBUG] found replica for vector: 2
2025-11-18 17:24:20,597 - INFO - MainThread - server_logic - [DEBUG] found replica for vector: 3
2025-11-18 17:24:20,597 - INFO - MainThread - server_logic - [DEBUG] to me replica for vector: 3
2025-11-18 17:24:20,597 - INFO - MainThread - server_logic - [DEBUG] found replica for vector: 1
2025-11-18 17:24:20,597 - INFO - MainThread - server_logic - [DEBUG] found replica for vector: 2
2025-11-18 17:24:20,597 - INFO - MainThread - server_logic - [DEBUG] found replica for vector: 3
2025-11-18 17:24:20,597 - INFO - MainThread - server_logic - [DEBUG] to me replica for vector: 3
2025-11-18 17:24:20,597 - INFO - MainThread - server_logic - [DEBUG] found replica for vector: 1
2025-11-18 17:24:20,597 - INFO - MainThread - server_logic - [DEBUG] found replica for vector: 2
2025-11-18 17:24:20,597 - INFO - MainThread - server_logic - [DEBUG] found replica for vector: 3
2025-11-18 17:24:20,597 - INFO - MainThread - server_logic - [DEBUG] found replica for vector: 4
2025-11-18 17:24:20,597 - INFO - MainThread - server_logic - [DEBUG] found replica for vector: 1
2025-11-18 17:24:20,597 - INFO - MainThread - server_logic - [DEBUG] found replica for vector: 2
2025-11-18 17:24:20,597 - INFO - MainThread - server_logic - [DEBUG] found replica for vector: 3
2025-11-18 17:24:20,597 - INFO - MainThread - server_logic - [DEBUG] found replica for vector: 4
2025-11-18 17:24:20,598 - INFO - MainThread - server_logic - [DEBUG] found replica for vector: 1
2025-11-18 17:24:20,598 - INFO - MainThread - server_logic - [DEBUG] found replica for vector: 2
2025-11-18 17:24:20,598 - INFO - MainThread - server_logic - [DEBUG] found replica for vector: 3
2025-11-18 17:24:20,598 - INFO - MainThread - server_logic - [DEBUG] to me replica for vector: 3
2025-11-18 17:24:20,598 - INFO - MainThread - server_logic - [DEBUG] found replica for vector: 1
2025-11-18 17:24:20,598 - INFO - MainThread - server_logic - [DEBUG] found replica for vector: 2
2025-11-18 17:24:20,598 - INFO - MainThread - server_logic - [DEBUG] found replica for vector: 3
2025-11-18 17:24:20,598 - INFO - MainThread - server_logic - [DEBUG] found replica for vector: 4
2025-11-18 17:24:20,598 - INFO - MainThread - server_logic - [DEBUG] found replica for vector: 1
2025-11-18 17:24:20,598 - INFO - MainThread - server_logic - [DEBUG] found replica for vector: 2
2025-11-18 17:24:20,598 - INFO - MainThread - server_logic - [DEBUG] found replica for vector: 3
2025-11-18 17:24:20,598 - INFO - MainThread - server_logic - [DEBUG] found replica for vector: 4
2025-11-18 17:24:20,598 - INFO - MainThread - server_logic - [DEBUG] found replica for vector: 1
2025-11-18 17:24:20,598 - INFO - MainThread - server_logic - [DEBUG] found replica for vector: 2
2025-11-18 17:24:20,598 - INFO - MainThread - server_logic - [DEBUG] found replica for vector: 3
2025-11-18 17:24:20,598 - INFO - MainThread - server_logic - [DEBUG] found replica for vector: 4
2025-11-18 17:24:20,598 - INFO - MainThread - server_logic - [DEBUG] found replica for vector: 1
2025-11-18 17:24:20,598 - INFO - MainThread - server_logic - [DEBUG] found replica for vector: 2
2025-11-18 17:24:20,598 - INFO - MainThread - server_logic - [DEBUG] found replica for vector: 3
2025-11-18 17:24:20,598 - INFO - MainThread - server_logic - [DEBUG] found replica for vector: 4
2025-11-18 17:24:20,598 - INFO - MainThread - server_logic - [DEBUG] found replica for vector: 1
2025-11-18 17:24:20,598 - INFO - MainThread - server_logic - [DEBUG] found replica for vector: 2
2025-11-18 17:24:20,598 - INFO - MainThread - server_logic - [DEBUG] found replica for vector: 3
2025-11-18 17:24:20,598 - INFO - MainThread - server_logic - [DEBUG] to me replica for vector: 3
2025-11-18 17:24:20,598 - INFO - MainThread - server_logic - [DEBUG] found replica for vector: 1
2025-11-18 17:24:20,598 - INFO - MainThread - server_logic - [DEBUG] found replica for vector: 2
2025-11-18 17:24:20,598 - INFO - MainThread - server_logic - [DEBUG] found replica for vector: 3
2025-11-18 17:24:20,598 - INFO - MainThread - server_logic - [DEBUG] found replica for vector: 4
2025-11-18 17:24:20,598 - INFO - MainThread - server_logic - [DEBUG] found replica for vector: 1
2025-11-18 17:24:20,598 - INFO - MainThread - server_logic - [DEBUG] found replica for vector: 2
2025-11-18 17:24:20,598 - INFO - MainThread - server_logic - [DEBUG] found replica for vector: 3
2025-11-18 17:24:20,598 - INFO - MainThread - server_logic - [DEBUG] to me replica for vector: 3
2025-11-18 17:24:20,598 - INFO - MainThread - server_logic - [DEBUG] found replica for vector: 1
2025-11-18 17:24:20,598 - INFO - MainThread - server_logic - [DEBUG] found replica for vector: 2
2025-11-18 17:24:20,598 - INFO - MainThread - server_logic - [DEBUG] found replica for vector: 3
2025-11-18 17:24:20,598 - INFO - MainThread - server_logic - [DEBUG] found replica for vector: 4
2025-11-18 17:24:20,598 - INFO - MainThread - server_logic - [DEBUG] found replica for vector: 1
2025-11-18 17:24:20,598 - INFO - MainThread - server_logic - [DEBUG] found replica for vector: 2
2025-11-18 17:24:20,598 - INFO - MainThread - server_logic - [DEBUG] found replica for vector: 3
2025-11-18 17:24:20,598 - INFO - MainThread - server_logic - [DEBUG] found replica for vector: 4
2025-11-18 17:24:20,598 - INFO - MainThread - server_logic - [DEBUG] found replica for vector: 1
2025-11-18 17:24:20,598 - INFO - MainThread - server_logic - [DEBUG] found replica for vector: 2
2025-11-18 17:24:20,598 - INFO - MainThread - server_logic - [DEBUG] found replica for vector: 3
2025-11-18 17:24:20,598 - INFO - MainThread - server_logic - [DEBUG] found replica for vector: 4
2025-11-18 17:24:20,598 - INFO - MainThread - server_logic - [DEBUG] found replica for vector: 1
2025-11-18 17:24:20,598 - INFO - MainThread - server_logic - [DEBUG] found replica for vector: 2
2025-11-18 17:24:20,598 - INFO - MainThread - server_logic - [DEBUG] found replica for vector: 3
2025-11-18 17:24:20,598 - INFO - MainThread - server_logic - [DEBUG] to me replica for vector: 3
2025-11-18 17:24:20,598 - INFO - MainThread - server_logic - [DEBUG] found replica for vector: 1
2025-11-18 17:24:20,598 - INFO - MainThread - server_logic - [DEBUG] found replica for vector: 2
2025-11-18 17:24:20,598 - INFO - MainThread - server_logic - [DEBUG] found replica for vector: 3
2025-11-18 17:24:20,598 - INFO - MainThread - server_logic - [DEBUG] to me replica for vector: 3
2025-11-18 17:24:20,598 - INFO - MainThread - server_logic - [DEBUG] found replica for vector: 1
2025-11-18 17:24:20,598 - INFO - MainThread - server_logic - [DEBUG] found replica for vector: 2
2025-11-18 17:24:20,599 - INFO - MainThread - server_logic - [DEBUG] found replica for vector: 3
2025-11-18 17:24:20,599 - INFO - MainThread - server_logic - [DEBUG] found replica for vector: 4
2025-11-18 17:24:20,599 - INFO - MainThread - server_logic - [DEBUG] found replica for vector: 1
2025-11-18 17:24:20,599 - INFO - MainThread - server_logic - [DEBUG] found replica for vector: 2
2025-11-18 17:24:20,599 - INFO - MainThread - server_logic - [DEBUG] found replica for vector: 3
2025-11-18 17:24:20,599 - INFO - MainThread - server_logic - [DEBUG] found replica for vector: 4
2025-11-18 17:24:20,599 - INFO - MainThread - server_logic - [DEBUG] found replica for vector: 1
2025-11-18 17:24:20,599 - INFO - MainThread - server_logic - [DEBUG] found replica for vector: 2
2025-11-18 17:24:20,599 - INFO - MainThread - server_logic - [DEBUG] found replica for vector: 3
2025-11-18 17:24:20,599 - INFO - MainThread - server_logic - [DEBUG] to me replica for vector: 3
2025-11-18 17:24:20,599 - INFO - MainThread - server_logic - [DEBUG] found replica for vector: 1
2025-11-18 17:24:20,599 - INFO - MainThread - server_logic - [DEBUG] found replica for vector: 2
2025-11-18 17:24:20,599 - INFO - MainThread - server_logic - [DEBUG] found replica for vector: 3
2025-11-18 17:24:20,599 - INFO - MainThread - server_logic - [DEBUG] found replica for vector: 4
2025-11-18 17:24:20,599 - INFO - MainThread - server_logic - [DEBUG] found replica for vector: 1
2025-11-18 17:24:20,599 - INFO - MainThread - server_logic - [DEBUG] found replica for vector: 2
2025-11-18 17:24:20,599 - INFO - MainThread - server_logic - [DEBUG] found replica for vector: 3
2025-11-18 17:24:20,599 - INFO - MainThread - server_logic - [DEBUG] found replica for vector: 4
2025-11-18 17:24:20,599 - INFO - MainThread - server_logic - [DEBUG] found replica for vector: 1
2025-11-18 17:24:20,599 - INFO - MainThread - server_logic - [DEBUG] found replica for vector: 2
2025-11-18 17:24:20,599 - INFO - MainThread - server_logic - [DEBUG] found replica for vector: 3
2025-11-18 17:24:20,599 - INFO - MainThread - server_logic - [DEBUG] to me replica for vector: 3
2025-11-18 17:24:20,599 - INFO - MainThread - server_logic - [DEBUG] found replica for vector: 1
2025-11-18 17:24:20,599 - INFO - MainThread - server_logic - [DEBUG] found replica for vector: 2
2025-11-18 17:24:20,599 - INFO - MainThread - server_logic - [DEBUG] found replica for vector: 3
2025-11-18 17:24:20,599 - INFO - MainThread - server_logic - [DEBUG] to me replica for vector: 3
2025-11-18 17:24:20,599 - INFO - MainThread - server_logic - [DEBUG] found replica for vector: 1
2025-11-18 17:24:20,599 - INFO - MainThread - server_logic - [DEBUG] found replica for vector: 2
2025-11-18 17:24:20,599 - INFO - MainThread - server_logic - [DEBUG] found replica for vector: 3
2025-11-18 17:24:20,599 - INFO - MainThread - server_logic - [DEBUG] found replica for vector: 4
2025-11-18 17:24:20,599 - INFO - MainThread - server_logic - [DEBUG] found replica for vector: 1
2025-11-18 17:24:20,599 - INFO - MainThread - server_logic - [DEBUG] found replica for vector: 2
2025-11-18 17:24:20,599 - INFO - MainThread - server_logic - [DEBUG] found replica for vector: 3
2025-11-18 17:24:20,599 - INFO - MainThread - server_logic - [DEBUG] to me replica for vector: 3
2025-11-18 17:24:20,599 - INFO - MainThread - server_logic - [DEBUG] found replica for vector: 1
2025-11-18 17:24:20,599 - INFO - MainThread - server_logic - [DEBUG] found replica for vector: 2
2025-11-18 17:24:20,599 - INFO - MainThread - server_logic - [DEBUG] found replica for vector: 3
2025-11-18 17:24:20,599 - INFO - MainThread - server_logic - [DEBUG] to me replica for vector: 3
2025-11-18 17:24:20,599 - INFO - MainThread - server_logic - [DEBUG] found replica for vector: 1
2025-11-18 17:24:20,599 - INFO - MainThread - server_logic - [DEBUG] found replica for vector: 2
2025-11-18 17:24:20,599 - INFO - MainThread - server_logic - [DEBUG] found replica for vector: 3
2025-11-18 17:24:20,599 - INFO - MainThread - server_logic - [DEBUG] found replica for vector: 4
2025-11-18 17:24:20,599 - INFO - MainThread - server_logic - [DEBUG] found replica for vector: 1
2025-11-18 17:24:20,599 - INFO - MainThread - server_logic - [DEBUG] found replica for vector: 2
2025-11-18 17:24:20,599 - INFO - MainThread - server_logic - [DEBUG] found replica for vector: 3
2025-11-18 17:24:20,599 - INFO - MainThread - server_logic - [DEBUG] found replica for vector: 4
2025-11-18 17:24:20,599 - INFO - MainThread - server_logic - [DEBUG] found replica for vector: 1
2025-11-18 17:24:20,599 - INFO - MainThread - server_logic - [DEBUG] found replica for vector: 2
2025-11-18 17:24:20,599 - INFO - MainThread - server_logic - [DEBUG] found replica for vector: 3
2025-11-18 17:24:20,599 - INFO - MainThread - server_logic - [DEBUG] found replica for vector: 4
2025-11-18 17:24:20,599 - INFO - MainThread - server_logic - [DEBUG] found replica for vector: 1
2025-11-18 17:24:20,599 - INFO - MainThread - server_logic - [DEBUG] found replica for vector: 2
2025-11-18 17:24:20,599 - INFO - MainThread - server_logic - [DEBUG] found replica for vector: 3
2025-11-18 17:24:20,599 - INFO - MainThread - server_logic - [DEBUG] to me replica for vector: 3
2025-11-18 17:24:20,600 - INFO - MainThread - server_logic - [DEBUG] found replica for vector: 1
2025-11-18 17:24:20,600 - INFO - MainThread - server_logic - [DEBUG] found replica for vector: 2
2025-11-18 17:24:20,600 - INFO - MainThread - server_logic - [DEBUG] found replica for vector: 3
2025-11-18 17:24:20,600 - INFO - MainThread - server_logic - [DEBUG] found replica for vector: 4
2025-11-18 17:24:20,600 - INFO - MainThread - server_logic - [DEBUG] found replica for vector: 1
2025-11-18 17:24:20,600 - INFO - MainThread - server_logic - [DEBUG] found replica for vector: 2
2025-11-18 17:24:20,600 - INFO - MainThread - server_logic - [DEBUG] found replica for vector: 3
2025-11-18 17:24:20,600 - INFO - MainThread - server_logic - [DEBUG] found replica for vector: 4
2025-11-18 17:24:20,600 - INFO - MainThread - server_logic - [DEBUG] found replica for vector: 1
2025-11-18 17:24:20,600 - INFO - MainThread - server_logic - [DEBUG] found replica for vector: 2
2025-11-18 17:24:20,600 - INFO - MainThread - server_logic - [DEBUG] found replica for vector: 3
2025-11-18 17:24:20,600 - INFO - MainThread - server_logic - [DEBUG] found replica for vector: 4
2025-11-18 17:24:20,600 - INFO - MainThread - server_logic - [DEBUG] found replica for vector: 1
2025-11-18 17:24:20,600 - INFO - MainThread - server_logic - [DEBUG] found replica for vector: 2
2025-11-18 17:24:20,600 - INFO - MainThread - server_logic - [DEBUG] found replica for vector: 3
2025-11-18 17:24:20,600 - INFO - MainThread - server_logic - [DEBUG] found replica for vector: 4
2025-11-18 17:24:20,600 - INFO - MainThread - server_logic - [DEBUG] found replica for vector: 1
2025-11-18 17:24:20,600 - INFO - MainThread - server_logic - [DEBUG] found replica for vector: 2
2025-11-18 17:24:20,600 - INFO - MainThread - server_logic - [DEBUG] found replica for vector: 3
2025-11-18 17:24:20,600 - INFO - MainThread - server_logic - [DEBUG] found replica for vector: 4
2025-11-18 17:24:20,600 - INFO - MainThread - server_logic - [DEBUG] found replica for vector: 1
2025-11-18 17:24:20,600 - INFO - MainThread - server_logic - [DEBUG] found replica for vector: 2
2025-11-18 17:24:20,600 - INFO - MainThread - server_logic - [DEBUG] found replica for vector: 3
2025-11-18 17:24:20,600 - INFO - MainThread - server_logic - [DEBUG] found replica for vector: 4
2025-11-18 17:24:20,600 - INFO - MainThread - server_logic - [DEBUG] found replica for vector: 1
2025-11-18 17:24:20,600 - INFO - MainThread - server_logic - [DEBUG] found replica for vector: 2
2025-11-18 17:24:20,600 - INFO - MainThread - server_logic - [DEBUG] found replica for vector: 3
2025-11-18 17:24:20,600 - INFO - MainThread - server_logic - [DEBUG] to me replica for vector: 3
2025-11-18 17:24:20,600 - INFO - MainThread - server_logic - [DEBUG] found replica for vector: 1
2025-11-18 17:24:20,600 - INFO - MainThread - server_logic - [DEBUG] found replica for vector: 2
2025-11-18 17:24:20,600 - INFO - MainThread - server_logic - [DEBUG] found replica for vector: 3
2025-11-18 17:24:20,600 - INFO - MainThread - server_logic - [DEBUG] found replica for vector: 4
2025-11-18 17:24:20,600 - INFO - MainThread - server_logic - [DEBUG] found replica for vector: 1
2025-11-18 17:24:20,600 - INFO - MainThread - server_logic - [DEBUG] found replica for vector: 2
2025-11-18 17:24:20,600 - INFO - MainThread - server_logic - [DEBUG] found replica for vector: 3
2025-11-18 17:24:20,600 - INFO - MainThread - server_logic - [DEBUG] found replica for vector: 4
2025-11-18 17:24:20,600 - INFO - MainThread - server_logic - [DEBUG] found replica for vector: 1
2025-11-18 17:24:20,600 - INFO - MainThread - server_logic - [DEBUG] found replica for vector: 2
2025-11-18 17:24:20,600 - INFO - MainThread - server_logic - [DEBUG] found replica for vector: 3
2025-11-18 17:24:20,600 - INFO - MainThread - server_logic - [DEBUG] found replica for vector: 4
2025-11-18 17:24:20,600 - INFO - MainThread - server_logic - [DEBUG] found replica for vector: 1
2025-11-18 17:24:20,600 - INFO - MainThread - server_logic - [DEBUG] found replica for vector: 2
2025-11-18 17:24:20,600 - INFO - MainThread - server_logic - [DEBUG] found replica for vector: 3
2025-11-18 17:24:20,600 - INFO - MainThread - server_logic - [DEBUG] to me replica for vector: 3
2025-11-18 17:24:20,600 - INFO - MainThread - server_logic - [DEBUG] found replica for vector: 1
2025-11-18 17:24:20,600 - INFO - MainThread - server_logic - [DEBUG] found replica for vector: 2
2025-11-18 17:24:20,600 - INFO - MainThread - server_logic - [DEBUG] found replica for vector: 3
2025-11-18 17:24:20,600 - INFO - MainThread - server_logic - [DEBUG] found replica for vector: 4
2025-11-18 17:24:20,600 - INFO - MainThread - server_logic - [DEBUG] found replica for vector: 1
2025-11-18 17:24:20,600 - INFO - MainThread - server_logic - [DEBUG] found replica for vector: 2
2025-11-18 17:24:20,600 - INFO - MainThread - server_logic - [DEBUG] found replica for vector: 3
2025-11-18 17:24:20,600 - INFO - MainThread - server_logic - [DEBUG] found replica for vector: 4
2025-11-18 17:24:20,601 - INFO - MainThread - server_logic - [DEBUG] found replica for vector: 1
2025-11-18 17:24:20,601 - INFO - MainThread - server_logic - [DEBUG] found replica for vector: 2
2025-11-18 17:24:20,601 - INFO - MainThread - server_logic - [DEBUG] found replica for vector: 3
2025-11-18 17:24:20,601 - INFO - MainThread - server_logic - [DEBUG] to me replica for vector: 3
2025-11-18 17:24:20,601 - INFO - MainThread - server_logic - [DEBUG] found replica for vector: 1
2025-11-18 17:24:20,601 - INFO - MainThread - server_logic - [DEBUG] found replica for vector: 2
2025-11-18 17:24:20,601 - INFO - MainThread - server_logic - [DEBUG] found replica for vector: 3
2025-11-18 17:24:20,601 - INFO - MainThread - server_logic - [DEBUG] found replica for vector: 4
2025-11-18 17:24:20,601 - INFO - MainThread - server_logic - [DEBUG] found replica for vector: 1
2025-11-18 17:24:20,601 - INFO - MainThread - server_logic - [DEBUG] found replica for vector: 2
2025-11-18 17:24:20,601 - INFO - MainThread - server_logic - [DEBUG] found replica for vector: 3
2025-11-18 17:24:20,601 - INFO - MainThread - server_logic - [DEBUG] found replica for vector: 4
2025-11-18 17:24:20,601 - INFO - MainThread - server_logic - [DEBUG] found replica for vector: 1
2025-11-18 17:24:20,601 - INFO - MainThread - server_logic - [DEBUG] found replica for vector: 2
2025-11-18 17:24:20,601 - INFO - MainThread - server_logic - [DEBUG] found replica for vector: 3
2025-11-18 17:24:20,601 - INFO - MainThread - server_logic - [DEBUG] found replica for vector: 4
2025-11-18 17:24:20,601 - INFO - MainThread - server_logic - [DEBUG] found replica for vector: 1
2025-11-18 17:24:20,601 - INFO - MainThread - server_logic - [DEBUG] found replica for vector: 2
2025-11-18 17:24:20,601 - INFO - MainThread - server_logic - [DEBUG] found replica for vector: 3
2025-11-18 17:24:20,601 - INFO - MainThread - server_logic - [DEBUG] found replica for vector: 4
2025-11-18 17:24:20,601 - INFO - MainThread - server_logic - [DEBUG] found replica for vector: 1
2025-11-18 17:24:20,601 - INFO - MainThread - server_logic - [DEBUG] found replica for vector: 2
2025-11-18 17:24:20,601 - INFO - MainThread - server_logic - [DEBUG] found replica for vector: 3
2025-11-18 17:24:20,601 - INFO - MainThread - server_logic - [DEBUG] found replica for vector: 4
2025-11-18 17:24:20,601 - INFO - MainThread - server_logic - [DEBUG] found replica for vector: 1
2025-11-18 17:24:20,601 - INFO - MainThread - server_logic - [DEBUG] found replica for vector: 2
2025-11-18 17:24:20,601 - INFO - MainThread - server_logic - [DEBUG] found replica for vector: 3
2025-11-18 17:24:20,601 - INFO - MainThread - server_logic - [DEBUG] found replica for vector: 4
2025-11-18 17:24:20,601 - INFO - MainThread - server_logic - [DEBUG] found replica for vector: 1
2025-11-18 17:24:20,601 - INFO - MainThread - server_logic - [DEBUG] found replica for vector: 2
2025-11-18 17:24:20,601 - INFO - MainThread - server_logic - [DEBUG] found replica for vector: 3
2025-11-18 17:24:20,601 - INFO - MainThread - server_logic - [DEBUG] found replica for vector: 4
2025-11-18 17:24:20,601 - INFO - MainThread - server_logic - [DEBUG] found replica for vector: 1
2025-11-18 17:24:20,601 - INFO - MainThread - server_logic - [DEBUG] found replica for vector: 2
2025-11-18 17:24:20,601 - INFO - MainThread - server_logic - [DEBUG] found replica for vector: 3
2025-11-18 17:24:20,601 - INFO - MainThread - server_logic - [DEBUG] found replica for vector: 4
2025-11-18 17:24:20,601 - INFO - MainThread - server_logic - [DEBUG] found replica for vector: 1
2025-11-18 17:24:20,601 - INFO - MainThread - server_logic - [DEBUG] found replica for vector: 2
2025-11-18 17:24:20,601 - INFO - MainThread - server_logic - [DEBUG] found replica for vector: 3
2025-11-18 17:24:20,601 - INFO - MainThread - server_logic - [DEBUG] found replica for vector: 4
2025-11-18 17:24:20,601 - INFO - MainThread - server_logic - [DEBUG] found replica for vector: 1
2025-11-18 17:24:20,601 - INFO - MainThread - server_logic - [DEBUG] found replica for vector: 2
2025-11-18 17:24:20,601 - INFO - MainThread - server_logic - [DEBUG] found replica for vector: 3
2025-11-18 17:24:20,601 - INFO - MainThread - server_logic - [DEBUG] found replica for vector: 4
2025-11-18 17:24:20,601 - INFO - MainThread - server_logic - [DEBUG] found replica for vector: 1
2025-11-18 17:24:20,601 - INFO - MainThread - server_logic - [DEBUG] found replica for vector: 2
2025-11-18 17:24:20,601 - INFO - MainThread - server_logic - [DEBUG] found replica for vector: 3
2025-11-18 17:24:20,601 - INFO - MainThread - server_logic - [DEBUG] to me replica for vector: 3
2025-11-18 17:24:20,601 - INFO - MainThread - server_logic - [DEBUG] found replica for vector: 1
2025-11-18 17:24:20,601 - INFO - MainThread - server_logic - [DEBUG] found replica for vector: 2
2025-11-18 17:24:20,601 - INFO - MainThread - server_logic - [DEBUG] found replica for vector: 3
2025-11-18 17:24:20,601 - INFO - MainThread - server_logic - [DEBUG] found replica for vector: 4
2025-11-18 17:24:20,601 - INFO - MainThread - server_logic - [DEBUG] found replica for vector: 1
2025-11-18 17:24:20,601 - INFO - MainThread - server_logic - [DEBUG] found replica for vector: 2
2025-11-18 17:24:20,602 - INFO - MainThread - server_logic - [DEBUG] found replica for vector: 3
2025-11-18 17:24:20,602 - INFO - MainThread - server_logic - [DEBUG] found replica for vector: 4
2025-11-18 17:24:20,602 - INFO - MainThread - server_logic - [DEBUG] found replica for vector: 1
2025-11-18 17:24:20,602 - INFO - MainThread - server_logic - [DEBUG] found replica for vector: 2
2025-11-18 17:24:20,602 - INFO - MainThread - server_logic - [DEBUG] found replica for vector: 3
2025-11-18 17:24:20,602 - INFO - MainThread - server_logic - [DEBUG] found replica for vector: 4
2025-11-18 17:24:20,602 - INFO - MainThread - server_logic - [DEBUG] found replica for vector: 1
2025-11-18 17:24:20,602 - INFO - MainThread - server_logic - [DEBUG] found replica for vector: 2
2025-11-18 17:24:20,602 - INFO - MainThread - server_logic - [DEBUG] found replica for vector: 3
2025-11-18 17:24:20,602 - INFO - MainThread - server_logic - [DEBUG] found replica for vector: 4
2025-11-18 17:24:20,602 - INFO - MainThread - server_logic - [DEBUG] found replica for vector: 1
2025-11-18 17:24:20,602 - INFO - MainThread - server_logic - [DEBUG] found replica for vector: 2
2025-11-18 17:24:20,602 - INFO - MainThread - server_logic - [DEBUG] found replica for vector: 3
2025-11-18 17:24:20,602 - INFO - MainThread - server_logic - [DEBUG] found replica for vector: 4
2025-11-18 17:24:20,602 - INFO - MainThread - server_logic - [DEBUG] found replica for vector: 1
2025-11-18 17:24:20,602 - INFO - MainThread - server_logic - [DEBUG] found replica for vector: 2
2025-11-18 17:24:20,602 - INFO - MainThread - server_logic - [DEBUG] found replica for vector: 3
2025-11-18 17:24:20,602 - INFO - MainThread - server_logic - [DEBUG] found replica for vector: 4
2025-11-18 17:24:20,602 - INFO - MainThread - server_logic - [DEBUG] found replica for vector: 1
2025-11-18 17:24:20,602 - INFO - MainThread - server_logic - [DEBUG] found replica for vector: 2
2025-11-18 17:24:20,602 - INFO - MainThread - server_logic - [DEBUG] found replica for vector: 3
2025-11-18 17:24:20,602 - INFO - MainThread - server_logic - [DEBUG] found replica for vector: 4
2025-11-18 17:24:20,602 - INFO - MainThread - server_logic - [DEBUG] found replica for vector: 1
2025-11-18 17:24:20,602 - INFO - MainThread - server_logic - [DEBUG] found replica for vector: 2
2025-11-18 17:24:20,602 - INFO - MainThread - server_logic - [DEBUG] found replica for vector: 3
2025-11-18 17:24:20,602 - INFO - MainThread - server_logic - [DEBUG] found replica for vector: 4
2025-11-18 17:24:20,602 - INFO - MainThread - server_logic - [DEBUG] found replica for vector: 1
2025-11-18 17:24:20,602 - INFO - MainThread - server_logic - [DEBUG] found replica for vector: 2
2025-11-18 17:24:20,602 - INFO - MainThread - server_logic - [DEBUG] found replica for vector: 3
2025-11-18 17:24:20,602 - INFO - MainThread - server_logic - [DEBUG] found replica for vector: 4
2025-11-18 17:24:20,602 - INFO - MainThread - server_logic - [DEBUG] found replica for vector: 1
2025-11-18 17:24:20,602 - INFO - MainThread - server_logic - [DEBUG] found replica for vector: 2
2025-11-18 17:24:20,602 - INFO - MainThread - server_logic - [DEBUG] found replica for vector: 3
2025-11-18 17:24:20,602 - INFO - MainThread - server_logic - [DEBUG] found replica for vector: 4
2025-11-18 17:24:20,602 - INFO - MainThread - server_logic - [DEBUG] found replica for vector: 1
2025-11-18 17:24:20,602 - INFO - MainThread - server_logic - [DEBUG] found replica for vector: 2
2025-11-18 17:24:20,602 - INFO - MainThread - server_logic - [DEBUG] found replica for vector: 3
2025-11-18 17:24:20,602 - INFO - MainThread - server_logic - [DEBUG] to me replica for vector: 3
2025-11-18 17:24:20,602 - INFO - MainThread - server_logic - [DEBUG] found replica for vector: 1
2025-11-18 17:24:20,602 - INFO - MainThread - server_logic - [DEBUG] found replica for vector: 2
2025-11-18 17:24:20,602 - INFO - MainThread - server_logic - [DEBUG] found replica for vector: 3
2025-11-18 17:24:20,602 - INFO - MainThread - server_logic - [DEBUG] to me replica for vector: 3
2025-11-18 17:24:20,602 - INFO - MainThread - server_logic - [DEBUG] found replica for vector: 1
2025-11-18 17:24:20,602 - INFO - MainThread - server_logic - [DEBUG] found replica for vector: 2
2025-11-18 17:24:20,602 - INFO - MainThread - server_logic - [DEBUG] found replica for vector: 3
2025-11-18 17:24:20,602 - INFO - MainThread - server_logic - [DEBUG] found replica for vector: 4
2025-11-18 17:24:20,602 - INFO - MainThread - server_logic - [DEBUG] found replica for vector: 1
2025-11-18 17:24:20,602 - INFO - MainThread - server_logic - [DEBUG] found replica for vector: 2
2025-11-18 17:24:20,602 - INFO - MainThread - server_logic - [DEBUG] found replica for vector: 3
2025-11-18 17:24:20,602 - INFO - MainThread - server_logic - [DEBUG] found replica for vector: 4
2025-11-18 17:24:20,602 - INFO - MainThread - server_logic - [DEBUG] found replica for vector: 1
2025-11-18 17:24:20,602 - INFO - MainThread - server_logic - [DEBUG] found replica for vector: 2
2025-11-18 17:24:20,602 - INFO - MainThread - server_logic - [DEBUG] found replica for vector: 3
2025-11-18 17:24:20,602 - INFO - MainThread - server_logic - [DEBUG] found replica for vector: 4
2025-11-18 17:24:20,603 - INFO - MainThread - server_logic - [DEBUG] found replica for vector: 1
2025-11-18 17:24:20,603 - INFO - MainThread - server_logic - [DEBUG] found replica for vector: 2
2025-11-18 17:24:20,603 - INFO - MainThread - server_logic - [DEBUG] found replica for vector: 3
2025-11-18 17:24:20,603 - INFO - MainThread - server_logic - [DEBUG] found replica for vector: 4
2025-11-18 17:24:20,603 - INFO - MainThread - server_logic - [DEBUG] found replica for vector: 1
2025-11-18 17:24:20,603 - INFO - MainThread - server_logic - [DEBUG] found replica for vector: 2
2025-11-18 17:24:20,603 - INFO - MainThread - server_logic - [DEBUG] found replica for vector: 3
2025-11-18 17:24:20,603 - INFO - MainThread - server_logic - [DEBUG] found replica for vector: 4
2025-11-18 17:24:20,603 - INFO - MainThread - server_logic - [DEBUG] found replica for vector: 1
2025-11-18 17:24:20,603 - INFO - MainThread - server_logic - [DEBUG] found replica for vector: 2
2025-11-18 17:24:20,603 - INFO - MainThread - server_logic - [DEBUG] found replica for vector: 3
2025-11-18 17:24:20,603 - INFO - MainThread - server_logic - [DEBUG] to me replica for vector: 3
2025-11-18 17:24:20,603 - INFO - MainThread - server_logic - [DEBUG] found replica for vector: 1
2025-11-18 17:24:20,603 - INFO - MainThread - server_logic - [DEBUG] found replica for vector: 2
2025-11-18 17:24:20,603 - INFO - MainThread - server_logic - [DEBUG] found replica for vector: 3
2025-11-18 17:24:20,603 - INFO - MainThread - server_logic - [DEBUG] found replica for vector: 4
2025-11-18 17:24:20,603 - INFO - MainThread - server_logic - [DEBUG] found replica for vector: 1
2025-11-18 17:24:20,603 - INFO - MainThread - server_logic - [DEBUG] found replica for vector: 2
2025-11-18 17:24:20,603 - INFO - MainThread - server_logic - [DEBUG] found replica for vector: 3
2025-11-18 17:24:20,603 - INFO - MainThread - server_logic - [DEBUG] found replica for vector: 4
2025-11-18 17:24:20,603 - INFO - MainThread - server_logic - [DEBUG] found replica for vector: 1
2025-11-18 17:24:20,603 - INFO - MainThread - server_logic - [DEBUG] found replica for vector: 2
2025-11-18 17:24:20,603 - INFO - MainThread - server_logic - [DEBUG] found replica for vector: 3
2025-11-18 17:24:20,603 - INFO - MainThread - server_logic - [DEBUG] to me replica for vector: 3
2025-11-18 17:24:20,603 - INFO - MainThread - server_logic - [DEBUG] found replica for vector: 1
2025-11-18 17:24:20,603 - INFO - MainThread - server_logic - [DEBUG] found replica for vector: 2
2025-11-18 17:24:20,603 - INFO - MainThread - server_logic - [DEBUG] found replica for vector: 3
2025-11-18 17:24:20,603 - INFO - MainThread - server_logic - [DEBUG] to me replica for vector: 3
2025-11-18 17:24:20,603 - INFO - MainThread - server_logic - [DEBUG] found replica for vector: 1
2025-11-18 17:24:20,603 - INFO - MainThread - server_logic - [DEBUG] found replica for vector: 2
2025-11-18 17:24:20,603 - INFO - MainThread - server_logic - [DEBUG] found replica for vector: 3
2025-11-18 17:24:20,603 - INFO - MainThread - server_logic - [DEBUG] found replica for vector: 4
2025-11-18 17:24:20,603 - INFO - MainThread - server_logic - [DEBUG] found replica for vector: 1
2025-11-18 17:24:20,603 - INFO - MainThread - server_logic - [DEBUG] found replica for vector: 2
2025-11-18 17:24:20,603 - INFO - MainThread - server_logic - [DEBUG] found replica for vector: 3
2025-11-18 17:24:20,603 - INFO - MainThread - server_logic - [DEBUG] found replica for vector: 4
2025-11-18 17:24:20,603 - INFO - MainThread - server_logic - [DEBUG] found replica for vector: 1
2025-11-18 17:24:20,603 - INFO - MainThread - server_logic - [DEBUG] found replica for vector: 2
2025-11-18 17:24:20,603 - INFO - MainThread - server_logic - [DEBUG] found replica for vector: 3
2025-11-18 17:24:20,603 - INFO - MainThread - server_logic - [DEBUG] found replica for vector: 4
2025-11-18 17:24:20,603 - INFO - MainThread - server_logic - [DEBUG] found replica for vector: 1
2025-11-18 17:24:20,603 - INFO - MainThread - server_logic - [DEBUG] found replica for vector: 2
2025-11-18 17:24:20,603 - INFO - MainThread - server_logic - [DEBUG] found replica for vector: 3
2025-11-18 17:24:20,603 - INFO - MainThread - server_logic - [DEBUG] found replica for vector: 4
2025-11-18 17:24:20,603 - INFO - MainThread - server_logic - [DEBUG] found replica for vector: 1
2025-11-18 17:24:20,603 - INFO - MainThread - server_logic - [DEBUG] found replica for vector: 2
2025-11-18 17:24:20,603 - INFO - MainThread - server_logic - [DEBUG] found replica for vector: 3
2025-11-18 17:24:20,603 - INFO - MainThread - server_logic - [DEBUG] found replica for vector: 4
2025-11-18 17:24:20,603 - INFO - MainThread - server_logic - [DEBUG] found replica for vector: 1
2025-11-18 17:24:20,603 - INFO - MainThread - server_logic - [DEBUG] found replica for vector: 2
2025-11-18 17:24:20,603 - INFO - MainThread - server_logic - [DEBUG] found replica for vector: 3
2025-11-18 17:24:20,603 - INFO - MainThread - server_logic - [DEBUG] found replica for vector: 4
2025-11-18 17:24:20,603 - INFO - MainThread - server_logic - [DEBUG] found replica for vector: 1
2025-11-18 17:24:20,603 - INFO - MainThread - server_logic - [DEBUG] found replica for vector: 2
2025-11-18 17:24:20,603 - INFO - MainThread - server_logic - [DEBUG] found replica for vector: 3
2025-11-18 17:24:20,603 - INFO - MainThread - server_logic - [DEBUG] found replica for vector: 4
2025-11-18 17:24:20,604 - INFO - MainThread - server_logic - [DEBUG] found replica for vector: 1
2025-11-18 17:24:20,604 - INFO - MainThread - server_logic - [DEBUG] found replica for vector: 2
2025-11-18 17:24:20,604 - INFO - MainThread - server_logic - [DEBUG] found replica for vector: 3
2025-11-18 17:24:20,604 - INFO - MainThread - server_logic - [DEBUG] found replica for vector: 4
2025-11-18 17:24:20,604 - INFO - MainThread - server_logic - [DEBUG] found replica for vector: 1
2025-11-18 17:24:20,604 - INFO - MainThread - server_logic - [DEBUG] found replica for vector: 2
2025-11-18 17:24:20,604 - INFO - MainThread - server_logic - [DEBUG] found replica for vector: 3
2025-11-18 17:24:20,604 - INFO - MainThread - server_logic - [DEBUG] found replica for vector: 4
2025-11-18 17:24:20,604 - INFO - MainThread - server_logic - [DEBUG] found replica for vector: 1
2025-11-18 17:24:20,604 - INFO - MainThread - server_logic - [DEBUG] found replica for vector: 2
2025-11-18 17:24:20,604 - INFO - MainThread - server_logic - [DEBUG] found replica for vector: 3
2025-11-18 17:24:20,604 - INFO - MainThread - server_logic - [DEBUG] to me replica for vector: 3
2025-11-18 17:24:20,604 - INFO - MainThread - server_logic - [DEBUG] found replica for vector: 1
2025-11-18 17:24:20,604 - INFO - MainThread - server_logic - [DEBUG] found replica for vector: 2
2025-11-18 17:24:20,604 - INFO - MainThread - server_logic - [DEBUG] found replica for vector: 3
2025-11-18 17:24:20,604 - INFO - MainThread - server_logic - [DEBUG] found replica for vector: 4
2025-11-18 17:24:20,604 - INFO - MainThread - server_logic - [DEBUG] found replica for vector: 1
2025-11-18 17:24:20,604 - INFO - MainThread - server_logic - [DEBUG] found replica for vector: 2
2025-11-18 17:24:20,604 - INFO - MainThread - server_logic - [DEBUG] found replica for vector: 3
2025-11-18 17:24:20,604 - INFO - MainThread - server_logic - [DEBUG] found replica for vector: 4
2025-11-18 17:24:20,604 - INFO - MainThread - server_logic - [DEBUG] found replica for vector: 1
2025-11-18 17:24:20,604 - INFO - MainThread - server_logic - [DEBUG] found replica for vector: 2
2025-11-18 17:24:20,604 - INFO - MainThread - server_logic - [DEBUG] found replica for vector: 3
2025-11-18 17:24:20,604 - INFO - MainThread - server_logic - [DEBUG] found replica for vector: 4
2025-11-18 17:24:20,604 - INFO - MainThread - server_logic - [DEBUG] found replica for vector: 1
2025-11-18 17:24:20,604 - INFO - MainThread - server_logic - [DEBUG] found replica for vector: 2
2025-11-18 17:24:20,604 - INFO - MainThread - server_logic - [DEBUG] found replica for vector: 3
2025-11-18 17:24:20,604 - INFO - MainThread - server_logic - [DEBUG] found replica for vector: 4
2025-11-18 17:24:20,604 - INFO - MainThread - server_logic - [DEBUG] found replica for vector: 1
2025-11-18 17:24:20,604 - INFO - MainThread - server_logic - [DEBUG] found replica for vector: 2
2025-11-18 17:24:20,604 - INFO - MainThread - server_logic - [DEBUG] found replica for vector: 3
2025-11-18 17:24:20,604 - INFO - MainThread - server_logic - [DEBUG] found replica for vector: 4
2025-11-18 17:24:20,604 - INFO - MainThread - server_logic - [DEBUG] found replica for vector: 1
2025-11-18 17:24:20,604 - INFO - MainThread - server_logic - [DEBUG] found replica for vector: 2
2025-11-18 17:24:20,604 - INFO - MainThread - server_logic - [DEBUG] found replica for vector: 3
2025-11-18 17:24:20,604 - INFO - MainThread - server_logic - [DEBUG] found replica for vector: 4
2025-11-18 17:24:20,604 - INFO - MainThread - server_logic - [DEBUG] found replica for vector: 1
2025-11-18 17:24:20,604 - INFO - MainThread - server_logic - [DEBUG] found replica for vector: 2
2025-11-18 17:24:20,604 - INFO - MainThread - server_logic - [DEBUG] found replica for vector: 3
2025-11-18 17:24:20,604 - INFO - MainThread - server_logic - [DEBUG] found replica for vector: 4
2025-11-18 17:24:20,604 - INFO - MainThread - server_logic - [DEBUG] found replica for vector: 1
2025-11-18 17:24:20,604 - INFO - MainThread - server_logic - [DEBUG] found replica for vector: 2
2025-11-18 17:24:20,604 - INFO - MainThread - server_logic - [DEBUG] found replica for vector: 3
2025-11-18 17:24:20,604 - INFO - MainThread - server_logic - [DEBUG] found replica for vector: 4
2025-11-18 17:24:20,604 - INFO - MainThread - server_logic - [DEBUG] found replica for vector: 1
2025-11-18 17:24:20,604 - INFO - MainThread - server_logic - [DEBUG] found replica for vector: 2
2025-11-18 17:24:20,604 - INFO - MainThread - server_logic - [DEBUG] found replica for vector: 3
2025-11-18 17:24:20,604 - INFO - MainThread - server_logic - [DEBUG] found replica for vector: 4
2025-11-18 17:24:20,604 - INFO - MainThread - server_logic - [DEBUG] found replica for vector: 1
2025-11-18 17:24:20,604 - INFO - MainThread - server_logic - [DEBUG] found replica for vector: 2
2025-11-18 17:24:20,604 - INFO - MainThread - server_logic - [DEBUG] found replica for vector: 3
2025-11-18 17:24:20,604 - INFO - MainThread - server_logic - [DEBUG] found replica for vector: 4
2025-11-18 17:24:20,604 - INFO - MainThread - server_logic - [DEBUG] found replica for vector: 1
2025-11-18 17:24:20,604 - INFO - MainThread - server_logic - [DEBUG] found replica for vector: 2
2025-11-18 17:24:20,604 - INFO - MainThread - server_logic - [DEBUG] found replica for vector: 3
2025-11-18 17:24:20,604 - INFO - MainThread - server_logic - [DEBUG] to me replica for vector: 3
2025-11-18 17:24:20,605 - INFO - MainThread - server_logic - [DEBUG] found replica for vector: 1
2025-11-18 17:24:20,605 - INFO - MainThread - server_logic - [DEBUG] found replica for vector: 2
2025-11-18 17:24:20,605 - INFO - MainThread - server_logic - [DEBUG] found replica for vector: 3
2025-11-18 17:24:20,605 - INFO - MainThread - server_logic - [DEBUG] found replica for vector: 4
2025-11-18 17:24:20,605 - INFO - MainThread - server_logic - [DEBUG] found replica for vector: 1
2025-11-18 17:24:20,605 - INFO - MainThread - server_logic - [DEBUG] found replica for vector: 2
2025-11-18 17:24:20,605 - INFO - MainThread - server_logic - [DEBUG] found replica for vector: 3
2025-11-18 17:24:20,605 - INFO - MainThread - server_logic - [DEBUG] found replica for vector: 4
2025-11-18 17:24:20,605 - INFO - MainThread - server_logic - [DEBUG] found replica for vector: 1
2025-11-18 17:24:20,605 - INFO - MainThread - server_logic - [DEBUG] found replica for vector: 2
2025-11-18 17:24:20,605 - INFO - MainThread - server_logic - [DEBUG] found replica for vector: 3
2025-11-18 17:24:20,605 - INFO - MainThread - server_logic - [DEBUG] found replica for vector: 4
2025-11-18 17:24:20,605 - INFO - MainThread - server_logic - [DEBUG] found replica for vector: 1
2025-11-18 17:24:20,605 - INFO - MainThread - server_logic - [DEBUG] found replica for vector: 2
2025-11-18 17:24:20,605 - INFO - MainThread - server_logic - [DEBUG] found replica for vector: 3
2025-11-18 17:24:20,605 - INFO - MainThread - server_logic - [DEBUG] found replica for vector: 4
2025-11-18 17:24:20,605 - INFO - MainThread - server_logic - [DEBUG] found replica for vector: 1
2025-11-18 17:24:20,605 - INFO - MainThread - server_logic - [DEBUG] found replica for vector: 2
2025-11-18 17:24:20,605 - INFO - MainThread - server_logic - [DEBUG] found replica for vector: 3
2025-11-18 17:24:20,605 - INFO - MainThread - server_logic - [DEBUG] found replica for vector: 4
2025-11-18 17:24:20,605 - INFO - MainThread - server_logic - [DEBUG] found replica for vector: 1
2025-11-18 17:24:20,605 - INFO - MainThread - server_logic - [DEBUG] found replica for vector: 2
2025-11-18 17:24:20,605 - INFO - MainThread - server_logic - [DEBUG] found replica for vector: 3
2025-11-18 17:24:20,605 - INFO - MainThread - server_logic - [DEBUG] found replica for vector: 4
2025-11-18 17:24:20,605 - INFO - MainThread - server_logic - [DEBUG] found replica for vector: 1
2025-11-18 17:24:20,605 - INFO - MainThread - server_logic - [DEBUG] found replica for vector: 2
2025-11-18 17:24:20,605 - INFO - MainThread - server_logic - [DEBUG] found replica for vector: 3
2025-11-18 17:24:20,605 - INFO - MainThread - server_logic - [DEBUG] found replica for vector: 4
2025-11-18 17:24:20,605 - INFO - MainThread - server_logic - [DEBUG] found replica for vector: 1
2025-11-18 17:24:20,605 - INFO - MainThread - server_logic - [DEBUG] found replica for vector: 2
2025-11-18 17:24:20,605 - INFO - MainThread - server_logic - [DEBUG] found replica for vector: 3
2025-11-18 17:24:20,605 - INFO - MainThread - server_logic - [DEBUG] found replica for vector: 4
2025-11-18 17:24:20,605 - INFO - MainThread - server_logic - [DEBUG] found replica for vector: 1
2025-11-18 17:24:20,605 - INFO - MainThread - server_logic - [DEBUG] found replica for vector: 2
2025-11-18 17:24:20,605 - INFO - MainThread - server_logic - [DEBUG] found replica for vector: 3
2025-11-18 17:24:20,605 - INFO - MainThread - server_logic - [DEBUG] found replica for vector: 4
2025-11-18 17:24:20,605 - INFO - MainThread - server_logic - [DEBUG] found replica for vector: 1
2025-11-18 17:24:20,605 - INFO - MainThread - server_logic - [DEBUG] found replica for vector: 2
2025-11-18 17:24:20,605 - INFO - MainThread - server_logic - [DEBUG] found replica for vector: 3
2025-11-18 17:24:20,605 - INFO - MainThread - server_logic - [DEBUG] to me replica for vector: 3
2025-11-18 17:24:20,605 - INFO - MainThread - server_logic - [DEBUG] found replica for vector: 1
2025-11-18 17:24:20,605 - INFO - MainThread - server_logic - [DEBUG] found replica for vector: 2
2025-11-18 17:24:20,605 - INFO - MainThread - server_logic - [DEBUG] found replica for vector: 3
2025-11-18 17:24:20,605 - INFO - MainThread - server_logic - [DEBUG] found replica for vector: 4
2025-11-18 17:24:20,605 - INFO - MainThread - server_logic - [DEBUG] found replica for vector: 1
2025-11-18 17:24:20,605 - INFO - MainThread - server_logic - [DEBUG] found replica for vector: 2
2025-11-18 17:24:20,605 - INFO - MainThread - server_logic - [DEBUG] found replica for vector: 3
2025-11-18 17:24:20,605 - INFO - MainThread - server_logic - [DEBUG] to me replica for vector: 3
2025-11-18 17:24:20,605 - INFO - MainThread - server_logic - [DEBUG] found replica for vector: 1
2025-11-18 17:24:20,605 - INFO - MainThread - server_logic - [DEBUG] found replica for vector: 2
2025-11-18 17:24:20,605 - INFO - MainThread - server_logic - [DEBUG] found replica for vector: 3
2025-11-18 17:24:20,606 - INFO - MainThread - server_logic - [DEBUG] found replica for vector: 4
2025-11-18 17:24:20,606 - INFO - MainThread - server_logic - [DEBUG] found replica for vector: 1
2025-11-18 17:24:20,606 - INFO - MainThread - server_logic - [DEBUG] found replica for vector: 2
2025-11-18 17:24:20,606 - INFO - MainThread - server_logic - [DEBUG] found replica for vector: 3
2025-11-18 17:24:20,606 - INFO - MainThread - server_logic - [DEBUG] to me replica for vector: 3
2025-11-18 17:24:20,606 - INFO - MainThread - server_logic - [DEBUG] found replica for vector: 1
2025-11-18 17:24:20,606 - INFO - MainThread - server_logic - [DEBUG] found replica for vector: 2
2025-11-18 17:24:20,606 - INFO - MainThread - server_logic - [DEBUG] found replica for vector: 3
2025-11-18 17:24:20,606 - INFO - MainThread - server_logic - [DEBUG] found replica for vector: 4
2025-11-18 17:24:20,606 - INFO - MainThread - server_logic - [DEBUG] found replica for vector: 1
2025-11-18 17:24:20,606 - INFO - MainThread - server_logic - [DEBUG] found replica for vector: 2
2025-11-18 17:24:20,606 - INFO - MainThread - server_logic - [DEBUG] found replica for vector: 3
2025-11-18 17:24:20,606 - INFO - MainThread - server_logic - [DEBUG] found replica for vector: 4
2025-11-18 17:24:20,606 - INFO - MainThread - server_logic - [DEBUG] found replica for vector: 1
2025-11-18 17:24:20,606 - INFO - MainThread - server_logic - [DEBUG] found replica for vector: 2
2025-11-18 17:24:20,606 - INFO - MainThread - server_logic - [DEBUG] found replica for vector: 3
2025-11-18 17:24:20,606 - INFO - MainThread - server_logic - [DEBUG] found replica for vector: 4
2025-11-18 17:24:20,606 - INFO - MainThread - server_logic - [DEBUG] found replica for vector: 1
2025-11-18 17:24:20,606 - INFO - MainThread - server_logic - [DEBUG] found replica for vector: 2
2025-11-18 17:24:20,606 - INFO - MainThread - server_logic - [DEBUG] found replica for vector: 3
2025-11-18 17:24:20,606 - INFO - MainThread - server_logic - [DEBUG] to me replica for vector: 3
2025-11-18 17:24:20,606 - INFO - MainThread - server_logic - [DEBUG] found replica for vector: 1
2025-11-18 17:24:20,606 - INFO - MainThread - server_logic - [DEBUG] found replica for vector: 2
2025-11-18 17:24:20,606 - INFO - MainThread - server_logic - [DEBUG] found replica for vector: 3
2025-11-18 17:24:20,606 - INFO - MainThread - server_logic - [DEBUG] found replica for vector: 4
2025-11-18 17:24:20,606 - INFO - MainThread - server_logic - [DEBUG] found replica for vector: 1
2025-11-18 17:24:20,606 - INFO - MainThread - server_logic - [DEBUG] found replica for vector: 2
2025-11-18 17:24:20,606 - INFO - MainThread - server_logic - [DEBUG] found replica for vector: 3
2025-11-18 17:24:20,606 - INFO - MainThread - server_logic - [DEBUG] found replica for vector: 4
2025-11-18 17:24:20,606 - INFO - MainThread - server_logic - [DEBUG] found replica for vector: 1
2025-11-18 17:24:20,606 - INFO - MainThread - server_logic - [DEBUG] found replica for vector: 2
2025-11-18 17:24:20,606 - INFO - MainThread - server_logic - [DEBUG] found replica for vector: 3
2025-11-18 17:24:20,606 - INFO - MainThread - server_logic - [DEBUG] found replica for vector: 4
2025-11-18 17:24:20,606 - INFO - MainThread - server_logic - [DEBUG] found replica for vector: 1
2025-11-18 17:24:20,606 - INFO - MainThread - server_logic - [DEBUG] found replica for vector: 2
2025-11-18 17:24:20,606 - INFO - MainThread - server_logic - [DEBUG] found replica for vector: 3
2025-11-18 17:24:20,606 - INFO - MainThread - server_logic - [DEBUG] to me replica for vector: 3
2025-11-18 17:24:20,606 - INFO - MainThread - server_logic - [DEBUG] found replica for vector: 1
2025-11-18 17:24:20,606 - INFO - MainThread - server_logic - [DEBUG] found replica for vector: 2
2025-11-18 17:24:20,606 - INFO - MainThread - server_logic - [DEBUG] found replica for vector: 3
2025-11-18 17:24:20,606 - INFO - MainThread - server_logic - [DEBUG] found replica for vector: 4
2025-11-18 17:24:20,606 - INFO - MainThread - server_logic - [DEBUG] found replica for vector: 1
2025-11-18 17:24:20,606 - INFO - MainThread - server_logic - [DEBUG] found replica for vector: 2
2025-11-18 17:24:20,606 - INFO - MainThread - server_logic - [DEBUG] found replica for vector: 3
2025-11-18 17:24:20,606 - INFO - MainThread - server_logic - [DEBUG] found replica for vector: 4
2025-11-18 17:24:20,606 - INFO - MainThread - server_logic - [DEBUG] found replica for vector: 1
2025-11-18 17:24:20,606 - INFO - MainThread - server_logic - [DEBUG] found replica for vector: 2
2025-11-18 17:24:20,606 - INFO - MainThread - server_logic - [DEBUG] found replica for vector: 3
2025-11-18 17:24:20,606 - INFO - MainThread - server_logic - [DEBUG] found replica for vector: 4
2025-11-18 17:24:20,606 - INFO - MainThread - server_logic - [DEBUG] found replica for vector: 1
2025-11-18 17:24:20,606 - INFO - MainThread - server_logic - [DEBUG] found replica for vector: 2
2025-11-18 17:24:20,606 - INFO - MainThread - server_logic - [DEBUG] found replica for vector: 3
2025-11-18 17:24:20,606 - INFO - MainThread - server_logic - [DEBUG] found replica for vector: 4
2025-11-18 17:24:20,606 - INFO - MainThread - server_logic - [DEBUG] found replica for vector: 1
2025-11-18 17:24:20,606 - INFO - MainThread - server_logic - [DEBUG] found replica for vector: 2
2025-11-18 17:24:20,606 - INFO - MainThread - server_logic - [DEBUG] found replica for vector: 3
2025-11-18 17:24:20,607 - INFO - MainThread - server_logic - [DEBUG] to me replica for vector: 3
2025-11-18 17:24:20,607 - INFO - MainThread - server_logic - [DEBUG] found replica for vector: 1
2025-11-18 17:24:20,607 - INFO - MainThread - server_logic - [DEBUG] found replica for vector: 2
2025-11-18 17:24:20,607 - INFO - MainThread - server_logic - [DEBUG] found replica for vector: 3
2025-11-18 17:24:20,607 - INFO - MainThread - server_logic - [DEBUG] found replica for vector: 4
2025-11-18 17:24:20,607 - INFO - MainThread - server_logic - [DEBUG] found replica for vector: 1
2025-11-18 17:24:20,607 - INFO - MainThread - server_logic - [DEBUG] found replica for vector: 2
2025-11-18 17:24:20,607 - INFO - MainThread - server_logic - [DEBUG] found replica for vector: 3
2025-11-18 17:24:20,607 - INFO - MainThread - server_logic - [DEBUG] found replica for vector: 4
2025-11-18 17:24:20,607 - INFO - MainThread - server_logic - [DEBUG] found replica for vector: 1
2025-11-18 17:24:20,607 - INFO - MainThread - server_logic - [DEBUG] found replica for vector: 2
2025-11-18 17:24:20,607 - INFO - MainThread - server_logic - [DEBUG] found replica for vector: 3
2025-11-18 17:24:20,607 - INFO - MainThread - server_logic - [DEBUG] found replica for vector: 4
2025-11-18 17:24:20,607 - INFO - MainThread - server_logic - [DEBUG] found replica for vector: 1
2025-11-18 17:24:20,607 - INFO - MainThread - server_logic - [DEBUG] found replica for vector: 2
2025-11-18 17:24:20,607 - INFO - MainThread - server_logic - [DEBUG] found replica for vector: 3
2025-11-18 17:24:20,607 - INFO - MainThread - server_logic - [DEBUG] found replica for vector: 4
2025-11-18 17:24:20,607 - INFO - MainThread - server_logic - [DEBUG] found replica for vector: 1
2025-11-18 17:24:20,607 - INFO - MainThread - server_logic - [DEBUG] found replica for vector: 2
2025-11-18 17:24:20,607 - INFO - MainThread - server_logic - [DEBUG] found replica for vector: 3
2025-11-18 17:24:20,607 - INFO - MainThread - server_logic - [DEBUG] found replica for vector: 4
2025-11-18 17:24:20,607 - INFO - MainThread - server_logic - [DEBUG] found replica for vector: 1
2025-11-18 17:24:20,607 - INFO - MainThread - server_logic - [DEBUG] found replica for vector: 2
2025-11-18 17:24:20,607 - INFO - MainThread - server_logic - [DEBUG] found replica for vector: 3
2025-11-18 17:24:20,607 - INFO - MainThread - server_logic - [DEBUG] found replica for vector: 4
2025-11-18 17:24:20,607 - INFO - MainThread - server_logic - [DEBUG] found replica for vector: 1
2025-11-18 17:24:20,607 - INFO - MainThread - server_logic - [DEBUG] found replica for vector: 2
2025-11-18 17:24:20,607 - INFO - MainThread - server_logic - [DEBUG] found replica for vector: 3
2025-11-18 17:24:20,607 - INFO - MainThread - server_logic - [DEBUG] found replica for vector: 4
2025-11-18 17:24:20,607 - INFO - MainThread - server_logic - [DEBUG] found replica for vector: 1
2025-11-18 17:24:20,607 - INFO - MainThread - server_logic - [DEBUG] found replica for vector: 2
2025-11-18 17:24:20,607 - INFO - MainThread - server_logic - [DEBUG] found replica for vector: 3
2025-11-18 17:24:20,607 - INFO - MainThread - server_logic - [DEBUG] found replica for vector: 4
2025-11-18 17:24:20,607 - INFO - MainThread - server_logic - [DEBUG] found replica for vector: 1
2025-11-18 17:24:20,607 - INFO - MainThread - server_logic - [DEBUG] found replica for vector: 2
2025-11-18 17:24:20,607 - INFO - MainThread - server_logic - [DEBUG] found replica for vector: 3
2025-11-18 17:24:20,607 - INFO - MainThread - server_logic - [DEBUG] found replica for vector: 4
2025-11-18 17:24:20,607 - INFO - MainThread - server_logic - [DEBUG] found replica for vector: 1
2025-11-18 17:24:20,607 - INFO - MainThread - server_logic - [DEBUG] found replica for vector: 2
2025-11-18 17:24:20,607 - INFO - MainThread - server_logic - [DEBUG] found replica for vector: 3
2025-11-18 17:24:20,607 - INFO - MainThread - server_logic - [DEBUG] found replica for vector: 4
2025-11-18 17:24:20,607 - INFO - MainThread - server_logic - [DEBUG] found replica for vector: 1
2025-11-18 17:24:20,607 - INFO - MainThread - server_logic - [DEBUG] found replica for vector: 2
2025-11-18 17:24:20,607 - INFO - MainThread - server_logic - [DEBUG] found replica for vector: 3
2025-11-18 17:24:20,607 - INFO - MainThread - server_logic - [DEBUG] found replica for vector: 4
2025-11-18 17:24:20,607 - INFO - MainThread - server_logic - [DEBUG] found replica for vector: 1
2025-11-18 17:24:20,607 - INFO - MainThread - server_logic - [DEBUG] found replica for vector: 2
2025-11-18 17:24:20,607 - INFO - MainThread - server_logic - [DEBUG] found replica for vector: 3
2025-11-18 17:24:20,607 - INFO - MainThread - server_logic - [DEBUG] found replica for vector: 4
2025-11-18 17:24:20,607 - INFO - MainThread - server_logic - [DEBUG] found replica for vector: 1
2025-11-18 17:24:20,607 - INFO - MainThread - server_logic - [DEBUG] found replica for vector: 2
2025-11-18 17:24:20,607 - INFO - MainThread - server_logic - [DEBUG] found replica for vector: 3
2025-11-18 17:24:20,607 - INFO - MainThread - server_logic - [DEBUG] found replica for vector: 4
2025-11-18 17:24:20,607 - INFO - MainThread - server_logic - [DEBUG] found replica for vector: 1
2025-11-18 17:24:20,607 - INFO - MainThread - server_logic - [DEBUG] found replica for vector: 2
2025-11-18 17:24:20,607 - INFO - MainThread - server_logic - [DEBUG] found replica for vector: 3
2025-11-18 17:24:20,607 - INFO - MainThread - server_logic - [DEBUG] to me replica for vector: 3
2025-11-18 17:24:20,608 - INFO - MainThread - server_logic - [DEBUG] found replica for vector: 1
2025-11-18 17:24:20,608 - INFO - MainThread - server_logic - [DEBUG] found replica for vector: 2
2025-11-18 17:24:20,608 - INFO - MainThread - server_logic - [DEBUG] found replica for vector: 3
2025-11-18 17:24:20,608 - INFO - MainThread - server_logic - [DEBUG] found replica for vector: 4
2025-11-18 17:24:20,608 - INFO - MainThread - server_logic - [DEBUG] found replica for vector: 1
2025-11-18 17:24:20,608 - INFO - MainThread - server_logic - [DEBUG] found replica for vector: 2
2025-11-18 17:24:20,608 - INFO - MainThread - server_logic - [DEBUG] found replica for vector: 3
2025-11-18 17:24:20,608 - INFO - MainThread - server_logic - [DEBUG] found replica for vector: 4
2025-11-18 17:24:20,608 - INFO - MainThread - server_logic - [DEBUG] found replica for vector: 1
2025-11-18 17:24:20,608 - INFO - MainThread - server_logic - [DEBUG] found replica for vector: 2
2025-11-18 17:24:20,608 - INFO - MainThread - server_logic - [DEBUG] found replica for vector: 3
2025-11-18 17:24:20,608 - INFO - MainThread - server_logic - [DEBUG] to me replica for vector: 3
2025-11-18 17:24:20,608 - INFO - MainThread - server_logic - [DEBUG] found replica for vector: 1
2025-11-18 17:24:20,608 - INFO - MainThread - server_logic - [DEBUG] found replica for vector: 2
2025-11-18 17:24:20,608 - INFO - MainThread - server_logic - [DEBUG] found replica for vector: 3
2025-11-18 17:24:20,608 - INFO - MainThread - server_logic - [DEBUG] found replica for vector: 4
2025-11-18 17:24:20,608 - INFO - MainThread - server_logic - [DEBUG] found replica for vector: 1
2025-11-18 17:24:20,608 - INFO - MainThread - server_logic - [DEBUG] found replica for vector: 2
2025-11-18 17:24:20,608 - INFO - MainThread - server_logic - [DEBUG] found replica for vector: 3
2025-11-18 17:24:20,608 - INFO - MainThread - server_logic - [DEBUG] found replica for vector: 4
2025-11-18 17:24:20,608 - INFO - MainThread - server_logic - [DEBUG] found replica for vector: 1
2025-11-18 17:24:20,608 - INFO - MainThread - server_logic - [DEBUG] found replica for vector: 2
2025-11-18 17:24:20,608 - INFO - MainThread - server_logic - [DEBUG] found replica for vector: 3
2025-11-18 17:24:20,608 - INFO - MainThread - server_logic - [DEBUG] to me replica for vector: 3
2025-11-18 17:24:20,608 - INFO - MainThread - server_logic - [DEBUG] found replica for vector: 1
2025-11-18 17:24:20,608 - INFO - MainThread - server_logic - [DEBUG] found replica for vector: 2
2025-11-18 17:24:20,608 - INFO - MainThread - server_logic - [DEBUG] found replica for vector: 3
2025-11-18 17:24:20,608 - INFO - MainThread - server_logic - [DEBUG] found replica for vector: 4
2025-11-18 17:24:20,608 - INFO - MainThread - server_logic - [DEBUG] found replica for vector: 1
2025-11-18 17:24:20,608 - INFO - MainThread - server_logic - [DEBUG] found replica for vector: 2
2025-11-18 17:24:20,608 - INFO - MainThread - server_logic - [DEBUG] found replica for vector: 3
2025-11-18 17:24:20,608 - INFO - MainThread - server_logic - [DEBUG] found replica for vector: 4
2025-11-18 17:24:20,608 - INFO - MainThread - server_logic - [DEBUG] found replica for vector: 1
2025-11-18 17:24:20,608 - INFO - MainThread - server_logic - [DEBUG] found replica for vector: 2
2025-11-18 17:24:20,608 - INFO - MainThread - server_logic - [DEBUG] found replica for vector: 3
2025-11-18 17:24:20,608 - INFO - MainThread - server_logic - [DEBUG] found replica for vector: 4
2025-11-18 17:24:20,608 - INFO - MainThread - server_logic - [DEBUG] found replica for vector: 1
2025-11-18 17:24:20,608 - INFO - MainThread - server_logic - [DEBUG] found replica for vector: 2
2025-11-18 17:24:20,608 - INFO - MainThread - server_logic - [DEBUG] found replica for vector: 3
2025-11-18 17:24:20,608 - INFO - MainThread - server_logic - [DEBUG] found replica for vector: 4
2025-11-18 17:24:20,608 - INFO - MainThread - server_logic - [DEBUG] found replica for vector: 1
2025-11-18 17:24:20,608 - INFO - MainThread - server_logic - [DEBUG] found replica for vector: 2
2025-11-18 17:24:20,608 - INFO - MainThread - server_logic - [DEBUG] found replica for vector: 3
2025-11-18 17:24:20,608 - INFO - MainThread - server_logic - [DEBUG] found replica for vector: 4
2025-11-18 17:24:20,608 - INFO - MainThread - server_logic - [DEBUG] found replica for vector: 1
2025-11-18 17:24:20,608 - INFO - MainThread - server_logic - [DEBUG] found replica for vector: 2
2025-11-18 17:24:20,608 - INFO - MainThread - server_logic - [DEBUG] found replica for vector: 3
2025-11-18 17:24:20,608 - INFO - MainThread - server_logic - [DEBUG] found replica for vector: 4
2025-11-18 17:24:20,608 - INFO - MainThread - server_logic - [DEBUG] found replica for vector: 1
2025-11-18 17:24:20,608 - INFO - MainThread - server_logic - [DEBUG] found replica for vector: 2
2025-11-18 17:24:20,608 - INFO - MainThread - server_logic - [DEBUG] found replica for vector: 3
2025-11-18 17:24:20,608 - INFO - MainThread - server_logic - [DEBUG] found replica for vector: 4
2025-11-18 17:24:20,608 - INFO - MainThread - server_logic - [DEBUG] found replica for vector: 1
2025-11-18 17:24:20,608 - INFO - MainThread - server_logic - [DEBUG] found replica for vector: 2
2025-11-18 17:24:20,608 - INFO - MainThread - server_logic - [DEBUG] found replica for vector: 3
2025-11-18 17:24:20,608 - INFO - MainThread - server_logic - [DEBUG] found replica for vector: 4
2025-11-18 17:24:20,609 - INFO - MainThread - server_logic - [DEBUG] found replica for vector: 1
2025-11-18 17:24:20,609 - INFO - MainThread - server_logic - [DEBUG] found replica for vector: 2
2025-11-18 17:24:20,609 - INFO - MainThread - server_logic - [DEBUG] found replica for vector: 3
2025-11-18 17:24:20,609 - INFO - MainThread - server_logic - [DEBUG] found replica for vector: 4
2025-11-18 17:24:20,609 - INFO - MainThread - server_logic - [DEBUG] found replica for vector: 1
2025-11-18 17:24:20,609 - INFO - MainThread - server_logic - [DEBUG] found replica for vector: 2
2025-11-18 17:24:20,609 - INFO - MainThread - server_logic - [DEBUG] found replica for vector: 3
2025-11-18 17:24:20,609 - INFO - MainThread - server_logic - [DEBUG] found replica for vector: 4
2025-11-18 17:24:20,609 - INFO - MainThread - server_logic - [DEBUG] found replica for vector: 1
2025-11-18 17:24:20,609 - INFO - MainThread - server_logic - [DEBUG] found replica for vector: 2
2025-11-18 17:24:20,609 - INFO - MainThread - server_logic - [DEBUG] found replica for vector: 3
2025-11-18 17:24:20,609 - INFO - MainThread - server_logic - [DEBUG] found replica for vector: 4
2025-11-18 17:24:20,609 - INFO - MainThread - server_logic - [DEBUG] found replica for vector: 1
2025-11-18 17:24:20,609 - INFO - MainThread - server_logic - [DEBUG] found replica for vector: 2
2025-11-18 17:24:20,609 - INFO - MainThread - server_logic - [DEBUG] found replica for vector: 3
2025-11-18 17:24:20,609 - INFO - MainThread - server_logic - [DEBUG] to me replica for vector: 3
2025-11-18 17:24:20,609 - INFO - MainThread - server_logic - [DEBUG] found replica for vector: 1
2025-11-18 17:24:20,609 - INFO - MainThread - server_logic - [DEBUG] found replica for vector: 2
2025-11-18 17:24:20,609 - INFO - MainThread - server_logic - [DEBUG] found replica for vector: 3
2025-11-18 17:24:20,609 - INFO - MainThread - server_logic - [DEBUG] to me replica for vector: 3
2025-11-18 17:24:20,609 - INFO - MainThread - server_logic - [DEBUG] found replica for vector: 1
2025-11-18 17:24:20,609 - INFO - MainThread - server_logic - [DEBUG] found replica for vector: 2
2025-11-18 17:24:20,609 - INFO - MainThread - server_logic - [DEBUG] found replica for vector: 3
2025-11-18 17:24:20,609 - INFO - MainThread - server_logic - [DEBUG] to me replica for vector: 3
2025-11-18 17:24:20,609 - INFO - MainThread - server_logic - [DEBUG] found replica for vector: 1
2025-11-18 17:24:20,609 - INFO - MainThread - server_logic - [DEBUG] found replica for vector: 2
2025-11-18 17:24:20,609 - INFO - MainThread - server_logic - [DEBUG] found replica for vector: 3
2025-11-18 17:24:20,609 - INFO - MainThread - server_logic - [DEBUG] found replica for vector: 4
2025-11-18 17:24:20,609 - INFO - MainThread - server_logic - [DEBUG] found replica for vector: 1
2025-11-18 17:24:20,609 - INFO - MainThread - server_logic - [DEBUG] found replica for vector: 2
2025-11-18 17:24:20,609 - INFO - MainThread - server_logic - [DEBUG] found replica for vector: 3
2025-11-18 17:24:20,609 - INFO - MainThread - server_logic - [DEBUG] found replica for vector: 4
2025-11-18 17:24:20,609 - INFO - MainThread - server_logic - [DEBUG] found replica for vector: 1
2025-11-18 17:24:20,609 - INFO - MainThread - server_logic - [DEBUG] found replica for vector: 2
2025-11-18 17:24:20,609 - INFO - MainThread - server_logic - [DEBUG] found replica for vector: 3
2025-11-18 17:24:20,609 - INFO - MainThread - server_logic - [DEBUG] to me replica for vector: 3
2025-11-18 17:24:20,609 - INFO - MainThread - server_logic - [DEBUG] found replica for vector: 1
2025-11-18 17:24:20,609 - INFO - MainThread - server_logic - [DEBUG] found replica for vector: 2
2025-11-18 17:24:20,609 - INFO - MainThread - server_logic - [DEBUG] found replica for vector: 3
2025-11-18 17:24:20,609 - INFO - MainThread - server_logic - [DEBUG] found replica for vector: 4
2025-11-18 17:24:20,609 - INFO - MainThread - server_logic - [DEBUG] found replica for vector: 1
2025-11-18 17:24:20,609 - INFO - MainThread - server_logic - [DEBUG] found replica for vector: 2
2025-11-18 17:24:20,609 - INFO - MainThread - server_logic - [DEBUG] found replica for vector: 3
2025-11-18 17:24:20,609 - INFO - MainThread - server_logic - [DEBUG] found replica for vector: 4
2025-11-18 17:24:20,609 - INFO - MainThread - server_logic - [DEBUG] found replica for vector: 1
2025-11-18 17:24:20,609 - INFO - MainThread - server_logic - [DEBUG] found replica for vector: 2
2025-11-18 17:24:20,609 - INFO - MainThread - server_logic - [DEBUG] found replica for vector: 3
2025-11-18 17:24:20,609 - INFO - MainThread - server_logic - [DEBUG] found replica for vector: 4
2025-11-18 17:24:20,609 - INFO - MainThread - server_logic - [DEBUG] found replica for vector: 1
2025-11-18 17:24:20,609 - INFO - MainThread - server_logic - [DEBUG] found replica for vector: 2
2025-11-18 17:24:20,609 - INFO - MainThread - server_logic - [DEBUG] found replica for vector: 3
2025-11-18 17:24:20,609 - INFO - MainThread - server_logic - [DEBUG] found replica for vector: 4
2025-11-18 17:24:20,609 - INFO - MainThread - server_logic - [DEBUG] found replica for vector: 1
2025-11-18 17:24:20,609 - INFO - MainThread - server_logic - [DEBUG] found replica for vector: 2
2025-11-18 17:24:20,609 - INFO - MainThread - server_logic - [DEBUG] found replica for vector: 3
2025-11-18 17:24:20,609 - INFO - MainThread - server_logic - [DEBUG] found replica for vector: 4
2025-11-18 17:24:20,609 - INFO - MainThread - server_logic - [DEBUG] found replica for vector: 1
2025-11-18 17:24:20,609 - INFO - MainThread - server_logic - [DEBUG] found replica for vector: 2
2025-11-18 17:24:20,610 - INFO - MainThread - server_logic - [DEBUG] found replica for vector: 3
2025-11-18 17:24:20,610 - INFO - MainThread - server_logic - [DEBUG] to me replica for vector: 3
2025-11-18 17:24:20,610 - INFO - MainThread - server_logic - [DEBUG] found replica for vector: 1
2025-11-18 17:24:20,610 - INFO - MainThread - server_logic - [DEBUG] found replica for vector: 2
2025-11-18 17:24:20,610 - INFO - MainThread - server_logic - [DEBUG] found replica for vector: 3
2025-11-18 17:24:20,610 - INFO - MainThread - server_logic - [DEBUG] to me replica for vector: 3
2025-11-18 17:24:20,610 - INFO - MainThread - server_logic - [DEBUG] found replica for vector: 1
2025-11-18 17:24:20,610 - INFO - MainThread - server_logic - [DEBUG] found replica for vector: 2
2025-11-18 17:24:20,610 - INFO - MainThread - server_logic - [DEBUG] found replica for vector: 3
2025-11-18 17:24:20,610 - INFO - MainThread - server_logic - [DEBUG] found replica for vector: 4
2025-11-18 17:24:20,610 - INFO - MainThread - server_logic - [DEBUG] found replica for vector: 1
2025-11-18 17:24:20,610 - INFO - MainThread - server_logic - [DEBUG] found replica for vector: 2
2025-11-18 17:24:20,610 - INFO - MainThread - server_logic - [DEBUG] found replica for vector: 3
2025-11-18 17:24:20,610 - INFO - MainThread - server_logic - [DEBUG] found replica for vector: 4
2025-11-18 17:24:20,610 - INFO - MainThread - server_logic - [DEBUG] found replica for vector: 1
2025-11-18 17:24:20,610 - INFO - MainThread - server_logic - [DEBUG] found replica for vector: 2
2025-11-18 17:24:20,610 - INFO - MainThread - server_logic - [DEBUG] found replica for vector: 3
2025-11-18 17:24:20,610 - INFO - MainThread - server_logic - [DEBUG] to me replica for vector: 3
2025-11-18 17:24:20,610 - INFO - MainThread - server_logic - [DEBUG] found replica for vector: 1
2025-11-18 17:24:20,610 - INFO - MainThread - server_logic - [DEBUG] found replica for vector: 2
2025-11-18 17:24:20,610 - INFO - MainThread - server_logic - [DEBUG] found replica for vector: 3
2025-11-18 17:24:20,610 - INFO - MainThread - server_logic - [DEBUG] found replica for vector: 4
2025-11-18 17:24:20,610 - INFO - MainThread - server_logic - [DEBUG] found replica for vector: 1
2025-11-18 17:24:20,610 - INFO - MainThread - server_logic - [DEBUG] found replica for vector: 2
2025-11-18 17:24:20,610 - INFO - MainThread - server_logic - [DEBUG] found replica for vector: 3
2025-11-18 17:24:20,610 - INFO - MainThread - server_logic - [DEBUG] found replica for vector: 4
2025-11-18 17:24:20,610 - INFO - MainThread - server_logic - [DEBUG] found replica for vector: 1
2025-11-18 17:24:20,610 - INFO - MainThread - server_logic - [DEBUG] found replica for vector: 2
2025-11-18 17:24:20,610 - INFO - MainThread - server_logic - [DEBUG] found replica for vector: 3
2025-11-18 17:24:20,610 - INFO - MainThread - server_logic - [DEBUG] found replica for vector: 4
2025-11-18 17:24:20,610 - INFO - MainThread - server_logic - [DEBUG] found replica for vector: 1
2025-11-18 17:24:20,610 - INFO - MainThread - server_logic - [DEBUG] found replica for vector: 2
2025-11-18 17:24:20,610 - INFO - MainThread - server_logic - [DEBUG] found replica for vector: 3
2025-11-18 17:24:20,610 - INFO - MainThread - server_logic - [DEBUG] found replica for vector: 4
2025-11-18 17:24:20,610 - INFO - MainThread - server_logic - [DEBUG] found replica for vector: 1
2025-11-18 17:24:20,610 - INFO - MainThread - server_logic - [DEBUG] found replica for vector: 2
2025-11-18 17:24:20,610 - INFO - MainThread - server_logic - [DEBUG] found replica for vector: 3
2025-11-18 17:24:20,610 - INFO - MainThread - server_logic - [DEBUG] found replica for vector: 4
2025-11-18 17:24:20,610 - INFO - MainThread - server_logic - [DEBUG] found replica for vector: 1
2025-11-18 17:24:20,610 - INFO - MainThread - server_logic - [DEBUG] found replica for vector: 2
2025-11-18 17:24:20,610 - INFO - MainThread - server_logic - [DEBUG] found replica for vector: 3
2025-11-18 17:24:20,610 - INFO - MainThread - server_logic - [DEBUG] found replica for vector: 4
2025-11-18 17:24:20,610 - INFO - MainThread - server_logic - [DEBUG] found replica for vector: 1
2025-11-18 17:24:20,610 - INFO - MainThread - server_logic - [DEBUG] found replica for vector: 2
2025-11-18 17:24:20,610 - INFO - MainThread - server_logic - [DEBUG] found replica for vector: 3
2025-11-18 17:24:20,610 - INFO - MainThread - server_logic - [DEBUG] to me replica for vector: 3
2025-11-18 17:24:20,610 - INFO - MainThread - server_logic - [DEBUG] found replica for vector: 1
2025-11-18 17:24:20,610 - INFO - MainThread - server_logic - [DEBUG] found replica for vector: 2
2025-11-18 17:24:20,610 - INFO - MainThread - server_logic - [DEBUG] found replica for vector: 3
2025-11-18 17:24:20,610 - INFO - MainThread - server_logic - [DEBUG] found replica for vector: 4
2025-11-18 17:24:20,610 - INFO - MainThread - server_logic - [DEBUG] found replica for vector: 1
2025-11-18 17:24:20,610 - INFO - MainThread - server_logic - [DEBUG] found replica for vector: 2
2025-11-18 17:24:20,610 - INFO - MainThread - server_logic - [DEBUG] found replica for vector: 3
2025-11-18 17:24:20,610 - INFO - MainThread - server_logic - [DEBUG] found replica for vector: 4
2025-11-18 17:24:20,610 - INFO - MainThread - server_logic - [DEBUG] found replica for vector: 1
2025-11-18 17:24:20,610 - INFO - MainThread - server_logic - [DEBUG] found replica for vector: 2
2025-11-18 17:24:20,610 - INFO - MainThread - server_logic - [DEBUG] found replica for vector: 3
2025-11-18 17:24:20,610 - INFO - MainThread - server_logic - [DEBUG] to me replica for vector: 3
2025-11-18 17:24:20,611 - INFO - MainThread - server_logic - [DEBUG] found replica for vector: 1
2025-11-18 17:24:20,611 - INFO - MainThread - server_logic - [DEBUG] found replica for vector: 2
2025-11-18 17:24:20,611 - INFO - MainThread - server_logic - [DEBUG] found replica for vector: 3
2025-11-18 17:24:20,611 - INFO - MainThread - server_logic - [DEBUG] found replica for vector: 4
2025-11-18 17:24:20,611 - INFO - MainThread - server_logic - [DEBUG] found replica for vector: 1
2025-11-18 17:24:20,611 - INFO - MainThread - server_logic - [DEBUG] found replica for vector: 2
2025-11-18 17:24:20,611 - INFO - MainThread - server_logic - [DEBUG] found replica for vector: 3
2025-11-18 17:24:20,611 - INFO - MainThread - server_logic - [DEBUG] found replica for vector: 4
2025-11-18 17:24:20,611 - INFO - MainThread - server_logic - [DEBUG] found replica for vector: 1
2025-11-18 17:24:20,611 - INFO - MainThread - server_logic - [DEBUG] found replica for vector: 2
2025-11-18 17:24:20,611 - INFO - MainThread - server_logic - [DEBUG] found replica for vector: 3
2025-11-18 17:24:20,611 - INFO - MainThread - server_logic - [DEBUG] found replica for vector: 4
2025-11-18 17:24:20,611 - INFO - MainThread - server_logic - [DEBUG] found replica for vector: 1
2025-11-18 17:24:20,611 - INFO - MainThread - server_logic - [DEBUG] found replica for vector: 2
2025-11-18 17:24:20,611 - INFO - MainThread - server_logic - [DEBUG] found replica for vector: 3
2025-11-18 17:24:20,611 - INFO - MainThread - server_logic - [DEBUG] to me replica for vector: 3
2025-11-18 17:24:20,611 - INFO - MainThread - server_logic - [DEBUG] found replica for vector: 1
2025-11-18 17:24:20,611 - INFO - MainThread - server_logic - [DEBUG] found replica for vector: 2
2025-11-18 17:24:20,611 - INFO - MainThread - server_logic - [DEBUG] found replica for vector: 3
2025-11-18 17:24:20,611 - INFO - MainThread - server_logic - [DEBUG] found replica for vector: 4
2025-11-18 17:24:20,611 - INFO - MainThread - server_logic - [DEBUG] found replica for vector: 1
2025-11-18 17:24:20,611 - INFO - MainThread - server_logic - [DEBUG] found replica for vector: 2
2025-11-18 17:24:20,611 - INFO - MainThread - server_logic - [DEBUG] found replica for vector: 3
2025-11-18 17:24:20,611 - INFO - MainThread - server_logic - [DEBUG] found replica for vector: 4
2025-11-18 17:24:20,611 - INFO - MainThread - server_logic - [DEBUG] found replica for vector: 1
2025-11-18 17:24:20,611 - INFO - MainThread - server_logic - [DEBUG] found replica for vector: 2
2025-11-18 17:24:20,611 - INFO - MainThread - server_logic - [DEBUG] found replica for vector: 3
2025-11-18 17:24:20,611 - INFO - MainThread - server_logic - [DEBUG] found replica for vector: 4
2025-11-18 17:24:20,611 - INFO - MainThread - server_logic - [DEBUG] found replica for vector: 1
2025-11-18 17:24:20,611 - INFO - MainThread - server_logic - [DEBUG] found replica for vector: 2
2025-11-18 17:24:20,611 - INFO - MainThread - server_logic - [DEBUG] found replica for vector: 3
2025-11-18 17:24:20,611 - INFO - MainThread - server_logic - [DEBUG] found replica for vector: 4
2025-11-18 17:24:20,611 - INFO - MainThread - server_logic - [DEBUG] found replica for vector: 1
2025-11-18 17:24:20,611 - INFO - MainThread - server_logic - [DEBUG] found replica for vector: 2
2025-11-18 17:24:20,611 - INFO - MainThread - server_logic - [DEBUG] found replica for vector: 3
2025-11-18 17:24:20,611 - INFO - MainThread - server_logic - [DEBUG] found replica for vector: 4
2025-11-18 17:24:20,611 - INFO - MainThread - server_logic - [DEBUG] found replica for vector: 1
2025-11-18 17:24:20,611 - INFO - MainThread - server_logic - [DEBUG] found replica for vector: 2
2025-11-18 17:24:20,611 - INFO - MainThread - server_logic - [DEBUG] found replica for vector: 3
2025-11-18 17:24:20,611 - INFO - MainThread - server_logic - [DEBUG] found replica for vector: 4
2025-11-18 17:24:20,611 - INFO - MainThread - server_logic - [DEBUG] found replica for vector: 1
2025-11-18 17:24:20,611 - INFO - MainThread - server_logic - [DEBUG] found replica for vector: 2
2025-11-18 17:24:20,611 - INFO - MainThread - server_logic - [DEBUG] found replica for vector: 3
2025-11-18 17:24:20,611 - INFO - MainThread - server_logic - [DEBUG] to me replica for vector: 3
2025-11-18 17:24:20,611 - INFO - MainThread - server_logic - [DEBUG] found replica for vector: 1
2025-11-18 17:24:20,611 - INFO - MainThread - server_logic - [DEBUG] found replica for vector: 2
2025-11-18 17:24:20,611 - INFO - MainThread - server_logic - [DEBUG] found replica for vector: 3
2025-11-18 17:24:20,611 - INFO - MainThread - server_logic - [DEBUG] found replica for vector: 4
2025-11-18 17:24:20,611 - INFO - MainThread - server_logic - [DEBUG] found replica for vector: 1
2025-11-18 17:24:20,611 - INFO - MainThread - server_logic - [DEBUG] found replica for vector: 2
2025-11-18 17:24:20,611 - INFO - MainThread - server_logic - [DEBUG] found replica for vector: 3
2025-11-18 17:24:20,611 - INFO - MainThread - server_logic - [DEBUG] found replica for vector: 4
2025-11-18 17:24:20,611 - INFO - MainThread - server_logic - [Router] Distribution: Peer node1: 63, Peer node2: 68, Peer node3: 68, Peer node4: 68, Peer node5: 68, Peer node6: 53, Peer node7: 53, Peer node8: 53, Peer node10: 72, Peer node11: 72, Peer node12: 72, Peer node13: 72, Peer node14: 63, Peer node15: 63, Peer node16: 63, Me (node9): 53
2025-11-18 17:24:20,611 - INFO - MainThread - server_logic - --> [Peer Send] Sending 63 vectors to Peer node1 (localhost:9001) | Status: clustered
2025-11-18 17:24:20,683 - INFO - MainThread - server_logic - --> [Peer Send] Success: Sent vectors to node1
2025-11-18 17:24:20,683 - INFO - MainThread - server_logic - --> [Peer Send] Sending 68 vectors to Peer node2 (localhost:9002) | Status: clustered
2025-11-18 17:24:20,753 - INFO - MainThread - server_logic - --> [Peer Send] Success: Sent vectors to node2
2025-11-18 17:24:20,753 - INFO - MainThread - server_logic - --> [Peer Send] Sending 68 vectors to Peer node3 (localhost:9003) | Status: clustered
2025-11-18 17:24:20,824 - INFO - MainThread - server_logic - --> [Peer Send] Success: Sent vectors to node3
2025-11-18 17:24:20,824 - INFO - MainThread - server_logic - --> [Peer Send] Sending 68 vectors to Peer node4 (localhost:9004) | Status: clustered
2025-11-18 17:24:20,894 - INFO - MainThread - server_logic - --> [Peer Send] Success: Sent vectors to node4
2025-11-18 17:24:20,894 - INFO - MainThread - server_logic - --> [Peer Send] Sending 68 vectors to Peer node5 (localhost:9005) | Status: clustered
2025-11-18 17:24:20,961 - INFO - MainThread - server_logic - --> [Peer Send] Success: Sent vectors to node5
2025-11-18 17:24:20,962 - INFO - MainThread - server_logic - --> [Peer Send] Sending 53 vectors to Peer node6 (localhost:9006) | Status: clustered
2025-11-18 17:24:21,028 - INFO - MainThread - server_logic - --> [Peer Send] Success: Sent vectors to node6
2025-11-18 17:24:21,028 - INFO - MainThread - server_logic - --> [Peer Send] Sending 53 vectors to Peer node7 (localhost:9007) | Status: clustered
2025-11-18 17:24:21,097 - INFO - MainThread - server_logic - --> [Peer Send] Success: Sent vectors to node7
2025-11-18 17:24:21,097 - INFO - MainThread - server_logic - --> [Peer Send] Sending 53 vectors to Peer node8 (localhost:9008) | Status: clustered
2025-11-18 17:24:21,164 - INFO - MainThread - server_logic - --> [Peer Send] Success: Sent vectors to node8
2025-11-18 17:24:21,164 - INFO - MainThread - server_logic - --> [Peer Send] Sending 72 vectors to Peer node10 (localhost:9010) | Status: clustered
2025-11-18 17:24:21,237 - INFO - MainThread - server_logic - --> [Peer Send] Success: Sent vectors to node10
2025-11-18 17:24:21,237 - INFO - MainThread - server_logic - --> [Peer Send] Sending 72 vectors to Peer node11 (localhost:9011) | Status: clustered
2025-11-18 17:24:21,322 - INFO - MainThread - server_logic - --> [Peer Send] Success: Sent vectors to node11
2025-11-18 17:24:21,322 - INFO - MainThread - server_logic - --> [Peer Send] Sending 72 vectors to Peer node12 (localhost:9012) | Status: clustered
2025-11-18 17:24:21,396 - INFO - MainThread - server_logic - --> [Peer Send] Success: Sent vectors to node12
2025-11-18 17:24:21,396 - INFO - MainThread - server_logic - --> [Peer Send] Sending 72 vectors to Peer node13 (localhost:9013) | Status: clustered
2025-11-18 17:24:21,472 - INFO - MainThread - server_logic - --> [Peer Send] Success: Sent vectors to node13
2025-11-18 17:24:21,472 - INFO - MainThread - server_logic - --> [Peer Send] Sending 63 vectors to Peer node14 (localhost:9014) | Status: clustered
2025-11-18 17:24:21,540 - INFO - MainThread - server_logic - --> [Peer Send] Success: Sent vectors to node14
2025-11-18 17:24:21,540 - INFO - MainThread - server_logic - --> [Peer Send] Sending 63 vectors to Peer node15 (localhost:9015) | Status: clustered
2025-11-18 17:24:21,611 - INFO - MainThread - server_logic - --> [Peer Send] Success: Sent vectors to node15
2025-11-18 17:24:21,611 - INFO - MainThread - server_logic - --> [Peer Send] Sending 63 vectors to Peer node16 (localhost:9016) | Status: clustered
2025-11-18 17:24:21,676 - INFO - MainThread - server_logic - --> [Peer Send] Success: Sent vectors to node16
2025-11-18 17:24:21,676 - INFO - MainThread - server_logic - [Add Vectors] Processing 53 vectors. Sender Status: clustered. Current Node Status: clustered
2025-11-18 17:24:21,676 - INFO - MainThread - server_logic - [Add Vectors] Direct Insert: Storing 53 vectors in local Qdrant (Sender is clustered).
2025-11-18 17:24:21,732 - INFO - MainThread - httpx - HTTP Request: GET http://localhost:6349 "HTTP/1.1 200 OK"
2025-11-18 17:24:21,732 - INFO - MainThread - qdrant_module - [Qdrant] Attempting to insert 53 vectors into vectors on http://localhost:6349...
2025-11-18 17:24:21,747 - INFO - MainThread - qdrant_module - [Qdrant] Success: Inserted 53 vectors.
2025-11-18 17:24:21,748 - INFO - MainThread - __main__ - API: /add completed
2025-11-18 17:24:21,748 - INFO - MainThread - uvicorn.access - 127.0.0.1:54126 - "POST /add HTTP/1.1" 200
2025-11-18 17:24:22,407 - INFO - ThreadPoolExecutor-0_0 - grpc_handler - [GRPC IN] ReceiveVectors called. ReqID: 138, Type: clustered, Count: 54
2025-11-18 17:24:22,407 - INFO - ThreadPoolExecutor-0_0 - server_logic - [Add Vectors] Processing 54 vectors. Sender Status: clustered. Current Node Status: clustered
2025-11-18 17:24:22,407 - INFO - ThreadPoolExecutor-0_0 - server_logic - [Add Vectors] Direct Insert: Storing 54 vectors in local Qdrant (Sender is clustered).
2025-11-18 17:24:22,461 - INFO - ThreadPoolExecutor-0_0 - httpx - HTTP Request: GET http://localhost:6349 "HTTP/1.1 200 OK"
2025-11-18 17:24:22,461 - INFO - ThreadPoolExecutor-0_0 - qdrant_module - [Qdrant] Attempting to insert 54 vectors into vectors on http://localhost:6349...
2025-11-18 17:24:22,471 - INFO - ThreadPoolExecutor-0_0 - qdrant_module - [Qdrant] Success: Inserted 54 vectors.
2025-11-18 17:24:22,472 - INFO - ThreadPoolExecutor-0_0 - grpc_handler - [GRPC IN] ReceiveVectors processed successfully.
2025-11-18 17:24:23,595 - INFO - ThreadPoolExecutor-0_1 - grpc_handler - [GRPC IN] ReceiveVectors called. ReqID: 139, Type: clustered, Count: 47
2025-11-18 17:24:23,596 - INFO - ThreadPoolExecutor-0_1 - server_logic - [Add Vectors] Processing 47 vectors. Sender Status: clustered. Current Node Status: clustered
2025-11-18 17:24:23,596 - INFO - ThreadPoolExecutor-0_1 - server_logic - [Add Vectors] Direct Insert: Storing 47 vectors in local Qdrant (Sender is clustered).
2025-11-18 17:24:23,649 - INFO - ThreadPoolExecutor-0_1 - httpx - HTTP Request: GET http://localhost:6349 "HTTP/1.1 200 OK"
2025-11-18 17:24:23,650 - INFO - ThreadPoolExecutor-0_1 - qdrant_module - [Qdrant] Attempting to insert 47 vectors into vectors on http://localhost:6349...
2025-11-18 17:24:23,658 - INFO - ThreadPoolExecutor-0_1 - qdrant_module - [Qdrant] Success: Inserted 47 vectors.
2025-11-18 17:24:23,660 - INFO - ThreadPoolExecutor-0_1 - grpc_handler - [GRPC IN] ReceiveVectors processed successfully.
2025-11-18 17:24:24,815 - INFO - ThreadPoolExecutor-0_0 - grpc_handler - [GRPC IN] ReceiveVectors called. ReqID: 140, Type: clustered, Count: 61
2025-11-18 17:24:24,816 - INFO - ThreadPoolExecutor-0_0 - server_logic - [Add Vectors] Processing 61 vectors. Sender Status: clustered. Current Node Status: clustered
2025-11-18 17:24:24,816 - INFO - ThreadPoolExecutor-0_0 - server_logic - [Add Vectors] Direct Insert: Storing 61 vectors in local Qdrant (Sender is clustered).
2025-11-18 17:24:24,868 - INFO - ThreadPoolExecutor-0_0 - httpx - HTTP Request: GET http://localhost:6349 "HTTP/1.1 200 OK"
2025-11-18 17:24:24,869 - INFO - ThreadPoolExecutor-0_0 - qdrant_module - [Qdrant] Attempting to insert 61 vectors into vectors on http://localhost:6349...
2025-11-18 17:24:24,879 - INFO - ThreadPoolExecutor-0_0 - qdrant_module - [Qdrant] Success: Inserted 61 vectors.
2025-11-18 17:24:24,880 - INFO - ThreadPoolExecutor-0_0 - grpc_handler - [GRPC IN] ReceiveVectors processed successfully.
2025-11-18 17:24:26,076 - INFO - ThreadPoolExecutor-0_1 - grpc_handler - [GRPC IN] ReceiveVectors called. ReqID: 141, Type: clustered, Count: 66
2025-11-18 17:24:26,077 - INFO - ThreadPoolExecutor-0_1 - server_logic - [Add Vectors] Processing 66 vectors. Sender Status: clustered. Current Node Status: clustered
2025-11-18 17:24:26,077 - INFO - ThreadPoolExecutor-0_1 - server_logic - [Add Vectors] Direct Insert: Storing 66 vectors in local Qdrant (Sender is clustered).
2025-11-18 17:24:26,130 - INFO - ThreadPoolExecutor-0_1 - httpx - HTTP Request: GET http://localhost:6349 "HTTP/1.1 200 OK"
2025-11-18 17:24:26,131 - INFO - ThreadPoolExecutor-0_1 - qdrant_module - [Qdrant] Attempting to insert 66 vectors into vectors on http://localhost:6349...
2025-11-18 17:24:26,144 - INFO - ThreadPoolExecutor-0_1 - qdrant_module - [Qdrant] Success: Inserted 66 vectors.
2025-11-18 17:24:26,145 - INFO - ThreadPoolExecutor-0_1 - grpc_handler - [GRPC IN] ReceiveVectors processed successfully.
2025-11-18 17:24:27,266 - INFO - ThreadPoolExecutor-0_0 - grpc_handler - [GRPC IN] ReceiveVectors called. ReqID: 142, Type: clustered, Count: 52
2025-11-18 17:24:27,267 - INFO - ThreadPoolExecutor-0_0 - server_logic - [Add Vectors] Processing 52 vectors. Sender Status: clustered. Current Node Status: clustered
2025-11-18 17:24:27,267 - INFO - ThreadPoolExecutor-0_0 - server_logic - [Add Vectors] Direct Insert: Storing 52 vectors in local Qdrant (Sender is clustered).
2025-11-18 17:24:27,319 - INFO - ThreadPoolExecutor-0_0 - httpx - HTTP Request: GET http://localhost:6349 "HTTP/1.1 200 OK"
2025-11-18 17:24:27,319 - INFO - ThreadPoolExecutor-0_0 - qdrant_module - [Qdrant] Attempting to insert 52 vectors into vectors on http://localhost:6349...
2025-11-18 17:24:27,329 - INFO - ThreadPoolExecutor-0_0 - qdrant_module - [Qdrant] Success: Inserted 52 vectors.
2025-11-18 17:24:27,330 - INFO - ThreadPoolExecutor-0_0 - grpc_handler - [GRPC IN] ReceiveVectors processed successfully.
2025-11-18 17:24:28,490 - INFO - ThreadPoolExecutor-0_1 - grpc_handler - [GRPC IN] ReceiveVectors called. ReqID: 143, Type: clustered, Count: 49
2025-11-18 17:24:28,490 - INFO - ThreadPoolExecutor-0_1 - server_logic - [Add Vectors] Processing 49 vectors. Sender Status: clustered. Current Node Status: clustered
2025-11-18 17:24:28,490 - INFO - ThreadPoolExecutor-0_1 - server_logic - [Add Vectors] Direct Insert: Storing 49 vectors in local Qdrant (Sender is clustered).
2025-11-18 17:24:28,542 - INFO - ThreadPoolExecutor-0_1 - httpx - HTTP Request: GET http://localhost:6349 "HTTP/1.1 200 OK"
2025-11-18 17:24:28,543 - INFO - ThreadPoolExecutor-0_1 - qdrant_module - [Qdrant] Attempting to insert 49 vectors into vectors on http://localhost:6349...
2025-11-18 17:24:28,551 - INFO - ThreadPoolExecutor-0_1 - qdrant_module - [Qdrant] Success: Inserted 49 vectors.
2025-11-18 17:24:28,552 - INFO - ThreadPoolExecutor-0_1 - grpc_handler - [GRPC IN] ReceiveVectors processed successfully.
2025-11-18 17:24:29,720 - INFO - ThreadPoolExecutor-0_0 - grpc_handler - [GRPC IN] ReceiveVectors called. ReqID: 144, Type: clustered, Count: 49
2025-11-18 17:24:29,720 - INFO - ThreadPoolExecutor-0_0 - server_logic - [Add Vectors] Processing 49 vectors. Sender Status: clustered. Current Node Status: clustered
2025-11-18 17:24:29,720 - INFO - ThreadPoolExecutor-0_0 - server_logic - [Add Vectors] Direct Insert: Storing 49 vectors in local Qdrant (Sender is clustered).
2025-11-18 17:24:29,772 - INFO - ThreadPoolExecutor-0_0 - httpx - HTTP Request: GET http://localhost:6349 "HTTP/1.1 200 OK"
2025-11-18 17:24:29,772 - INFO - ThreadPoolExecutor-0_0 - qdrant_module - [Qdrant] Attempting to insert 49 vectors into vectors on http://localhost:6349...
2025-11-18 17:24:29,781 - INFO - ThreadPoolExecutor-0_0 - qdrant_module - [Qdrant] Success: Inserted 49 vectors.
2025-11-18 17:24:29,782 - INFO - ThreadPoolExecutor-0_0 - grpc_handler - [GRPC IN] ReceiveVectors processed successfully.
2025-11-18 17:24:35,067 - INFO - MainThread - httpx - HTTP Request: GET http://localhost:6349 "HTTP/1.1 200 OK"
2025-11-18 17:24:35,077 - INFO - MainThread - uvicorn.access - 127.0.0.1:54575 - "GET /count_peer HTTP/1.1" 200
2025-11-18 17:24:38,209 - INFO - MainThread - uvicorn.error - Shutting down
2025-11-18 17:24:38,311 - INFO - MainThread - uvicorn.error - Waiting for application shutdown.
2025-11-18 17:24:38,312 - INFO - MainThread - uvicorn.error - Application shutdown complete.
2025-11-18 17:24:38,312 - INFO - MainThread - uvicorn.error - Finished server process [62108]
