2025-11-18 17:22:10,699 - INFO - MainThread - __main__ - *** SERVER STARTUP: node16 ***
2025-11-18 17:22:10,699 - INFO - MainThread - __main__ - Config: URL=http://localhost:8016, GRPC=localhost:9016, Qdrant=http://localhost:6363
2025-11-18 17:22:10,699 - INFO - MainThread - server_logic - ServerApp initialized: ID=node16, URL=http://localhost:8016, Coords=http://localhost:8001
2025-11-18 17:22:10,699 - INFO - MainThread - __main__ - Starting Uvicorn HTTP server on port 8016
2025-11-18 17:22:10,702 - INFO - GRPC-Thread - __main__ - gRPC server started on port 9016
2025-11-18 17:22:10,711 - INFO - MainThread - uvicorn.error - Started server process [62156]
2025-11-18 17:22:10,711 - INFO - MainThread - uvicorn.error - Waiting for application startup.
2025-11-18 17:22:10,711 - INFO - MainThread - uvicorn.error - Application startup complete.
2025-11-18 17:22:10,711 - INFO - MainThread - uvicorn.error - Uvicorn running on http://0.0.0.0:8016 (Press CTRL+C to quit)
2025-11-18 17:22:10,882 - INFO - MainThread - uvicorn.access - 127.0.0.1:49601 - "GET / HTTP/1.1" 200
2025-11-18 17:22:30,455 - INFO - MainThread - server_logic - [Add Peers] Adding 15 peers: [('node1', 'http://localhost:8001', 'localhost:9001'), ('node2', 'http://localhost:8002', 'localhost:9002'), ('node3', 'http://localhost:8003', 'localhost:9003'), ('node4', 'http://localhost:8004', 'localhost:9004'), ('node5', 'http://localhost:8005', 'localhost:9005'), ('node6', 'http://localhost:8006', 'localhost:9006'), ('node7', 'http://localhost:8007', 'localhost:9007'), ('node8', 'http://localhost:8008', 'localhost:9008'), ('node9', 'http://localhost:8009', 'localhost:9009'), ('node10', 'http://localhost:8010', 'localhost:9010'), ('node11', 'http://localhost:8011', 'localhost:9011'), ('node12', 'http://localhost:8012', 'localhost:9012'), ('node13', 'http://localhost:8013', 'localhost:9013'), ('node14', 'http://localhost:8014', 'localhost:9014'), ('node15', 'http://localhost:8015', 'localhost:9015')]
2025-11-18 17:22:30,455 - INFO - MainThread - uvicorn.access - 127.0.0.1:49635 - "POST /register_peers HTTP/1.1" 200
2025-11-18 17:22:32,077 - INFO - MainThread - __main__ - API: /add called. ReqID: 32, Vectors: 256
2025-11-18 17:22:32,077 - INFO - MainThread - server_logic - [Client Request] Client wants to add 256 vectors. My Status: bootstrap
2025-11-18 17:22:32,077 - INFO - MainThread - server_logic - [Client Request] Forwarding 256 vectors to Coordinator node1.
2025-11-18 17:22:32,077 - INFO - MainThread - server_logic - --> [Peer Send] Sending 256 vectors to Peer node1 (localhost:9001) | Status: bootstrap
2025-11-18 17:22:32,094 - INFO - MainThread - server_logic - --> [Peer Send] Success: Sent vectors to node1
2025-11-18 17:22:32,094 - INFO - MainThread - __main__ - API: /add completed
2025-11-18 17:22:32,095 - INFO - MainThread - uvicorn.access - 127.0.0.1:49681 - "POST /add HTTP/1.1" 200
2025-11-18 17:22:34,842 - INFO - MainThread - __main__ - API: /add called. ReqID: 48, Vectors: 256
2025-11-18 17:22:34,842 - INFO - MainThread - server_logic - [Client Request] Client wants to add 256 vectors. My Status: bootstrap
2025-11-18 17:22:34,842 - INFO - MainThread - server_logic - [Client Request] Forwarding 256 vectors to Coordinator node1.
2025-11-18 17:22:34,842 - INFO - MainThread - server_logic - --> [Peer Send] Sending 256 vectors to Peer node1 (localhost:9001) | Status: bootstrap
2025-11-18 17:22:34,910 - INFO - MainThread - server_logic - --> [Peer Send] Success: Sent vectors to node1
2025-11-18 17:22:34,910 - INFO - MainThread - __main__ - API: /add completed
2025-11-18 17:22:34,911 - INFO - MainThread - uvicorn.access - 127.0.0.1:49728 - "POST /add HTTP/1.1" 200
2025-11-18 17:22:37,179 - INFO - ThreadPoolExecutor-0_0 - grpc_handler - [GRPC IN] ReceiveVectors called. ReqID: 50, Type: clustered, Count: 77
2025-11-18 17:22:37,180 - INFO - ThreadPoolExecutor-0_0 - server_logic - [Add Vectors] Processing 77 vectors. Sender Status: clustered. Current Node Status: bootstrap
2025-11-18 17:22:37,180 - INFO - ThreadPoolExecutor-0_0 - server_logic - [Add Vectors] Direct Insert: Storing 77 vectors in local Qdrant (Sender is clustered).
2025-11-18 17:22:37,279 - INFO - ThreadPoolExecutor-0_0 - httpx - HTTP Request: GET http://localhost:6363 "HTTP/1.1 200 OK"
2025-11-18 17:22:37,279 - INFO - ThreadPoolExecutor-0_0 - qdrant_module - [Qdrant] Attempting to insert 77 vectors into vectors on http://localhost:6363...
2025-11-18 17:22:37,299 - INFO - ThreadPoolExecutor-0_0 - qdrant_module - [Qdrant] Success: Inserted 77 vectors.
2025-11-18 17:22:37,300 - INFO - ThreadPoolExecutor-0_0 - grpc_handler - [GRPC IN] ReceiveVectors processed successfully.
2025-11-18 17:22:38,094 - INFO - ThreadPoolExecutor-0_0 - grpc_handler - [GRPC IN] SetClusters called. ReqID: 24
2025-11-18 17:22:38,103 - INFO - ThreadPoolExecutor-0_0 - server_logic - [Set Clusters] Received assignment (ReqID: 24).
2025-11-18 17:22:38,104 - INFO - ThreadPoolExecutor-0_0 - server_logic - [Set Clusters] Storing 528 assigned vectors locally.
2025-11-18 17:22:38,104 - INFO - ThreadPoolExecutor-0_0 - server_logic - [Add Vectors] Processing 528 vectors. Sender Status: clustered. Current Node Status: clustered
2025-11-18 17:22:38,104 - INFO - ThreadPoolExecutor-0_0 - server_logic - [Add Vectors] Direct Insert: Storing 528 vectors in local Qdrant (Sender is clustered).
2025-11-18 17:22:38,160 - INFO - ThreadPoolExecutor-0_0 - httpx - HTTP Request: GET http://localhost:6363 "HTTP/1.1 200 OK"
2025-11-18 17:22:38,162 - INFO - ThreadPoolExecutor-0_0 - qdrant_module - [Qdrant] Attempting to insert 528 vectors into vectors on http://localhost:6363...
2025-11-18 17:22:38,237 - INFO - ThreadPoolExecutor-0_0 - qdrant_module - [Qdrant] Success: Inserted 528 vectors.
2025-11-18 17:22:38,295 - INFO - ThreadPoolExecutor-0_0 - httpx - HTTP Request: GET http://localhost:6363 "HTTP/1.1 200 OK"
2025-11-18 17:22:38,303 - INFO - ThreadPoolExecutor-0_0 - server_logic - [Set Clusters] Complete. My Total Count: 605
2025-11-18 17:22:38,303 - INFO - ThreadPoolExecutor-0_0 - grpc_handler - [GRPC IN] SetClusters applied successfully.
2025-11-18 17:22:38,506 - INFO - ThreadPoolExecutor-0_0 - grpc_handler - [GRPC IN] ReceiveVectors called. ReqID: 51, Type: clustered, Count: 74
2025-11-18 17:22:38,506 - INFO - ThreadPoolExecutor-0_0 - server_logic - [Add Vectors] Processing 74 vectors. Sender Status: clustered. Current Node Status: clustered
2025-11-18 17:22:38,506 - INFO - ThreadPoolExecutor-0_0 - server_logic - [Add Vectors] Direct Insert: Storing 74 vectors in local Qdrant (Sender is clustered).
2025-11-18 17:22:38,560 - INFO - ThreadPoolExecutor-0_0 - httpx - HTTP Request: GET http://localhost:6363 "HTTP/1.1 200 OK"
2025-11-18 17:22:38,561 - INFO - ThreadPoolExecutor-0_0 - qdrant_module - [Qdrant] Attempting to insert 74 vectors into vectors on http://localhost:6363...
2025-11-18 17:22:38,570 - INFO - ThreadPoolExecutor-0_0 - qdrant_module - [Qdrant] Success: Inserted 74 vectors.
2025-11-18 17:22:38,572 - INFO - ThreadPoolExecutor-0_0 - grpc_handler - [GRPC IN] ReceiveVectors processed successfully.
2025-11-18 17:22:39,724 - INFO - ThreadPoolExecutor-0_0 - grpc_handler - [GRPC IN] ReceiveVectors called. ReqID: 52, Type: clustered, Count: 70
2025-11-18 17:22:39,724 - INFO - ThreadPoolExecutor-0_0 - server_logic - [Add Vectors] Processing 70 vectors. Sender Status: clustered. Current Node Status: clustered
2025-11-18 17:22:39,725 - INFO - ThreadPoolExecutor-0_0 - server_logic - [Add Vectors] Direct Insert: Storing 70 vectors in local Qdrant (Sender is clustered).
2025-11-18 17:22:39,779 - INFO - ThreadPoolExecutor-0_0 - httpx - HTTP Request: GET http://localhost:6363 "HTTP/1.1 200 OK"
2025-11-18 17:22:39,780 - INFO - ThreadPoolExecutor-0_0 - qdrant_module - [Qdrant] Attempting to insert 70 vectors into vectors on http://localhost:6363...
2025-11-18 17:22:39,793 - INFO - ThreadPoolExecutor-0_0 - qdrant_module - [Qdrant] Success: Inserted 70 vectors.
2025-11-18 17:22:39,795 - INFO - ThreadPoolExecutor-0_0 - grpc_handler - [GRPC IN] ReceiveVectors processed successfully.
2025-11-18 17:22:41,052 - INFO - ThreadPoolExecutor-0_0 - grpc_handler - [GRPC IN] ReceiveVectors called. ReqID: 53, Type: clustered, Count: 59
2025-11-18 17:22:41,053 - INFO - ThreadPoolExecutor-0_0 - server_logic - [Add Vectors] Processing 59 vectors. Sender Status: clustered. Current Node Status: clustered
2025-11-18 17:22:41,053 - INFO - ThreadPoolExecutor-0_0 - server_logic - [Add Vectors] Direct Insert: Storing 59 vectors in local Qdrant (Sender is clustered).
2025-11-18 17:22:41,107 - INFO - ThreadPoolExecutor-0_0 - httpx - HTTP Request: GET http://localhost:6363 "HTTP/1.1 200 OK"
2025-11-18 17:22:41,107 - INFO - ThreadPoolExecutor-0_0 - qdrant_module - [Qdrant] Attempting to insert 59 vectors into vectors on http://localhost:6363...
2025-11-18 17:22:41,116 - INFO - ThreadPoolExecutor-0_0 - qdrant_module - [Qdrant] Success: Inserted 59 vectors.
2025-11-18 17:22:41,117 - INFO - ThreadPoolExecutor-0_0 - grpc_handler - [GRPC IN] ReceiveVectors processed successfully.
2025-11-18 17:22:42,263 - INFO - ThreadPoolExecutor-0_0 - grpc_handler - [GRPC IN] ReceiveVectors called. ReqID: 54, Type: clustered, Count: 64
2025-11-18 17:22:42,264 - INFO - ThreadPoolExecutor-0_0 - server_logic - [Add Vectors] Processing 64 vectors. Sender Status: clustered. Current Node Status: clustered
2025-11-18 17:22:42,264 - INFO - ThreadPoolExecutor-0_0 - server_logic - [Add Vectors] Direct Insert: Storing 64 vectors in local Qdrant (Sender is clustered).
2025-11-18 17:22:42,317 - INFO - ThreadPoolExecutor-0_0 - httpx - HTTP Request: GET http://localhost:6363 "HTTP/1.1 200 OK"
2025-11-18 17:22:42,317 - INFO - ThreadPoolExecutor-0_0 - qdrant_module - [Qdrant] Attempting to insert 64 vectors into vectors on http://localhost:6363...
2025-11-18 17:22:42,328 - INFO - ThreadPoolExecutor-0_0 - qdrant_module - [Qdrant] Success: Inserted 64 vectors.
2025-11-18 17:22:42,330 - INFO - ThreadPoolExecutor-0_0 - grpc_handler - [GRPC IN] ReceiveVectors processed successfully.
2025-11-18 17:22:42,488 - INFO - ThreadPoolExecutor-0_0 - grpc_handler - [GRPC IN] ReceiveVectors called. ReqID: 24, Type: clustered, Count: 1778
2025-11-18 17:22:42,514 - INFO - ThreadPoolExecutor-0_0 - server_logic - [Add Vectors] Processing 1778 vectors. Sender Status: clustered. Current Node Status: clustered
2025-11-18 17:22:42,514 - INFO - ThreadPoolExecutor-0_0 - server_logic - [Add Vectors] Direct Insert: Storing 1778 vectors in local Qdrant (Sender is clustered).
2025-11-18 17:22:42,566 - INFO - ThreadPoolExecutor-0_0 - httpx - HTTP Request: GET http://localhost:6363 "HTTP/1.1 200 OK"
2025-11-18 17:22:42,566 - INFO - ThreadPoolExecutor-0_0 - qdrant_module - [Qdrant] Attempting to insert 1778 vectors into vectors on http://localhost:6363...
2025-11-18 17:22:42,738 - INFO - ThreadPoolExecutor-0_0 - qdrant_module - [Qdrant] Success: Inserted 1778 vectors.
2025-11-18 17:22:42,741 - INFO - ThreadPoolExecutor-0_0 - grpc_handler - [GRPC IN] ReceiveVectors processed successfully.
2025-11-18 17:22:43,479 - INFO - ThreadPoolExecutor-0_0 - grpc_handler - [GRPC IN] ReceiveVectors called. ReqID: 55, Type: clustered, Count: 67
2025-11-18 17:22:43,480 - INFO - ThreadPoolExecutor-0_0 - server_logic - [Add Vectors] Processing 67 vectors. Sender Status: clustered. Current Node Status: clustered
2025-11-18 17:22:43,480 - INFO - ThreadPoolExecutor-0_0 - server_logic - [Add Vectors] Direct Insert: Storing 67 vectors in local Qdrant (Sender is clustered).
2025-11-18 17:22:43,532 - INFO - ThreadPoolExecutor-0_0 - httpx - HTTP Request: GET http://localhost:6363 "HTTP/1.1 200 OK"
2025-11-18 17:22:43,532 - INFO - ThreadPoolExecutor-0_0 - qdrant_module - [Qdrant] Attempting to insert 67 vectors into vectors on http://localhost:6363...
2025-11-18 17:22:43,545 - INFO - ThreadPoolExecutor-0_0 - qdrant_module - [Qdrant] Success: Inserted 67 vectors.
2025-11-18 17:22:43,546 - INFO - ThreadPoolExecutor-0_0 - grpc_handler - [GRPC IN] ReceiveVectors processed successfully.
2025-11-18 17:22:44,684 - INFO - ThreadPoolExecutor-0_0 - grpc_handler - [GRPC IN] ReceiveVectors called. ReqID: 56, Type: clustered, Count: 75
2025-11-18 17:22:44,685 - INFO - ThreadPoolExecutor-0_0 - server_logic - [Add Vectors] Processing 75 vectors. Sender Status: clustered. Current Node Status: clustered
2025-11-18 17:22:44,685 - INFO - ThreadPoolExecutor-0_0 - server_logic - [Add Vectors] Direct Insert: Storing 75 vectors in local Qdrant (Sender is clustered).
2025-11-18 17:22:44,737 - INFO - ThreadPoolExecutor-0_0 - httpx - HTTP Request: GET http://localhost:6363 "HTTP/1.1 200 OK"
2025-11-18 17:22:44,737 - INFO - ThreadPoolExecutor-0_0 - qdrant_module - [Qdrant] Attempting to insert 75 vectors into vectors on http://localhost:6363...
2025-11-18 17:22:44,755 - INFO - ThreadPoolExecutor-0_0 - qdrant_module - [Qdrant] Success: Inserted 75 vectors.
2025-11-18 17:22:44,756 - INFO - ThreadPoolExecutor-0_0 - grpc_handler - [GRPC IN] ReceiveVectors processed successfully.
2025-11-18 17:22:45,899 - INFO - ThreadPoolExecutor-0_0 - grpc_handler - [GRPC IN] ReceiveVectors called. ReqID: 57, Type: clustered, Count: 71
2025-11-18 17:22:45,900 - INFO - ThreadPoolExecutor-0_0 - server_logic - [Add Vectors] Processing 71 vectors. Sender Status: clustered. Current Node Status: clustered
2025-11-18 17:22:45,900 - INFO - ThreadPoolExecutor-0_0 - server_logic - [Add Vectors] Direct Insert: Storing 71 vectors in local Qdrant (Sender is clustered).
2025-11-18 17:22:45,952 - INFO - ThreadPoolExecutor-0_0 - httpx - HTTP Request: GET http://localhost:6363 "HTTP/1.1 200 OK"
2025-11-18 17:22:45,953 - INFO - ThreadPoolExecutor-0_0 - qdrant_module - [Qdrant] Attempting to insert 71 vectors into vectors on http://localhost:6363...
2025-11-18 17:22:45,966 - INFO - ThreadPoolExecutor-0_0 - qdrant_module - [Qdrant] Success: Inserted 71 vectors.
2025-11-18 17:22:45,967 - INFO - ThreadPoolExecutor-0_0 - grpc_handler - [GRPC IN] ReceiveVectors processed successfully.
2025-11-18 17:22:47,119 - INFO - ThreadPoolExecutor-0_0 - grpc_handler - [GRPC IN] ReceiveVectors called. ReqID: 58, Type: clustered, Count: 72
2025-11-18 17:22:47,120 - INFO - ThreadPoolExecutor-0_0 - server_logic - [Add Vectors] Processing 72 vectors. Sender Status: clustered. Current Node Status: clustered
2025-11-18 17:22:47,120 - INFO - ThreadPoolExecutor-0_0 - server_logic - [Add Vectors] Direct Insert: Storing 72 vectors in local Qdrant (Sender is clustered).
2025-11-18 17:22:47,173 - INFO - ThreadPoolExecutor-0_0 - httpx - HTTP Request: GET http://localhost:6363 "HTTP/1.1 200 OK"
2025-11-18 17:22:47,174 - INFO - ThreadPoolExecutor-0_0 - qdrant_module - [Qdrant] Attempting to insert 72 vectors into vectors on http://localhost:6363...
2025-11-18 17:22:47,186 - INFO - ThreadPoolExecutor-0_0 - qdrant_module - [Qdrant] Success: Inserted 72 vectors.
2025-11-18 17:22:47,187 - INFO - ThreadPoolExecutor-0_0 - grpc_handler - [GRPC IN] ReceiveVectors processed successfully.
2025-11-18 17:22:48,329 - INFO - ThreadPoolExecutor-0_0 - grpc_handler - [GRPC IN] ReceiveVectors called. ReqID: 59, Type: clustered, Count: 71
2025-11-18 17:22:48,330 - INFO - ThreadPoolExecutor-0_0 - server_logic - [Add Vectors] Processing 71 vectors. Sender Status: clustered. Current Node Status: clustered
2025-11-18 17:22:48,330 - INFO - ThreadPoolExecutor-0_0 - server_logic - [Add Vectors] Direct Insert: Storing 71 vectors in local Qdrant (Sender is clustered).
2025-11-18 17:22:48,383 - INFO - ThreadPoolExecutor-0_0 - httpx - HTTP Request: GET http://localhost:6363 "HTTP/1.1 200 OK"
2025-11-18 17:22:48,384 - INFO - ThreadPoolExecutor-0_0 - qdrant_module - [Qdrant] Attempting to insert 71 vectors into vectors on http://localhost:6363...
2025-11-18 17:22:48,395 - INFO - ThreadPoolExecutor-0_0 - qdrant_module - [Qdrant] Success: Inserted 71 vectors.
2025-11-18 17:22:48,396 - INFO - ThreadPoolExecutor-0_0 - grpc_handler - [GRPC IN] ReceiveVectors processed successfully.
2025-11-18 17:22:49,573 - INFO - ThreadPoolExecutor-0_0 - grpc_handler - [GRPC IN] ReceiveVectors called. ReqID: 60, Type: clustered, Count: 75
2025-11-18 17:22:49,574 - INFO - ThreadPoolExecutor-0_0 - server_logic - [Add Vectors] Processing 75 vectors. Sender Status: clustered. Current Node Status: clustered
2025-11-18 17:22:49,574 - INFO - ThreadPoolExecutor-0_0 - server_logic - [Add Vectors] Direct Insert: Storing 75 vectors in local Qdrant (Sender is clustered).
2025-11-18 17:22:49,625 - INFO - ThreadPoolExecutor-0_0 - httpx - HTTP Request: GET http://localhost:6363 "HTTP/1.1 200 OK"
2025-11-18 17:22:49,625 - INFO - ThreadPoolExecutor-0_0 - qdrant_module - [Qdrant] Attempting to insert 75 vectors into vectors on http://localhost:6363...
2025-11-18 17:22:49,640 - INFO - ThreadPoolExecutor-0_0 - qdrant_module - [Qdrant] Success: Inserted 75 vectors.
2025-11-18 17:22:49,641 - INFO - ThreadPoolExecutor-0_0 - grpc_handler - [GRPC IN] ReceiveVectors processed successfully.
2025-11-18 17:22:50,772 - INFO - ThreadPoolExecutor-0_0 - grpc_handler - [GRPC IN] ReceiveVectors called. ReqID: 61, Type: clustered, Count: 79
2025-11-18 17:22:50,773 - INFO - ThreadPoolExecutor-0_0 - server_logic - [Add Vectors] Processing 79 vectors. Sender Status: clustered. Current Node Status: clustered
2025-11-18 17:22:50,773 - INFO - ThreadPoolExecutor-0_0 - server_logic - [Add Vectors] Direct Insert: Storing 79 vectors in local Qdrant (Sender is clustered).
2025-11-18 17:22:50,825 - INFO - ThreadPoolExecutor-0_0 - httpx - HTTP Request: GET http://localhost:6363 "HTTP/1.1 200 OK"
2025-11-18 17:22:50,825 - INFO - ThreadPoolExecutor-0_0 - qdrant_module - [Qdrant] Attempting to insert 79 vectors into vectors on http://localhost:6363...
2025-11-18 17:22:50,838 - INFO - ThreadPoolExecutor-0_0 - qdrant_module - [Qdrant] Success: Inserted 79 vectors.
2025-11-18 17:22:50,839 - INFO - ThreadPoolExecutor-0_0 - grpc_handler - [GRPC IN] ReceiveVectors processed successfully.
2025-11-18 17:22:51,979 - INFO - ThreadPoolExecutor-0_0 - grpc_handler - [GRPC IN] ReceiveVectors called. ReqID: 62, Type: clustered, Count: 61
2025-11-18 17:22:51,980 - INFO - ThreadPoolExecutor-0_0 - server_logic - [Add Vectors] Processing 61 vectors. Sender Status: clustered. Current Node Status: clustered
2025-11-18 17:22:51,980 - INFO - ThreadPoolExecutor-0_0 - server_logic - [Add Vectors] Direct Insert: Storing 61 vectors in local Qdrant (Sender is clustered).
2025-11-18 17:22:52,031 - INFO - ThreadPoolExecutor-0_0 - httpx - HTTP Request: GET http://localhost:6363 "HTTP/1.1 200 OK"
2025-11-18 17:22:52,031 - INFO - ThreadPoolExecutor-0_0 - qdrant_module - [Qdrant] Attempting to insert 61 vectors into vectors on http://localhost:6363...
2025-11-18 17:22:52,044 - INFO - ThreadPoolExecutor-0_0 - qdrant_module - [Qdrant] Success: Inserted 61 vectors.
2025-11-18 17:22:52,046 - INFO - ThreadPoolExecutor-0_0 - grpc_handler - [GRPC IN] ReceiveVectors processed successfully.
2025-11-18 17:22:53,195 - INFO - ThreadPoolExecutor-0_0 - grpc_handler - [GRPC IN] ReceiveVectors called. ReqID: 63, Type: clustered, Count: 60
2025-11-18 17:22:53,196 - INFO - ThreadPoolExecutor-0_0 - server_logic - [Add Vectors] Processing 60 vectors. Sender Status: clustered. Current Node Status: clustered
2025-11-18 17:22:53,196 - INFO - ThreadPoolExecutor-0_0 - server_logic - [Add Vectors] Direct Insert: Storing 60 vectors in local Qdrant (Sender is clustered).
2025-11-18 17:22:53,247 - INFO - ThreadPoolExecutor-0_0 - httpx - HTTP Request: GET http://localhost:6363 "HTTP/1.1 200 OK"
2025-11-18 17:22:53,247 - INFO - ThreadPoolExecutor-0_0 - qdrant_module - [Qdrant] Attempting to insert 60 vectors into vectors on http://localhost:6363...
2025-11-18 17:22:53,258 - INFO - ThreadPoolExecutor-0_0 - qdrant_module - [Qdrant] Success: Inserted 60 vectors.
2025-11-18 17:22:53,260 - INFO - ThreadPoolExecutor-0_0 - grpc_handler - [GRPC IN] ReceiveVectors processed successfully.
2025-11-18 17:22:53,405 - INFO - MainThread - __main__ - API: /add called. ReqID: 64, Vectors: 256
2025-11-18 17:22:53,405 - INFO - MainThread - server_logic - [Client Request] Client wants to add 256 vectors. My Status: clustered
2025-11-18 17:22:53,405 - INFO - MainThread - server_logic - [Client Request] System Clustered. Routing vectors to appropriate peers.
2025-11-18 17:22:53,405 - INFO - MainThread - server_logic - [Router] Routing 256 vectors among 16 nodes (Replicas: 4).
2025-11-18 17:22:53,405 - INFO - MainThread - server_logic - [DEBUG] found replica for vector: 1
2025-11-18 17:22:53,406 - INFO - MainThread - server_logic - [DEBUG] found replica for vector: 2
2025-11-18 17:22:53,406 - INFO - MainThread - server_logic - [DEBUG] found replica for vector: 3
2025-11-18 17:22:53,406 - INFO - MainThread - server_logic - [DEBUG] found replica for vector: 4
2025-11-18 17:22:53,406 - INFO - MainThread - server_logic - [DEBUG] found replica for vector: 1
2025-11-18 17:22:53,406 - INFO - MainThread - server_logic - [DEBUG] found replica for vector: 2
2025-11-18 17:22:53,406 - INFO - MainThread - server_logic - [DEBUG] found replica for vector: 3
2025-11-18 17:22:53,406 - INFO - MainThread - server_logic - [DEBUG] to me replica for vector: 3
2025-11-18 17:22:53,406 - INFO - MainThread - server_logic - [DEBUG] found replica for vector: 1
2025-11-18 17:22:53,406 - INFO - MainThread - server_logic - [DEBUG] found replica for vector: 2
2025-11-18 17:22:53,406 - INFO - MainThread - server_logic - [DEBUG] found replica for vector: 3
2025-11-18 17:22:53,406 - INFO - MainThread - server_logic - [DEBUG] to me replica for vector: 3
2025-11-18 17:22:53,406 - INFO - MainThread - server_logic - [DEBUG] found replica for vector: 1
2025-11-18 17:22:53,406 - INFO - MainThread - server_logic - [DEBUG] found replica for vector: 2
2025-11-18 17:22:53,406 - INFO - MainThread - server_logic - [DEBUG] found replica for vector: 3
2025-11-18 17:22:53,406 - INFO - MainThread - server_logic - [DEBUG] found replica for vector: 4
2025-11-18 17:22:53,406 - INFO - MainThread - server_logic - [DEBUG] found replica for vector: 1
2025-11-18 17:22:53,406 - INFO - MainThread - server_logic - [DEBUG] found replica for vector: 2
2025-11-18 17:22:53,406 - INFO - MainThread - server_logic - [DEBUG] found replica for vector: 3
2025-11-18 17:22:53,406 - INFO - MainThread - server_logic - [DEBUG] found replica for vector: 4
2025-11-18 17:22:53,406 - INFO - MainThread - server_logic - [DEBUG] found replica for vector: 1
2025-11-18 17:22:53,406 - INFO - MainThread - server_logic - [DEBUG] found replica for vector: 2
2025-11-18 17:22:53,406 - INFO - MainThread - server_logic - [DEBUG] found replica for vector: 3
2025-11-18 17:22:53,406 - INFO - MainThread - server_logic - [DEBUG] found replica for vector: 4
2025-11-18 17:22:53,406 - INFO - MainThread - server_logic - [DEBUG] found replica for vector: 1
2025-11-18 17:22:53,406 - INFO - MainThread - server_logic - [DEBUG] found replica for vector: 2
2025-11-18 17:22:53,406 - INFO - MainThread - server_logic - [DEBUG] found replica for vector: 3
2025-11-18 17:22:53,406 - INFO - MainThread - server_logic - [DEBUG] found replica for vector: 4
2025-11-18 17:22:53,406 - INFO - MainThread - server_logic - [DEBUG] found replica for vector: 1
2025-11-18 17:22:53,406 - INFO - MainThread - server_logic - [DEBUG] found replica for vector: 2
2025-11-18 17:22:53,406 - INFO - MainThread - server_logic - [DEBUG] found replica for vector: 3
2025-11-18 17:22:53,406 - INFO - MainThread - server_logic - [DEBUG] to me replica for vector: 3
2025-11-18 17:22:53,406 - INFO - MainThread - server_logic - [DEBUG] found replica for vector: 1
2025-11-18 17:22:53,406 - INFO - MainThread - server_logic - [DEBUG] found replica for vector: 2
2025-11-18 17:22:53,406 - INFO - MainThread - server_logic - [DEBUG] found replica for vector: 3
2025-11-18 17:22:53,406 - INFO - MainThread - server_logic - [DEBUG] found replica for vector: 4
2025-11-18 17:22:53,406 - INFO - MainThread - server_logic - [DEBUG] found replica for vector: 1
2025-11-18 17:22:53,406 - INFO - MainThread - server_logic - [DEBUG] found replica for vector: 2
2025-11-18 17:22:53,406 - INFO - MainThread - server_logic - [DEBUG] found replica for vector: 3
2025-11-18 17:22:53,406 - INFO - MainThread - server_logic - [DEBUG] found replica for vector: 4
2025-11-18 17:22:53,406 - INFO - MainThread - server_logic - [DEBUG] found replica for vector: 1
2025-11-18 17:22:53,406 - INFO - MainThread - server_logic - [DEBUG] found replica for vector: 2
2025-11-18 17:22:53,406 - INFO - MainThread - server_logic - [DEBUG] found replica for vector: 3
2025-11-18 17:22:53,406 - INFO - MainThread - server_logic - [DEBUG] found replica for vector: 4
2025-11-18 17:22:53,406 - INFO - MainThread - server_logic - [DEBUG] found replica for vector: 1
2025-11-18 17:22:53,406 - INFO - MainThread - server_logic - [DEBUG] found replica for vector: 2
2025-11-18 17:22:53,406 - INFO - MainThread - server_logic - [DEBUG] found replica for vector: 3
2025-11-18 17:22:53,406 - INFO - MainThread - server_logic - [DEBUG] found replica for vector: 4
2025-11-18 17:22:53,406 - INFO - MainThread - server_logic - [DEBUG] found replica for vector: 1
2025-11-18 17:22:53,406 - INFO - MainThread - server_logic - [DEBUG] found replica for vector: 2
2025-11-18 17:22:53,407 - INFO - MainThread - server_logic - [DEBUG] found replica for vector: 3
2025-11-18 17:22:53,407 - INFO - MainThread - server_logic - [DEBUG] found replica for vector: 4
2025-11-18 17:22:53,407 - INFO - MainThread - server_logic - [DEBUG] found replica for vector: 1
2025-11-18 17:22:53,407 - INFO - MainThread - server_logic - [DEBUG] found replica for vector: 2
2025-11-18 17:22:53,407 - INFO - MainThread - server_logic - [DEBUG] found replica for vector: 3
2025-11-18 17:22:53,407 - INFO - MainThread - server_logic - [DEBUG] found replica for vector: 4
2025-11-18 17:22:53,407 - INFO - MainThread - server_logic - [DEBUG] found replica for vector: 1
2025-11-18 17:22:53,407 - INFO - MainThread - server_logic - [DEBUG] found replica for vector: 2
2025-11-18 17:22:53,407 - INFO - MainThread - server_logic - [DEBUG] found replica for vector: 3
2025-11-18 17:22:53,407 - INFO - MainThread - server_logic - [DEBUG] found replica for vector: 4
2025-11-18 17:22:53,407 - INFO - MainThread - server_logic - [DEBUG] found replica for vector: 1
2025-11-18 17:22:53,407 - INFO - MainThread - server_logic - [DEBUG] found replica for vector: 2
2025-11-18 17:22:53,407 - INFO - MainThread - server_logic - [DEBUG] found replica for vector: 3
2025-11-18 17:22:53,407 - INFO - MainThread - server_logic - [DEBUG] to me replica for vector: 3
2025-11-18 17:22:53,407 - INFO - MainThread - server_logic - [DEBUG] found replica for vector: 1
2025-11-18 17:22:53,407 - INFO - MainThread - server_logic - [DEBUG] found replica for vector: 2
2025-11-18 17:22:53,407 - INFO - MainThread - server_logic - [DEBUG] found replica for vector: 3
2025-11-18 17:22:53,407 - INFO - MainThread - server_logic - [DEBUG] found replica for vector: 4
2025-11-18 17:22:53,407 - INFO - MainThread - server_logic - [DEBUG] found replica for vector: 1
2025-11-18 17:22:53,407 - INFO - MainThread - server_logic - [DEBUG] found replica for vector: 2
2025-11-18 17:22:53,407 - INFO - MainThread - server_logic - [DEBUG] found replica for vector: 3
2025-11-18 17:22:53,407 - INFO - MainThread - server_logic - [DEBUG] found replica for vector: 4
2025-11-18 17:22:53,408 - INFO - MainThread - server_logic - [DEBUG] found replica for vector: 1
2025-11-18 17:22:53,408 - INFO - MainThread - server_logic - [DEBUG] found replica for vector: 2
2025-11-18 17:22:53,408 - INFO - MainThread - server_logic - [DEBUG] found replica for vector: 3
2025-11-18 17:22:53,408 - INFO - MainThread - server_logic - [DEBUG] found replica for vector: 4
2025-11-18 17:22:53,408 - INFO - MainThread - server_logic - [DEBUG] found replica for vector: 1
2025-11-18 17:22:53,408 - INFO - MainThread - server_logic - [DEBUG] found replica for vector: 2
2025-11-18 17:22:53,408 - INFO - MainThread - server_logic - [DEBUG] found replica for vector: 3
2025-11-18 17:22:53,408 - INFO - MainThread - server_logic - [DEBUG] found replica for vector: 4
2025-11-18 17:22:53,408 - INFO - MainThread - server_logic - [DEBUG] found replica for vector: 1
2025-11-18 17:22:53,408 - INFO - MainThread - server_logic - [DEBUG] found replica for vector: 2
2025-11-18 17:22:53,408 - INFO - MainThread - server_logic - [DEBUG] found replica for vector: 3
2025-11-18 17:22:53,408 - INFO - MainThread - server_logic - [DEBUG] found replica for vector: 4
2025-11-18 17:22:53,408 - INFO - MainThread - server_logic - [DEBUG] found replica for vector: 1
2025-11-18 17:22:53,408 - INFO - MainThread - server_logic - [DEBUG] found replica for vector: 2
2025-11-18 17:22:53,408 - INFO - MainThread - server_logic - [DEBUG] found replica for vector: 3
2025-11-18 17:22:53,408 - INFO - MainThread - server_logic - [DEBUG] found replica for vector: 4
2025-11-18 17:22:53,408 - INFO - MainThread - server_logic - [DEBUG] found replica for vector: 1
2025-11-18 17:22:53,408 - INFO - MainThread - server_logic - [DEBUG] found replica for vector: 2
2025-11-18 17:22:53,408 - INFO - MainThread - server_logic - [DEBUG] found replica for vector: 3
2025-11-18 17:22:53,408 - INFO - MainThread - server_logic - [DEBUG] found replica for vector: 4
2025-11-18 17:22:53,408 - INFO - MainThread - server_logic - [DEBUG] found replica for vector: 1
2025-11-18 17:22:53,408 - INFO - MainThread - server_logic - [DEBUG] found replica for vector: 2
2025-11-18 17:22:53,408 - INFO - MainThread - server_logic - [DEBUG] found replica for vector: 3
2025-11-18 17:22:53,408 - INFO - MainThread - server_logic - [DEBUG] found replica for vector: 4
2025-11-18 17:22:53,408 - INFO - MainThread - server_logic - [DEBUG] found replica for vector: 1
2025-11-18 17:22:53,408 - INFO - MainThread - server_logic - [DEBUG] found replica for vector: 2
2025-11-18 17:22:53,408 - INFO - MainThread - server_logic - [DEBUG] found replica for vector: 3
2025-11-18 17:22:53,408 - INFO - MainThread - server_logic - [DEBUG] to me replica for vector: 3
2025-11-18 17:22:53,408 - INFO - MainThread - server_logic - [DEBUG] found replica for vector: 1
2025-11-18 17:22:53,408 - INFO - MainThread - server_logic - [DEBUG] found replica for vector: 2
2025-11-18 17:22:53,408 - INFO - MainThread - server_logic - [DEBUG] found replica for vector: 3
2025-11-18 17:22:53,408 - INFO - MainThread - server_logic - [DEBUG] to me replica for vector: 3
2025-11-18 17:22:53,408 - INFO - MainThread - server_logic - [DEBUG] found replica for vector: 1
2025-11-18 17:22:53,408 - INFO - MainThread - server_logic - [DEBUG] found replica for vector: 2
2025-11-18 17:22:53,408 - INFO - MainThread - server_logic - [DEBUG] found replica for vector: 3
2025-11-18 17:22:53,408 - INFO - MainThread - server_logic - [DEBUG] to me replica for vector: 3
2025-11-18 17:22:53,409 - INFO - MainThread - server_logic - [DEBUG] found replica for vector: 1
2025-11-18 17:22:53,409 - INFO - MainThread - server_logic - [DEBUG] found replica for vector: 2
2025-11-18 17:22:53,409 - INFO - MainThread - server_logic - [DEBUG] found replica for vector: 3
2025-11-18 17:22:53,409 - INFO - MainThread - server_logic - [DEBUG] to me replica for vector: 3
2025-11-18 17:22:53,409 - INFO - MainThread - server_logic - [DEBUG] found replica for vector: 1
2025-11-18 17:22:53,409 - INFO - MainThread - server_logic - [DEBUG] found replica for vector: 2
2025-11-18 17:22:53,409 - INFO - MainThread - server_logic - [DEBUG] found replica for vector: 3
2025-11-18 17:22:53,409 - INFO - MainThread - server_logic - [DEBUG] found replica for vector: 4
2025-11-18 17:22:53,409 - INFO - MainThread - server_logic - [DEBUG] found replica for vector: 1
2025-11-18 17:22:53,409 - INFO - MainThread - server_logic - [DEBUG] found replica for vector: 2
2025-11-18 17:22:53,409 - INFO - MainThread - server_logic - [DEBUG] found replica for vector: 3
2025-11-18 17:22:53,409 - INFO - MainThread - server_logic - [DEBUG] found replica for vector: 4
2025-11-18 17:22:53,409 - INFO - MainThread - server_logic - [DEBUG] found replica for vector: 1
2025-11-18 17:22:53,409 - INFO - MainThread - server_logic - [DEBUG] found replica for vector: 2
2025-11-18 17:22:53,409 - INFO - MainThread - server_logic - [DEBUG] found replica for vector: 3
2025-11-18 17:22:53,409 - INFO - MainThread - server_logic - [DEBUG] found replica for vector: 4
2025-11-18 17:22:53,409 - INFO - MainThread - server_logic - [DEBUG] found replica for vector: 1
2025-11-18 17:22:53,409 - INFO - MainThread - server_logic - [DEBUG] found replica for vector: 2
2025-11-18 17:22:53,409 - INFO - MainThread - server_logic - [DEBUG] found replica for vector: 3
2025-11-18 17:22:53,409 - INFO - MainThread - server_logic - [DEBUG] found replica for vector: 4
2025-11-18 17:22:53,409 - INFO - MainThread - server_logic - [DEBUG] found replica for vector: 1
2025-11-18 17:22:53,409 - INFO - MainThread - server_logic - [DEBUG] found replica for vector: 2
2025-11-18 17:22:53,410 - INFO - MainThread - server_logic - [DEBUG] found replica for vector: 3
2025-11-18 17:22:53,410 - INFO - MainThread - server_logic - [DEBUG] found replica for vector: 4
2025-11-18 17:22:53,410 - INFO - MainThread - server_logic - [DEBUG] found replica for vector: 1
2025-11-18 17:22:53,410 - INFO - MainThread - server_logic - [DEBUG] found replica for vector: 2
2025-11-18 17:22:53,410 - INFO - MainThread - server_logic - [DEBUG] found replica for vector: 3
2025-11-18 17:22:53,410 - INFO - MainThread - server_logic - [DEBUG] found replica for vector: 4
2025-11-18 17:22:53,410 - INFO - MainThread - server_logic - [DEBUG] found replica for vector: 1
2025-11-18 17:22:53,410 - INFO - MainThread - server_logic - [DEBUG] found replica for vector: 2
2025-11-18 17:22:53,410 - INFO - MainThread - server_logic - [DEBUG] found replica for vector: 3
2025-11-18 17:22:53,410 - INFO - MainThread - server_logic - [DEBUG] found replica for vector: 4
2025-11-18 17:22:53,410 - INFO - MainThread - server_logic - [DEBUG] found replica for vector: 1
2025-11-18 17:22:53,410 - INFO - MainThread - server_logic - [DEBUG] found replica for vector: 2
2025-11-18 17:22:53,410 - INFO - MainThread - server_logic - [DEBUG] found replica for vector: 3
2025-11-18 17:22:53,410 - INFO - MainThread - server_logic - [DEBUG] to me replica for vector: 3
2025-11-18 17:22:53,410 - INFO - MainThread - server_logic - [DEBUG] found replica for vector: 1
2025-11-18 17:22:53,410 - INFO - MainThread - server_logic - [DEBUG] found replica for vector: 2
2025-11-18 17:22:53,410 - INFO - MainThread - server_logic - [DEBUG] found replica for vector: 3
2025-11-18 17:22:53,411 - INFO - MainThread - server_logic - [DEBUG] found replica for vector: 4
2025-11-18 17:22:53,411 - INFO - MainThread - server_logic - [DEBUG] found replica for vector: 1
2025-11-18 17:22:53,411 - INFO - MainThread - server_logic - [DEBUG] found replica for vector: 2
2025-11-18 17:22:53,411 - INFO - MainThread - server_logic - [DEBUG] found replica for vector: 3
2025-11-18 17:22:53,411 - INFO - MainThread - server_logic - [DEBUG] found replica for vector: 4
2025-11-18 17:22:53,411 - INFO - MainThread - server_logic - [DEBUG] found replica for vector: 1
2025-11-18 17:22:53,411 - INFO - MainThread - server_logic - [DEBUG] found replica for vector: 2
2025-11-18 17:22:53,411 - INFO - MainThread - server_logic - [DEBUG] found replica for vector: 3
2025-11-18 17:22:53,411 - INFO - MainThread - server_logic - [DEBUG] found replica for vector: 4
2025-11-18 17:22:53,411 - INFO - MainThread - server_logic - [DEBUG] found replica for vector: 1
2025-11-18 17:22:53,411 - INFO - MainThread - server_logic - [DEBUG] found replica for vector: 2
2025-11-18 17:22:53,411 - INFO - MainThread - server_logic - [DEBUG] found replica for vector: 3
2025-11-18 17:22:53,411 - INFO - MainThread - server_logic - [DEBUG] found replica for vector: 4
2025-11-18 17:22:53,411 - INFO - MainThread - server_logic - [DEBUG] found replica for vector: 1
2025-11-18 17:22:53,411 - INFO - MainThread - server_logic - [DEBUG] found replica for vector: 2
2025-11-18 17:22:53,411 - INFO - MainThread - server_logic - [DEBUG] found replica for vector: 3
2025-11-18 17:22:53,411 - INFO - MainThread - server_logic - [DEBUG] found replica for vector: 4
2025-11-18 17:22:53,411 - INFO - MainThread - server_logic - [DEBUG] found replica for vector: 1
2025-11-18 17:22:53,411 - INFO - MainThread - server_logic - [DEBUG] found replica for vector: 2
2025-11-18 17:22:53,411 - INFO - MainThread - server_logic - [DEBUG] found replica for vector: 3
2025-11-18 17:22:53,411 - INFO - MainThread - server_logic - [DEBUG] found replica for vector: 4
2025-11-18 17:22:53,411 - INFO - MainThread - server_logic - [DEBUG] found replica for vector: 1
2025-11-18 17:22:53,411 - INFO - MainThread - server_logic - [DEBUG] found replica for vector: 2
2025-11-18 17:22:53,411 - INFO - MainThread - server_logic - [DEBUG] found replica for vector: 3
2025-11-18 17:22:53,412 - INFO - MainThread - server_logic - [DEBUG] found replica for vector: 4
2025-11-18 17:22:53,412 - INFO - MainThread - server_logic - [DEBUG] found replica for vector: 1
2025-11-18 17:22:53,412 - INFO - MainThread - server_logic - [DEBUG] found replica for vector: 2
2025-11-18 17:22:53,412 - INFO - MainThread - server_logic - [DEBUG] found replica for vector: 3
2025-11-18 17:22:53,412 - INFO - MainThread - server_logic - [DEBUG] found replica for vector: 4
2025-11-18 17:22:53,412 - INFO - MainThread - server_logic - [DEBUG] found replica for vector: 1
2025-11-18 17:22:53,412 - INFO - MainThread - server_logic - [DEBUG] found replica for vector: 2
2025-11-18 17:22:53,412 - INFO - MainThread - server_logic - [DEBUG] found replica for vector: 3
2025-11-18 17:22:53,412 - INFO - MainThread - server_logic - [DEBUG] found replica for vector: 4
2025-11-18 17:22:53,412 - INFO - MainThread - server_logic - [DEBUG] found replica for vector: 1
2025-11-18 17:22:53,412 - INFO - MainThread - server_logic - [DEBUG] found replica for vector: 2
2025-11-18 17:22:53,412 - INFO - MainThread - server_logic - [DEBUG] found replica for vector: 3
2025-11-18 17:22:53,412 - INFO - MainThread - server_logic - [DEBUG] to me replica for vector: 3
2025-11-18 17:22:53,412 - INFO - MainThread - server_logic - [DEBUG] found replica for vector: 1
2025-11-18 17:22:53,413 - INFO - MainThread - server_logic - [DEBUG] found replica for vector: 2
2025-11-18 17:22:53,413 - INFO - MainThread - server_logic - [DEBUG] found replica for vector: 3
2025-11-18 17:22:53,413 - INFO - MainThread - server_logic - [DEBUG] to me replica for vector: 3
2025-11-18 17:22:53,413 - INFO - MainThread - server_logic - [DEBUG] found replica for vector: 1
2025-11-18 17:22:53,413 - INFO - MainThread - server_logic - [DEBUG] found replica for vector: 2
2025-11-18 17:22:53,413 - INFO - MainThread - server_logic - [DEBUG] found replica for vector: 3
2025-11-18 17:22:53,413 - INFO - MainThread - server_logic - [DEBUG] to me replica for vector: 3
2025-11-18 17:22:53,413 - INFO - MainThread - server_logic - [DEBUG] found replica for vector: 1
2025-11-18 17:22:53,413 - INFO - MainThread - server_logic - [DEBUG] found replica for vector: 2
2025-11-18 17:22:53,413 - INFO - MainThread - server_logic - [DEBUG] found replica for vector: 3
2025-11-18 17:22:53,413 - INFO - MainThread - server_logic - [DEBUG] found replica for vector: 4
2025-11-18 17:22:53,413 - INFO - MainThread - server_logic - [DEBUG] found replica for vector: 1
2025-11-18 17:22:53,413 - INFO - MainThread - server_logic - [DEBUG] found replica for vector: 2
2025-11-18 17:22:53,413 - INFO - MainThread - server_logic - [DEBUG] found replica for vector: 3
2025-11-18 17:22:53,413 - INFO - MainThread - server_logic - [DEBUG] found replica for vector: 4
2025-11-18 17:22:53,414 - INFO - MainThread - server_logic - [DEBUG] found replica for vector: 1
2025-11-18 17:22:53,414 - INFO - MainThread - server_logic - [DEBUG] found replica for vector: 2
2025-11-18 17:22:53,414 - INFO - MainThread - server_logic - [DEBUG] found replica for vector: 3
2025-11-18 17:22:53,414 - INFO - MainThread - server_logic - [DEBUG] to me replica for vector: 3
2025-11-18 17:22:53,414 - INFO - MainThread - server_logic - [DEBUG] found replica for vector: 1
2025-11-18 17:22:53,414 - INFO - MainThread - server_logic - [DEBUG] found replica for vector: 2
2025-11-18 17:22:53,414 - INFO - MainThread - server_logic - [DEBUG] found replica for vector: 3
2025-11-18 17:22:53,414 - INFO - MainThread - server_logic - [DEBUG] to me replica for vector: 3
2025-11-18 17:22:53,414 - INFO - MainThread - server_logic - [DEBUG] found replica for vector: 1
2025-11-18 17:22:53,414 - INFO - MainThread - server_logic - [DEBUG] found replica for vector: 2
2025-11-18 17:22:53,414 - INFO - MainThread - server_logic - [DEBUG] found replica for vector: 3
2025-11-18 17:22:53,414 - INFO - MainThread - server_logic - [DEBUG] to me replica for vector: 3
2025-11-18 17:22:53,414 - INFO - MainThread - server_logic - [DEBUG] found replica for vector: 1
2025-11-18 17:22:53,414 - INFO - MainThread - server_logic - [DEBUG] found replica for vector: 2
2025-11-18 17:22:53,414 - INFO - MainThread - server_logic - [DEBUG] found replica for vector: 3
2025-11-18 17:22:53,414 - INFO - MainThread - server_logic - [DEBUG] found replica for vector: 4
2025-11-18 17:22:53,414 - INFO - MainThread - server_logic - [DEBUG] found replica for vector: 1
2025-11-18 17:22:53,414 - INFO - MainThread - server_logic - [DEBUG] found replica for vector: 2
2025-11-18 17:22:53,414 - INFO - MainThread - server_logic - [DEBUG] found replica for vector: 3
2025-11-18 17:22:53,414 - INFO - MainThread - server_logic - [DEBUG] to me replica for vector: 3
2025-11-18 17:22:53,414 - INFO - MainThread - server_logic - [DEBUG] found replica for vector: 1
2025-11-18 17:22:53,414 - INFO - MainThread - server_logic - [DEBUG] found replica for vector: 2
2025-11-18 17:22:53,414 - INFO - MainThread - server_logic - [DEBUG] found replica for vector: 3
2025-11-18 17:22:53,414 - INFO - MainThread - server_logic - [DEBUG] found replica for vector: 4
2025-11-18 17:22:53,414 - INFO - MainThread - server_logic - [DEBUG] found replica for vector: 1
2025-11-18 17:22:53,415 - INFO - MainThread - server_logic - [DEBUG] found replica for vector: 2
2025-11-18 17:22:53,415 - INFO - MainThread - server_logic - [DEBUG] found replica for vector: 3
2025-11-18 17:22:53,415 - INFO - MainThread - server_logic - [DEBUG] found replica for vector: 4
2025-11-18 17:22:53,415 - INFO - MainThread - server_logic - [DEBUG] found replica for vector: 1
2025-11-18 17:22:53,415 - INFO - MainThread - server_logic - [DEBUG] found replica for vector: 2
2025-11-18 17:22:53,415 - INFO - MainThread - server_logic - [DEBUG] found replica for vector: 3
2025-11-18 17:22:53,415 - INFO - MainThread - server_logic - [DEBUG] found replica for vector: 4
2025-11-18 17:22:53,415 - INFO - MainThread - server_logic - [DEBUG] found replica for vector: 1
2025-11-18 17:22:53,415 - INFO - MainThread - server_logic - [DEBUG] found replica for vector: 2
2025-11-18 17:22:53,415 - INFO - MainThread - server_logic - [DEBUG] found replica for vector: 3
2025-11-18 17:22:53,415 - INFO - MainThread - server_logic - [DEBUG] found replica for vector: 4
2025-11-18 17:22:53,415 - INFO - MainThread - server_logic - [DEBUG] found replica for vector: 1
2025-11-18 17:22:53,415 - INFO - MainThread - server_logic - [DEBUG] found replica for vector: 2
2025-11-18 17:22:53,415 - INFO - MainThread - server_logic - [DEBUG] found replica for vector: 3
2025-11-18 17:22:53,415 - INFO - MainThread - server_logic - [DEBUG] found replica for vector: 4
2025-11-18 17:22:53,415 - INFO - MainThread - server_logic - [DEBUG] found replica for vector: 1
2025-11-18 17:22:53,415 - INFO - MainThread - server_logic - [DEBUG] found replica for vector: 2
2025-11-18 17:22:53,415 - INFO - MainThread - server_logic - [DEBUG] found replica for vector: 3
2025-11-18 17:22:53,415 - INFO - MainThread - server_logic - [DEBUG] found replica for vector: 4
2025-11-18 17:22:53,415 - INFO - MainThread - server_logic - [DEBUG] found replica for vector: 1
2025-11-18 17:22:53,415 - INFO - MainThread - server_logic - [DEBUG] found replica for vector: 2
2025-11-18 17:22:53,415 - INFO - MainThread - server_logic - [DEBUG] found replica for vector: 3
2025-11-18 17:22:53,415 - INFO - MainThread - server_logic - [DEBUG] found replica for vector: 4
2025-11-18 17:22:53,415 - INFO - MainThread - server_logic - [DEBUG] found replica for vector: 1
2025-11-18 17:22:53,415 - INFO - MainThread - server_logic - [DEBUG] found replica for vector: 2
2025-11-18 17:22:53,415 - INFO - MainThread - server_logic - [DEBUG] found replica for vector: 3
2025-11-18 17:22:53,415 - INFO - MainThread - server_logic - [DEBUG] to me replica for vector: 3
2025-11-18 17:22:53,415 - INFO - MainThread - server_logic - [DEBUG] found replica for vector: 1
2025-11-18 17:22:53,415 - INFO - MainThread - server_logic - [DEBUG] found replica for vector: 2
2025-11-18 17:22:53,415 - INFO - MainThread - server_logic - [DEBUG] found replica for vector: 3
2025-11-18 17:22:53,415 - INFO - MainThread - server_logic - [DEBUG] found replica for vector: 4
2025-11-18 17:22:53,415 - INFO - MainThread - server_logic - [DEBUG] found replica for vector: 1
2025-11-18 17:22:53,415 - INFO - MainThread - server_logic - [DEBUG] found replica for vector: 2
2025-11-18 17:22:53,415 - INFO - MainThread - server_logic - [DEBUG] found replica for vector: 3
2025-11-18 17:22:53,415 - INFO - MainThread - server_logic - [DEBUG] to me replica for vector: 3
2025-11-18 17:22:53,415 - INFO - MainThread - server_logic - [DEBUG] found replica for vector: 1
2025-11-18 17:22:53,416 - INFO - MainThread - server_logic - [DEBUG] found replica for vector: 2
2025-11-18 17:22:53,416 - INFO - MainThread - server_logic - [DEBUG] found replica for vector: 3
2025-11-18 17:22:53,416 - INFO - MainThread - server_logic - [DEBUG] to me replica for vector: 3
2025-11-18 17:22:53,416 - INFO - MainThread - server_logic - [DEBUG] found replica for vector: 1
2025-11-18 17:22:53,416 - INFO - MainThread - server_logic - [DEBUG] found replica for vector: 2
2025-11-18 17:22:53,416 - INFO - MainThread - server_logic - [DEBUG] found replica for vector: 3
2025-11-18 17:22:53,416 - INFO - MainThread - server_logic - [DEBUG] to me replica for vector: 3
2025-11-18 17:22:53,416 - INFO - MainThread - server_logic - [DEBUG] found replica for vector: 1
2025-11-18 17:22:53,416 - INFO - MainThread - server_logic - [DEBUG] found replica for vector: 2
2025-11-18 17:22:53,416 - INFO - MainThread - server_logic - [DEBUG] found replica for vector: 3
2025-11-18 17:22:53,416 - INFO - MainThread - server_logic - [DEBUG] found replica for vector: 4
2025-11-18 17:22:53,416 - INFO - MainThread - server_logic - [DEBUG] found replica for vector: 1
2025-11-18 17:22:53,416 - INFO - MainThread - server_logic - [DEBUG] found replica for vector: 2
2025-11-18 17:22:53,416 - INFO - MainThread - server_logic - [DEBUG] found replica for vector: 3
2025-11-18 17:22:53,416 - INFO - MainThread - server_logic - [DEBUG] found replica for vector: 4
2025-11-18 17:22:53,416 - INFO - MainThread - server_logic - [DEBUG] found replica for vector: 1
2025-11-18 17:22:53,416 - INFO - MainThread - server_logic - [DEBUG] found replica for vector: 2
2025-11-18 17:22:53,416 - INFO - MainThread - server_logic - [DEBUG] found replica for vector: 3
2025-11-18 17:22:53,416 - INFO - MainThread - server_logic - [DEBUG] found replica for vector: 4
2025-11-18 17:22:53,416 - INFO - MainThread - server_logic - [DEBUG] found replica for vector: 1
2025-11-18 17:22:53,416 - INFO - MainThread - server_logic - [DEBUG] found replica for vector: 2
2025-11-18 17:22:53,416 - INFO - MainThread - server_logic - [DEBUG] found replica for vector: 3
2025-11-18 17:22:53,416 - INFO - MainThread - server_logic - [DEBUG] found replica for vector: 4
2025-11-18 17:22:53,416 - INFO - MainThread - server_logic - [DEBUG] found replica for vector: 1
2025-11-18 17:22:53,416 - INFO - MainThread - server_logic - [DEBUG] found replica for vector: 2
2025-11-18 17:22:53,416 - INFO - MainThread - server_logic - [DEBUG] found replica for vector: 3
2025-11-18 17:22:53,416 - INFO - MainThread - server_logic - [DEBUG] found replica for vector: 4
2025-11-18 17:22:53,416 - INFO - MainThread - server_logic - [DEBUG] found replica for vector: 1
2025-11-18 17:22:53,416 - INFO - MainThread - server_logic - [DEBUG] found replica for vector: 2
2025-11-18 17:22:53,416 - INFO - MainThread - server_logic - [DEBUG] found replica for vector: 3
2025-11-18 17:22:53,416 - INFO - MainThread - server_logic - [DEBUG] found replica for vector: 4
2025-11-18 17:22:53,416 - INFO - MainThread - server_logic - [DEBUG] found replica for vector: 1
2025-11-18 17:22:53,416 - INFO - MainThread - server_logic - [DEBUG] found replica for vector: 2
2025-11-18 17:22:53,416 - INFO - MainThread - server_logic - [DEBUG] found replica for vector: 3
2025-11-18 17:22:53,416 - INFO - MainThread - server_logic - [DEBUG] found replica for vector: 4
2025-11-18 17:22:53,416 - INFO - MainThread - server_logic - [DEBUG] found replica for vector: 1
2025-11-18 17:22:53,416 - INFO - MainThread - server_logic - [DEBUG] found replica for vector: 2
2025-11-18 17:22:53,416 - INFO - MainThread - server_logic - [DEBUG] found replica for vector: 3
2025-11-18 17:22:53,417 - INFO - MainThread - server_logic - [DEBUG] found replica for vector: 4
2025-11-18 17:22:53,417 - INFO - MainThread - server_logic - [DEBUG] found replica for vector: 1
2025-11-18 17:22:53,417 - INFO - MainThread - server_logic - [DEBUG] found replica for vector: 2
2025-11-18 17:22:53,417 - INFO - MainThread - server_logic - [DEBUG] found replica for vector: 3
2025-11-18 17:22:53,417 - INFO - MainThread - server_logic - [DEBUG] found replica for vector: 4
2025-11-18 17:22:53,417 - INFO - MainThread - server_logic - [DEBUG] found replica for vector: 1
2025-11-18 17:22:53,417 - INFO - MainThread - server_logic - [DEBUG] found replica for vector: 2
2025-11-18 17:22:53,417 - INFO - MainThread - server_logic - [DEBUG] found replica for vector: 3
2025-11-18 17:22:53,417 - INFO - MainThread - server_logic - [DEBUG] found replica for vector: 4
2025-11-18 17:22:53,417 - INFO - MainThread - server_logic - [DEBUG] found replica for vector: 1
2025-11-18 17:22:53,417 - INFO - MainThread - server_logic - [DEBUG] found replica for vector: 2
2025-11-18 17:22:53,417 - INFO - MainThread - server_logic - [DEBUG] found replica for vector: 3
2025-11-18 17:22:53,417 - INFO - MainThread - server_logic - [DEBUG] found replica for vector: 4
2025-11-18 17:22:53,419 - INFO - MainThread - server_logic - [DEBUG] found replica for vector: 1
2025-11-18 17:22:53,419 - INFO - MainThread - server_logic - [DEBUG] found replica for vector: 2
2025-11-18 17:22:53,419 - INFO - MainThread - server_logic - [DEBUG] found replica for vector: 3
2025-11-18 17:22:53,419 - INFO - MainThread - server_logic - [DEBUG] found replica for vector: 4
2025-11-18 17:22:53,419 - INFO - MainThread - server_logic - [DEBUG] found replica for vector: 1
2025-11-18 17:22:53,419 - INFO - MainThread - server_logic - [DEBUG] found replica for vector: 2
2025-11-18 17:22:53,420 - INFO - MainThread - server_logic - [DEBUG] found replica for vector: 3
2025-11-18 17:22:53,420 - INFO - MainThread - server_logic - [DEBUG] found replica for vector: 4
2025-11-18 17:22:53,420 - INFO - MainThread - server_logic - [DEBUG] found replica for vector: 1
2025-11-18 17:22:53,420 - INFO - MainThread - server_logic - [DEBUG] found replica for vector: 2
2025-11-18 17:22:53,420 - INFO - MainThread - server_logic - [DEBUG] found replica for vector: 3
2025-11-18 17:22:53,420 - INFO - MainThread - server_logic - [DEBUG] found replica for vector: 4
2025-11-18 17:22:53,420 - INFO - MainThread - server_logic - [DEBUG] found replica for vector: 1
2025-11-18 17:22:53,420 - INFO - MainThread - server_logic - [DEBUG] found replica for vector: 2
2025-11-18 17:22:53,420 - INFO - MainThread - server_logic - [DEBUG] found replica for vector: 3
2025-11-18 17:22:53,420 - INFO - MainThread - server_logic - [DEBUG] found replica for vector: 4
2025-11-18 17:22:53,420 - INFO - MainThread - server_logic - [DEBUG] found replica for vector: 1
2025-11-18 17:22:53,420 - INFO - MainThread - server_logic - [DEBUG] found replica for vector: 2
2025-11-18 17:22:53,420 - INFO - MainThread - server_logic - [DEBUG] found replica for vector: 3
2025-11-18 17:22:53,420 - INFO - MainThread - server_logic - [DEBUG] found replica for vector: 4
2025-11-18 17:22:53,420 - INFO - MainThread - server_logic - [DEBUG] found replica for vector: 1
2025-11-18 17:22:53,420 - INFO - MainThread - server_logic - [DEBUG] found replica for vector: 2
2025-11-18 17:22:53,420 - INFO - MainThread - server_logic - [DEBUG] found replica for vector: 3
2025-11-18 17:22:53,420 - INFO - MainThread - server_logic - [DEBUG] found replica for vector: 4
2025-11-18 17:22:53,420 - INFO - MainThread - server_logic - [DEBUG] found replica for vector: 1
2025-11-18 17:22:53,420 - INFO - MainThread - server_logic - [DEBUG] found replica for vector: 2
2025-11-18 17:22:53,420 - INFO - MainThread - server_logic - [DEBUG] found replica for vector: 3
2025-11-18 17:22:53,420 - INFO - MainThread - server_logic - [DEBUG] to me replica for vector: 3
2025-11-18 17:22:53,420 - INFO - MainThread - server_logic - [DEBUG] found replica for vector: 1
2025-11-18 17:22:53,420 - INFO - MainThread - server_logic - [DEBUG] found replica for vector: 2
2025-11-18 17:22:53,420 - INFO - MainThread - server_logic - [DEBUG] found replica for vector: 3
2025-11-18 17:22:53,420 - INFO - MainThread - server_logic - [DEBUG] found replica for vector: 4
2025-11-18 17:22:53,420 - INFO - MainThread - server_logic - [DEBUG] found replica for vector: 1
2025-11-18 17:22:53,420 - INFO - MainThread - server_logic - [DEBUG] found replica for vector: 2
2025-11-18 17:22:53,420 - INFO - MainThread - server_logic - [DEBUG] found replica for vector: 3
2025-11-18 17:22:53,420 - INFO - MainThread - server_logic - [DEBUG] to me replica for vector: 3
2025-11-18 17:22:53,420 - INFO - MainThread - server_logic - [DEBUG] found replica for vector: 1
2025-11-18 17:22:53,420 - INFO - MainThread - server_logic - [DEBUG] found replica for vector: 2
2025-11-18 17:22:53,420 - INFO - MainThread - server_logic - [DEBUG] found replica for vector: 3
2025-11-18 17:22:53,421 - INFO - MainThread - server_logic - [DEBUG] found replica for vector: 4
2025-11-18 17:22:53,421 - INFO - MainThread - server_logic - [DEBUG] found replica for vector: 1
2025-11-18 17:22:53,421 - INFO - MainThread - server_logic - [DEBUG] found replica for vector: 2
2025-11-18 17:22:53,421 - INFO - MainThread - server_logic - [DEBUG] found replica for vector: 3
2025-11-18 17:22:53,421 - INFO - MainThread - server_logic - [DEBUG] to me replica for vector: 3
2025-11-18 17:22:53,421 - INFO - MainThread - server_logic - [DEBUG] found replica for vector: 1
2025-11-18 17:22:53,421 - INFO - MainThread - server_logic - [DEBUG] found replica for vector: 2
2025-11-18 17:22:53,421 - INFO - MainThread - server_logic - [DEBUG] found replica for vector: 3
2025-11-18 17:22:53,421 - INFO - MainThread - server_logic - [DEBUG] to me replica for vector: 3
2025-11-18 17:22:53,421 - INFO - MainThread - server_logic - [DEBUG] found replica for vector: 1
2025-11-18 17:22:53,421 - INFO - MainThread - server_logic - [DEBUG] found replica for vector: 2
2025-11-18 17:22:53,421 - INFO - MainThread - server_logic - [DEBUG] found replica for vector: 3
2025-11-18 17:22:53,421 - INFO - MainThread - server_logic - [DEBUG] found replica for vector: 4
2025-11-18 17:22:53,421 - INFO - MainThread - server_logic - [DEBUG] found replica for vector: 1
2025-11-18 17:22:53,421 - INFO - MainThread - server_logic - [DEBUG] found replica for vector: 2
2025-11-18 17:22:53,421 - INFO - MainThread - server_logic - [DEBUG] found replica for vector: 3
2025-11-18 17:22:53,421 - INFO - MainThread - server_logic - [DEBUG] found replica for vector: 4
2025-11-18 17:22:53,421 - INFO - MainThread - server_logic - [DEBUG] found replica for vector: 1
2025-11-18 17:22:53,421 - INFO - MainThread - server_logic - [DEBUG] found replica for vector: 2
2025-11-18 17:22:53,421 - INFO - MainThread - server_logic - [DEBUG] found replica for vector: 3
2025-11-18 17:22:53,421 - INFO - MainThread - server_logic - [DEBUG] found replica for vector: 4
2025-11-18 17:22:53,421 - INFO - MainThread - server_logic - [DEBUG] found replica for vector: 1
2025-11-18 17:22:53,421 - INFO - MainThread - server_logic - [DEBUG] found replica for vector: 2
2025-11-18 17:22:53,421 - INFO - MainThread - server_logic - [DEBUG] found replica for vector: 3
2025-11-18 17:22:53,421 - INFO - MainThread - server_logic - [DEBUG] found replica for vector: 4
2025-11-18 17:22:53,421 - INFO - MainThread - server_logic - [DEBUG] found replica for vector: 1
2025-11-18 17:22:53,421 - INFO - MainThread - server_logic - [DEBUG] found replica for vector: 2
2025-11-18 17:22:53,421 - INFO - MainThread - server_logic - [DEBUG] found replica for vector: 3
2025-11-18 17:22:53,421 - INFO - MainThread - server_logic - [DEBUG] found replica for vector: 4
2025-11-18 17:22:53,421 - INFO - MainThread - server_logic - [DEBUG] found replica for vector: 1
2025-11-18 17:22:53,421 - INFO - MainThread - server_logic - [DEBUG] found replica for vector: 2
2025-11-18 17:22:53,421 - INFO - MainThread - server_logic - [DEBUG] found replica for vector: 3
2025-11-18 17:22:53,421 - INFO - MainThread - server_logic - [DEBUG] to me replica for vector: 3
2025-11-18 17:22:53,421 - INFO - MainThread - server_logic - [DEBUG] found replica for vector: 1
2025-11-18 17:22:53,421 - INFO - MainThread - server_logic - [DEBUG] found replica for vector: 2
2025-11-18 17:22:53,421 - INFO - MainThread - server_logic - [DEBUG] found replica for vector: 3
2025-11-18 17:22:53,421 - INFO - MainThread - server_logic - [DEBUG] found replica for vector: 4
2025-11-18 17:22:53,421 - INFO - MainThread - server_logic - [DEBUG] found replica for vector: 1
2025-11-18 17:22:53,421 - INFO - MainThread - server_logic - [DEBUG] found replica for vector: 2
2025-11-18 17:22:53,421 - INFO - MainThread - server_logic - [DEBUG] found replica for vector: 3
2025-11-18 17:22:53,421 - INFO - MainThread - server_logic - [DEBUG] found replica for vector: 4
2025-11-18 17:22:53,421 - INFO - MainThread - server_logic - [DEBUG] found replica for vector: 1
2025-11-18 17:22:53,421 - INFO - MainThread - server_logic - [DEBUG] found replica for vector: 2
2025-11-18 17:22:53,421 - INFO - MainThread - server_logic - [DEBUG] found replica for vector: 3
2025-11-18 17:22:53,421 - INFO - MainThread - server_logic - [DEBUG] found replica for vector: 4
2025-11-18 17:22:53,421 - INFO - MainThread - server_logic - [DEBUG] found replica for vector: 1
2025-11-18 17:22:53,421 - INFO - MainThread - server_logic - [DEBUG] found replica for vector: 2
2025-11-18 17:22:53,421 - INFO - MainThread - server_logic - [DEBUG] found replica for vector: 3
2025-11-18 17:22:53,421 - INFO - MainThread - server_logic - [DEBUG] found replica for vector: 4
2025-11-18 17:22:53,421 - INFO - MainThread - server_logic - [DEBUG] found replica for vector: 1
2025-11-18 17:22:53,421 - INFO - MainThread - server_logic - [DEBUG] found replica for vector: 2
2025-11-18 17:22:53,422 - INFO - MainThread - server_logic - [DEBUG] found replica for vector: 3
2025-11-18 17:22:53,422 - INFO - MainThread - server_logic - [DEBUG] found replica for vector: 4
2025-11-18 17:22:53,422 - INFO - MainThread - server_logic - [DEBUG] found replica for vector: 1
2025-11-18 17:22:53,422 - INFO - MainThread - server_logic - [DEBUG] found replica for vector: 2
2025-11-18 17:22:53,422 - INFO - MainThread - server_logic - [DEBUG] found replica for vector: 3
2025-11-18 17:22:53,422 - INFO - MainThread - server_logic - [DEBUG] to me replica for vector: 3
2025-11-18 17:22:53,422 - INFO - MainThread - server_logic - [DEBUG] found replica for vector: 1
2025-11-18 17:22:53,422 - INFO - MainThread - server_logic - [DEBUG] found replica for vector: 2
2025-11-18 17:22:53,422 - INFO - MainThread - server_logic - [DEBUG] found replica for vector: 3
2025-11-18 17:22:53,422 - INFO - MainThread - server_logic - [DEBUG] found replica for vector: 4
2025-11-18 17:22:53,422 - INFO - MainThread - server_logic - [DEBUG] found replica for vector: 1
2025-11-18 17:22:53,422 - INFO - MainThread - server_logic - [DEBUG] found replica for vector: 2
2025-11-18 17:22:53,422 - INFO - MainThread - server_logic - [DEBUG] found replica for vector: 3
2025-11-18 17:22:53,422 - INFO - MainThread - server_logic - [DEBUG] found replica for vector: 4
2025-11-18 17:22:53,422 - INFO - MainThread - server_logic - [DEBUG] found replica for vector: 1
2025-11-18 17:22:53,422 - INFO - MainThread - server_logic - [DEBUG] found replica for vector: 2
2025-11-18 17:22:53,422 - INFO - MainThread - server_logic - [DEBUG] found replica for vector: 3
2025-11-18 17:22:53,422 - INFO - MainThread - server_logic - [DEBUG] found replica for vector: 4
2025-11-18 17:22:53,422 - INFO - MainThread - server_logic - [DEBUG] found replica for vector: 1
2025-11-18 17:22:53,422 - INFO - MainThread - server_logic - [DEBUG] found replica for vector: 2
2025-11-18 17:22:53,422 - INFO - MainThread - server_logic - [DEBUG] found replica for vector: 3
2025-11-18 17:22:53,422 - INFO - MainThread - server_logic - [DEBUG] found replica for vector: 4
2025-11-18 17:22:53,422 - INFO - MainThread - server_logic - [DEBUG] found replica for vector: 1
2025-11-18 17:22:53,422 - INFO - MainThread - server_logic - [DEBUG] found replica for vector: 2
2025-11-18 17:22:53,422 - INFO - MainThread - server_logic - [DEBUG] found replica for vector: 3
2025-11-18 17:22:53,422 - INFO - MainThread - server_logic - [DEBUG] found replica for vector: 4
2025-11-18 17:22:53,422 - INFO - MainThread - server_logic - [DEBUG] found replica for vector: 1
2025-11-18 17:22:53,422 - INFO - MainThread - server_logic - [DEBUG] found replica for vector: 2
2025-11-18 17:22:53,422 - INFO - MainThread - server_logic - [DEBUG] found replica for vector: 3
2025-11-18 17:22:53,422 - INFO - MainThread - server_logic - [DEBUG] to me replica for vector: 3
2025-11-18 17:22:53,422 - INFO - MainThread - server_logic - [DEBUG] found replica for vector: 1
2025-11-18 17:22:53,422 - INFO - MainThread - server_logic - [DEBUG] found replica for vector: 2
2025-11-18 17:22:53,422 - INFO - MainThread - server_logic - [DEBUG] found replica for vector: 3
2025-11-18 17:22:53,422 - INFO - MainThread - server_logic - [DEBUG] to me replica for vector: 3
2025-11-18 17:22:53,422 - INFO - MainThread - server_logic - [DEBUG] found replica for vector: 1
2025-11-18 17:22:53,422 - INFO - MainThread - server_logic - [DEBUG] found replica for vector: 2
2025-11-18 17:22:53,422 - INFO - MainThread - server_logic - [DEBUG] found replica for vector: 3
2025-11-18 17:22:53,422 - INFO - MainThread - server_logic - [DEBUG] found replica for vector: 4
2025-11-18 17:22:53,422 - INFO - MainThread - server_logic - [DEBUG] found replica for vector: 1
2025-11-18 17:22:53,422 - INFO - MainThread - server_logic - [DEBUG] found replica for vector: 2
2025-11-18 17:22:53,422 - INFO - MainThread - server_logic - [DEBUG] found replica for vector: 3
2025-11-18 17:22:53,422 - INFO - MainThread - server_logic - [DEBUG] to me replica for vector: 3
2025-11-18 17:22:53,422 - INFO - MainThread - server_logic - [DEBUG] found replica for vector: 1
2025-11-18 17:22:53,422 - INFO - MainThread - server_logic - [DEBUG] found replica for vector: 2
2025-11-18 17:22:53,422 - INFO - MainThread - server_logic - [DEBUG] found replica for vector: 3
2025-11-18 17:22:53,422 - INFO - MainThread - server_logic - [DEBUG] to me replica for vector: 3
2025-11-18 17:22:53,422 - INFO - MainThread - server_logic - [DEBUG] found replica for vector: 1
2025-11-18 17:22:53,422 - INFO - MainThread - server_logic - [DEBUG] found replica for vector: 2
2025-11-18 17:22:53,422 - INFO - MainThread - server_logic - [DEBUG] found replica for vector: 3
2025-11-18 17:22:53,422 - INFO - MainThread - server_logic - [DEBUG] to me replica for vector: 3
2025-11-18 17:22:53,422 - INFO - MainThread - server_logic - [DEBUG] found replica for vector: 1
2025-11-18 17:22:53,422 - INFO - MainThread - server_logic - [DEBUG] found replica for vector: 2
2025-11-18 17:22:53,422 - INFO - MainThread - server_logic - [DEBUG] found replica for vector: 3
2025-11-18 17:22:53,422 - INFO - MainThread - server_logic - [DEBUG] to me replica for vector: 3
2025-11-18 17:22:53,422 - INFO - MainThread - server_logic - [DEBUG] found replica for vector: 1
2025-11-18 17:22:53,422 - INFO - MainThread - server_logic - [DEBUG] found replica for vector: 2
2025-11-18 17:22:53,423 - INFO - MainThread - server_logic - [DEBUG] found replica for vector: 3
2025-11-18 17:22:53,423 - INFO - MainThread - server_logic - [DEBUG] found replica for vector: 4
2025-11-18 17:22:53,423 - INFO - MainThread - server_logic - [DEBUG] found replica for vector: 1
2025-11-18 17:22:53,423 - INFO - MainThread - server_logic - [DEBUG] found replica for vector: 2
2025-11-18 17:22:53,423 - INFO - MainThread - server_logic - [DEBUG] found replica for vector: 3
2025-11-18 17:22:53,423 - INFO - MainThread - server_logic - [DEBUG] found replica for vector: 4
2025-11-18 17:22:53,423 - INFO - MainThread - server_logic - [DEBUG] found replica for vector: 1
2025-11-18 17:22:53,423 - INFO - MainThread - server_logic - [DEBUG] found replica for vector: 2
2025-11-18 17:22:53,423 - INFO - MainThread - server_logic - [DEBUG] found replica for vector: 3
2025-11-18 17:22:53,423 - INFO - MainThread - server_logic - [DEBUG] found replica for vector: 4
2025-11-18 17:22:53,423 - INFO - MainThread - server_logic - [DEBUG] found replica for vector: 1
2025-11-18 17:22:53,423 - INFO - MainThread - server_logic - [DEBUG] found replica for vector: 2
2025-11-18 17:22:53,423 - INFO - MainThread - server_logic - [DEBUG] found replica for vector: 3
2025-11-18 17:22:53,423 - INFO - MainThread - server_logic - [DEBUG] found replica for vector: 4
2025-11-18 17:22:53,423 - INFO - MainThread - server_logic - [DEBUG] found replica for vector: 1
2025-11-18 17:22:53,423 - INFO - MainThread - server_logic - [DEBUG] found replica for vector: 2
2025-11-18 17:22:53,423 - INFO - MainThread - server_logic - [DEBUG] found replica for vector: 3
2025-11-18 17:22:53,423 - INFO - MainThread - server_logic - [DEBUG] found replica for vector: 4
2025-11-18 17:22:53,423 - INFO - MainThread - server_logic - [DEBUG] found replica for vector: 1
2025-11-18 17:22:53,423 - INFO - MainThread - server_logic - [DEBUG] found replica for vector: 2
2025-11-18 17:22:53,423 - INFO - MainThread - server_logic - [DEBUG] found replica for vector: 3
2025-11-18 17:22:53,423 - INFO - MainThread - server_logic - [DEBUG] found replica for vector: 4
2025-11-18 17:22:53,423 - INFO - MainThread - server_logic - [DEBUG] found replica for vector: 1
2025-11-18 17:22:53,423 - INFO - MainThread - server_logic - [DEBUG] found replica for vector: 2
2025-11-18 17:22:53,423 - INFO - MainThread - server_logic - [DEBUG] found replica for vector: 3
2025-11-18 17:22:53,423 - INFO - MainThread - server_logic - [DEBUG] to me replica for vector: 3
2025-11-18 17:22:53,423 - INFO - MainThread - server_logic - [DEBUG] found replica for vector: 1
2025-11-18 17:22:53,423 - INFO - MainThread - server_logic - [DEBUG] found replica for vector: 2
2025-11-18 17:22:53,423 - INFO - MainThread - server_logic - [DEBUG] found replica for vector: 3
2025-11-18 17:22:53,423 - INFO - MainThread - server_logic - [DEBUG] found replica for vector: 4
2025-11-18 17:22:53,423 - INFO - MainThread - server_logic - [DEBUG] found replica for vector: 1
2025-11-18 17:22:53,423 - INFO - MainThread - server_logic - [DEBUG] found replica for vector: 2
2025-11-18 17:22:53,423 - INFO - MainThread - server_logic - [DEBUG] found replica for vector: 3
2025-11-18 17:22:53,423 - INFO - MainThread - server_logic - [DEBUG] found replica for vector: 4
2025-11-18 17:22:53,423 - INFO - MainThread - server_logic - [DEBUG] found replica for vector: 1
2025-11-18 17:22:53,423 - INFO - MainThread - server_logic - [DEBUG] found replica for vector: 2
2025-11-18 17:22:53,423 - INFO - MainThread - server_logic - [DEBUG] found replica for vector: 3
2025-11-18 17:22:53,423 - INFO - MainThread - server_logic - [DEBUG] found replica for vector: 4
2025-11-18 17:22:53,423 - INFO - MainThread - server_logic - [DEBUG] found replica for vector: 1
2025-11-18 17:22:53,423 - INFO - MainThread - server_logic - [DEBUG] found replica for vector: 2
2025-11-18 17:22:53,423 - INFO - MainThread - server_logic - [DEBUG] found replica for vector: 3
2025-11-18 17:22:53,423 - INFO - MainThread - server_logic - [DEBUG] found replica for vector: 4
2025-11-18 17:22:53,423 - INFO - MainThread - server_logic - [DEBUG] found replica for vector: 1
2025-11-18 17:22:53,423 - INFO - MainThread - server_logic - [DEBUG] found replica for vector: 2
2025-11-18 17:22:53,423 - INFO - MainThread - server_logic - [DEBUG] found replica for vector: 3
2025-11-18 17:22:53,423 - INFO - MainThread - server_logic - [DEBUG] found replica for vector: 4
2025-11-18 17:22:53,423 - INFO - MainThread - server_logic - [DEBUG] found replica for vector: 1
2025-11-18 17:22:53,423 - INFO - MainThread - server_logic - [DEBUG] found replica for vector: 2
2025-11-18 17:22:53,423 - INFO - MainThread - server_logic - [DEBUG] found replica for vector: 3
2025-11-18 17:22:53,423 - INFO - MainThread - server_logic - [DEBUG] found replica for vector: 4
2025-11-18 17:22:53,423 - INFO - MainThread - server_logic - [DEBUG] found replica for vector: 1
2025-11-18 17:22:53,423 - INFO - MainThread - server_logic - [DEBUG] found replica for vector: 2
2025-11-18 17:22:53,423 - INFO - MainThread - server_logic - [DEBUG] found replica for vector: 3
2025-11-18 17:22:53,423 - INFO - MainThread - server_logic - [DEBUG] found replica for vector: 4
2025-11-18 17:22:53,423 - INFO - MainThread - server_logic - [DEBUG] found replica for vector: 1
2025-11-18 17:22:53,424 - INFO - MainThread - server_logic - [DEBUG] found replica for vector: 2
2025-11-18 17:22:53,424 - INFO - MainThread - server_logic - [DEBUG] found replica for vector: 3
2025-11-18 17:22:53,424 - INFO - MainThread - server_logic - [DEBUG] found replica for vector: 4
2025-11-18 17:22:53,424 - INFO - MainThread - server_logic - [DEBUG] found replica for vector: 1
2025-11-18 17:22:53,424 - INFO - MainThread - server_logic - [DEBUG] found replica for vector: 2
2025-11-18 17:22:53,424 - INFO - MainThread - server_logic - [DEBUG] found replica for vector: 3
2025-11-18 17:22:53,424 - INFO - MainThread - server_logic - [DEBUG] to me replica for vector: 3
2025-11-18 17:22:53,424 - INFO - MainThread - server_logic - [DEBUG] found replica for vector: 1
2025-11-18 17:22:53,424 - INFO - MainThread - server_logic - [DEBUG] found replica for vector: 2
2025-11-18 17:22:53,424 - INFO - MainThread - server_logic - [DEBUG] found replica for vector: 3
2025-11-18 17:22:53,424 - INFO - MainThread - server_logic - [DEBUG] found replica for vector: 4
2025-11-18 17:22:53,424 - INFO - MainThread - server_logic - [DEBUG] found replica for vector: 1
2025-11-18 17:22:53,424 - INFO - MainThread - server_logic - [DEBUG] found replica for vector: 2
2025-11-18 17:22:53,424 - INFO - MainThread - server_logic - [DEBUG] found replica for vector: 3
2025-11-18 17:22:53,424 - INFO - MainThread - server_logic - [DEBUG] found replica for vector: 4
2025-11-18 17:22:53,424 - INFO - MainThread - server_logic - [DEBUG] found replica for vector: 1
2025-11-18 17:22:53,424 - INFO - MainThread - server_logic - [DEBUG] found replica for vector: 2
2025-11-18 17:22:53,424 - INFO - MainThread - server_logic - [DEBUG] found replica for vector: 3
2025-11-18 17:22:53,424 - INFO - MainThread - server_logic - [DEBUG] found replica for vector: 4
2025-11-18 17:22:53,424 - INFO - MainThread - server_logic - [DEBUG] found replica for vector: 1
2025-11-18 17:22:53,424 - INFO - MainThread - server_logic - [DEBUG] found replica for vector: 2
2025-11-18 17:22:53,424 - INFO - MainThread - server_logic - [DEBUG] found replica for vector: 3
2025-11-18 17:22:53,424 - INFO - MainThread - server_logic - [DEBUG] to me replica for vector: 3
2025-11-18 17:22:53,424 - INFO - MainThread - server_logic - [DEBUG] found replica for vector: 1
2025-11-18 17:22:53,424 - INFO - MainThread - server_logic - [DEBUG] found replica for vector: 2
2025-11-18 17:22:53,424 - INFO - MainThread - server_logic - [DEBUG] found replica for vector: 3
2025-11-18 17:22:53,424 - INFO - MainThread - server_logic - [DEBUG] found replica for vector: 4
2025-11-18 17:22:53,424 - INFO - MainThread - server_logic - [DEBUG] found replica for vector: 1
2025-11-18 17:22:53,424 - INFO - MainThread - server_logic - [DEBUG] found replica for vector: 2
2025-11-18 17:22:53,424 - INFO - MainThread - server_logic - [DEBUG] found replica for vector: 3
2025-11-18 17:22:53,424 - INFO - MainThread - server_logic - [DEBUG] to me replica for vector: 3
2025-11-18 17:22:53,424 - INFO - MainThread - server_logic - [DEBUG] found replica for vector: 1
2025-11-18 17:22:53,424 - INFO - MainThread - server_logic - [DEBUG] found replica for vector: 2
2025-11-18 17:22:53,424 - INFO - MainThread - server_logic - [DEBUG] found replica for vector: 3
2025-11-18 17:22:53,424 - INFO - MainThread - server_logic - [DEBUG] found replica for vector: 4
2025-11-18 17:22:53,424 - INFO - MainThread - server_logic - [DEBUG] found replica for vector: 1
2025-11-18 17:22:53,424 - INFO - MainThread - server_logic - [DEBUG] found replica for vector: 2
2025-11-18 17:22:53,424 - INFO - MainThread - server_logic - [DEBUG] found replica for vector: 3
2025-11-18 17:22:53,424 - INFO - MainThread - server_logic - [DEBUG] to me replica for vector: 3
2025-11-18 17:22:53,424 - INFO - MainThread - server_logic - [DEBUG] found replica for vector: 1
2025-11-18 17:22:53,424 - INFO - MainThread - server_logic - [DEBUG] found replica for vector: 2
2025-11-18 17:22:53,424 - INFO - MainThread - server_logic - [DEBUG] found replica for vector: 3
2025-11-18 17:22:53,424 - INFO - MainThread - server_logic - [DEBUG] to me replica for vector: 3
2025-11-18 17:22:53,424 - INFO - MainThread - server_logic - [DEBUG] found replica for vector: 1
2025-11-18 17:22:53,424 - INFO - MainThread - server_logic - [DEBUG] found replica for vector: 2
2025-11-18 17:22:53,424 - INFO - MainThread - server_logic - [DEBUG] found replica for vector: 3
2025-11-18 17:22:53,424 - INFO - MainThread - server_logic - [DEBUG] found replica for vector: 4
2025-11-18 17:22:53,424 - INFO - MainThread - server_logic - [DEBUG] found replica for vector: 1
2025-11-18 17:22:53,424 - INFO - MainThread - server_logic - [DEBUG] found replica for vector: 2
2025-11-18 17:22:53,424 - INFO - MainThread - server_logic - [DEBUG] found replica for vector: 3
2025-11-18 17:22:53,424 - INFO - MainThread - server_logic - [DEBUG] found replica for vector: 4
2025-11-18 17:22:53,424 - INFO - MainThread - server_logic - [DEBUG] found replica for vector: 1
2025-11-18 17:22:53,424 - INFO - MainThread - server_logic - [DEBUG] found replica for vector: 2
2025-11-18 17:22:53,424 - INFO - MainThread - server_logic - [DEBUG] found replica for vector: 3
2025-11-18 17:22:53,424 - INFO - MainThread - server_logic - [DEBUG] found replica for vector: 4
2025-11-18 17:22:53,424 - INFO - MainThread - server_logic - [DEBUG] found replica for vector: 1
2025-11-18 17:22:53,424 - INFO - MainThread - server_logic - [DEBUG] found replica for vector: 2
2025-11-18 17:22:53,424 - INFO - MainThread - server_logic - [DEBUG] found replica for vector: 3
2025-11-18 17:22:53,424 - INFO - MainThread - server_logic - [DEBUG] found replica for vector: 4
2025-11-18 17:22:53,425 - INFO - MainThread - server_logic - [DEBUG] found replica for vector: 1
2025-11-18 17:22:53,425 - INFO - MainThread - server_logic - [DEBUG] found replica for vector: 2
2025-11-18 17:22:53,425 - INFO - MainThread - server_logic - [DEBUG] found replica for vector: 3
2025-11-18 17:22:53,425 - INFO - MainThread - server_logic - [DEBUG] found replica for vector: 4
2025-11-18 17:22:53,425 - INFO - MainThread - server_logic - [DEBUG] found replica for vector: 1
2025-11-18 17:22:53,425 - INFO - MainThread - server_logic - [DEBUG] found replica for vector: 2
2025-11-18 17:22:53,425 - INFO - MainThread - server_logic - [DEBUG] found replica for vector: 3
2025-11-18 17:22:53,425 - INFO - MainThread - server_logic - [DEBUG] to me replica for vector: 3
2025-11-18 17:22:53,425 - INFO - MainThread - server_logic - [DEBUG] found replica for vector: 1
2025-11-18 17:22:53,425 - INFO - MainThread - server_logic - [DEBUG] found replica for vector: 2
2025-11-18 17:22:53,425 - INFO - MainThread - server_logic - [DEBUG] found replica for vector: 3
2025-11-18 17:22:53,425 - INFO - MainThread - server_logic - [DEBUG] found replica for vector: 4
2025-11-18 17:22:53,425 - INFO - MainThread - server_logic - [DEBUG] found replica for vector: 1
2025-11-18 17:22:53,425 - INFO - MainThread - server_logic - [DEBUG] found replica for vector: 2
2025-11-18 17:22:53,425 - INFO - MainThread - server_logic - [DEBUG] found replica for vector: 3
2025-11-18 17:22:53,425 - INFO - MainThread - server_logic - [DEBUG] found replica for vector: 4
2025-11-18 17:22:53,425 - INFO - MainThread - server_logic - [DEBUG] found replica for vector: 1
2025-11-18 17:22:53,425 - INFO - MainThread - server_logic - [DEBUG] found replica for vector: 2
2025-11-18 17:22:53,425 - INFO - MainThread - server_logic - [DEBUG] found replica for vector: 3
2025-11-18 17:22:53,425 - INFO - MainThread - server_logic - [DEBUG] found replica for vector: 4
2025-11-18 17:22:53,425 - INFO - MainThread - server_logic - [DEBUG] found replica for vector: 1
2025-11-18 17:22:53,425 - INFO - MainThread - server_logic - [DEBUG] found replica for vector: 2
2025-11-18 17:22:53,425 - INFO - MainThread - server_logic - [DEBUG] found replica for vector: 3
2025-11-18 17:22:53,425 - INFO - MainThread - server_logic - [DEBUG] found replica for vector: 4
2025-11-18 17:22:53,425 - INFO - MainThread - server_logic - [DEBUG] found replica for vector: 1
2025-11-18 17:22:53,425 - INFO - MainThread - server_logic - [DEBUG] found replica for vector: 2
2025-11-18 17:22:53,425 - INFO - MainThread - server_logic - [DEBUG] found replica for vector: 3
2025-11-18 17:22:53,425 - INFO - MainThread - server_logic - [DEBUG] found replica for vector: 4
2025-11-18 17:22:53,425 - INFO - MainThread - server_logic - [DEBUG] found replica for vector: 1
2025-11-18 17:22:53,425 - INFO - MainThread - server_logic - [DEBUG] found replica for vector: 2
2025-11-18 17:22:53,425 - INFO - MainThread - server_logic - [DEBUG] found replica for vector: 3
2025-11-18 17:22:53,425 - INFO - MainThread - server_logic - [DEBUG] found replica for vector: 4
2025-11-18 17:22:53,425 - INFO - MainThread - server_logic - [DEBUG] found replica for vector: 1
2025-11-18 17:22:53,425 - INFO - MainThread - server_logic - [DEBUG] found replica for vector: 2
2025-11-18 17:22:53,425 - INFO - MainThread - server_logic - [DEBUG] found replica for vector: 3
2025-11-18 17:22:53,425 - INFO - MainThread - server_logic - [DEBUG] found replica for vector: 4
2025-11-18 17:22:53,425 - INFO - MainThread - server_logic - [DEBUG] found replica for vector: 1
2025-11-18 17:22:53,425 - INFO - MainThread - server_logic - [DEBUG] found replica for vector: 2
2025-11-18 17:22:53,425 - INFO - MainThread - server_logic - [DEBUG] found replica for vector: 3
2025-11-18 17:22:53,425 - INFO - MainThread - server_logic - [DEBUG] to me replica for vector: 3
2025-11-18 17:22:53,425 - INFO - MainThread - server_logic - [DEBUG] found replica for vector: 1
2025-11-18 17:22:53,425 - INFO - MainThread - server_logic - [DEBUG] found replica for vector: 2
2025-11-18 17:22:53,425 - INFO - MainThread - server_logic - [DEBUG] found replica for vector: 3
2025-11-18 17:22:53,425 - INFO - MainThread - server_logic - [DEBUG] found replica for vector: 4
2025-11-18 17:22:53,425 - INFO - MainThread - server_logic - [DEBUG] found replica for vector: 1
2025-11-18 17:22:53,425 - INFO - MainThread - server_logic - [DEBUG] found replica for vector: 2
2025-11-18 17:22:53,425 - INFO - MainThread - server_logic - [DEBUG] found replica for vector: 3
2025-11-18 17:22:53,425 - INFO - MainThread - server_logic - [DEBUG] found replica for vector: 4
2025-11-18 17:22:53,425 - INFO - MainThread - server_logic - [DEBUG] found replica for vector: 1
2025-11-18 17:22:53,425 - INFO - MainThread - server_logic - [DEBUG] found replica for vector: 2
2025-11-18 17:22:53,425 - INFO - MainThread - server_logic - [DEBUG] found replica for vector: 3
2025-11-18 17:22:53,425 - INFO - MainThread - server_logic - [DEBUG] found replica for vector: 4
2025-11-18 17:22:53,425 - INFO - MainThread - server_logic - [DEBUG] found replica for vector: 1
2025-11-18 17:22:53,425 - INFO - MainThread - server_logic - [DEBUG] found replica for vector: 2
2025-11-18 17:22:53,425 - INFO - MainThread - server_logic - [DEBUG] found replica for vector: 3
2025-11-18 17:22:53,425 - INFO - MainThread - server_logic - [DEBUG] found replica for vector: 4
2025-11-18 17:22:53,426 - INFO - MainThread - server_logic - [DEBUG] found replica for vector: 1
2025-11-18 17:22:53,426 - INFO - MainThread - server_logic - [DEBUG] found replica for vector: 2
2025-11-18 17:22:53,426 - INFO - MainThread - server_logic - [DEBUG] found replica for vector: 3
2025-11-18 17:22:53,426 - INFO - MainThread - server_logic - [DEBUG] to me replica for vector: 3
2025-11-18 17:22:53,426 - INFO - MainThread - server_logic - [DEBUG] found replica for vector: 1
2025-11-18 17:22:53,426 - INFO - MainThread - server_logic - [DEBUG] found replica for vector: 2
2025-11-18 17:22:53,426 - INFO - MainThread - server_logic - [DEBUG] found replica for vector: 3
2025-11-18 17:22:53,426 - INFO - MainThread - server_logic - [DEBUG] to me replica for vector: 3
2025-11-18 17:22:53,426 - INFO - MainThread - server_logic - [DEBUG] found replica for vector: 1
2025-11-18 17:22:53,426 - INFO - MainThread - server_logic - [DEBUG] found replica for vector: 2
2025-11-18 17:22:53,426 - INFO - MainThread - server_logic - [DEBUG] found replica for vector: 3
2025-11-18 17:22:53,426 - INFO - MainThread - server_logic - [DEBUG] found replica for vector: 4
2025-11-18 17:22:53,426 - INFO - MainThread - server_logic - [DEBUG] found replica for vector: 1
2025-11-18 17:22:53,426 - INFO - MainThread - server_logic - [DEBUG] found replica for vector: 2
2025-11-18 17:22:53,426 - INFO - MainThread - server_logic - [DEBUG] found replica for vector: 3
2025-11-18 17:22:53,426 - INFO - MainThread - server_logic - [DEBUG] found replica for vector: 4
2025-11-18 17:22:53,426 - INFO - MainThread - server_logic - [DEBUG] found replica for vector: 1
2025-11-18 17:22:53,426 - INFO - MainThread - server_logic - [DEBUG] found replica for vector: 2
2025-11-18 17:22:53,426 - INFO - MainThread - server_logic - [DEBUG] found replica for vector: 3
2025-11-18 17:22:53,426 - INFO - MainThread - server_logic - [DEBUG] found replica for vector: 4
2025-11-18 17:22:53,426 - INFO - MainThread - server_logic - [DEBUG] found replica for vector: 1
2025-11-18 17:22:53,426 - INFO - MainThread - server_logic - [DEBUG] found replica for vector: 2
2025-11-18 17:22:53,426 - INFO - MainThread - server_logic - [DEBUG] found replica for vector: 3
2025-11-18 17:22:53,426 - INFO - MainThread - server_logic - [DEBUG] found replica for vector: 4
2025-11-18 17:22:53,426 - INFO - MainThread - server_logic - [DEBUG] found replica for vector: 1
2025-11-18 17:22:53,426 - INFO - MainThread - server_logic - [DEBUG] found replica for vector: 2
2025-11-18 17:22:53,426 - INFO - MainThread - server_logic - [DEBUG] found replica for vector: 3
2025-11-18 17:22:53,426 - INFO - MainThread - server_logic - [DEBUG] found replica for vector: 4
2025-11-18 17:22:53,426 - INFO - MainThread - server_logic - [DEBUG] found replica for vector: 1
2025-11-18 17:22:53,426 - INFO - MainThread - server_logic - [DEBUG] found replica for vector: 2
2025-11-18 17:22:53,426 - INFO - MainThread - server_logic - [DEBUG] found replica for vector: 3
2025-11-18 17:22:53,426 - INFO - MainThread - server_logic - [DEBUG] to me replica for vector: 3
2025-11-18 17:22:53,426 - INFO - MainThread - server_logic - [DEBUG] found replica for vector: 1
2025-11-18 17:22:53,426 - INFO - MainThread - server_logic - [DEBUG] found replica for vector: 2
2025-11-18 17:22:53,426 - INFO - MainThread - server_logic - [DEBUG] found replica for vector: 3
2025-11-18 17:22:53,426 - INFO - MainThread - server_logic - [DEBUG] found replica for vector: 4
2025-11-18 17:22:53,426 - INFO - MainThread - server_logic - [DEBUG] found replica for vector: 1
2025-11-18 17:22:53,426 - INFO - MainThread - server_logic - [DEBUG] found replica for vector: 2
2025-11-18 17:22:53,426 - INFO - MainThread - server_logic - [DEBUG] found replica for vector: 3
2025-11-18 17:22:53,426 - INFO - MainThread - server_logic - [DEBUG] found replica for vector: 4
2025-11-18 17:22:53,426 - INFO - MainThread - server_logic - [DEBUG] found replica for vector: 1
2025-11-18 17:22:53,426 - INFO - MainThread - server_logic - [DEBUG] found replica for vector: 2
2025-11-18 17:22:53,426 - INFO - MainThread - server_logic - [DEBUG] found replica for vector: 3
2025-11-18 17:22:53,426 - INFO - MainThread - server_logic - [DEBUG] found replica for vector: 4
2025-11-18 17:22:53,426 - INFO - MainThread - server_logic - [DEBUG] found replica for vector: 1
2025-11-18 17:22:53,426 - INFO - MainThread - server_logic - [DEBUG] found replica for vector: 2
2025-11-18 17:22:53,426 - INFO - MainThread - server_logic - [DEBUG] found replica for vector: 3
2025-11-18 17:22:53,426 - INFO - MainThread - server_logic - [DEBUG] found replica for vector: 4
2025-11-18 17:22:53,426 - INFO - MainThread - server_logic - [DEBUG] found replica for vector: 1
2025-11-18 17:22:53,426 - INFO - MainThread - server_logic - [DEBUG] found replica for vector: 2
2025-11-18 17:22:53,426 - INFO - MainThread - server_logic - [DEBUG] found replica for vector: 3
2025-11-18 17:22:53,426 - INFO - MainThread - server_logic - [DEBUG] found replica for vector: 4
2025-11-18 17:22:53,426 - INFO - MainThread - server_logic - [DEBUG] found replica for vector: 1
2025-11-18 17:22:53,426 - INFO - MainThread - server_logic - [DEBUG] found replica for vector: 2
2025-11-18 17:22:53,426 - INFO - MainThread - server_logic - [DEBUG] found replica for vector: 3
2025-11-18 17:22:53,426 - INFO - MainThread - server_logic - [DEBUG] found replica for vector: 4
2025-11-18 17:22:53,426 - INFO - MainThread - server_logic - [DEBUG] found replica for vector: 1
2025-11-18 17:22:53,426 - INFO - MainThread - server_logic - [DEBUG] found replica for vector: 2
2025-11-18 17:22:53,427 - INFO - MainThread - server_logic - [DEBUG] found replica for vector: 3
2025-11-18 17:22:53,427 - INFO - MainThread - server_logic - [DEBUG] found replica for vector: 4
2025-11-18 17:22:53,427 - INFO - MainThread - server_logic - [DEBUG] found replica for vector: 1
2025-11-18 17:22:53,427 - INFO - MainThread - server_logic - [DEBUG] found replica for vector: 2
2025-11-18 17:22:53,427 - INFO - MainThread - server_logic - [DEBUG] found replica for vector: 3
2025-11-18 17:22:53,427 - INFO - MainThread - server_logic - [DEBUG] to me replica for vector: 3
2025-11-18 17:22:53,427 - INFO - MainThread - server_logic - [DEBUG] found replica for vector: 1
2025-11-18 17:22:53,427 - INFO - MainThread - server_logic - [DEBUG] found replica for vector: 2
2025-11-18 17:22:53,427 - INFO - MainThread - server_logic - [DEBUG] found replica for vector: 3
2025-11-18 17:22:53,427 - INFO - MainThread - server_logic - [DEBUG] to me replica for vector: 3
2025-11-18 17:22:53,427 - INFO - MainThread - server_logic - [DEBUG] found replica for vector: 1
2025-11-18 17:22:53,427 - INFO - MainThread - server_logic - [DEBUG] found replica for vector: 2
2025-11-18 17:22:53,427 - INFO - MainThread - server_logic - [DEBUG] found replica for vector: 3
2025-11-18 17:22:53,427 - INFO - MainThread - server_logic - [DEBUG] found replica for vector: 4
2025-11-18 17:22:53,427 - INFO - MainThread - server_logic - [DEBUG] found replica for vector: 1
2025-11-18 17:22:53,427 - INFO - MainThread - server_logic - [DEBUG] found replica for vector: 2
2025-11-18 17:22:53,427 - INFO - MainThread - server_logic - [DEBUG] found replica for vector: 3
2025-11-18 17:22:53,427 - INFO - MainThread - server_logic - [DEBUG] found replica for vector: 4
2025-11-18 17:22:53,427 - INFO - MainThread - server_logic - [DEBUG] found replica for vector: 1
2025-11-18 17:22:53,427 - INFO - MainThread - server_logic - [DEBUG] found replica for vector: 2
2025-11-18 17:22:53,427 - INFO - MainThread - server_logic - [DEBUG] found replica for vector: 3
2025-11-18 17:22:53,427 - INFO - MainThread - server_logic - [DEBUG] found replica for vector: 4
2025-11-18 17:22:53,427 - INFO - MainThread - server_logic - [DEBUG] found replica for vector: 1
2025-11-18 17:22:53,427 - INFO - MainThread - server_logic - [DEBUG] found replica for vector: 2
2025-11-18 17:22:53,427 - INFO - MainThread - server_logic - [DEBUG] found replica for vector: 3
2025-11-18 17:22:53,427 - INFO - MainThread - server_logic - [DEBUG] found replica for vector: 4
2025-11-18 17:22:53,427 - INFO - MainThread - server_logic - [DEBUG] found replica for vector: 1
2025-11-18 17:22:53,427 - INFO - MainThread - server_logic - [DEBUG] found replica for vector: 2
2025-11-18 17:22:53,427 - INFO - MainThread - server_logic - [DEBUG] found replica for vector: 3
2025-11-18 17:22:53,427 - INFO - MainThread - server_logic - [DEBUG] to me replica for vector: 3
2025-11-18 17:22:53,427 - INFO - MainThread - server_logic - [DEBUG] found replica for vector: 1
2025-11-18 17:22:53,427 - INFO - MainThread - server_logic - [DEBUG] found replica for vector: 2
2025-11-18 17:22:53,427 - INFO - MainThread - server_logic - [DEBUG] found replica for vector: 3
2025-11-18 17:22:53,427 - INFO - MainThread - server_logic - [DEBUG] to me replica for vector: 3
2025-11-18 17:22:53,427 - INFO - MainThread - server_logic - [DEBUG] found replica for vector: 1
2025-11-18 17:22:53,427 - INFO - MainThread - server_logic - [DEBUG] found replica for vector: 2
2025-11-18 17:22:53,427 - INFO - MainThread - server_logic - [DEBUG] found replica for vector: 3
2025-11-18 17:22:53,427 - INFO - MainThread - server_logic - [DEBUG] found replica for vector: 4
2025-11-18 17:22:53,427 - INFO - MainThread - server_logic - [DEBUG] found replica for vector: 1
2025-11-18 17:22:53,427 - INFO - MainThread - server_logic - [DEBUG] found replica for vector: 2
2025-11-18 17:22:53,427 - INFO - MainThread - server_logic - [DEBUG] found replica for vector: 3
2025-11-18 17:22:53,427 - INFO - MainThread - server_logic - [DEBUG] found replica for vector: 4
2025-11-18 17:22:53,427 - INFO - MainThread - server_logic - [DEBUG] found replica for vector: 1
2025-11-18 17:22:53,427 - INFO - MainThread - server_logic - [DEBUG] found replica for vector: 2
2025-11-18 17:22:53,427 - INFO - MainThread - server_logic - [DEBUG] found replica for vector: 3
2025-11-18 17:22:53,427 - INFO - MainThread - server_logic - [DEBUG] found replica for vector: 4
2025-11-18 17:22:53,427 - INFO - MainThread - server_logic - [DEBUG] found replica for vector: 1
2025-11-18 17:22:53,427 - INFO - MainThread - server_logic - [DEBUG] found replica for vector: 2
2025-11-18 17:22:53,427 - INFO - MainThread - server_logic - [DEBUG] found replica for vector: 3
2025-11-18 17:22:53,427 - INFO - MainThread - server_logic - [DEBUG] found replica for vector: 4
2025-11-18 17:22:53,427 - INFO - MainThread - server_logic - [DEBUG] found replica for vector: 1
2025-11-18 17:22:53,427 - INFO - MainThread - server_logic - [DEBUG] found replica for vector: 2
2025-11-18 17:22:53,427 - INFO - MainThread - server_logic - [DEBUG] found replica for vector: 3
2025-11-18 17:22:53,427 - INFO - MainThread - server_logic - [DEBUG] found replica for vector: 4
2025-11-18 17:22:53,427 - INFO - MainThread - server_logic - [DEBUG] found replica for vector: 1
2025-11-18 17:22:53,427 - INFO - MainThread - server_logic - [DEBUG] found replica for vector: 2
2025-11-18 17:22:53,427 - INFO - MainThread - server_logic - [DEBUG] found replica for vector: 3
2025-11-18 17:22:53,427 - INFO - MainThread - server_logic - [DEBUG] found replica for vector: 4
2025-11-18 17:22:53,428 - INFO - MainThread - server_logic - [DEBUG] found replica for vector: 1
2025-11-18 17:22:53,428 - INFO - MainThread - server_logic - [DEBUG] found replica for vector: 2
2025-11-18 17:22:53,428 - INFO - MainThread - server_logic - [DEBUG] found replica for vector: 3
2025-11-18 17:22:53,428 - INFO - MainThread - server_logic - [DEBUG] found replica for vector: 4
2025-11-18 17:22:53,428 - INFO - MainThread - server_logic - [DEBUG] found replica for vector: 1
2025-11-18 17:22:53,428 - INFO - MainThread - server_logic - [DEBUG] found replica for vector: 2
2025-11-18 17:22:53,428 - INFO - MainThread - server_logic - [DEBUG] found replica for vector: 3
2025-11-18 17:22:53,428 - INFO - MainThread - server_logic - [DEBUG] found replica for vector: 4
2025-11-18 17:22:53,428 - INFO - MainThread - server_logic - [DEBUG] found replica for vector: 1
2025-11-18 17:22:53,428 - INFO - MainThread - server_logic - [DEBUG] found replica for vector: 2
2025-11-18 17:22:53,428 - INFO - MainThread - server_logic - [DEBUG] found replica for vector: 3
2025-11-18 17:22:53,428 - INFO - MainThread - server_logic - [DEBUG] found replica for vector: 4
2025-11-18 17:22:53,428 - INFO - MainThread - server_logic - [DEBUG] found replica for vector: 1
2025-11-18 17:22:53,428 - INFO - MainThread - server_logic - [DEBUG] found replica for vector: 2
2025-11-18 17:22:53,428 - INFO - MainThread - server_logic - [DEBUG] found replica for vector: 3
2025-11-18 17:22:53,428 - INFO - MainThread - server_logic - [DEBUG] found replica for vector: 4
2025-11-18 17:22:53,428 - INFO - MainThread - server_logic - [DEBUG] found replica for vector: 1
2025-11-18 17:22:53,428 - INFO - MainThread - server_logic - [DEBUG] found replica for vector: 2
2025-11-18 17:22:53,428 - INFO - MainThread - server_logic - [DEBUG] found replica for vector: 3
2025-11-18 17:22:53,428 - INFO - MainThread - server_logic - [DEBUG] found replica for vector: 4
2025-11-18 17:22:53,428 - INFO - MainThread - server_logic - [DEBUG] found replica for vector: 1
2025-11-18 17:22:53,428 - INFO - MainThread - server_logic - [DEBUG] found replica for vector: 2
2025-11-18 17:22:53,428 - INFO - MainThread - server_logic - [DEBUG] found replica for vector: 3
2025-11-18 17:22:53,428 - INFO - MainThread - server_logic - [DEBUG] to me replica for vector: 3
2025-11-18 17:22:53,428 - INFO - MainThread - server_logic - [DEBUG] found replica for vector: 1
2025-11-18 17:22:53,428 - INFO - MainThread - server_logic - [DEBUG] found replica for vector: 2
2025-11-18 17:22:53,428 - INFO - MainThread - server_logic - [DEBUG] found replica for vector: 3
2025-11-18 17:22:53,428 - INFO - MainThread - server_logic - [DEBUG] found replica for vector: 4
2025-11-18 17:22:53,428 - INFO - MainThread - server_logic - [DEBUG] found replica for vector: 1
2025-11-18 17:22:53,428 - INFO - MainThread - server_logic - [DEBUG] found replica for vector: 2
2025-11-18 17:22:53,428 - INFO - MainThread - server_logic - [DEBUG] found replica for vector: 3
2025-11-18 17:22:53,428 - INFO - MainThread - server_logic - [DEBUG] found replica for vector: 4
2025-11-18 17:22:53,428 - INFO - MainThread - server_logic - [DEBUG] found replica for vector: 1
2025-11-18 17:22:53,428 - INFO - MainThread - server_logic - [DEBUG] found replica for vector: 2
2025-11-18 17:22:53,428 - INFO - MainThread - server_logic - [DEBUG] found replica for vector: 3
2025-11-18 17:22:53,428 - INFO - MainThread - server_logic - [DEBUG] to me replica for vector: 3
2025-11-18 17:22:53,428 - INFO - MainThread - server_logic - [DEBUG] found replica for vector: 1
2025-11-18 17:22:53,428 - INFO - MainThread - server_logic - [DEBUG] found replica for vector: 2
2025-11-18 17:22:53,428 - INFO - MainThread - server_logic - [DEBUG] found replica for vector: 3
2025-11-18 17:22:53,428 - INFO - MainThread - server_logic - [DEBUG] found replica for vector: 4
2025-11-18 17:22:53,428 - INFO - MainThread - server_logic - [DEBUG] found replica for vector: 1
2025-11-18 17:22:53,428 - INFO - MainThread - server_logic - [DEBUG] found replica for vector: 2
2025-11-18 17:22:53,428 - INFO - MainThread - server_logic - [DEBUG] found replica for vector: 3
2025-11-18 17:22:53,428 - INFO - MainThread - server_logic - [DEBUG] found replica for vector: 4
2025-11-18 17:22:53,428 - INFO - MainThread - server_logic - [DEBUG] found replica for vector: 1
2025-11-18 17:22:53,428 - INFO - MainThread - server_logic - [DEBUG] found replica for vector: 2
2025-11-18 17:22:53,428 - INFO - MainThread - server_logic - [DEBUG] found replica for vector: 3
2025-11-18 17:22:53,428 - INFO - MainThread - server_logic - [DEBUG] found replica for vector: 4
2025-11-18 17:22:53,428 - INFO - MainThread - server_logic - [DEBUG] found replica for vector: 1
2025-11-18 17:22:53,428 - INFO - MainThread - server_logic - [DEBUG] found replica for vector: 2
2025-11-18 17:22:53,428 - INFO - MainThread - server_logic - [DEBUG] found replica for vector: 3
2025-11-18 17:22:53,428 - INFO - MainThread - server_logic - [DEBUG] found replica for vector: 4
2025-11-18 17:22:53,428 - INFO - MainThread - server_logic - [DEBUG] found replica for vector: 1
2025-11-18 17:22:53,428 - INFO - MainThread - server_logic - [DEBUG] found replica for vector: 2
2025-11-18 17:22:53,428 - INFO - MainThread - server_logic - [DEBUG] found replica for vector: 3
2025-11-18 17:22:53,428 - INFO - MainThread - server_logic - [DEBUG] found replica for vector: 4
2025-11-18 17:22:53,428 - INFO - MainThread - server_logic - [DEBUG] found replica for vector: 1
2025-11-18 17:22:53,428 - INFO - MainThread - server_logic - [DEBUG] found replica for vector: 2
2025-11-18 17:22:53,429 - INFO - MainThread - server_logic - [DEBUG] found replica for vector: 3
2025-11-18 17:22:53,429 - INFO - MainThread - server_logic - [DEBUG] found replica for vector: 4
2025-11-18 17:22:53,429 - INFO - MainThread - server_logic - [DEBUG] found replica for vector: 1
2025-11-18 17:22:53,429 - INFO - MainThread - server_logic - [DEBUG] found replica for vector: 2
2025-11-18 17:22:53,429 - INFO - MainThread - server_logic - [DEBUG] found replica for vector: 3
2025-11-18 17:22:53,429 - INFO - MainThread - server_logic - [DEBUG] found replica for vector: 4
2025-11-18 17:22:53,429 - INFO - MainThread - server_logic - [DEBUG] found replica for vector: 1
2025-11-18 17:22:53,429 - INFO - MainThread - server_logic - [DEBUG] found replica for vector: 2
2025-11-18 17:22:53,429 - INFO - MainThread - server_logic - [DEBUG] found replica for vector: 3
2025-11-18 17:22:53,429 - INFO - MainThread - server_logic - [DEBUG] to me replica for vector: 3
2025-11-18 17:22:53,429 - INFO - MainThread - server_logic - [DEBUG] found replica for vector: 1
2025-11-18 17:22:53,429 - INFO - MainThread - server_logic - [DEBUG] found replica for vector: 2
2025-11-18 17:22:53,429 - INFO - MainThread - server_logic - [DEBUG] found replica for vector: 3
2025-11-18 17:22:53,429 - INFO - MainThread - server_logic - [DEBUG] found replica for vector: 4
2025-11-18 17:22:53,429 - INFO - MainThread - server_logic - [DEBUG] found replica for vector: 1
2025-11-18 17:22:53,429 - INFO - MainThread - server_logic - [DEBUG] found replica for vector: 2
2025-11-18 17:22:53,429 - INFO - MainThread - server_logic - [DEBUG] found replica for vector: 3
2025-11-18 17:22:53,429 - INFO - MainThread - server_logic - [DEBUG] to me replica for vector: 3
2025-11-18 17:22:53,429 - INFO - MainThread - server_logic - [DEBUG] found replica for vector: 1
2025-11-18 17:22:53,429 - INFO - MainThread - server_logic - [DEBUG] found replica for vector: 2
2025-11-18 17:22:53,429 - INFO - MainThread - server_logic - [DEBUG] found replica for vector: 3
2025-11-18 17:22:53,429 - INFO - MainThread - server_logic - [DEBUG] to me replica for vector: 3
2025-11-18 17:22:53,429 - INFO - MainThread - server_logic - [DEBUG] found replica for vector: 1
2025-11-18 17:22:53,429 - INFO - MainThread - server_logic - [DEBUG] found replica for vector: 2
2025-11-18 17:22:53,429 - INFO - MainThread - server_logic - [DEBUG] found replica for vector: 3
2025-11-18 17:22:53,429 - INFO - MainThread - server_logic - [DEBUG] found replica for vector: 4
2025-11-18 17:22:53,429 - INFO - MainThread - server_logic - [DEBUG] found replica for vector: 1
2025-11-18 17:22:53,429 - INFO - MainThread - server_logic - [DEBUG] found replica for vector: 2
2025-11-18 17:22:53,429 - INFO - MainThread - server_logic - [DEBUG] found replica for vector: 3
2025-11-18 17:22:53,429 - INFO - MainThread - server_logic - [DEBUG] to me replica for vector: 3
2025-11-18 17:22:53,429 - INFO - MainThread - server_logic - [DEBUG] found replica for vector: 1
2025-11-18 17:22:53,429 - INFO - MainThread - server_logic - [DEBUG] found replica for vector: 2
2025-11-18 17:22:53,429 - INFO - MainThread - server_logic - [DEBUG] found replica for vector: 3
2025-11-18 17:22:53,429 - INFO - MainThread - server_logic - [DEBUG] found replica for vector: 4
2025-11-18 17:22:53,429 - INFO - MainThread - server_logic - [DEBUG] found replica for vector: 1
2025-11-18 17:22:53,429 - INFO - MainThread - server_logic - [DEBUG] found replica for vector: 2
2025-11-18 17:22:53,429 - INFO - MainThread - server_logic - [DEBUG] found replica for vector: 3
2025-11-18 17:22:53,429 - INFO - MainThread - server_logic - [DEBUG] found replica for vector: 4
2025-11-18 17:22:53,429 - INFO - MainThread - server_logic - [DEBUG] found replica for vector: 1
2025-11-18 17:22:53,429 - INFO - MainThread - server_logic - [DEBUG] found replica for vector: 2
2025-11-18 17:22:53,429 - INFO - MainThread - server_logic - [DEBUG] found replica for vector: 3
2025-11-18 17:22:53,429 - INFO - MainThread - server_logic - [DEBUG] found replica for vector: 4
2025-11-18 17:22:53,429 - INFO - MainThread - server_logic - [DEBUG] found replica for vector: 1
2025-11-18 17:22:53,429 - INFO - MainThread - server_logic - [DEBUG] found replica for vector: 2
2025-11-18 17:22:53,429 - INFO - MainThread - server_logic - [DEBUG] found replica for vector: 3
2025-11-18 17:22:53,429 - INFO - MainThread - server_logic - [DEBUG] found replica for vector: 4
2025-11-18 17:22:53,429 - INFO - MainThread - server_logic - [DEBUG] found replica for vector: 1
2025-11-18 17:22:53,429 - INFO - MainThread - server_logic - [DEBUG] found replica for vector: 2
2025-11-18 17:22:53,429 - INFO - MainThread - server_logic - [DEBUG] found replica for vector: 3
2025-11-18 17:22:53,429 - INFO - MainThread - server_logic - [DEBUG] found replica for vector: 4
2025-11-18 17:22:53,429 - INFO - MainThread - server_logic - [DEBUG] found replica for vector: 1
2025-11-18 17:22:53,429 - INFO - MainThread - server_logic - [DEBUG] found replica for vector: 2
2025-11-18 17:22:53,429 - INFO - MainThread - server_logic - [DEBUG] found replica for vector: 3
2025-11-18 17:22:53,429 - INFO - MainThread - server_logic - [DEBUG] found replica for vector: 4
2025-11-18 17:22:53,429 - INFO - MainThread - server_logic - [DEBUG] found replica for vector: 1
2025-11-18 17:22:53,429 - INFO - MainThread - server_logic - [DEBUG] found replica for vector: 2
2025-11-18 17:22:53,429 - INFO - MainThread - server_logic - [DEBUG] found replica for vector: 3
2025-11-18 17:22:53,429 - INFO - MainThread - server_logic - [DEBUG] found replica for vector: 4
2025-11-18 17:22:53,430 - INFO - MainThread - server_logic - [DEBUG] found replica for vector: 1
2025-11-18 17:22:53,430 - INFO - MainThread - server_logic - [DEBUG] found replica for vector: 2
2025-11-18 17:22:53,430 - INFO - MainThread - server_logic - [DEBUG] found replica for vector: 3
2025-11-18 17:22:53,430 - INFO - MainThread - server_logic - [DEBUG] found replica for vector: 4
2025-11-18 17:22:53,430 - INFO - MainThread - server_logic - [DEBUG] found replica for vector: 1
2025-11-18 17:22:53,430 - INFO - MainThread - server_logic - [DEBUG] found replica for vector: 2
2025-11-18 17:22:53,430 - INFO - MainThread - server_logic - [DEBUG] found replica for vector: 3
2025-11-18 17:22:53,430 - INFO - MainThread - server_logic - [DEBUG] to me replica for vector: 3
2025-11-18 17:22:53,430 - INFO - MainThread - server_logic - [DEBUG] found replica for vector: 1
2025-11-18 17:22:53,430 - INFO - MainThread - server_logic - [DEBUG] found replica for vector: 2
2025-11-18 17:22:53,430 - INFO - MainThread - server_logic - [DEBUG] found replica for vector: 3
2025-11-18 17:22:53,430 - INFO - MainThread - server_logic - [DEBUG] to me replica for vector: 3
2025-11-18 17:22:53,430 - INFO - MainThread - server_logic - [DEBUG] found replica for vector: 1
2025-11-18 17:22:53,430 - INFO - MainThread - server_logic - [DEBUG] found replica for vector: 2
2025-11-18 17:22:53,430 - INFO - MainThread - server_logic - [DEBUG] found replica for vector: 3
2025-11-18 17:22:53,430 - INFO - MainThread - server_logic - [DEBUG] found replica for vector: 4
2025-11-18 17:22:53,430 - INFO - MainThread - server_logic - [DEBUG] found replica for vector: 1
2025-11-18 17:22:53,430 - INFO - MainThread - server_logic - [DEBUG] found replica for vector: 2
2025-11-18 17:22:53,430 - INFO - MainThread - server_logic - [DEBUG] found replica for vector: 3
2025-11-18 17:22:53,430 - INFO - MainThread - server_logic - [DEBUG] found replica for vector: 4
2025-11-18 17:22:53,430 - INFO - MainThread - server_logic - [DEBUG] found replica for vector: 1
2025-11-18 17:22:53,430 - INFO - MainThread - server_logic - [DEBUG] found replica for vector: 2
2025-11-18 17:22:53,430 - INFO - MainThread - server_logic - [DEBUG] found replica for vector: 3
2025-11-18 17:22:53,430 - INFO - MainThread - server_logic - [DEBUG] found replica for vector: 4
2025-11-18 17:22:53,430 - INFO - MainThread - server_logic - [DEBUG] found replica for vector: 1
2025-11-18 17:22:53,430 - INFO - MainThread - server_logic - [DEBUG] found replica for vector: 2
2025-11-18 17:22:53,430 - INFO - MainThread - server_logic - [DEBUG] found replica for vector: 3
2025-11-18 17:22:53,430 - INFO - MainThread - server_logic - [DEBUG] to me replica for vector: 3
2025-11-18 17:22:53,430 - INFO - MainThread - server_logic - [DEBUG] found replica for vector: 1
2025-11-18 17:22:53,430 - INFO - MainThread - server_logic - [DEBUG] found replica for vector: 2
2025-11-18 17:22:53,430 - INFO - MainThread - server_logic - [DEBUG] found replica for vector: 3
2025-11-18 17:22:53,430 - INFO - MainThread - server_logic - [DEBUG] found replica for vector: 4
2025-11-18 17:22:53,430 - INFO - MainThread - server_logic - [DEBUG] found replica for vector: 1
2025-11-18 17:22:53,430 - INFO - MainThread - server_logic - [DEBUG] found replica for vector: 2
2025-11-18 17:22:53,430 - INFO - MainThread - server_logic - [DEBUG] found replica for vector: 3
2025-11-18 17:22:53,430 - INFO - MainThread - server_logic - [DEBUG] found replica for vector: 4
2025-11-18 17:22:53,430 - INFO - MainThread - server_logic - [DEBUG] found replica for vector: 1
2025-11-18 17:22:53,430 - INFO - MainThread - server_logic - [DEBUG] found replica for vector: 2
2025-11-18 17:22:53,430 - INFO - MainThread - server_logic - [DEBUG] found replica for vector: 3
2025-11-18 17:22:53,430 - INFO - MainThread - server_logic - [DEBUG] found replica for vector: 4
2025-11-18 17:22:53,430 - INFO - MainThread - server_logic - [DEBUG] found replica for vector: 1
2025-11-18 17:22:53,430 - INFO - MainThread - server_logic - [DEBUG] found replica for vector: 2
2025-11-18 17:22:53,430 - INFO - MainThread - server_logic - [DEBUG] found replica for vector: 3
2025-11-18 17:22:53,430 - INFO - MainThread - server_logic - [DEBUG] found replica for vector: 4
2025-11-18 17:22:53,430 - INFO - MainThread - server_logic - [DEBUG] found replica for vector: 1
2025-11-18 17:22:53,430 - INFO - MainThread - server_logic - [DEBUG] found replica for vector: 2
2025-11-18 17:22:53,430 - INFO - MainThread - server_logic - [DEBUG] found replica for vector: 3
2025-11-18 17:22:53,430 - INFO - MainThread - server_logic - [DEBUG] found replica for vector: 4
2025-11-18 17:22:53,430 - INFO - MainThread - server_logic - [DEBUG] found replica for vector: 1
2025-11-18 17:22:53,430 - INFO - MainThread - server_logic - [DEBUG] found replica for vector: 2
2025-11-18 17:22:53,431 - INFO - MainThread - server_logic - [DEBUG] found replica for vector: 3
2025-11-18 17:22:53,431 - INFO - MainThread - server_logic - [DEBUG] found replica for vector: 4
2025-11-18 17:22:53,431 - INFO - MainThread - server_logic - [DEBUG] found replica for vector: 1
2025-11-18 17:22:53,431 - INFO - MainThread - server_logic - [DEBUG] found replica for vector: 2
2025-11-18 17:22:53,431 - INFO - MainThread - server_logic - [DEBUG] found replica for vector: 3
2025-11-18 17:22:53,431 - INFO - MainThread - server_logic - [DEBUG] found replica for vector: 4
2025-11-18 17:22:53,431 - INFO - MainThread - server_logic - [DEBUG] found replica for vector: 1
2025-11-18 17:22:53,431 - INFO - MainThread - server_logic - [DEBUG] found replica for vector: 2
2025-11-18 17:22:53,431 - INFO - MainThread - server_logic - [DEBUG] found replica for vector: 3
2025-11-18 17:22:53,431 - INFO - MainThread - server_logic - [DEBUG] found replica for vector: 4
2025-11-18 17:22:53,431 - INFO - MainThread - server_logic - [DEBUG] found replica for vector: 1
2025-11-18 17:22:53,431 - INFO - MainThread - server_logic - [DEBUG] found replica for vector: 2
2025-11-18 17:22:53,431 - INFO - MainThread - server_logic - [DEBUG] found replica for vector: 3
2025-11-18 17:22:53,431 - INFO - MainThread - server_logic - [DEBUG] found replica for vector: 4
2025-11-18 17:22:53,431 - INFO - MainThread - server_logic - [DEBUG] found replica for vector: 1
2025-11-18 17:22:53,431 - INFO - MainThread - server_logic - [DEBUG] found replica for vector: 2
2025-11-18 17:22:53,431 - INFO - MainThread - server_logic - [DEBUG] found replica for vector: 3
2025-11-18 17:22:53,431 - INFO - MainThread - server_logic - [DEBUG] to me replica for vector: 3
2025-11-18 17:22:53,431 - INFO - MainThread - server_logic - [DEBUG] found replica for vector: 1
2025-11-18 17:22:53,431 - INFO - MainThread - server_logic - [DEBUG] found replica for vector: 2
2025-11-18 17:22:53,431 - INFO - MainThread - server_logic - [DEBUG] found replica for vector: 3
2025-11-18 17:22:53,431 - INFO - MainThread - server_logic - [DEBUG] found replica for vector: 4
2025-11-18 17:22:53,431 - INFO - MainThread - server_logic - [DEBUG] found replica for vector: 1
2025-11-18 17:22:53,431 - INFO - MainThread - server_logic - [DEBUG] found replica for vector: 2
2025-11-18 17:22:53,431 - INFO - MainThread - server_logic - [DEBUG] found replica for vector: 3
2025-11-18 17:22:53,431 - INFO - MainThread - server_logic - [DEBUG] found replica for vector: 4
2025-11-18 17:22:53,431 - INFO - MainThread - server_logic - [DEBUG] found replica for vector: 1
2025-11-18 17:22:53,431 - INFO - MainThread - server_logic - [DEBUG] found replica for vector: 2
2025-11-18 17:22:53,431 - INFO - MainThread - server_logic - [DEBUG] found replica for vector: 3
2025-11-18 17:22:53,431 - INFO - MainThread - server_logic - [DEBUG] found replica for vector: 4
2025-11-18 17:22:53,431 - INFO - MainThread - server_logic - [DEBUG] found replica for vector: 1
2025-11-18 17:22:53,431 - INFO - MainThread - server_logic - [DEBUG] found replica for vector: 2
2025-11-18 17:22:53,431 - INFO - MainThread - server_logic - [DEBUG] found replica for vector: 3
2025-11-18 17:22:53,431 - INFO - MainThread - server_logic - [DEBUG] to me replica for vector: 3
2025-11-18 17:22:53,431 - INFO - MainThread - server_logic - [DEBUG] found replica for vector: 1
2025-11-18 17:22:53,431 - INFO - MainThread - server_logic - [DEBUG] found replica for vector: 2
2025-11-18 17:22:53,431 - INFO - MainThread - server_logic - [DEBUG] found replica for vector: 3
2025-11-18 17:22:53,431 - INFO - MainThread - server_logic - [DEBUG] to me replica for vector: 3
2025-11-18 17:22:53,431 - INFO - MainThread - server_logic - [DEBUG] found replica for vector: 1
2025-11-18 17:22:53,431 - INFO - MainThread - server_logic - [DEBUG] found replica for vector: 2
2025-11-18 17:22:53,431 - INFO - MainThread - server_logic - [DEBUG] found replica for vector: 3
2025-11-18 17:22:53,431 - INFO - MainThread - server_logic - [DEBUG] found replica for vector: 4
2025-11-18 17:22:53,431 - INFO - MainThread - server_logic - [DEBUG] found replica for vector: 1
2025-11-18 17:22:53,431 - INFO - MainThread - server_logic - [DEBUG] found replica for vector: 2
2025-11-18 17:22:53,431 - INFO - MainThread - server_logic - [DEBUG] found replica for vector: 3
2025-11-18 17:22:53,431 - INFO - MainThread - server_logic - [DEBUG] found replica for vector: 4
2025-11-18 17:22:53,431 - INFO - MainThread - server_logic - [DEBUG] found replica for vector: 1
2025-11-18 17:22:53,431 - INFO - MainThread - server_logic - [DEBUG] found replica for vector: 2
2025-11-18 17:22:53,431 - INFO - MainThread - server_logic - [DEBUG] found replica for vector: 3
2025-11-18 17:22:53,431 - INFO - MainThread - server_logic - [DEBUG] found replica for vector: 4
2025-11-18 17:22:53,431 - INFO - MainThread - server_logic - [DEBUG] found replica for vector: 1
2025-11-18 17:22:53,431 - INFO - MainThread - server_logic - [DEBUG] found replica for vector: 2
2025-11-18 17:22:53,431 - INFO - MainThread - server_logic - [DEBUG] found replica for vector: 3
2025-11-18 17:22:53,431 - INFO - MainThread - server_logic - [DEBUG] found replica for vector: 4
2025-11-18 17:22:53,431 - INFO - MainThread - server_logic - [DEBUG] found replica for vector: 1
2025-11-18 17:22:53,432 - INFO - MainThread - server_logic - [DEBUG] found replica for vector: 2
2025-11-18 17:22:53,432 - INFO - MainThread - server_logic - [DEBUG] found replica for vector: 3
2025-11-18 17:22:53,432 - INFO - MainThread - server_logic - [DEBUG] found replica for vector: 4
2025-11-18 17:22:53,432 - INFO - MainThread - server_logic - [DEBUG] found replica for vector: 1
2025-11-18 17:22:53,432 - INFO - MainThread - server_logic - [DEBUG] found replica for vector: 2
2025-11-18 17:22:53,432 - INFO - MainThread - server_logic - [DEBUG] found replica for vector: 3
2025-11-18 17:22:53,432 - INFO - MainThread - server_logic - [DEBUG] found replica for vector: 4
2025-11-18 17:22:53,432 - INFO - MainThread - server_logic - [DEBUG] found replica for vector: 1
2025-11-18 17:22:53,432 - INFO - MainThread - server_logic - [DEBUG] found replica for vector: 2
2025-11-18 17:22:53,432 - INFO - MainThread - server_logic - [DEBUG] found replica for vector: 3
2025-11-18 17:22:53,432 - INFO - MainThread - server_logic - [DEBUG] found replica for vector: 4
2025-11-18 17:22:53,432 - INFO - MainThread - server_logic - [DEBUG] found replica for vector: 1
2025-11-18 17:22:53,432 - INFO - MainThread - server_logic - [DEBUG] found replica for vector: 2
2025-11-18 17:22:53,432 - INFO - MainThread - server_logic - [DEBUG] found replica for vector: 3
2025-11-18 17:22:53,432 - INFO - MainThread - server_logic - [DEBUG] found replica for vector: 4
2025-11-18 17:22:53,432 - INFO - MainThread - server_logic - [DEBUG] found replica for vector: 1
2025-11-18 17:22:53,432 - INFO - MainThread - server_logic - [DEBUG] found replica for vector: 2
2025-11-18 17:22:53,432 - INFO - MainThread - server_logic - [DEBUG] found replica for vector: 3
2025-11-18 17:22:53,432 - INFO - MainThread - server_logic - [DEBUG] to me replica for vector: 3
2025-11-18 17:22:53,432 - INFO - MainThread - server_logic - [DEBUG] found replica for vector: 1
2025-11-18 17:22:53,432 - INFO - MainThread - server_logic - [DEBUG] found replica for vector: 2
2025-11-18 17:22:53,432 - INFO - MainThread - server_logic - [DEBUG] found replica for vector: 3
2025-11-18 17:22:53,432 - INFO - MainThread - server_logic - [DEBUG] found replica for vector: 4
2025-11-18 17:22:53,432 - INFO - MainThread - server_logic - [DEBUG] found replica for vector: 1
2025-11-18 17:22:53,432 - INFO - MainThread - server_logic - [DEBUG] found replica for vector: 2
2025-11-18 17:22:53,432 - INFO - MainThread - server_logic - [DEBUG] found replica for vector: 3
2025-11-18 17:22:53,432 - INFO - MainThread - server_logic - [DEBUG] found replica for vector: 4
2025-11-18 17:22:53,432 - INFO - MainThread - server_logic - [DEBUG] found replica for vector: 1
2025-11-18 17:22:53,432 - INFO - MainThread - server_logic - [DEBUG] found replica for vector: 2
2025-11-18 17:22:53,432 - INFO - MainThread - server_logic - [DEBUG] found replica for vector: 3
2025-11-18 17:22:53,432 - INFO - MainThread - server_logic - [DEBUG] found replica for vector: 4
2025-11-18 17:22:53,432 - INFO - MainThread - server_logic - [DEBUG] found replica for vector: 1
2025-11-18 17:22:53,432 - INFO - MainThread - server_logic - [DEBUG] found replica for vector: 2
2025-11-18 17:22:53,432 - INFO - MainThread - server_logic - [DEBUG] found replica for vector: 3
2025-11-18 17:22:53,432 - INFO - MainThread - server_logic - [DEBUG] to me replica for vector: 3
2025-11-18 17:22:53,432 - INFO - MainThread - server_logic - [DEBUG] found replica for vector: 1
2025-11-18 17:22:53,432 - INFO - MainThread - server_logic - [DEBUG] found replica for vector: 2
2025-11-18 17:22:53,432 - INFO - MainThread - server_logic - [DEBUG] found replica for vector: 3
2025-11-18 17:22:53,432 - INFO - MainThread - server_logic - [DEBUG] found replica for vector: 4
2025-11-18 17:22:53,432 - INFO - MainThread - server_logic - [DEBUG] found replica for vector: 1
2025-11-18 17:22:53,432 - INFO - MainThread - server_logic - [DEBUG] found replica for vector: 2
2025-11-18 17:22:53,432 - INFO - MainThread - server_logic - [DEBUG] found replica for vector: 3
2025-11-18 17:22:53,432 - INFO - MainThread - server_logic - [DEBUG] found replica for vector: 4
2025-11-18 17:22:53,432 - INFO - MainThread - server_logic - [DEBUG] found replica for vector: 1
2025-11-18 17:22:53,432 - INFO - MainThread - server_logic - [DEBUG] found replica for vector: 2
2025-11-18 17:22:53,432 - INFO - MainThread - server_logic - [DEBUG] found replica for vector: 3
2025-11-18 17:22:53,432 - INFO - MainThread - server_logic - [DEBUG] found replica for vector: 4
2025-11-18 17:22:53,432 - INFO - MainThread - server_logic - [DEBUG] found replica for vector: 1
2025-11-18 17:22:53,432 - INFO - MainThread - server_logic - [DEBUG] found replica for vector: 2
2025-11-18 17:22:53,432 - INFO - MainThread - server_logic - [DEBUG] found replica for vector: 3
2025-11-18 17:22:53,432 - INFO - MainThread - server_logic - [DEBUG] found replica for vector: 4
2025-11-18 17:22:53,432 - INFO - MainThread - server_logic - [DEBUG] found replica for vector: 1
2025-11-18 17:22:53,432 - INFO - MainThread - server_logic - [DEBUG] found replica for vector: 2
2025-11-18 17:22:53,432 - INFO - MainThread - server_logic - [DEBUG] found replica for vector: 3
2025-11-18 17:22:53,432 - INFO - MainThread - server_logic - [DEBUG] found replica for vector: 4
2025-11-18 17:22:53,432 - INFO - MainThread - server_logic - [DEBUG] found replica for vector: 1
2025-11-18 17:22:53,433 - INFO - MainThread - server_logic - [DEBUG] found replica for vector: 2
2025-11-18 17:22:53,433 - INFO - MainThread - server_logic - [DEBUG] found replica for vector: 3
2025-11-18 17:22:53,433 - INFO - MainThread - server_logic - [DEBUG] found replica for vector: 4
2025-11-18 17:22:53,433 - INFO - MainThread - server_logic - [Router] Distribution: Peer node1: 61, Peer node2: 64, Peer node3: 64, Peer node4: 64, Peer node5: 64, Peer node6: 49, Peer node7: 49, Peer node8: 49, Peer node9: 49, Peer node10: 82, Peer node11: 82, Peer node12: 82, Peer node13: 82, Peer node14: 61, Peer node15: 61, Me (node16): 61
2025-11-18 17:22:53,433 - INFO - MainThread - server_logic - --> [Peer Send] Sending 61 vectors to Peer node1 (localhost:9001) | Status: clustered
2025-11-18 17:22:53,497 - INFO - MainThread - server_logic - --> [Peer Send] Success: Sent vectors to node1
2025-11-18 17:22:53,498 - INFO - MainThread - server_logic - --> [Peer Send] Sending 64 vectors to Peer node2 (localhost:9002) | Status: clustered
2025-11-18 17:22:53,565 - INFO - MainThread - server_logic - --> [Peer Send] Success: Sent vectors to node2
2025-11-18 17:22:53,565 - INFO - MainThread - server_logic - --> [Peer Send] Sending 64 vectors to Peer node3 (localhost:9003) | Status: clustered
2025-11-18 17:22:53,636 - INFO - MainThread - server_logic - --> [Peer Send] Success: Sent vectors to node3
2025-11-18 17:22:53,637 - INFO - MainThread - server_logic - --> [Peer Send] Sending 64 vectors to Peer node4 (localhost:9004) | Status: clustered
2025-11-18 17:22:53,707 - INFO - MainThread - server_logic - --> [Peer Send] Success: Sent vectors to node4
2025-11-18 17:22:53,707 - INFO - MainThread - server_logic - --> [Peer Send] Sending 64 vectors to Peer node5 (localhost:9005) | Status: clustered
2025-11-18 17:22:53,776 - INFO - MainThread - server_logic - --> [Peer Send] Success: Sent vectors to node5
2025-11-18 17:22:53,776 - INFO - MainThread - server_logic - --> [Peer Send] Sending 49 vectors to Peer node6 (localhost:9006) | Status: clustered
2025-11-18 17:22:53,841 - INFO - MainThread - server_logic - --> [Peer Send] Success: Sent vectors to node6
2025-11-18 17:22:53,841 - INFO - MainThread - server_logic - --> [Peer Send] Sending 49 vectors to Peer node7 (localhost:9007) | Status: clustered
2025-11-18 17:22:53,907 - INFO - MainThread - server_logic - --> [Peer Send] Success: Sent vectors to node7
2025-11-18 17:22:53,907 - INFO - MainThread - server_logic - --> [Peer Send] Sending 49 vectors to Peer node8 (localhost:9008) | Status: clustered
2025-11-18 17:22:53,973 - INFO - MainThread - server_logic - --> [Peer Send] Success: Sent vectors to node8
2025-11-18 17:22:53,973 - INFO - MainThread - server_logic - --> [Peer Send] Sending 49 vectors to Peer node9 (localhost:9009) | Status: clustered
2025-11-18 17:22:54,042 - INFO - MainThread - server_logic - --> [Peer Send] Success: Sent vectors to node9
2025-11-18 17:22:54,042 - INFO - MainThread - server_logic - --> [Peer Send] Sending 82 vectors to Peer node10 (localhost:9010) | Status: clustered
2025-11-18 17:22:54,113 - INFO - MainThread - server_logic - --> [Peer Send] Success: Sent vectors to node10
2025-11-18 17:22:54,113 - INFO - MainThread - server_logic - --> [Peer Send] Sending 82 vectors to Peer node11 (localhost:9011) | Status: clustered
2025-11-18 17:22:54,181 - INFO - MainThread - server_logic - --> [Peer Send] Success: Sent vectors to node11
2025-11-18 17:22:54,181 - INFO - MainThread - server_logic - --> [Peer Send] Sending 82 vectors to Peer node12 (localhost:9012) | Status: clustered
2025-11-18 17:22:54,251 - INFO - MainThread - server_logic - --> [Peer Send] Success: Sent vectors to node12
2025-11-18 17:22:54,251 - INFO - MainThread - server_logic - --> [Peer Send] Sending 82 vectors to Peer node13 (localhost:9013) | Status: clustered
2025-11-18 17:22:54,324 - INFO - MainThread - server_logic - --> [Peer Send] Success: Sent vectors to node13
2025-11-18 17:22:54,325 - INFO - MainThread - server_logic - --> [Peer Send] Sending 61 vectors to Peer node14 (localhost:9014) | Status: clustered
2025-11-18 17:22:54,396 - INFO - MainThread - server_logic - --> [Peer Send] Success: Sent vectors to node14
2025-11-18 17:22:54,396 - INFO - MainThread - server_logic - --> [Peer Send] Sending 61 vectors to Peer node15 (localhost:9015) | Status: clustered
2025-11-18 17:22:54,468 - INFO - MainThread - server_logic - --> [Peer Send] Success: Sent vectors to node15
2025-11-18 17:22:54,468 - INFO - MainThread - server_logic - [Add Vectors] Processing 61 vectors. Sender Status: clustered. Current Node Status: clustered
2025-11-18 17:22:54,468 - INFO - MainThread - server_logic - [Add Vectors] Direct Insert: Storing 61 vectors in local Qdrant (Sender is clustered).
2025-11-18 17:22:54,520 - INFO - MainThread - httpx - HTTP Request: GET http://localhost:6363 "HTTP/1.1 200 OK"
2025-11-18 17:22:54,521 - INFO - MainThread - qdrant_module - [Qdrant] Attempting to insert 61 vectors into vectors on http://localhost:6363...
2025-11-18 17:22:54,532 - INFO - MainThread - qdrant_module - [Qdrant] Success: Inserted 61 vectors.
2025-11-18 17:22:54,534 - INFO - MainThread - __main__ - API: /add completed
2025-11-18 17:22:54,534 - INFO - MainThread - uvicorn.access - 127.0.0.1:50542 - "POST /add HTTP/1.1" 200
2025-11-18 17:22:55,611 - INFO - ThreadPoolExecutor-0_0 - grpc_handler - [GRPC IN] ReceiveVectors called. ReqID: 65, Type: clustered, Count: 66
2025-11-18 17:22:55,612 - INFO - ThreadPoolExecutor-0_0 - server_logic - [Add Vectors] Processing 66 vectors. Sender Status: clustered. Current Node Status: clustered
2025-11-18 17:22:55,612 - INFO - ThreadPoolExecutor-0_0 - server_logic - [Add Vectors] Direct Insert: Storing 66 vectors in local Qdrant (Sender is clustered).
2025-11-18 17:22:55,665 - INFO - ThreadPoolExecutor-0_0 - httpx - HTTP Request: GET http://localhost:6363 "HTTP/1.1 200 OK"
2025-11-18 17:22:55,665 - INFO - ThreadPoolExecutor-0_0 - qdrant_module - [Qdrant] Attempting to insert 66 vectors into vectors on http://localhost:6363...
2025-11-18 17:22:55,677 - INFO - ThreadPoolExecutor-0_0 - qdrant_module - [Qdrant] Success: Inserted 66 vectors.
2025-11-18 17:22:55,678 - INFO - ThreadPoolExecutor-0_0 - grpc_handler - [GRPC IN] ReceiveVectors processed successfully.
2025-11-18 17:22:56,823 - INFO - ThreadPoolExecutor-0_0 - grpc_handler - [GRPC IN] ReceiveVectors called. ReqID: 66, Type: clustered, Count: 71
2025-11-18 17:22:56,824 - INFO - ThreadPoolExecutor-0_0 - server_logic - [Add Vectors] Processing 71 vectors. Sender Status: clustered. Current Node Status: clustered
2025-11-18 17:22:56,824 - INFO - ThreadPoolExecutor-0_0 - server_logic - [Add Vectors] Direct Insert: Storing 71 vectors in local Qdrant (Sender is clustered).
2025-11-18 17:22:56,876 - INFO - ThreadPoolExecutor-0_0 - httpx - HTTP Request: GET http://localhost:6363 "HTTP/1.1 200 OK"
2025-11-18 17:22:56,876 - INFO - ThreadPoolExecutor-0_0 - qdrant_module - [Qdrant] Attempting to insert 71 vectors into vectors on http://localhost:6363...
2025-11-18 17:22:56,887 - INFO - ThreadPoolExecutor-0_0 - qdrant_module - [Qdrant] Success: Inserted 71 vectors.
2025-11-18 17:22:56,888 - INFO - ThreadPoolExecutor-0_0 - grpc_handler - [GRPC IN] ReceiveVectors processed successfully.
2025-11-18 17:22:58,025 - INFO - ThreadPoolExecutor-0_0 - grpc_handler - [GRPC IN] ReceiveVectors called. ReqID: 67, Type: clustered, Count: 69
2025-11-18 17:22:58,026 - INFO - ThreadPoolExecutor-0_0 - server_logic - [Add Vectors] Processing 69 vectors. Sender Status: clustered. Current Node Status: clustered
2025-11-18 17:22:58,026 - INFO - ThreadPoolExecutor-0_0 - server_logic - [Add Vectors] Direct Insert: Storing 69 vectors in local Qdrant (Sender is clustered).
2025-11-18 17:22:58,079 - INFO - ThreadPoolExecutor-0_0 - httpx - HTTP Request: GET http://localhost:6363 "HTTP/1.1 200 OK"
2025-11-18 17:22:58,079 - INFO - ThreadPoolExecutor-0_0 - qdrant_module - [Qdrant] Attempting to insert 69 vectors into vectors on http://localhost:6363...
2025-11-18 17:22:58,090 - INFO - ThreadPoolExecutor-0_0 - qdrant_module - [Qdrant] Success: Inserted 69 vectors.
2025-11-18 17:22:58,092 - INFO - ThreadPoolExecutor-0_0 - grpc_handler - [GRPC IN] ReceiveVectors processed successfully.
2025-11-18 17:22:59,216 - INFO - ThreadPoolExecutor-0_0 - grpc_handler - [GRPC IN] ReceiveVectors called. ReqID: 68, Type: clustered, Count: 73
2025-11-18 17:22:59,217 - INFO - ThreadPoolExecutor-0_0 - server_logic - [Add Vectors] Processing 73 vectors. Sender Status: clustered. Current Node Status: clustered
2025-11-18 17:22:59,217 - INFO - ThreadPoolExecutor-0_0 - server_logic - [Add Vectors] Direct Insert: Storing 73 vectors in local Qdrant (Sender is clustered).
2025-11-18 17:22:59,268 - INFO - ThreadPoolExecutor-0_0 - httpx - HTTP Request: GET http://localhost:6363 "HTTP/1.1 200 OK"
2025-11-18 17:22:59,268 - INFO - ThreadPoolExecutor-0_0 - qdrant_module - [Qdrant] Attempting to insert 73 vectors into vectors on http://localhost:6363...
2025-11-18 17:22:59,281 - INFO - ThreadPoolExecutor-0_0 - qdrant_module - [Qdrant] Success: Inserted 73 vectors.
2025-11-18 17:22:59,283 - INFO - ThreadPoolExecutor-0_0 - grpc_handler - [GRPC IN] ReceiveVectors processed successfully.
2025-11-18 17:23:00,431 - INFO - ThreadPoolExecutor-0_0 - grpc_handler - [GRPC IN] ReceiveVectors called. ReqID: 69, Type: clustered, Count: 75
2025-11-18 17:23:00,432 - INFO - ThreadPoolExecutor-0_0 - server_logic - [Add Vectors] Processing 75 vectors. Sender Status: clustered. Current Node Status: clustered
2025-11-18 17:23:00,432 - INFO - ThreadPoolExecutor-0_0 - server_logic - [Add Vectors] Direct Insert: Storing 75 vectors in local Qdrant (Sender is clustered).
2025-11-18 17:23:00,483 - INFO - ThreadPoolExecutor-0_0 - httpx - HTTP Request: GET http://localhost:6363 "HTTP/1.1 200 OK"
2025-11-18 17:23:00,483 - INFO - ThreadPoolExecutor-0_0 - qdrant_module - [Qdrant] Attempting to insert 75 vectors into vectors on http://localhost:6363...
2025-11-18 17:23:00,498 - INFO - ThreadPoolExecutor-0_0 - qdrant_module - [Qdrant] Success: Inserted 75 vectors.
2025-11-18 17:23:00,500 - INFO - ThreadPoolExecutor-0_0 - grpc_handler - [GRPC IN] ReceiveVectors processed successfully.
2025-11-18 17:23:01,648 - INFO - ThreadPoolExecutor-0_0 - grpc_handler - [GRPC IN] ReceiveVectors called. ReqID: 70, Type: clustered, Count: 57
2025-11-18 17:23:01,649 - INFO - ThreadPoolExecutor-0_0 - server_logic - [Add Vectors] Processing 57 vectors. Sender Status: clustered. Current Node Status: clustered
2025-11-18 17:23:01,649 - INFO - ThreadPoolExecutor-0_0 - server_logic - [Add Vectors] Direct Insert: Storing 57 vectors in local Qdrant (Sender is clustered).
2025-11-18 17:23:01,699 - INFO - ThreadPoolExecutor-0_0 - httpx - HTTP Request: GET http://localhost:6363 "HTTP/1.1 200 OK"
2025-11-18 17:23:01,701 - INFO - ThreadPoolExecutor-0_0 - qdrant_module - [Qdrant] Attempting to insert 57 vectors into vectors on http://localhost:6363...
2025-11-18 17:23:01,710 - INFO - ThreadPoolExecutor-0_0 - qdrant_module - [Qdrant] Success: Inserted 57 vectors.
2025-11-18 17:23:01,711 - INFO - ThreadPoolExecutor-0_0 - grpc_handler - [GRPC IN] ReceiveVectors processed successfully.
2025-11-18 17:23:02,859 - INFO - ThreadPoolExecutor-0_0 - grpc_handler - [GRPC IN] ReceiveVectors called. ReqID: 71, Type: clustered, Count: 73
2025-11-18 17:23:02,860 - INFO - ThreadPoolExecutor-0_0 - server_logic - [Add Vectors] Processing 73 vectors. Sender Status: clustered. Current Node Status: clustered
2025-11-18 17:23:02,860 - INFO - ThreadPoolExecutor-0_0 - server_logic - [Add Vectors] Direct Insert: Storing 73 vectors in local Qdrant (Sender is clustered).
2025-11-18 17:23:02,912 - INFO - ThreadPoolExecutor-0_0 - httpx - HTTP Request: GET http://localhost:6363 "HTTP/1.1 200 OK"
2025-11-18 17:23:02,913 - INFO - ThreadPoolExecutor-0_0 - qdrant_module - [Qdrant] Attempting to insert 73 vectors into vectors on http://localhost:6363...
2025-11-18 17:23:02,924 - INFO - ThreadPoolExecutor-0_0 - qdrant_module - [Qdrant] Success: Inserted 73 vectors.
2025-11-18 17:23:02,925 - INFO - ThreadPoolExecutor-0_0 - grpc_handler - [GRPC IN] ReceiveVectors processed successfully.
2025-11-18 17:23:04,077 - INFO - ThreadPoolExecutor-0_0 - grpc_handler - [GRPC IN] ReceiveVectors called. ReqID: 72, Type: clustered, Count: 59
2025-11-18 17:23:04,078 - INFO - ThreadPoolExecutor-0_0 - server_logic - [Add Vectors] Processing 59 vectors. Sender Status: clustered. Current Node Status: clustered
2025-11-18 17:23:04,078 - INFO - ThreadPoolExecutor-0_0 - server_logic - [Add Vectors] Direct Insert: Storing 59 vectors in local Qdrant (Sender is clustered).
2025-11-18 17:23:04,129 - INFO - ThreadPoolExecutor-0_0 - httpx - HTTP Request: GET http://localhost:6363 "HTTP/1.1 200 OK"
2025-11-18 17:23:04,129 - INFO - ThreadPoolExecutor-0_0 - qdrant_module - [Qdrant] Attempting to insert 59 vectors into vectors on http://localhost:6363...
2025-11-18 17:23:04,141 - INFO - ThreadPoolExecutor-0_0 - qdrant_module - [Qdrant] Success: Inserted 59 vectors.
2025-11-18 17:23:04,142 - INFO - ThreadPoolExecutor-0_0 - grpc_handler - [GRPC IN] ReceiveVectors processed successfully.
2025-11-18 17:23:05,305 - INFO - ThreadPoolExecutor-0_0 - grpc_handler - [GRPC IN] ReceiveVectors called. ReqID: 73, Type: clustered, Count: 73
2025-11-18 17:23:05,306 - INFO - ThreadPoolExecutor-0_0 - server_logic - [Add Vectors] Processing 73 vectors. Sender Status: clustered. Current Node Status: clustered
2025-11-18 17:23:05,306 - INFO - ThreadPoolExecutor-0_0 - server_logic - [Add Vectors] Direct Insert: Storing 73 vectors in local Qdrant (Sender is clustered).
2025-11-18 17:23:05,358 - INFO - ThreadPoolExecutor-0_0 - httpx - HTTP Request: GET http://localhost:6363 "HTTP/1.1 200 OK"
2025-11-18 17:23:05,358 - INFO - ThreadPoolExecutor-0_0 - qdrant_module - [Qdrant] Attempting to insert 73 vectors into vectors on http://localhost:6363...
2025-11-18 17:23:05,371 - INFO - ThreadPoolExecutor-0_0 - qdrant_module - [Qdrant] Success: Inserted 73 vectors.
2025-11-18 17:23:05,372 - INFO - ThreadPoolExecutor-0_0 - grpc_handler - [GRPC IN] ReceiveVectors processed successfully.
2025-11-18 17:23:06,550 - INFO - ThreadPoolExecutor-0_0 - grpc_handler - [GRPC IN] ReceiveVectors called. ReqID: 74, Type: clustered, Count: 61
2025-11-18 17:23:06,551 - INFO - ThreadPoolExecutor-0_0 - server_logic - [Add Vectors] Processing 61 vectors. Sender Status: clustered. Current Node Status: clustered
2025-11-18 17:23:06,551 - INFO - ThreadPoolExecutor-0_0 - server_logic - [Add Vectors] Direct Insert: Storing 61 vectors in local Qdrant (Sender is clustered).
2025-11-18 17:23:06,603 - INFO - ThreadPoolExecutor-0_0 - httpx - HTTP Request: GET http://localhost:6363 "HTTP/1.1 200 OK"
2025-11-18 17:23:06,603 - INFO - ThreadPoolExecutor-0_0 - qdrant_module - [Qdrant] Attempting to insert 61 vectors into vectors on http://localhost:6363...
2025-11-18 17:23:06,614 - INFO - ThreadPoolExecutor-0_0 - qdrant_module - [Qdrant] Success: Inserted 61 vectors.
2025-11-18 17:23:06,615 - INFO - ThreadPoolExecutor-0_0 - grpc_handler - [GRPC IN] ReceiveVectors processed successfully.
2025-11-18 17:23:07,764 - INFO - ThreadPoolExecutor-0_0 - grpc_handler - [GRPC IN] ReceiveVectors called. ReqID: 75, Type: clustered, Count: 71
2025-11-18 17:23:07,765 - INFO - ThreadPoolExecutor-0_0 - server_logic - [Add Vectors] Processing 71 vectors. Sender Status: clustered. Current Node Status: clustered
2025-11-18 17:23:07,765 - INFO - ThreadPoolExecutor-0_0 - server_logic - [Add Vectors] Direct Insert: Storing 71 vectors in local Qdrant (Sender is clustered).
2025-11-18 17:23:07,817 - INFO - ThreadPoolExecutor-0_0 - httpx - HTTP Request: GET http://localhost:6363 "HTTP/1.1 200 OK"
2025-11-18 17:23:07,817 - INFO - ThreadPoolExecutor-0_0 - qdrant_module - [Qdrant] Attempting to insert 71 vectors into vectors on http://localhost:6363...
2025-11-18 17:23:07,831 - INFO - ThreadPoolExecutor-0_0 - qdrant_module - [Qdrant] Success: Inserted 71 vectors.
2025-11-18 17:23:07,833 - INFO - ThreadPoolExecutor-0_0 - grpc_handler - [GRPC IN] ReceiveVectors processed successfully.
2025-11-18 17:23:08,979 - INFO - ThreadPoolExecutor-0_0 - grpc_handler - [GRPC IN] ReceiveVectors called. ReqID: 76, Type: clustered, Count: 72
2025-11-18 17:23:08,980 - INFO - ThreadPoolExecutor-0_0 - server_logic - [Add Vectors] Processing 72 vectors. Sender Status: clustered. Current Node Status: clustered
2025-11-18 17:23:08,980 - INFO - ThreadPoolExecutor-0_0 - server_logic - [Add Vectors] Direct Insert: Storing 72 vectors in local Qdrant (Sender is clustered).
2025-11-18 17:23:09,033 - INFO - ThreadPoolExecutor-0_0 - httpx - HTTP Request: GET http://localhost:6363 "HTTP/1.1 200 OK"
2025-11-18 17:23:09,035 - INFO - ThreadPoolExecutor-0_0 - qdrant_module - [Qdrant] Attempting to insert 72 vectors into vectors on http://localhost:6363...
2025-11-18 17:23:09,048 - INFO - ThreadPoolExecutor-0_0 - qdrant_module - [Qdrant] Success: Inserted 72 vectors.
2025-11-18 17:23:09,050 - INFO - ThreadPoolExecutor-0_0 - grpc_handler - [GRPC IN] ReceiveVectors processed successfully.
2025-11-18 17:23:10,183 - INFO - ThreadPoolExecutor-0_0 - grpc_handler - [GRPC IN] ReceiveVectors called. ReqID: 77, Type: clustered, Count: 60
2025-11-18 17:23:10,184 - INFO - ThreadPoolExecutor-0_0 - server_logic - [Add Vectors] Processing 60 vectors. Sender Status: clustered. Current Node Status: clustered
2025-11-18 17:23:10,184 - INFO - ThreadPoolExecutor-0_0 - server_logic - [Add Vectors] Direct Insert: Storing 60 vectors in local Qdrant (Sender is clustered).
2025-11-18 17:23:10,235 - INFO - ThreadPoolExecutor-0_0 - httpx - HTTP Request: GET http://localhost:6363 "HTTP/1.1 200 OK"
2025-11-18 17:23:10,235 - INFO - ThreadPoolExecutor-0_0 - qdrant_module - [Qdrant] Attempting to insert 60 vectors into vectors on http://localhost:6363...
2025-11-18 17:23:10,247 - INFO - ThreadPoolExecutor-0_0 - qdrant_module - [Qdrant] Success: Inserted 60 vectors.
2025-11-18 17:23:10,248 - INFO - ThreadPoolExecutor-0_0 - grpc_handler - [GRPC IN] ReceiveVectors processed successfully.
2025-11-18 17:23:11,391 - INFO - ThreadPoolExecutor-0_0 - grpc_handler - [GRPC IN] ReceiveVectors called. ReqID: 78, Type: clustered, Count: 78
2025-11-18 17:23:11,392 - INFO - ThreadPoolExecutor-0_0 - server_logic - [Add Vectors] Processing 78 vectors. Sender Status: clustered. Current Node Status: clustered
2025-11-18 17:23:11,393 - INFO - ThreadPoolExecutor-0_0 - server_logic - [Add Vectors] Direct Insert: Storing 78 vectors in local Qdrant (Sender is clustered).
2025-11-18 17:23:11,445 - INFO - ThreadPoolExecutor-0_0 - httpx - HTTP Request: GET http://localhost:6363 "HTTP/1.1 200 OK"
2025-11-18 17:23:11,445 - INFO - ThreadPoolExecutor-0_0 - qdrant_module - [Qdrant] Attempting to insert 78 vectors into vectors on http://localhost:6363...
2025-11-18 17:23:11,458 - INFO - ThreadPoolExecutor-0_0 - qdrant_module - [Qdrant] Success: Inserted 78 vectors.
2025-11-18 17:23:11,460 - INFO - ThreadPoolExecutor-0_0 - grpc_handler - [GRPC IN] ReceiveVectors processed successfully.
2025-11-18 17:23:12,618 - INFO - ThreadPoolExecutor-0_0 - grpc_handler - [GRPC IN] ReceiveVectors called. ReqID: 79, Type: clustered, Count: 71
2025-11-18 17:23:12,619 - INFO - ThreadPoolExecutor-0_0 - server_logic - [Add Vectors] Processing 71 vectors. Sender Status: clustered. Current Node Status: clustered
2025-11-18 17:23:12,619 - INFO - ThreadPoolExecutor-0_0 - server_logic - [Add Vectors] Direct Insert: Storing 71 vectors in local Qdrant (Sender is clustered).
2025-11-18 17:23:12,670 - INFO - ThreadPoolExecutor-0_0 - httpx - HTTP Request: GET http://localhost:6363 "HTTP/1.1 200 OK"
2025-11-18 17:23:12,671 - INFO - ThreadPoolExecutor-0_0 - qdrant_module - [Qdrant] Attempting to insert 71 vectors into vectors on http://localhost:6363...
2025-11-18 17:23:12,683 - INFO - ThreadPoolExecutor-0_0 - qdrant_module - [Qdrant] Success: Inserted 71 vectors.
2025-11-18 17:23:12,684 - INFO - ThreadPoolExecutor-0_0 - grpc_handler - [GRPC IN] ReceiveVectors processed successfully.
2025-11-18 17:23:12,828 - INFO - MainThread - __main__ - API: /add called. ReqID: 80, Vectors: 256
2025-11-18 17:23:12,828 - INFO - MainThread - server_logic - [Client Request] Client wants to add 256 vectors. My Status: clustered
2025-11-18 17:23:12,828 - INFO - MainThread - server_logic - [Client Request] System Clustered. Routing vectors to appropriate peers.
2025-11-18 17:23:12,829 - INFO - MainThread - server_logic - [Router] Routing 256 vectors among 16 nodes (Replicas: 4).
2025-11-18 17:23:12,829 - INFO - MainThread - server_logic - [DEBUG] found replica for vector: 1
2025-11-18 17:23:12,829 - INFO - MainThread - server_logic - [DEBUG] found replica for vector: 2
2025-11-18 17:23:12,829 - INFO - MainThread - server_logic - [DEBUG] found replica for vector: 3
2025-11-18 17:23:12,829 - INFO - MainThread - server_logic - [DEBUG] to me replica for vector: 3
2025-11-18 17:23:12,829 - INFO - MainThread - server_logic - [DEBUG] found replica for vector: 1
2025-11-18 17:23:12,829 - INFO - MainThread - server_logic - [DEBUG] found replica for vector: 2
2025-11-18 17:23:12,829 - INFO - MainThread - server_logic - [DEBUG] found replica for vector: 3
2025-11-18 17:23:12,829 - INFO - MainThread - server_logic - [DEBUG] found replica for vector: 4
2025-11-18 17:23:12,829 - INFO - MainThread - server_logic - [DEBUG] found replica for vector: 1
2025-11-18 17:23:12,829 - INFO - MainThread - server_logic - [DEBUG] found replica for vector: 2
2025-11-18 17:23:12,829 - INFO - MainThread - server_logic - [DEBUG] found replica for vector: 3
2025-11-18 17:23:12,829 - INFO - MainThread - server_logic - [DEBUG] found replica for vector: 4
2025-11-18 17:23:12,829 - INFO - MainThread - server_logic - [DEBUG] found replica for vector: 1
2025-11-18 17:23:12,829 - INFO - MainThread - server_logic - [DEBUG] found replica for vector: 2
2025-11-18 17:23:12,829 - INFO - MainThread - server_logic - [DEBUG] found replica for vector: 3
2025-11-18 17:23:12,829 - INFO - MainThread - server_logic - [DEBUG] to me replica for vector: 3
2025-11-18 17:23:12,829 - INFO - MainThread - server_logic - [DEBUG] found replica for vector: 1
2025-11-18 17:23:12,829 - INFO - MainThread - server_logic - [DEBUG] found replica for vector: 2
2025-11-18 17:23:12,829 - INFO - MainThread - server_logic - [DEBUG] found replica for vector: 3
2025-11-18 17:23:12,829 - INFO - MainThread - server_logic - [DEBUG] found replica for vector: 4
2025-11-18 17:23:12,829 - INFO - MainThread - server_logic - [DEBUG] found replica for vector: 1
2025-11-18 17:23:12,829 - INFO - MainThread - server_logic - [DEBUG] found replica for vector: 2
2025-11-18 17:23:12,829 - INFO - MainThread - server_logic - [DEBUG] found replica for vector: 3
2025-11-18 17:23:12,829 - INFO - MainThread - server_logic - [DEBUG] found replica for vector: 4
2025-11-18 17:23:12,829 - INFO - MainThread - server_logic - [DEBUG] found replica for vector: 1
2025-11-18 17:23:12,829 - INFO - MainThread - server_logic - [DEBUG] found replica for vector: 2
2025-11-18 17:23:12,829 - INFO - MainThread - server_logic - [DEBUG] found replica for vector: 3
2025-11-18 17:23:12,829 - INFO - MainThread - server_logic - [DEBUG] found replica for vector: 4
2025-11-18 17:23:12,829 - INFO - MainThread - server_logic - [DEBUG] found replica for vector: 1
2025-11-18 17:23:12,829 - INFO - MainThread - server_logic - [DEBUG] found replica for vector: 2
2025-11-18 17:23:12,829 - INFO - MainThread - server_logic - [DEBUG] found replica for vector: 3
2025-11-18 17:23:12,829 - INFO - MainThread - server_logic - [DEBUG] to me replica for vector: 3
2025-11-18 17:23:12,829 - INFO - MainThread - server_logic - [DEBUG] found replica for vector: 1
2025-11-18 17:23:12,829 - INFO - MainThread - server_logic - [DEBUG] found replica for vector: 2
2025-11-18 17:23:12,829 - INFO - MainThread - server_logic - [DEBUG] found replica for vector: 3
2025-11-18 17:23:12,829 - INFO - MainThread - server_logic - [DEBUG] found replica for vector: 4
2025-11-18 17:23:12,829 - INFO - MainThread - server_logic - [DEBUG] found replica for vector: 1
2025-11-18 17:23:12,829 - INFO - MainThread - server_logic - [DEBUG] found replica for vector: 2
2025-11-18 17:23:12,829 - INFO - MainThread - server_logic - [DEBUG] found replica for vector: 3
2025-11-18 17:23:12,829 - INFO - MainThread - server_logic - [DEBUG] to me replica for vector: 3
2025-11-18 17:23:12,829 - INFO - MainThread - server_logic - [DEBUG] found replica for vector: 1
2025-11-18 17:23:12,829 - INFO - MainThread - server_logic - [DEBUG] found replica for vector: 2
2025-11-18 17:23:12,829 - INFO - MainThread - server_logic - [DEBUG] found replica for vector: 3
2025-11-18 17:23:12,829 - INFO - MainThread - server_logic - [DEBUG] found replica for vector: 4
2025-11-18 17:23:12,829 - INFO - MainThread - server_logic - [DEBUG] found replica for vector: 1
2025-11-18 17:23:12,829 - INFO - MainThread - server_logic - [DEBUG] found replica for vector: 2
2025-11-18 17:23:12,830 - INFO - MainThread - server_logic - [DEBUG] found replica for vector: 3
2025-11-18 17:23:12,830 - INFO - MainThread - server_logic - [DEBUG] found replica for vector: 4
2025-11-18 17:23:12,830 - INFO - MainThread - server_logic - [DEBUG] found replica for vector: 1
2025-11-18 17:23:12,830 - INFO - MainThread - server_logic - [DEBUG] found replica for vector: 2
2025-11-18 17:23:12,830 - INFO - MainThread - server_logic - [DEBUG] found replica for vector: 3
2025-11-18 17:23:12,830 - INFO - MainThread - server_logic - [DEBUG] to me replica for vector: 3
2025-11-18 17:23:12,830 - INFO - MainThread - server_logic - [DEBUG] found replica for vector: 1
2025-11-18 17:23:12,830 - INFO - MainThread - server_logic - [DEBUG] found replica for vector: 2
2025-11-18 17:23:12,830 - INFO - MainThread - server_logic - [DEBUG] found replica for vector: 3
2025-11-18 17:23:12,830 - INFO - MainThread - server_logic - [DEBUG] to me replica for vector: 3
2025-11-18 17:23:12,830 - INFO - MainThread - server_logic - [DEBUG] found replica for vector: 1
2025-11-18 17:23:12,830 - INFO - MainThread - server_logic - [DEBUG] found replica for vector: 2
2025-11-18 17:23:12,830 - INFO - MainThread - server_logic - [DEBUG] found replica for vector: 3
2025-11-18 17:23:12,830 - INFO - MainThread - server_logic - [DEBUG] found replica for vector: 4
2025-11-18 17:23:12,830 - INFO - MainThread - server_logic - [DEBUG] found replica for vector: 1
2025-11-18 17:23:12,830 - INFO - MainThread - server_logic - [DEBUG] found replica for vector: 2
2025-11-18 17:23:12,830 - INFO - MainThread - server_logic - [DEBUG] found replica for vector: 3
2025-11-18 17:23:12,830 - INFO - MainThread - server_logic - [DEBUG] found replica for vector: 4
2025-11-18 17:23:12,830 - INFO - MainThread - server_logic - [DEBUG] found replica for vector: 1
2025-11-18 17:23:12,830 - INFO - MainThread - server_logic - [DEBUG] found replica for vector: 2
2025-11-18 17:23:12,830 - INFO - MainThread - server_logic - [DEBUG] found replica for vector: 3
2025-11-18 17:23:12,830 - INFO - MainThread - server_logic - [DEBUG] found replica for vector: 4
2025-11-18 17:23:12,830 - INFO - MainThread - server_logic - [DEBUG] found replica for vector: 1
2025-11-18 17:23:12,830 - INFO - MainThread - server_logic - [DEBUG] found replica for vector: 2
2025-11-18 17:23:12,830 - INFO - MainThread - server_logic - [DEBUG] found replica for vector: 3
2025-11-18 17:23:12,830 - INFO - MainThread - server_logic - [DEBUG] found replica for vector: 4
2025-11-18 17:23:12,830 - INFO - MainThread - server_logic - [DEBUG] found replica for vector: 1
2025-11-18 17:23:12,830 - INFO - MainThread - server_logic - [DEBUG] found replica for vector: 2
2025-11-18 17:23:12,830 - INFO - MainThread - server_logic - [DEBUG] found replica for vector: 3
2025-11-18 17:23:12,830 - INFO - MainThread - server_logic - [DEBUG] found replica for vector: 4
2025-11-18 17:23:12,830 - INFO - MainThread - server_logic - [DEBUG] found replica for vector: 1
2025-11-18 17:23:12,830 - INFO - MainThread - server_logic - [DEBUG] found replica for vector: 2
2025-11-18 17:23:12,830 - INFO - MainThread - server_logic - [DEBUG] found replica for vector: 3
2025-11-18 17:23:12,830 - INFO - MainThread - server_logic - [DEBUG] to me replica for vector: 3
2025-11-18 17:23:12,830 - INFO - MainThread - server_logic - [DEBUG] found replica for vector: 1
2025-11-18 17:23:12,830 - INFO - MainThread - server_logic - [DEBUG] found replica for vector: 2
2025-11-18 17:23:12,830 - INFO - MainThread - server_logic - [DEBUG] found replica for vector: 3
2025-11-18 17:23:12,830 - INFO - MainThread - server_logic - [DEBUG] found replica for vector: 4
2025-11-18 17:23:12,830 - INFO - MainThread - server_logic - [DEBUG] found replica for vector: 1
2025-11-18 17:23:12,830 - INFO - MainThread - server_logic - [DEBUG] found replica for vector: 2
2025-11-18 17:23:12,830 - INFO - MainThread - server_logic - [DEBUG] found replica for vector: 3
2025-11-18 17:23:12,830 - INFO - MainThread - server_logic - [DEBUG] found replica for vector: 4
2025-11-18 17:23:12,830 - INFO - MainThread - server_logic - [DEBUG] found replica for vector: 1
2025-11-18 17:23:12,830 - INFO - MainThread - server_logic - [DEBUG] found replica for vector: 2
2025-11-18 17:23:12,830 - INFO - MainThread - server_logic - [DEBUG] found replica for vector: 3
2025-11-18 17:23:12,830 - INFO - MainThread - server_logic - [DEBUG] found replica for vector: 4
2025-11-18 17:23:12,830 - INFO - MainThread - server_logic - [DEBUG] found replica for vector: 1
2025-11-18 17:23:12,830 - INFO - MainThread - server_logic - [DEBUG] found replica for vector: 2
2025-11-18 17:23:12,830 - INFO - MainThread - server_logic - [DEBUG] found replica for vector: 3
2025-11-18 17:23:12,830 - INFO - MainThread - server_logic - [DEBUG] found replica for vector: 4
2025-11-18 17:23:12,830 - INFO - MainThread - server_logic - [DEBUG] found replica for vector: 1
2025-11-18 17:23:12,830 - INFO - MainThread - server_logic - [DEBUG] found replica for vector: 2
2025-11-18 17:23:12,830 - INFO - MainThread - server_logic - [DEBUG] found replica for vector: 3
2025-11-18 17:23:12,830 - INFO - MainThread - server_logic - [DEBUG] found replica for vector: 4
2025-11-18 17:23:12,831 - INFO - MainThread - server_logic - [DEBUG] found replica for vector: 1
2025-11-18 17:23:12,831 - INFO - MainThread - server_logic - [DEBUG] found replica for vector: 2
2025-11-18 17:23:12,831 - INFO - MainThread - server_logic - [DEBUG] found replica for vector: 3
2025-11-18 17:23:12,831 - INFO - MainThread - server_logic - [DEBUG] found replica for vector: 4
2025-11-18 17:23:12,831 - INFO - MainThread - server_logic - [DEBUG] found replica for vector: 1
2025-11-18 17:23:12,831 - INFO - MainThread - server_logic - [DEBUG] found replica for vector: 2
2025-11-18 17:23:12,831 - INFO - MainThread - server_logic - [DEBUG] found replica for vector: 3
2025-11-18 17:23:12,831 - INFO - MainThread - server_logic - [DEBUG] to me replica for vector: 3
2025-11-18 17:23:12,831 - INFO - MainThread - server_logic - [DEBUG] found replica for vector: 1
2025-11-18 17:23:12,831 - INFO - MainThread - server_logic - [DEBUG] found replica for vector: 2
2025-11-18 17:23:12,831 - INFO - MainThread - server_logic - [DEBUG] found replica for vector: 3
2025-11-18 17:23:12,831 - INFO - MainThread - server_logic - [DEBUG] found replica for vector: 4
2025-11-18 17:23:12,831 - INFO - MainThread - server_logic - [DEBUG] found replica for vector: 1
2025-11-18 17:23:12,831 - INFO - MainThread - server_logic - [DEBUG] found replica for vector: 2
2025-11-18 17:23:12,831 - INFO - MainThread - server_logic - [DEBUG] found replica for vector: 3
2025-11-18 17:23:12,831 - INFO - MainThread - server_logic - [DEBUG] found replica for vector: 4
2025-11-18 17:23:12,831 - INFO - MainThread - server_logic - [DEBUG] found replica for vector: 1
2025-11-18 17:23:12,831 - INFO - MainThread - server_logic - [DEBUG] found replica for vector: 2
2025-11-18 17:23:12,831 - INFO - MainThread - server_logic - [DEBUG] found replica for vector: 3
2025-11-18 17:23:12,831 - INFO - MainThread - server_logic - [DEBUG] found replica for vector: 4
2025-11-18 17:23:12,831 - INFO - MainThread - server_logic - [DEBUG] found replica for vector: 1
2025-11-18 17:23:12,831 - INFO - MainThread - server_logic - [DEBUG] found replica for vector: 2
2025-11-18 17:23:12,831 - INFO - MainThread - server_logic - [DEBUG] found replica for vector: 3
2025-11-18 17:23:12,831 - INFO - MainThread - server_logic - [DEBUG] found replica for vector: 4
2025-11-18 17:23:12,831 - INFO - MainThread - server_logic - [DEBUG] found replica for vector: 1
2025-11-18 17:23:12,831 - INFO - MainThread - server_logic - [DEBUG] found replica for vector: 2
2025-11-18 17:23:12,831 - INFO - MainThread - server_logic - [DEBUG] found replica for vector: 3
2025-11-18 17:23:12,831 - INFO - MainThread - server_logic - [DEBUG] to me replica for vector: 3
2025-11-18 17:23:12,831 - INFO - MainThread - server_logic - [DEBUG] found replica for vector: 1
2025-11-18 17:23:12,831 - INFO - MainThread - server_logic - [DEBUG] found replica for vector: 2
2025-11-18 17:23:12,831 - INFO - MainThread - server_logic - [DEBUG] found replica for vector: 3
2025-11-18 17:23:12,831 - INFO - MainThread - server_logic - [DEBUG] found replica for vector: 4
2025-11-18 17:23:12,831 - INFO - MainThread - server_logic - [DEBUG] found replica for vector: 1
2025-11-18 17:23:12,831 - INFO - MainThread - server_logic - [DEBUG] found replica for vector: 2
2025-11-18 17:23:12,831 - INFO - MainThread - server_logic - [DEBUG] found replica for vector: 3
2025-11-18 17:23:12,831 - INFO - MainThread - server_logic - [DEBUG] found replica for vector: 4
2025-11-18 17:23:12,831 - INFO - MainThread - server_logic - [DEBUG] found replica for vector: 1
2025-11-18 17:23:12,831 - INFO - MainThread - server_logic - [DEBUG] found replica for vector: 2
2025-11-18 17:23:12,831 - INFO - MainThread - server_logic - [DEBUG] found replica for vector: 3
2025-11-18 17:23:12,831 - INFO - MainThread - server_logic - [DEBUG] found replica for vector: 4
2025-11-18 17:23:12,831 - INFO - MainThread - server_logic - [DEBUG] found replica for vector: 1
2025-11-18 17:23:12,831 - INFO - MainThread - server_logic - [DEBUG] found replica for vector: 2
2025-11-18 17:23:12,831 - INFO - MainThread - server_logic - [DEBUG] found replica for vector: 3
2025-11-18 17:23:12,831 - INFO - MainThread - server_logic - [DEBUG] to me replica for vector: 3
2025-11-18 17:23:12,831 - INFO - MainThread - server_logic - [DEBUG] found replica for vector: 1
2025-11-18 17:23:12,831 - INFO - MainThread - server_logic - [DEBUG] found replica for vector: 2
2025-11-18 17:23:12,831 - INFO - MainThread - server_logic - [DEBUG] found replica for vector: 3
2025-11-18 17:23:12,831 - INFO - MainThread - server_logic - [DEBUG] to me replica for vector: 3
2025-11-18 17:23:12,831 - INFO - MainThread - server_logic - [DEBUG] found replica for vector: 1
2025-11-18 17:23:12,831 - INFO - MainThread - server_logic - [DEBUG] found replica for vector: 2
2025-11-18 17:23:12,831 - INFO - MainThread - server_logic - [DEBUG] found replica for vector: 3
2025-11-18 17:23:12,831 - INFO - MainThread - server_logic - [DEBUG] to me replica for vector: 3
2025-11-18 17:23:12,831 - INFO - MainThread - server_logic - [DEBUG] found replica for vector: 1
2025-11-18 17:23:12,831 - INFO - MainThread - server_logic - [DEBUG] found replica for vector: 2
2025-11-18 17:23:12,832 - INFO - MainThread - server_logic - [DEBUG] found replica for vector: 3
2025-11-18 17:23:12,832 - INFO - MainThread - server_logic - [DEBUG] to me replica for vector: 3
2025-11-18 17:23:12,832 - INFO - MainThread - server_logic - [DEBUG] found replica for vector: 1
2025-11-18 17:23:12,832 - INFO - MainThread - server_logic - [DEBUG] found replica for vector: 2
2025-11-18 17:23:12,832 - INFO - MainThread - server_logic - [DEBUG] found replica for vector: 3
2025-11-18 17:23:12,832 - INFO - MainThread - server_logic - [DEBUG] found replica for vector: 4
2025-11-18 17:23:12,832 - INFO - MainThread - server_logic - [DEBUG] found replica for vector: 1
2025-11-18 17:23:12,832 - INFO - MainThread - server_logic - [DEBUG] found replica for vector: 2
2025-11-18 17:23:12,832 - INFO - MainThread - server_logic - [DEBUG] found replica for vector: 3
2025-11-18 17:23:12,832 - INFO - MainThread - server_logic - [DEBUG] found replica for vector: 4
2025-11-18 17:23:12,832 - INFO - MainThread - server_logic - [DEBUG] found replica for vector: 1
2025-11-18 17:23:12,832 - INFO - MainThread - server_logic - [DEBUG] found replica for vector: 2
2025-11-18 17:23:12,832 - INFO - MainThread - server_logic - [DEBUG] found replica for vector: 3
2025-11-18 17:23:12,832 - INFO - MainThread - server_logic - [DEBUG] found replica for vector: 4
2025-11-18 17:23:12,832 - INFO - MainThread - server_logic - [DEBUG] found replica for vector: 1
2025-11-18 17:23:12,832 - INFO - MainThread - server_logic - [DEBUG] found replica for vector: 2
2025-11-18 17:23:12,832 - INFO - MainThread - server_logic - [DEBUG] found replica for vector: 3
2025-11-18 17:23:12,832 - INFO - MainThread - server_logic - [DEBUG] found replica for vector: 4
2025-11-18 17:23:12,832 - INFO - MainThread - server_logic - [DEBUG] found replica for vector: 1
2025-11-18 17:23:12,832 - INFO - MainThread - server_logic - [DEBUG] found replica for vector: 2
2025-11-18 17:23:12,832 - INFO - MainThread - server_logic - [DEBUG] found replica for vector: 3
2025-11-18 17:23:12,832 - INFO - MainThread - server_logic - [DEBUG] found replica for vector: 4
2025-11-18 17:23:12,832 - INFO - MainThread - server_logic - [DEBUG] found replica for vector: 1
2025-11-18 17:23:12,832 - INFO - MainThread - server_logic - [DEBUG] found replica for vector: 2
2025-11-18 17:23:12,832 - INFO - MainThread - server_logic - [DEBUG] found replica for vector: 3
2025-11-18 17:23:12,832 - INFO - MainThread - server_logic - [DEBUG] to me replica for vector: 3
2025-11-18 17:23:12,832 - INFO - MainThread - server_logic - [DEBUG] found replica for vector: 1
2025-11-18 17:23:12,832 - INFO - MainThread - server_logic - [DEBUG] found replica for vector: 2
2025-11-18 17:23:12,832 - INFO - MainThread - server_logic - [DEBUG] found replica for vector: 3
2025-11-18 17:23:12,832 - INFO - MainThread - server_logic - [DEBUG] to me replica for vector: 3
2025-11-18 17:23:12,832 - INFO - MainThread - server_logic - [DEBUG] found replica for vector: 1
2025-11-18 17:23:12,832 - INFO - MainThread - server_logic - [DEBUG] found replica for vector: 2
2025-11-18 17:23:12,832 - INFO - MainThread - server_logic - [DEBUG] found replica for vector: 3
2025-11-18 17:23:12,832 - INFO - MainThread - server_logic - [DEBUG] to me replica for vector: 3
2025-11-18 17:23:12,832 - INFO - MainThread - server_logic - [DEBUG] found replica for vector: 1
2025-11-18 17:23:12,832 - INFO - MainThread - server_logic - [DEBUG] found replica for vector: 2
2025-11-18 17:23:12,832 - INFO - MainThread - server_logic - [DEBUG] found replica for vector: 3
2025-11-18 17:23:12,832 - INFO - MainThread - server_logic - [DEBUG] found replica for vector: 4
2025-11-18 17:23:12,832 - INFO - MainThread - server_logic - [DEBUG] found replica for vector: 1
2025-11-18 17:23:12,832 - INFO - MainThread - server_logic - [DEBUG] found replica for vector: 2
2025-11-18 17:23:12,832 - INFO - MainThread - server_logic - [DEBUG] found replica for vector: 3
2025-11-18 17:23:12,832 - INFO - MainThread - server_logic - [DEBUG] found replica for vector: 4
2025-11-18 17:23:12,832 - INFO - MainThread - server_logic - [DEBUG] found replica for vector: 1
2025-11-18 17:23:12,832 - INFO - MainThread - server_logic - [DEBUG] found replica for vector: 2
2025-11-18 17:23:12,832 - INFO - MainThread - server_logic - [DEBUG] found replica for vector: 3
2025-11-18 17:23:12,832 - INFO - MainThread - server_logic - [DEBUG] found replica for vector: 4
2025-11-18 17:23:12,832 - INFO - MainThread - server_logic - [DEBUG] found replica for vector: 1
2025-11-18 17:23:12,832 - INFO - MainThread - server_logic - [DEBUG] found replica for vector: 2
2025-11-18 17:23:12,832 - INFO - MainThread - server_logic - [DEBUG] found replica for vector: 3
2025-11-18 17:23:12,832 - INFO - MainThread - server_logic - [DEBUG] found replica for vector: 4
2025-11-18 17:23:12,832 - INFO - MainThread - server_logic - [DEBUG] found replica for vector: 1
2025-11-18 17:23:12,832 - INFO - MainThread - server_logic - [DEBUG] found replica for vector: 2
2025-11-18 17:23:12,832 - INFO - MainThread - server_logic - [DEBUG] found replica for vector: 3
2025-11-18 17:23:12,832 - INFO - MainThread - server_logic - [DEBUG] found replica for vector: 4
2025-11-18 17:23:12,833 - INFO - MainThread - server_logic - [DEBUG] found replica for vector: 1
2025-11-18 17:23:12,833 - INFO - MainThread - server_logic - [DEBUG] found replica for vector: 2
2025-11-18 17:23:12,833 - INFO - MainThread - server_logic - [DEBUG] found replica for vector: 3
2025-11-18 17:23:12,833 - INFO - MainThread - server_logic - [DEBUG] to me replica for vector: 3
2025-11-18 17:23:12,833 - INFO - MainThread - server_logic - [DEBUG] found replica for vector: 1
2025-11-18 17:23:12,833 - INFO - MainThread - server_logic - [DEBUG] found replica for vector: 2
2025-11-18 17:23:12,833 - INFO - MainThread - server_logic - [DEBUG] found replica for vector: 3
2025-11-18 17:23:12,833 - INFO - MainThread - server_logic - [DEBUG] to me replica for vector: 3
2025-11-18 17:23:12,833 - INFO - MainThread - server_logic - [DEBUG] found replica for vector: 1
2025-11-18 17:23:12,833 - INFO - MainThread - server_logic - [DEBUG] found replica for vector: 2
2025-11-18 17:23:12,833 - INFO - MainThread - server_logic - [DEBUG] found replica for vector: 3
2025-11-18 17:23:12,833 - INFO - MainThread - server_logic - [DEBUG] to me replica for vector: 3
2025-11-18 17:23:12,833 - INFO - MainThread - server_logic - [DEBUG] found replica for vector: 1
2025-11-18 17:23:12,833 - INFO - MainThread - server_logic - [DEBUG] found replica for vector: 2
2025-11-18 17:23:12,833 - INFO - MainThread - server_logic - [DEBUG] found replica for vector: 3
2025-11-18 17:23:12,833 - INFO - MainThread - server_logic - [DEBUG] found replica for vector: 4
2025-11-18 17:23:12,833 - INFO - MainThread - server_logic - [DEBUG] found replica for vector: 1
2025-11-18 17:23:12,833 - INFO - MainThread - server_logic - [DEBUG] found replica for vector: 2
2025-11-18 17:23:12,833 - INFO - MainThread - server_logic - [DEBUG] found replica for vector: 3
2025-11-18 17:23:12,833 - INFO - MainThread - server_logic - [DEBUG] to me replica for vector: 3
2025-11-18 17:23:12,833 - INFO - MainThread - server_logic - [DEBUG] found replica for vector: 1
2025-11-18 17:23:12,833 - INFO - MainThread - server_logic - [DEBUG] found replica for vector: 2
2025-11-18 17:23:12,833 - INFO - MainThread - server_logic - [DEBUG] found replica for vector: 3
2025-11-18 17:23:12,833 - INFO - MainThread - server_logic - [DEBUG] found replica for vector: 4
2025-11-18 17:23:12,833 - INFO - MainThread - server_logic - [DEBUG] found replica for vector: 1
2025-11-18 17:23:12,833 - INFO - MainThread - server_logic - [DEBUG] found replica for vector: 2
2025-11-18 17:23:12,833 - INFO - MainThread - server_logic - [DEBUG] found replica for vector: 3
2025-11-18 17:23:12,833 - INFO - MainThread - server_logic - [DEBUG] found replica for vector: 4
2025-11-18 17:23:12,833 - INFO - MainThread - server_logic - [DEBUG] found replica for vector: 1
2025-11-18 17:23:12,833 - INFO - MainThread - server_logic - [DEBUG] found replica for vector: 2
2025-11-18 17:23:12,833 - INFO - MainThread - server_logic - [DEBUG] found replica for vector: 3
2025-11-18 17:23:12,833 - INFO - MainThread - server_logic - [DEBUG] found replica for vector: 4
2025-11-18 17:23:12,833 - INFO - MainThread - server_logic - [DEBUG] found replica for vector: 1
2025-11-18 17:23:12,833 - INFO - MainThread - server_logic - [DEBUG] found replica for vector: 2
2025-11-18 17:23:12,833 - INFO - MainThread - server_logic - [DEBUG] found replica for vector: 3
2025-11-18 17:23:12,833 - INFO - MainThread - server_logic - [DEBUG] found replica for vector: 4
2025-11-18 17:23:12,833 - INFO - MainThread - server_logic - [DEBUG] found replica for vector: 1
2025-11-18 17:23:12,833 - INFO - MainThread - server_logic - [DEBUG] found replica for vector: 2
2025-11-18 17:23:12,833 - INFO - MainThread - server_logic - [DEBUG] found replica for vector: 3
2025-11-18 17:23:12,833 - INFO - MainThread - server_logic - [DEBUG] found replica for vector: 4
2025-11-18 17:23:12,833 - INFO - MainThread - server_logic - [DEBUG] found replica for vector: 1
2025-11-18 17:23:12,833 - INFO - MainThread - server_logic - [DEBUG] found replica for vector: 2
2025-11-18 17:23:12,833 - INFO - MainThread - server_logic - [DEBUG] found replica for vector: 3
2025-11-18 17:23:12,833 - INFO - MainThread - server_logic - [DEBUG] found replica for vector: 4
2025-11-18 17:23:12,833 - INFO - MainThread - server_logic - [DEBUG] found replica for vector: 1
2025-11-18 17:23:12,833 - INFO - MainThread - server_logic - [DEBUG] found replica for vector: 2
2025-11-18 17:23:12,833 - INFO - MainThread - server_logic - [DEBUG] found replica for vector: 3
2025-11-18 17:23:12,833 - INFO - MainThread - server_logic - [DEBUG] found replica for vector: 4
2025-11-18 17:23:12,833 - INFO - MainThread - server_logic - [DEBUG] found replica for vector: 1
2025-11-18 17:23:12,833 - INFO - MainThread - server_logic - [DEBUG] found replica for vector: 2
2025-11-18 17:23:12,833 - INFO - MainThread - server_logic - [DEBUG] found replica for vector: 3
2025-11-18 17:23:12,833 - INFO - MainThread - server_logic - [DEBUG] found replica for vector: 4
2025-11-18 17:23:12,833 - INFO - MainThread - server_logic - [DEBUG] found replica for vector: 1
2025-11-18 17:23:12,833 - INFO - MainThread - server_logic - [DEBUG] found replica for vector: 2
2025-11-18 17:23:12,833 - INFO - MainThread - server_logic - [DEBUG] found replica for vector: 3
2025-11-18 17:23:12,834 - INFO - MainThread - server_logic - [DEBUG] found replica for vector: 4
2025-11-18 17:23:12,834 - INFO - MainThread - server_logic - [DEBUG] found replica for vector: 1
2025-11-18 17:23:12,834 - INFO - MainThread - server_logic - [DEBUG] found replica for vector: 2
2025-11-18 17:23:12,834 - INFO - MainThread - server_logic - [DEBUG] found replica for vector: 3
2025-11-18 17:23:12,834 - INFO - MainThread - server_logic - [DEBUG] found replica for vector: 4
2025-11-18 17:23:12,834 - INFO - MainThread - server_logic - [DEBUG] found replica for vector: 1
2025-11-18 17:23:12,834 - INFO - MainThread - server_logic - [DEBUG] found replica for vector: 2
2025-11-18 17:23:12,834 - INFO - MainThread - server_logic - [DEBUG] found replica for vector: 3
2025-11-18 17:23:12,834 - INFO - MainThread - server_logic - [DEBUG] found replica for vector: 4
2025-11-18 17:23:12,834 - INFO - MainThread - server_logic - [DEBUG] found replica for vector: 1
2025-11-18 17:23:12,834 - INFO - MainThread - server_logic - [DEBUG] found replica for vector: 2
2025-11-18 17:23:12,834 - INFO - MainThread - server_logic - [DEBUG] found replica for vector: 3
2025-11-18 17:23:12,834 - INFO - MainThread - server_logic - [DEBUG] to me replica for vector: 3
2025-11-18 17:23:12,834 - INFO - MainThread - server_logic - [DEBUG] found replica for vector: 1
2025-11-18 17:23:12,834 - INFO - MainThread - server_logic - [DEBUG] found replica for vector: 2
2025-11-18 17:23:12,834 - INFO - MainThread - server_logic - [DEBUG] found replica for vector: 3
2025-11-18 17:23:12,834 - INFO - MainThread - server_logic - [DEBUG] found replica for vector: 4
2025-11-18 17:23:12,834 - INFO - MainThread - server_logic - [DEBUG] found replica for vector: 1
2025-11-18 17:23:12,834 - INFO - MainThread - server_logic - [DEBUG] found replica for vector: 2
2025-11-18 17:23:12,834 - INFO - MainThread - server_logic - [DEBUG] found replica for vector: 3
2025-11-18 17:23:12,834 - INFO - MainThread - server_logic - [DEBUG] to me replica for vector: 3
2025-11-18 17:23:12,834 - INFO - MainThread - server_logic - [DEBUG] found replica for vector: 1
2025-11-18 17:23:12,834 - INFO - MainThread - server_logic - [DEBUG] found replica for vector: 2
2025-11-18 17:23:12,834 - INFO - MainThread - server_logic - [DEBUG] found replica for vector: 3
2025-11-18 17:23:12,834 - INFO - MainThread - server_logic - [DEBUG] to me replica for vector: 3
2025-11-18 17:23:12,834 - INFO - MainThread - server_logic - [DEBUG] found replica for vector: 1
2025-11-18 17:23:12,834 - INFO - MainThread - server_logic - [DEBUG] found replica for vector: 2
2025-11-18 17:23:12,834 - INFO - MainThread - server_logic - [DEBUG] found replica for vector: 3
2025-11-18 17:23:12,834 - INFO - MainThread - server_logic - [DEBUG] to me replica for vector: 3
2025-11-18 17:23:12,834 - INFO - MainThread - server_logic - [DEBUG] found replica for vector: 1
2025-11-18 17:23:12,834 - INFO - MainThread - server_logic - [DEBUG] found replica for vector: 2
2025-11-18 17:23:12,834 - INFO - MainThread - server_logic - [DEBUG] found replica for vector: 3
2025-11-18 17:23:12,834 - INFO - MainThread - server_logic - [DEBUG] found replica for vector: 4
2025-11-18 17:23:12,834 - INFO - MainThread - server_logic - [DEBUG] found replica for vector: 1
2025-11-18 17:23:12,834 - INFO - MainThread - server_logic - [DEBUG] found replica for vector: 2
2025-11-18 17:23:12,834 - INFO - MainThread - server_logic - [DEBUG] found replica for vector: 3
2025-11-18 17:23:12,834 - INFO - MainThread - server_logic - [DEBUG] found replica for vector: 4
2025-11-18 17:23:12,834 - INFO - MainThread - server_logic - [DEBUG] found replica for vector: 1
2025-11-18 17:23:12,834 - INFO - MainThread - server_logic - [DEBUG] found replica for vector: 2
2025-11-18 17:23:12,834 - INFO - MainThread - server_logic - [DEBUG] found replica for vector: 3
2025-11-18 17:23:12,834 - INFO - MainThread - server_logic - [DEBUG] to me replica for vector: 3
2025-11-18 17:23:12,834 - INFO - MainThread - server_logic - [DEBUG] found replica for vector: 1
2025-11-18 17:23:12,834 - INFO - MainThread - server_logic - [DEBUG] found replica for vector: 2
2025-11-18 17:23:12,834 - INFO - MainThread - server_logic - [DEBUG] found replica for vector: 3
2025-11-18 17:23:12,834 - INFO - MainThread - server_logic - [DEBUG] to me replica for vector: 3
2025-11-18 17:23:12,834 - INFO - MainThread - server_logic - [DEBUG] found replica for vector: 1
2025-11-18 17:23:12,834 - INFO - MainThread - server_logic - [DEBUG] found replica for vector: 2
2025-11-18 17:23:12,834 - INFO - MainThread - server_logic - [DEBUG] found replica for vector: 3
2025-11-18 17:23:12,834 - INFO - MainThread - server_logic - [DEBUG] to me replica for vector: 3
2025-11-18 17:23:12,834 - INFO - MainThread - server_logic - [DEBUG] found replica for vector: 1
2025-11-18 17:23:12,834 - INFO - MainThread - server_logic - [DEBUG] found replica for vector: 2
2025-11-18 17:23:12,834 - INFO - MainThread - server_logic - [DEBUG] found replica for vector: 3
2025-11-18 17:23:12,834 - INFO - MainThread - server_logic - [DEBUG] to me replica for vector: 3
2025-11-18 17:23:12,834 - INFO - MainThread - server_logic - [DEBUG] found replica for vector: 1
2025-11-18 17:23:12,834 - INFO - MainThread - server_logic - [DEBUG] found replica for vector: 2
2025-11-18 17:23:12,835 - INFO - MainThread - server_logic - [DEBUG] found replica for vector: 3
2025-11-18 17:23:12,835 - INFO - MainThread - server_logic - [DEBUG] found replica for vector: 4
2025-11-18 17:23:12,835 - INFO - MainThread - server_logic - [DEBUG] found replica for vector: 1
2025-11-18 17:23:12,835 - INFO - MainThread - server_logic - [DEBUG] found replica for vector: 2
2025-11-18 17:23:12,835 - INFO - MainThread - server_logic - [DEBUG] found replica for vector: 3
2025-11-18 17:23:12,835 - INFO - MainThread - server_logic - [DEBUG] found replica for vector: 4
2025-11-18 17:23:12,835 - INFO - MainThread - server_logic - [DEBUG] found replica for vector: 1
2025-11-18 17:23:12,835 - INFO - MainThread - server_logic - [DEBUG] found replica for vector: 2
2025-11-18 17:23:12,835 - INFO - MainThread - server_logic - [DEBUG] found replica for vector: 3
2025-11-18 17:23:12,835 - INFO - MainThread - server_logic - [DEBUG] to me replica for vector: 3
2025-11-18 17:23:12,835 - INFO - MainThread - server_logic - [DEBUG] found replica for vector: 1
2025-11-18 17:23:12,835 - INFO - MainThread - server_logic - [DEBUG] found replica for vector: 2
2025-11-18 17:23:12,835 - INFO - MainThread - server_logic - [DEBUG] found replica for vector: 3
2025-11-18 17:23:12,835 - INFO - MainThread - server_logic - [DEBUG] found replica for vector: 4
2025-11-18 17:23:12,835 - INFO - MainThread - server_logic - [DEBUG] found replica for vector: 1
2025-11-18 17:23:12,835 - INFO - MainThread - server_logic - [DEBUG] found replica for vector: 2
2025-11-18 17:23:12,835 - INFO - MainThread - server_logic - [DEBUG] found replica for vector: 3
2025-11-18 17:23:12,835 - INFO - MainThread - server_logic - [DEBUG] to me replica for vector: 3
2025-11-18 17:23:12,835 - INFO - MainThread - server_logic - [DEBUG] found replica for vector: 1
2025-11-18 17:23:12,835 - INFO - MainThread - server_logic - [DEBUG] found replica for vector: 2
2025-11-18 17:23:12,835 - INFO - MainThread - server_logic - [DEBUG] found replica for vector: 3
2025-11-18 17:23:12,835 - INFO - MainThread - server_logic - [DEBUG] to me replica for vector: 3
2025-11-18 17:23:12,835 - INFO - MainThread - server_logic - [DEBUG] found replica for vector: 1
2025-11-18 17:23:12,835 - INFO - MainThread - server_logic - [DEBUG] found replica for vector: 2
2025-11-18 17:23:12,835 - INFO - MainThread - server_logic - [DEBUG] found replica for vector: 3
2025-11-18 17:23:12,835 - INFO - MainThread - server_logic - [DEBUG] found replica for vector: 4
2025-11-18 17:23:12,835 - INFO - MainThread - server_logic - [DEBUG] found replica for vector: 1
2025-11-18 17:23:12,835 - INFO - MainThread - server_logic - [DEBUG] found replica for vector: 2
2025-11-18 17:23:12,835 - INFO - MainThread - server_logic - [DEBUG] found replica for vector: 3
2025-11-18 17:23:12,835 - INFO - MainThread - server_logic - [DEBUG] found replica for vector: 4
2025-11-18 17:23:12,835 - INFO - MainThread - server_logic - [DEBUG] found replica for vector: 1
2025-11-18 17:23:12,835 - INFO - MainThread - server_logic - [DEBUG] found replica for vector: 2
2025-11-18 17:23:12,835 - INFO - MainThread - server_logic - [DEBUG] found replica for vector: 3
2025-11-18 17:23:12,835 - INFO - MainThread - server_logic - [DEBUG] to me replica for vector: 3
2025-11-18 17:23:12,835 - INFO - MainThread - server_logic - [DEBUG] found replica for vector: 1
2025-11-18 17:23:12,835 - INFO - MainThread - server_logic - [DEBUG] found replica for vector: 2
2025-11-18 17:23:12,835 - INFO - MainThread - server_logic - [DEBUG] found replica for vector: 3
2025-11-18 17:23:12,835 - INFO - MainThread - server_logic - [DEBUG] to me replica for vector: 3
2025-11-18 17:23:12,835 - INFO - MainThread - server_logic - [DEBUG] found replica for vector: 1
2025-11-18 17:23:12,835 - INFO - MainThread - server_logic - [DEBUG] found replica for vector: 2
2025-11-18 17:23:12,835 - INFO - MainThread - server_logic - [DEBUG] found replica for vector: 3
2025-11-18 17:23:12,835 - INFO - MainThread - server_logic - [DEBUG] found replica for vector: 4
2025-11-18 17:23:12,835 - INFO - MainThread - server_logic - [DEBUG] found replica for vector: 1
2025-11-18 17:23:12,835 - INFO - MainThread - server_logic - [DEBUG] found replica for vector: 2
2025-11-18 17:23:12,835 - INFO - MainThread - server_logic - [DEBUG] found replica for vector: 3
2025-11-18 17:23:12,835 - INFO - MainThread - server_logic - [DEBUG] to me replica for vector: 3
2025-11-18 17:23:12,835 - INFO - MainThread - server_logic - [DEBUG] found replica for vector: 1
2025-11-18 17:23:12,835 - INFO - MainThread - server_logic - [DEBUG] found replica for vector: 2
2025-11-18 17:23:12,835 - INFO - MainThread - server_logic - [DEBUG] found replica for vector: 3
2025-11-18 17:23:12,835 - INFO - MainThread - server_logic - [DEBUG] found replica for vector: 4
2025-11-18 17:23:12,835 - INFO - MainThread - server_logic - [DEBUG] found replica for vector: 1
2025-11-18 17:23:12,835 - INFO - MainThread - server_logic - [DEBUG] found replica for vector: 2
2025-11-18 17:23:12,835 - INFO - MainThread - server_logic - [DEBUG] found replica for vector: 3
2025-11-18 17:23:12,835 - INFO - MainThread - server_logic - [DEBUG] found replica for vector: 4
2025-11-18 17:23:12,836 - INFO - MainThread - server_logic - [DEBUG] found replica for vector: 1
2025-11-18 17:23:12,836 - INFO - MainThread - server_logic - [DEBUG] found replica for vector: 2
2025-11-18 17:23:12,836 - INFO - MainThread - server_logic - [DEBUG] found replica for vector: 3
2025-11-18 17:23:12,836 - INFO - MainThread - server_logic - [DEBUG] to me replica for vector: 3
2025-11-18 17:23:12,836 - INFO - MainThread - server_logic - [DEBUG] found replica for vector: 1
2025-11-18 17:23:12,836 - INFO - MainThread - server_logic - [DEBUG] found replica for vector: 2
2025-11-18 17:23:12,836 - INFO - MainThread - server_logic - [DEBUG] found replica for vector: 3
2025-11-18 17:23:12,836 - INFO - MainThread - server_logic - [DEBUG] found replica for vector: 4
2025-11-18 17:23:12,836 - INFO - MainThread - server_logic - [DEBUG] found replica for vector: 1
2025-11-18 17:23:12,836 - INFO - MainThread - server_logic - [DEBUG] found replica for vector: 2
2025-11-18 17:23:12,836 - INFO - MainThread - server_logic - [DEBUG] found replica for vector: 3
2025-11-18 17:23:12,836 - INFO - MainThread - server_logic - [DEBUG] found replica for vector: 4
2025-11-18 17:23:12,836 - INFO - MainThread - server_logic - [DEBUG] found replica for vector: 1
2025-11-18 17:23:12,836 - INFO - MainThread - server_logic - [DEBUG] found replica for vector: 2
2025-11-18 17:23:12,836 - INFO - MainThread - server_logic - [DEBUG] found replica for vector: 3
2025-11-18 17:23:12,836 - INFO - MainThread - server_logic - [DEBUG] to me replica for vector: 3
2025-11-18 17:23:12,836 - INFO - MainThread - server_logic - [DEBUG] found replica for vector: 1
2025-11-18 17:23:12,836 - INFO - MainThread - server_logic - [DEBUG] found replica for vector: 2
2025-11-18 17:23:12,836 - INFO - MainThread - server_logic - [DEBUG] found replica for vector: 3
2025-11-18 17:23:12,836 - INFO - MainThread - server_logic - [DEBUG] found replica for vector: 4
2025-11-18 17:23:12,836 - INFO - MainThread - server_logic - [DEBUG] found replica for vector: 1
2025-11-18 17:23:12,836 - INFO - MainThread - server_logic - [DEBUG] found replica for vector: 2
2025-11-18 17:23:12,836 - INFO - MainThread - server_logic - [DEBUG] found replica for vector: 3
2025-11-18 17:23:12,836 - INFO - MainThread - server_logic - [DEBUG] to me replica for vector: 3
2025-11-18 17:23:12,836 - INFO - MainThread - server_logic - [DEBUG] found replica for vector: 1
2025-11-18 17:23:12,836 - INFO - MainThread - server_logic - [DEBUG] found replica for vector: 2
2025-11-18 17:23:12,836 - INFO - MainThread - server_logic - [DEBUG] found replica for vector: 3
2025-11-18 17:23:12,836 - INFO - MainThread - server_logic - [DEBUG] found replica for vector: 4
2025-11-18 17:23:12,836 - INFO - MainThread - server_logic - [DEBUG] found replica for vector: 1
2025-11-18 17:23:12,836 - INFO - MainThread - server_logic - [DEBUG] found replica for vector: 2
2025-11-18 17:23:12,836 - INFO - MainThread - server_logic - [DEBUG] found replica for vector: 3
2025-11-18 17:23:12,836 - INFO - MainThread - server_logic - [DEBUG] to me replica for vector: 3
2025-11-18 17:23:12,836 - INFO - MainThread - server_logic - [DEBUG] found replica for vector: 1
2025-11-18 17:23:12,836 - INFO - MainThread - server_logic - [DEBUG] found replica for vector: 2
2025-11-18 17:23:12,836 - INFO - MainThread - server_logic - [DEBUG] found replica for vector: 3
2025-11-18 17:23:12,836 - INFO - MainThread - server_logic - [DEBUG] to me replica for vector: 3
2025-11-18 17:23:12,836 - INFO - MainThread - server_logic - [DEBUG] found replica for vector: 1
2025-11-18 17:23:12,836 - INFO - MainThread - server_logic - [DEBUG] found replica for vector: 2
2025-11-18 17:23:12,836 - INFO - MainThread - server_logic - [DEBUG] found replica for vector: 3
2025-11-18 17:23:12,836 - INFO - MainThread - server_logic - [DEBUG] found replica for vector: 4
2025-11-18 17:23:12,836 - INFO - MainThread - server_logic - [DEBUG] found replica for vector: 1
2025-11-18 17:23:12,836 - INFO - MainThread - server_logic - [DEBUG] found replica for vector: 2
2025-11-18 17:23:12,836 - INFO - MainThread - server_logic - [DEBUG] found replica for vector: 3
2025-11-18 17:23:12,836 - INFO - MainThread - server_logic - [DEBUG] found replica for vector: 4
2025-11-18 17:23:12,836 - INFO - MainThread - server_logic - [DEBUG] found replica for vector: 1
2025-11-18 17:23:12,836 - INFO - MainThread - server_logic - [DEBUG] found replica for vector: 2
2025-11-18 17:23:12,836 - INFO - MainThread - server_logic - [DEBUG] found replica for vector: 3
2025-11-18 17:23:12,836 - INFO - MainThread - server_logic - [DEBUG] found replica for vector: 4
2025-11-18 17:23:12,836 - INFO - MainThread - server_logic - [DEBUG] found replica for vector: 1
2025-11-18 17:23:12,836 - INFO - MainThread - server_logic - [DEBUG] found replica for vector: 2
2025-11-18 17:23:12,836 - INFO - MainThread - server_logic - [DEBUG] found replica for vector: 3
2025-11-18 17:23:12,836 - INFO - MainThread - server_logic - [DEBUG] found replica for vector: 4
2025-11-18 17:23:12,836 - INFO - MainThread - server_logic - [DEBUG] found replica for vector: 1
2025-11-18 17:23:12,836 - INFO - MainThread - server_logic - [DEBUG] found replica for vector: 2
2025-11-18 17:23:12,836 - INFO - MainThread - server_logic - [DEBUG] found replica for vector: 3
2025-11-18 17:23:12,836 - INFO - MainThread - server_logic - [DEBUG] found replica for vector: 4
2025-11-18 17:23:12,837 - INFO - MainThread - server_logic - [DEBUG] found replica for vector: 1
2025-11-18 17:23:12,837 - INFO - MainThread - server_logic - [DEBUG] found replica for vector: 2
2025-11-18 17:23:12,837 - INFO - MainThread - server_logic - [DEBUG] found replica for vector: 3
2025-11-18 17:23:12,837 - INFO - MainThread - server_logic - [DEBUG] found replica for vector: 4
2025-11-18 17:23:12,837 - INFO - MainThread - server_logic - [DEBUG] found replica for vector: 1
2025-11-18 17:23:12,837 - INFO - MainThread - server_logic - [DEBUG] found replica for vector: 2
2025-11-18 17:23:12,837 - INFO - MainThread - server_logic - [DEBUG] found replica for vector: 3
2025-11-18 17:23:12,837 - INFO - MainThread - server_logic - [DEBUG] found replica for vector: 4
2025-11-18 17:23:12,837 - INFO - MainThread - server_logic - [DEBUG] found replica for vector: 1
2025-11-18 17:23:12,837 - INFO - MainThread - server_logic - [DEBUG] found replica for vector: 2
2025-11-18 17:23:12,837 - INFO - MainThread - server_logic - [DEBUG] found replica for vector: 3
2025-11-18 17:23:12,837 - INFO - MainThread - server_logic - [DEBUG] to me replica for vector: 3
2025-11-18 17:23:12,837 - INFO - MainThread - server_logic - [DEBUG] found replica for vector: 1
2025-11-18 17:23:12,837 - INFO - MainThread - server_logic - [DEBUG] found replica for vector: 2
2025-11-18 17:23:12,837 - INFO - MainThread - server_logic - [DEBUG] found replica for vector: 3
2025-11-18 17:23:12,837 - INFO - MainThread - server_logic - [DEBUG] found replica for vector: 4
2025-11-18 17:23:12,837 - INFO - MainThread - server_logic - [DEBUG] found replica for vector: 1
2025-11-18 17:23:12,837 - INFO - MainThread - server_logic - [DEBUG] found replica for vector: 2
2025-11-18 17:23:12,837 - INFO - MainThread - server_logic - [DEBUG] found replica for vector: 3
2025-11-18 17:23:12,837 - INFO - MainThread - server_logic - [DEBUG] found replica for vector: 4
2025-11-18 17:23:12,837 - INFO - MainThread - server_logic - [DEBUG] found replica for vector: 1
2025-11-18 17:23:12,837 - INFO - MainThread - server_logic - [DEBUG] found replica for vector: 2
2025-11-18 17:23:12,837 - INFO - MainThread - server_logic - [DEBUG] found replica for vector: 3
2025-11-18 17:23:12,837 - INFO - MainThread - server_logic - [DEBUG] found replica for vector: 4
2025-11-18 17:23:12,837 - INFO - MainThread - server_logic - [DEBUG] found replica for vector: 1
2025-11-18 17:23:12,837 - INFO - MainThread - server_logic - [DEBUG] found replica for vector: 2
2025-11-18 17:23:12,837 - INFO - MainThread - server_logic - [DEBUG] found replica for vector: 3
2025-11-18 17:23:12,837 - INFO - MainThread - server_logic - [DEBUG] found replica for vector: 4
2025-11-18 17:23:12,837 - INFO - MainThread - server_logic - [DEBUG] found replica for vector: 1
2025-11-18 17:23:12,837 - INFO - MainThread - server_logic - [DEBUG] found replica for vector: 2
2025-11-18 17:23:12,837 - INFO - MainThread - server_logic - [DEBUG] found replica for vector: 3
2025-11-18 17:23:12,837 - INFO - MainThread - server_logic - [DEBUG] found replica for vector: 4
2025-11-18 17:23:12,837 - INFO - MainThread - server_logic - [DEBUG] found replica for vector: 1
2025-11-18 17:23:12,837 - INFO - MainThread - server_logic - [DEBUG] found replica for vector: 2
2025-11-18 17:23:12,837 - INFO - MainThread - server_logic - [DEBUG] found replica for vector: 3
2025-11-18 17:23:12,837 - INFO - MainThread - server_logic - [DEBUG] found replica for vector: 4
2025-11-18 17:23:12,837 - INFO - MainThread - server_logic - [DEBUG] found replica for vector: 1
2025-11-18 17:23:12,837 - INFO - MainThread - server_logic - [DEBUG] found replica for vector: 2
2025-11-18 17:23:12,837 - INFO - MainThread - server_logic - [DEBUG] found replica for vector: 3
2025-11-18 17:23:12,837 - INFO - MainThread - server_logic - [DEBUG] found replica for vector: 4
2025-11-18 17:23:12,837 - INFO - MainThread - server_logic - [DEBUG] found replica for vector: 1
2025-11-18 17:23:12,837 - INFO - MainThread - server_logic - [DEBUG] found replica for vector: 2
2025-11-18 17:23:12,837 - INFO - MainThread - server_logic - [DEBUG] found replica for vector: 3
2025-11-18 17:23:12,837 - INFO - MainThread - server_logic - [DEBUG] found replica for vector: 4
2025-11-18 17:23:12,837 - INFO - MainThread - server_logic - [DEBUG] found replica for vector: 1
2025-11-18 17:23:12,837 - INFO - MainThread - server_logic - [DEBUG] found replica for vector: 2
2025-11-18 17:23:12,837 - INFO - MainThread - server_logic - [DEBUG] found replica for vector: 3
2025-11-18 17:23:12,837 - INFO - MainThread - server_logic - [DEBUG] found replica for vector: 4
2025-11-18 17:23:12,837 - INFO - MainThread - server_logic - [DEBUG] found replica for vector: 1
2025-11-18 17:23:12,837 - INFO - MainThread - server_logic - [DEBUG] found replica for vector: 2
2025-11-18 17:23:12,837 - INFO - MainThread - server_logic - [DEBUG] found replica for vector: 3
2025-11-18 17:23:12,837 - INFO - MainThread - server_logic - [DEBUG] to me replica for vector: 3
2025-11-18 17:23:12,837 - INFO - MainThread - server_logic - [DEBUG] found replica for vector: 1
2025-11-18 17:23:12,837 - INFO - MainThread - server_logic - [DEBUG] found replica for vector: 2
2025-11-18 17:23:12,838 - INFO - MainThread - server_logic - [DEBUG] found replica for vector: 3
2025-11-18 17:23:12,838 - INFO - MainThread - server_logic - [DEBUG] found replica for vector: 4
2025-11-18 17:23:12,838 - INFO - MainThread - server_logic - [DEBUG] found replica for vector: 1
2025-11-18 17:23:12,838 - INFO - MainThread - server_logic - [DEBUG] found replica for vector: 2
2025-11-18 17:23:12,838 - INFO - MainThread - server_logic - [DEBUG] found replica for vector: 3
2025-11-18 17:23:12,838 - INFO - MainThread - server_logic - [DEBUG] found replica for vector: 4
2025-11-18 17:23:12,838 - INFO - MainThread - server_logic - [DEBUG] found replica for vector: 1
2025-11-18 17:23:12,838 - INFO - MainThread - server_logic - [DEBUG] found replica for vector: 2
2025-11-18 17:23:12,838 - INFO - MainThread - server_logic - [DEBUG] found replica for vector: 3
2025-11-18 17:23:12,838 - INFO - MainThread - server_logic - [DEBUG] found replica for vector: 4
2025-11-18 17:23:12,838 - INFO - MainThread - server_logic - [DEBUG] found replica for vector: 1
2025-11-18 17:23:12,838 - INFO - MainThread - server_logic - [DEBUG] found replica for vector: 2
2025-11-18 17:23:12,838 - INFO - MainThread - server_logic - [DEBUG] found replica for vector: 3
2025-11-18 17:23:12,838 - INFO - MainThread - server_logic - [DEBUG] found replica for vector: 4
2025-11-18 17:23:12,838 - INFO - MainThread - server_logic - [DEBUG] found replica for vector: 1
2025-11-18 17:23:12,838 - INFO - MainThread - server_logic - [DEBUG] found replica for vector: 2
2025-11-18 17:23:12,838 - INFO - MainThread - server_logic - [DEBUG] found replica for vector: 3
2025-11-18 17:23:12,838 - INFO - MainThread - server_logic - [DEBUG] found replica for vector: 4
2025-11-18 17:23:12,838 - INFO - MainThread - server_logic - [DEBUG] found replica for vector: 1
2025-11-18 17:23:12,838 - INFO - MainThread - server_logic - [DEBUG] found replica for vector: 2
2025-11-18 17:23:12,838 - INFO - MainThread - server_logic - [DEBUG] found replica for vector: 3
2025-11-18 17:23:12,838 - INFO - MainThread - server_logic - [DEBUG] found replica for vector: 4
2025-11-18 17:23:12,838 - INFO - MainThread - server_logic - [DEBUG] found replica for vector: 1
2025-11-18 17:23:12,838 - INFO - MainThread - server_logic - [DEBUG] found replica for vector: 2
2025-11-18 17:23:12,838 - INFO - MainThread - server_logic - [DEBUG] found replica for vector: 3
2025-11-18 17:23:12,838 - INFO - MainThread - server_logic - [DEBUG] found replica for vector: 4
2025-11-18 17:23:12,838 - INFO - MainThread - server_logic - [DEBUG] found replica for vector: 1
2025-11-18 17:23:12,838 - INFO - MainThread - server_logic - [DEBUG] found replica for vector: 2
2025-11-18 17:23:12,838 - INFO - MainThread - server_logic - [DEBUG] found replica for vector: 3
2025-11-18 17:23:12,838 - INFO - MainThread - server_logic - [DEBUG] found replica for vector: 4
2025-11-18 17:23:12,838 - INFO - MainThread - server_logic - [DEBUG] found replica for vector: 1
2025-11-18 17:23:12,838 - INFO - MainThread - server_logic - [DEBUG] found replica for vector: 2
2025-11-18 17:23:12,838 - INFO - MainThread - server_logic - [DEBUG] found replica for vector: 3
2025-11-18 17:23:12,838 - INFO - MainThread - server_logic - [DEBUG] to me replica for vector: 3
2025-11-18 17:23:12,838 - INFO - MainThread - server_logic - [DEBUG] found replica for vector: 1
2025-11-18 17:23:12,838 - INFO - MainThread - server_logic - [DEBUG] found replica for vector: 2
2025-11-18 17:23:12,838 - INFO - MainThread - server_logic - [DEBUG] found replica for vector: 3
2025-11-18 17:23:12,838 - INFO - MainThread - server_logic - [DEBUG] found replica for vector: 4
2025-11-18 17:23:12,838 - INFO - MainThread - server_logic - [DEBUG] found replica for vector: 1
2025-11-18 17:23:12,838 - INFO - MainThread - server_logic - [DEBUG] found replica for vector: 2
2025-11-18 17:23:12,838 - INFO - MainThread - server_logic - [DEBUG] found replica for vector: 3
2025-11-18 17:23:12,838 - INFO - MainThread - server_logic - [DEBUG] found replica for vector: 4
2025-11-18 17:23:12,838 - INFO - MainThread - server_logic - [DEBUG] found replica for vector: 1
2025-11-18 17:23:12,838 - INFO - MainThread - server_logic - [DEBUG] found replica for vector: 2
2025-11-18 17:23:12,838 - INFO - MainThread - server_logic - [DEBUG] found replica for vector: 3
2025-11-18 17:23:12,838 - INFO - MainThread - server_logic - [DEBUG] found replica for vector: 4
2025-11-18 17:23:12,838 - INFO - MainThread - server_logic - [DEBUG] found replica for vector: 1
2025-11-18 17:23:12,838 - INFO - MainThread - server_logic - [DEBUG] found replica for vector: 2
2025-11-18 17:23:12,838 - INFO - MainThread - server_logic - [DEBUG] found replica for vector: 3
2025-11-18 17:23:12,838 - INFO - MainThread - server_logic - [DEBUG] found replica for vector: 4
2025-11-18 17:23:12,838 - INFO - MainThread - server_logic - [DEBUG] found replica for vector: 1
2025-11-18 17:23:12,838 - INFO - MainThread - server_logic - [DEBUG] found replica for vector: 2
2025-11-18 17:23:12,838 - INFO - MainThread - server_logic - [DEBUG] found replica for vector: 3
2025-11-18 17:23:12,838 - INFO - MainThread - server_logic - [DEBUG] found replica for vector: 4
2025-11-18 17:23:12,839 - INFO - MainThread - server_logic - [DEBUG] found replica for vector: 1
2025-11-18 17:23:12,839 - INFO - MainThread - server_logic - [DEBUG] found replica for vector: 2
2025-11-18 17:23:12,839 - INFO - MainThread - server_logic - [DEBUG] found replica for vector: 3
2025-11-18 17:23:12,839 - INFO - MainThread - server_logic - [DEBUG] found replica for vector: 4
2025-11-18 17:23:12,839 - INFO - MainThread - server_logic - [DEBUG] found replica for vector: 1
2025-11-18 17:23:12,839 - INFO - MainThread - server_logic - [DEBUG] found replica for vector: 2
2025-11-18 17:23:12,839 - INFO - MainThread - server_logic - [DEBUG] found replica for vector: 3
2025-11-18 17:23:12,839 - INFO - MainThread - server_logic - [DEBUG] found replica for vector: 4
2025-11-18 17:23:12,839 - INFO - MainThread - server_logic - [DEBUG] found replica for vector: 1
2025-11-18 17:23:12,839 - INFO - MainThread - server_logic - [DEBUG] found replica for vector: 2
2025-11-18 17:23:12,839 - INFO - MainThread - server_logic - [DEBUG] found replica for vector: 3
2025-11-18 17:23:12,839 - INFO - MainThread - server_logic - [DEBUG] found replica for vector: 4
2025-11-18 17:23:12,839 - INFO - MainThread - server_logic - [DEBUG] found replica for vector: 1
2025-11-18 17:23:12,839 - INFO - MainThread - server_logic - [DEBUG] found replica for vector: 2
2025-11-18 17:23:12,839 - INFO - MainThread - server_logic - [DEBUG] found replica for vector: 3
2025-11-18 17:23:12,839 - INFO - MainThread - server_logic - [DEBUG] found replica for vector: 4
2025-11-18 17:23:12,839 - INFO - MainThread - server_logic - [DEBUG] found replica for vector: 1
2025-11-18 17:23:12,839 - INFO - MainThread - server_logic - [DEBUG] found replica for vector: 2
2025-11-18 17:23:12,839 - INFO - MainThread - server_logic - [DEBUG] found replica for vector: 3
2025-11-18 17:23:12,839 - INFO - MainThread - server_logic - [DEBUG] to me replica for vector: 3
2025-11-18 17:23:12,839 - INFO - MainThread - server_logic - [DEBUG] found replica for vector: 1
2025-11-18 17:23:12,839 - INFO - MainThread - server_logic - [DEBUG] found replica for vector: 2
2025-11-18 17:23:12,839 - INFO - MainThread - server_logic - [DEBUG] found replica for vector: 3
2025-11-18 17:23:12,839 - INFO - MainThread - server_logic - [DEBUG] found replica for vector: 4
2025-11-18 17:23:12,839 - INFO - MainThread - server_logic - [DEBUG] found replica for vector: 1
2025-11-18 17:23:12,839 - INFO - MainThread - server_logic - [DEBUG] found replica for vector: 2
2025-11-18 17:23:12,839 - INFO - MainThread - server_logic - [DEBUG] found replica for vector: 3
2025-11-18 17:23:12,839 - INFO - MainThread - server_logic - [DEBUG] found replica for vector: 4
2025-11-18 17:23:12,839 - INFO - MainThread - server_logic - [DEBUG] found replica for vector: 1
2025-11-18 17:23:12,839 - INFO - MainThread - server_logic - [DEBUG] found replica for vector: 2
2025-11-18 17:23:12,839 - INFO - MainThread - server_logic - [DEBUG] found replica for vector: 3
2025-11-18 17:23:12,839 - INFO - MainThread - server_logic - [DEBUG] found replica for vector: 4
2025-11-18 17:23:12,839 - INFO - MainThread - server_logic - [DEBUG] found replica for vector: 1
2025-11-18 17:23:12,839 - INFO - MainThread - server_logic - [DEBUG] found replica for vector: 2
2025-11-18 17:23:12,839 - INFO - MainThread - server_logic - [DEBUG] found replica for vector: 3
2025-11-18 17:23:12,839 - INFO - MainThread - server_logic - [DEBUG] found replica for vector: 4
2025-11-18 17:23:12,839 - INFO - MainThread - server_logic - [DEBUG] found replica for vector: 1
2025-11-18 17:23:12,839 - INFO - MainThread - server_logic - [DEBUG] found replica for vector: 2
2025-11-18 17:23:12,839 - INFO - MainThread - server_logic - [DEBUG] found replica for vector: 3
2025-11-18 17:23:12,839 - INFO - MainThread - server_logic - [DEBUG] found replica for vector: 4
2025-11-18 17:23:12,839 - INFO - MainThread - server_logic - [DEBUG] found replica for vector: 1
2025-11-18 17:23:12,839 - INFO - MainThread - server_logic - [DEBUG] found replica for vector: 2
2025-11-18 17:23:12,839 - INFO - MainThread - server_logic - [DEBUG] found replica for vector: 3
2025-11-18 17:23:12,839 - INFO - MainThread - server_logic - [DEBUG] to me replica for vector: 3
2025-11-18 17:23:12,839 - INFO - MainThread - server_logic - [DEBUG] found replica for vector: 1
2025-11-18 17:23:12,839 - INFO - MainThread - server_logic - [DEBUG] found replica for vector: 2
2025-11-18 17:23:12,839 - INFO - MainThread - server_logic - [DEBUG] found replica for vector: 3
2025-11-18 17:23:12,839 - INFO - MainThread - server_logic - [DEBUG] found replica for vector: 4
2025-11-18 17:23:12,839 - INFO - MainThread - server_logic - [DEBUG] found replica for vector: 1
2025-11-18 17:23:12,839 - INFO - MainThread - server_logic - [DEBUG] found replica for vector: 2
2025-11-18 17:23:12,839 - INFO - MainThread - server_logic - [DEBUG] found replica for vector: 3
2025-11-18 17:23:12,839 - INFO - MainThread - server_logic - [DEBUG] found replica for vector: 4
2025-11-18 17:23:12,839 - INFO - MainThread - server_logic - [DEBUG] found replica for vector: 1
2025-11-18 17:23:12,839 - INFO - MainThread - server_logic - [DEBUG] found replica for vector: 2
2025-11-18 17:23:12,839 - INFO - MainThread - server_logic - [DEBUG] found replica for vector: 3
2025-11-18 17:23:12,839 - INFO - MainThread - server_logic - [DEBUG] found replica for vector: 4
2025-11-18 17:23:12,840 - INFO - MainThread - server_logic - [DEBUG] found replica for vector: 1
2025-11-18 17:23:12,840 - INFO - MainThread - server_logic - [DEBUG] found replica for vector: 2
2025-11-18 17:23:12,840 - INFO - MainThread - server_logic - [DEBUG] found replica for vector: 3
2025-11-18 17:23:12,840 - INFO - MainThread - server_logic - [DEBUG] to me replica for vector: 3
2025-11-18 17:23:12,840 - INFO - MainThread - server_logic - [DEBUG] found replica for vector: 1
2025-11-18 17:23:12,840 - INFO - MainThread - server_logic - [DEBUG] found replica for vector: 2
2025-11-18 17:23:12,840 - INFO - MainThread - server_logic - [DEBUG] found replica for vector: 3
2025-11-18 17:23:12,840 - INFO - MainThread - server_logic - [DEBUG] found replica for vector: 4
2025-11-18 17:23:12,840 - INFO - MainThread - server_logic - [DEBUG] found replica for vector: 1
2025-11-18 17:23:12,840 - INFO - MainThread - server_logic - [DEBUG] found replica for vector: 2
2025-11-18 17:23:12,840 - INFO - MainThread - server_logic - [DEBUG] found replica for vector: 3
2025-11-18 17:23:12,840 - INFO - MainThread - server_logic - [DEBUG] found replica for vector: 4
2025-11-18 17:23:12,840 - INFO - MainThread - server_logic - [DEBUG] found replica for vector: 1
2025-11-18 17:23:12,840 - INFO - MainThread - server_logic - [DEBUG] found replica for vector: 2
2025-11-18 17:23:12,840 - INFO - MainThread - server_logic - [DEBUG] found replica for vector: 3
2025-11-18 17:23:12,840 - INFO - MainThread - server_logic - [DEBUG] found replica for vector: 4
2025-11-18 17:23:12,840 - INFO - MainThread - server_logic - [DEBUG] found replica for vector: 1
2025-11-18 17:23:12,840 - INFO - MainThread - server_logic - [DEBUG] found replica for vector: 2
2025-11-18 17:23:12,840 - INFO - MainThread - server_logic - [DEBUG] found replica for vector: 3
2025-11-18 17:23:12,840 - INFO - MainThread - server_logic - [DEBUG] found replica for vector: 4
2025-11-18 17:23:12,840 - INFO - MainThread - server_logic - [DEBUG] found replica for vector: 1
2025-11-18 17:23:12,840 - INFO - MainThread - server_logic - [DEBUG] found replica for vector: 2
2025-11-18 17:23:12,840 - INFO - MainThread - server_logic - [DEBUG] found replica for vector: 3
2025-11-18 17:23:12,840 - INFO - MainThread - server_logic - [DEBUG] found replica for vector: 4
2025-11-18 17:23:12,840 - INFO - MainThread - server_logic - [DEBUG] found replica for vector: 1
2025-11-18 17:23:12,840 - INFO - MainThread - server_logic - [DEBUG] found replica for vector: 2
2025-11-18 17:23:12,840 - INFO - MainThread - server_logic - [DEBUG] found replica for vector: 3
2025-11-18 17:23:12,840 - INFO - MainThread - server_logic - [DEBUG] found replica for vector: 4
2025-11-18 17:23:12,840 - INFO - MainThread - server_logic - [DEBUG] found replica for vector: 1
2025-11-18 17:23:12,840 - INFO - MainThread - server_logic - [DEBUG] found replica for vector: 2
2025-11-18 17:23:12,840 - INFO - MainThread - server_logic - [DEBUG] found replica for vector: 3
2025-11-18 17:23:12,840 - INFO - MainThread - server_logic - [DEBUG] to me replica for vector: 3
2025-11-18 17:23:12,840 - INFO - MainThread - server_logic - [DEBUG] found replica for vector: 1
2025-11-18 17:23:12,840 - INFO - MainThread - server_logic - [DEBUG] found replica for vector: 2
2025-11-18 17:23:12,840 - INFO - MainThread - server_logic - [DEBUG] found replica for vector: 3
2025-11-18 17:23:12,840 - INFO - MainThread - server_logic - [DEBUG] found replica for vector: 4
2025-11-18 17:23:12,840 - INFO - MainThread - server_logic - [DEBUG] found replica for vector: 1
2025-11-18 17:23:12,840 - INFO - MainThread - server_logic - [DEBUG] found replica for vector: 2
2025-11-18 17:23:12,840 - INFO - MainThread - server_logic - [DEBUG] found replica for vector: 3
2025-11-18 17:23:12,840 - INFO - MainThread - server_logic - [DEBUG] found replica for vector: 4
2025-11-18 17:23:12,840 - INFO - MainThread - server_logic - [DEBUG] found replica for vector: 1
2025-11-18 17:23:12,840 - INFO - MainThread - server_logic - [DEBUG] found replica for vector: 2
2025-11-18 17:23:12,840 - INFO - MainThread - server_logic - [DEBUG] found replica for vector: 3
2025-11-18 17:23:12,840 - INFO - MainThread - server_logic - [DEBUG] found replica for vector: 4
2025-11-18 17:23:12,840 - INFO - MainThread - server_logic - [DEBUG] found replica for vector: 1
2025-11-18 17:23:12,840 - INFO - MainThread - server_logic - [DEBUG] found replica for vector: 2
2025-11-18 17:23:12,840 - INFO - MainThread - server_logic - [DEBUG] found replica for vector: 3
2025-11-18 17:23:12,840 - INFO - MainThread - server_logic - [DEBUG] to me replica for vector: 3
2025-11-18 17:23:12,840 - INFO - MainThread - server_logic - [DEBUG] found replica for vector: 1
2025-11-18 17:23:12,840 - INFO - MainThread - server_logic - [DEBUG] found replica for vector: 2
2025-11-18 17:23:12,840 - INFO - MainThread - server_logic - [DEBUG] found replica for vector: 3
2025-11-18 17:23:12,840 - INFO - MainThread - server_logic - [DEBUG] found replica for vector: 4
2025-11-18 17:23:12,840 - INFO - MainThread - server_logic - [DEBUG] found replica for vector: 1
2025-11-18 17:23:12,840 - INFO - MainThread - server_logic - [DEBUG] found replica for vector: 2
2025-11-18 17:23:12,840 - INFO - MainThread - server_logic - [DEBUG] found replica for vector: 3
2025-11-18 17:23:12,841 - INFO - MainThread - server_logic - [DEBUG] to me replica for vector: 3
2025-11-18 17:23:12,841 - INFO - MainThread - server_logic - [DEBUG] found replica for vector: 1
2025-11-18 17:23:12,841 - INFO - MainThread - server_logic - [DEBUG] found replica for vector: 2
2025-11-18 17:23:12,841 - INFO - MainThread - server_logic - [DEBUG] found replica for vector: 3
2025-11-18 17:23:12,841 - INFO - MainThread - server_logic - [DEBUG] to me replica for vector: 3
2025-11-18 17:23:12,841 - INFO - MainThread - server_logic - [DEBUG] found replica for vector: 1
2025-11-18 17:23:12,841 - INFO - MainThread - server_logic - [DEBUG] found replica for vector: 2
2025-11-18 17:23:12,841 - INFO - MainThread - server_logic - [DEBUG] found replica for vector: 3
2025-11-18 17:23:12,841 - INFO - MainThread - server_logic - [DEBUG] found replica for vector: 4
2025-11-18 17:23:12,841 - INFO - MainThread - server_logic - [DEBUG] found replica for vector: 1
2025-11-18 17:23:12,841 - INFO - MainThread - server_logic - [DEBUG] found replica for vector: 2
2025-11-18 17:23:12,841 - INFO - MainThread - server_logic - [DEBUG] found replica for vector: 3
2025-11-18 17:23:12,841 - INFO - MainThread - server_logic - [DEBUG] found replica for vector: 4
2025-11-18 17:23:12,841 - INFO - MainThread - server_logic - [DEBUG] found replica for vector: 1
2025-11-18 17:23:12,841 - INFO - MainThread - server_logic - [DEBUG] found replica for vector: 2
2025-11-18 17:23:12,841 - INFO - MainThread - server_logic - [DEBUG] found replica for vector: 3
2025-11-18 17:23:12,841 - INFO - MainThread - server_logic - [DEBUG] found replica for vector: 4
2025-11-18 17:23:12,841 - INFO - MainThread - server_logic - [DEBUG] found replica for vector: 1
2025-11-18 17:23:12,841 - INFO - MainThread - server_logic - [DEBUG] found replica for vector: 2
2025-11-18 17:23:12,841 - INFO - MainThread - server_logic - [DEBUG] found replica for vector: 3
2025-11-18 17:23:12,841 - INFO - MainThread - server_logic - [DEBUG] found replica for vector: 4
2025-11-18 17:23:12,841 - INFO - MainThread - server_logic - [DEBUG] found replica for vector: 1
2025-11-18 17:23:12,841 - INFO - MainThread - server_logic - [DEBUG] found replica for vector: 2
2025-11-18 17:23:12,841 - INFO - MainThread - server_logic - [DEBUG] found replica for vector: 3
2025-11-18 17:23:12,841 - INFO - MainThread - server_logic - [DEBUG] to me replica for vector: 3
2025-11-18 17:23:12,841 - INFO - MainThread - server_logic - [DEBUG] found replica for vector: 1
2025-11-18 17:23:12,841 - INFO - MainThread - server_logic - [DEBUG] found replica for vector: 2
2025-11-18 17:23:12,841 - INFO - MainThread - server_logic - [DEBUG] found replica for vector: 3
2025-11-18 17:23:12,841 - INFO - MainThread - server_logic - [DEBUG] found replica for vector: 4
2025-11-18 17:23:12,841 - INFO - MainThread - server_logic - [DEBUG] found replica for vector: 1
2025-11-18 17:23:12,841 - INFO - MainThread - server_logic - [DEBUG] found replica for vector: 2
2025-11-18 17:23:12,841 - INFO - MainThread - server_logic - [DEBUG] found replica for vector: 3
2025-11-18 17:23:12,841 - INFO - MainThread - server_logic - [DEBUG] found replica for vector: 4
2025-11-18 17:23:12,841 - INFO - MainThread - server_logic - [DEBUG] found replica for vector: 1
2025-11-18 17:23:12,841 - INFO - MainThread - server_logic - [DEBUG] found replica for vector: 2
2025-11-18 17:23:12,841 - INFO - MainThread - server_logic - [DEBUG] found replica for vector: 3
2025-11-18 17:23:12,841 - INFO - MainThread - server_logic - [DEBUG] found replica for vector: 4
2025-11-18 17:23:12,841 - INFO - MainThread - server_logic - [DEBUG] found replica for vector: 1
2025-11-18 17:23:12,841 - INFO - MainThread - server_logic - [DEBUG] found replica for vector: 2
2025-11-18 17:23:12,841 - INFO - MainThread - server_logic - [DEBUG] found replica for vector: 3
2025-11-18 17:23:12,841 - INFO - MainThread - server_logic - [DEBUG] found replica for vector: 4
2025-11-18 17:23:12,841 - INFO - MainThread - server_logic - [DEBUG] found replica for vector: 1
2025-11-18 17:23:12,841 - INFO - MainThread - server_logic - [DEBUG] found replica for vector: 2
2025-11-18 17:23:12,841 - INFO - MainThread - server_logic - [DEBUG] found replica for vector: 3
2025-11-18 17:23:12,841 - INFO - MainThread - server_logic - [DEBUG] found replica for vector: 4
2025-11-18 17:23:12,841 - INFO - MainThread - server_logic - [DEBUG] found replica for vector: 1
2025-11-18 17:23:12,841 - INFO - MainThread - server_logic - [DEBUG] found replica for vector: 2
2025-11-18 17:23:12,841 - INFO - MainThread - server_logic - [DEBUG] found replica for vector: 3
2025-11-18 17:23:12,841 - INFO - MainThread - server_logic - [DEBUG] found replica for vector: 4
2025-11-18 17:23:12,841 - INFO - MainThread - server_logic - [DEBUG] found replica for vector: 1
2025-11-18 17:23:12,841 - INFO - MainThread - server_logic - [DEBUG] found replica for vector: 2
2025-11-18 17:23:12,841 - INFO - MainThread - server_logic - [DEBUG] found replica for vector: 3
2025-11-18 17:23:12,841 - INFO - MainThread - server_logic - [DEBUG] found replica for vector: 4
2025-11-18 17:23:12,841 - INFO - MainThread - server_logic - [DEBUG] found replica for vector: 1
2025-11-18 17:23:12,841 - INFO - MainThread - server_logic - [DEBUG] found replica for vector: 2
2025-11-18 17:23:12,841 - INFO - MainThread - server_logic - [DEBUG] found replica for vector: 3
2025-11-18 17:23:12,841 - INFO - MainThread - server_logic - [DEBUG] found replica for vector: 4
2025-11-18 17:23:12,841 - INFO - MainThread - server_logic - [DEBUG] found replica for vector: 1
2025-11-18 17:23:12,842 - INFO - MainThread - server_logic - [DEBUG] found replica for vector: 2
2025-11-18 17:23:12,842 - INFO - MainThread - server_logic - [DEBUG] found replica for vector: 3
2025-11-18 17:23:12,842 - INFO - MainThread - server_logic - [DEBUG] found replica for vector: 4
2025-11-18 17:23:12,842 - INFO - MainThread - server_logic - [DEBUG] found replica for vector: 1
2025-11-18 17:23:12,842 - INFO - MainThread - server_logic - [DEBUG] found replica for vector: 2
2025-11-18 17:23:12,842 - INFO - MainThread - server_logic - [DEBUG] found replica for vector: 3
2025-11-18 17:23:12,842 - INFO - MainThread - server_logic - [DEBUG] found replica for vector: 4
2025-11-18 17:23:12,842 - INFO - MainThread - server_logic - [DEBUG] found replica for vector: 1
2025-11-18 17:23:12,842 - INFO - MainThread - server_logic - [DEBUG] found replica for vector: 2
2025-11-18 17:23:12,842 - INFO - MainThread - server_logic - [DEBUG] found replica for vector: 3
2025-11-18 17:23:12,842 - INFO - MainThread - server_logic - [DEBUG] found replica for vector: 4
2025-11-18 17:23:12,842 - INFO - MainThread - server_logic - [DEBUG] found replica for vector: 1
2025-11-18 17:23:12,842 - INFO - MainThread - server_logic - [DEBUG] found replica for vector: 2
2025-11-18 17:23:12,842 - INFO - MainThread - server_logic - [DEBUG] found replica for vector: 3
2025-11-18 17:23:12,842 - INFO - MainThread - server_logic - [DEBUG] to me replica for vector: 3
2025-11-18 17:23:12,842 - INFO - MainThread - server_logic - [DEBUG] found replica for vector: 1
2025-11-18 17:23:12,842 - INFO - MainThread - server_logic - [DEBUG] found replica for vector: 2
2025-11-18 17:23:12,842 - INFO - MainThread - server_logic - [DEBUG] found replica for vector: 3
2025-11-18 17:23:12,842 - INFO - MainThread - server_logic - [DEBUG] found replica for vector: 4
2025-11-18 17:23:12,842 - INFO - MainThread - server_logic - [DEBUG] found replica for vector: 1
2025-11-18 17:23:12,842 - INFO - MainThread - server_logic - [DEBUG] found replica for vector: 2
2025-11-18 17:23:12,842 - INFO - MainThread - server_logic - [DEBUG] found replica for vector: 3
2025-11-18 17:23:12,842 - INFO - MainThread - server_logic - [DEBUG] to me replica for vector: 3
2025-11-18 17:23:12,842 - INFO - MainThread - server_logic - [DEBUG] found replica for vector: 1
2025-11-18 17:23:12,842 - INFO - MainThread - server_logic - [DEBUG] found replica for vector: 2
2025-11-18 17:23:12,842 - INFO - MainThread - server_logic - [DEBUG] found replica for vector: 3
2025-11-18 17:23:12,842 - INFO - MainThread - server_logic - [DEBUG] found replica for vector: 4
2025-11-18 17:23:12,842 - INFO - MainThread - server_logic - [DEBUG] found replica for vector: 1
2025-11-18 17:23:12,842 - INFO - MainThread - server_logic - [DEBUG] found replica for vector: 2
2025-11-18 17:23:12,842 - INFO - MainThread - server_logic - [DEBUG] found replica for vector: 3
2025-11-18 17:23:12,842 - INFO - MainThread - server_logic - [DEBUG] found replica for vector: 4
2025-11-18 17:23:12,842 - INFO - MainThread - server_logic - [DEBUG] found replica for vector: 1
2025-11-18 17:23:12,842 - INFO - MainThread - server_logic - [DEBUG] found replica for vector: 2
2025-11-18 17:23:12,842 - INFO - MainThread - server_logic - [DEBUG] found replica for vector: 3
2025-11-18 17:23:12,842 - INFO - MainThread - server_logic - [DEBUG] found replica for vector: 4
2025-11-18 17:23:12,842 - INFO - MainThread - server_logic - [DEBUG] found replica for vector: 1
2025-11-18 17:23:12,842 - INFO - MainThread - server_logic - [DEBUG] found replica for vector: 2
2025-11-18 17:23:12,842 - INFO - MainThread - server_logic - [DEBUG] found replica for vector: 3
2025-11-18 17:23:12,842 - INFO - MainThread - server_logic - [DEBUG] found replica for vector: 4
2025-11-18 17:23:12,842 - INFO - MainThread - server_logic - [DEBUG] found replica for vector: 1
2025-11-18 17:23:12,842 - INFO - MainThread - server_logic - [DEBUG] found replica for vector: 2
2025-11-18 17:23:12,842 - INFO - MainThread - server_logic - [DEBUG] found replica for vector: 3
2025-11-18 17:23:12,842 - INFO - MainThread - server_logic - [DEBUG] found replica for vector: 4
2025-11-18 17:23:12,842 - INFO - MainThread - server_logic - [DEBUG] found replica for vector: 1
2025-11-18 17:23:12,842 - INFO - MainThread - server_logic - [DEBUG] found replica for vector: 2
2025-11-18 17:23:12,842 - INFO - MainThread - server_logic - [DEBUG] found replica for vector: 3
2025-11-18 17:23:12,842 - INFO - MainThread - server_logic - [DEBUG] to me replica for vector: 3
2025-11-18 17:23:12,842 - INFO - MainThread - server_logic - [DEBUG] found replica for vector: 1
2025-11-18 17:23:12,842 - INFO - MainThread - server_logic - [DEBUG] found replica for vector: 2
2025-11-18 17:23:12,842 - INFO - MainThread - server_logic - [DEBUG] found replica for vector: 3
2025-11-18 17:23:12,842 - INFO - MainThread - server_logic - [DEBUG] to me replica for vector: 3
2025-11-18 17:23:12,842 - INFO - MainThread - server_logic - [DEBUG] found replica for vector: 1
2025-11-18 17:23:12,842 - INFO - MainThread - server_logic - [DEBUG] found replica for vector: 2
2025-11-18 17:23:12,842 - INFO - MainThread - server_logic - [DEBUG] found replica for vector: 3
2025-11-18 17:23:12,842 - INFO - MainThread - server_logic - [DEBUG] found replica for vector: 4
2025-11-18 17:23:12,842 - INFO - MainThread - server_logic - [DEBUG] found replica for vector: 1
2025-11-18 17:23:12,842 - INFO - MainThread - server_logic - [DEBUG] found replica for vector: 2
2025-11-18 17:23:12,842 - INFO - MainThread - server_logic - [DEBUG] found replica for vector: 3
2025-11-18 17:23:12,843 - INFO - MainThread - server_logic - [DEBUG] found replica for vector: 4
2025-11-18 17:23:12,843 - INFO - MainThread - server_logic - [DEBUG] found replica for vector: 1
2025-11-18 17:23:12,843 - INFO - MainThread - server_logic - [DEBUG] found replica for vector: 2
2025-11-18 17:23:12,843 - INFO - MainThread - server_logic - [DEBUG] found replica for vector: 3
2025-11-18 17:23:12,843 - INFO - MainThread - server_logic - [DEBUG] found replica for vector: 4
2025-11-18 17:23:12,843 - INFO - MainThread - server_logic - [DEBUG] found replica for vector: 1
2025-11-18 17:23:12,843 - INFO - MainThread - server_logic - [DEBUG] found replica for vector: 2
2025-11-18 17:23:12,843 - INFO - MainThread - server_logic - [DEBUG] found replica for vector: 3
2025-11-18 17:23:12,843 - INFO - MainThread - server_logic - [DEBUG] found replica for vector: 4
2025-11-18 17:23:12,843 - INFO - MainThread - server_logic - [DEBUG] found replica for vector: 1
2025-11-18 17:23:12,843 - INFO - MainThread - server_logic - [DEBUG] found replica for vector: 2
2025-11-18 17:23:12,843 - INFO - MainThread - server_logic - [DEBUG] found replica for vector: 3
2025-11-18 17:23:12,843 - INFO - MainThread - server_logic - [DEBUG] found replica for vector: 4
2025-11-18 17:23:12,843 - INFO - MainThread - server_logic - [DEBUG] found replica for vector: 1
2025-11-18 17:23:12,843 - INFO - MainThread - server_logic - [DEBUG] found replica for vector: 2
2025-11-18 17:23:12,843 - INFO - MainThread - server_logic - [DEBUG] found replica for vector: 3
2025-11-18 17:23:12,843 - INFO - MainThread - server_logic - [DEBUG] to me replica for vector: 3
2025-11-18 17:23:12,843 - INFO - MainThread - server_logic - [DEBUG] found replica for vector: 1
2025-11-18 17:23:12,843 - INFO - MainThread - server_logic - [DEBUG] found replica for vector: 2
2025-11-18 17:23:12,843 - INFO - MainThread - server_logic - [DEBUG] found replica for vector: 3
2025-11-18 17:23:12,843 - INFO - MainThread - server_logic - [DEBUG] found replica for vector: 4
2025-11-18 17:23:12,843 - INFO - MainThread - server_logic - [DEBUG] found replica for vector: 1
2025-11-18 17:23:12,843 - INFO - MainThread - server_logic - [DEBUG] found replica for vector: 2
2025-11-18 17:23:12,843 - INFO - MainThread - server_logic - [DEBUG] found replica for vector: 3
2025-11-18 17:23:12,843 - INFO - MainThread - server_logic - [DEBUG] found replica for vector: 4
2025-11-18 17:23:12,843 - INFO - MainThread - server_logic - [DEBUG] found replica for vector: 1
2025-11-18 17:23:12,843 - INFO - MainThread - server_logic - [DEBUG] found replica for vector: 2
2025-11-18 17:23:12,843 - INFO - MainThread - server_logic - [DEBUG] found replica for vector: 3
2025-11-18 17:23:12,843 - INFO - MainThread - server_logic - [DEBUG] found replica for vector: 4
2025-11-18 17:23:12,843 - INFO - MainThread - server_logic - [DEBUG] found replica for vector: 1
2025-11-18 17:23:12,843 - INFO - MainThread - server_logic - [DEBUG] found replica for vector: 2
2025-11-18 17:23:12,843 - INFO - MainThread - server_logic - [DEBUG] found replica for vector: 3
2025-11-18 17:23:12,843 - INFO - MainThread - server_logic - [DEBUG] to me replica for vector: 3
2025-11-18 17:23:12,843 - INFO - MainThread - server_logic - [DEBUG] found replica for vector: 1
2025-11-18 17:23:12,843 - INFO - MainThread - server_logic - [DEBUG] found replica for vector: 2
2025-11-18 17:23:12,843 - INFO - MainThread - server_logic - [DEBUG] found replica for vector: 3
2025-11-18 17:23:12,843 - INFO - MainThread - server_logic - [DEBUG] to me replica for vector: 3
2025-11-18 17:23:12,843 - INFO - MainThread - server_logic - [DEBUG] found replica for vector: 1
2025-11-18 17:23:12,843 - INFO - MainThread - server_logic - [DEBUG] found replica for vector: 2
2025-11-18 17:23:12,843 - INFO - MainThread - server_logic - [DEBUG] found replica for vector: 3
2025-11-18 17:23:12,843 - INFO - MainThread - server_logic - [DEBUG] found replica for vector: 4
2025-11-18 17:23:12,843 - INFO - MainThread - server_logic - [DEBUG] found replica for vector: 1
2025-11-18 17:23:12,843 - INFO - MainThread - server_logic - [DEBUG] found replica for vector: 2
2025-11-18 17:23:12,843 - INFO - MainThread - server_logic - [DEBUG] found replica for vector: 3
2025-11-18 17:23:12,843 - INFO - MainThread - server_logic - [DEBUG] to me replica for vector: 3
2025-11-18 17:23:12,843 - INFO - MainThread - server_logic - [DEBUG] found replica for vector: 1
2025-11-18 17:23:12,843 - INFO - MainThread - server_logic - [DEBUG] found replica for vector: 2
2025-11-18 17:23:12,843 - INFO - MainThread - server_logic - [DEBUG] found replica for vector: 3
2025-11-18 17:23:12,843 - INFO - MainThread - server_logic - [DEBUG] found replica for vector: 4
2025-11-18 17:23:12,843 - INFO - MainThread - server_logic - [DEBUG] found replica for vector: 1
2025-11-18 17:23:12,843 - INFO - MainThread - server_logic - [DEBUG] found replica for vector: 2
2025-11-18 17:23:12,843 - INFO - MainThread - server_logic - [DEBUG] found replica for vector: 3
2025-11-18 17:23:12,843 - INFO - MainThread - server_logic - [DEBUG] found replica for vector: 4
2025-11-18 17:23:12,843 - INFO - MainThread - server_logic - [DEBUG] found replica for vector: 1
2025-11-18 17:23:12,843 - INFO - MainThread - server_logic - [DEBUG] found replica for vector: 2
2025-11-18 17:23:12,843 - INFO - MainThread - server_logic - [DEBUG] found replica for vector: 3
2025-11-18 17:23:12,843 - INFO - MainThread - server_logic - [DEBUG] found replica for vector: 4
2025-11-18 17:23:12,843 - INFO - MainThread - server_logic - [DEBUG] found replica for vector: 1
2025-11-18 17:23:12,844 - INFO - MainThread - server_logic - [DEBUG] found replica for vector: 2
2025-11-18 17:23:12,844 - INFO - MainThread - server_logic - [DEBUG] found replica for vector: 3
2025-11-18 17:23:12,844 - INFO - MainThread - server_logic - [DEBUG] found replica for vector: 4
2025-11-18 17:23:12,844 - INFO - MainThread - server_logic - [DEBUG] found replica for vector: 1
2025-11-18 17:23:12,844 - INFO - MainThread - server_logic - [DEBUG] found replica for vector: 2
2025-11-18 17:23:12,844 - INFO - MainThread - server_logic - [DEBUG] found replica for vector: 3
2025-11-18 17:23:12,844 - INFO - MainThread - server_logic - [DEBUG] found replica for vector: 4
2025-11-18 17:23:12,844 - INFO - MainThread - server_logic - [DEBUG] found replica for vector: 1
2025-11-18 17:23:12,844 - INFO - MainThread - server_logic - [DEBUG] found replica for vector: 2
2025-11-18 17:23:12,844 - INFO - MainThread - server_logic - [DEBUG] found replica for vector: 3
2025-11-18 17:23:12,844 - INFO - MainThread - server_logic - [DEBUG] found replica for vector: 4
2025-11-18 17:23:12,844 - INFO - MainThread - server_logic - [DEBUG] found replica for vector: 1
2025-11-18 17:23:12,844 - INFO - MainThread - server_logic - [DEBUG] found replica for vector: 2
2025-11-18 17:23:12,844 - INFO - MainThread - server_logic - [DEBUG] found replica for vector: 3
2025-11-18 17:23:12,844 - INFO - MainThread - server_logic - [DEBUG] found replica for vector: 4
2025-11-18 17:23:12,844 - INFO - MainThread - server_logic - [DEBUG] found replica for vector: 1
2025-11-18 17:23:12,844 - INFO - MainThread - server_logic - [DEBUG] found replica for vector: 2
2025-11-18 17:23:12,844 - INFO - MainThread - server_logic - [DEBUG] found replica for vector: 3
2025-11-18 17:23:12,844 - INFO - MainThread - server_logic - [DEBUG] found replica for vector: 4
2025-11-18 17:23:12,844 - INFO - MainThread - server_logic - [DEBUG] found replica for vector: 1
2025-11-18 17:23:12,844 - INFO - MainThread - server_logic - [DEBUG] found replica for vector: 2
2025-11-18 17:23:12,844 - INFO - MainThread - server_logic - [DEBUG] found replica for vector: 3
2025-11-18 17:23:12,844 - INFO - MainThread - server_logic - [DEBUG] found replica for vector: 4
2025-11-18 17:23:12,844 - INFO - MainThread - server_logic - [DEBUG] found replica for vector: 1
2025-11-18 17:23:12,844 - INFO - MainThread - server_logic - [DEBUG] found replica for vector: 2
2025-11-18 17:23:12,844 - INFO - MainThread - server_logic - [DEBUG] found replica for vector: 3
2025-11-18 17:23:12,844 - INFO - MainThread - server_logic - [DEBUG] found replica for vector: 4
2025-11-18 17:23:12,844 - INFO - MainThread - server_logic - [DEBUG] found replica for vector: 1
2025-11-18 17:23:12,844 - INFO - MainThread - server_logic - [DEBUG] found replica for vector: 2
2025-11-18 17:23:12,844 - INFO - MainThread - server_logic - [DEBUG] found replica for vector: 3
2025-11-18 17:23:12,844 - INFO - MainThread - server_logic - [DEBUG] found replica for vector: 4
2025-11-18 17:23:12,844 - INFO - MainThread - server_logic - [DEBUG] found replica for vector: 1
2025-11-18 17:23:12,844 - INFO - MainThread - server_logic - [DEBUG] found replica for vector: 2
2025-11-18 17:23:12,844 - INFO - MainThread - server_logic - [DEBUG] found replica for vector: 3
2025-11-18 17:23:12,844 - INFO - MainThread - server_logic - [DEBUG] found replica for vector: 4
2025-11-18 17:23:12,844 - INFO - MainThread - server_logic - [DEBUG] found replica for vector: 1
2025-11-18 17:23:12,844 - INFO - MainThread - server_logic - [DEBUG] found replica for vector: 2
2025-11-18 17:23:12,844 - INFO - MainThread - server_logic - [DEBUG] found replica for vector: 3
2025-11-18 17:23:12,844 - INFO - MainThread - server_logic - [DEBUG] found replica for vector: 4
2025-11-18 17:23:12,844 - INFO - MainThread - server_logic - [DEBUG] found replica for vector: 1
2025-11-18 17:23:12,844 - INFO - MainThread - server_logic - [DEBUG] found replica for vector: 2
2025-11-18 17:23:12,844 - INFO - MainThread - server_logic - [DEBUG] found replica for vector: 3
2025-11-18 17:23:12,844 - INFO - MainThread - server_logic - [DEBUG] found replica for vector: 4
2025-11-18 17:23:12,844 - INFO - MainThread - server_logic - [DEBUG] found replica for vector: 1
2025-11-18 17:23:12,844 - INFO - MainThread - server_logic - [DEBUG] found replica for vector: 2
2025-11-18 17:23:12,844 - INFO - MainThread - server_logic - [DEBUG] found replica for vector: 3
2025-11-18 17:23:12,844 - INFO - MainThread - server_logic - [DEBUG] to me replica for vector: 3
2025-11-18 17:23:12,844 - INFO - MainThread - server_logic - [DEBUG] found replica for vector: 1
2025-11-18 17:23:12,844 - INFO - MainThread - server_logic - [DEBUG] found replica for vector: 2
2025-11-18 17:23:12,844 - INFO - MainThread - server_logic - [DEBUG] found replica for vector: 3
2025-11-18 17:23:12,844 - INFO - MainThread - server_logic - [DEBUG] found replica for vector: 4
2025-11-18 17:23:12,844 - INFO - MainThread - server_logic - [DEBUG] found replica for vector: 1
2025-11-18 17:23:12,844 - INFO - MainThread - server_logic - [DEBUG] found replica for vector: 2
2025-11-18 17:23:12,844 - INFO - MainThread - server_logic - [DEBUG] found replica for vector: 3
2025-11-18 17:23:12,844 - INFO - MainThread - server_logic - [DEBUG] found replica for vector: 4
2025-11-18 17:23:12,844 - INFO - MainThread - server_logic - [DEBUG] found replica for vector: 1
2025-11-18 17:23:12,844 - INFO - MainThread - server_logic - [DEBUG] found replica for vector: 2
2025-11-18 17:23:12,844 - INFO - MainThread - server_logic - [DEBUG] found replica for vector: 3
2025-11-18 17:23:12,845 - INFO - MainThread - server_logic - [DEBUG] to me replica for vector: 3
2025-11-18 17:23:12,845 - INFO - MainThread - server_logic - [DEBUG] found replica for vector: 1
2025-11-18 17:23:12,845 - INFO - MainThread - server_logic - [DEBUG] found replica for vector: 2
2025-11-18 17:23:12,845 - INFO - MainThread - server_logic - [DEBUG] found replica for vector: 3
2025-11-18 17:23:12,845 - INFO - MainThread - server_logic - [DEBUG] found replica for vector: 4
2025-11-18 17:23:12,845 - INFO - MainThread - server_logic - [DEBUG] found replica for vector: 1
2025-11-18 17:23:12,845 - INFO - MainThread - server_logic - [DEBUG] found replica for vector: 2
2025-11-18 17:23:12,845 - INFO - MainThread - server_logic - [DEBUG] found replica for vector: 3
2025-11-18 17:23:12,845 - INFO - MainThread - server_logic - [DEBUG] to me replica for vector: 3
2025-11-18 17:23:12,845 - INFO - MainThread - server_logic - [DEBUG] found replica for vector: 1
2025-11-18 17:23:12,845 - INFO - MainThread - server_logic - [DEBUG] found replica for vector: 2
2025-11-18 17:23:12,845 - INFO - MainThread - server_logic - [DEBUG] found replica for vector: 3
2025-11-18 17:23:12,845 - INFO - MainThread - server_logic - [DEBUG] found replica for vector: 4
2025-11-18 17:23:12,845 - INFO - MainThread - server_logic - [DEBUG] found replica for vector: 1
2025-11-18 17:23:12,845 - INFO - MainThread - server_logic - [DEBUG] found replica for vector: 2
2025-11-18 17:23:12,845 - INFO - MainThread - server_logic - [DEBUG] found replica for vector: 3
2025-11-18 17:23:12,845 - INFO - MainThread - server_logic - [DEBUG] found replica for vector: 4
2025-11-18 17:23:12,845 - INFO - MainThread - server_logic - [DEBUG] found replica for vector: 1
2025-11-18 17:23:12,845 - INFO - MainThread - server_logic - [DEBUG] found replica for vector: 2
2025-11-18 17:23:12,845 - INFO - MainThread - server_logic - [DEBUG] found replica for vector: 3
2025-11-18 17:23:12,845 - INFO - MainThread - server_logic - [DEBUG] to me replica for vector: 3
2025-11-18 17:23:12,845 - INFO - MainThread - server_logic - [DEBUG] found replica for vector: 1
2025-11-18 17:23:12,845 - INFO - MainThread - server_logic - [DEBUG] found replica for vector: 2
2025-11-18 17:23:12,845 - INFO - MainThread - server_logic - [DEBUG] found replica for vector: 3
2025-11-18 17:23:12,845 - INFO - MainThread - server_logic - [DEBUG] found replica for vector: 4
2025-11-18 17:23:12,845 - INFO - MainThread - server_logic - [DEBUG] found replica for vector: 1
2025-11-18 17:23:12,845 - INFO - MainThread - server_logic - [DEBUG] found replica for vector: 2
2025-11-18 17:23:12,845 - INFO - MainThread - server_logic - [DEBUG] found replica for vector: 3
2025-11-18 17:23:12,845 - INFO - MainThread - server_logic - [DEBUG] to me replica for vector: 3
2025-11-18 17:23:12,845 - INFO - MainThread - server_logic - [DEBUG] found replica for vector: 1
2025-11-18 17:23:12,845 - INFO - MainThread - server_logic - [DEBUG] found replica for vector: 2
2025-11-18 17:23:12,845 - INFO - MainThread - server_logic - [DEBUG] found replica for vector: 3
2025-11-18 17:23:12,845 - INFO - MainThread - server_logic - [DEBUG] found replica for vector: 4
2025-11-18 17:23:12,845 - INFO - MainThread - server_logic - [DEBUG] found replica for vector: 1
2025-11-18 17:23:12,845 - INFO - MainThread - server_logic - [DEBUG] found replica for vector: 2
2025-11-18 17:23:12,845 - INFO - MainThread - server_logic - [DEBUG] found replica for vector: 3
2025-11-18 17:23:12,845 - INFO - MainThread - server_logic - [DEBUG] to me replica for vector: 3
2025-11-18 17:23:12,845 - INFO - MainThread - server_logic - [DEBUG] found replica for vector: 1
2025-11-18 17:23:12,845 - INFO - MainThread - server_logic - [DEBUG] found replica for vector: 2
2025-11-18 17:23:12,845 - INFO - MainThread - server_logic - [DEBUG] found replica for vector: 3
2025-11-18 17:23:12,845 - INFO - MainThread - server_logic - [DEBUG] found replica for vector: 4
2025-11-18 17:23:12,845 - INFO - MainThread - server_logic - [DEBUG] found replica for vector: 1
2025-11-18 17:23:12,845 - INFO - MainThread - server_logic - [DEBUG] found replica for vector: 2
2025-11-18 17:23:12,845 - INFO - MainThread - server_logic - [DEBUG] found replica for vector: 3
2025-11-18 17:23:12,845 - INFO - MainThread - server_logic - [DEBUG] found replica for vector: 4
2025-11-18 17:23:12,845 - INFO - MainThread - server_logic - [DEBUG] found replica for vector: 1
2025-11-18 17:23:12,845 - INFO - MainThread - server_logic - [DEBUG] found replica for vector: 2
2025-11-18 17:23:12,845 - INFO - MainThread - server_logic - [DEBUG] found replica for vector: 3
2025-11-18 17:23:12,845 - INFO - MainThread - server_logic - [DEBUG] found replica for vector: 4
2025-11-18 17:23:12,845 - INFO - MainThread - server_logic - [DEBUG] found replica for vector: 1
2025-11-18 17:23:12,845 - INFO - MainThread - server_logic - [DEBUG] found replica for vector: 2
2025-11-18 17:23:12,845 - INFO - MainThread - server_logic - [DEBUG] found replica for vector: 3
2025-11-18 17:23:12,845 - INFO - MainThread - server_logic - [DEBUG] to me replica for vector: 3
2025-11-18 17:23:12,845 - INFO - MainThread - server_logic - [DEBUG] found replica for vector: 1
2025-11-18 17:23:12,845 - INFO - MainThread - server_logic - [DEBUG] found replica for vector: 2
2025-11-18 17:23:12,845 - INFO - MainThread - server_logic - [DEBUG] found replica for vector: 3
2025-11-18 17:23:12,845 - INFO - MainThread - server_logic - [DEBUG] found replica for vector: 4
2025-11-18 17:23:12,845 - INFO - MainThread - server_logic - [DEBUG] found replica for vector: 1
2025-11-18 17:23:12,846 - INFO - MainThread - server_logic - [DEBUG] found replica for vector: 2
2025-11-18 17:23:12,846 - INFO - MainThread - server_logic - [DEBUG] found replica for vector: 3
2025-11-18 17:23:12,846 - INFO - MainThread - server_logic - [DEBUG] found replica for vector: 4
2025-11-18 17:23:12,846 - INFO - MainThread - server_logic - [DEBUG] found replica for vector: 1
2025-11-18 17:23:12,846 - INFO - MainThread - server_logic - [DEBUG] found replica for vector: 2
2025-11-18 17:23:12,846 - INFO - MainThread - server_logic - [DEBUG] found replica for vector: 3
2025-11-18 17:23:12,846 - INFO - MainThread - server_logic - [DEBUG] found replica for vector: 4
2025-11-18 17:23:12,846 - INFO - MainThread - server_logic - [DEBUG] found replica for vector: 1
2025-11-18 17:23:12,846 - INFO - MainThread - server_logic - [DEBUG] found replica for vector: 2
2025-11-18 17:23:12,846 - INFO - MainThread - server_logic - [DEBUG] found replica for vector: 3
2025-11-18 17:23:12,846 - INFO - MainThread - server_logic - [DEBUG] found replica for vector: 4
2025-11-18 17:23:12,846 - INFO - MainThread - server_logic - [DEBUG] found replica for vector: 1
2025-11-18 17:23:12,846 - INFO - MainThread - server_logic - [DEBUG] found replica for vector: 2
2025-11-18 17:23:12,846 - INFO - MainThread - server_logic - [DEBUG] found replica for vector: 3
2025-11-18 17:23:12,846 - INFO - MainThread - server_logic - [DEBUG] found replica for vector: 4
2025-11-18 17:23:12,846 - INFO - MainThread - server_logic - [DEBUG] found replica for vector: 1
2025-11-18 17:23:12,846 - INFO - MainThread - server_logic - [DEBUG] found replica for vector: 2
2025-11-18 17:23:12,846 - INFO - MainThread - server_logic - [DEBUG] found replica for vector: 3
2025-11-18 17:23:12,846 - INFO - MainThread - server_logic - [DEBUG] found replica for vector: 4
2025-11-18 17:23:12,846 - INFO - MainThread - server_logic - [DEBUG] found replica for vector: 1
2025-11-18 17:23:12,846 - INFO - MainThread - server_logic - [DEBUG] found replica for vector: 2
2025-11-18 17:23:12,846 - INFO - MainThread - server_logic - [DEBUG] found replica for vector: 3
2025-11-18 17:23:12,846 - INFO - MainThread - server_logic - [DEBUG] found replica for vector: 4
2025-11-18 17:23:12,846 - INFO - MainThread - server_logic - [DEBUG] found replica for vector: 1
2025-11-18 17:23:12,846 - INFO - MainThread - server_logic - [DEBUG] found replica for vector: 2
2025-11-18 17:23:12,846 - INFO - MainThread - server_logic - [DEBUG] found replica for vector: 3
2025-11-18 17:23:12,846 - INFO - MainThread - server_logic - [DEBUG] found replica for vector: 4
2025-11-18 17:23:12,846 - INFO - MainThread - server_logic - [DEBUG] found replica for vector: 1
2025-11-18 17:23:12,846 - INFO - MainThread - server_logic - [DEBUG] found replica for vector: 2
2025-11-18 17:23:12,846 - INFO - MainThread - server_logic - [DEBUG] found replica for vector: 3
2025-11-18 17:23:12,846 - INFO - MainThread - server_logic - [DEBUG] to me replica for vector: 3
2025-11-18 17:23:12,846 - INFO - MainThread - server_logic - [DEBUG] found replica for vector: 1
2025-11-18 17:23:12,846 - INFO - MainThread - server_logic - [DEBUG] found replica for vector: 2
2025-11-18 17:23:12,846 - INFO - MainThread - server_logic - [DEBUG] found replica for vector: 3
2025-11-18 17:23:12,846 - INFO - MainThread - server_logic - [DEBUG] found replica for vector: 4
2025-11-18 17:23:12,846 - INFO - MainThread - server_logic - [DEBUG] found replica for vector: 1
2025-11-18 17:23:12,846 - INFO - MainThread - server_logic - [DEBUG] found replica for vector: 2
2025-11-18 17:23:12,846 - INFO - MainThread - server_logic - [DEBUG] found replica for vector: 3
2025-11-18 17:23:12,846 - INFO - MainThread - server_logic - [DEBUG] found replica for vector: 4
2025-11-18 17:23:12,846 - INFO - MainThread - server_logic - [DEBUG] found replica for vector: 1
2025-11-18 17:23:12,846 - INFO - MainThread - server_logic - [DEBUG] found replica for vector: 2
2025-11-18 17:23:12,846 - INFO - MainThread - server_logic - [DEBUG] found replica for vector: 3
2025-11-18 17:23:12,846 - INFO - MainThread - server_logic - [DEBUG] found replica for vector: 4
2025-11-18 17:23:12,846 - INFO - MainThread - server_logic - [DEBUG] found replica for vector: 1
2025-11-18 17:23:12,846 - INFO - MainThread - server_logic - [DEBUG] found replica for vector: 2
2025-11-18 17:23:12,846 - INFO - MainThread - server_logic - [DEBUG] found replica for vector: 3
2025-11-18 17:23:12,846 - INFO - MainThread - server_logic - [DEBUG] found replica for vector: 4
2025-11-18 17:23:12,846 - INFO - MainThread - server_logic - [DEBUG] found replica for vector: 1
2025-11-18 17:23:12,846 - INFO - MainThread - server_logic - [DEBUG] found replica for vector: 2
2025-11-18 17:23:12,846 - INFO - MainThread - server_logic - [DEBUG] found replica for vector: 3
2025-11-18 17:23:12,846 - INFO - MainThread - server_logic - [DEBUG] found replica for vector: 4
2025-11-18 17:23:12,846 - INFO - MainThread - server_logic - [DEBUG] found replica for vector: 1
2025-11-18 17:23:12,846 - INFO - MainThread - server_logic - [DEBUG] found replica for vector: 2
2025-11-18 17:23:12,846 - INFO - MainThread - server_logic - [DEBUG] found replica for vector: 3
2025-11-18 17:23:12,846 - INFO - MainThread - server_logic - [DEBUG] found replica for vector: 4
2025-11-18 17:23:12,846 - INFO - MainThread - server_logic - [DEBUG] found replica for vector: 1
2025-11-18 17:23:12,846 - INFO - MainThread - server_logic - [DEBUG] found replica for vector: 2
2025-11-18 17:23:12,846 - INFO - MainThread - server_logic - [DEBUG] found replica for vector: 3
2025-11-18 17:23:12,846 - INFO - MainThread - server_logic - [DEBUG] found replica for vector: 4
2025-11-18 17:23:12,847 - INFO - MainThread - server_logic - [DEBUG] found replica for vector: 1
2025-11-18 17:23:12,847 - INFO - MainThread - server_logic - [DEBUG] found replica for vector: 2
2025-11-18 17:23:12,847 - INFO - MainThread - server_logic - [DEBUG] found replica for vector: 3
2025-11-18 17:23:12,847 - INFO - MainThread - server_logic - [DEBUG] found replica for vector: 4
2025-11-18 17:23:12,847 - INFO - MainThread - server_logic - [DEBUG] found replica for vector: 1
2025-11-18 17:23:12,847 - INFO - MainThread - server_logic - [DEBUG] found replica for vector: 2
2025-11-18 17:23:12,847 - INFO - MainThread - server_logic - [DEBUG] found replica for vector: 3
2025-11-18 17:23:12,847 - INFO - MainThread - server_logic - [DEBUG] found replica for vector: 4
2025-11-18 17:23:12,847 - INFO - MainThread - server_logic - [DEBUG] found replica for vector: 1
2025-11-18 17:23:12,847 - INFO - MainThread - server_logic - [DEBUG] found replica for vector: 2
2025-11-18 17:23:12,847 - INFO - MainThread - server_logic - [DEBUG] found replica for vector: 3
2025-11-18 17:23:12,847 - INFO - MainThread - server_logic - [DEBUG] to me replica for vector: 3
2025-11-18 17:23:12,847 - INFO - MainThread - server_logic - [DEBUG] found replica for vector: 1
2025-11-18 17:23:12,847 - INFO - MainThread - server_logic - [DEBUG] found replica for vector: 2
2025-11-18 17:23:12,847 - INFO - MainThread - server_logic - [DEBUG] found replica for vector: 3
2025-11-18 17:23:12,847 - INFO - MainThread - server_logic - [DEBUG] found replica for vector: 4
2025-11-18 17:23:12,847 - INFO - MainThread - server_logic - [DEBUG] found replica for vector: 1
2025-11-18 17:23:12,847 - INFO - MainThread - server_logic - [DEBUG] found replica for vector: 2
2025-11-18 17:23:12,847 - INFO - MainThread - server_logic - [DEBUG] found replica for vector: 3
2025-11-18 17:23:12,847 - INFO - MainThread - server_logic - [DEBUG] found replica for vector: 4
2025-11-18 17:23:12,847 - INFO - MainThread - server_logic - [DEBUG] found replica for vector: 1
2025-11-18 17:23:12,847 - INFO - MainThread - server_logic - [DEBUG] found replica for vector: 2
2025-11-18 17:23:12,847 - INFO - MainThread - server_logic - [DEBUG] found replica for vector: 3
2025-11-18 17:23:12,847 - INFO - MainThread - server_logic - [DEBUG] to me replica for vector: 3
2025-11-18 17:23:12,847 - INFO - MainThread - server_logic - [DEBUG] found replica for vector: 1
2025-11-18 17:23:12,847 - INFO - MainThread - server_logic - [DEBUG] found replica for vector: 2
2025-11-18 17:23:12,847 - INFO - MainThread - server_logic - [DEBUG] found replica for vector: 3
2025-11-18 17:23:12,847 - INFO - MainThread - server_logic - [DEBUG] found replica for vector: 4
2025-11-18 17:23:12,847 - INFO - MainThread - server_logic - [Router] Distribution: Peer node1: 68, Peer node2: 73, Peer node3: 73, Peer node4: 73, Peer node5: 73, Peer node6: 47, Peer node7: 47, Peer node8: 47, Peer node9: 47, Peer node10: 68, Peer node11: 68, Peer node12: 68, Peer node13: 68, Peer node14: 68, Peer node15: 68, Me (node16): 68
2025-11-18 17:23:12,847 - INFO - MainThread - server_logic - --> [Peer Send] Sending 68 vectors to Peer node1 (localhost:9001) | Status: clustered
2025-11-18 17:23:12,928 - INFO - MainThread - server_logic - --> [Peer Send] Success: Sent vectors to node1
2025-11-18 17:23:12,928 - INFO - MainThread - server_logic - --> [Peer Send] Sending 73 vectors to Peer node2 (localhost:9002) | Status: clustered
2025-11-18 17:23:12,998 - INFO - MainThread - server_logic - --> [Peer Send] Success: Sent vectors to node2
2025-11-18 17:23:12,998 - INFO - MainThread - server_logic - --> [Peer Send] Sending 73 vectors to Peer node3 (localhost:9003) | Status: clustered
2025-11-18 17:23:13,067 - INFO - MainThread - server_logic - --> [Peer Send] Success: Sent vectors to node3
2025-11-18 17:23:13,067 - INFO - MainThread - server_logic - --> [Peer Send] Sending 73 vectors to Peer node4 (localhost:9004) | Status: clustered
2025-11-18 17:23:13,135 - INFO - MainThread - server_logic - --> [Peer Send] Success: Sent vectors to node4
2025-11-18 17:23:13,135 - INFO - MainThread - server_logic - --> [Peer Send] Sending 73 vectors to Peer node5 (localhost:9005) | Status: clustered
2025-11-18 17:23:13,205 - INFO - MainThread - server_logic - --> [Peer Send] Success: Sent vectors to node5
2025-11-18 17:23:13,205 - INFO - MainThread - server_logic - --> [Peer Send] Sending 47 vectors to Peer node6 (localhost:9006) | Status: clustered
2025-11-18 17:23:13,270 - INFO - MainThread - server_logic - --> [Peer Send] Success: Sent vectors to node6
2025-11-18 17:23:13,271 - INFO - MainThread - server_logic - --> [Peer Send] Sending 47 vectors to Peer node7 (localhost:9007) | Status: clustered
2025-11-18 17:23:13,336 - INFO - MainThread - server_logic - --> [Peer Send] Success: Sent vectors to node7
2025-11-18 17:23:13,336 - INFO - MainThread - server_logic - --> [Peer Send] Sending 47 vectors to Peer node8 (localhost:9008) | Status: clustered
2025-11-18 17:23:13,405 - INFO - MainThread - server_logic - --> [Peer Send] Success: Sent vectors to node8
2025-11-18 17:23:13,405 - INFO - MainThread - server_logic - --> [Peer Send] Sending 47 vectors to Peer node9 (localhost:9009) | Status: clustered
2025-11-18 17:23:13,480 - INFO - MainThread - server_logic - --> [Peer Send] Success: Sent vectors to node9
2025-11-18 17:23:13,480 - INFO - MainThread - server_logic - --> [Peer Send] Sending 68 vectors to Peer node10 (localhost:9010) | Status: clustered
2025-11-18 17:23:13,551 - INFO - MainThread - server_logic - --> [Peer Send] Success: Sent vectors to node10
2025-11-18 17:23:13,551 - INFO - MainThread - server_logic - --> [Peer Send] Sending 68 vectors to Peer node11 (localhost:9011) | Status: clustered
2025-11-18 17:23:13,617 - INFO - MainThread - server_logic - --> [Peer Send] Success: Sent vectors to node11
2025-11-18 17:23:13,617 - INFO - MainThread - server_logic - --> [Peer Send] Sending 68 vectors to Peer node12 (localhost:9012) | Status: clustered
2025-11-18 17:23:13,686 - INFO - MainThread - server_logic - --> [Peer Send] Success: Sent vectors to node12
2025-11-18 17:23:13,686 - INFO - MainThread - server_logic - --> [Peer Send] Sending 68 vectors to Peer node13 (localhost:9013) | Status: clustered
2025-11-18 17:23:13,757 - INFO - MainThread - server_logic - --> [Peer Send] Success: Sent vectors to node13
2025-11-18 17:23:13,757 - INFO - MainThread - server_logic - --> [Peer Send] Sending 68 vectors to Peer node14 (localhost:9014) | Status: clustered
2025-11-18 17:23:13,828 - INFO - MainThread - server_logic - --> [Peer Send] Success: Sent vectors to node14
2025-11-18 17:23:13,828 - INFO - MainThread - server_logic - --> [Peer Send] Sending 68 vectors to Peer node15 (localhost:9015) | Status: clustered
2025-11-18 17:23:13,899 - INFO - MainThread - server_logic - --> [Peer Send] Success: Sent vectors to node15
2025-11-18 17:23:13,899 - INFO - MainThread - server_logic - [Add Vectors] Processing 68 vectors. Sender Status: clustered. Current Node Status: clustered
2025-11-18 17:23:13,899 - INFO - MainThread - server_logic - [Add Vectors] Direct Insert: Storing 68 vectors in local Qdrant (Sender is clustered).
2025-11-18 17:23:13,960 - INFO - MainThread - httpx - HTTP Request: GET http://localhost:6363 "HTTP/1.1 200 OK"
2025-11-18 17:23:13,960 - INFO - MainThread - qdrant_module - [Qdrant] Attempting to insert 68 vectors into vectors on http://localhost:6363...
2025-11-18 17:23:13,972 - INFO - MainThread - qdrant_module - [Qdrant] Success: Inserted 68 vectors.
2025-11-18 17:23:13,974 - INFO - MainThread - __main__ - API: /add completed
2025-11-18 17:23:13,974 - INFO - MainThread - uvicorn.access - 127.0.0.1:51331 - "POST /add HTTP/1.1" 200
2025-11-18 17:23:15,065 - INFO - ThreadPoolExecutor-0_0 - grpc_handler - [GRPC IN] ReceiveVectors called. ReqID: 81, Type: clustered, Count: 69
2025-11-18 17:23:15,066 - INFO - ThreadPoolExecutor-0_0 - server_logic - [Add Vectors] Processing 69 vectors. Sender Status: clustered. Current Node Status: clustered
2025-11-18 17:23:15,066 - INFO - ThreadPoolExecutor-0_0 - server_logic - [Add Vectors] Direct Insert: Storing 69 vectors in local Qdrant (Sender is clustered).
2025-11-18 17:23:15,119 - INFO - ThreadPoolExecutor-0_0 - httpx - HTTP Request: GET http://localhost:6363 "HTTP/1.1 200 OK"
2025-11-18 17:23:15,120 - INFO - ThreadPoolExecutor-0_0 - qdrant_module - [Qdrant] Attempting to insert 69 vectors into vectors on http://localhost:6363...
2025-11-18 17:23:15,134 - INFO - ThreadPoolExecutor-0_0 - qdrant_module - [Qdrant] Success: Inserted 69 vectors.
2025-11-18 17:23:15,135 - INFO - ThreadPoolExecutor-0_0 - grpc_handler - [GRPC IN] ReceiveVectors processed successfully.
2025-11-18 17:23:16,272 - INFO - ThreadPoolExecutor-0_0 - grpc_handler - [GRPC IN] ReceiveVectors called. ReqID: 82, Type: clustered, Count: 76
2025-11-18 17:23:16,273 - INFO - ThreadPoolExecutor-0_0 - server_logic - [Add Vectors] Processing 76 vectors. Sender Status: clustered. Current Node Status: clustered
2025-11-18 17:23:16,273 - INFO - ThreadPoolExecutor-0_0 - server_logic - [Add Vectors] Direct Insert: Storing 76 vectors in local Qdrant (Sender is clustered).
2025-11-18 17:23:16,324 - INFO - ThreadPoolExecutor-0_0 - httpx - HTTP Request: GET http://localhost:6363 "HTTP/1.1 200 OK"
2025-11-18 17:23:16,324 - INFO - ThreadPoolExecutor-0_0 - qdrant_module - [Qdrant] Attempting to insert 76 vectors into vectors on http://localhost:6363...
2025-11-18 17:23:16,337 - INFO - ThreadPoolExecutor-0_0 - qdrant_module - [Qdrant] Success: Inserted 76 vectors.
2025-11-18 17:23:16,338 - INFO - ThreadPoolExecutor-0_0 - grpc_handler - [GRPC IN] ReceiveVectors processed successfully.
2025-11-18 17:23:17,481 - INFO - ThreadPoolExecutor-0_0 - grpc_handler - [GRPC IN] ReceiveVectors called. ReqID: 83, Type: clustered, Count: 81
2025-11-18 17:23:17,482 - INFO - ThreadPoolExecutor-0_0 - server_logic - [Add Vectors] Processing 81 vectors. Sender Status: clustered. Current Node Status: clustered
2025-11-18 17:23:17,482 - INFO - ThreadPoolExecutor-0_0 - server_logic - [Add Vectors] Direct Insert: Storing 81 vectors in local Qdrant (Sender is clustered).
2025-11-18 17:23:17,533 - INFO - ThreadPoolExecutor-0_0 - httpx - HTTP Request: GET http://localhost:6363 "HTTP/1.1 200 OK"
2025-11-18 17:23:17,534 - INFO - ThreadPoolExecutor-0_0 - qdrant_module - [Qdrant] Attempting to insert 81 vectors into vectors on http://localhost:6363...
2025-11-18 17:23:17,564 - INFO - ThreadPoolExecutor-0_0 - qdrant_module - [Qdrant] Success: Inserted 81 vectors.
2025-11-18 17:23:17,566 - INFO - ThreadPoolExecutor-0_0 - grpc_handler - [GRPC IN] ReceiveVectors processed successfully.
2025-11-18 17:23:18,718 - INFO - ThreadPoolExecutor-0_0 - grpc_handler - [GRPC IN] ReceiveVectors called. ReqID: 84, Type: clustered, Count: 75
2025-11-18 17:23:18,719 - INFO - ThreadPoolExecutor-0_0 - server_logic - [Add Vectors] Processing 75 vectors. Sender Status: clustered. Current Node Status: clustered
2025-11-18 17:23:18,719 - INFO - ThreadPoolExecutor-0_0 - server_logic - [Add Vectors] Direct Insert: Storing 75 vectors in local Qdrant (Sender is clustered).
2025-11-18 17:23:18,772 - INFO - ThreadPoolExecutor-0_0 - httpx - HTTP Request: GET http://localhost:6363 "HTTP/1.1 200 OK"
2025-11-18 17:23:18,772 - INFO - ThreadPoolExecutor-0_0 - qdrant_module - [Qdrant] Attempting to insert 75 vectors into vectors on http://localhost:6363...
2025-11-18 17:23:18,787 - INFO - ThreadPoolExecutor-0_0 - qdrant_module - [Qdrant] Success: Inserted 75 vectors.
2025-11-18 17:23:18,788 - INFO - ThreadPoolExecutor-0_0 - grpc_handler - [GRPC IN] ReceiveVectors processed successfully.
2025-11-18 17:23:19,924 - INFO - ThreadPoolExecutor-0_0 - grpc_handler - [GRPC IN] ReceiveVectors called. ReqID: 85, Type: clustered, Count: 82
2025-11-18 17:23:19,925 - INFO - ThreadPoolExecutor-0_0 - server_logic - [Add Vectors] Processing 82 vectors. Sender Status: clustered. Current Node Status: clustered
2025-11-18 17:23:19,926 - INFO - ThreadPoolExecutor-0_0 - server_logic - [Add Vectors] Direct Insert: Storing 82 vectors in local Qdrant (Sender is clustered).
2025-11-18 17:23:19,981 - INFO - ThreadPoolExecutor-0_0 - httpx - HTTP Request: GET http://localhost:6363 "HTTP/1.1 200 OK"
2025-11-18 17:23:19,982 - INFO - ThreadPoolExecutor-0_0 - qdrant_module - [Qdrant] Attempting to insert 82 vectors into vectors on http://localhost:6363...
2025-11-18 17:23:19,997 - INFO - ThreadPoolExecutor-0_0 - qdrant_module - [Qdrant] Success: Inserted 82 vectors.
2025-11-18 17:23:19,998 - INFO - ThreadPoolExecutor-0_0 - grpc_handler - [GRPC IN] ReceiveVectors processed successfully.
2025-11-18 17:23:21,132 - INFO - ThreadPoolExecutor-0_0 - grpc_handler - [GRPC IN] ReceiveVectors called. ReqID: 86, Type: clustered, Count: 76
2025-11-18 17:23:21,133 - INFO - ThreadPoolExecutor-0_0 - server_logic - [Add Vectors] Processing 76 vectors. Sender Status: clustered. Current Node Status: clustered
2025-11-18 17:23:21,133 - INFO - ThreadPoolExecutor-0_0 - server_logic - [Add Vectors] Direct Insert: Storing 76 vectors in local Qdrant (Sender is clustered).
2025-11-18 17:23:21,184 - INFO - ThreadPoolExecutor-0_0 - httpx - HTTP Request: GET http://localhost:6363 "HTTP/1.1 200 OK"
2025-11-18 17:23:21,184 - INFO - ThreadPoolExecutor-0_0 - qdrant_module - [Qdrant] Attempting to insert 76 vectors into vectors on http://localhost:6363...
2025-11-18 17:23:21,198 - INFO - ThreadPoolExecutor-0_0 - qdrant_module - [Qdrant] Success: Inserted 76 vectors.
2025-11-18 17:23:21,199 - INFO - ThreadPoolExecutor-0_0 - grpc_handler - [GRPC IN] ReceiveVectors processed successfully.
2025-11-18 17:23:22,345 - INFO - ThreadPoolExecutor-0_0 - grpc_handler - [GRPC IN] ReceiveVectors called. ReqID: 87, Type: clustered, Count: 62
2025-11-18 17:23:22,346 - INFO - ThreadPoolExecutor-0_0 - server_logic - [Add Vectors] Processing 62 vectors. Sender Status: clustered. Current Node Status: clustered
2025-11-18 17:23:22,346 - INFO - ThreadPoolExecutor-0_0 - server_logic - [Add Vectors] Direct Insert: Storing 62 vectors in local Qdrant (Sender is clustered).
2025-11-18 17:23:22,399 - INFO - ThreadPoolExecutor-0_0 - httpx - HTTP Request: GET http://localhost:6363 "HTTP/1.1 200 OK"
2025-11-18 17:23:22,403 - INFO - ThreadPoolExecutor-0_0 - qdrant_module - [Qdrant] Attempting to insert 62 vectors into vectors on http://localhost:6363...
2025-11-18 17:23:22,415 - INFO - ThreadPoolExecutor-0_0 - qdrant_module - [Qdrant] Success: Inserted 62 vectors.
2025-11-18 17:23:22,416 - INFO - ThreadPoolExecutor-0_0 - grpc_handler - [GRPC IN] ReceiveVectors processed successfully.
2025-11-18 17:23:23,555 - INFO - ThreadPoolExecutor-0_0 - grpc_handler - [GRPC IN] ReceiveVectors called. ReqID: 88, Type: clustered, Count: 71
2025-11-18 17:23:23,556 - INFO - ThreadPoolExecutor-0_0 - server_logic - [Add Vectors] Processing 71 vectors. Sender Status: clustered. Current Node Status: clustered
2025-11-18 17:23:23,556 - INFO - ThreadPoolExecutor-0_0 - server_logic - [Add Vectors] Direct Insert: Storing 71 vectors in local Qdrant (Sender is clustered).
2025-11-18 17:23:23,607 - INFO - ThreadPoolExecutor-0_0 - httpx - HTTP Request: GET http://localhost:6363 "HTTP/1.1 200 OK"
2025-11-18 17:23:23,608 - INFO - ThreadPoolExecutor-0_0 - qdrant_module - [Qdrant] Attempting to insert 71 vectors into vectors on http://localhost:6363...
2025-11-18 17:23:23,618 - INFO - ThreadPoolExecutor-0_0 - qdrant_module - [Qdrant] Success: Inserted 71 vectors.
2025-11-18 17:23:23,619 - INFO - ThreadPoolExecutor-0_0 - grpc_handler - [GRPC IN] ReceiveVectors processed successfully.
2025-11-18 17:23:24,757 - INFO - ThreadPoolExecutor-0_0 - grpc_handler - [GRPC IN] ReceiveVectors called. ReqID: 89, Type: clustered, Count: 50
2025-11-18 17:23:24,758 - INFO - ThreadPoolExecutor-0_0 - server_logic - [Add Vectors] Processing 50 vectors. Sender Status: clustered. Current Node Status: clustered
2025-11-18 17:23:24,758 - INFO - ThreadPoolExecutor-0_0 - server_logic - [Add Vectors] Direct Insert: Storing 50 vectors in local Qdrant (Sender is clustered).
2025-11-18 17:23:24,810 - INFO - ThreadPoolExecutor-0_0 - httpx - HTTP Request: GET http://localhost:6363 "HTTP/1.1 200 OK"
2025-11-18 17:23:24,810 - INFO - ThreadPoolExecutor-0_0 - qdrant_module - [Qdrant] Attempting to insert 50 vectors into vectors on http://localhost:6363...
2025-11-18 17:23:24,820 - INFO - ThreadPoolExecutor-0_0 - qdrant_module - [Qdrant] Success: Inserted 50 vectors.
2025-11-18 17:23:24,821 - INFO - ThreadPoolExecutor-0_0 - grpc_handler - [GRPC IN] ReceiveVectors processed successfully.
2025-11-18 17:23:25,968 - INFO - ThreadPoolExecutor-0_0 - grpc_handler - [GRPC IN] ReceiveVectors called. ReqID: 90, Type: clustered, Count: 64
2025-11-18 17:23:25,968 - INFO - ThreadPoolExecutor-0_0 - server_logic - [Add Vectors] Processing 64 vectors. Sender Status: clustered. Current Node Status: clustered
2025-11-18 17:23:25,968 - INFO - ThreadPoolExecutor-0_0 - server_logic - [Add Vectors] Direct Insert: Storing 64 vectors in local Qdrant (Sender is clustered).
2025-11-18 17:23:26,021 - INFO - ThreadPoolExecutor-0_0 - httpx - HTTP Request: GET http://localhost:6363 "HTTP/1.1 200 OK"
2025-11-18 17:23:26,021 - INFO - ThreadPoolExecutor-0_0 - qdrant_module - [Qdrant] Attempting to insert 64 vectors into vectors on http://localhost:6363...
2025-11-18 17:23:26,035 - INFO - ThreadPoolExecutor-0_0 - qdrant_module - [Qdrant] Success: Inserted 64 vectors.
2025-11-18 17:23:26,036 - INFO - ThreadPoolExecutor-0_0 - grpc_handler - [GRPC IN] ReceiveVectors processed successfully.
2025-11-18 17:23:27,177 - INFO - ThreadPoolExecutor-0_0 - grpc_handler - [GRPC IN] ReceiveVectors called. ReqID: 91, Type: clustered, Count: 72
2025-11-18 17:23:27,178 - INFO - ThreadPoolExecutor-0_0 - server_logic - [Add Vectors] Processing 72 vectors. Sender Status: clustered. Current Node Status: clustered
2025-11-18 17:23:27,178 - INFO - ThreadPoolExecutor-0_0 - server_logic - [Add Vectors] Direct Insert: Storing 72 vectors in local Qdrant (Sender is clustered).
2025-11-18 17:23:27,229 - INFO - ThreadPoolExecutor-0_0 - httpx - HTTP Request: GET http://localhost:6363 "HTTP/1.1 200 OK"
2025-11-18 17:23:27,229 - INFO - ThreadPoolExecutor-0_0 - qdrant_module - [Qdrant] Attempting to insert 72 vectors into vectors on http://localhost:6363...
2025-11-18 17:23:27,243 - INFO - ThreadPoolExecutor-0_0 - qdrant_module - [Qdrant] Success: Inserted 72 vectors.
2025-11-18 17:23:27,244 - INFO - ThreadPoolExecutor-0_0 - grpc_handler - [GRPC IN] ReceiveVectors processed successfully.
2025-11-18 17:23:28,447 - INFO - ThreadPoolExecutor-0_0 - grpc_handler - [GRPC IN] ReceiveVectors called. ReqID: 92, Type: clustered, Count: 58
2025-11-18 17:23:28,448 - INFO - ThreadPoolExecutor-0_0 - server_logic - [Add Vectors] Processing 58 vectors. Sender Status: clustered. Current Node Status: clustered
2025-11-18 17:23:28,448 - INFO - ThreadPoolExecutor-0_0 - server_logic - [Add Vectors] Direct Insert: Storing 58 vectors in local Qdrant (Sender is clustered).
2025-11-18 17:23:28,499 - INFO - ThreadPoolExecutor-0_0 - httpx - HTTP Request: GET http://localhost:6363 "HTTP/1.1 200 OK"
2025-11-18 17:23:28,499 - INFO - ThreadPoolExecutor-0_0 - qdrant_module - [Qdrant] Attempting to insert 58 vectors into vectors on http://localhost:6363...
2025-11-18 17:23:28,510 - INFO - ThreadPoolExecutor-0_0 - qdrant_module - [Qdrant] Success: Inserted 58 vectors.
2025-11-18 17:23:28,511 - INFO - ThreadPoolExecutor-0_0 - grpc_handler - [GRPC IN] ReceiveVectors processed successfully.
2025-11-18 17:23:29,648 - INFO - ThreadPoolExecutor-0_0 - grpc_handler - [GRPC IN] ReceiveVectors called. ReqID: 93, Type: clustered, Count: 76
2025-11-18 17:23:29,649 - INFO - ThreadPoolExecutor-0_0 - server_logic - [Add Vectors] Processing 76 vectors. Sender Status: clustered. Current Node Status: clustered
2025-11-18 17:23:29,649 - INFO - ThreadPoolExecutor-0_0 - server_logic - [Add Vectors] Direct Insert: Storing 76 vectors in local Qdrant (Sender is clustered).
2025-11-18 17:23:29,701 - INFO - ThreadPoolExecutor-0_0 - httpx - HTTP Request: GET http://localhost:6363 "HTTP/1.1 200 OK"
2025-11-18 17:23:29,701 - INFO - ThreadPoolExecutor-0_0 - qdrant_module - [Qdrant] Attempting to insert 76 vectors into vectors on http://localhost:6363...
2025-11-18 17:23:29,716 - INFO - ThreadPoolExecutor-0_0 - qdrant_module - [Qdrant] Success: Inserted 76 vectors.
2025-11-18 17:23:29,717 - INFO - ThreadPoolExecutor-0_0 - grpc_handler - [GRPC IN] ReceiveVectors processed successfully.
2025-11-18 17:23:30,867 - INFO - ThreadPoolExecutor-0_0 - grpc_handler - [GRPC IN] ReceiveVectors called. ReqID: 94, Type: clustered, Count: 55
2025-11-18 17:23:30,868 - INFO - ThreadPoolExecutor-0_0 - server_logic - [Add Vectors] Processing 55 vectors. Sender Status: clustered. Current Node Status: clustered
2025-11-18 17:23:30,868 - INFO - ThreadPoolExecutor-0_0 - server_logic - [Add Vectors] Direct Insert: Storing 55 vectors in local Qdrant (Sender is clustered).
2025-11-18 17:23:30,920 - INFO - ThreadPoolExecutor-0_0 - httpx - HTTP Request: GET http://localhost:6363 "HTTP/1.1 200 OK"
2025-11-18 17:23:30,920 - INFO - ThreadPoolExecutor-0_0 - qdrant_module - [Qdrant] Attempting to insert 55 vectors into vectors on http://localhost:6363...
2025-11-18 17:23:30,930 - INFO - ThreadPoolExecutor-0_0 - qdrant_module - [Qdrant] Success: Inserted 55 vectors.
2025-11-18 17:23:30,931 - INFO - ThreadPoolExecutor-0_0 - grpc_handler - [GRPC IN] ReceiveVectors processed successfully.
2025-11-18 17:23:32,072 - INFO - ThreadPoolExecutor-0_0 - grpc_handler - [GRPC IN] ReceiveVectors called. ReqID: 95, Type: clustered, Count: 64
2025-11-18 17:23:32,073 - INFO - ThreadPoolExecutor-0_0 - server_logic - [Add Vectors] Processing 64 vectors. Sender Status: clustered. Current Node Status: clustered
2025-11-18 17:23:32,073 - INFO - ThreadPoolExecutor-0_0 - server_logic - [Add Vectors] Direct Insert: Storing 64 vectors in local Qdrant (Sender is clustered).
2025-11-18 17:23:32,125 - INFO - ThreadPoolExecutor-0_0 - httpx - HTTP Request: GET http://localhost:6363 "HTTP/1.1 200 OK"
2025-11-18 17:23:32,125 - INFO - ThreadPoolExecutor-0_0 - qdrant_module - [Qdrant] Attempting to insert 64 vectors into vectors on http://localhost:6363...
2025-11-18 17:23:32,138 - INFO - ThreadPoolExecutor-0_0 - qdrant_module - [Qdrant] Success: Inserted 64 vectors.
2025-11-18 17:23:32,139 - INFO - ThreadPoolExecutor-0_0 - grpc_handler - [GRPC IN] ReceiveVectors processed successfully.
2025-11-18 17:23:32,284 - INFO - MainThread - __main__ - API: /add called. ReqID: 96, Vectors: 256
2025-11-18 17:23:32,284 - INFO - MainThread - server_logic - [Client Request] Client wants to add 256 vectors. My Status: clustered
2025-11-18 17:23:32,284 - INFO - MainThread - server_logic - [Client Request] System Clustered. Routing vectors to appropriate peers.
2025-11-18 17:23:32,284 - INFO - MainThread - server_logic - [Router] Routing 256 vectors among 16 nodes (Replicas: 4).
2025-11-18 17:23:32,284 - INFO - MainThread - server_logic - [DEBUG] found replica for vector: 1
2025-11-18 17:23:32,284 - INFO - MainThread - server_logic - [DEBUG] found replica for vector: 2
2025-11-18 17:23:32,284 - INFO - MainThread - server_logic - [DEBUG] found replica for vector: 3
2025-11-18 17:23:32,284 - INFO - MainThread - server_logic - [DEBUG] found replica for vector: 4
2025-11-18 17:23:32,284 - INFO - MainThread - server_logic - [DEBUG] found replica for vector: 1
2025-11-18 17:23:32,284 - INFO - MainThread - server_logic - [DEBUG] found replica for vector: 2
2025-11-18 17:23:32,284 - INFO - MainThread - server_logic - [DEBUG] found replica for vector: 3
2025-11-18 17:23:32,284 - INFO - MainThread - server_logic - [DEBUG] found replica for vector: 4
2025-11-18 17:23:32,284 - INFO - MainThread - server_logic - [DEBUG] found replica for vector: 1
2025-11-18 17:23:32,284 - INFO - MainThread - server_logic - [DEBUG] found replica for vector: 2
2025-11-18 17:23:32,284 - INFO - MainThread - server_logic - [DEBUG] found replica for vector: 3
2025-11-18 17:23:32,284 - INFO - MainThread - server_logic - [DEBUG] found replica for vector: 4
2025-11-18 17:23:32,284 - INFO - MainThread - server_logic - [DEBUG] found replica for vector: 1
2025-11-18 17:23:32,284 - INFO - MainThread - server_logic - [DEBUG] found replica for vector: 2
2025-11-18 17:23:32,285 - INFO - MainThread - server_logic - [DEBUG] found replica for vector: 3
2025-11-18 17:23:32,285 - INFO - MainThread - server_logic - [DEBUG] to me replica for vector: 3
2025-11-18 17:23:32,285 - INFO - MainThread - server_logic - [DEBUG] found replica for vector: 1
2025-11-18 17:23:32,285 - INFO - MainThread - server_logic - [DEBUG] found replica for vector: 2
2025-11-18 17:23:32,285 - INFO - MainThread - server_logic - [DEBUG] found replica for vector: 3
2025-11-18 17:23:32,285 - INFO - MainThread - server_logic - [DEBUG] found replica for vector: 4
2025-11-18 17:23:32,285 - INFO - MainThread - server_logic - [DEBUG] found replica for vector: 1
2025-11-18 17:23:32,285 - INFO - MainThread - server_logic - [DEBUG] found replica for vector: 2
2025-11-18 17:23:32,285 - INFO - MainThread - server_logic - [DEBUG] found replica for vector: 3
2025-11-18 17:23:32,285 - INFO - MainThread - server_logic - [DEBUG] found replica for vector: 4
2025-11-18 17:23:32,285 - INFO - MainThread - server_logic - [DEBUG] found replica for vector: 1
2025-11-18 17:23:32,285 - INFO - MainThread - server_logic - [DEBUG] found replica for vector: 2
2025-11-18 17:23:32,285 - INFO - MainThread - server_logic - [DEBUG] found replica for vector: 3
2025-11-18 17:23:32,285 - INFO - MainThread - server_logic - [DEBUG] found replica for vector: 4
2025-11-18 17:23:32,285 - INFO - MainThread - server_logic - [DEBUG] found replica for vector: 1
2025-11-18 17:23:32,285 - INFO - MainThread - server_logic - [DEBUG] found replica for vector: 2
2025-11-18 17:23:32,285 - INFO - MainThread - server_logic - [DEBUG] found replica for vector: 3
2025-11-18 17:23:32,285 - INFO - MainThread - server_logic - [DEBUG] to me replica for vector: 3
2025-11-18 17:23:32,285 - INFO - MainThread - server_logic - [DEBUG] found replica for vector: 1
2025-11-18 17:23:32,285 - INFO - MainThread - server_logic - [DEBUG] found replica for vector: 2
2025-11-18 17:23:32,285 - INFO - MainThread - server_logic - [DEBUG] found replica for vector: 3
2025-11-18 17:23:32,285 - INFO - MainThread - server_logic - [DEBUG] found replica for vector: 4
2025-11-18 17:23:32,285 - INFO - MainThread - server_logic - [DEBUG] found replica for vector: 1
2025-11-18 17:23:32,285 - INFO - MainThread - server_logic - [DEBUG] found replica for vector: 2
2025-11-18 17:23:32,285 - INFO - MainThread - server_logic - [DEBUG] found replica for vector: 3
2025-11-18 17:23:32,285 - INFO - MainThread - server_logic - [DEBUG] found replica for vector: 4
2025-11-18 17:23:32,285 - INFO - MainThread - server_logic - [DEBUG] found replica for vector: 1
2025-11-18 17:23:32,285 - INFO - MainThread - server_logic - [DEBUG] found replica for vector: 2
2025-11-18 17:23:32,285 - INFO - MainThread - server_logic - [DEBUG] found replica for vector: 3
2025-11-18 17:23:32,285 - INFO - MainThread - server_logic - [DEBUG] found replica for vector: 4
2025-11-18 17:23:32,285 - INFO - MainThread - server_logic - [DEBUG] found replica for vector: 1
2025-11-18 17:23:32,285 - INFO - MainThread - server_logic - [DEBUG] found replica for vector: 2
2025-11-18 17:23:32,285 - INFO - MainThread - server_logic - [DEBUG] found replica for vector: 3
2025-11-18 17:23:32,285 - INFO - MainThread - server_logic - [DEBUG] found replica for vector: 4
2025-11-18 17:23:32,285 - INFO - MainThread - server_logic - [DEBUG] found replica for vector: 1
2025-11-18 17:23:32,285 - INFO - MainThread - server_logic - [DEBUG] found replica for vector: 2
2025-11-18 17:23:32,285 - INFO - MainThread - server_logic - [DEBUG] found replica for vector: 3
2025-11-18 17:23:32,285 - INFO - MainThread - server_logic - [DEBUG] found replica for vector: 4
2025-11-18 17:23:32,285 - INFO - MainThread - server_logic - [DEBUG] found replica for vector: 1
2025-11-18 17:23:32,285 - INFO - MainThread - server_logic - [DEBUG] found replica for vector: 2
2025-11-18 17:23:32,285 - INFO - MainThread - server_logic - [DEBUG] found replica for vector: 3
2025-11-18 17:23:32,285 - INFO - MainThread - server_logic - [DEBUG] found replica for vector: 4
2025-11-18 17:23:32,285 - INFO - MainThread - server_logic - [DEBUG] found replica for vector: 1
2025-11-18 17:23:32,285 - INFO - MainThread - server_logic - [DEBUG] found replica for vector: 2
2025-11-18 17:23:32,285 - INFO - MainThread - server_logic - [DEBUG] found replica for vector: 3
2025-11-18 17:23:32,285 - INFO - MainThread - server_logic - [DEBUG] found replica for vector: 4
2025-11-18 17:23:32,285 - INFO - MainThread - server_logic - [DEBUG] found replica for vector: 1
2025-11-18 17:23:32,285 - INFO - MainThread - server_logic - [DEBUG] found replica for vector: 2
2025-11-18 17:23:32,285 - INFO - MainThread - server_logic - [DEBUG] found replica for vector: 3
2025-11-18 17:23:32,285 - INFO - MainThread - server_logic - [DEBUG] found replica for vector: 4
2025-11-18 17:23:32,285 - INFO - MainThread - server_logic - [DEBUG] found replica for vector: 1
2025-11-18 17:23:32,285 - INFO - MainThread - server_logic - [DEBUG] found replica for vector: 2
2025-11-18 17:23:32,285 - INFO - MainThread - server_logic - [DEBUG] found replica for vector: 3
2025-11-18 17:23:32,286 - INFO - MainThread - server_logic - [DEBUG] to me replica for vector: 3
2025-11-18 17:23:32,286 - INFO - MainThread - server_logic - [DEBUG] found replica for vector: 1
2025-11-18 17:23:32,286 - INFO - MainThread - server_logic - [DEBUG] found replica for vector: 2
2025-11-18 17:23:32,286 - INFO - MainThread - server_logic - [DEBUG] found replica for vector: 3
2025-11-18 17:23:32,286 - INFO - MainThread - server_logic - [DEBUG] found replica for vector: 4
2025-11-18 17:23:32,286 - INFO - MainThread - server_logic - [DEBUG] found replica for vector: 1
2025-11-18 17:23:32,286 - INFO - MainThread - server_logic - [DEBUG] found replica for vector: 2
2025-11-18 17:23:32,286 - INFO - MainThread - server_logic - [DEBUG] found replica for vector: 3
2025-11-18 17:23:32,286 - INFO - MainThread - server_logic - [DEBUG] found replica for vector: 4
2025-11-18 17:23:32,286 - INFO - MainThread - server_logic - [DEBUG] found replica for vector: 1
2025-11-18 17:23:32,286 - INFO - MainThread - server_logic - [DEBUG] found replica for vector: 2
2025-11-18 17:23:32,286 - INFO - MainThread - server_logic - [DEBUG] found replica for vector: 3
2025-11-18 17:23:32,286 - INFO - MainThread - server_logic - [DEBUG] found replica for vector: 4
2025-11-18 17:23:32,286 - INFO - MainThread - server_logic - [DEBUG] found replica for vector: 1
2025-11-18 17:23:32,286 - INFO - MainThread - server_logic - [DEBUG] found replica for vector: 2
2025-11-18 17:23:32,286 - INFO - MainThread - server_logic - [DEBUG] found replica for vector: 3
2025-11-18 17:23:32,286 - INFO - MainThread - server_logic - [DEBUG] found replica for vector: 4
2025-11-18 17:23:32,286 - INFO - MainThread - server_logic - [DEBUG] found replica for vector: 1
2025-11-18 17:23:32,286 - INFO - MainThread - server_logic - [DEBUG] found replica for vector: 2
2025-11-18 17:23:32,286 - INFO - MainThread - server_logic - [DEBUG] found replica for vector: 3
2025-11-18 17:23:32,286 - INFO - MainThread - server_logic - [DEBUG] found replica for vector: 4
2025-11-18 17:23:32,286 - INFO - MainThread - server_logic - [DEBUG] found replica for vector: 1
2025-11-18 17:23:32,286 - INFO - MainThread - server_logic - [DEBUG] found replica for vector: 2
2025-11-18 17:23:32,286 - INFO - MainThread - server_logic - [DEBUG] found replica for vector: 3
2025-11-18 17:23:32,286 - INFO - MainThread - server_logic - [DEBUG] found replica for vector: 4
2025-11-18 17:23:32,286 - INFO - MainThread - server_logic - [DEBUG] found replica for vector: 1
2025-11-18 17:23:32,286 - INFO - MainThread - server_logic - [DEBUG] found replica for vector: 2
2025-11-18 17:23:32,286 - INFO - MainThread - server_logic - [DEBUG] found replica for vector: 3
2025-11-18 17:23:32,286 - INFO - MainThread - server_logic - [DEBUG] found replica for vector: 4
2025-11-18 17:23:32,286 - INFO - MainThread - server_logic - [DEBUG] found replica for vector: 1
2025-11-18 17:23:32,286 - INFO - MainThread - server_logic - [DEBUG] found replica for vector: 2
2025-11-18 17:23:32,286 - INFO - MainThread - server_logic - [DEBUG] found replica for vector: 3
2025-11-18 17:23:32,286 - INFO - MainThread - server_logic - [DEBUG] found replica for vector: 4
2025-11-18 17:23:32,286 - INFO - MainThread - server_logic - [DEBUG] found replica for vector: 1
2025-11-18 17:23:32,286 - INFO - MainThread - server_logic - [DEBUG] found replica for vector: 2
2025-11-18 17:23:32,286 - INFO - MainThread - server_logic - [DEBUG] found replica for vector: 3
2025-11-18 17:23:32,286 - INFO - MainThread - server_logic - [DEBUG] found replica for vector: 4
2025-11-18 17:23:32,286 - INFO - MainThread - server_logic - [DEBUG] found replica for vector: 1
2025-11-18 17:23:32,286 - INFO - MainThread - server_logic - [DEBUG] found replica for vector: 2
2025-11-18 17:23:32,286 - INFO - MainThread - server_logic - [DEBUG] found replica for vector: 3
2025-11-18 17:23:32,286 - INFO - MainThread - server_logic - [DEBUG] to me replica for vector: 3
2025-11-18 17:23:32,286 - INFO - MainThread - server_logic - [DEBUG] found replica for vector: 1
2025-11-18 17:23:32,286 - INFO - MainThread - server_logic - [DEBUG] found replica for vector: 2
2025-11-18 17:23:32,286 - INFO - MainThread - server_logic - [DEBUG] found replica for vector: 3
2025-11-18 17:23:32,286 - INFO - MainThread - server_logic - [DEBUG] found replica for vector: 4
2025-11-18 17:23:32,286 - INFO - MainThread - server_logic - [DEBUG] found replica for vector: 1
2025-11-18 17:23:32,286 - INFO - MainThread - server_logic - [DEBUG] found replica for vector: 2
2025-11-18 17:23:32,286 - INFO - MainThread - server_logic - [DEBUG] found replica for vector: 3
2025-11-18 17:23:32,286 - INFO - MainThread - server_logic - [DEBUG] found replica for vector: 4
2025-11-18 17:23:32,286 - INFO - MainThread - server_logic - [DEBUG] found replica for vector: 1
2025-11-18 17:23:32,286 - INFO - MainThread - server_logic - [DEBUG] found replica for vector: 2
2025-11-18 17:23:32,286 - INFO - MainThread - server_logic - [DEBUG] found replica for vector: 3
2025-11-18 17:23:32,286 - INFO - MainThread - server_logic - [DEBUG] to me replica for vector: 3
2025-11-18 17:23:32,286 - INFO - MainThread - server_logic - [DEBUG] found replica for vector: 1
2025-11-18 17:23:32,286 - INFO - MainThread - server_logic - [DEBUG] found replica for vector: 2
2025-11-18 17:23:32,286 - INFO - MainThread - server_logic - [DEBUG] found replica for vector: 3
2025-11-18 17:23:32,287 - INFO - MainThread - server_logic - [DEBUG] to me replica for vector: 3
2025-11-18 17:23:32,287 - INFO - MainThread - server_logic - [DEBUG] found replica for vector: 1
2025-11-18 17:23:32,287 - INFO - MainThread - server_logic - [DEBUG] found replica for vector: 2
2025-11-18 17:23:32,287 - INFO - MainThread - server_logic - [DEBUG] found replica for vector: 3
2025-11-18 17:23:32,287 - INFO - MainThread - server_logic - [DEBUG] to me replica for vector: 3
2025-11-18 17:23:32,287 - INFO - MainThread - server_logic - [DEBUG] found replica for vector: 1
2025-11-18 17:23:32,287 - INFO - MainThread - server_logic - [DEBUG] found replica for vector: 2
2025-11-18 17:23:32,287 - INFO - MainThread - server_logic - [DEBUG] found replica for vector: 3
2025-11-18 17:23:32,287 - INFO - MainThread - server_logic - [DEBUG] found replica for vector: 4
2025-11-18 17:23:32,287 - INFO - MainThread - server_logic - [DEBUG] found replica for vector: 1
2025-11-18 17:23:32,287 - INFO - MainThread - server_logic - [DEBUG] found replica for vector: 2
2025-11-18 17:23:32,287 - INFO - MainThread - server_logic - [DEBUG] found replica for vector: 3
2025-11-18 17:23:32,287 - INFO - MainThread - server_logic - [DEBUG] found replica for vector: 4
2025-11-18 17:23:32,287 - INFO - MainThread - server_logic - [DEBUG] found replica for vector: 1
2025-11-18 17:23:32,287 - INFO - MainThread - server_logic - [DEBUG] found replica for vector: 2
2025-11-18 17:23:32,287 - INFO - MainThread - server_logic - [DEBUG] found replica for vector: 3
2025-11-18 17:23:32,287 - INFO - MainThread - server_logic - [DEBUG] found replica for vector: 4
2025-11-18 17:23:32,287 - INFO - MainThread - server_logic - [DEBUG] found replica for vector: 1
2025-11-18 17:23:32,287 - INFO - MainThread - server_logic - [DEBUG] found replica for vector: 2
2025-11-18 17:23:32,287 - INFO - MainThread - server_logic - [DEBUG] found replica for vector: 3
2025-11-18 17:23:32,287 - INFO - MainThread - server_logic - [DEBUG] to me replica for vector: 3
2025-11-18 17:23:32,287 - INFO - MainThread - server_logic - [DEBUG] found replica for vector: 1
2025-11-18 17:23:32,287 - INFO - MainThread - server_logic - [DEBUG] found replica for vector: 2
2025-11-18 17:23:32,287 - INFO - MainThread - server_logic - [DEBUG] found replica for vector: 3
2025-11-18 17:23:32,287 - INFO - MainThread - server_logic - [DEBUG] found replica for vector: 4
2025-11-18 17:23:32,287 - INFO - MainThread - server_logic - [DEBUG] found replica for vector: 1
2025-11-18 17:23:32,287 - INFO - MainThread - server_logic - [DEBUG] found replica for vector: 2
2025-11-18 17:23:32,287 - INFO - MainThread - server_logic - [DEBUG] found replica for vector: 3
2025-11-18 17:23:32,287 - INFO - MainThread - server_logic - [DEBUG] to me replica for vector: 3
2025-11-18 17:23:32,287 - INFO - MainThread - server_logic - [DEBUG] found replica for vector: 1
2025-11-18 17:23:32,287 - INFO - MainThread - server_logic - [DEBUG] found replica for vector: 2
2025-11-18 17:23:32,287 - INFO - MainThread - server_logic - [DEBUG] found replica for vector: 3
2025-11-18 17:23:32,287 - INFO - MainThread - server_logic - [DEBUG] found replica for vector: 4
2025-11-18 17:23:32,287 - INFO - MainThread - server_logic - [DEBUG] found replica for vector: 1
2025-11-18 17:23:32,287 - INFO - MainThread - server_logic - [DEBUG] found replica for vector: 2
2025-11-18 17:23:32,287 - INFO - MainThread - server_logic - [DEBUG] found replica for vector: 3
2025-11-18 17:23:32,287 - INFO - MainThread - server_logic - [DEBUG] to me replica for vector: 3
2025-11-18 17:23:32,287 - INFO - MainThread - server_logic - [DEBUG] found replica for vector: 1
2025-11-18 17:23:32,287 - INFO - MainThread - server_logic - [DEBUG] found replica for vector: 2
2025-11-18 17:23:32,287 - INFO - MainThread - server_logic - [DEBUG] found replica for vector: 3
2025-11-18 17:23:32,287 - INFO - MainThread - server_logic - [DEBUG] found replica for vector: 4
2025-11-18 17:23:32,287 - INFO - MainThread - server_logic - [DEBUG] found replica for vector: 1
2025-11-18 17:23:32,287 - INFO - MainThread - server_logic - [DEBUG] found replica for vector: 2
2025-11-18 17:23:32,287 - INFO - MainThread - server_logic - [DEBUG] found replica for vector: 3
2025-11-18 17:23:32,287 - INFO - MainThread - server_logic - [DEBUG] found replica for vector: 4
2025-11-18 17:23:32,287 - INFO - MainThread - server_logic - [DEBUG] found replica for vector: 1
2025-11-18 17:23:32,287 - INFO - MainThread - server_logic - [DEBUG] found replica for vector: 2
2025-11-18 17:23:32,287 - INFO - MainThread - server_logic - [DEBUG] found replica for vector: 3
2025-11-18 17:23:32,287 - INFO - MainThread - server_logic - [DEBUG] to me replica for vector: 3
2025-11-18 17:23:32,287 - INFO - MainThread - server_logic - [DEBUG] found replica for vector: 1
2025-11-18 17:23:32,287 - INFO - MainThread - server_logic - [DEBUG] found replica for vector: 2
2025-11-18 17:23:32,287 - INFO - MainThread - server_logic - [DEBUG] found replica for vector: 3
2025-11-18 17:23:32,287 - INFO - MainThread - server_logic - [DEBUG] found replica for vector: 4
2025-11-18 17:23:32,287 - INFO - MainThread - server_logic - [DEBUG] found replica for vector: 1
2025-11-18 17:23:32,287 - INFO - MainThread - server_logic - [DEBUG] found replica for vector: 2
2025-11-18 17:23:32,287 - INFO - MainThread - server_logic - [DEBUG] found replica for vector: 3
2025-11-18 17:23:32,287 - INFO - MainThread - server_logic - [DEBUG] found replica for vector: 4
2025-11-18 17:23:32,288 - INFO - MainThread - server_logic - [DEBUG] found replica for vector: 1
2025-11-18 17:23:32,288 - INFO - MainThread - server_logic - [DEBUG] found replica for vector: 2
2025-11-18 17:23:32,288 - INFO - MainThread - server_logic - [DEBUG] found replica for vector: 3
2025-11-18 17:23:32,288 - INFO - MainThread - server_logic - [DEBUG] found replica for vector: 4
2025-11-18 17:23:32,288 - INFO - MainThread - server_logic - [DEBUG] found replica for vector: 1
2025-11-18 17:23:32,288 - INFO - MainThread - server_logic - [DEBUG] found replica for vector: 2
2025-11-18 17:23:32,288 - INFO - MainThread - server_logic - [DEBUG] found replica for vector: 3
2025-11-18 17:23:32,288 - INFO - MainThread - server_logic - [DEBUG] found replica for vector: 4
2025-11-18 17:23:32,288 - INFO - MainThread - server_logic - [DEBUG] found replica for vector: 1
2025-11-18 17:23:32,288 - INFO - MainThread - server_logic - [DEBUG] found replica for vector: 2
2025-11-18 17:23:32,288 - INFO - MainThread - server_logic - [DEBUG] found replica for vector: 3
2025-11-18 17:23:32,288 - INFO - MainThread - server_logic - [DEBUG] found replica for vector: 4
2025-11-18 17:23:32,288 - INFO - MainThread - server_logic - [DEBUG] found replica for vector: 1
2025-11-18 17:23:32,288 - INFO - MainThread - server_logic - [DEBUG] found replica for vector: 2
2025-11-18 17:23:32,288 - INFO - MainThread - server_logic - [DEBUG] found replica for vector: 3
2025-11-18 17:23:32,288 - INFO - MainThread - server_logic - [DEBUG] to me replica for vector: 3
2025-11-18 17:23:32,288 - INFO - MainThread - server_logic - [DEBUG] found replica for vector: 1
2025-11-18 17:23:32,288 - INFO - MainThread - server_logic - [DEBUG] found replica for vector: 2
2025-11-18 17:23:32,288 - INFO - MainThread - server_logic - [DEBUG] found replica for vector: 3
2025-11-18 17:23:32,288 - INFO - MainThread - server_logic - [DEBUG] found replica for vector: 4
2025-11-18 17:23:32,288 - INFO - MainThread - server_logic - [DEBUG] found replica for vector: 1
2025-11-18 17:23:32,288 - INFO - MainThread - server_logic - [DEBUG] found replica for vector: 2
2025-11-18 17:23:32,288 - INFO - MainThread - server_logic - [DEBUG] found replica for vector: 3
2025-11-18 17:23:32,288 - INFO - MainThread - server_logic - [DEBUG] found replica for vector: 4
2025-11-18 17:23:32,288 - INFO - MainThread - server_logic - [DEBUG] found replica for vector: 1
2025-11-18 17:23:32,288 - INFO - MainThread - server_logic - [DEBUG] found replica for vector: 2
2025-11-18 17:23:32,288 - INFO - MainThread - server_logic - [DEBUG] found replica for vector: 3
2025-11-18 17:23:32,288 - INFO - MainThread - server_logic - [DEBUG] to me replica for vector: 3
2025-11-18 17:23:32,288 - INFO - MainThread - server_logic - [DEBUG] found replica for vector: 1
2025-11-18 17:23:32,288 - INFO - MainThread - server_logic - [DEBUG] found replica for vector: 2
2025-11-18 17:23:32,288 - INFO - MainThread - server_logic - [DEBUG] found replica for vector: 3
2025-11-18 17:23:32,288 - INFO - MainThread - server_logic - [DEBUG] to me replica for vector: 3
2025-11-18 17:23:32,288 - INFO - MainThread - server_logic - [DEBUG] found replica for vector: 1
2025-11-18 17:23:32,288 - INFO - MainThread - server_logic - [DEBUG] found replica for vector: 2
2025-11-18 17:23:32,288 - INFO - MainThread - server_logic - [DEBUG] found replica for vector: 3
2025-11-18 17:23:32,288 - INFO - MainThread - server_logic - [DEBUG] found replica for vector: 4
2025-11-18 17:23:32,288 - INFO - MainThread - server_logic - [DEBUG] found replica for vector: 1
2025-11-18 17:23:32,288 - INFO - MainThread - server_logic - [DEBUG] found replica for vector: 2
2025-11-18 17:23:32,288 - INFO - MainThread - server_logic - [DEBUG] found replica for vector: 3
2025-11-18 17:23:32,288 - INFO - MainThread - server_logic - [DEBUG] found replica for vector: 4
2025-11-18 17:23:32,288 - INFO - MainThread - server_logic - [DEBUG] found replica for vector: 1
2025-11-18 17:23:32,288 - INFO - MainThread - server_logic - [DEBUG] found replica for vector: 2
2025-11-18 17:23:32,288 - INFO - MainThread - server_logic - [DEBUG] found replica for vector: 3
2025-11-18 17:23:32,288 - INFO - MainThread - server_logic - [DEBUG] found replica for vector: 4
2025-11-18 17:23:32,288 - INFO - MainThread - server_logic - [DEBUG] found replica for vector: 1
2025-11-18 17:23:32,288 - INFO - MainThread - server_logic - [DEBUG] found replica for vector: 2
2025-11-18 17:23:32,288 - INFO - MainThread - server_logic - [DEBUG] found replica for vector: 3
2025-11-18 17:23:32,288 - INFO - MainThread - server_logic - [DEBUG] found replica for vector: 4
2025-11-18 17:23:32,288 - INFO - MainThread - server_logic - [DEBUG] found replica for vector: 1
2025-11-18 17:23:32,288 - INFO - MainThread - server_logic - [DEBUG] found replica for vector: 2
2025-11-18 17:23:32,288 - INFO - MainThread - server_logic - [DEBUG] found replica for vector: 3
2025-11-18 17:23:32,288 - INFO - MainThread - server_logic - [DEBUG] found replica for vector: 4
2025-11-18 17:23:32,288 - INFO - MainThread - server_logic - [DEBUG] found replica for vector: 1
2025-11-18 17:23:32,288 - INFO - MainThread - server_logic - [DEBUG] found replica for vector: 2
2025-11-18 17:23:32,288 - INFO - MainThread - server_logic - [DEBUG] found replica for vector: 3
2025-11-18 17:23:32,288 - INFO - MainThread - server_logic - [DEBUG] to me replica for vector: 3
2025-11-18 17:23:32,288 - INFO - MainThread - server_logic - [DEBUG] found replica for vector: 1
2025-11-18 17:23:32,288 - INFO - MainThread - server_logic - [DEBUG] found replica for vector: 2
2025-11-18 17:23:32,289 - INFO - MainThread - server_logic - [DEBUG] found replica for vector: 3
2025-11-18 17:23:32,289 - INFO - MainThread - server_logic - [DEBUG] found replica for vector: 4
2025-11-18 17:23:32,289 - INFO - MainThread - server_logic - [DEBUG] found replica for vector: 1
2025-11-18 17:23:32,289 - INFO - MainThread - server_logic - [DEBUG] found replica for vector: 2
2025-11-18 17:23:32,289 - INFO - MainThread - server_logic - [DEBUG] found replica for vector: 3
2025-11-18 17:23:32,289 - INFO - MainThread - server_logic - [DEBUG] to me replica for vector: 3
2025-11-18 17:23:32,289 - INFO - MainThread - server_logic - [DEBUG] found replica for vector: 1
2025-11-18 17:23:32,289 - INFO - MainThread - server_logic - [DEBUG] found replica for vector: 2
2025-11-18 17:23:32,289 - INFO - MainThread - server_logic - [DEBUG] found replica for vector: 3
2025-11-18 17:23:32,289 - INFO - MainThread - server_logic - [DEBUG] found replica for vector: 4
2025-11-18 17:23:32,289 - INFO - MainThread - server_logic - [DEBUG] found replica for vector: 1
2025-11-18 17:23:32,289 - INFO - MainThread - server_logic - [DEBUG] found replica for vector: 2
2025-11-18 17:23:32,289 - INFO - MainThread - server_logic - [DEBUG] found replica for vector: 3
2025-11-18 17:23:32,289 - INFO - MainThread - server_logic - [DEBUG] found replica for vector: 4
2025-11-18 17:23:32,289 - INFO - MainThread - server_logic - [DEBUG] found replica for vector: 1
2025-11-18 17:23:32,289 - INFO - MainThread - server_logic - [DEBUG] found replica for vector: 2
2025-11-18 17:23:32,289 - INFO - MainThread - server_logic - [DEBUG] found replica for vector: 3
2025-11-18 17:23:32,289 - INFO - MainThread - server_logic - [DEBUG] found replica for vector: 4
2025-11-18 17:23:32,289 - INFO - MainThread - server_logic - [DEBUG] found replica for vector: 1
2025-11-18 17:23:32,289 - INFO - MainThread - server_logic - [DEBUG] found replica for vector: 2
2025-11-18 17:23:32,289 - INFO - MainThread - server_logic - [DEBUG] found replica for vector: 3
2025-11-18 17:23:32,289 - INFO - MainThread - server_logic - [DEBUG] found replica for vector: 4
2025-11-18 17:23:32,289 - INFO - MainThread - server_logic - [DEBUG] found replica for vector: 1
2025-11-18 17:23:32,289 - INFO - MainThread - server_logic - [DEBUG] found replica for vector: 2
2025-11-18 17:23:32,289 - INFO - MainThread - server_logic - [DEBUG] found replica for vector: 3
2025-11-18 17:23:32,289 - INFO - MainThread - server_logic - [DEBUG] found replica for vector: 4
2025-11-18 17:23:32,289 - INFO - MainThread - server_logic - [DEBUG] found replica for vector: 1
2025-11-18 17:23:32,289 - INFO - MainThread - server_logic - [DEBUG] found replica for vector: 2
2025-11-18 17:23:32,289 - INFO - MainThread - server_logic - [DEBUG] found replica for vector: 3
2025-11-18 17:23:32,289 - INFO - MainThread - server_logic - [DEBUG] found replica for vector: 4
2025-11-18 17:23:32,289 - INFO - MainThread - server_logic - [DEBUG] found replica for vector: 1
2025-11-18 17:23:32,289 - INFO - MainThread - server_logic - [DEBUG] found replica for vector: 2
2025-11-18 17:23:32,289 - INFO - MainThread - server_logic - [DEBUG] found replica for vector: 3
2025-11-18 17:23:32,289 - INFO - MainThread - server_logic - [DEBUG] to me replica for vector: 3
2025-11-18 17:23:32,289 - INFO - MainThread - server_logic - [DEBUG] found replica for vector: 1
2025-11-18 17:23:32,289 - INFO - MainThread - server_logic - [DEBUG] found replica for vector: 2
2025-11-18 17:23:32,289 - INFO - MainThread - server_logic - [DEBUG] found replica for vector: 3
2025-11-18 17:23:32,289 - INFO - MainThread - server_logic - [DEBUG] found replica for vector: 4
2025-11-18 17:23:32,289 - INFO - MainThread - server_logic - [DEBUG] found replica for vector: 1
2025-11-18 17:23:32,289 - INFO - MainThread - server_logic - [DEBUG] found replica for vector: 2
2025-11-18 17:23:32,289 - INFO - MainThread - server_logic - [DEBUG] found replica for vector: 3
2025-11-18 17:23:32,289 - INFO - MainThread - server_logic - [DEBUG] found replica for vector: 4
2025-11-18 17:23:32,289 - INFO - MainThread - server_logic - [DEBUG] found replica for vector: 1
2025-11-18 17:23:32,289 - INFO - MainThread - server_logic - [DEBUG] found replica for vector: 2
2025-11-18 17:23:32,289 - INFO - MainThread - server_logic - [DEBUG] found replica for vector: 3
2025-11-18 17:23:32,289 - INFO - MainThread - server_logic - [DEBUG] found replica for vector: 4
2025-11-18 17:23:32,289 - INFO - MainThread - server_logic - [DEBUG] found replica for vector: 1
2025-11-18 17:23:32,289 - INFO - MainThread - server_logic - [DEBUG] found replica for vector: 2
2025-11-18 17:23:32,289 - INFO - MainThread - server_logic - [DEBUG] found replica for vector: 3
2025-11-18 17:23:32,289 - INFO - MainThread - server_logic - [DEBUG] found replica for vector: 4
2025-11-18 17:23:32,289 - INFO - MainThread - server_logic - [DEBUG] found replica for vector: 1
2025-11-18 17:23:32,289 - INFO - MainThread - server_logic - [DEBUG] found replica for vector: 2
2025-11-18 17:23:32,289 - INFO - MainThread - server_logic - [DEBUG] found replica for vector: 3
2025-11-18 17:23:32,289 - INFO - MainThread - server_logic - [DEBUG] found replica for vector: 4
2025-11-18 17:23:32,289 - INFO - MainThread - server_logic - [DEBUG] found replica for vector: 1
2025-11-18 17:23:32,289 - INFO - MainThread - server_logic - [DEBUG] found replica for vector: 2
2025-11-18 17:23:32,289 - INFO - MainThread - server_logic - [DEBUG] found replica for vector: 3
2025-11-18 17:23:32,289 - INFO - MainThread - server_logic - [DEBUG] found replica for vector: 4
2025-11-18 17:23:32,290 - INFO - MainThread - server_logic - [DEBUG] found replica for vector: 1
2025-11-18 17:23:32,290 - INFO - MainThread - server_logic - [DEBUG] found replica for vector: 2
2025-11-18 17:23:32,290 - INFO - MainThread - server_logic - [DEBUG] found replica for vector: 3
2025-11-18 17:23:32,290 - INFO - MainThread - server_logic - [DEBUG] found replica for vector: 4
2025-11-18 17:23:32,290 - INFO - MainThread - server_logic - [DEBUG] found replica for vector: 1
2025-11-18 17:23:32,290 - INFO - MainThread - server_logic - [DEBUG] found replica for vector: 2
2025-11-18 17:23:32,290 - INFO - MainThread - server_logic - [DEBUG] found replica for vector: 3
2025-11-18 17:23:32,290 - INFO - MainThread - server_logic - [DEBUG] to me replica for vector: 3
2025-11-18 17:23:32,290 - INFO - MainThread - server_logic - [DEBUG] found replica for vector: 1
2025-11-18 17:23:32,290 - INFO - MainThread - server_logic - [DEBUG] found replica for vector: 2
2025-11-18 17:23:32,290 - INFO - MainThread - server_logic - [DEBUG] found replica for vector: 3
2025-11-18 17:23:32,290 - INFO - MainThread - server_logic - [DEBUG] found replica for vector: 4
2025-11-18 17:23:32,290 - INFO - MainThread - server_logic - [DEBUG] found replica for vector: 1
2025-11-18 17:23:32,290 - INFO - MainThread - server_logic - [DEBUG] found replica for vector: 2
2025-11-18 17:23:32,290 - INFO - MainThread - server_logic - [DEBUG] found replica for vector: 3
2025-11-18 17:23:32,290 - INFO - MainThread - server_logic - [DEBUG] found replica for vector: 4
2025-11-18 17:23:32,290 - INFO - MainThread - server_logic - [DEBUG] found replica for vector: 1
2025-11-18 17:23:32,290 - INFO - MainThread - server_logic - [DEBUG] found replica for vector: 2
2025-11-18 17:23:32,290 - INFO - MainThread - server_logic - [DEBUG] found replica for vector: 3
2025-11-18 17:23:32,290 - INFO - MainThread - server_logic - [DEBUG] to me replica for vector: 3
2025-11-18 17:23:32,290 - INFO - MainThread - server_logic - [DEBUG] found replica for vector: 1
2025-11-18 17:23:32,290 - INFO - MainThread - server_logic - [DEBUG] found replica for vector: 2
2025-11-18 17:23:32,290 - INFO - MainThread - server_logic - [DEBUG] found replica for vector: 3
2025-11-18 17:23:32,290 - INFO - MainThread - server_logic - [DEBUG] found replica for vector: 4
2025-11-18 17:23:32,290 - INFO - MainThread - server_logic - [DEBUG] found replica for vector: 1
2025-11-18 17:23:32,290 - INFO - MainThread - server_logic - [DEBUG] found replica for vector: 2
2025-11-18 17:23:32,290 - INFO - MainThread - server_logic - [DEBUG] found replica for vector: 3
2025-11-18 17:23:32,290 - INFO - MainThread - server_logic - [DEBUG] found replica for vector: 4
2025-11-18 17:23:32,290 - INFO - MainThread - server_logic - [DEBUG] found replica for vector: 1
2025-11-18 17:23:32,290 - INFO - MainThread - server_logic - [DEBUG] found replica for vector: 2
2025-11-18 17:23:32,290 - INFO - MainThread - server_logic - [DEBUG] found replica for vector: 3
2025-11-18 17:23:32,290 - INFO - MainThread - server_logic - [DEBUG] found replica for vector: 4
2025-11-18 17:23:32,290 - INFO - MainThread - server_logic - [DEBUG] found replica for vector: 1
2025-11-18 17:23:32,290 - INFO - MainThread - server_logic - [DEBUG] found replica for vector: 2
2025-11-18 17:23:32,290 - INFO - MainThread - server_logic - [DEBUG] found replica for vector: 3
2025-11-18 17:23:32,290 - INFO - MainThread - server_logic - [DEBUG] found replica for vector: 4
2025-11-18 17:23:32,290 - INFO - MainThread - server_logic - [DEBUG] found replica for vector: 1
2025-11-18 17:23:32,290 - INFO - MainThread - server_logic - [DEBUG] found replica for vector: 2
2025-11-18 17:23:32,290 - INFO - MainThread - server_logic - [DEBUG] found replica for vector: 3
2025-11-18 17:23:32,290 - INFO - MainThread - server_logic - [DEBUG] found replica for vector: 4
2025-11-18 17:23:32,290 - INFO - MainThread - server_logic - [DEBUG] found replica for vector: 1
2025-11-18 17:23:32,290 - INFO - MainThread - server_logic - [DEBUG] found replica for vector: 2
2025-11-18 17:23:32,290 - INFO - MainThread - server_logic - [DEBUG] found replica for vector: 3
2025-11-18 17:23:32,290 - INFO - MainThread - server_logic - [DEBUG] found replica for vector: 4
2025-11-18 17:23:32,290 - INFO - MainThread - server_logic - [DEBUG] found replica for vector: 1
2025-11-18 17:23:32,290 - INFO - MainThread - server_logic - [DEBUG] found replica for vector: 2
2025-11-18 17:23:32,290 - INFO - MainThread - server_logic - [DEBUG] found replica for vector: 3
2025-11-18 17:23:32,290 - INFO - MainThread - server_logic - [DEBUG] found replica for vector: 4
2025-11-18 17:23:32,290 - INFO - MainThread - server_logic - [DEBUG] found replica for vector: 1
2025-11-18 17:23:32,290 - INFO - MainThread - server_logic - [DEBUG] found replica for vector: 2
2025-11-18 17:23:32,290 - INFO - MainThread - server_logic - [DEBUG] found replica for vector: 3
2025-11-18 17:23:32,290 - INFO - MainThread - server_logic - [DEBUG] found replica for vector: 4
2025-11-18 17:23:32,290 - INFO - MainThread - server_logic - [DEBUG] found replica for vector: 1
2025-11-18 17:23:32,290 - INFO - MainThread - server_logic - [DEBUG] found replica for vector: 2
2025-11-18 17:23:32,290 - INFO - MainThread - server_logic - [DEBUG] found replica for vector: 3
2025-11-18 17:23:32,290 - INFO - MainThread - server_logic - [DEBUG] found replica for vector: 4
2025-11-18 17:23:32,290 - INFO - MainThread - server_logic - [DEBUG] found replica for vector: 1
2025-11-18 17:23:32,290 - INFO - MainThread - server_logic - [DEBUG] found replica for vector: 2
2025-11-18 17:23:32,290 - INFO - MainThread - server_logic - [DEBUG] found replica for vector: 3
2025-11-18 17:23:32,291 - INFO - MainThread - server_logic - [DEBUG] found replica for vector: 4
2025-11-18 17:23:32,291 - INFO - MainThread - server_logic - [DEBUG] found replica for vector: 1
2025-11-18 17:23:32,291 - INFO - MainThread - server_logic - [DEBUG] found replica for vector: 2
2025-11-18 17:23:32,291 - INFO - MainThread - server_logic - [DEBUG] found replica for vector: 3
2025-11-18 17:23:32,291 - INFO - MainThread - server_logic - [DEBUG] found replica for vector: 4
2025-11-18 17:23:32,291 - INFO - MainThread - server_logic - [DEBUG] found replica for vector: 1
2025-11-18 17:23:32,291 - INFO - MainThread - server_logic - [DEBUG] found replica for vector: 2
2025-11-18 17:23:32,291 - INFO - MainThread - server_logic - [DEBUG] found replica for vector: 3
2025-11-18 17:23:32,291 - INFO - MainThread - server_logic - [DEBUG] found replica for vector: 4
2025-11-18 17:23:32,291 - INFO - MainThread - server_logic - [DEBUG] found replica for vector: 1
2025-11-18 17:23:32,291 - INFO - MainThread - server_logic - [DEBUG] found replica for vector: 2
2025-11-18 17:23:32,291 - INFO - MainThread - server_logic - [DEBUG] found replica for vector: 3
2025-11-18 17:23:32,291 - INFO - MainThread - server_logic - [DEBUG] found replica for vector: 4
2025-11-18 17:23:32,291 - INFO - MainThread - server_logic - [DEBUG] found replica for vector: 1
2025-11-18 17:23:32,291 - INFO - MainThread - server_logic - [DEBUG] found replica for vector: 2
2025-11-18 17:23:32,291 - INFO - MainThread - server_logic - [DEBUG] found replica for vector: 3
2025-11-18 17:23:32,291 - INFO - MainThread - server_logic - [DEBUG] found replica for vector: 4
2025-11-18 17:23:32,291 - INFO - MainThread - server_logic - [DEBUG] found replica for vector: 1
2025-11-18 17:23:32,291 - INFO - MainThread - server_logic - [DEBUG] found replica for vector: 2
2025-11-18 17:23:32,291 - INFO - MainThread - server_logic - [DEBUG] found replica for vector: 3
2025-11-18 17:23:32,291 - INFO - MainThread - server_logic - [DEBUG] found replica for vector: 4
2025-11-18 17:23:32,291 - INFO - MainThread - server_logic - [DEBUG] found replica for vector: 1
2025-11-18 17:23:32,291 - INFO - MainThread - server_logic - [DEBUG] found replica for vector: 2
2025-11-18 17:23:32,291 - INFO - MainThread - server_logic - [DEBUG] found replica for vector: 3
2025-11-18 17:23:32,291 - INFO - MainThread - server_logic - [DEBUG] found replica for vector: 4
2025-11-18 17:23:32,291 - INFO - MainThread - server_logic - [DEBUG] found replica for vector: 1
2025-11-18 17:23:32,291 - INFO - MainThread - server_logic - [DEBUG] found replica for vector: 2
2025-11-18 17:23:32,291 - INFO - MainThread - server_logic - [DEBUG] found replica for vector: 3
2025-11-18 17:23:32,291 - INFO - MainThread - server_logic - [DEBUG] found replica for vector: 4
2025-11-18 17:23:32,291 - INFO - MainThread - server_logic - [DEBUG] found replica for vector: 1
2025-11-18 17:23:32,291 - INFO - MainThread - server_logic - [DEBUG] found replica for vector: 2
2025-11-18 17:23:32,291 - INFO - MainThread - server_logic - [DEBUG] found replica for vector: 3
2025-11-18 17:23:32,291 - INFO - MainThread - server_logic - [DEBUG] found replica for vector: 4
2025-11-18 17:23:32,291 - INFO - MainThread - server_logic - [DEBUG] found replica for vector: 1
2025-11-18 17:23:32,291 - INFO - MainThread - server_logic - [DEBUG] found replica for vector: 2
2025-11-18 17:23:32,291 - INFO - MainThread - server_logic - [DEBUG] found replica for vector: 3
2025-11-18 17:23:32,291 - INFO - MainThread - server_logic - [DEBUG] found replica for vector: 4
2025-11-18 17:23:32,291 - INFO - MainThread - server_logic - [DEBUG] found replica for vector: 1
2025-11-18 17:23:32,291 - INFO - MainThread - server_logic - [DEBUG] found replica for vector: 2
2025-11-18 17:23:32,291 - INFO - MainThread - server_logic - [DEBUG] found replica for vector: 3
2025-11-18 17:23:32,291 - INFO - MainThread - server_logic - [DEBUG] found replica for vector: 4
2025-11-18 17:23:32,291 - INFO - MainThread - server_logic - [DEBUG] found replica for vector: 1
2025-11-18 17:23:32,291 - INFO - MainThread - server_logic - [DEBUG] found replica for vector: 2
2025-11-18 17:23:32,291 - INFO - MainThread - server_logic - [DEBUG] found replica for vector: 3
2025-11-18 17:23:32,291 - INFO - MainThread - server_logic - [DEBUG] to me replica for vector: 3
2025-11-18 17:23:32,291 - INFO - MainThread - server_logic - [DEBUG] found replica for vector: 1
2025-11-18 17:23:32,291 - INFO - MainThread - server_logic - [DEBUG] found replica for vector: 2
2025-11-18 17:23:32,291 - INFO - MainThread - server_logic - [DEBUG] found replica for vector: 3
2025-11-18 17:23:32,291 - INFO - MainThread - server_logic - [DEBUG] found replica for vector: 4
2025-11-18 17:23:32,291 - INFO - MainThread - server_logic - [DEBUG] found replica for vector: 1
2025-11-18 17:23:32,291 - INFO - MainThread - server_logic - [DEBUG] found replica for vector: 2
2025-11-18 17:23:32,291 - INFO - MainThread - server_logic - [DEBUG] found replica for vector: 3
2025-11-18 17:23:32,291 - INFO - MainThread - server_logic - [DEBUG] found replica for vector: 4
2025-11-18 17:23:32,291 - INFO - MainThread - server_logic - [DEBUG] found replica for vector: 1
2025-11-18 17:23:32,291 - INFO - MainThread - server_logic - [DEBUG] found replica for vector: 2
2025-11-18 17:23:32,291 - INFO - MainThread - server_logic - [DEBUG] found replica for vector: 3
2025-11-18 17:23:32,291 - INFO - MainThread - server_logic - [DEBUG] found replica for vector: 4
2025-11-18 17:23:32,291 - INFO - MainThread - server_logic - [DEBUG] found replica for vector: 1
2025-11-18 17:23:32,292 - INFO - MainThread - server_logic - [DEBUG] found replica for vector: 2
2025-11-18 17:23:32,292 - INFO - MainThread - server_logic - [DEBUG] found replica for vector: 3
2025-11-18 17:23:32,292 - INFO - MainThread - server_logic - [DEBUG] found replica for vector: 4
2025-11-18 17:23:32,292 - INFO - MainThread - server_logic - [DEBUG] found replica for vector: 1
2025-11-18 17:23:32,292 - INFO - MainThread - server_logic - [DEBUG] found replica for vector: 2
2025-11-18 17:23:32,292 - INFO - MainThread - server_logic - [DEBUG] found replica for vector: 3
2025-11-18 17:23:32,292 - INFO - MainThread - server_logic - [DEBUG] found replica for vector: 4
2025-11-18 17:23:32,292 - INFO - MainThread - server_logic - [DEBUG] found replica for vector: 1
2025-11-18 17:23:32,292 - INFO - MainThread - server_logic - [DEBUG] found replica for vector: 2
2025-11-18 17:23:32,292 - INFO - MainThread - server_logic - [DEBUG] found replica for vector: 3
2025-11-18 17:23:32,292 - INFO - MainThread - server_logic - [DEBUG] found replica for vector: 4
2025-11-18 17:23:32,292 - INFO - MainThread - server_logic - [DEBUG] found replica for vector: 1
2025-11-18 17:23:32,292 - INFO - MainThread - server_logic - [DEBUG] found replica for vector: 2
2025-11-18 17:23:32,292 - INFO - MainThread - server_logic - [DEBUG] found replica for vector: 3
2025-11-18 17:23:32,292 - INFO - MainThread - server_logic - [DEBUG] found replica for vector: 4
2025-11-18 17:23:32,292 - INFO - MainThread - server_logic - [DEBUG] found replica for vector: 1
2025-11-18 17:23:32,292 - INFO - MainThread - server_logic - [DEBUG] found replica for vector: 2
2025-11-18 17:23:32,292 - INFO - MainThread - server_logic - [DEBUG] found replica for vector: 3
2025-11-18 17:23:32,292 - INFO - MainThread - server_logic - [DEBUG] found replica for vector: 4
2025-11-18 17:23:32,292 - INFO - MainThread - server_logic - [DEBUG] found replica for vector: 1
2025-11-18 17:23:32,292 - INFO - MainThread - server_logic - [DEBUG] found replica for vector: 2
2025-11-18 17:23:32,292 - INFO - MainThread - server_logic - [DEBUG] found replica for vector: 3
2025-11-18 17:23:32,292 - INFO - MainThread - server_logic - [DEBUG] found replica for vector: 4
2025-11-18 17:23:32,292 - INFO - MainThread - server_logic - [DEBUG] found replica for vector: 1
2025-11-18 17:23:32,292 - INFO - MainThread - server_logic - [DEBUG] found replica for vector: 2
2025-11-18 17:23:32,292 - INFO - MainThread - server_logic - [DEBUG] found replica for vector: 3
2025-11-18 17:23:32,292 - INFO - MainThread - server_logic - [DEBUG] found replica for vector: 4
2025-11-18 17:23:32,292 - INFO - MainThread - server_logic - [DEBUG] found replica for vector: 1
2025-11-18 17:23:32,292 - INFO - MainThread - server_logic - [DEBUG] found replica for vector: 2
2025-11-18 17:23:32,292 - INFO - MainThread - server_logic - [DEBUG] found replica for vector: 3
2025-11-18 17:23:32,292 - INFO - MainThread - server_logic - [DEBUG] found replica for vector: 4
2025-11-18 17:23:32,292 - INFO - MainThread - server_logic - [DEBUG] found replica for vector: 1
2025-11-18 17:23:32,292 - INFO - MainThread - server_logic - [DEBUG] found replica for vector: 2
2025-11-18 17:23:32,292 - INFO - MainThread - server_logic - [DEBUG] found replica for vector: 3
2025-11-18 17:23:32,292 - INFO - MainThread - server_logic - [DEBUG] found replica for vector: 4
2025-11-18 17:23:32,292 - INFO - MainThread - server_logic - [DEBUG] found replica for vector: 1
2025-11-18 17:23:32,292 - INFO - MainThread - server_logic - [DEBUG] found replica for vector: 2
2025-11-18 17:23:32,292 - INFO - MainThread - server_logic - [DEBUG] found replica for vector: 3
2025-11-18 17:23:32,292 - INFO - MainThread - server_logic - [DEBUG] found replica for vector: 4
2025-11-18 17:23:32,292 - INFO - MainThread - server_logic - [DEBUG] found replica for vector: 1
2025-11-18 17:23:32,292 - INFO - MainThread - server_logic - [DEBUG] found replica for vector: 2
2025-11-18 17:23:32,292 - INFO - MainThread - server_logic - [DEBUG] found replica for vector: 3
2025-11-18 17:23:32,292 - INFO - MainThread - server_logic - [DEBUG] found replica for vector: 4
2025-11-18 17:23:32,292 - INFO - MainThread - server_logic - [DEBUG] found replica for vector: 1
2025-11-18 17:23:32,292 - INFO - MainThread - server_logic - [DEBUG] found replica for vector: 2
2025-11-18 17:23:32,292 - INFO - MainThread - server_logic - [DEBUG] found replica for vector: 3
2025-11-18 17:23:32,292 - INFO - MainThread - server_logic - [DEBUG] found replica for vector: 4
2025-11-18 17:23:32,292 - INFO - MainThread - server_logic - [DEBUG] found replica for vector: 1
2025-11-18 17:23:32,292 - INFO - MainThread - server_logic - [DEBUG] found replica for vector: 2
2025-11-18 17:23:32,292 - INFO - MainThread - server_logic - [DEBUG] found replica for vector: 3
2025-11-18 17:23:32,292 - INFO - MainThread - server_logic - [DEBUG] to me replica for vector: 3
2025-11-18 17:23:32,292 - INFO - MainThread - server_logic - [DEBUG] found replica for vector: 1
2025-11-18 17:23:32,292 - INFO - MainThread - server_logic - [DEBUG] found replica for vector: 2
2025-11-18 17:23:32,292 - INFO - MainThread - server_logic - [DEBUG] found replica for vector: 3
2025-11-18 17:23:32,292 - INFO - MainThread - server_logic - [DEBUG] found replica for vector: 4
2025-11-18 17:23:32,292 - INFO - MainThread - server_logic - [DEBUG] found replica for vector: 1
2025-11-18 17:23:32,292 - INFO - MainThread - server_logic - [DEBUG] found replica for vector: 2
2025-11-18 17:23:32,292 - INFO - MainThread - server_logic - [DEBUG] found replica for vector: 3
2025-11-18 17:23:32,292 - INFO - MainThread - server_logic - [DEBUG] found replica for vector: 4
2025-11-18 17:23:32,293 - INFO - MainThread - server_logic - [DEBUG] found replica for vector: 1
2025-11-18 17:23:32,293 - INFO - MainThread - server_logic - [DEBUG] found replica for vector: 2
2025-11-18 17:23:32,293 - INFO - MainThread - server_logic - [DEBUG] found replica for vector: 3
2025-11-18 17:23:32,293 - INFO - MainThread - server_logic - [DEBUG] found replica for vector: 4
2025-11-18 17:23:32,293 - INFO - MainThread - server_logic - [DEBUG] found replica for vector: 1
2025-11-18 17:23:32,293 - INFO - MainThread - server_logic - [DEBUG] found replica for vector: 2
2025-11-18 17:23:32,293 - INFO - MainThread - server_logic - [DEBUG] found replica for vector: 3
2025-11-18 17:23:32,293 - INFO - MainThread - server_logic - [DEBUG] to me replica for vector: 3
2025-11-18 17:23:32,293 - INFO - MainThread - server_logic - [DEBUG] found replica for vector: 1
2025-11-18 17:23:32,293 - INFO - MainThread - server_logic - [DEBUG] found replica for vector: 2
2025-11-18 17:23:32,293 - INFO - MainThread - server_logic - [DEBUG] found replica for vector: 3
2025-11-18 17:23:32,293 - INFO - MainThread - server_logic - [DEBUG] found replica for vector: 4
2025-11-18 17:23:32,293 - INFO - MainThread - server_logic - [DEBUG] found replica for vector: 1
2025-11-18 17:23:32,293 - INFO - MainThread - server_logic - [DEBUG] found replica for vector: 2
2025-11-18 17:23:32,293 - INFO - MainThread - server_logic - [DEBUG] found replica for vector: 3
2025-11-18 17:23:32,293 - INFO - MainThread - server_logic - [DEBUG] found replica for vector: 4
2025-11-18 17:23:32,293 - INFO - MainThread - server_logic - [DEBUG] found replica for vector: 1
2025-11-18 17:23:32,293 - INFO - MainThread - server_logic - [DEBUG] found replica for vector: 2
2025-11-18 17:23:32,293 - INFO - MainThread - server_logic - [DEBUG] found replica for vector: 3
2025-11-18 17:23:32,293 - INFO - MainThread - server_logic - [DEBUG] found replica for vector: 4
2025-11-18 17:23:32,293 - INFO - MainThread - server_logic - [DEBUG] found replica for vector: 1
2025-11-18 17:23:32,293 - INFO - MainThread - server_logic - [DEBUG] found replica for vector: 2
2025-11-18 17:23:32,293 - INFO - MainThread - server_logic - [DEBUG] found replica for vector: 3
2025-11-18 17:23:32,293 - INFO - MainThread - server_logic - [DEBUG] found replica for vector: 4
2025-11-18 17:23:32,293 - INFO - MainThread - server_logic - [DEBUG] found replica for vector: 1
2025-11-18 17:23:32,293 - INFO - MainThread - server_logic - [DEBUG] found replica for vector: 2
2025-11-18 17:23:32,293 - INFO - MainThread - server_logic - [DEBUG] found replica for vector: 3
2025-11-18 17:23:32,293 - INFO - MainThread - server_logic - [DEBUG] to me replica for vector: 3
2025-11-18 17:23:32,293 - INFO - MainThread - server_logic - [DEBUG] found replica for vector: 1
2025-11-18 17:23:32,293 - INFO - MainThread - server_logic - [DEBUG] found replica for vector: 2
2025-11-18 17:23:32,293 - INFO - MainThread - server_logic - [DEBUG] found replica for vector: 3
2025-11-18 17:23:32,293 - INFO - MainThread - server_logic - [DEBUG] to me replica for vector: 3
2025-11-18 17:23:32,293 - INFO - MainThread - server_logic - [DEBUG] found replica for vector: 1
2025-11-18 17:23:32,293 - INFO - MainThread - server_logic - [DEBUG] found replica for vector: 2
2025-11-18 17:23:32,293 - INFO - MainThread - server_logic - [DEBUG] found replica for vector: 3
2025-11-18 17:23:32,293 - INFO - MainThread - server_logic - [DEBUG] found replica for vector: 4
2025-11-18 17:23:32,293 - INFO - MainThread - server_logic - [DEBUG] found replica for vector: 1
2025-11-18 17:23:32,293 - INFO - MainThread - server_logic - [DEBUG] found replica for vector: 2
2025-11-18 17:23:32,293 - INFO - MainThread - server_logic - [DEBUG] found replica for vector: 3
2025-11-18 17:23:32,293 - INFO - MainThread - server_logic - [DEBUG] to me replica for vector: 3
2025-11-18 17:23:32,293 - INFO - MainThread - server_logic - [DEBUG] found replica for vector: 1
2025-11-18 17:23:32,293 - INFO - MainThread - server_logic - [DEBUG] found replica for vector: 2
2025-11-18 17:23:32,293 - INFO - MainThread - server_logic - [DEBUG] found replica for vector: 3
2025-11-18 17:23:32,293 - INFO - MainThread - server_logic - [DEBUG] found replica for vector: 4
2025-11-18 17:23:32,293 - INFO - MainThread - server_logic - [DEBUG] found replica for vector: 1
2025-11-18 17:23:32,293 - INFO - MainThread - server_logic - [DEBUG] found replica for vector: 2
2025-11-18 17:23:32,293 - INFO - MainThread - server_logic - [DEBUG] found replica for vector: 3
2025-11-18 17:23:32,293 - INFO - MainThread - server_logic - [DEBUG] to me replica for vector: 3
2025-11-18 17:23:32,293 - INFO - MainThread - server_logic - [DEBUG] found replica for vector: 1
2025-11-18 17:23:32,293 - INFO - MainThread - server_logic - [DEBUG] found replica for vector: 2
2025-11-18 17:23:32,293 - INFO - MainThread - server_logic - [DEBUG] found replica for vector: 3
2025-11-18 17:23:32,293 - INFO - MainThread - server_logic - [DEBUG] found replica for vector: 4
2025-11-18 17:23:32,293 - INFO - MainThread - server_logic - [DEBUG] found replica for vector: 1
2025-11-18 17:23:32,293 - INFO - MainThread - server_logic - [DEBUG] found replica for vector: 2
2025-11-18 17:23:32,293 - INFO - MainThread - server_logic - [DEBUG] found replica for vector: 3
2025-11-18 17:23:32,293 - INFO - MainThread - server_logic - [DEBUG] found replica for vector: 4
2025-11-18 17:23:32,293 - INFO - MainThread - server_logic - [DEBUG] found replica for vector: 1
2025-11-18 17:23:32,294 - INFO - MainThread - server_logic - [DEBUG] found replica for vector: 2
2025-11-18 17:23:32,294 - INFO - MainThread - server_logic - [DEBUG] found replica for vector: 3
2025-11-18 17:23:32,294 - INFO - MainThread - server_logic - [DEBUG] to me replica for vector: 3
2025-11-18 17:23:32,294 - INFO - MainThread - server_logic - [DEBUG] found replica for vector: 1
2025-11-18 17:23:32,294 - INFO - MainThread - server_logic - [DEBUG] found replica for vector: 2
2025-11-18 17:23:32,294 - INFO - MainThread - server_logic - [DEBUG] found replica for vector: 3
2025-11-18 17:23:32,294 - INFO - MainThread - server_logic - [DEBUG] found replica for vector: 4
2025-11-18 17:23:32,294 - INFO - MainThread - server_logic - [DEBUG] found replica for vector: 1
2025-11-18 17:23:32,294 - INFO - MainThread - server_logic - [DEBUG] found replica for vector: 2
2025-11-18 17:23:32,294 - INFO - MainThread - server_logic - [DEBUG] found replica for vector: 3
2025-11-18 17:23:32,294 - INFO - MainThread - server_logic - [DEBUG] to me replica for vector: 3
2025-11-18 17:23:32,294 - INFO - MainThread - server_logic - [DEBUG] found replica for vector: 1
2025-11-18 17:23:32,294 - INFO - MainThread - server_logic - [DEBUG] found replica for vector: 2
2025-11-18 17:23:32,294 - INFO - MainThread - server_logic - [DEBUG] found replica for vector: 3
2025-11-18 17:23:32,294 - INFO - MainThread - server_logic - [DEBUG] found replica for vector: 4
2025-11-18 17:23:32,294 - INFO - MainThread - server_logic - [DEBUG] found replica for vector: 1
2025-11-18 17:23:32,294 - INFO - MainThread - server_logic - [DEBUG] found replica for vector: 2
2025-11-18 17:23:32,294 - INFO - MainThread - server_logic - [DEBUG] found replica for vector: 3
2025-11-18 17:23:32,294 - INFO - MainThread - server_logic - [DEBUG] found replica for vector: 4
2025-11-18 17:23:32,294 - INFO - MainThread - server_logic - [DEBUG] found replica for vector: 1
2025-11-18 17:23:32,294 - INFO - MainThread - server_logic - [DEBUG] found replica for vector: 2
2025-11-18 17:23:32,294 - INFO - MainThread - server_logic - [DEBUG] found replica for vector: 3
2025-11-18 17:23:32,294 - INFO - MainThread - server_logic - [DEBUG] found replica for vector: 4
2025-11-18 17:23:32,294 - INFO - MainThread - server_logic - [DEBUG] found replica for vector: 1
2025-11-18 17:23:32,294 - INFO - MainThread - server_logic - [DEBUG] found replica for vector: 2
2025-11-18 17:23:32,294 - INFO - MainThread - server_logic - [DEBUG] found replica for vector: 3
2025-11-18 17:23:32,294 - INFO - MainThread - server_logic - [DEBUG] found replica for vector: 4
2025-11-18 17:23:32,294 - INFO - MainThread - server_logic - [DEBUG] found replica for vector: 1
2025-11-18 17:23:32,294 - INFO - MainThread - server_logic - [DEBUG] found replica for vector: 2
2025-11-18 17:23:32,294 - INFO - MainThread - server_logic - [DEBUG] found replica for vector: 3
2025-11-18 17:23:32,294 - INFO - MainThread - server_logic - [DEBUG] to me replica for vector: 3
2025-11-18 17:23:32,294 - INFO - MainThread - server_logic - [DEBUG] found replica for vector: 1
2025-11-18 17:23:32,294 - INFO - MainThread - server_logic - [DEBUG] found replica for vector: 2
2025-11-18 17:23:32,294 - INFO - MainThread - server_logic - [DEBUG] found replica for vector: 3
2025-11-18 17:23:32,294 - INFO - MainThread - server_logic - [DEBUG] to me replica for vector: 3
2025-11-18 17:23:32,294 - INFO - MainThread - server_logic - [DEBUG] found replica for vector: 1
2025-11-18 17:23:32,294 - INFO - MainThread - server_logic - [DEBUG] found replica for vector: 2
2025-11-18 17:23:32,294 - INFO - MainThread - server_logic - [DEBUG] found replica for vector: 3
2025-11-18 17:23:32,294 - INFO - MainThread - server_logic - [DEBUG] found replica for vector: 4
2025-11-18 17:23:32,294 - INFO - MainThread - server_logic - [DEBUG] found replica for vector: 1
2025-11-18 17:23:32,294 - INFO - MainThread - server_logic - [DEBUG] found replica for vector: 2
2025-11-18 17:23:32,294 - INFO - MainThread - server_logic - [DEBUG] found replica for vector: 3
2025-11-18 17:23:32,294 - INFO - MainThread - server_logic - [DEBUG] found replica for vector: 4
2025-11-18 17:23:32,294 - INFO - MainThread - server_logic - [DEBUG] found replica for vector: 1
2025-11-18 17:23:32,294 - INFO - MainThread - server_logic - [DEBUG] found replica for vector: 2
2025-11-18 17:23:32,294 - INFO - MainThread - server_logic - [DEBUG] found replica for vector: 3
2025-11-18 17:23:32,294 - INFO - MainThread - server_logic - [DEBUG] to me replica for vector: 3
2025-11-18 17:23:32,294 - INFO - MainThread - server_logic - [DEBUG] found replica for vector: 1
2025-11-18 17:23:32,294 - INFO - MainThread - server_logic - [DEBUG] found replica for vector: 2
2025-11-18 17:23:32,294 - INFO - MainThread - server_logic - [DEBUG] found replica for vector: 3
2025-11-18 17:23:32,294 - INFO - MainThread - server_logic - [DEBUG] found replica for vector: 4
2025-11-18 17:23:32,294 - INFO - MainThread - server_logic - [DEBUG] found replica for vector: 1
2025-11-18 17:23:32,294 - INFO - MainThread - server_logic - [DEBUG] found replica for vector: 2
2025-11-18 17:23:32,294 - INFO - MainThread - server_logic - [DEBUG] found replica for vector: 3
2025-11-18 17:23:32,294 - INFO - MainThread - server_logic - [DEBUG] found replica for vector: 4
2025-11-18 17:23:32,294 - INFO - MainThread - server_logic - [DEBUG] found replica for vector: 1
2025-11-18 17:23:32,294 - INFO - MainThread - server_logic - [DEBUG] found replica for vector: 2
2025-11-18 17:23:32,294 - INFO - MainThread - server_logic - [DEBUG] found replica for vector: 3
2025-11-18 17:23:32,294 - INFO - MainThread - server_logic - [DEBUG] to me replica for vector: 3
2025-11-18 17:23:32,295 - INFO - MainThread - server_logic - [DEBUG] found replica for vector: 1
2025-11-18 17:23:32,295 - INFO - MainThread - server_logic - [DEBUG] found replica for vector: 2
2025-11-18 17:23:32,295 - INFO - MainThread - server_logic - [DEBUG] found replica for vector: 3
2025-11-18 17:23:32,295 - INFO - MainThread - server_logic - [DEBUG] found replica for vector: 4
2025-11-18 17:23:32,295 - INFO - MainThread - server_logic - [DEBUG] found replica for vector: 1
2025-11-18 17:23:32,295 - INFO - MainThread - server_logic - [DEBUG] found replica for vector: 2
2025-11-18 17:23:32,295 - INFO - MainThread - server_logic - [DEBUG] found replica for vector: 3
2025-11-18 17:23:32,295 - INFO - MainThread - server_logic - [DEBUG] found replica for vector: 4
2025-11-18 17:23:32,295 - INFO - MainThread - server_logic - [DEBUG] found replica for vector: 1
2025-11-18 17:23:32,295 - INFO - MainThread - server_logic - [DEBUG] found replica for vector: 2
2025-11-18 17:23:32,295 - INFO - MainThread - server_logic - [DEBUG] found replica for vector: 3
2025-11-18 17:23:32,295 - INFO - MainThread - server_logic - [DEBUG] to me replica for vector: 3
2025-11-18 17:23:32,295 - INFO - MainThread - server_logic - [DEBUG] found replica for vector: 1
2025-11-18 17:23:32,295 - INFO - MainThread - server_logic - [DEBUG] found replica for vector: 2
2025-11-18 17:23:32,295 - INFO - MainThread - server_logic - [DEBUG] found replica for vector: 3
2025-11-18 17:23:32,295 - INFO - MainThread - server_logic - [DEBUG] found replica for vector: 4
2025-11-18 17:23:32,295 - INFO - MainThread - server_logic - [DEBUG] found replica for vector: 1
2025-11-18 17:23:32,295 - INFO - MainThread - server_logic - [DEBUG] found replica for vector: 2
2025-11-18 17:23:32,295 - INFO - MainThread - server_logic - [DEBUG] found replica for vector: 3
2025-11-18 17:23:32,295 - INFO - MainThread - server_logic - [DEBUG] to me replica for vector: 3
2025-11-18 17:23:32,295 - INFO - MainThread - server_logic - [DEBUG] found replica for vector: 1
2025-11-18 17:23:32,295 - INFO - MainThread - server_logic - [DEBUG] found replica for vector: 2
2025-11-18 17:23:32,295 - INFO - MainThread - server_logic - [DEBUG] found replica for vector: 3
2025-11-18 17:23:32,295 - INFO - MainThread - server_logic - [DEBUG] found replica for vector: 4
2025-11-18 17:23:32,295 - INFO - MainThread - server_logic - [DEBUG] found replica for vector: 1
2025-11-18 17:23:32,295 - INFO - MainThread - server_logic - [DEBUG] found replica for vector: 2
2025-11-18 17:23:32,295 - INFO - MainThread - server_logic - [DEBUG] found replica for vector: 3
2025-11-18 17:23:32,295 - INFO - MainThread - server_logic - [DEBUG] found replica for vector: 4
2025-11-18 17:23:32,295 - INFO - MainThread - server_logic - [DEBUG] found replica for vector: 1
2025-11-18 17:23:32,295 - INFO - MainThread - server_logic - [DEBUG] found replica for vector: 2
2025-11-18 17:23:32,295 - INFO - MainThread - server_logic - [DEBUG] found replica for vector: 3
2025-11-18 17:23:32,295 - INFO - MainThread - server_logic - [DEBUG] found replica for vector: 4
2025-11-18 17:23:32,295 - INFO - MainThread - server_logic - [DEBUG] found replica for vector: 1
2025-11-18 17:23:32,295 - INFO - MainThread - server_logic - [DEBUG] found replica for vector: 2
2025-11-18 17:23:32,295 - INFO - MainThread - server_logic - [DEBUG] found replica for vector: 3
2025-11-18 17:23:32,295 - INFO - MainThread - server_logic - [DEBUG] found replica for vector: 4
2025-11-18 17:23:32,295 - INFO - MainThread - server_logic - [DEBUG] found replica for vector: 1
2025-11-18 17:23:32,295 - INFO - MainThread - server_logic - [DEBUG] found replica for vector: 2
2025-11-18 17:23:32,295 - INFO - MainThread - server_logic - [DEBUG] found replica for vector: 3
2025-11-18 17:23:32,295 - INFO - MainThread - server_logic - [DEBUG] found replica for vector: 4
2025-11-18 17:23:32,295 - INFO - MainThread - server_logic - [DEBUG] found replica for vector: 1
2025-11-18 17:23:32,295 - INFO - MainThread - server_logic - [DEBUG] found replica for vector: 2
2025-11-18 17:23:32,295 - INFO - MainThread - server_logic - [DEBUG] found replica for vector: 3
2025-11-18 17:23:32,295 - INFO - MainThread - server_logic - [DEBUG] found replica for vector: 4
2025-11-18 17:23:32,295 - INFO - MainThread - server_logic - [DEBUG] found replica for vector: 1
2025-11-18 17:23:32,295 - INFO - MainThread - server_logic - [DEBUG] found replica for vector: 2
2025-11-18 17:23:32,295 - INFO - MainThread - server_logic - [DEBUG] found replica for vector: 3
2025-11-18 17:23:32,295 - INFO - MainThread - server_logic - [DEBUG] found replica for vector: 4
2025-11-18 17:23:32,295 - INFO - MainThread - server_logic - [DEBUG] found replica for vector: 1
2025-11-18 17:23:32,295 - INFO - MainThread - server_logic - [DEBUG] found replica for vector: 2
2025-11-18 17:23:32,295 - INFO - MainThread - server_logic - [DEBUG] found replica for vector: 3
2025-11-18 17:23:32,295 - INFO - MainThread - server_logic - [DEBUG] found replica for vector: 4
2025-11-18 17:23:32,295 - INFO - MainThread - server_logic - [DEBUG] found replica for vector: 1
2025-11-18 17:23:32,295 - INFO - MainThread - server_logic - [DEBUG] found replica for vector: 2
2025-11-18 17:23:32,295 - INFO - MainThread - server_logic - [DEBUG] found replica for vector: 3
2025-11-18 17:23:32,295 - INFO - MainThread - server_logic - [DEBUG] found replica for vector: 4
2025-11-18 17:23:32,295 - INFO - MainThread - server_logic - [DEBUG] found replica for vector: 1
2025-11-18 17:23:32,295 - INFO - MainThread - server_logic - [DEBUG] found replica for vector: 2
2025-11-18 17:23:32,296 - INFO - MainThread - server_logic - [DEBUG] found replica for vector: 3
2025-11-18 17:23:32,296 - INFO - MainThread - server_logic - [DEBUG] to me replica for vector: 3
2025-11-18 17:23:32,296 - INFO - MainThread - server_logic - [DEBUG] found replica for vector: 1
2025-11-18 17:23:32,296 - INFO - MainThread - server_logic - [DEBUG] found replica for vector: 2
2025-11-18 17:23:32,296 - INFO - MainThread - server_logic - [DEBUG] found replica for vector: 3
2025-11-18 17:23:32,296 - INFO - MainThread - server_logic - [DEBUG] found replica for vector: 4
2025-11-18 17:23:32,296 - INFO - MainThread - server_logic - [DEBUG] found replica for vector: 1
2025-11-18 17:23:32,296 - INFO - MainThread - server_logic - [DEBUG] found replica for vector: 2
2025-11-18 17:23:32,296 - INFO - MainThread - server_logic - [DEBUG] found replica for vector: 3
2025-11-18 17:23:32,296 - INFO - MainThread - server_logic - [DEBUG] found replica for vector: 4
2025-11-18 17:23:32,296 - INFO - MainThread - server_logic - [DEBUG] found replica for vector: 1
2025-11-18 17:23:32,296 - INFO - MainThread - server_logic - [DEBUG] found replica for vector: 2
2025-11-18 17:23:32,296 - INFO - MainThread - server_logic - [DEBUG] found replica for vector: 3
2025-11-18 17:23:32,296 - INFO - MainThread - server_logic - [DEBUG] found replica for vector: 4
2025-11-18 17:23:32,296 - INFO - MainThread - server_logic - [DEBUG] found replica for vector: 1
2025-11-18 17:23:32,296 - INFO - MainThread - server_logic - [DEBUG] found replica for vector: 2
2025-11-18 17:23:32,296 - INFO - MainThread - server_logic - [DEBUG] found replica for vector: 3
2025-11-18 17:23:32,296 - INFO - MainThread - server_logic - [DEBUG] to me replica for vector: 3
2025-11-18 17:23:32,296 - INFO - MainThread - server_logic - [DEBUG] found replica for vector: 1
2025-11-18 17:23:32,296 - INFO - MainThread - server_logic - [DEBUG] found replica for vector: 2
2025-11-18 17:23:32,296 - INFO - MainThread - server_logic - [DEBUG] found replica for vector: 3
2025-11-18 17:23:32,296 - INFO - MainThread - server_logic - [DEBUG] found replica for vector: 4
2025-11-18 17:23:32,296 - INFO - MainThread - server_logic - [DEBUG] found replica for vector: 1
2025-11-18 17:23:32,296 - INFO - MainThread - server_logic - [DEBUG] found replica for vector: 2
2025-11-18 17:23:32,296 - INFO - MainThread - server_logic - [DEBUG] found replica for vector: 3
2025-11-18 17:23:32,296 - INFO - MainThread - server_logic - [DEBUG] found replica for vector: 4
2025-11-18 17:23:32,296 - INFO - MainThread - server_logic - [DEBUG] found replica for vector: 1
2025-11-18 17:23:32,296 - INFO - MainThread - server_logic - [DEBUG] found replica for vector: 2
2025-11-18 17:23:32,296 - INFO - MainThread - server_logic - [DEBUG] found replica for vector: 3
2025-11-18 17:23:32,296 - INFO - MainThread - server_logic - [DEBUG] found replica for vector: 4
2025-11-18 17:23:32,296 - INFO - MainThread - server_logic - [DEBUG] found replica for vector: 1
2025-11-18 17:23:32,296 - INFO - MainThread - server_logic - [DEBUG] found replica for vector: 2
2025-11-18 17:23:32,296 - INFO - MainThread - server_logic - [DEBUG] found replica for vector: 3
2025-11-18 17:23:32,296 - INFO - MainThread - server_logic - [DEBUG] to me replica for vector: 3
2025-11-18 17:23:32,296 - INFO - MainThread - server_logic - [DEBUG] found replica for vector: 1
2025-11-18 17:23:32,296 - INFO - MainThread - server_logic - [DEBUG] found replica for vector: 2
2025-11-18 17:23:32,296 - INFO - MainThread - server_logic - [DEBUG] found replica for vector: 3
2025-11-18 17:23:32,296 - INFO - MainThread - server_logic - [DEBUG] to me replica for vector: 3
2025-11-18 17:23:32,296 - INFO - MainThread - server_logic - [DEBUG] found replica for vector: 1
2025-11-18 17:23:32,296 - INFO - MainThread - server_logic - [DEBUG] found replica for vector: 2
2025-11-18 17:23:32,296 - INFO - MainThread - server_logic - [DEBUG] found replica for vector: 3
2025-11-18 17:23:32,296 - INFO - MainThread - server_logic - [DEBUG] found replica for vector: 4
2025-11-18 17:23:32,296 - INFO - MainThread - server_logic - [DEBUG] found replica for vector: 1
2025-11-18 17:23:32,296 - INFO - MainThread - server_logic - [DEBUG] found replica for vector: 2
2025-11-18 17:23:32,296 - INFO - MainThread - server_logic - [DEBUG] found replica for vector: 3
2025-11-18 17:23:32,296 - INFO - MainThread - server_logic - [DEBUG] found replica for vector: 4
2025-11-18 17:23:32,296 - INFO - MainThread - server_logic - [DEBUG] found replica for vector: 1
2025-11-18 17:23:32,296 - INFO - MainThread - server_logic - [DEBUG] found replica for vector: 2
2025-11-18 17:23:32,296 - INFO - MainThread - server_logic - [DEBUG] found replica for vector: 3
2025-11-18 17:23:32,296 - INFO - MainThread - server_logic - [DEBUG] found replica for vector: 4
2025-11-18 17:23:32,296 - INFO - MainThread - server_logic - [DEBUG] found replica for vector: 1
2025-11-18 17:23:32,296 - INFO - MainThread - server_logic - [DEBUG] found replica for vector: 2
2025-11-18 17:23:32,296 - INFO - MainThread - server_logic - [DEBUG] found replica for vector: 3
2025-11-18 17:23:32,296 - INFO - MainThread - server_logic - [DEBUG] found replica for vector: 4
2025-11-18 17:23:32,296 - INFO - MainThread - server_logic - [DEBUG] found replica for vector: 1
2025-11-18 17:23:32,296 - INFO - MainThread - server_logic - [DEBUG] found replica for vector: 2
2025-11-18 17:23:32,296 - INFO - MainThread - server_logic - [DEBUG] found replica for vector: 3
2025-11-18 17:23:32,296 - INFO - MainThread - server_logic - [DEBUG] found replica for vector: 4
2025-11-18 17:23:32,297 - INFO - MainThread - server_logic - [DEBUG] found replica for vector: 1
2025-11-18 17:23:32,297 - INFO - MainThread - server_logic - [DEBUG] found replica for vector: 2
2025-11-18 17:23:32,297 - INFO - MainThread - server_logic - [DEBUG] found replica for vector: 3
2025-11-18 17:23:32,297 - INFO - MainThread - server_logic - [DEBUG] found replica for vector: 4
2025-11-18 17:23:32,297 - INFO - MainThread - server_logic - [DEBUG] found replica for vector: 1
2025-11-18 17:23:32,297 - INFO - MainThread - server_logic - [DEBUG] found replica for vector: 2
2025-11-18 17:23:32,297 - INFO - MainThread - server_logic - [DEBUG] found replica for vector: 3
2025-11-18 17:23:32,297 - INFO - MainThread - server_logic - [DEBUG] found replica for vector: 4
2025-11-18 17:23:32,297 - INFO - MainThread - server_logic - [DEBUG] found replica for vector: 1
2025-11-18 17:23:32,297 - INFO - MainThread - server_logic - [DEBUG] found replica for vector: 2
2025-11-18 17:23:32,297 - INFO - MainThread - server_logic - [DEBUG] found replica for vector: 3
2025-11-18 17:23:32,297 - INFO - MainThread - server_logic - [DEBUG] found replica for vector: 4
2025-11-18 17:23:32,297 - INFO - MainThread - server_logic - [DEBUG] found replica for vector: 1
2025-11-18 17:23:32,297 - INFO - MainThread - server_logic - [DEBUG] found replica for vector: 2
2025-11-18 17:23:32,297 - INFO - MainThread - server_logic - [DEBUG] found replica for vector: 3
2025-11-18 17:23:32,297 - INFO - MainThread - server_logic - [DEBUG] found replica for vector: 4
2025-11-18 17:23:32,297 - INFO - MainThread - server_logic - [DEBUG] found replica for vector: 1
2025-11-18 17:23:32,297 - INFO - MainThread - server_logic - [DEBUG] found replica for vector: 2
2025-11-18 17:23:32,297 - INFO - MainThread - server_logic - [DEBUG] found replica for vector: 3
2025-11-18 17:23:32,297 - INFO - MainThread - server_logic - [DEBUG] found replica for vector: 4
2025-11-18 17:23:32,297 - INFO - MainThread - server_logic - [DEBUG] found replica for vector: 1
2025-11-18 17:23:32,297 - INFO - MainThread - server_logic - [DEBUG] found replica for vector: 2
2025-11-18 17:23:32,297 - INFO - MainThread - server_logic - [DEBUG] found replica for vector: 3
2025-11-18 17:23:32,297 - INFO - MainThread - server_logic - [DEBUG] found replica for vector: 4
2025-11-18 17:23:32,297 - INFO - MainThread - server_logic - [DEBUG] found replica for vector: 1
2025-11-18 17:23:32,297 - INFO - MainThread - server_logic - [DEBUG] found replica for vector: 2
2025-11-18 17:23:32,297 - INFO - MainThread - server_logic - [DEBUG] found replica for vector: 3
2025-11-18 17:23:32,297 - INFO - MainThread - server_logic - [DEBUG] to me replica for vector: 3
2025-11-18 17:23:32,297 - INFO - MainThread - server_logic - [DEBUG] found replica for vector: 1
2025-11-18 17:23:32,297 - INFO - MainThread - server_logic - [DEBUG] found replica for vector: 2
2025-11-18 17:23:32,297 - INFO - MainThread - server_logic - [DEBUG] found replica for vector: 3
2025-11-18 17:23:32,297 - INFO - MainThread - server_logic - [DEBUG] to me replica for vector: 3
2025-11-18 17:23:32,297 - INFO - MainThread - server_logic - [DEBUG] found replica for vector: 1
2025-11-18 17:23:32,297 - INFO - MainThread - server_logic - [DEBUG] found replica for vector: 2
2025-11-18 17:23:32,297 - INFO - MainThread - server_logic - [DEBUG] found replica for vector: 3
2025-11-18 17:23:32,297 - INFO - MainThread - server_logic - [DEBUG] found replica for vector: 4
2025-11-18 17:23:32,297 - INFO - MainThread - server_logic - [DEBUG] found replica for vector: 1
2025-11-18 17:23:32,297 - INFO - MainThread - server_logic - [DEBUG] found replica for vector: 2
2025-11-18 17:23:32,297 - INFO - MainThread - server_logic - [DEBUG] found replica for vector: 3
2025-11-18 17:23:32,297 - INFO - MainThread - server_logic - [DEBUG] found replica for vector: 4
2025-11-18 17:23:32,297 - INFO - MainThread - server_logic - [DEBUG] found replica for vector: 1
2025-11-18 17:23:32,297 - INFO - MainThread - server_logic - [DEBUG] found replica for vector: 2
2025-11-18 17:23:32,297 - INFO - MainThread - server_logic - [DEBUG] found replica for vector: 3
2025-11-18 17:23:32,297 - INFO - MainThread - server_logic - [DEBUG] found replica for vector: 4
2025-11-18 17:23:32,297 - INFO - MainThread - server_logic - [DEBUG] found replica for vector: 1
2025-11-18 17:23:32,297 - INFO - MainThread - server_logic - [DEBUG] found replica for vector: 2
2025-11-18 17:23:32,297 - INFO - MainThread - server_logic - [DEBUG] found replica for vector: 3
2025-11-18 17:23:32,297 - INFO - MainThread - server_logic - [DEBUG] found replica for vector: 4
2025-11-18 17:23:32,297 - INFO - MainThread - server_logic - [DEBUG] found replica for vector: 1
2025-11-18 17:23:32,297 - INFO - MainThread - server_logic - [DEBUG] found replica for vector: 2
2025-11-18 17:23:32,297 - INFO - MainThread - server_logic - [DEBUG] found replica for vector: 3
2025-11-18 17:23:32,297 - INFO - MainThread - server_logic - [DEBUG] to me replica for vector: 3
2025-11-18 17:23:32,297 - INFO - MainThread - server_logic - [DEBUG] found replica for vector: 1
2025-11-18 17:23:32,297 - INFO - MainThread - server_logic - [DEBUG] found replica for vector: 2
2025-11-18 17:23:32,297 - INFO - MainThread - server_logic - [DEBUG] found replica for vector: 3
2025-11-18 17:23:32,297 - INFO - MainThread - server_logic - [DEBUG] found replica for vector: 4
2025-11-18 17:23:32,297 - INFO - MainThread - server_logic - [DEBUG] found replica for vector: 1
2025-11-18 17:23:32,297 - INFO - MainThread - server_logic - [DEBUG] found replica for vector: 2
2025-11-18 17:23:32,298 - INFO - MainThread - server_logic - [DEBUG] found replica for vector: 3
2025-11-18 17:23:32,298 - INFO - MainThread - server_logic - [DEBUG] to me replica for vector: 3
2025-11-18 17:23:32,298 - INFO - MainThread - server_logic - [DEBUG] found replica for vector: 1
2025-11-18 17:23:32,298 - INFO - MainThread - server_logic - [DEBUG] found replica for vector: 2
2025-11-18 17:23:32,298 - INFO - MainThread - server_logic - [DEBUG] found replica for vector: 3
2025-11-18 17:23:32,298 - INFO - MainThread - server_logic - [DEBUG] to me replica for vector: 3
2025-11-18 17:23:32,298 - INFO - MainThread - server_logic - [DEBUG] found replica for vector: 1
2025-11-18 17:23:32,298 - INFO - MainThread - server_logic - [DEBUG] found replica for vector: 2
2025-11-18 17:23:32,298 - INFO - MainThread - server_logic - [DEBUG] found replica for vector: 3
2025-11-18 17:23:32,298 - INFO - MainThread - server_logic - [DEBUG] found replica for vector: 4
2025-11-18 17:23:32,298 - INFO - MainThread - server_logic - [DEBUG] found replica for vector: 1
2025-11-18 17:23:32,298 - INFO - MainThread - server_logic - [DEBUG] found replica for vector: 2
2025-11-18 17:23:32,298 - INFO - MainThread - server_logic - [DEBUG] found replica for vector: 3
2025-11-18 17:23:32,298 - INFO - MainThread - server_logic - [DEBUG] found replica for vector: 4
2025-11-18 17:23:32,298 - INFO - MainThread - server_logic - [DEBUG] found replica for vector: 1
2025-11-18 17:23:32,298 - INFO - MainThread - server_logic - [DEBUG] found replica for vector: 2
2025-11-18 17:23:32,298 - INFO - MainThread - server_logic - [DEBUG] found replica for vector: 3
2025-11-18 17:23:32,298 - INFO - MainThread - server_logic - [DEBUG] found replica for vector: 4
2025-11-18 17:23:32,298 - INFO - MainThread - server_logic - [DEBUG] found replica for vector: 1
2025-11-18 17:23:32,298 - INFO - MainThread - server_logic - [DEBUG] found replica for vector: 2
2025-11-18 17:23:32,298 - INFO - MainThread - server_logic - [DEBUG] found replica for vector: 3
2025-11-18 17:23:32,298 - INFO - MainThread - server_logic - [DEBUG] to me replica for vector: 3
2025-11-18 17:23:32,298 - INFO - MainThread - server_logic - [DEBUG] found replica for vector: 1
2025-11-18 17:23:32,298 - INFO - MainThread - server_logic - [DEBUG] found replica for vector: 2
2025-11-18 17:23:32,298 - INFO - MainThread - server_logic - [DEBUG] found replica for vector: 3
2025-11-18 17:23:32,298 - INFO - MainThread - server_logic - [DEBUG] found replica for vector: 4
2025-11-18 17:23:32,298 - INFO - MainThread - server_logic - [DEBUG] found replica for vector: 1
2025-11-18 17:23:32,298 - INFO - MainThread - server_logic - [DEBUG] found replica for vector: 2
2025-11-18 17:23:32,298 - INFO - MainThread - server_logic - [DEBUG] found replica for vector: 3
2025-11-18 17:23:32,298 - INFO - MainThread - server_logic - [DEBUG] found replica for vector: 4
2025-11-18 17:23:32,298 - INFO - MainThread - server_logic - [DEBUG] found replica for vector: 1
2025-11-18 17:23:32,298 - INFO - MainThread - server_logic - [DEBUG] found replica for vector: 2
2025-11-18 17:23:32,298 - INFO - MainThread - server_logic - [DEBUG] found replica for vector: 3
2025-11-18 17:23:32,298 - INFO - MainThread - server_logic - [DEBUG] to me replica for vector: 3
2025-11-18 17:23:32,298 - INFO - MainThread - server_logic - [DEBUG] found replica for vector: 1
2025-11-18 17:23:32,298 - INFO - MainThread - server_logic - [DEBUG] found replica for vector: 2
2025-11-18 17:23:32,298 - INFO - MainThread - server_logic - [DEBUG] found replica for vector: 3
2025-11-18 17:23:32,298 - INFO - MainThread - server_logic - [DEBUG] found replica for vector: 4
2025-11-18 17:23:32,298 - INFO - MainThread - server_logic - [DEBUG] found replica for vector: 1
2025-11-18 17:23:32,298 - INFO - MainThread - server_logic - [DEBUG] found replica for vector: 2
2025-11-18 17:23:32,298 - INFO - MainThread - server_logic - [DEBUG] found replica for vector: 3
2025-11-18 17:23:32,298 - INFO - MainThread - server_logic - [DEBUG] to me replica for vector: 3
2025-11-18 17:23:32,298 - INFO - MainThread - server_logic - [DEBUG] found replica for vector: 1
2025-11-18 17:23:32,298 - INFO - MainThread - server_logic - [DEBUG] found replica for vector: 2
2025-11-18 17:23:32,298 - INFO - MainThread - server_logic - [DEBUG] found replica for vector: 3
2025-11-18 17:23:32,298 - INFO - MainThread - server_logic - [DEBUG] found replica for vector: 4
2025-11-18 17:23:32,298 - INFO - MainThread - server_logic - [DEBUG] found replica for vector: 1
2025-11-18 17:23:32,298 - INFO - MainThread - server_logic - [DEBUG] found replica for vector: 2
2025-11-18 17:23:32,298 - INFO - MainThread - server_logic - [DEBUG] found replica for vector: 3
2025-11-18 17:23:32,298 - INFO - MainThread - server_logic - [DEBUG] found replica for vector: 4
2025-11-18 17:23:32,298 - INFO - MainThread - server_logic - [DEBUG] found replica for vector: 1
2025-11-18 17:23:32,298 - INFO - MainThread - server_logic - [DEBUG] found replica for vector: 2
2025-11-18 17:23:32,298 - INFO - MainThread - server_logic - [DEBUG] found replica for vector: 3
2025-11-18 17:23:32,298 - INFO - MainThread - server_logic - [DEBUG] found replica for vector: 4
2025-11-18 17:23:32,298 - INFO - MainThread - server_logic - [DEBUG] found replica for vector: 1
2025-11-18 17:23:32,298 - INFO - MainThread - server_logic - [DEBUG] found replica for vector: 2
2025-11-18 17:23:32,298 - INFO - MainThread - server_logic - [DEBUG] found replica for vector: 3
2025-11-18 17:23:32,299 - INFO - MainThread - server_logic - [DEBUG] found replica for vector: 4
2025-11-18 17:23:32,299 - INFO - MainThread - server_logic - [DEBUG] found replica for vector: 1
2025-11-18 17:23:32,299 - INFO - MainThread - server_logic - [DEBUG] found replica for vector: 2
2025-11-18 17:23:32,299 - INFO - MainThread - server_logic - [DEBUG] found replica for vector: 3
2025-11-18 17:23:32,299 - INFO - MainThread - server_logic - [DEBUG] found replica for vector: 4
2025-11-18 17:23:32,299 - INFO - MainThread - server_logic - [DEBUG] found replica for vector: 1
2025-11-18 17:23:32,299 - INFO - MainThread - server_logic - [DEBUG] found replica for vector: 2
2025-11-18 17:23:32,299 - INFO - MainThread - server_logic - [DEBUG] found replica for vector: 3
2025-11-18 17:23:32,299 - INFO - MainThread - server_logic - [DEBUG] found replica for vector: 4
2025-11-18 17:23:32,299 - INFO - MainThread - server_logic - [DEBUG] found replica for vector: 1
2025-11-18 17:23:32,299 - INFO - MainThread - server_logic - [DEBUG] found replica for vector: 2
2025-11-18 17:23:32,299 - INFO - MainThread - server_logic - [DEBUG] found replica for vector: 3
2025-11-18 17:23:32,299 - INFO - MainThread - server_logic - [DEBUG] found replica for vector: 4
2025-11-18 17:23:32,299 - INFO - MainThread - server_logic - [DEBUG] found replica for vector: 1
2025-11-18 17:23:32,299 - INFO - MainThread - server_logic - [DEBUG] found replica for vector: 2
2025-11-18 17:23:32,299 - INFO - MainThread - server_logic - [DEBUG] found replica for vector: 3
2025-11-18 17:23:32,299 - INFO - MainThread - server_logic - [DEBUG] found replica for vector: 4
2025-11-18 17:23:32,299 - INFO - MainThread - server_logic - [DEBUG] found replica for vector: 1
2025-11-18 17:23:32,299 - INFO - MainThread - server_logic - [DEBUG] found replica for vector: 2
2025-11-18 17:23:32,299 - INFO - MainThread - server_logic - [DEBUG] found replica for vector: 3
2025-11-18 17:23:32,299 - INFO - MainThread - server_logic - [DEBUG] found replica for vector: 4
2025-11-18 17:23:32,299 - INFO - MainThread - server_logic - [DEBUG] found replica for vector: 1
2025-11-18 17:23:32,299 - INFO - MainThread - server_logic - [DEBUG] found replica for vector: 2
2025-11-18 17:23:32,299 - INFO - MainThread - server_logic - [DEBUG] found replica for vector: 3
2025-11-18 17:23:32,299 - INFO - MainThread - server_logic - [DEBUG] to me replica for vector: 3
2025-11-18 17:23:32,299 - INFO - MainThread - server_logic - [DEBUG] found replica for vector: 1
2025-11-18 17:23:32,299 - INFO - MainThread - server_logic - [DEBUG] found replica for vector: 2
2025-11-18 17:23:32,299 - INFO - MainThread - server_logic - [DEBUG] found replica for vector: 3
2025-11-18 17:23:32,299 - INFO - MainThread - server_logic - [DEBUG] found replica for vector: 4
2025-11-18 17:23:32,299 - INFO - MainThread - server_logic - [DEBUG] found replica for vector: 1
2025-11-18 17:23:32,299 - INFO - MainThread - server_logic - [DEBUG] found replica for vector: 2
2025-11-18 17:23:32,299 - INFO - MainThread - server_logic - [DEBUG] found replica for vector: 3
2025-11-18 17:23:32,299 - INFO - MainThread - server_logic - [DEBUG] found replica for vector: 4
2025-11-18 17:23:32,299 - INFO - MainThread - server_logic - [DEBUG] found replica for vector: 1
2025-11-18 17:23:32,299 - INFO - MainThread - server_logic - [DEBUG] found replica for vector: 2
2025-11-18 17:23:32,299 - INFO - MainThread - server_logic - [DEBUG] found replica for vector: 3
2025-11-18 17:23:32,299 - INFO - MainThread - server_logic - [DEBUG] found replica for vector: 4
2025-11-18 17:23:32,299 - INFO - MainThread - server_logic - [DEBUG] found replica for vector: 1
2025-11-18 17:23:32,299 - INFO - MainThread - server_logic - [DEBUG] found replica for vector: 2
2025-11-18 17:23:32,299 - INFO - MainThread - server_logic - [DEBUG] found replica for vector: 3
2025-11-18 17:23:32,299 - INFO - MainThread - server_logic - [DEBUG] found replica for vector: 4
2025-11-18 17:23:32,299 - INFO - MainThread - server_logic - [DEBUG] found replica for vector: 1
2025-11-18 17:23:32,299 - INFO - MainThread - server_logic - [DEBUG] found replica for vector: 2
2025-11-18 17:23:32,299 - INFO - MainThread - server_logic - [DEBUG] found replica for vector: 3
2025-11-18 17:23:32,299 - INFO - MainThread - server_logic - [DEBUG] found replica for vector: 4
2025-11-18 17:23:32,299 - INFO - MainThread - server_logic - [DEBUG] found replica for vector: 1
2025-11-18 17:23:32,299 - INFO - MainThread - server_logic - [DEBUG] found replica for vector: 2
2025-11-18 17:23:32,299 - INFO - MainThread - server_logic - [DEBUG] found replica for vector: 3
2025-11-18 17:23:32,299 - INFO - MainThread - server_logic - [DEBUG] found replica for vector: 4
2025-11-18 17:23:32,299 - INFO - MainThread - server_logic - [DEBUG] found replica for vector: 1
2025-11-18 17:23:32,299 - INFO - MainThread - server_logic - [DEBUG] found replica for vector: 2
2025-11-18 17:23:32,299 - INFO - MainThread - server_logic - [DEBUG] found replica for vector: 3
2025-11-18 17:23:32,299 - INFO - MainThread - server_logic - [DEBUG] found replica for vector: 4
2025-11-18 17:23:32,299 - INFO - MainThread - server_logic - [DEBUG] found replica for vector: 1
2025-11-18 17:23:32,299 - INFO - MainThread - server_logic - [DEBUG] found replica for vector: 2
2025-11-18 17:23:32,299 - INFO - MainThread - server_logic - [DEBUG] found replica for vector: 3
2025-11-18 17:23:32,299 - INFO - MainThread - server_logic - [DEBUG] to me replica for vector: 3
2025-11-18 17:23:32,300 - INFO - MainThread - server_logic - [DEBUG] found replica for vector: 1
2025-11-18 17:23:32,300 - INFO - MainThread - server_logic - [DEBUG] found replica for vector: 2
2025-11-18 17:23:32,300 - INFO - MainThread - server_logic - [DEBUG] found replica for vector: 3
2025-11-18 17:23:32,300 - INFO - MainThread - server_logic - [DEBUG] found replica for vector: 4
2025-11-18 17:23:32,300 - INFO - MainThread - server_logic - [DEBUG] found replica for vector: 1
2025-11-18 17:23:32,300 - INFO - MainThread - server_logic - [DEBUG] found replica for vector: 2
2025-11-18 17:23:32,300 - INFO - MainThread - server_logic - [DEBUG] found replica for vector: 3
2025-11-18 17:23:32,300 - INFO - MainThread - server_logic - [DEBUG] found replica for vector: 4
2025-11-18 17:23:32,300 - INFO - MainThread - server_logic - [DEBUG] found replica for vector: 1
2025-11-18 17:23:32,300 - INFO - MainThread - server_logic - [DEBUG] found replica for vector: 2
2025-11-18 17:23:32,300 - INFO - MainThread - server_logic - [DEBUG] found replica for vector: 3
2025-11-18 17:23:32,300 - INFO - MainThread - server_logic - [DEBUG] found replica for vector: 4
2025-11-18 17:23:32,300 - INFO - MainThread - server_logic - [DEBUG] found replica for vector: 1
2025-11-18 17:23:32,300 - INFO - MainThread - server_logic - [DEBUG] found replica for vector: 2
2025-11-18 17:23:32,300 - INFO - MainThread - server_logic - [DEBUG] found replica for vector: 3
2025-11-18 17:23:32,300 - INFO - MainThread - server_logic - [DEBUG] found replica for vector: 4
2025-11-18 17:23:32,300 - INFO - MainThread - server_logic - [DEBUG] found replica for vector: 1
2025-11-18 17:23:32,300 - INFO - MainThread - server_logic - [DEBUG] found replica for vector: 2
2025-11-18 17:23:32,300 - INFO - MainThread - server_logic - [DEBUG] found replica for vector: 3
2025-11-18 17:23:32,300 - INFO - MainThread - server_logic - [DEBUG] found replica for vector: 4
2025-11-18 17:23:32,300 - INFO - MainThread - server_logic - [DEBUG] found replica for vector: 1
2025-11-18 17:23:32,300 - INFO - MainThread - server_logic - [DEBUG] found replica for vector: 2
2025-11-18 17:23:32,300 - INFO - MainThread - server_logic - [DEBUG] found replica for vector: 3
2025-11-18 17:23:32,300 - INFO - MainThread - server_logic - [DEBUG] to me replica for vector: 3
2025-11-18 17:23:32,300 - INFO - MainThread - server_logic - [DEBUG] found replica for vector: 1
2025-11-18 17:23:32,300 - INFO - MainThread - server_logic - [DEBUG] found replica for vector: 2
2025-11-18 17:23:32,300 - INFO - MainThread - server_logic - [DEBUG] found replica for vector: 3
2025-11-18 17:23:32,300 - INFO - MainThread - server_logic - [DEBUG] to me replica for vector: 3
2025-11-18 17:23:32,300 - INFO - MainThread - server_logic - [DEBUG] found replica for vector: 1
2025-11-18 17:23:32,300 - INFO - MainThread - server_logic - [DEBUG] found replica for vector: 2
2025-11-18 17:23:32,300 - INFO - MainThread - server_logic - [DEBUG] found replica for vector: 3
2025-11-18 17:23:32,300 - INFO - MainThread - server_logic - [DEBUG] to me replica for vector: 3
2025-11-18 17:23:32,300 - INFO - MainThread - server_logic - [DEBUG] found replica for vector: 1
2025-11-18 17:23:32,300 - INFO - MainThread - server_logic - [DEBUG] found replica for vector: 2
2025-11-18 17:23:32,300 - INFO - MainThread - server_logic - [DEBUG] found replica for vector: 3
2025-11-18 17:23:32,300 - INFO - MainThread - server_logic - [DEBUG] to me replica for vector: 3
2025-11-18 17:23:32,300 - INFO - MainThread - server_logic - [DEBUG] found replica for vector: 1
2025-11-18 17:23:32,300 - INFO - MainThread - server_logic - [DEBUG] found replica for vector: 2
2025-11-18 17:23:32,300 - INFO - MainThread - server_logic - [DEBUG] found replica for vector: 3
2025-11-18 17:23:32,300 - INFO - MainThread - server_logic - [DEBUG] found replica for vector: 4
2025-11-18 17:23:32,300 - INFO - MainThread - server_logic - [DEBUG] found replica for vector: 1
2025-11-18 17:23:32,300 - INFO - MainThread - server_logic - [DEBUG] found replica for vector: 2
2025-11-18 17:23:32,300 - INFO - MainThread - server_logic - [DEBUG] found replica for vector: 3
2025-11-18 17:23:32,300 - INFO - MainThread - server_logic - [DEBUG] found replica for vector: 4
2025-11-18 17:23:32,300 - INFO - MainThread - server_logic - [DEBUG] found replica for vector: 1
2025-11-18 17:23:32,300 - INFO - MainThread - server_logic - [DEBUG] found replica for vector: 2
2025-11-18 17:23:32,300 - INFO - MainThread - server_logic - [DEBUG] found replica for vector: 3
2025-11-18 17:23:32,300 - INFO - MainThread - server_logic - [DEBUG] to me replica for vector: 3
2025-11-18 17:23:32,300 - INFO - MainThread - server_logic - [DEBUG] found replica for vector: 1
2025-11-18 17:23:32,300 - INFO - MainThread - server_logic - [DEBUG] found replica for vector: 2
2025-11-18 17:23:32,300 - INFO - MainThread - server_logic - [DEBUG] found replica for vector: 3
2025-11-18 17:23:32,300 - INFO - MainThread - server_logic - [DEBUG] found replica for vector: 4
2025-11-18 17:23:32,300 - INFO - MainThread - server_logic - [DEBUG] found replica for vector: 1
2025-11-18 17:23:32,300 - INFO - MainThread - server_logic - [DEBUG] found replica for vector: 2
2025-11-18 17:23:32,300 - INFO - MainThread - server_logic - [DEBUG] found replica for vector: 3
2025-11-18 17:23:32,300 - INFO - MainThread - server_logic - [DEBUG] found replica for vector: 4
2025-11-18 17:23:32,300 - INFO - MainThread - server_logic - [DEBUG] found replica for vector: 1
2025-11-18 17:23:32,300 - INFO - MainThread - server_logic - [DEBUG] found replica for vector: 2
2025-11-18 17:23:32,301 - INFO - MainThread - server_logic - [DEBUG] found replica for vector: 3
2025-11-18 17:23:32,301 - INFO - MainThread - server_logic - [DEBUG] found replica for vector: 4
2025-11-18 17:23:32,301 - INFO - MainThread - server_logic - [DEBUG] found replica for vector: 1
2025-11-18 17:23:32,301 - INFO - MainThread - server_logic - [DEBUG] found replica for vector: 2
2025-11-18 17:23:32,301 - INFO - MainThread - server_logic - [DEBUG] found replica for vector: 3
2025-11-18 17:23:32,301 - INFO - MainThread - server_logic - [DEBUG] to me replica for vector: 3
2025-11-18 17:23:32,301 - INFO - MainThread - server_logic - [DEBUG] found replica for vector: 1
2025-11-18 17:23:32,301 - INFO - MainThread - server_logic - [DEBUG] found replica for vector: 2
2025-11-18 17:23:32,301 - INFO - MainThread - server_logic - [DEBUG] found replica for vector: 3
2025-11-18 17:23:32,301 - INFO - MainThread - server_logic - [DEBUG] found replica for vector: 4
2025-11-18 17:23:32,301 - INFO - MainThread - server_logic - [DEBUG] found replica for vector: 1
2025-11-18 17:23:32,301 - INFO - MainThread - server_logic - [DEBUG] found replica for vector: 2
2025-11-18 17:23:32,301 - INFO - MainThread - server_logic - [DEBUG] found replica for vector: 3
2025-11-18 17:23:32,301 - INFO - MainThread - server_logic - [DEBUG] found replica for vector: 4
2025-11-18 17:23:32,301 - INFO - MainThread - server_logic - [DEBUG] found replica for vector: 1
2025-11-18 17:23:32,301 - INFO - MainThread - server_logic - [DEBUG] found replica for vector: 2
2025-11-18 17:23:32,301 - INFO - MainThread - server_logic - [DEBUG] found replica for vector: 3
2025-11-18 17:23:32,301 - INFO - MainThread - server_logic - [DEBUG] found replica for vector: 4
2025-11-18 17:23:32,301 - INFO - MainThread - server_logic - [DEBUG] found replica for vector: 1
2025-11-18 17:23:32,301 - INFO - MainThread - server_logic - [DEBUG] found replica for vector: 2
2025-11-18 17:23:32,301 - INFO - MainThread - server_logic - [DEBUG] found replica for vector: 3
2025-11-18 17:23:32,301 - INFO - MainThread - server_logic - [DEBUG] found replica for vector: 4
2025-11-18 17:23:32,301 - INFO - MainThread - server_logic - [DEBUG] found replica for vector: 1
2025-11-18 17:23:32,301 - INFO - MainThread - server_logic - [DEBUG] found replica for vector: 2
2025-11-18 17:23:32,301 - INFO - MainThread - server_logic - [DEBUG] found replica for vector: 3
2025-11-18 17:23:32,301 - INFO - MainThread - server_logic - [DEBUG] found replica for vector: 4
2025-11-18 17:23:32,301 - INFO - MainThread - server_logic - [DEBUG] found replica for vector: 1
2025-11-18 17:23:32,301 - INFO - MainThread - server_logic - [DEBUG] found replica for vector: 2
2025-11-18 17:23:32,301 - INFO - MainThread - server_logic - [DEBUG] found replica for vector: 3
2025-11-18 17:23:32,301 - INFO - MainThread - server_logic - [DEBUG] found replica for vector: 4
2025-11-18 17:23:32,301 - INFO - MainThread - server_logic - [DEBUG] found replica for vector: 1
2025-11-18 17:23:32,301 - INFO - MainThread - server_logic - [DEBUG] found replica for vector: 2
2025-11-18 17:23:32,301 - INFO - MainThread - server_logic - [DEBUG] found replica for vector: 3
2025-11-18 17:23:32,301 - INFO - MainThread - server_logic - [DEBUG] found replica for vector: 4
2025-11-18 17:23:32,301 - INFO - MainThread - server_logic - [DEBUG] found replica for vector: 1
2025-11-18 17:23:32,301 - INFO - MainThread - server_logic - [DEBUG] found replica for vector: 2
2025-11-18 17:23:32,301 - INFO - MainThread - server_logic - [DEBUG] found replica for vector: 3
2025-11-18 17:23:32,301 - INFO - MainThread - server_logic - [DEBUG] found replica for vector: 4
2025-11-18 17:23:32,301 - INFO - MainThread - server_logic - [DEBUG] found replica for vector: 1
2025-11-18 17:23:32,301 - INFO - MainThread - server_logic - [DEBUG] found replica for vector: 2
2025-11-18 17:23:32,301 - INFO - MainThread - server_logic - [DEBUG] found replica for vector: 3
2025-11-18 17:23:32,301 - INFO - MainThread - server_logic - [DEBUG] found replica for vector: 4
2025-11-18 17:23:32,301 - INFO - MainThread - server_logic - [DEBUG] found replica for vector: 1
2025-11-18 17:23:32,301 - INFO - MainThread - server_logic - [DEBUG] found replica for vector: 2
2025-11-18 17:23:32,301 - INFO - MainThread - server_logic - [DEBUG] found replica for vector: 3
2025-11-18 17:23:32,301 - INFO - MainThread - server_logic - [DEBUG] to me replica for vector: 3
2025-11-18 17:23:32,301 - INFO - MainThread - server_logic - [DEBUG] found replica for vector: 1
2025-11-18 17:23:32,301 - INFO - MainThread - server_logic - [DEBUG] found replica for vector: 2
2025-11-18 17:23:32,301 - INFO - MainThread - server_logic - [DEBUG] found replica for vector: 3
2025-11-18 17:23:32,301 - INFO - MainThread - server_logic - [DEBUG] found replica for vector: 4
2025-11-18 17:23:32,301 - INFO - MainThread - server_logic - [DEBUG] found replica for vector: 1
2025-11-18 17:23:32,301 - INFO - MainThread - server_logic - [DEBUG] found replica for vector: 2
2025-11-18 17:23:32,301 - INFO - MainThread - server_logic - [DEBUG] found replica for vector: 3
2025-11-18 17:23:32,301 - INFO - MainThread - server_logic - [DEBUG] found replica for vector: 4
2025-11-18 17:23:32,301 - INFO - MainThread - server_logic - [DEBUG] found replica for vector: 1
2025-11-18 17:23:32,301 - INFO - MainThread - server_logic - [DEBUG] found replica for vector: 2
2025-11-18 17:23:32,301 - INFO - MainThread - server_logic - [DEBUG] found replica for vector: 3
2025-11-18 17:23:32,301 - INFO - MainThread - server_logic - [DEBUG] found replica for vector: 4
2025-11-18 17:23:32,302 - INFO - MainThread - server_logic - [DEBUG] found replica for vector: 1
2025-11-18 17:23:32,302 - INFO - MainThread - server_logic - [DEBUG] found replica for vector: 2
2025-11-18 17:23:32,302 - INFO - MainThread - server_logic - [DEBUG] found replica for vector: 3
2025-11-18 17:23:32,302 - INFO - MainThread - server_logic - [DEBUG] found replica for vector: 4
2025-11-18 17:23:32,302 - INFO - MainThread - server_logic - [DEBUG] found replica for vector: 1
2025-11-18 17:23:32,302 - INFO - MainThread - server_logic - [DEBUG] found replica for vector: 2
2025-11-18 17:23:32,302 - INFO - MainThread - server_logic - [DEBUG] found replica for vector: 3
2025-11-18 17:23:32,302 - INFO - MainThread - server_logic - [DEBUG] found replica for vector: 4
2025-11-18 17:23:32,302 - INFO - MainThread - server_logic - [DEBUG] found replica for vector: 1
2025-11-18 17:23:32,302 - INFO - MainThread - server_logic - [DEBUG] found replica for vector: 2
2025-11-18 17:23:32,302 - INFO - MainThread - server_logic - [DEBUG] found replica for vector: 3
2025-11-18 17:23:32,302 - INFO - MainThread - server_logic - [DEBUG] found replica for vector: 4
2025-11-18 17:23:32,302 - INFO - MainThread - server_logic - [DEBUG] found replica for vector: 1
2025-11-18 17:23:32,302 - INFO - MainThread - server_logic - [DEBUG] found replica for vector: 2
2025-11-18 17:23:32,302 - INFO - MainThread - server_logic - [DEBUG] found replica for vector: 3
2025-11-18 17:23:32,302 - INFO - MainThread - server_logic - [DEBUG] found replica for vector: 4
2025-11-18 17:23:32,302 - INFO - MainThread - server_logic - [DEBUG] found replica for vector: 1
2025-11-18 17:23:32,302 - INFO - MainThread - server_logic - [DEBUG] found replica for vector: 2
2025-11-18 17:23:32,302 - INFO - MainThread - server_logic - [DEBUG] found replica for vector: 3
2025-11-18 17:23:32,302 - INFO - MainThread - server_logic - [DEBUG] found replica for vector: 4
2025-11-18 17:23:32,302 - INFO - MainThread - server_logic - [DEBUG] found replica for vector: 1
2025-11-18 17:23:32,302 - INFO - MainThread - server_logic - [DEBUG] found replica for vector: 2
2025-11-18 17:23:32,302 - INFO - MainThread - server_logic - [DEBUG] found replica for vector: 3
2025-11-18 17:23:32,302 - INFO - MainThread - server_logic - [DEBUG] to me replica for vector: 3
2025-11-18 17:23:32,302 - INFO - MainThread - server_logic - [DEBUG] found replica for vector: 1
2025-11-18 17:23:32,302 - INFO - MainThread - server_logic - [DEBUG] found replica for vector: 2
2025-11-18 17:23:32,302 - INFO - MainThread - server_logic - [DEBUG] found replica for vector: 3
2025-11-18 17:23:32,302 - INFO - MainThread - server_logic - [DEBUG] found replica for vector: 4
2025-11-18 17:23:32,302 - INFO - MainThread - server_logic - [DEBUG] found replica for vector: 1
2025-11-18 17:23:32,302 - INFO - MainThread - server_logic - [DEBUG] found replica for vector: 2
2025-11-18 17:23:32,302 - INFO - MainThread - server_logic - [DEBUG] found replica for vector: 3
2025-11-18 17:23:32,302 - INFO - MainThread - server_logic - [DEBUG] to me replica for vector: 3
2025-11-18 17:23:32,302 - INFO - MainThread - server_logic - [Router] Distribution: Peer node1: 57, Peer node2: 62, Peer node3: 62, Peer node4: 62, Peer node5: 62, Peer node6: 39, Peer node7: 39, Peer node8: 39, Peer node9: 39, Peer node10: 98, Peer node11: 98, Peer node12: 98, Peer node13: 98, Peer node14: 57, Peer node15: 57, Me (node16): 57
2025-11-18 17:23:32,302 - INFO - MainThread - server_logic - --> [Peer Send] Sending 57 vectors to Peer node1 (localhost:9001) | Status: clustered
2025-11-18 17:23:32,367 - INFO - MainThread - server_logic - --> [Peer Send] Success: Sent vectors to node1
2025-11-18 17:23:32,368 - INFO - MainThread - server_logic - --> [Peer Send] Sending 62 vectors to Peer node2 (localhost:9002) | Status: clustered
2025-11-18 17:23:32,436 - INFO - MainThread - server_logic - --> [Peer Send] Success: Sent vectors to node2
2025-11-18 17:23:32,436 - INFO - MainThread - server_logic - --> [Peer Send] Sending 62 vectors to Peer node3 (localhost:9003) | Status: clustered
2025-11-18 17:23:32,507 - INFO - MainThread - server_logic - --> [Peer Send] Success: Sent vectors to node3
2025-11-18 17:23:32,507 - INFO - MainThread - server_logic - --> [Peer Send] Sending 62 vectors to Peer node4 (localhost:9004) | Status: clustered
2025-11-18 17:23:32,574 - INFO - MainThread - server_logic - --> [Peer Send] Success: Sent vectors to node4
2025-11-18 17:23:32,575 - INFO - MainThread - server_logic - --> [Peer Send] Sending 62 vectors to Peer node5 (localhost:9005) | Status: clustered
2025-11-18 17:23:32,658 - INFO - MainThread - server_logic - --> [Peer Send] Success: Sent vectors to node5
2025-11-18 17:23:32,658 - INFO - MainThread - server_logic - --> [Peer Send] Sending 39 vectors to Peer node6 (localhost:9006) | Status: clustered
2025-11-18 17:23:32,722 - INFO - MainThread - server_logic - --> [Peer Send] Success: Sent vectors to node6
2025-11-18 17:23:32,722 - INFO - MainThread - server_logic - --> [Peer Send] Sending 39 vectors to Peer node7 (localhost:9007) | Status: clustered
2025-11-18 17:23:32,786 - INFO - MainThread - server_logic - --> [Peer Send] Success: Sent vectors to node7
2025-11-18 17:23:32,786 - INFO - MainThread - server_logic - --> [Peer Send] Sending 39 vectors to Peer node8 (localhost:9008) | Status: clustered
2025-11-18 17:23:32,852 - INFO - MainThread - server_logic - --> [Peer Send] Success: Sent vectors to node8
2025-11-18 17:23:32,852 - INFO - MainThread - server_logic - --> [Peer Send] Sending 39 vectors to Peer node9 (localhost:9009) | Status: clustered
2025-11-18 17:23:32,918 - INFO - MainThread - server_logic - --> [Peer Send] Success: Sent vectors to node9
2025-11-18 17:23:32,918 - INFO - MainThread - server_logic - --> [Peer Send] Sending 98 vectors to Peer node10 (localhost:9010) | Status: clustered
2025-11-18 17:23:32,992 - INFO - MainThread - server_logic - --> [Peer Send] Success: Sent vectors to node10
2025-11-18 17:23:32,992 - INFO - MainThread - server_logic - --> [Peer Send] Sending 98 vectors to Peer node11 (localhost:9011) | Status: clustered
2025-11-18 17:23:33,065 - INFO - MainThread - server_logic - --> [Peer Send] Success: Sent vectors to node11
2025-11-18 17:23:33,065 - INFO - MainThread - server_logic - --> [Peer Send] Sending 98 vectors to Peer node12 (localhost:9012) | Status: clustered
2025-11-18 17:23:33,146 - INFO - MainThread - server_logic - --> [Peer Send] Success: Sent vectors to node12
2025-11-18 17:23:33,146 - INFO - MainThread - server_logic - --> [Peer Send] Sending 98 vectors to Peer node13 (localhost:9013) | Status: clustered
2025-11-18 17:23:33,224 - INFO - MainThread - server_logic - --> [Peer Send] Success: Sent vectors to node13
2025-11-18 17:23:33,224 - INFO - MainThread - server_logic - --> [Peer Send] Sending 57 vectors to Peer node14 (localhost:9014) | Status: clustered
2025-11-18 17:23:33,289 - INFO - MainThread - server_logic - --> [Peer Send] Success: Sent vectors to node14
2025-11-18 17:23:33,290 - INFO - MainThread - server_logic - --> [Peer Send] Sending 57 vectors to Peer node15 (localhost:9015) | Status: clustered
2025-11-18 17:23:33,357 - INFO - MainThread - server_logic - --> [Peer Send] Success: Sent vectors to node15
2025-11-18 17:23:33,357 - INFO - MainThread - server_logic - [Add Vectors] Processing 57 vectors. Sender Status: clustered. Current Node Status: clustered
2025-11-18 17:23:33,357 - INFO - MainThread - server_logic - [Add Vectors] Direct Insert: Storing 57 vectors in local Qdrant (Sender is clustered).
2025-11-18 17:23:33,410 - INFO - MainThread - httpx - HTTP Request: GET http://localhost:6363 "HTTP/1.1 200 OK"
2025-11-18 17:23:33,410 - INFO - MainThread - qdrant_module - [Qdrant] Attempting to insert 57 vectors into vectors on http://localhost:6363...
2025-11-18 17:23:33,421 - INFO - MainThread - qdrant_module - [Qdrant] Success: Inserted 57 vectors.
2025-11-18 17:23:33,423 - INFO - MainThread - __main__ - API: /add completed
2025-11-18 17:23:33,423 - INFO - MainThread - uvicorn.access - 127.0.0.1:52115 - "POST /add HTTP/1.1" 200
2025-11-18 17:23:34,506 - INFO - ThreadPoolExecutor-0_0 - grpc_handler - [GRPC IN] ReceiveVectors called. ReqID: 97, Type: clustered, Count: 79
2025-11-18 17:23:34,507 - INFO - ThreadPoolExecutor-0_0 - server_logic - [Add Vectors] Processing 79 vectors. Sender Status: clustered. Current Node Status: clustered
2025-11-18 17:23:34,507 - INFO - ThreadPoolExecutor-0_0 - server_logic - [Add Vectors] Direct Insert: Storing 79 vectors in local Qdrant (Sender is clustered).
2025-11-18 17:23:34,558 - INFO - ThreadPoolExecutor-0_0 - httpx - HTTP Request: GET http://localhost:6363 "HTTP/1.1 200 OK"
2025-11-18 17:23:34,559 - INFO - ThreadPoolExecutor-0_0 - qdrant_module - [Qdrant] Attempting to insert 79 vectors into vectors on http://localhost:6363...
2025-11-18 17:23:34,573 - INFO - ThreadPoolExecutor-0_0 - qdrant_module - [Qdrant] Success: Inserted 79 vectors.
2025-11-18 17:23:34,574 - INFO - ThreadPoolExecutor-0_0 - grpc_handler - [GRPC IN] ReceiveVectors processed successfully.
2025-11-18 17:23:35,728 - INFO - ThreadPoolExecutor-0_0 - grpc_handler - [GRPC IN] ReceiveVectors called. ReqID: 98, Type: clustered, Count: 65
2025-11-18 17:23:35,729 - INFO - ThreadPoolExecutor-0_0 - server_logic - [Add Vectors] Processing 65 vectors. Sender Status: clustered. Current Node Status: clustered
2025-11-18 17:23:35,729 - INFO - ThreadPoolExecutor-0_0 - server_logic - [Add Vectors] Direct Insert: Storing 65 vectors in local Qdrant (Sender is clustered).
2025-11-18 17:23:35,780 - INFO - ThreadPoolExecutor-0_0 - httpx - HTTP Request: GET http://localhost:6363 "HTTP/1.1 200 OK"
2025-11-18 17:23:35,780 - INFO - ThreadPoolExecutor-0_0 - qdrant_module - [Qdrant] Attempting to insert 65 vectors into vectors on http://localhost:6363...
2025-11-18 17:23:35,792 - INFO - ThreadPoolExecutor-0_0 - qdrant_module - [Qdrant] Success: Inserted 65 vectors.
2025-11-18 17:23:35,793 - INFO - ThreadPoolExecutor-0_0 - grpc_handler - [GRPC IN] ReceiveVectors processed successfully.
2025-11-18 17:23:36,941 - INFO - ThreadPoolExecutor-0_0 - grpc_handler - [GRPC IN] ReceiveVectors called. ReqID: 99, Type: clustered, Count: 78
2025-11-18 17:23:36,942 - INFO - ThreadPoolExecutor-0_0 - server_logic - [Add Vectors] Processing 78 vectors. Sender Status: clustered. Current Node Status: clustered
2025-11-18 17:23:36,942 - INFO - ThreadPoolExecutor-0_0 - server_logic - [Add Vectors] Direct Insert: Storing 78 vectors in local Qdrant (Sender is clustered).
2025-11-18 17:23:36,993 - INFO - ThreadPoolExecutor-0_0 - httpx - HTTP Request: GET http://localhost:6363 "HTTP/1.1 200 OK"
2025-11-18 17:23:36,993 - INFO - ThreadPoolExecutor-0_0 - qdrant_module - [Qdrant] Attempting to insert 78 vectors into vectors on http://localhost:6363...
2025-11-18 17:23:37,008 - INFO - ThreadPoolExecutor-0_0 - qdrant_module - [Qdrant] Success: Inserted 78 vectors.
2025-11-18 17:23:37,009 - INFO - ThreadPoolExecutor-0_0 - grpc_handler - [GRPC IN] ReceiveVectors processed successfully.
2025-11-18 17:23:38,155 - INFO - ThreadPoolExecutor-0_0 - grpc_handler - [GRPC IN] ReceiveVectors called. ReqID: 100, Type: clustered, Count: 59
2025-11-18 17:23:38,156 - INFO - ThreadPoolExecutor-0_0 - server_logic - [Add Vectors] Processing 59 vectors. Sender Status: clustered. Current Node Status: clustered
2025-11-18 17:23:38,156 - INFO - ThreadPoolExecutor-0_0 - server_logic - [Add Vectors] Direct Insert: Storing 59 vectors in local Qdrant (Sender is clustered).
2025-11-18 17:23:38,208 - INFO - ThreadPoolExecutor-0_0 - httpx - HTTP Request: GET http://localhost:6363 "HTTP/1.1 200 OK"
2025-11-18 17:23:38,208 - INFO - ThreadPoolExecutor-0_0 - qdrant_module - [Qdrant] Attempting to insert 59 vectors into vectors on http://localhost:6363...
2025-11-18 17:23:38,217 - INFO - ThreadPoolExecutor-0_0 - qdrant_module - [Qdrant] Success: Inserted 59 vectors.
2025-11-18 17:23:38,218 - INFO - ThreadPoolExecutor-0_0 - grpc_handler - [GRPC IN] ReceiveVectors processed successfully.
2025-11-18 17:23:39,351 - INFO - ThreadPoolExecutor-0_0 - grpc_handler - [GRPC IN] ReceiveVectors called. ReqID: 101, Type: clustered, Count: 77
2025-11-18 17:23:39,352 - INFO - ThreadPoolExecutor-0_0 - server_logic - [Add Vectors] Processing 77 vectors. Sender Status: clustered. Current Node Status: clustered
2025-11-18 17:23:39,352 - INFO - ThreadPoolExecutor-0_0 - server_logic - [Add Vectors] Direct Insert: Storing 77 vectors in local Qdrant (Sender is clustered).
2025-11-18 17:23:39,404 - INFO - ThreadPoolExecutor-0_0 - httpx - HTTP Request: GET http://localhost:6363 "HTTP/1.1 200 OK"
2025-11-18 17:23:39,404 - INFO - ThreadPoolExecutor-0_0 - qdrant_module - [Qdrant] Attempting to insert 77 vectors into vectors on http://localhost:6363...
2025-11-18 17:23:39,417 - INFO - ThreadPoolExecutor-0_0 - qdrant_module - [Qdrant] Success: Inserted 77 vectors.
2025-11-18 17:23:39,418 - INFO - ThreadPoolExecutor-0_0 - grpc_handler - [GRPC IN] ReceiveVectors processed successfully.
2025-11-18 17:23:40,575 - INFO - ThreadPoolExecutor-0_0 - grpc_handler - [GRPC IN] ReceiveVectors called. ReqID: 102, Type: clustered, Count: 69
2025-11-18 17:23:40,576 - INFO - ThreadPoolExecutor-0_0 - server_logic - [Add Vectors] Processing 69 vectors. Sender Status: clustered. Current Node Status: clustered
2025-11-18 17:23:40,576 - INFO - ThreadPoolExecutor-0_0 - server_logic - [Add Vectors] Direct Insert: Storing 69 vectors in local Qdrant (Sender is clustered).
2025-11-18 17:23:40,627 - INFO - ThreadPoolExecutor-0_0 - httpx - HTTP Request: GET http://localhost:6363 "HTTP/1.1 200 OK"
2025-11-18 17:23:40,627 - INFO - ThreadPoolExecutor-0_0 - qdrant_module - [Qdrant] Attempting to insert 69 vectors into vectors on http://localhost:6363...
2025-11-18 17:23:40,641 - INFO - ThreadPoolExecutor-0_0 - qdrant_module - [Qdrant] Success: Inserted 69 vectors.
2025-11-18 17:23:40,642 - INFO - ThreadPoolExecutor-0_0 - grpc_handler - [GRPC IN] ReceiveVectors processed successfully.
2025-11-18 17:23:41,790 - INFO - ThreadPoolExecutor-0_0 - grpc_handler - [GRPC IN] ReceiveVectors called. ReqID: 103, Type: clustered, Count: 64
2025-11-18 17:23:41,791 - INFO - ThreadPoolExecutor-0_0 - server_logic - [Add Vectors] Processing 64 vectors. Sender Status: clustered. Current Node Status: clustered
2025-11-18 17:23:41,791 - INFO - ThreadPoolExecutor-0_0 - server_logic - [Add Vectors] Direct Insert: Storing 64 vectors in local Qdrant (Sender is clustered).
2025-11-18 17:23:41,843 - INFO - ThreadPoolExecutor-0_0 - httpx - HTTP Request: GET http://localhost:6363 "HTTP/1.1 200 OK"
2025-11-18 17:23:41,843 - INFO - ThreadPoolExecutor-0_0 - qdrant_module - [Qdrant] Attempting to insert 64 vectors into vectors on http://localhost:6363...
2025-11-18 17:23:41,855 - INFO - ThreadPoolExecutor-0_0 - qdrant_module - [Qdrant] Success: Inserted 64 vectors.
2025-11-18 17:23:41,856 - INFO - ThreadPoolExecutor-0_0 - grpc_handler - [GRPC IN] ReceiveVectors processed successfully.
2025-11-18 17:23:43,001 - INFO - ThreadPoolExecutor-0_0 - grpc_handler - [GRPC IN] ReceiveVectors called. ReqID: 104, Type: clustered, Count: 72
2025-11-18 17:23:43,002 - INFO - ThreadPoolExecutor-0_0 - server_logic - [Add Vectors] Processing 72 vectors. Sender Status: clustered. Current Node Status: clustered
2025-11-18 17:23:43,002 - INFO - ThreadPoolExecutor-0_0 - server_logic - [Add Vectors] Direct Insert: Storing 72 vectors in local Qdrant (Sender is clustered).
2025-11-18 17:23:43,053 - INFO - ThreadPoolExecutor-0_0 - httpx - HTTP Request: GET http://localhost:6363 "HTTP/1.1 200 OK"
2025-11-18 17:23:43,054 - INFO - ThreadPoolExecutor-0_0 - qdrant_module - [Qdrant] Attempting to insert 72 vectors into vectors on http://localhost:6363...
2025-11-18 17:23:43,065 - INFO - ThreadPoolExecutor-0_0 - qdrant_module - [Qdrant] Success: Inserted 72 vectors.
2025-11-18 17:23:43,066 - INFO - ThreadPoolExecutor-0_0 - grpc_handler - [GRPC IN] ReceiveVectors processed successfully.
2025-11-18 17:23:44,497 - INFO - ThreadPoolExecutor-0_0 - grpc_handler - [GRPC IN] ReceiveVectors called. ReqID: 105, Type: clustered, Count: 77
2025-11-18 17:23:44,498 - INFO - ThreadPoolExecutor-0_0 - server_logic - [Add Vectors] Processing 77 vectors. Sender Status: clustered. Current Node Status: clustered
2025-11-18 17:23:44,498 - INFO - ThreadPoolExecutor-0_0 - server_logic - [Add Vectors] Direct Insert: Storing 77 vectors in local Qdrant (Sender is clustered).
2025-11-18 17:23:44,550 - INFO - ThreadPoolExecutor-0_0 - httpx - HTTP Request: GET http://localhost:6363 "HTTP/1.1 200 OK"
2025-11-18 17:23:44,550 - INFO - ThreadPoolExecutor-0_0 - qdrant_module - [Qdrant] Attempting to insert 77 vectors into vectors on http://localhost:6363...
2025-11-18 17:23:44,564 - INFO - ThreadPoolExecutor-0_0 - qdrant_module - [Qdrant] Success: Inserted 77 vectors.
2025-11-18 17:23:44,566 - INFO - ThreadPoolExecutor-0_0 - grpc_handler - [GRPC IN] ReceiveVectors processed successfully.
2025-11-18 17:23:45,687 - INFO - ThreadPoolExecutor-0_0 - grpc_handler - [GRPC IN] ReceiveVectors called. ReqID: 106, Type: clustered, Count: 62
2025-11-18 17:23:45,689 - INFO - ThreadPoolExecutor-0_0 - server_logic - [Add Vectors] Processing 62 vectors. Sender Status: clustered. Current Node Status: clustered
2025-11-18 17:23:45,689 - INFO - ThreadPoolExecutor-0_0 - server_logic - [Add Vectors] Direct Insert: Storing 62 vectors in local Qdrant (Sender is clustered).
2025-11-18 17:23:45,739 - INFO - ThreadPoolExecutor-0_0 - httpx - HTTP Request: GET http://localhost:6363 "HTTP/1.1 200 OK"
2025-11-18 17:23:45,739 - INFO - ThreadPoolExecutor-0_0 - qdrant_module - [Qdrant] Attempting to insert 62 vectors into vectors on http://localhost:6363...
2025-11-18 17:23:45,752 - INFO - ThreadPoolExecutor-0_0 - qdrant_module - [Qdrant] Success: Inserted 62 vectors.
2025-11-18 17:23:45,753 - INFO - ThreadPoolExecutor-0_0 - grpc_handler - [GRPC IN] ReceiveVectors processed successfully.
2025-11-18 17:23:46,906 - INFO - ThreadPoolExecutor-0_0 - grpc_handler - [GRPC IN] ReceiveVectors called. ReqID: 107, Type: clustered, Count: 81
2025-11-18 17:23:46,907 - INFO - ThreadPoolExecutor-0_0 - server_logic - [Add Vectors] Processing 81 vectors. Sender Status: clustered. Current Node Status: clustered
2025-11-18 17:23:46,907 - INFO - ThreadPoolExecutor-0_0 - server_logic - [Add Vectors] Direct Insert: Storing 81 vectors in local Qdrant (Sender is clustered).
2025-11-18 17:23:46,961 - INFO - ThreadPoolExecutor-0_0 - httpx - HTTP Request: GET http://localhost:6363 "HTTP/1.1 200 OK"
2025-11-18 17:23:46,961 - INFO - ThreadPoolExecutor-0_0 - qdrant_module - [Qdrant] Attempting to insert 81 vectors into vectors on http://localhost:6363...
2025-11-18 17:23:46,976 - INFO - ThreadPoolExecutor-0_0 - qdrant_module - [Qdrant] Success: Inserted 81 vectors.
2025-11-18 17:23:46,978 - INFO - ThreadPoolExecutor-0_0 - grpc_handler - [GRPC IN] ReceiveVectors processed successfully.
2025-11-18 17:23:48,105 - INFO - ThreadPoolExecutor-0_0 - grpc_handler - [GRPC IN] ReceiveVectors called. ReqID: 108, Type: clustered, Count: 64
2025-11-18 17:23:48,106 - INFO - ThreadPoolExecutor-0_0 - server_logic - [Add Vectors] Processing 64 vectors. Sender Status: clustered. Current Node Status: clustered
2025-11-18 17:23:48,106 - INFO - ThreadPoolExecutor-0_0 - server_logic - [Add Vectors] Direct Insert: Storing 64 vectors in local Qdrant (Sender is clustered).
2025-11-18 17:23:48,157 - INFO - ThreadPoolExecutor-0_0 - httpx - HTTP Request: GET http://localhost:6363 "HTTP/1.1 200 OK"
2025-11-18 17:23:48,157 - INFO - ThreadPoolExecutor-0_0 - qdrant_module - [Qdrant] Attempting to insert 64 vectors into vectors on http://localhost:6363...
2025-11-18 17:23:48,175 - INFO - ThreadPoolExecutor-0_0 - qdrant_module - [Qdrant] Success: Inserted 64 vectors.
2025-11-18 17:23:48,177 - INFO - ThreadPoolExecutor-0_0 - grpc_handler - [GRPC IN] ReceiveVectors processed successfully.
2025-11-18 17:23:49,332 - INFO - ThreadPoolExecutor-0_0 - grpc_handler - [GRPC IN] ReceiveVectors called. ReqID: 109, Type: clustered, Count: 67
2025-11-18 17:23:49,333 - INFO - ThreadPoolExecutor-0_0 - server_logic - [Add Vectors] Processing 67 vectors. Sender Status: clustered. Current Node Status: clustered
2025-11-18 17:23:49,333 - INFO - ThreadPoolExecutor-0_0 - server_logic - [Add Vectors] Direct Insert: Storing 67 vectors in local Qdrant (Sender is clustered).
2025-11-18 17:23:49,383 - INFO - ThreadPoolExecutor-0_0 - httpx - HTTP Request: GET http://localhost:6363 "HTTP/1.1 200 OK"
2025-11-18 17:23:49,384 - INFO - ThreadPoolExecutor-0_0 - qdrant_module - [Qdrant] Attempting to insert 67 vectors into vectors on http://localhost:6363...
2025-11-18 17:23:49,393 - INFO - ThreadPoolExecutor-0_0 - qdrant_module - [Qdrant] Success: Inserted 67 vectors.
2025-11-18 17:23:49,394 - INFO - ThreadPoolExecutor-0_0 - grpc_handler - [GRPC IN] ReceiveVectors processed successfully.
2025-11-18 17:23:50,535 - INFO - ThreadPoolExecutor-0_0 - grpc_handler - [GRPC IN] ReceiveVectors called. ReqID: 110, Type: clustered, Count: 60
2025-11-18 17:23:50,535 - INFO - ThreadPoolExecutor-0_0 - server_logic - [Add Vectors] Processing 60 vectors. Sender Status: clustered. Current Node Status: clustered
2025-11-18 17:23:50,535 - INFO - ThreadPoolExecutor-0_0 - server_logic - [Add Vectors] Direct Insert: Storing 60 vectors in local Qdrant (Sender is clustered).
2025-11-18 17:23:50,586 - INFO - ThreadPoolExecutor-0_0 - httpx - HTTP Request: GET http://localhost:6363 "HTTP/1.1 200 OK"
2025-11-18 17:23:50,587 - INFO - ThreadPoolExecutor-0_0 - qdrant_module - [Qdrant] Attempting to insert 60 vectors into vectors on http://localhost:6363...
2025-11-18 17:23:50,597 - INFO - ThreadPoolExecutor-0_0 - qdrant_module - [Qdrant] Success: Inserted 60 vectors.
2025-11-18 17:23:50,598 - INFO - ThreadPoolExecutor-0_0 - grpc_handler - [GRPC IN] ReceiveVectors processed successfully.
2025-11-18 17:23:51,724 - INFO - ThreadPoolExecutor-0_0 - grpc_handler - [GRPC IN] ReceiveVectors called. ReqID: 111, Type: clustered, Count: 68
2025-11-18 17:23:51,725 - INFO - ThreadPoolExecutor-0_0 - server_logic - [Add Vectors] Processing 68 vectors. Sender Status: clustered. Current Node Status: clustered
2025-11-18 17:23:51,725 - INFO - ThreadPoolExecutor-0_0 - server_logic - [Add Vectors] Direct Insert: Storing 68 vectors in local Qdrant (Sender is clustered).
2025-11-18 17:23:51,777 - INFO - ThreadPoolExecutor-0_0 - httpx - HTTP Request: GET http://localhost:6363 "HTTP/1.1 200 OK"
2025-11-18 17:23:51,777 - INFO - ThreadPoolExecutor-0_0 - qdrant_module - [Qdrant] Attempting to insert 68 vectors into vectors on http://localhost:6363...
2025-11-18 17:23:51,792 - INFO - ThreadPoolExecutor-0_0 - qdrant_module - [Qdrant] Success: Inserted 68 vectors.
2025-11-18 17:23:51,793 - INFO - ThreadPoolExecutor-0_0 - grpc_handler - [GRPC IN] ReceiveVectors processed successfully.
2025-11-18 17:23:51,940 - INFO - MainThread - __main__ - API: /add called. ReqID: 112, Vectors: 256
2025-11-18 17:23:51,940 - INFO - MainThread - server_logic - [Client Request] Client wants to add 256 vectors. My Status: clustered
2025-11-18 17:23:51,941 - INFO - MainThread - server_logic - [Client Request] System Clustered. Routing vectors to appropriate peers.
2025-11-18 17:23:51,941 - INFO - MainThread - server_logic - [Router] Routing 256 vectors among 16 nodes (Replicas: 4).
2025-11-18 17:23:51,941 - INFO - MainThread - server_logic - [DEBUG] found replica for vector: 1
2025-11-18 17:23:51,941 - INFO - MainThread - server_logic - [DEBUG] found replica for vector: 2
2025-11-18 17:23:51,941 - INFO - MainThread - server_logic - [DEBUG] found replica for vector: 3
2025-11-18 17:23:51,941 - INFO - MainThread - server_logic - [DEBUG] found replica for vector: 4
2025-11-18 17:23:51,941 - INFO - MainThread - server_logic - [DEBUG] found replica for vector: 1
2025-11-18 17:23:51,941 - INFO - MainThread - server_logic - [DEBUG] found replica for vector: 2
2025-11-18 17:23:51,941 - INFO - MainThread - server_logic - [DEBUG] found replica for vector: 3
2025-11-18 17:23:51,941 - INFO - MainThread - server_logic - [DEBUG] to me replica for vector: 3
2025-11-18 17:23:51,941 - INFO - MainThread - server_logic - [DEBUG] found replica for vector: 1
2025-11-18 17:23:51,941 - INFO - MainThread - server_logic - [DEBUG] found replica for vector: 2
2025-11-18 17:23:51,941 - INFO - MainThread - server_logic - [DEBUG] found replica for vector: 3
2025-11-18 17:23:51,941 - INFO - MainThread - server_logic - [DEBUG] found replica for vector: 4
2025-11-18 17:23:51,941 - INFO - MainThread - server_logic - [DEBUG] found replica for vector: 1
2025-11-18 17:23:51,941 - INFO - MainThread - server_logic - [DEBUG] found replica for vector: 2
2025-11-18 17:23:51,941 - INFO - MainThread - server_logic - [DEBUG] found replica for vector: 3
2025-11-18 17:23:51,941 - INFO - MainThread - server_logic - [DEBUG] to me replica for vector: 3
2025-11-18 17:23:51,941 - INFO - MainThread - server_logic - [DEBUG] found replica for vector: 1
2025-11-18 17:23:51,941 - INFO - MainThread - server_logic - [DEBUG] found replica for vector: 2
2025-11-18 17:23:51,941 - INFO - MainThread - server_logic - [DEBUG] found replica for vector: 3
2025-11-18 17:23:51,941 - INFO - MainThread - server_logic - [DEBUG] found replica for vector: 4
2025-11-18 17:23:51,941 - INFO - MainThread - server_logic - [DEBUG] found replica for vector: 1
2025-11-18 17:23:51,941 - INFO - MainThread - server_logic - [DEBUG] found replica for vector: 2
2025-11-18 17:23:51,941 - INFO - MainThread - server_logic - [DEBUG] found replica for vector: 3
2025-11-18 17:23:51,941 - INFO - MainThread - server_logic - [DEBUG] to me replica for vector: 3
2025-11-18 17:23:51,941 - INFO - MainThread - server_logic - [DEBUG] found replica for vector: 1
2025-11-18 17:23:51,941 - INFO - MainThread - server_logic - [DEBUG] found replica for vector: 2
2025-11-18 17:23:51,941 - INFO - MainThread - server_logic - [DEBUG] found replica for vector: 3
2025-11-18 17:23:51,941 - INFO - MainThread - server_logic - [DEBUG] to me replica for vector: 3
2025-11-18 17:23:51,941 - INFO - MainThread - server_logic - [DEBUG] found replica for vector: 1
2025-11-18 17:23:51,941 - INFO - MainThread - server_logic - [DEBUG] found replica for vector: 2
2025-11-18 17:23:51,941 - INFO - MainThread - server_logic - [DEBUG] found replica for vector: 3
2025-11-18 17:23:51,941 - INFO - MainThread - server_logic - [DEBUG] to me replica for vector: 3
2025-11-18 17:23:51,941 - INFO - MainThread - server_logic - [DEBUG] found replica for vector: 1
2025-11-18 17:23:51,941 - INFO - MainThread - server_logic - [DEBUG] found replica for vector: 2
2025-11-18 17:23:51,941 - INFO - MainThread - server_logic - [DEBUG] found replica for vector: 3
2025-11-18 17:23:51,942 - INFO - MainThread - server_logic - [DEBUG] found replica for vector: 4
2025-11-18 17:23:51,942 - INFO - MainThread - server_logic - [DEBUG] found replica for vector: 1
2025-11-18 17:23:51,942 - INFO - MainThread - server_logic - [DEBUG] found replica for vector: 2
2025-11-18 17:23:51,942 - INFO - MainThread - server_logic - [DEBUG] found replica for vector: 3
2025-11-18 17:23:51,942 - INFO - MainThread - server_logic - [DEBUG] found replica for vector: 4
2025-11-18 17:23:51,942 - INFO - MainThread - server_logic - [DEBUG] found replica for vector: 1
2025-11-18 17:23:51,942 - INFO - MainThread - server_logic - [DEBUG] found replica for vector: 2
2025-11-18 17:23:51,942 - INFO - MainThread - server_logic - [DEBUG] found replica for vector: 3
2025-11-18 17:23:51,942 - INFO - MainThread - server_logic - [DEBUG] found replica for vector: 4
2025-11-18 17:23:51,942 - INFO - MainThread - server_logic - [DEBUG] found replica for vector: 1
2025-11-18 17:23:51,942 - INFO - MainThread - server_logic - [DEBUG] found replica for vector: 2
2025-11-18 17:23:51,942 - INFO - MainThread - server_logic - [DEBUG] found replica for vector: 3
2025-11-18 17:23:51,942 - INFO - MainThread - server_logic - [DEBUG] found replica for vector: 4
2025-11-18 17:23:51,942 - INFO - MainThread - server_logic - [DEBUG] found replica for vector: 1
2025-11-18 17:23:51,942 - INFO - MainThread - server_logic - [DEBUG] found replica for vector: 2
2025-11-18 17:23:51,942 - INFO - MainThread - server_logic - [DEBUG] found replica for vector: 3
2025-11-18 17:23:51,942 - INFO - MainThread - server_logic - [DEBUG] found replica for vector: 4
2025-11-18 17:23:51,942 - INFO - MainThread - server_logic - [DEBUG] found replica for vector: 1
2025-11-18 17:23:51,942 - INFO - MainThread - server_logic - [DEBUG] found replica for vector: 2
2025-11-18 17:23:51,942 - INFO - MainThread - server_logic - [DEBUG] found replica for vector: 3
2025-11-18 17:23:51,942 - INFO - MainThread - server_logic - [DEBUG] found replica for vector: 4
2025-11-18 17:23:51,942 - INFO - MainThread - server_logic - [DEBUG] found replica for vector: 1
2025-11-18 17:23:51,942 - INFO - MainThread - server_logic - [DEBUG] found replica for vector: 2
2025-11-18 17:23:51,942 - INFO - MainThread - server_logic - [DEBUG] found replica for vector: 3
2025-11-18 17:23:51,942 - INFO - MainThread - server_logic - [DEBUG] found replica for vector: 4
2025-11-18 17:23:51,942 - INFO - MainThread - server_logic - [DEBUG] found replica for vector: 1
2025-11-18 17:23:51,942 - INFO - MainThread - server_logic - [DEBUG] found replica for vector: 2
2025-11-18 17:23:51,942 - INFO - MainThread - server_logic - [DEBUG] found replica for vector: 3
2025-11-18 17:23:51,942 - INFO - MainThread - server_logic - [DEBUG] to me replica for vector: 3
2025-11-18 17:23:51,942 - INFO - MainThread - server_logic - [DEBUG] found replica for vector: 1
2025-11-18 17:23:51,942 - INFO - MainThread - server_logic - [DEBUG] found replica for vector: 2
2025-11-18 17:23:51,942 - INFO - MainThread - server_logic - [DEBUG] found replica for vector: 3
2025-11-18 17:23:51,942 - INFO - MainThread - server_logic - [DEBUG] found replica for vector: 4
2025-11-18 17:23:51,942 - INFO - MainThread - server_logic - [DEBUG] found replica for vector: 1
2025-11-18 17:23:51,942 - INFO - MainThread - server_logic - [DEBUG] found replica for vector: 2
2025-11-18 17:23:51,942 - INFO - MainThread - server_logic - [DEBUG] found replica for vector: 3
2025-11-18 17:23:51,942 - INFO - MainThread - server_logic - [DEBUG] found replica for vector: 4
2025-11-18 17:23:51,942 - INFO - MainThread - server_logic - [DEBUG] found replica for vector: 1
2025-11-18 17:23:51,942 - INFO - MainThread - server_logic - [DEBUG] found replica for vector: 2
2025-11-18 17:23:51,942 - INFO - MainThread - server_logic - [DEBUG] found replica for vector: 3
2025-11-18 17:23:51,942 - INFO - MainThread - server_logic - [DEBUG] found replica for vector: 4
2025-11-18 17:23:51,942 - INFO - MainThread - server_logic - [DEBUG] found replica for vector: 1
2025-11-18 17:23:51,942 - INFO - MainThread - server_logic - [DEBUG] found replica for vector: 2
2025-11-18 17:23:51,942 - INFO - MainThread - server_logic - [DEBUG] found replica for vector: 3
2025-11-18 17:23:51,942 - INFO - MainThread - server_logic - [DEBUG] found replica for vector: 4
2025-11-18 17:23:51,942 - INFO - MainThread - server_logic - [DEBUG] found replica for vector: 1
2025-11-18 17:23:51,942 - INFO - MainThread - server_logic - [DEBUG] found replica for vector: 2
2025-11-18 17:23:51,942 - INFO - MainThread - server_logic - [DEBUG] found replica for vector: 3
2025-11-18 17:23:51,942 - INFO - MainThread - server_logic - [DEBUG] to me replica for vector: 3
2025-11-18 17:23:51,942 - INFO - MainThread - server_logic - [DEBUG] found replica for vector: 1
2025-11-18 17:23:51,942 - INFO - MainThread - server_logic - [DEBUG] found replica for vector: 2
2025-11-18 17:23:51,942 - INFO - MainThread - server_logic - [DEBUG] found replica for vector: 3
2025-11-18 17:23:51,942 - INFO - MainThread - server_logic - [DEBUG] to me replica for vector: 3
2025-11-18 17:23:51,943 - INFO - MainThread - server_logic - [DEBUG] found replica for vector: 1
2025-11-18 17:23:51,943 - INFO - MainThread - server_logic - [DEBUG] found replica for vector: 2
2025-11-18 17:23:51,943 - INFO - MainThread - server_logic - [DEBUG] found replica for vector: 3
2025-11-18 17:23:51,943 - INFO - MainThread - server_logic - [DEBUG] found replica for vector: 4
2025-11-18 17:23:51,943 - INFO - MainThread - server_logic - [DEBUG] found replica for vector: 1
2025-11-18 17:23:51,943 - INFO - MainThread - server_logic - [DEBUG] found replica for vector: 2
2025-11-18 17:23:51,943 - INFO - MainThread - server_logic - [DEBUG] found replica for vector: 3
2025-11-18 17:23:51,943 - INFO - MainThread - server_logic - [DEBUG] to me replica for vector: 3
2025-11-18 17:23:51,943 - INFO - MainThread - server_logic - [DEBUG] found replica for vector: 1
2025-11-18 17:23:51,943 - INFO - MainThread - server_logic - [DEBUG] found replica for vector: 2
2025-11-18 17:23:51,943 - INFO - MainThread - server_logic - [DEBUG] found replica for vector: 3
2025-11-18 17:23:51,943 - INFO - MainThread - server_logic - [DEBUG] to me replica for vector: 3
2025-11-18 17:23:51,943 - INFO - MainThread - server_logic - [DEBUG] found replica for vector: 1
2025-11-18 17:23:51,943 - INFO - MainThread - server_logic - [DEBUG] found replica for vector: 2
2025-11-18 17:23:51,943 - INFO - MainThread - server_logic - [DEBUG] found replica for vector: 3
2025-11-18 17:23:51,943 - INFO - MainThread - server_logic - [DEBUG] to me replica for vector: 3
2025-11-18 17:23:51,943 - INFO - MainThread - server_logic - [DEBUG] found replica for vector: 1
2025-11-18 17:23:51,943 - INFO - MainThread - server_logic - [DEBUG] found replica for vector: 2
2025-11-18 17:23:51,943 - INFO - MainThread - server_logic - [DEBUG] found replica for vector: 3
2025-11-18 17:23:51,943 - INFO - MainThread - server_logic - [DEBUG] found replica for vector: 4
2025-11-18 17:23:51,943 - INFO - MainThread - server_logic - [DEBUG] found replica for vector: 1
2025-11-18 17:23:51,943 - INFO - MainThread - server_logic - [DEBUG] found replica for vector: 2
2025-11-18 17:23:51,943 - INFO - MainThread - server_logic - [DEBUG] found replica for vector: 3
2025-11-18 17:23:51,943 - INFO - MainThread - server_logic - [DEBUG] to me replica for vector: 3
2025-11-18 17:23:51,943 - INFO - MainThread - server_logic - [DEBUG] found replica for vector: 1
2025-11-18 17:23:51,943 - INFO - MainThread - server_logic - [DEBUG] found replica for vector: 2
2025-11-18 17:23:51,943 - INFO - MainThread - server_logic - [DEBUG] found replica for vector: 3
2025-11-18 17:23:51,943 - INFO - MainThread - server_logic - [DEBUG] found replica for vector: 4
2025-11-18 17:23:51,943 - INFO - MainThread - server_logic - [DEBUG] found replica for vector: 1
2025-11-18 17:23:51,943 - INFO - MainThread - server_logic - [DEBUG] found replica for vector: 2
2025-11-18 17:23:51,943 - INFO - MainThread - server_logic - [DEBUG] found replica for vector: 3
2025-11-18 17:23:51,943 - INFO - MainThread - server_logic - [DEBUG] found replica for vector: 4
2025-11-18 17:23:51,943 - INFO - MainThread - server_logic - [DEBUG] found replica for vector: 1
2025-11-18 17:23:51,943 - INFO - MainThread - server_logic - [DEBUG] found replica for vector: 2
2025-11-18 17:23:51,943 - INFO - MainThread - server_logic - [DEBUG] found replica for vector: 3
2025-11-18 17:23:51,943 - INFO - MainThread - server_logic - [DEBUG] found replica for vector: 4
2025-11-18 17:23:51,943 - INFO - MainThread - server_logic - [DEBUG] found replica for vector: 1
2025-11-18 17:23:51,943 - INFO - MainThread - server_logic - [DEBUG] found replica for vector: 2
2025-11-18 17:23:51,943 - INFO - MainThread - server_logic - [DEBUG] found replica for vector: 3
2025-11-18 17:23:51,943 - INFO - MainThread - server_logic - [DEBUG] found replica for vector: 4
2025-11-18 17:23:51,943 - INFO - MainThread - server_logic - [DEBUG] found replica for vector: 1
2025-11-18 17:23:51,943 - INFO - MainThread - server_logic - [DEBUG] found replica for vector: 2
2025-11-18 17:23:51,943 - INFO - MainThread - server_logic - [DEBUG] found replica for vector: 3
2025-11-18 17:23:51,943 - INFO - MainThread - server_logic - [DEBUG] to me replica for vector: 3
2025-11-18 17:23:51,943 - INFO - MainThread - server_logic - [DEBUG] found replica for vector: 1
2025-11-18 17:23:51,943 - INFO - MainThread - server_logic - [DEBUG] found replica for vector: 2
2025-11-18 17:23:51,943 - INFO - MainThread - server_logic - [DEBUG] found replica for vector: 3
2025-11-18 17:23:51,943 - INFO - MainThread - server_logic - [DEBUG] found replica for vector: 4
2025-11-18 17:23:51,943 - INFO - MainThread - server_logic - [DEBUG] found replica for vector: 1
2025-11-18 17:23:51,943 - INFO - MainThread - server_logic - [DEBUG] found replica for vector: 2
2025-11-18 17:23:51,943 - INFO - MainThread - server_logic - [DEBUG] found replica for vector: 3
2025-11-18 17:23:51,943 - INFO - MainThread - server_logic - [DEBUG] found replica for vector: 4
2025-11-18 17:23:51,944 - INFO - MainThread - server_logic - [DEBUG] found replica for vector: 1
2025-11-18 17:23:51,944 - INFO - MainThread - server_logic - [DEBUG] found replica for vector: 2
2025-11-18 17:23:51,944 - INFO - MainThread - server_logic - [DEBUG] found replica for vector: 3
2025-11-18 17:23:51,944 - INFO - MainThread - server_logic - [DEBUG] found replica for vector: 4
2025-11-18 17:23:51,944 - INFO - MainThread - server_logic - [DEBUG] found replica for vector: 1
2025-11-18 17:23:51,944 - INFO - MainThread - server_logic - [DEBUG] found replica for vector: 2
2025-11-18 17:23:51,944 - INFO - MainThread - server_logic - [DEBUG] found replica for vector: 3
2025-11-18 17:23:51,944 - INFO - MainThread - server_logic - [DEBUG] found replica for vector: 4
2025-11-18 17:23:51,944 - INFO - MainThread - server_logic - [DEBUG] found replica for vector: 1
2025-11-18 17:23:51,944 - INFO - MainThread - server_logic - [DEBUG] found replica for vector: 2
2025-11-18 17:23:51,944 - INFO - MainThread - server_logic - [DEBUG] found replica for vector: 3
2025-11-18 17:23:51,944 - INFO - MainThread - server_logic - [DEBUG] to me replica for vector: 3
2025-11-18 17:23:51,944 - INFO - MainThread - server_logic - [DEBUG] found replica for vector: 1
2025-11-18 17:23:51,944 - INFO - MainThread - server_logic - [DEBUG] found replica for vector: 2
2025-11-18 17:23:51,944 - INFO - MainThread - server_logic - [DEBUG] found replica for vector: 3
2025-11-18 17:23:51,944 - INFO - MainThread - server_logic - [DEBUG] found replica for vector: 4
2025-11-18 17:23:51,944 - INFO - MainThread - server_logic - [DEBUG] found replica for vector: 1
2025-11-18 17:23:51,944 - INFO - MainThread - server_logic - [DEBUG] found replica for vector: 2
2025-11-18 17:23:51,944 - INFO - MainThread - server_logic - [DEBUG] found replica for vector: 3
2025-11-18 17:23:51,944 - INFO - MainThread - server_logic - [DEBUG] to me replica for vector: 3
2025-11-18 17:23:51,944 - INFO - MainThread - server_logic - [DEBUG] found replica for vector: 1
2025-11-18 17:23:51,944 - INFO - MainThread - server_logic - [DEBUG] found replica for vector: 2
2025-11-18 17:23:51,944 - INFO - MainThread - server_logic - [DEBUG] found replica for vector: 3
2025-11-18 17:23:51,944 - INFO - MainThread - server_logic - [DEBUG] to me replica for vector: 3
2025-11-18 17:23:51,944 - INFO - MainThread - server_logic - [DEBUG] found replica for vector: 1
2025-11-18 17:23:51,944 - INFO - MainThread - server_logic - [DEBUG] found replica for vector: 2
2025-11-18 17:23:51,944 - INFO - MainThread - server_logic - [DEBUG] found replica for vector: 3
2025-11-18 17:23:51,944 - INFO - MainThread - server_logic - [DEBUG] to me replica for vector: 3
2025-11-18 17:23:51,944 - INFO - MainThread - server_logic - [DEBUG] found replica for vector: 1
2025-11-18 17:23:51,944 - INFO - MainThread - server_logic - [DEBUG] found replica for vector: 2
2025-11-18 17:23:51,944 - INFO - MainThread - server_logic - [DEBUG] found replica for vector: 3
2025-11-18 17:23:51,944 - INFO - MainThread - server_logic - [DEBUG] found replica for vector: 4
2025-11-18 17:23:51,944 - INFO - MainThread - server_logic - [DEBUG] found replica for vector: 1
2025-11-18 17:23:51,944 - INFO - MainThread - server_logic - [DEBUG] found replica for vector: 2
2025-11-18 17:23:51,944 - INFO - MainThread - server_logic - [DEBUG] found replica for vector: 3
2025-11-18 17:23:51,944 - INFO - MainThread - server_logic - [DEBUG] found replica for vector: 4
2025-11-18 17:23:51,944 - INFO - MainThread - server_logic - [DEBUG] found replica for vector: 1
2025-11-18 17:23:51,944 - INFO - MainThread - server_logic - [DEBUG] found replica for vector: 2
2025-11-18 17:23:51,944 - INFO - MainThread - server_logic - [DEBUG] found replica for vector: 3
2025-11-18 17:23:51,944 - INFO - MainThread - server_logic - [DEBUG] found replica for vector: 4
2025-11-18 17:23:51,944 - INFO - MainThread - server_logic - [DEBUG] found replica for vector: 1
2025-11-18 17:23:51,944 - INFO - MainThread - server_logic - [DEBUG] found replica for vector: 2
2025-11-18 17:23:51,944 - INFO - MainThread - server_logic - [DEBUG] found replica for vector: 3
2025-11-18 17:23:51,944 - INFO - MainThread - server_logic - [DEBUG] found replica for vector: 4
2025-11-18 17:23:51,944 - INFO - MainThread - server_logic - [DEBUG] found replica for vector: 1
2025-11-18 17:23:51,944 - INFO - MainThread - server_logic - [DEBUG] found replica for vector: 2
2025-11-18 17:23:51,944 - INFO - MainThread - server_logic - [DEBUG] found replica for vector: 3
2025-11-18 17:23:51,944 - INFO - MainThread - server_logic - [DEBUG] to me replica for vector: 3
2025-11-18 17:23:51,944 - INFO - MainThread - server_logic - [DEBUG] found replica for vector: 1
2025-11-18 17:23:51,944 - INFO - MainThread - server_logic - [DEBUG] found replica for vector: 2
2025-11-18 17:23:51,944 - INFO - MainThread - server_logic - [DEBUG] found replica for vector: 3
2025-11-18 17:23:51,944 - INFO - MainThread - server_logic - [DEBUG] found replica for vector: 4
2025-11-18 17:23:51,945 - INFO - MainThread - server_logic - [DEBUG] found replica for vector: 1
2025-11-18 17:23:51,945 - INFO - MainThread - server_logic - [DEBUG] found replica for vector: 2
2025-11-18 17:23:51,945 - INFO - MainThread - server_logic - [DEBUG] found replica for vector: 3
2025-11-18 17:23:51,945 - INFO - MainThread - server_logic - [DEBUG] found replica for vector: 4
2025-11-18 17:23:51,945 - INFO - MainThread - server_logic - [DEBUG] found replica for vector: 1
2025-11-18 17:23:51,945 - INFO - MainThread - server_logic - [DEBUG] found replica for vector: 2
2025-11-18 17:23:51,945 - INFO - MainThread - server_logic - [DEBUG] found replica for vector: 3
2025-11-18 17:23:51,945 - INFO - MainThread - server_logic - [DEBUG] to me replica for vector: 3
2025-11-18 17:23:51,945 - INFO - MainThread - server_logic - [DEBUG] found replica for vector: 1
2025-11-18 17:23:51,945 - INFO - MainThread - server_logic - [DEBUG] found replica for vector: 2
2025-11-18 17:23:51,945 - INFO - MainThread - server_logic - [DEBUG] found replica for vector: 3
2025-11-18 17:23:51,945 - INFO - MainThread - server_logic - [DEBUG] to me replica for vector: 3
2025-11-18 17:23:51,945 - INFO - MainThread - server_logic - [DEBUG] found replica for vector: 1
2025-11-18 17:23:51,945 - INFO - MainThread - server_logic - [DEBUG] found replica for vector: 2
2025-11-18 17:23:51,945 - INFO - MainThread - server_logic - [DEBUG] found replica for vector: 3
2025-11-18 17:23:51,945 - INFO - MainThread - server_logic - [DEBUG] to me replica for vector: 3
2025-11-18 17:23:51,945 - INFO - MainThread - server_logic - [DEBUG] found replica for vector: 1
2025-11-18 17:23:51,945 - INFO - MainThread - server_logic - [DEBUG] found replica for vector: 2
2025-11-18 17:23:51,945 - INFO - MainThread - server_logic - [DEBUG] found replica for vector: 3
2025-11-18 17:23:51,945 - INFO - MainThread - server_logic - [DEBUG] found replica for vector: 4
2025-11-18 17:23:51,945 - INFO - MainThread - server_logic - [DEBUG] found replica for vector: 1
2025-11-18 17:23:51,945 - INFO - MainThread - server_logic - [DEBUG] found replica for vector: 2
2025-11-18 17:23:51,945 - INFO - MainThread - server_logic - [DEBUG] found replica for vector: 3
2025-11-18 17:23:51,945 - INFO - MainThread - server_logic - [DEBUG] to me replica for vector: 3
2025-11-18 17:23:51,945 - INFO - MainThread - server_logic - [DEBUG] found replica for vector: 1
2025-11-18 17:23:51,945 - INFO - MainThread - server_logic - [DEBUG] found replica for vector: 2
2025-11-18 17:23:51,945 - INFO - MainThread - server_logic - [DEBUG] found replica for vector: 3
2025-11-18 17:23:51,945 - INFO - MainThread - server_logic - [DEBUG] to me replica for vector: 3
2025-11-18 17:23:51,945 - INFO - MainThread - server_logic - [DEBUG] found replica for vector: 1
2025-11-18 17:23:51,945 - INFO - MainThread - server_logic - [DEBUG] found replica for vector: 2
2025-11-18 17:23:51,945 - INFO - MainThread - server_logic - [DEBUG] found replica for vector: 3
2025-11-18 17:23:51,945 - INFO - MainThread - server_logic - [DEBUG] to me replica for vector: 3
2025-11-18 17:23:51,945 - INFO - MainThread - server_logic - [DEBUG] found replica for vector: 1
2025-11-18 17:23:51,945 - INFO - MainThread - server_logic - [DEBUG] found replica for vector: 2
2025-11-18 17:23:51,945 - INFO - MainThread - server_logic - [DEBUG] found replica for vector: 3
2025-11-18 17:23:51,945 - INFO - MainThread - server_logic - [DEBUG] to me replica for vector: 3
2025-11-18 17:23:51,945 - INFO - MainThread - server_logic - [DEBUG] found replica for vector: 1
2025-11-18 17:23:51,945 - INFO - MainThread - server_logic - [DEBUG] found replica for vector: 2
2025-11-18 17:23:51,945 - INFO - MainThread - server_logic - [DEBUG] found replica for vector: 3
2025-11-18 17:23:51,945 - INFO - MainThread - server_logic - [DEBUG] to me replica for vector: 3
2025-11-18 17:23:51,945 - INFO - MainThread - server_logic - [DEBUG] found replica for vector: 1
2025-11-18 17:23:51,945 - INFO - MainThread - server_logic - [DEBUG] found replica for vector: 2
2025-11-18 17:23:51,945 - INFO - MainThread - server_logic - [DEBUG] found replica for vector: 3
2025-11-18 17:23:51,945 - INFO - MainThread - server_logic - [DEBUG] found replica for vector: 4
2025-11-18 17:23:51,945 - INFO - MainThread - server_logic - [DEBUG] found replica for vector: 1
2025-11-18 17:23:51,945 - INFO - MainThread - server_logic - [DEBUG] found replica for vector: 2
2025-11-18 17:23:51,945 - INFO - MainThread - server_logic - [DEBUG] found replica for vector: 3
2025-11-18 17:23:51,945 - INFO - MainThread - server_logic - [DEBUG] found replica for vector: 4
2025-11-18 17:23:51,945 - INFO - MainThread - server_logic - [DEBUG] found replica for vector: 1
2025-11-18 17:23:51,945 - INFO - MainThread - server_logic - [DEBUG] found replica for vector: 2
2025-11-18 17:23:51,945 - INFO - MainThread - server_logic - [DEBUG] found replica for vector: 3
2025-11-18 17:23:51,945 - INFO - MainThread - server_logic - [DEBUG] found replica for vector: 4
2025-11-18 17:23:51,945 - INFO - MainThread - server_logic - [DEBUG] found replica for vector: 1
2025-11-18 17:23:51,945 - INFO - MainThread - server_logic - [DEBUG] found replica for vector: 2
2025-11-18 17:23:51,945 - INFO - MainThread - server_logic - [DEBUG] found replica for vector: 3
2025-11-18 17:23:51,945 - INFO - MainThread - server_logic - [DEBUG] found replica for vector: 4
2025-11-18 17:23:51,946 - INFO - MainThread - server_logic - [DEBUG] found replica for vector: 1
2025-11-18 17:23:51,946 - INFO - MainThread - server_logic - [DEBUG] found replica for vector: 2
2025-11-18 17:23:51,946 - INFO - MainThread - server_logic - [DEBUG] found replica for vector: 3
2025-11-18 17:23:51,946 - INFO - MainThread - server_logic - [DEBUG] found replica for vector: 4
2025-11-18 17:23:51,946 - INFO - MainThread - server_logic - [DEBUG] found replica for vector: 1
2025-11-18 17:23:51,946 - INFO - MainThread - server_logic - [DEBUG] found replica for vector: 2
2025-11-18 17:23:51,946 - INFO - MainThread - server_logic - [DEBUG] found replica for vector: 3
2025-11-18 17:23:51,946 - INFO - MainThread - server_logic - [DEBUG] found replica for vector: 4
2025-11-18 17:23:51,946 - INFO - MainThread - server_logic - [DEBUG] found replica for vector: 1
2025-11-18 17:23:51,946 - INFO - MainThread - server_logic - [DEBUG] found replica for vector: 2
2025-11-18 17:23:51,946 - INFO - MainThread - server_logic - [DEBUG] found replica for vector: 3
2025-11-18 17:23:51,946 - INFO - MainThread - server_logic - [DEBUG] found replica for vector: 4
2025-11-18 17:23:51,946 - INFO - MainThread - server_logic - [DEBUG] found replica for vector: 1
2025-11-18 17:23:51,946 - INFO - MainThread - server_logic - [DEBUG] found replica for vector: 2
2025-11-18 17:23:51,946 - INFO - MainThread - server_logic - [DEBUG] found replica for vector: 3
2025-11-18 17:23:51,946 - INFO - MainThread - server_logic - [DEBUG] to me replica for vector: 3
2025-11-18 17:23:51,946 - INFO - MainThread - server_logic - [DEBUG] found replica for vector: 1
2025-11-18 17:23:51,946 - INFO - MainThread - server_logic - [DEBUG] found replica for vector: 2
2025-11-18 17:23:51,946 - INFO - MainThread - server_logic - [DEBUG] found replica for vector: 3
2025-11-18 17:23:51,946 - INFO - MainThread - server_logic - [DEBUG] to me replica for vector: 3
2025-11-18 17:23:51,946 - INFO - MainThread - server_logic - [DEBUG] found replica for vector: 1
2025-11-18 17:23:51,946 - INFO - MainThread - server_logic - [DEBUG] found replica for vector: 2
2025-11-18 17:23:51,946 - INFO - MainThread - server_logic - [DEBUG] found replica for vector: 3
2025-11-18 17:23:51,946 - INFO - MainThread - server_logic - [DEBUG] found replica for vector: 4
2025-11-18 17:23:51,946 - INFO - MainThread - server_logic - [DEBUG] found replica for vector: 1
2025-11-18 17:23:51,946 - INFO - MainThread - server_logic - [DEBUG] found replica for vector: 2
2025-11-18 17:23:51,946 - INFO - MainThread - server_logic - [DEBUG] found replica for vector: 3
2025-11-18 17:23:51,946 - INFO - MainThread - server_logic - [DEBUG] found replica for vector: 4
2025-11-18 17:23:51,946 - INFO - MainThread - server_logic - [DEBUG] found replica for vector: 1
2025-11-18 17:23:51,946 - INFO - MainThread - server_logic - [DEBUG] found replica for vector: 2
2025-11-18 17:23:51,946 - INFO - MainThread - server_logic - [DEBUG] found replica for vector: 3
2025-11-18 17:23:51,946 - INFO - MainThread - server_logic - [DEBUG] found replica for vector: 4
2025-11-18 17:23:51,946 - INFO - MainThread - server_logic - [DEBUG] found replica for vector: 1
2025-11-18 17:23:51,946 - INFO - MainThread - server_logic - [DEBUG] found replica for vector: 2
2025-11-18 17:23:51,946 - INFO - MainThread - server_logic - [DEBUG] found replica for vector: 3
2025-11-18 17:23:51,946 - INFO - MainThread - server_logic - [DEBUG] found replica for vector: 4
2025-11-18 17:23:51,946 - INFO - MainThread - server_logic - [DEBUG] found replica for vector: 1
2025-11-18 17:23:51,946 - INFO - MainThread - server_logic - [DEBUG] found replica for vector: 2
2025-11-18 17:23:51,946 - INFO - MainThread - server_logic - [DEBUG] found replica for vector: 3
2025-11-18 17:23:51,946 - INFO - MainThread - server_logic - [DEBUG] found replica for vector: 4
2025-11-18 17:23:51,946 - INFO - MainThread - server_logic - [DEBUG] found replica for vector: 1
2025-11-18 17:23:51,946 - INFO - MainThread - server_logic - [DEBUG] found replica for vector: 2
2025-11-18 17:23:51,946 - INFO - MainThread - server_logic - [DEBUG] found replica for vector: 3
2025-11-18 17:23:51,946 - INFO - MainThread - server_logic - [DEBUG] found replica for vector: 4
2025-11-18 17:23:51,946 - INFO - MainThread - server_logic - [DEBUG] found replica for vector: 1
2025-11-18 17:23:51,946 - INFO - MainThread - server_logic - [DEBUG] found replica for vector: 2
2025-11-18 17:23:51,946 - INFO - MainThread - server_logic - [DEBUG] found replica for vector: 3
2025-11-18 17:23:51,946 - INFO - MainThread - server_logic - [DEBUG] found replica for vector: 4
2025-11-18 17:23:51,946 - INFO - MainThread - server_logic - [DEBUG] found replica for vector: 1
2025-11-18 17:23:51,946 - INFO - MainThread - server_logic - [DEBUG] found replica for vector: 2
2025-11-18 17:23:51,946 - INFO - MainThread - server_logic - [DEBUG] found replica for vector: 3
2025-11-18 17:23:51,946 - INFO - MainThread - server_logic - [DEBUG] found replica for vector: 4
2025-11-18 17:23:51,946 - INFO - MainThread - server_logic - [DEBUG] found replica for vector: 1
2025-11-18 17:23:51,946 - INFO - MainThread - server_logic - [DEBUG] found replica for vector: 2
2025-11-18 17:23:51,946 - INFO - MainThread - server_logic - [DEBUG] found replica for vector: 3
2025-11-18 17:23:51,946 - INFO - MainThread - server_logic - [DEBUG] to me replica for vector: 3
2025-11-18 17:23:51,946 - INFO - MainThread - server_logic - [DEBUG] found replica for vector: 1
2025-11-18 17:23:51,947 - INFO - MainThread - server_logic - [DEBUG] found replica for vector: 2
2025-11-18 17:23:51,947 - INFO - MainThread - server_logic - [DEBUG] found replica for vector: 3
2025-11-18 17:23:51,947 - INFO - MainThread - server_logic - [DEBUG] found replica for vector: 4
2025-11-18 17:23:51,947 - INFO - MainThread - server_logic - [DEBUG] found replica for vector: 1
2025-11-18 17:23:51,947 - INFO - MainThread - server_logic - [DEBUG] found replica for vector: 2
2025-11-18 17:23:51,947 - INFO - MainThread - server_logic - [DEBUG] found replica for vector: 3
2025-11-18 17:23:51,947 - INFO - MainThread - server_logic - [DEBUG] found replica for vector: 4
2025-11-18 17:23:51,947 - INFO - MainThread - server_logic - [DEBUG] found replica for vector: 1
2025-11-18 17:23:51,947 - INFO - MainThread - server_logic - [DEBUG] found replica for vector: 2
2025-11-18 17:23:51,947 - INFO - MainThread - server_logic - [DEBUG] found replica for vector: 3
2025-11-18 17:23:51,947 - INFO - MainThread - server_logic - [DEBUG] found replica for vector: 4
2025-11-18 17:23:51,947 - INFO - MainThread - server_logic - [DEBUG] found replica for vector: 1
2025-11-18 17:23:51,947 - INFO - MainThread - server_logic - [DEBUG] found replica for vector: 2
2025-11-18 17:23:51,947 - INFO - MainThread - server_logic - [DEBUG] found replica for vector: 3
2025-11-18 17:23:51,947 - INFO - MainThread - server_logic - [DEBUG] to me replica for vector: 3
2025-11-18 17:23:51,947 - INFO - MainThread - server_logic - [DEBUG] found replica for vector: 1
2025-11-18 17:23:51,947 - INFO - MainThread - server_logic - [DEBUG] found replica for vector: 2
2025-11-18 17:23:51,947 - INFO - MainThread - server_logic - [DEBUG] found replica for vector: 3
2025-11-18 17:23:51,947 - INFO - MainThread - server_logic - [DEBUG] found replica for vector: 4
2025-11-18 17:23:51,947 - INFO - MainThread - server_logic - [DEBUG] found replica for vector: 1
2025-11-18 17:23:51,947 - INFO - MainThread - server_logic - [DEBUG] found replica for vector: 2
2025-11-18 17:23:51,947 - INFO - MainThread - server_logic - [DEBUG] found replica for vector: 3
2025-11-18 17:23:51,947 - INFO - MainThread - server_logic - [DEBUG] found replica for vector: 4
2025-11-18 17:23:51,947 - INFO - MainThread - server_logic - [DEBUG] found replica for vector: 1
2025-11-18 17:23:51,947 - INFO - MainThread - server_logic - [DEBUG] found replica for vector: 2
2025-11-18 17:23:51,947 - INFO - MainThread - server_logic - [DEBUG] found replica for vector: 3
2025-11-18 17:23:51,947 - INFO - MainThread - server_logic - [DEBUG] found replica for vector: 4
2025-11-18 17:23:51,947 - INFO - MainThread - server_logic - [DEBUG] found replica for vector: 1
2025-11-18 17:23:51,947 - INFO - MainThread - server_logic - [DEBUG] found replica for vector: 2
2025-11-18 17:23:51,947 - INFO - MainThread - server_logic - [DEBUG] found replica for vector: 3
2025-11-18 17:23:51,947 - INFO - MainThread - server_logic - [DEBUG] found replica for vector: 4
2025-11-18 17:23:51,947 - INFO - MainThread - server_logic - [DEBUG] found replica for vector: 1
2025-11-18 17:23:51,947 - INFO - MainThread - server_logic - [DEBUG] found replica for vector: 2
2025-11-18 17:23:51,947 - INFO - MainThread - server_logic - [DEBUG] found replica for vector: 3
2025-11-18 17:23:51,947 - INFO - MainThread - server_logic - [DEBUG] found replica for vector: 4
2025-11-18 17:23:51,947 - INFO - MainThread - server_logic - [DEBUG] found replica for vector: 1
2025-11-18 17:23:51,947 - INFO - MainThread - server_logic - [DEBUG] found replica for vector: 2
2025-11-18 17:23:51,947 - INFO - MainThread - server_logic - [DEBUG] found replica for vector: 3
2025-11-18 17:23:51,947 - INFO - MainThread - server_logic - [DEBUG] found replica for vector: 4
2025-11-18 17:23:51,947 - INFO - MainThread - server_logic - [DEBUG] found replica for vector: 1
2025-11-18 17:23:51,947 - INFO - MainThread - server_logic - [DEBUG] found replica for vector: 2
2025-11-18 17:23:51,947 - INFO - MainThread - server_logic - [DEBUG] found replica for vector: 3
2025-11-18 17:23:51,947 - INFO - MainThread - server_logic - [DEBUG] to me replica for vector: 3
2025-11-18 17:23:51,947 - INFO - MainThread - server_logic - [DEBUG] found replica for vector: 1
2025-11-18 17:23:51,947 - INFO - MainThread - server_logic - [DEBUG] found replica for vector: 2
2025-11-18 17:23:51,947 - INFO - MainThread - server_logic - [DEBUG] found replica for vector: 3
2025-11-18 17:23:51,947 - INFO - MainThread - server_logic - [DEBUG] found replica for vector: 4
2025-11-18 17:23:51,947 - INFO - MainThread - server_logic - [DEBUG] found replica for vector: 1
2025-11-18 17:23:51,947 - INFO - MainThread - server_logic - [DEBUG] found replica for vector: 2
2025-11-18 17:23:51,947 - INFO - MainThread - server_logic - [DEBUG] found replica for vector: 3
2025-11-18 17:23:51,947 - INFO - MainThread - server_logic - [DEBUG] to me replica for vector: 3
2025-11-18 17:23:51,947 - INFO - MainThread - server_logic - [DEBUG] found replica for vector: 1
2025-11-18 17:23:51,947 - INFO - MainThread - server_logic - [DEBUG] found replica for vector: 2
2025-11-18 17:23:51,947 - INFO - MainThread - server_logic - [DEBUG] found replica for vector: 3
2025-11-18 17:23:51,947 - INFO - MainThread - server_logic - [DEBUG] found replica for vector: 4
2025-11-18 17:23:51,947 - INFO - MainThread - server_logic - [DEBUG] found replica for vector: 1
2025-11-18 17:23:51,947 - INFO - MainThread - server_logic - [DEBUG] found replica for vector: 2
2025-11-18 17:23:51,948 - INFO - MainThread - server_logic - [DEBUG] found replica for vector: 3
2025-11-18 17:23:51,948 - INFO - MainThread - server_logic - [DEBUG] to me replica for vector: 3
2025-11-18 17:23:51,948 - INFO - MainThread - server_logic - [DEBUG] found replica for vector: 1
2025-11-18 17:23:51,948 - INFO - MainThread - server_logic - [DEBUG] found replica for vector: 2
2025-11-18 17:23:51,948 - INFO - MainThread - server_logic - [DEBUG] found replica for vector: 3
2025-11-18 17:23:51,948 - INFO - MainThread - server_logic - [DEBUG] found replica for vector: 4
2025-11-18 17:23:51,948 - INFO - MainThread - server_logic - [DEBUG] found replica for vector: 1
2025-11-18 17:23:51,948 - INFO - MainThread - server_logic - [DEBUG] found replica for vector: 2
2025-11-18 17:23:51,948 - INFO - MainThread - server_logic - [DEBUG] found replica for vector: 3
2025-11-18 17:23:51,948 - INFO - MainThread - server_logic - [DEBUG] found replica for vector: 4
2025-11-18 17:23:51,948 - INFO - MainThread - server_logic - [DEBUG] found replica for vector: 1
2025-11-18 17:23:51,948 - INFO - MainThread - server_logic - [DEBUG] found replica for vector: 2
2025-11-18 17:23:51,948 - INFO - MainThread - server_logic - [DEBUG] found replica for vector: 3
2025-11-18 17:23:51,948 - INFO - MainThread - server_logic - [DEBUG] to me replica for vector: 3
2025-11-18 17:23:51,948 - INFO - MainThread - server_logic - [DEBUG] found replica for vector: 1
2025-11-18 17:23:51,948 - INFO - MainThread - server_logic - [DEBUG] found replica for vector: 2
2025-11-18 17:23:51,948 - INFO - MainThread - server_logic - [DEBUG] found replica for vector: 3
2025-11-18 17:23:51,948 - INFO - MainThread - server_logic - [DEBUG] found replica for vector: 4
2025-11-18 17:23:51,948 - INFO - MainThread - server_logic - [DEBUG] found replica for vector: 1
2025-11-18 17:23:51,948 - INFO - MainThread - server_logic - [DEBUG] found replica for vector: 2
2025-11-18 17:23:51,948 - INFO - MainThread - server_logic - [DEBUG] found replica for vector: 3
2025-11-18 17:23:51,948 - INFO - MainThread - server_logic - [DEBUG] found replica for vector: 4
2025-11-18 17:23:51,948 - INFO - MainThread - server_logic - [DEBUG] found replica for vector: 1
2025-11-18 17:23:51,948 - INFO - MainThread - server_logic - [DEBUG] found replica for vector: 2
2025-11-18 17:23:51,948 - INFO - MainThread - server_logic - [DEBUG] found replica for vector: 3
2025-11-18 17:23:51,948 - INFO - MainThread - server_logic - [DEBUG] found replica for vector: 4
2025-11-18 17:23:51,948 - INFO - MainThread - server_logic - [DEBUG] found replica for vector: 1
2025-11-18 17:23:51,948 - INFO - MainThread - server_logic - [DEBUG] found replica for vector: 2
2025-11-18 17:23:51,948 - INFO - MainThread - server_logic - [DEBUG] found replica for vector: 3
2025-11-18 17:23:51,948 - INFO - MainThread - server_logic - [DEBUG] found replica for vector: 4
2025-11-18 17:23:51,948 - INFO - MainThread - server_logic - [DEBUG] found replica for vector: 1
2025-11-18 17:23:51,948 - INFO - MainThread - server_logic - [DEBUG] found replica for vector: 2
2025-11-18 17:23:51,948 - INFO - MainThread - server_logic - [DEBUG] found replica for vector: 3
2025-11-18 17:23:51,948 - INFO - MainThread - server_logic - [DEBUG] found replica for vector: 4
2025-11-18 17:23:51,948 - INFO - MainThread - server_logic - [DEBUG] found replica for vector: 1
2025-11-18 17:23:51,948 - INFO - MainThread - server_logic - [DEBUG] found replica for vector: 2
2025-11-18 17:23:51,948 - INFO - MainThread - server_logic - [DEBUG] found replica for vector: 3
2025-11-18 17:23:51,948 - INFO - MainThread - server_logic - [DEBUG] found replica for vector: 4
2025-11-18 17:23:51,948 - INFO - MainThread - server_logic - [DEBUG] found replica for vector: 1
2025-11-18 17:23:51,948 - INFO - MainThread - server_logic - [DEBUG] found replica for vector: 2
2025-11-18 17:23:51,948 - INFO - MainThread - server_logic - [DEBUG] found replica for vector: 3
2025-11-18 17:23:51,948 - INFO - MainThread - server_logic - [DEBUG] found replica for vector: 4
2025-11-18 17:23:51,948 - INFO - MainThread - server_logic - [DEBUG] found replica for vector: 1
2025-11-18 17:23:51,948 - INFO - MainThread - server_logic - [DEBUG] found replica for vector: 2
2025-11-18 17:23:51,948 - INFO - MainThread - server_logic - [DEBUG] found replica for vector: 3
2025-11-18 17:23:51,948 - INFO - MainThread - server_logic - [DEBUG] found replica for vector: 4
2025-11-18 17:23:51,948 - INFO - MainThread - server_logic - [DEBUG] found replica for vector: 1
2025-11-18 17:23:51,948 - INFO - MainThread - server_logic - [DEBUG] found replica for vector: 2
2025-11-18 17:23:51,948 - INFO - MainThread - server_logic - [DEBUG] found replica for vector: 3
2025-11-18 17:23:51,948 - INFO - MainThread - server_logic - [DEBUG] found replica for vector: 4
2025-11-18 17:23:51,948 - INFO - MainThread - server_logic - [DEBUG] found replica for vector: 1
2025-11-18 17:23:51,948 - INFO - MainThread - server_logic - [DEBUG] found replica for vector: 2
2025-11-18 17:23:51,948 - INFO - MainThread - server_logic - [DEBUG] found replica for vector: 3
2025-11-18 17:23:51,948 - INFO - MainThread - server_logic - [DEBUG] to me replica for vector: 3
2025-11-18 17:23:51,948 - INFO - MainThread - server_logic - [DEBUG] found replica for vector: 1
2025-11-18 17:23:51,948 - INFO - MainThread - server_logic - [DEBUG] found replica for vector: 2
2025-11-18 17:23:51,948 - INFO - MainThread - server_logic - [DEBUG] found replica for vector: 3
2025-11-18 17:23:51,948 - INFO - MainThread - server_logic - [DEBUG] to me replica for vector: 3
2025-11-18 17:23:51,949 - INFO - MainThread - server_logic - [DEBUG] found replica for vector: 1
2025-11-18 17:23:51,949 - INFO - MainThread - server_logic - [DEBUG] found replica for vector: 2
2025-11-18 17:23:51,949 - INFO - MainThread - server_logic - [DEBUG] found replica for vector: 3
2025-11-18 17:23:51,949 - INFO - MainThread - server_logic - [DEBUG] found replica for vector: 4
2025-11-18 17:23:51,949 - INFO - MainThread - server_logic - [DEBUG] found replica for vector: 1
2025-11-18 17:23:51,949 - INFO - MainThread - server_logic - [DEBUG] found replica for vector: 2
2025-11-18 17:23:51,949 - INFO - MainThread - server_logic - [DEBUG] found replica for vector: 3
2025-11-18 17:23:51,949 - INFO - MainThread - server_logic - [DEBUG] found replica for vector: 4
2025-11-18 17:23:51,949 - INFO - MainThread - server_logic - [DEBUG] found replica for vector: 1
2025-11-18 17:23:51,949 - INFO - MainThread - server_logic - [DEBUG] found replica for vector: 2
2025-11-18 17:23:51,949 - INFO - MainThread - server_logic - [DEBUG] found replica for vector: 3
2025-11-18 17:23:51,949 - INFO - MainThread - server_logic - [DEBUG] to me replica for vector: 3
2025-11-18 17:23:51,949 - INFO - MainThread - server_logic - [DEBUG] found replica for vector: 1
2025-11-18 17:23:51,949 - INFO - MainThread - server_logic - [DEBUG] found replica for vector: 2
2025-11-18 17:23:51,949 - INFO - MainThread - server_logic - [DEBUG] found replica for vector: 3
2025-11-18 17:23:51,949 - INFO - MainThread - server_logic - [DEBUG] found replica for vector: 4
2025-11-18 17:23:51,949 - INFO - MainThread - server_logic - [DEBUG] found replica for vector: 1
2025-11-18 17:23:51,949 - INFO - MainThread - server_logic - [DEBUG] found replica for vector: 2
2025-11-18 17:23:51,949 - INFO - MainThread - server_logic - [DEBUG] found replica for vector: 3
2025-11-18 17:23:51,949 - INFO - MainThread - server_logic - [DEBUG] found replica for vector: 4
2025-11-18 17:23:51,949 - INFO - MainThread - server_logic - [DEBUG] found replica for vector: 1
2025-11-18 17:23:51,949 - INFO - MainThread - server_logic - [DEBUG] found replica for vector: 2
2025-11-18 17:23:51,949 - INFO - MainThread - server_logic - [DEBUG] found replica for vector: 3
2025-11-18 17:23:51,949 - INFO - MainThread - server_logic - [DEBUG] found replica for vector: 4
2025-11-18 17:23:51,949 - INFO - MainThread - server_logic - [DEBUG] found replica for vector: 1
2025-11-18 17:23:51,949 - INFO - MainThread - server_logic - [DEBUG] found replica for vector: 2
2025-11-18 17:23:51,949 - INFO - MainThread - server_logic - [DEBUG] found replica for vector: 3
2025-11-18 17:23:51,949 - INFO - MainThread - server_logic - [DEBUG] found replica for vector: 4
2025-11-18 17:23:51,949 - INFO - MainThread - server_logic - [DEBUG] found replica for vector: 1
2025-11-18 17:23:51,949 - INFO - MainThread - server_logic - [DEBUG] found replica for vector: 2
2025-11-18 17:23:51,949 - INFO - MainThread - server_logic - [DEBUG] found replica for vector: 3
2025-11-18 17:23:51,949 - INFO - MainThread - server_logic - [DEBUG] found replica for vector: 4
2025-11-18 17:23:51,949 - INFO - MainThread - server_logic - [DEBUG] found replica for vector: 1
2025-11-18 17:23:51,949 - INFO - MainThread - server_logic - [DEBUG] found replica for vector: 2
2025-11-18 17:23:51,949 - INFO - MainThread - server_logic - [DEBUG] found replica for vector: 3
2025-11-18 17:23:51,949 - INFO - MainThread - server_logic - [DEBUG] to me replica for vector: 3
2025-11-18 17:23:51,949 - INFO - MainThread - server_logic - [DEBUG] found replica for vector: 1
2025-11-18 17:23:51,949 - INFO - MainThread - server_logic - [DEBUG] found replica for vector: 2
2025-11-18 17:23:51,949 - INFO - MainThread - server_logic - [DEBUG] found replica for vector: 3
2025-11-18 17:23:51,949 - INFO - MainThread - server_logic - [DEBUG] to me replica for vector: 3
2025-11-18 17:23:51,949 - INFO - MainThread - server_logic - [DEBUG] found replica for vector: 1
2025-11-18 17:23:51,949 - INFO - MainThread - server_logic - [DEBUG] found replica for vector: 2
2025-11-18 17:23:51,949 - INFO - MainThread - server_logic - [DEBUG] found replica for vector: 3
2025-11-18 17:23:51,949 - INFO - MainThread - server_logic - [DEBUG] found replica for vector: 4
2025-11-18 17:23:51,949 - INFO - MainThread - server_logic - [DEBUG] found replica for vector: 1
2025-11-18 17:23:51,949 - INFO - MainThread - server_logic - [DEBUG] found replica for vector: 2
2025-11-18 17:23:51,949 - INFO - MainThread - server_logic - [DEBUG] found replica for vector: 3
2025-11-18 17:23:51,949 - INFO - MainThread - server_logic - [DEBUG] found replica for vector: 4
2025-11-18 17:23:51,949 - INFO - MainThread - server_logic - [DEBUG] found replica for vector: 1
2025-11-18 17:23:51,949 - INFO - MainThread - server_logic - [DEBUG] found replica for vector: 2
2025-11-18 17:23:51,949 - INFO - MainThread - server_logic - [DEBUG] found replica for vector: 3
2025-11-18 17:23:51,949 - INFO - MainThread - server_logic - [DEBUG] found replica for vector: 4
2025-11-18 17:23:51,949 - INFO - MainThread - server_logic - [DEBUG] found replica for vector: 1
2025-11-18 17:23:51,949 - INFO - MainThread - server_logic - [DEBUG] found replica for vector: 2
2025-11-18 17:23:51,949 - INFO - MainThread - server_logic - [DEBUG] found replica for vector: 3
2025-11-18 17:23:51,949 - INFO - MainThread - server_logic - [DEBUG] found replica for vector: 4
2025-11-18 17:23:51,950 - INFO - MainThread - server_logic - [DEBUG] found replica for vector: 1
2025-11-18 17:23:51,950 - INFO - MainThread - server_logic - [DEBUG] found replica for vector: 2
2025-11-18 17:23:51,950 - INFO - MainThread - server_logic - [DEBUG] found replica for vector: 3
2025-11-18 17:23:51,950 - INFO - MainThread - server_logic - [DEBUG] found replica for vector: 4
2025-11-18 17:23:51,950 - INFO - MainThread - server_logic - [DEBUG] found replica for vector: 1
2025-11-18 17:23:51,950 - INFO - MainThread - server_logic - [DEBUG] found replica for vector: 2
2025-11-18 17:23:51,950 - INFO - MainThread - server_logic - [DEBUG] found replica for vector: 3
2025-11-18 17:23:51,950 - INFO - MainThread - server_logic - [DEBUG] found replica for vector: 4
2025-11-18 17:23:51,950 - INFO - MainThread - server_logic - [DEBUG] found replica for vector: 1
2025-11-18 17:23:51,950 - INFO - MainThread - server_logic - [DEBUG] found replica for vector: 2
2025-11-18 17:23:51,950 - INFO - MainThread - server_logic - [DEBUG] found replica for vector: 3
2025-11-18 17:23:51,950 - INFO - MainThread - server_logic - [DEBUG] found replica for vector: 4
2025-11-18 17:23:51,950 - INFO - MainThread - server_logic - [DEBUG] found replica for vector: 1
2025-11-18 17:23:51,950 - INFO - MainThread - server_logic - [DEBUG] found replica for vector: 2
2025-11-18 17:23:51,950 - INFO - MainThread - server_logic - [DEBUG] found replica for vector: 3
2025-11-18 17:23:51,950 - INFO - MainThread - server_logic - [DEBUG] found replica for vector: 4
2025-11-18 17:23:51,950 - INFO - MainThread - server_logic - [DEBUG] found replica for vector: 1
2025-11-18 17:23:51,950 - INFO - MainThread - server_logic - [DEBUG] found replica for vector: 2
2025-11-18 17:23:51,950 - INFO - MainThread - server_logic - [DEBUG] found replica for vector: 3
2025-11-18 17:23:51,950 - INFO - MainThread - server_logic - [DEBUG] found replica for vector: 4
2025-11-18 17:23:51,950 - INFO - MainThread - server_logic - [DEBUG] found replica for vector: 1
2025-11-18 17:23:51,950 - INFO - MainThread - server_logic - [DEBUG] found replica for vector: 2
2025-11-18 17:23:51,950 - INFO - MainThread - server_logic - [DEBUG] found replica for vector: 3
2025-11-18 17:23:51,950 - INFO - MainThread - server_logic - [DEBUG] to me replica for vector: 3
2025-11-18 17:23:51,950 - INFO - MainThread - server_logic - [DEBUG] found replica for vector: 1
2025-11-18 17:23:51,950 - INFO - MainThread - server_logic - [DEBUG] found replica for vector: 2
2025-11-18 17:23:51,950 - INFO - MainThread - server_logic - [DEBUG] found replica for vector: 3
2025-11-18 17:23:51,950 - INFO - MainThread - server_logic - [DEBUG] found replica for vector: 4
2025-11-18 17:23:51,950 - INFO - MainThread - server_logic - [DEBUG] found replica for vector: 1
2025-11-18 17:23:51,950 - INFO - MainThread - server_logic - [DEBUG] found replica for vector: 2
2025-11-18 17:23:51,950 - INFO - MainThread - server_logic - [DEBUG] found replica for vector: 3
2025-11-18 17:23:51,950 - INFO - MainThread - server_logic - [DEBUG] found replica for vector: 4
2025-11-18 17:23:51,950 - INFO - MainThread - server_logic - [DEBUG] found replica for vector: 1
2025-11-18 17:23:51,950 - INFO - MainThread - server_logic - [DEBUG] found replica for vector: 2
2025-11-18 17:23:51,950 - INFO - MainThread - server_logic - [DEBUG] found replica for vector: 3
2025-11-18 17:23:51,950 - INFO - MainThread - server_logic - [DEBUG] to me replica for vector: 3
2025-11-18 17:23:51,950 - INFO - MainThread - server_logic - [DEBUG] found replica for vector: 1
2025-11-18 17:23:51,950 - INFO - MainThread - server_logic - [DEBUG] found replica for vector: 2
2025-11-18 17:23:51,950 - INFO - MainThread - server_logic - [DEBUG] found replica for vector: 3
2025-11-18 17:23:51,950 - INFO - MainThread - server_logic - [DEBUG] to me replica for vector: 3
2025-11-18 17:23:51,950 - INFO - MainThread - server_logic - [DEBUG] found replica for vector: 1
2025-11-18 17:23:51,950 - INFO - MainThread - server_logic - [DEBUG] found replica for vector: 2
2025-11-18 17:23:51,950 - INFO - MainThread - server_logic - [DEBUG] found replica for vector: 3
2025-11-18 17:23:51,950 - INFO - MainThread - server_logic - [DEBUG] found replica for vector: 4
2025-11-18 17:23:51,950 - INFO - MainThread - server_logic - [DEBUG] found replica for vector: 1
2025-11-18 17:23:51,950 - INFO - MainThread - server_logic - [DEBUG] found replica for vector: 2
2025-11-18 17:23:51,950 - INFO - MainThread - server_logic - [DEBUG] found replica for vector: 3
2025-11-18 17:23:51,950 - INFO - MainThread - server_logic - [DEBUG] found replica for vector: 4
2025-11-18 17:23:51,950 - INFO - MainThread - server_logic - [DEBUG] found replica for vector: 1
2025-11-18 17:23:51,950 - INFO - MainThread - server_logic - [DEBUG] found replica for vector: 2
2025-11-18 17:23:51,950 - INFO - MainThread - server_logic - [DEBUG] found replica for vector: 3
2025-11-18 17:23:51,950 - INFO - MainThread - server_logic - [DEBUG] to me replica for vector: 3
2025-11-18 17:23:51,950 - INFO - MainThread - server_logic - [DEBUG] found replica for vector: 1
2025-11-18 17:23:51,950 - INFO - MainThread - server_logic - [DEBUG] found replica for vector: 2
2025-11-18 17:23:51,950 - INFO - MainThread - server_logic - [DEBUG] found replica for vector: 3
2025-11-18 17:23:51,950 - INFO - MainThread - server_logic - [DEBUG] found replica for vector: 4
2025-11-18 17:23:51,950 - INFO - MainThread - server_logic - [DEBUG] found replica for vector: 1
2025-11-18 17:23:51,951 - INFO - MainThread - server_logic - [DEBUG] found replica for vector: 2
2025-11-18 17:23:51,951 - INFO - MainThread - server_logic - [DEBUG] found replica for vector: 3
2025-11-18 17:23:51,951 - INFO - MainThread - server_logic - [DEBUG] found replica for vector: 4
2025-11-18 17:23:51,951 - INFO - MainThread - server_logic - [DEBUG] found replica for vector: 1
2025-11-18 17:23:51,951 - INFO - MainThread - server_logic - [DEBUG] found replica for vector: 2
2025-11-18 17:23:51,951 - INFO - MainThread - server_logic - [DEBUG] found replica for vector: 3
2025-11-18 17:23:51,951 - INFO - MainThread - server_logic - [DEBUG] found replica for vector: 4
2025-11-18 17:23:51,951 - INFO - MainThread - server_logic - [DEBUG] found replica for vector: 1
2025-11-18 17:23:51,951 - INFO - MainThread - server_logic - [DEBUG] found replica for vector: 2
2025-11-18 17:23:51,951 - INFO - MainThread - server_logic - [DEBUG] found replica for vector: 3
2025-11-18 17:23:51,951 - INFO - MainThread - server_logic - [DEBUG] to me replica for vector: 3
2025-11-18 17:23:51,951 - INFO - MainThread - server_logic - [DEBUG] found replica for vector: 1
2025-11-18 17:23:51,951 - INFO - MainThread - server_logic - [DEBUG] found replica for vector: 2
2025-11-18 17:23:51,951 - INFO - MainThread - server_logic - [DEBUG] found replica for vector: 3
2025-11-18 17:23:51,951 - INFO - MainThread - server_logic - [DEBUG] found replica for vector: 4
2025-11-18 17:23:51,951 - INFO - MainThread - server_logic - [DEBUG] found replica for vector: 1
2025-11-18 17:23:51,951 - INFO - MainThread - server_logic - [DEBUG] found replica for vector: 2
2025-11-18 17:23:51,951 - INFO - MainThread - server_logic - [DEBUG] found replica for vector: 3
2025-11-18 17:23:51,951 - INFO - MainThread - server_logic - [DEBUG] found replica for vector: 4
2025-11-18 17:23:51,951 - INFO - MainThread - server_logic - [DEBUG] found replica for vector: 1
2025-11-18 17:23:51,951 - INFO - MainThread - server_logic - [DEBUG] found replica for vector: 2
2025-11-18 17:23:51,951 - INFO - MainThread - server_logic - [DEBUG] found replica for vector: 3
2025-11-18 17:23:51,951 - INFO - MainThread - server_logic - [DEBUG] to me replica for vector: 3
2025-11-18 17:23:51,951 - INFO - MainThread - server_logic - [DEBUG] found replica for vector: 1
2025-11-18 17:23:51,951 - INFO - MainThread - server_logic - [DEBUG] found replica for vector: 2
2025-11-18 17:23:51,951 - INFO - MainThread - server_logic - [DEBUG] found replica for vector: 3
2025-11-18 17:23:51,951 - INFO - MainThread - server_logic - [DEBUG] to me replica for vector: 3
2025-11-18 17:23:51,951 - INFO - MainThread - server_logic - [DEBUG] found replica for vector: 1
2025-11-18 17:23:51,951 - INFO - MainThread - server_logic - [DEBUG] found replica for vector: 2
2025-11-18 17:23:51,951 - INFO - MainThread - server_logic - [DEBUG] found replica for vector: 3
2025-11-18 17:23:51,951 - INFO - MainThread - server_logic - [DEBUG] found replica for vector: 4
2025-11-18 17:23:51,951 - INFO - MainThread - server_logic - [DEBUG] found replica for vector: 1
2025-11-18 17:23:51,951 - INFO - MainThread - server_logic - [DEBUG] found replica for vector: 2
2025-11-18 17:23:51,951 - INFO - MainThread - server_logic - [DEBUG] found replica for vector: 3
2025-11-18 17:23:51,951 - INFO - MainThread - server_logic - [DEBUG] found replica for vector: 4
2025-11-18 17:23:51,951 - INFO - MainThread - server_logic - [DEBUG] found replica for vector: 1
2025-11-18 17:23:51,951 - INFO - MainThread - server_logic - [DEBUG] found replica for vector: 2
2025-11-18 17:23:51,951 - INFO - MainThread - server_logic - [DEBUG] found replica for vector: 3
2025-11-18 17:23:51,951 - INFO - MainThread - server_logic - [DEBUG] found replica for vector: 4
2025-11-18 17:23:51,951 - INFO - MainThread - server_logic - [DEBUG] found replica for vector: 1
2025-11-18 17:23:51,951 - INFO - MainThread - server_logic - [DEBUG] found replica for vector: 2
2025-11-18 17:23:51,951 - INFO - MainThread - server_logic - [DEBUG] found replica for vector: 3
2025-11-18 17:23:51,951 - INFO - MainThread - server_logic - [DEBUG] found replica for vector: 4
2025-11-18 17:23:51,951 - INFO - MainThread - server_logic - [DEBUG] found replica for vector: 1
2025-11-18 17:23:51,951 - INFO - MainThread - server_logic - [DEBUG] found replica for vector: 2
2025-11-18 17:23:51,951 - INFO - MainThread - server_logic - [DEBUG] found replica for vector: 3
2025-11-18 17:23:51,951 - INFO - MainThread - server_logic - [DEBUG] found replica for vector: 4
2025-11-18 17:23:51,951 - INFO - MainThread - server_logic - [DEBUG] found replica for vector: 1
2025-11-18 17:23:51,951 - INFO - MainThread - server_logic - [DEBUG] found replica for vector: 2
2025-11-18 17:23:51,951 - INFO - MainThread - server_logic - [DEBUG] found replica for vector: 3
2025-11-18 17:23:51,951 - INFO - MainThread - server_logic - [DEBUG] found replica for vector: 4
2025-11-18 17:23:51,951 - INFO - MainThread - server_logic - [DEBUG] found replica for vector: 1
2025-11-18 17:23:51,951 - INFO - MainThread - server_logic - [DEBUG] found replica for vector: 2
2025-11-18 17:23:51,951 - INFO - MainThread - server_logic - [DEBUG] found replica for vector: 3
2025-11-18 17:23:51,951 - INFO - MainThread - server_logic - [DEBUG] found replica for vector: 4
2025-11-18 17:23:51,951 - INFO - MainThread - server_logic - [DEBUG] found replica for vector: 1
2025-11-18 17:23:51,951 - INFO - MainThread - server_logic - [DEBUG] found replica for vector: 2
2025-11-18 17:23:51,951 - INFO - MainThread - server_logic - [DEBUG] found replica for vector: 3
2025-11-18 17:23:51,952 - INFO - MainThread - server_logic - [DEBUG] found replica for vector: 4
2025-11-18 17:23:51,952 - INFO - MainThread - server_logic - [DEBUG] found replica for vector: 1
2025-11-18 17:23:51,952 - INFO - MainThread - server_logic - [DEBUG] found replica for vector: 2
2025-11-18 17:23:51,952 - INFO - MainThread - server_logic - [DEBUG] found replica for vector: 3
2025-11-18 17:23:51,952 - INFO - MainThread - server_logic - [DEBUG] found replica for vector: 4
2025-11-18 17:23:51,952 - INFO - MainThread - server_logic - [DEBUG] found replica for vector: 1
2025-11-18 17:23:51,952 - INFO - MainThread - server_logic - [DEBUG] found replica for vector: 2
2025-11-18 17:23:51,952 - INFO - MainThread - server_logic - [DEBUG] found replica for vector: 3
2025-11-18 17:23:51,952 - INFO - MainThread - server_logic - [DEBUG] found replica for vector: 4
2025-11-18 17:23:51,952 - INFO - MainThread - server_logic - [DEBUG] found replica for vector: 1
2025-11-18 17:23:51,952 - INFO - MainThread - server_logic - [DEBUG] found replica for vector: 2
2025-11-18 17:23:51,952 - INFO - MainThread - server_logic - [DEBUG] found replica for vector: 3
2025-11-18 17:23:51,952 - INFO - MainThread - server_logic - [DEBUG] to me replica for vector: 3
2025-11-18 17:23:51,952 - INFO - MainThread - server_logic - [DEBUG] found replica for vector: 1
2025-11-18 17:23:51,952 - INFO - MainThread - server_logic - [DEBUG] found replica for vector: 2
2025-11-18 17:23:51,952 - INFO - MainThread - server_logic - [DEBUG] found replica for vector: 3
2025-11-18 17:23:51,952 - INFO - MainThread - server_logic - [DEBUG] found replica for vector: 4
2025-11-18 17:23:51,952 - INFO - MainThread - server_logic - [DEBUG] found replica for vector: 1
2025-11-18 17:23:51,952 - INFO - MainThread - server_logic - [DEBUG] found replica for vector: 2
2025-11-18 17:23:51,952 - INFO - MainThread - server_logic - [DEBUG] found replica for vector: 3
2025-11-18 17:23:51,952 - INFO - MainThread - server_logic - [DEBUG] found replica for vector: 4
2025-11-18 17:23:51,952 - INFO - MainThread - server_logic - [DEBUG] found replica for vector: 1
2025-11-18 17:23:51,952 - INFO - MainThread - server_logic - [DEBUG] found replica for vector: 2
2025-11-18 17:23:51,952 - INFO - MainThread - server_logic - [DEBUG] found replica for vector: 3
2025-11-18 17:23:51,952 - INFO - MainThread - server_logic - [DEBUG] found replica for vector: 4
2025-11-18 17:23:51,952 - INFO - MainThread - server_logic - [DEBUG] found replica for vector: 1
2025-11-18 17:23:51,952 - INFO - MainThread - server_logic - [DEBUG] found replica for vector: 2
2025-11-18 17:23:51,952 - INFO - MainThread - server_logic - [DEBUG] found replica for vector: 3
2025-11-18 17:23:51,952 - INFO - MainThread - server_logic - [DEBUG] to me replica for vector: 3
2025-11-18 17:23:51,952 - INFO - MainThread - server_logic - [DEBUG] found replica for vector: 1
2025-11-18 17:23:51,952 - INFO - MainThread - server_logic - [DEBUG] found replica for vector: 2
2025-11-18 17:23:51,952 - INFO - MainThread - server_logic - [DEBUG] found replica for vector: 3
2025-11-18 17:23:51,952 - INFO - MainThread - server_logic - [DEBUG] found replica for vector: 4
2025-11-18 17:23:51,952 - INFO - MainThread - server_logic - [DEBUG] found replica for vector: 1
2025-11-18 17:23:51,952 - INFO - MainThread - server_logic - [DEBUG] found replica for vector: 2
2025-11-18 17:23:51,952 - INFO - MainThread - server_logic - [DEBUG] found replica for vector: 3
2025-11-18 17:23:51,952 - INFO - MainThread - server_logic - [DEBUG] to me replica for vector: 3
2025-11-18 17:23:51,952 - INFO - MainThread - server_logic - [DEBUG] found replica for vector: 1
2025-11-18 17:23:51,952 - INFO - MainThread - server_logic - [DEBUG] found replica for vector: 2
2025-11-18 17:23:51,952 - INFO - MainThread - server_logic - [DEBUG] found replica for vector: 3
2025-11-18 17:23:51,952 - INFO - MainThread - server_logic - [DEBUG] found replica for vector: 4
2025-11-18 17:23:51,952 - INFO - MainThread - server_logic - [DEBUG] found replica for vector: 1
2025-11-18 17:23:51,952 - INFO - MainThread - server_logic - [DEBUG] found replica for vector: 2
2025-11-18 17:23:51,952 - INFO - MainThread - server_logic - [DEBUG] found replica for vector: 3
2025-11-18 17:23:51,952 - INFO - MainThread - server_logic - [DEBUG] to me replica for vector: 3
2025-11-18 17:23:51,952 - INFO - MainThread - server_logic - [DEBUG] found replica for vector: 1
2025-11-18 17:23:51,952 - INFO - MainThread - server_logic - [DEBUG] found replica for vector: 2
2025-11-18 17:23:51,952 - INFO - MainThread - server_logic - [DEBUG] found replica for vector: 3
2025-11-18 17:23:51,952 - INFO - MainThread - server_logic - [DEBUG] found replica for vector: 4
2025-11-18 17:23:51,952 - INFO - MainThread - server_logic - [DEBUG] found replica for vector: 1
2025-11-18 17:23:51,952 - INFO - MainThread - server_logic - [DEBUG] found replica for vector: 2
2025-11-18 17:23:51,952 - INFO - MainThread - server_logic - [DEBUG] found replica for vector: 3
2025-11-18 17:23:51,952 - INFO - MainThread - server_logic - [DEBUG] found replica for vector: 4
2025-11-18 17:23:51,952 - INFO - MainThread - server_logic - [DEBUG] found replica for vector: 1
2025-11-18 17:23:51,952 - INFO - MainThread - server_logic - [DEBUG] found replica for vector: 2
2025-11-18 17:23:51,952 - INFO - MainThread - server_logic - [DEBUG] found replica for vector: 3
2025-11-18 17:23:51,952 - INFO - MainThread - server_logic - [DEBUG] found replica for vector: 4
2025-11-18 17:23:51,953 - INFO - MainThread - server_logic - [DEBUG] found replica for vector: 1
2025-11-18 17:23:51,953 - INFO - MainThread - server_logic - [DEBUG] found replica for vector: 2
2025-11-18 17:23:51,953 - INFO - MainThread - server_logic - [DEBUG] found replica for vector: 3
2025-11-18 17:23:51,953 - INFO - MainThread - server_logic - [DEBUG] found replica for vector: 4
2025-11-18 17:23:51,953 - INFO - MainThread - server_logic - [DEBUG] found replica for vector: 1
2025-11-18 17:23:51,953 - INFO - MainThread - server_logic - [DEBUG] found replica for vector: 2
2025-11-18 17:23:51,953 - INFO - MainThread - server_logic - [DEBUG] found replica for vector: 3
2025-11-18 17:23:51,953 - INFO - MainThread - server_logic - [DEBUG] found replica for vector: 4
2025-11-18 17:23:51,953 - INFO - MainThread - server_logic - [DEBUG] found replica for vector: 1
2025-11-18 17:23:51,953 - INFO - MainThread - server_logic - [DEBUG] found replica for vector: 2
2025-11-18 17:23:51,953 - INFO - MainThread - server_logic - [DEBUG] found replica for vector: 3
2025-11-18 17:23:51,953 - INFO - MainThread - server_logic - [DEBUG] to me replica for vector: 3
2025-11-18 17:23:51,953 - INFO - MainThread - server_logic - [DEBUG] found replica for vector: 1
2025-11-18 17:23:51,953 - INFO - MainThread - server_logic - [DEBUG] found replica for vector: 2
2025-11-18 17:23:51,953 - INFO - MainThread - server_logic - [DEBUG] found replica for vector: 3
2025-11-18 17:23:51,953 - INFO - MainThread - server_logic - [DEBUG] found replica for vector: 4
2025-11-18 17:23:51,953 - INFO - MainThread - server_logic - [DEBUG] found replica for vector: 1
2025-11-18 17:23:51,953 - INFO - MainThread - server_logic - [DEBUG] found replica for vector: 2
2025-11-18 17:23:51,953 - INFO - MainThread - server_logic - [DEBUG] found replica for vector: 3
2025-11-18 17:23:51,953 - INFO - MainThread - server_logic - [DEBUG] to me replica for vector: 3
2025-11-18 17:23:51,953 - INFO - MainThread - server_logic - [DEBUG] found replica for vector: 1
2025-11-18 17:23:51,953 - INFO - MainThread - server_logic - [DEBUG] found replica for vector: 2
2025-11-18 17:23:51,953 - INFO - MainThread - server_logic - [DEBUG] found replica for vector: 3
2025-11-18 17:23:51,953 - INFO - MainThread - server_logic - [DEBUG] found replica for vector: 4
2025-11-18 17:23:51,953 - INFO - MainThread - server_logic - [DEBUG] found replica for vector: 1
2025-11-18 17:23:51,953 - INFO - MainThread - server_logic - [DEBUG] found replica for vector: 2
2025-11-18 17:23:51,953 - INFO - MainThread - server_logic - [DEBUG] found replica for vector: 3
2025-11-18 17:23:51,953 - INFO - MainThread - server_logic - [DEBUG] to me replica for vector: 3
2025-11-18 17:23:51,953 - INFO - MainThread - server_logic - [DEBUG] found replica for vector: 1
2025-11-18 17:23:51,953 - INFO - MainThread - server_logic - [DEBUG] found replica for vector: 2
2025-11-18 17:23:51,953 - INFO - MainThread - server_logic - [DEBUG] found replica for vector: 3
2025-11-18 17:23:51,953 - INFO - MainThread - server_logic - [DEBUG] found replica for vector: 4
2025-11-18 17:23:51,953 - INFO - MainThread - server_logic - [DEBUG] found replica for vector: 1
2025-11-18 17:23:51,953 - INFO - MainThread - server_logic - [DEBUG] found replica for vector: 2
2025-11-18 17:23:51,953 - INFO - MainThread - server_logic - [DEBUG] found replica for vector: 3
2025-11-18 17:23:51,953 - INFO - MainThread - server_logic - [DEBUG] to me replica for vector: 3
2025-11-18 17:23:51,953 - INFO - MainThread - server_logic - [DEBUG] found replica for vector: 1
2025-11-18 17:23:51,953 - INFO - MainThread - server_logic - [DEBUG] found replica for vector: 2
2025-11-18 17:23:51,953 - INFO - MainThread - server_logic - [DEBUG] found replica for vector: 3
2025-11-18 17:23:51,953 - INFO - MainThread - server_logic - [DEBUG] to me replica for vector: 3
2025-11-18 17:23:51,953 - INFO - MainThread - server_logic - [DEBUG] found replica for vector: 1
2025-11-18 17:23:51,953 - INFO - MainThread - server_logic - [DEBUG] found replica for vector: 2
2025-11-18 17:23:51,953 - INFO - MainThread - server_logic - [DEBUG] found replica for vector: 3
2025-11-18 17:23:51,953 - INFO - MainThread - server_logic - [DEBUG] found replica for vector: 4
2025-11-18 17:23:51,953 - INFO - MainThread - server_logic - [DEBUG] found replica for vector: 1
2025-11-18 17:23:51,953 - INFO - MainThread - server_logic - [DEBUG] found replica for vector: 2
2025-11-18 17:23:51,953 - INFO - MainThread - server_logic - [DEBUG] found replica for vector: 3
2025-11-18 17:23:51,953 - INFO - MainThread - server_logic - [DEBUG] found replica for vector: 4
2025-11-18 17:23:51,953 - INFO - MainThread - server_logic - [DEBUG] found replica for vector: 1
2025-11-18 17:23:51,953 - INFO - MainThread - server_logic - [DEBUG] found replica for vector: 2
2025-11-18 17:23:51,953 - INFO - MainThread - server_logic - [DEBUG] found replica for vector: 3
2025-11-18 17:23:51,953 - INFO - MainThread - server_logic - [DEBUG] found replica for vector: 4
2025-11-18 17:23:51,953 - INFO - MainThread - server_logic - [DEBUG] found replica for vector: 1
2025-11-18 17:23:51,953 - INFO - MainThread - server_logic - [DEBUG] found replica for vector: 2
2025-11-18 17:23:51,953 - INFO - MainThread - server_logic - [DEBUG] found replica for vector: 3
2025-11-18 17:23:51,953 - INFO - MainThread - server_logic - [DEBUG] found replica for vector: 4
2025-11-18 17:23:51,953 - INFO - MainThread - server_logic - [DEBUG] found replica for vector: 1
2025-11-18 17:23:51,954 - INFO - MainThread - server_logic - [DEBUG] found replica for vector: 2
2025-11-18 17:23:51,954 - INFO - MainThread - server_logic - [DEBUG] found replica for vector: 3
2025-11-18 17:23:51,954 - INFO - MainThread - server_logic - [DEBUG] found replica for vector: 4
2025-11-18 17:23:51,954 - INFO - MainThread - server_logic - [DEBUG] found replica for vector: 1
2025-11-18 17:23:51,954 - INFO - MainThread - server_logic - [DEBUG] found replica for vector: 2
2025-11-18 17:23:51,954 - INFO - MainThread - server_logic - [DEBUG] found replica for vector: 3
2025-11-18 17:23:51,954 - INFO - MainThread - server_logic - [DEBUG] found replica for vector: 4
2025-11-18 17:23:51,954 - INFO - MainThread - server_logic - [DEBUG] found replica for vector: 1
2025-11-18 17:23:51,954 - INFO - MainThread - server_logic - [DEBUG] found replica for vector: 2
2025-11-18 17:23:51,954 - INFO - MainThread - server_logic - [DEBUG] found replica for vector: 3
2025-11-18 17:23:51,954 - INFO - MainThread - server_logic - [DEBUG] to me replica for vector: 3
2025-11-18 17:23:51,954 - INFO - MainThread - server_logic - [DEBUG] found replica for vector: 1
2025-11-18 17:23:51,954 - INFO - MainThread - server_logic - [DEBUG] found replica for vector: 2
2025-11-18 17:23:51,954 - INFO - MainThread - server_logic - [DEBUG] found replica for vector: 3
2025-11-18 17:23:51,954 - INFO - MainThread - server_logic - [DEBUG] found replica for vector: 4
2025-11-18 17:23:51,954 - INFO - MainThread - server_logic - [DEBUG] found replica for vector: 1
2025-11-18 17:23:51,954 - INFO - MainThread - server_logic - [DEBUG] found replica for vector: 2
2025-11-18 17:23:51,954 - INFO - MainThread - server_logic - [DEBUG] found replica for vector: 3
2025-11-18 17:23:51,954 - INFO - MainThread - server_logic - [DEBUG] to me replica for vector: 3
2025-11-18 17:23:51,954 - INFO - MainThread - server_logic - [DEBUG] found replica for vector: 1
2025-11-18 17:23:51,954 - INFO - MainThread - server_logic - [DEBUG] found replica for vector: 2
2025-11-18 17:23:51,954 - INFO - MainThread - server_logic - [DEBUG] found replica for vector: 3
2025-11-18 17:23:51,954 - INFO - MainThread - server_logic - [DEBUG] to me replica for vector: 3
2025-11-18 17:23:51,954 - INFO - MainThread - server_logic - [DEBUG] found replica for vector: 1
2025-11-18 17:23:51,954 - INFO - MainThread - server_logic - [DEBUG] found replica for vector: 2
2025-11-18 17:23:51,954 - INFO - MainThread - server_logic - [DEBUG] found replica for vector: 3
2025-11-18 17:23:51,954 - INFO - MainThread - server_logic - [DEBUG] found replica for vector: 4
2025-11-18 17:23:51,954 - INFO - MainThread - server_logic - [DEBUG] found replica for vector: 1
2025-11-18 17:23:51,954 - INFO - MainThread - server_logic - [DEBUG] found replica for vector: 2
2025-11-18 17:23:51,954 - INFO - MainThread - server_logic - [DEBUG] found replica for vector: 3
2025-11-18 17:23:51,954 - INFO - MainThread - server_logic - [DEBUG] found replica for vector: 4
2025-11-18 17:23:51,954 - INFO - MainThread - server_logic - [DEBUG] found replica for vector: 1
2025-11-18 17:23:51,954 - INFO - MainThread - server_logic - [DEBUG] found replica for vector: 2
2025-11-18 17:23:51,954 - INFO - MainThread - server_logic - [DEBUG] found replica for vector: 3
2025-11-18 17:23:51,954 - INFO - MainThread - server_logic - [DEBUG] found replica for vector: 4
2025-11-18 17:23:51,954 - INFO - MainThread - server_logic - [DEBUG] found replica for vector: 1
2025-11-18 17:23:51,954 - INFO - MainThread - server_logic - [DEBUG] found replica for vector: 2
2025-11-18 17:23:51,954 - INFO - MainThread - server_logic - [DEBUG] found replica for vector: 3
2025-11-18 17:23:51,954 - INFO - MainThread - server_logic - [DEBUG] to me replica for vector: 3
2025-11-18 17:23:51,954 - INFO - MainThread - server_logic - [DEBUG] found replica for vector: 1
2025-11-18 17:23:51,954 - INFO - MainThread - server_logic - [DEBUG] found replica for vector: 2
2025-11-18 17:23:51,954 - INFO - MainThread - server_logic - [DEBUG] found replica for vector: 3
2025-11-18 17:23:51,954 - INFO - MainThread - server_logic - [DEBUG] found replica for vector: 4
2025-11-18 17:23:51,954 - INFO - MainThread - server_logic - [DEBUG] found replica for vector: 1
2025-11-18 17:23:51,954 - INFO - MainThread - server_logic - [DEBUG] found replica for vector: 2
2025-11-18 17:23:51,954 - INFO - MainThread - server_logic - [DEBUG] found replica for vector: 3
2025-11-18 17:23:51,954 - INFO - MainThread - server_logic - [DEBUG] to me replica for vector: 3
2025-11-18 17:23:51,954 - INFO - MainThread - server_logic - [DEBUG] found replica for vector: 1
2025-11-18 17:23:51,954 - INFO - MainThread - server_logic - [DEBUG] found replica for vector: 2
2025-11-18 17:23:51,954 - INFO - MainThread - server_logic - [DEBUG] found replica for vector: 3
2025-11-18 17:23:51,954 - INFO - MainThread - server_logic - [DEBUG] found replica for vector: 4
2025-11-18 17:23:51,954 - INFO - MainThread - server_logic - [DEBUG] found replica for vector: 1
2025-11-18 17:23:51,954 - INFO - MainThread - server_logic - [DEBUG] found replica for vector: 2
2025-11-18 17:23:51,954 - INFO - MainThread - server_logic - [DEBUG] found replica for vector: 3
2025-11-18 17:23:51,954 - INFO - MainThread - server_logic - [DEBUG] found replica for vector: 4
2025-11-18 17:23:51,954 - INFO - MainThread - server_logic - [DEBUG] found replica for vector: 1
2025-11-18 17:23:51,954 - INFO - MainThread - server_logic - [DEBUG] found replica for vector: 2
2025-11-18 17:23:51,955 - INFO - MainThread - server_logic - [DEBUG] found replica for vector: 3
2025-11-18 17:23:51,955 - INFO - MainThread - server_logic - [DEBUG] found replica for vector: 4
2025-11-18 17:23:51,955 - INFO - MainThread - server_logic - [DEBUG] found replica for vector: 1
2025-11-18 17:23:51,955 - INFO - MainThread - server_logic - [DEBUG] found replica for vector: 2
2025-11-18 17:23:51,955 - INFO - MainThread - server_logic - [DEBUG] found replica for vector: 3
2025-11-18 17:23:51,955 - INFO - MainThread - server_logic - [DEBUG] found replica for vector: 4
2025-11-18 17:23:51,955 - INFO - MainThread - server_logic - [DEBUG] found replica for vector: 1
2025-11-18 17:23:51,955 - INFO - MainThread - server_logic - [DEBUG] found replica for vector: 2
2025-11-18 17:23:51,955 - INFO - MainThread - server_logic - [DEBUG] found replica for vector: 3
2025-11-18 17:23:51,955 - INFO - MainThread - server_logic - [DEBUG] found replica for vector: 4
2025-11-18 17:23:51,955 - INFO - MainThread - server_logic - [DEBUG] found replica for vector: 1
2025-11-18 17:23:51,955 - INFO - MainThread - server_logic - [DEBUG] found replica for vector: 2
2025-11-18 17:23:51,955 - INFO - MainThread - server_logic - [DEBUG] found replica for vector: 3
2025-11-18 17:23:51,955 - INFO - MainThread - server_logic - [DEBUG] found replica for vector: 4
2025-11-18 17:23:51,955 - INFO - MainThread - server_logic - [DEBUG] found replica for vector: 1
2025-11-18 17:23:51,955 - INFO - MainThread - server_logic - [DEBUG] found replica for vector: 2
2025-11-18 17:23:51,955 - INFO - MainThread - server_logic - [DEBUG] found replica for vector: 3
2025-11-18 17:23:51,955 - INFO - MainThread - server_logic - [DEBUG] found replica for vector: 4
2025-11-18 17:23:51,955 - INFO - MainThread - server_logic - [DEBUG] found replica for vector: 1
2025-11-18 17:23:51,955 - INFO - MainThread - server_logic - [DEBUG] found replica for vector: 2
2025-11-18 17:23:51,955 - INFO - MainThread - server_logic - [DEBUG] found replica for vector: 3
2025-11-18 17:23:51,955 - INFO - MainThread - server_logic - [DEBUG] to me replica for vector: 3
2025-11-18 17:23:51,955 - INFO - MainThread - server_logic - [DEBUG] found replica for vector: 1
2025-11-18 17:23:51,955 - INFO - MainThread - server_logic - [DEBUG] found replica for vector: 2
2025-11-18 17:23:51,955 - INFO - MainThread - server_logic - [DEBUG] found replica for vector: 3
2025-11-18 17:23:51,955 - INFO - MainThread - server_logic - [DEBUG] found replica for vector: 4
2025-11-18 17:23:51,955 - INFO - MainThread - server_logic - [DEBUG] found replica for vector: 1
2025-11-18 17:23:51,955 - INFO - MainThread - server_logic - [DEBUG] found replica for vector: 2
2025-11-18 17:23:51,955 - INFO - MainThread - server_logic - [DEBUG] found replica for vector: 3
2025-11-18 17:23:51,955 - INFO - MainThread - server_logic - [DEBUG] found replica for vector: 4
2025-11-18 17:23:51,955 - INFO - MainThread - server_logic - [DEBUG] found replica for vector: 1
2025-11-18 17:23:51,955 - INFO - MainThread - server_logic - [DEBUG] found replica for vector: 2
2025-11-18 17:23:51,955 - INFO - MainThread - server_logic - [DEBUG] found replica for vector: 3
2025-11-18 17:23:51,955 - INFO - MainThread - server_logic - [DEBUG] found replica for vector: 4
2025-11-18 17:23:51,955 - INFO - MainThread - server_logic - [DEBUG] found replica for vector: 1
2025-11-18 17:23:51,955 - INFO - MainThread - server_logic - [DEBUG] found replica for vector: 2
2025-11-18 17:23:51,955 - INFO - MainThread - server_logic - [DEBUG] found replica for vector: 3
2025-11-18 17:23:51,955 - INFO - MainThread - server_logic - [DEBUG] found replica for vector: 4
2025-11-18 17:23:51,955 - INFO - MainThread - server_logic - [DEBUG] found replica for vector: 1
2025-11-18 17:23:51,955 - INFO - MainThread - server_logic - [DEBUG] found replica for vector: 2
2025-11-18 17:23:51,955 - INFO - MainThread - server_logic - [DEBUG] found replica for vector: 3
2025-11-18 17:23:51,955 - INFO - MainThread - server_logic - [DEBUG] to me replica for vector: 3
2025-11-18 17:23:51,955 - INFO - MainThread - server_logic - [DEBUG] found replica for vector: 1
2025-11-18 17:23:51,955 - INFO - MainThread - server_logic - [DEBUG] found replica for vector: 2
2025-11-18 17:23:51,955 - INFO - MainThread - server_logic - [DEBUG] found replica for vector: 3
2025-11-18 17:23:51,955 - INFO - MainThread - server_logic - [DEBUG] found replica for vector: 4
2025-11-18 17:23:51,955 - INFO - MainThread - server_logic - [DEBUG] found replica for vector: 1
2025-11-18 17:23:51,955 - INFO - MainThread - server_logic - [DEBUG] found replica for vector: 2
2025-11-18 17:23:51,955 - INFO - MainThread - server_logic - [DEBUG] found replica for vector: 3
2025-11-18 17:23:51,955 - INFO - MainThread - server_logic - [DEBUG] found replica for vector: 4
2025-11-18 17:23:51,955 - INFO - MainThread - server_logic - [DEBUG] found replica for vector: 1
2025-11-18 17:23:51,955 - INFO - MainThread - server_logic - [DEBUG] found replica for vector: 2
2025-11-18 17:23:51,955 - INFO - MainThread - server_logic - [DEBUG] found replica for vector: 3
2025-11-18 17:23:51,955 - INFO - MainThread - server_logic - [DEBUG] to me replica for vector: 3
2025-11-18 17:23:51,955 - INFO - MainThread - server_logic - [DEBUG] found replica for vector: 1
2025-11-18 17:23:51,955 - INFO - MainThread - server_logic - [DEBUG] found replica for vector: 2
2025-11-18 17:23:51,955 - INFO - MainThread - server_logic - [DEBUG] found replica for vector: 3
2025-11-18 17:23:51,955 - INFO - MainThread - server_logic - [DEBUG] found replica for vector: 4
2025-11-18 17:23:51,956 - INFO - MainThread - server_logic - [DEBUG] found replica for vector: 1
2025-11-18 17:23:51,956 - INFO - MainThread - server_logic - [DEBUG] found replica for vector: 2
2025-11-18 17:23:51,956 - INFO - MainThread - server_logic - [DEBUG] found replica for vector: 3
2025-11-18 17:23:51,956 - INFO - MainThread - server_logic - [DEBUG] to me replica for vector: 3
2025-11-18 17:23:51,956 - INFO - MainThread - server_logic - [DEBUG] found replica for vector: 1
2025-11-18 17:23:51,956 - INFO - MainThread - server_logic - [DEBUG] found replica for vector: 2
2025-11-18 17:23:51,956 - INFO - MainThread - server_logic - [DEBUG] found replica for vector: 3
2025-11-18 17:23:51,956 - INFO - MainThread - server_logic - [DEBUG] found replica for vector: 4
2025-11-18 17:23:51,956 - INFO - MainThread - server_logic - [DEBUG] found replica for vector: 1
2025-11-18 17:23:51,956 - INFO - MainThread - server_logic - [DEBUG] found replica for vector: 2
2025-11-18 17:23:51,956 - INFO - MainThread - server_logic - [DEBUG] found replica for vector: 3
2025-11-18 17:23:51,956 - INFO - MainThread - server_logic - [DEBUG] to me replica for vector: 3
2025-11-18 17:23:51,956 - INFO - MainThread - server_logic - [DEBUG] found replica for vector: 1
2025-11-18 17:23:51,956 - INFO - MainThread - server_logic - [DEBUG] found replica for vector: 2
2025-11-18 17:23:51,956 - INFO - MainThread - server_logic - [DEBUG] found replica for vector: 3
2025-11-18 17:23:51,956 - INFO - MainThread - server_logic - [DEBUG] found replica for vector: 4
2025-11-18 17:23:51,956 - INFO - MainThread - server_logic - [DEBUG] found replica for vector: 1
2025-11-18 17:23:51,956 - INFO - MainThread - server_logic - [DEBUG] found replica for vector: 2
2025-11-18 17:23:51,956 - INFO - MainThread - server_logic - [DEBUG] found replica for vector: 3
2025-11-18 17:23:51,956 - INFO - MainThread - server_logic - [DEBUG] found replica for vector: 4
2025-11-18 17:23:51,956 - INFO - MainThread - server_logic - [DEBUG] found replica for vector: 1
2025-11-18 17:23:51,956 - INFO - MainThread - server_logic - [DEBUG] found replica for vector: 2
2025-11-18 17:23:51,956 - INFO - MainThread - server_logic - [DEBUG] found replica for vector: 3
2025-11-18 17:23:51,956 - INFO - MainThread - server_logic - [DEBUG] to me replica for vector: 3
2025-11-18 17:23:51,956 - INFO - MainThread - server_logic - [DEBUG] found replica for vector: 1
2025-11-18 17:23:51,956 - INFO - MainThread - server_logic - [DEBUG] found replica for vector: 2
2025-11-18 17:23:51,956 - INFO - MainThread - server_logic - [DEBUG] found replica for vector: 3
2025-11-18 17:23:51,956 - INFO - MainThread - server_logic - [DEBUG] to me replica for vector: 3
2025-11-18 17:23:51,956 - INFO - MainThread - server_logic - [DEBUG] found replica for vector: 1
2025-11-18 17:23:51,956 - INFO - MainThread - server_logic - [DEBUG] found replica for vector: 2
2025-11-18 17:23:51,956 - INFO - MainThread - server_logic - [DEBUG] found replica for vector: 3
2025-11-18 17:23:51,956 - INFO - MainThread - server_logic - [DEBUG] found replica for vector: 4
2025-11-18 17:23:51,956 - INFO - MainThread - server_logic - [DEBUG] found replica for vector: 1
2025-11-18 17:23:51,956 - INFO - MainThread - server_logic - [DEBUG] found replica for vector: 2
2025-11-18 17:23:51,956 - INFO - MainThread - server_logic - [DEBUG] found replica for vector: 3
2025-11-18 17:23:51,956 - INFO - MainThread - server_logic - [DEBUG] found replica for vector: 4
2025-11-18 17:23:51,956 - INFO - MainThread - server_logic - [DEBUG] found replica for vector: 1
2025-11-18 17:23:51,956 - INFO - MainThread - server_logic - [DEBUG] found replica for vector: 2
2025-11-18 17:23:51,956 - INFO - MainThread - server_logic - [DEBUG] found replica for vector: 3
2025-11-18 17:23:51,956 - INFO - MainThread - server_logic - [DEBUG] found replica for vector: 4
2025-11-18 17:23:51,956 - INFO - MainThread - server_logic - [DEBUG] found replica for vector: 1
2025-11-18 17:23:51,956 - INFO - MainThread - server_logic - [DEBUG] found replica for vector: 2
2025-11-18 17:23:51,956 - INFO - MainThread - server_logic - [DEBUG] found replica for vector: 3
2025-11-18 17:23:51,956 - INFO - MainThread - server_logic - [DEBUG] found replica for vector: 4
2025-11-18 17:23:51,956 - INFO - MainThread - server_logic - [DEBUG] found replica for vector: 1
2025-11-18 17:23:51,956 - INFO - MainThread - server_logic - [DEBUG] found replica for vector: 2
2025-11-18 17:23:51,956 - INFO - MainThread - server_logic - [DEBUG] found replica for vector: 3
2025-11-18 17:23:51,956 - INFO - MainThread - server_logic - [DEBUG] found replica for vector: 4
2025-11-18 17:23:51,956 - INFO - MainThread - server_logic - [DEBUG] found replica for vector: 1
2025-11-18 17:23:51,956 - INFO - MainThread - server_logic - [DEBUG] found replica for vector: 2
2025-11-18 17:23:51,956 - INFO - MainThread - server_logic - [DEBUG] found replica for vector: 3
2025-11-18 17:23:51,956 - INFO - MainThread - server_logic - [DEBUG] found replica for vector: 4
2025-11-18 17:23:51,956 - INFO - MainThread - server_logic - [DEBUG] found replica for vector: 1
2025-11-18 17:23:51,956 - INFO - MainThread - server_logic - [DEBUG] found replica for vector: 2
2025-11-18 17:23:51,956 - INFO - MainThread - server_logic - [DEBUG] found replica for vector: 3
2025-11-18 17:23:51,956 - INFO - MainThread - server_logic - [DEBUG] found replica for vector: 4
2025-11-18 17:23:51,957 - INFO - MainThread - server_logic - [DEBUG] found replica for vector: 1
2025-11-18 17:23:51,957 - INFO - MainThread - server_logic - [DEBUG] found replica for vector: 2
2025-11-18 17:23:51,957 - INFO - MainThread - server_logic - [DEBUG] found replica for vector: 3
2025-11-18 17:23:51,957 - INFO - MainThread - server_logic - [DEBUG] found replica for vector: 4
2025-11-18 17:23:51,957 - INFO - MainThread - server_logic - [DEBUG] found replica for vector: 1
2025-11-18 17:23:51,957 - INFO - MainThread - server_logic - [DEBUG] found replica for vector: 2
2025-11-18 17:23:51,957 - INFO - MainThread - server_logic - [DEBUG] found replica for vector: 3
2025-11-18 17:23:51,957 - INFO - MainThread - server_logic - [DEBUG] found replica for vector: 4
2025-11-18 17:23:51,957 - INFO - MainThread - server_logic - [DEBUG] found replica for vector: 1
2025-11-18 17:23:51,957 - INFO - MainThread - server_logic - [DEBUG] found replica for vector: 2
2025-11-18 17:23:51,957 - INFO - MainThread - server_logic - [DEBUG] found replica for vector: 3
2025-11-18 17:23:51,957 - INFO - MainThread - server_logic - [DEBUG] found replica for vector: 4
2025-11-18 17:23:51,957 - INFO - MainThread - server_logic - [DEBUG] found replica for vector: 1
2025-11-18 17:23:51,957 - INFO - MainThread - server_logic - [DEBUG] found replica for vector: 2
2025-11-18 17:23:51,957 - INFO - MainThread - server_logic - [DEBUG] found replica for vector: 3
2025-11-18 17:23:51,957 - INFO - MainThread - server_logic - [DEBUG] to me replica for vector: 3
2025-11-18 17:23:51,957 - INFO - MainThread - server_logic - [DEBUG] found replica for vector: 1
2025-11-18 17:23:51,957 - INFO - MainThread - server_logic - [DEBUG] found replica for vector: 2
2025-11-18 17:23:51,957 - INFO - MainThread - server_logic - [DEBUG] found replica for vector: 3
2025-11-18 17:23:51,957 - INFO - MainThread - server_logic - [DEBUG] found replica for vector: 4
2025-11-18 17:23:51,957 - INFO - MainThread - server_logic - [DEBUG] found replica for vector: 1
2025-11-18 17:23:51,957 - INFO - MainThread - server_logic - [DEBUG] found replica for vector: 2
2025-11-18 17:23:51,957 - INFO - MainThread - server_logic - [DEBUG] found replica for vector: 3
2025-11-18 17:23:51,957 - INFO - MainThread - server_logic - [DEBUG] found replica for vector: 4
2025-11-18 17:23:51,957 - INFO - MainThread - server_logic - [DEBUG] found replica for vector: 1
2025-11-18 17:23:51,957 - INFO - MainThread - server_logic - [DEBUG] found replica for vector: 2
2025-11-18 17:23:51,957 - INFO - MainThread - server_logic - [DEBUG] found replica for vector: 3
2025-11-18 17:23:51,957 - INFO - MainThread - server_logic - [DEBUG] found replica for vector: 4
2025-11-18 17:23:51,957 - INFO - MainThread - server_logic - [DEBUG] found replica for vector: 1
2025-11-18 17:23:51,957 - INFO - MainThread - server_logic - [DEBUG] found replica for vector: 2
2025-11-18 17:23:51,957 - INFO - MainThread - server_logic - [DEBUG] found replica for vector: 3
2025-11-18 17:23:51,957 - INFO - MainThread - server_logic - [DEBUG] to me replica for vector: 3
2025-11-18 17:23:51,957 - INFO - MainThread - server_logic - [DEBUG] found replica for vector: 1
2025-11-18 17:23:51,957 - INFO - MainThread - server_logic - [DEBUG] found replica for vector: 2
2025-11-18 17:23:51,957 - INFO - MainThread - server_logic - [DEBUG] found replica for vector: 3
2025-11-18 17:23:51,957 - INFO - MainThread - server_logic - [DEBUG] found replica for vector: 4
2025-11-18 17:23:51,957 - INFO - MainThread - server_logic - [DEBUG] found replica for vector: 1
2025-11-18 17:23:51,957 - INFO - MainThread - server_logic - [DEBUG] found replica for vector: 2
2025-11-18 17:23:51,957 - INFO - MainThread - server_logic - [DEBUG] found replica for vector: 3
2025-11-18 17:23:51,957 - INFO - MainThread - server_logic - [DEBUG] found replica for vector: 4
2025-11-18 17:23:51,957 - INFO - MainThread - server_logic - [DEBUG] found replica for vector: 1
2025-11-18 17:23:51,957 - INFO - MainThread - server_logic - [DEBUG] found replica for vector: 2
2025-11-18 17:23:51,957 - INFO - MainThread - server_logic - [DEBUG] found replica for vector: 3
2025-11-18 17:23:51,957 - INFO - MainThread - server_logic - [DEBUG] to me replica for vector: 3
2025-11-18 17:23:51,957 - INFO - MainThread - server_logic - [DEBUG] found replica for vector: 1
2025-11-18 17:23:51,957 - INFO - MainThread - server_logic - [DEBUG] found replica for vector: 2
2025-11-18 17:23:51,957 - INFO - MainThread - server_logic - [DEBUG] found replica for vector: 3
2025-11-18 17:23:51,957 - INFO - MainThread - server_logic - [DEBUG] to me replica for vector: 3
2025-11-18 17:23:51,957 - INFO - MainThread - server_logic - [DEBUG] found replica for vector: 1
2025-11-18 17:23:51,957 - INFO - MainThread - server_logic - [DEBUG] found replica for vector: 2
2025-11-18 17:23:51,957 - INFO - MainThread - server_logic - [DEBUG] found replica for vector: 3
2025-11-18 17:23:51,957 - INFO - MainThread - server_logic - [DEBUG] found replica for vector: 4
2025-11-18 17:23:51,957 - INFO - MainThread - server_logic - [DEBUG] found replica for vector: 1
2025-11-18 17:23:51,957 - INFO - MainThread - server_logic - [DEBUG] found replica for vector: 2
2025-11-18 17:23:51,957 - INFO - MainThread - server_logic - [DEBUG] found replica for vector: 3
2025-11-18 17:23:51,957 - INFO - MainThread - server_logic - [DEBUG] found replica for vector: 4
2025-11-18 17:23:51,957 - INFO - MainThread - server_logic - [DEBUG] found replica for vector: 1
2025-11-18 17:23:51,958 - INFO - MainThread - server_logic - [DEBUG] found replica for vector: 2
2025-11-18 17:23:51,958 - INFO - MainThread - server_logic - [DEBUG] found replica for vector: 3
2025-11-18 17:23:51,958 - INFO - MainThread - server_logic - [DEBUG] found replica for vector: 4
2025-11-18 17:23:51,958 - INFO - MainThread - server_logic - [DEBUG] found replica for vector: 1
2025-11-18 17:23:51,958 - INFO - MainThread - server_logic - [DEBUG] found replica for vector: 2
2025-11-18 17:23:51,958 - INFO - MainThread - server_logic - [DEBUG] found replica for vector: 3
2025-11-18 17:23:51,958 - INFO - MainThread - server_logic - [DEBUG] found replica for vector: 4
2025-11-18 17:23:51,958 - INFO - MainThread - server_logic - [DEBUG] found replica for vector: 1
2025-11-18 17:23:51,958 - INFO - MainThread - server_logic - [DEBUG] found replica for vector: 2
2025-11-18 17:23:51,958 - INFO - MainThread - server_logic - [DEBUG] found replica for vector: 3
2025-11-18 17:23:51,958 - INFO - MainThread - server_logic - [DEBUG] found replica for vector: 4
2025-11-18 17:23:51,958 - INFO - MainThread - server_logic - [DEBUG] found replica for vector: 1
2025-11-18 17:23:51,958 - INFO - MainThread - server_logic - [DEBUG] found replica for vector: 2
2025-11-18 17:23:51,958 - INFO - MainThread - server_logic - [DEBUG] found replica for vector: 3
2025-11-18 17:23:51,958 - INFO - MainThread - server_logic - [DEBUG] to me replica for vector: 3
2025-11-18 17:23:51,958 - INFO - MainThread - server_logic - [DEBUG] found replica for vector: 1
2025-11-18 17:23:51,958 - INFO - MainThread - server_logic - [DEBUG] found replica for vector: 2
2025-11-18 17:23:51,958 - INFO - MainThread - server_logic - [DEBUG] found replica for vector: 3
2025-11-18 17:23:51,958 - INFO - MainThread - server_logic - [DEBUG] to me replica for vector: 3
2025-11-18 17:23:51,958 - INFO - MainThread - server_logic - [DEBUG] found replica for vector: 1
2025-11-18 17:23:51,958 - INFO - MainThread - server_logic - [DEBUG] found replica for vector: 2
2025-11-18 17:23:51,958 - INFO - MainThread - server_logic - [DEBUG] found replica for vector: 3
2025-11-18 17:23:51,958 - INFO - MainThread - server_logic - [DEBUG] found replica for vector: 4
2025-11-18 17:23:51,958 - INFO - MainThread - server_logic - [DEBUG] found replica for vector: 1
2025-11-18 17:23:51,958 - INFO - MainThread - server_logic - [DEBUG] found replica for vector: 2
2025-11-18 17:23:51,958 - INFO - MainThread - server_logic - [DEBUG] found replica for vector: 3
2025-11-18 17:23:51,958 - INFO - MainThread - server_logic - [DEBUG] found replica for vector: 4
2025-11-18 17:23:51,958 - INFO - MainThread - server_logic - [DEBUG] found replica for vector: 1
2025-11-18 17:23:51,958 - INFO - MainThread - server_logic - [DEBUG] found replica for vector: 2
2025-11-18 17:23:51,958 - INFO - MainThread - server_logic - [DEBUG] found replica for vector: 3
2025-11-18 17:23:51,958 - INFO - MainThread - server_logic - [DEBUG] found replica for vector: 4
2025-11-18 17:23:51,958 - INFO - MainThread - server_logic - [DEBUG] found replica for vector: 1
2025-11-18 17:23:51,958 - INFO - MainThread - server_logic - [DEBUG] found replica for vector: 2
2025-11-18 17:23:51,958 - INFO - MainThread - server_logic - [DEBUG] found replica for vector: 3
2025-11-18 17:23:51,958 - INFO - MainThread - server_logic - [DEBUG] found replica for vector: 4
2025-11-18 17:23:51,958 - INFO - MainThread - server_logic - [DEBUG] found replica for vector: 1
2025-11-18 17:23:51,958 - INFO - MainThread - server_logic - [DEBUG] found replica for vector: 2
2025-11-18 17:23:51,958 - INFO - MainThread - server_logic - [DEBUG] found replica for vector: 3
2025-11-18 17:23:51,958 - INFO - MainThread - server_logic - [DEBUG] found replica for vector: 4
2025-11-18 17:23:51,958 - INFO - MainThread - server_logic - [DEBUG] found replica for vector: 1
2025-11-18 17:23:51,958 - INFO - MainThread - server_logic - [DEBUG] found replica for vector: 2
2025-11-18 17:23:51,958 - INFO - MainThread - server_logic - [DEBUG] found replica for vector: 3
2025-11-18 17:23:51,958 - INFO - MainThread - server_logic - [DEBUG] to me replica for vector: 3
2025-11-18 17:23:51,958 - INFO - MainThread - server_logic - [DEBUG] found replica for vector: 1
2025-11-18 17:23:51,958 - INFO - MainThread - server_logic - [DEBUG] found replica for vector: 2
2025-11-18 17:23:51,958 - INFO - MainThread - server_logic - [DEBUG] found replica for vector: 3
2025-11-18 17:23:51,958 - INFO - MainThread - server_logic - [DEBUG] found replica for vector: 4
2025-11-18 17:23:51,958 - INFO - MainThread - server_logic - [DEBUG] found replica for vector: 1
2025-11-18 17:23:51,958 - INFO - MainThread - server_logic - [DEBUG] found replica for vector: 2
2025-11-18 17:23:51,958 - INFO - MainThread - server_logic - [DEBUG] found replica for vector: 3
2025-11-18 17:23:51,958 - INFO - MainThread - server_logic - [DEBUG] found replica for vector: 4
2025-11-18 17:23:51,958 - INFO - MainThread - server_logic - [DEBUG] found replica for vector: 1
2025-11-18 17:23:51,958 - INFO - MainThread - server_logic - [DEBUG] found replica for vector: 2
2025-11-18 17:23:51,958 - INFO - MainThread - server_logic - [DEBUG] found replica for vector: 3
2025-11-18 17:23:51,958 - INFO - MainThread - server_logic - [DEBUG] to me replica for vector: 3
2025-11-18 17:23:51,958 - INFO - MainThread - server_logic - [DEBUG] found replica for vector: 1
2025-11-18 17:23:51,958 - INFO - MainThread - server_logic - [DEBUG] found replica for vector: 2
2025-11-18 17:23:51,958 - INFO - MainThread - server_logic - [DEBUG] found replica for vector: 3
2025-11-18 17:23:51,959 - INFO - MainThread - server_logic - [DEBUG] found replica for vector: 4
2025-11-18 17:23:51,959 - INFO - MainThread - server_logic - [DEBUG] found replica for vector: 1
2025-11-18 17:23:51,959 - INFO - MainThread - server_logic - [DEBUG] found replica for vector: 2
2025-11-18 17:23:51,959 - INFO - MainThread - server_logic - [DEBUG] found replica for vector: 3
2025-11-18 17:23:51,959 - INFO - MainThread - server_logic - [DEBUG] to me replica for vector: 3
2025-11-18 17:23:51,959 - INFO - MainThread - server_logic - [DEBUG] found replica for vector: 1
2025-11-18 17:23:51,959 - INFO - MainThread - server_logic - [DEBUG] found replica for vector: 2
2025-11-18 17:23:51,959 - INFO - MainThread - server_logic - [DEBUG] found replica for vector: 3
2025-11-18 17:23:51,959 - INFO - MainThread - server_logic - [DEBUG] found replica for vector: 4
2025-11-18 17:23:51,959 - INFO - MainThread - server_logic - [DEBUG] found replica for vector: 1
2025-11-18 17:23:51,959 - INFO - MainThread - server_logic - [DEBUG] found replica for vector: 2
2025-11-18 17:23:51,959 - INFO - MainThread - server_logic - [DEBUG] found replica for vector: 3
2025-11-18 17:23:51,959 - INFO - MainThread - server_logic - [DEBUG] found replica for vector: 4
2025-11-18 17:23:51,959 - INFO - MainThread - server_logic - [DEBUG] found replica for vector: 1
2025-11-18 17:23:51,959 - INFO - MainThread - server_logic - [DEBUG] found replica for vector: 2
2025-11-18 17:23:51,959 - INFO - MainThread - server_logic - [DEBUG] found replica for vector: 3
2025-11-18 17:23:51,959 - INFO - MainThread - server_logic - [DEBUG] to me replica for vector: 3
2025-11-18 17:23:51,959 - INFO - MainThread - server_logic - [DEBUG] found replica for vector: 1
2025-11-18 17:23:51,959 - INFO - MainThread - server_logic - [DEBUG] found replica for vector: 2
2025-11-18 17:23:51,959 - INFO - MainThread - server_logic - [DEBUG] found replica for vector: 3
2025-11-18 17:23:51,959 - INFO - MainThread - server_logic - [DEBUG] found replica for vector: 4
2025-11-18 17:23:51,959 - INFO - MainThread - server_logic - [DEBUG] found replica for vector: 1
2025-11-18 17:23:51,959 - INFO - MainThread - server_logic - [DEBUG] found replica for vector: 2
2025-11-18 17:23:51,959 - INFO - MainThread - server_logic - [DEBUG] found replica for vector: 3
2025-11-18 17:23:51,959 - INFO - MainThread - server_logic - [DEBUG] found replica for vector: 4
2025-11-18 17:23:51,959 - INFO - MainThread - server_logic - [DEBUG] found replica for vector: 1
2025-11-18 17:23:51,959 - INFO - MainThread - server_logic - [DEBUG] found replica for vector: 2
2025-11-18 17:23:51,959 - INFO - MainThread - server_logic - [DEBUG] found replica for vector: 3
2025-11-18 17:23:51,959 - INFO - MainThread - server_logic - [DEBUG] found replica for vector: 4
2025-11-18 17:23:51,959 - INFO - MainThread - server_logic - [DEBUG] found replica for vector: 1
2025-11-18 17:23:51,959 - INFO - MainThread - server_logic - [DEBUG] found replica for vector: 2
2025-11-18 17:23:51,959 - INFO - MainThread - server_logic - [DEBUG] found replica for vector: 3
2025-11-18 17:23:51,959 - INFO - MainThread - server_logic - [DEBUG] to me replica for vector: 3
2025-11-18 17:23:51,959 - INFO - MainThread - server_logic - [Router] Distribution: Peer node1: 78, Peer node2: 54, Peer node3: 54, Peer node4: 54, Peer node5: 54, Peer node6: 56, Peer node7: 56, Peer node8: 56, Peer node9: 56, Peer node10: 68, Peer node11: 68, Peer node12: 68, Peer node13: 68, Peer node14: 78, Peer node15: 78, Me (node16): 78
2025-11-18 17:23:51,959 - INFO - MainThread - server_logic - --> [Peer Send] Sending 78 vectors to Peer node1 (localhost:9001) | Status: clustered
2025-11-18 17:23:52,039 - INFO - MainThread - server_logic - --> [Peer Send] Success: Sent vectors to node1
2025-11-18 17:23:52,039 - INFO - MainThread - server_logic - --> [Peer Send] Sending 54 vectors to Peer node2 (localhost:9002) | Status: clustered
2025-11-18 17:23:52,121 - INFO - MainThread - server_logic - --> [Peer Send] Success: Sent vectors to node2
2025-11-18 17:23:52,121 - INFO - MainThread - server_logic - --> [Peer Send] Sending 54 vectors to Peer node3 (localhost:9003) | Status: clustered
2025-11-18 17:23:52,185 - INFO - MainThread - server_logic - --> [Peer Send] Success: Sent vectors to node3
2025-11-18 17:23:52,185 - INFO - MainThread - server_logic - --> [Peer Send] Sending 54 vectors to Peer node4 (localhost:9004) | Status: clustered
2025-11-18 17:23:52,250 - INFO - MainThread - server_logic - --> [Peer Send] Success: Sent vectors to node4
2025-11-18 17:23:52,250 - INFO - MainThread - server_logic - --> [Peer Send] Sending 54 vectors to Peer node5 (localhost:9005) | Status: clustered
2025-11-18 17:23:52,330 - INFO - MainThread - server_logic - --> [Peer Send] Success: Sent vectors to node5
2025-11-18 17:23:52,330 - INFO - MainThread - server_logic - --> [Peer Send] Sending 56 vectors to Peer node6 (localhost:9006) | Status: clustered
2025-11-18 17:23:52,402 - INFO - MainThread - server_logic - --> [Peer Send] Success: Sent vectors to node6
2025-11-18 17:23:52,402 - INFO - MainThread - server_logic - --> [Peer Send] Sending 56 vectors to Peer node7 (localhost:9007) | Status: clustered
2025-11-18 17:23:52,468 - INFO - MainThread - server_logic - --> [Peer Send] Success: Sent vectors to node7
2025-11-18 17:23:52,468 - INFO - MainThread - server_logic - --> [Peer Send] Sending 56 vectors to Peer node8 (localhost:9008) | Status: clustered
2025-11-18 17:23:52,536 - INFO - MainThread - server_logic - --> [Peer Send] Success: Sent vectors to node8
2025-11-18 17:23:52,536 - INFO - MainThread - server_logic - --> [Peer Send] Sending 56 vectors to Peer node9 (localhost:9009) | Status: clustered
2025-11-18 17:23:52,604 - INFO - MainThread - server_logic - --> [Peer Send] Success: Sent vectors to node9
2025-11-18 17:23:52,604 - INFO - MainThread - server_logic - --> [Peer Send] Sending 68 vectors to Peer node10 (localhost:9010) | Status: clustered
2025-11-18 17:23:52,675 - INFO - MainThread - server_logic - --> [Peer Send] Success: Sent vectors to node10
2025-11-18 17:23:52,675 - INFO - MainThread - server_logic - --> [Peer Send] Sending 68 vectors to Peer node11 (localhost:9011) | Status: clustered
2025-11-18 17:23:52,749 - INFO - MainThread - server_logic - --> [Peer Send] Success: Sent vectors to node11
2025-11-18 17:23:52,749 - INFO - MainThread - server_logic - --> [Peer Send] Sending 68 vectors to Peer node12 (localhost:9012) | Status: clustered
2025-11-18 17:23:52,821 - INFO - MainThread - server_logic - --> [Peer Send] Success: Sent vectors to node12
2025-11-18 17:23:52,821 - INFO - MainThread - server_logic - --> [Peer Send] Sending 68 vectors to Peer node13 (localhost:9013) | Status: clustered
2025-11-18 17:23:52,895 - INFO - MainThread - server_logic - --> [Peer Send] Success: Sent vectors to node13
2025-11-18 17:23:52,895 - INFO - MainThread - server_logic - --> [Peer Send] Sending 78 vectors to Peer node14 (localhost:9014) | Status: clustered
2025-11-18 17:23:52,967 - INFO - MainThread - server_logic - --> [Peer Send] Success: Sent vectors to node14
2025-11-18 17:23:52,967 - INFO - MainThread - server_logic - --> [Peer Send] Sending 78 vectors to Peer node15 (localhost:9015) | Status: clustered
2025-11-18 17:23:53,042 - INFO - MainThread - server_logic - --> [Peer Send] Success: Sent vectors to node15
2025-11-18 17:23:53,042 - INFO - MainThread - server_logic - [Add Vectors] Processing 78 vectors. Sender Status: clustered. Current Node Status: clustered
2025-11-18 17:23:53,042 - INFO - MainThread - server_logic - [Add Vectors] Direct Insert: Storing 78 vectors in local Qdrant (Sender is clustered).
2025-11-18 17:23:53,094 - INFO - MainThread - httpx - HTTP Request: GET http://localhost:6363 "HTTP/1.1 200 OK"
2025-11-18 17:23:53,094 - INFO - MainThread - qdrant_module - [Qdrant] Attempting to insert 78 vectors into vectors on http://localhost:6363...
2025-11-18 17:23:53,104 - INFO - MainThread - qdrant_module - [Qdrant] Success: Inserted 78 vectors.
2025-11-18 17:23:53,105 - INFO - MainThread - __main__ - API: /add completed
2025-11-18 17:23:53,106 - INFO - MainThread - uvicorn.access - 127.0.0.1:52899 - "POST /add HTTP/1.1" 200
2025-11-18 17:23:54,181 - INFO - ThreadPoolExecutor-0_0 - grpc_handler - [GRPC IN] ReceiveVectors called. ReqID: 113, Type: clustered, Count: 67
2025-11-18 17:23:54,182 - INFO - ThreadPoolExecutor-0_0 - server_logic - [Add Vectors] Processing 67 vectors. Sender Status: clustered. Current Node Status: clustered
2025-11-18 17:23:54,182 - INFO - ThreadPoolExecutor-0_0 - server_logic - [Add Vectors] Direct Insert: Storing 67 vectors in local Qdrant (Sender is clustered).
2025-11-18 17:23:54,233 - INFO - ThreadPoolExecutor-0_0 - httpx - HTTP Request: GET http://localhost:6363 "HTTP/1.1 200 OK"
2025-11-18 17:23:54,233 - INFO - ThreadPoolExecutor-0_0 - qdrant_module - [Qdrant] Attempting to insert 67 vectors into vectors on http://localhost:6363...
2025-11-18 17:23:54,243 - INFO - ThreadPoolExecutor-0_0 - qdrant_module - [Qdrant] Success: Inserted 67 vectors.
2025-11-18 17:23:54,245 - INFO - ThreadPoolExecutor-0_0 - grpc_handler - [GRPC IN] ReceiveVectors processed successfully.
2025-11-18 17:23:55,392 - INFO - ThreadPoolExecutor-0_0 - grpc_handler - [GRPC IN] ReceiveVectors called. ReqID: 114, Type: clustered, Count: 64
2025-11-18 17:23:55,392 - INFO - ThreadPoolExecutor-0_0 - server_logic - [Add Vectors] Processing 64 vectors. Sender Status: clustered. Current Node Status: clustered
2025-11-18 17:23:55,392 - INFO - ThreadPoolExecutor-0_0 - server_logic - [Add Vectors] Direct Insert: Storing 64 vectors in local Qdrant (Sender is clustered).
2025-11-18 17:23:55,444 - INFO - ThreadPoolExecutor-0_0 - httpx - HTTP Request: GET http://localhost:6363 "HTTP/1.1 200 OK"
2025-11-18 17:23:55,444 - INFO - ThreadPoolExecutor-0_0 - qdrant_module - [Qdrant] Attempting to insert 64 vectors into vectors on http://localhost:6363...
2025-11-18 17:23:55,458 - INFO - ThreadPoolExecutor-0_0 - qdrant_module - [Qdrant] Success: Inserted 64 vectors.
2025-11-18 17:23:55,459 - INFO - ThreadPoolExecutor-0_0 - grpc_handler - [GRPC IN] ReceiveVectors processed successfully.
2025-11-18 17:23:56,592 - INFO - ThreadPoolExecutor-0_0 - grpc_handler - [GRPC IN] ReceiveVectors called. ReqID: 115, Type: clustered, Count: 66
2025-11-18 17:23:56,593 - INFO - ThreadPoolExecutor-0_0 - server_logic - [Add Vectors] Processing 66 vectors. Sender Status: clustered. Current Node Status: clustered
2025-11-18 17:23:56,593 - INFO - ThreadPoolExecutor-0_0 - server_logic - [Add Vectors] Direct Insert: Storing 66 vectors in local Qdrant (Sender is clustered).
2025-11-18 17:23:56,645 - INFO - ThreadPoolExecutor-0_0 - httpx - HTTP Request: GET http://localhost:6363 "HTTP/1.1 200 OK"
2025-11-18 17:23:56,646 - INFO - ThreadPoolExecutor-0_0 - qdrant_module - [Qdrant] Attempting to insert 66 vectors into vectors on http://localhost:6363...
2025-11-18 17:23:56,657 - INFO - ThreadPoolExecutor-0_0 - qdrant_module - [Qdrant] Success: Inserted 66 vectors.
2025-11-18 17:23:56,658 - INFO - ThreadPoolExecutor-0_0 - grpc_handler - [GRPC IN] ReceiveVectors processed successfully.
2025-11-18 17:23:57,939 - INFO - ThreadPoolExecutor-0_0 - grpc_handler - [GRPC IN] ReceiveVectors called. ReqID: 116, Type: clustered, Count: 69
2025-11-18 17:23:57,941 - INFO - ThreadPoolExecutor-0_0 - server_logic - [Add Vectors] Processing 69 vectors. Sender Status: clustered. Current Node Status: clustered
2025-11-18 17:23:57,941 - INFO - ThreadPoolExecutor-0_0 - server_logic - [Add Vectors] Direct Insert: Storing 69 vectors in local Qdrant (Sender is clustered).
2025-11-18 17:23:57,992 - INFO - ThreadPoolExecutor-0_0 - httpx - HTTP Request: GET http://localhost:6363 "HTTP/1.1 200 OK"
2025-11-18 17:23:57,992 - INFO - ThreadPoolExecutor-0_0 - qdrant_module - [Qdrant] Attempting to insert 69 vectors into vectors on http://localhost:6363...
2025-11-18 17:23:58,008 - INFO - ThreadPoolExecutor-0_0 - qdrant_module - [Qdrant] Success: Inserted 69 vectors.
2025-11-18 17:23:58,009 - INFO - ThreadPoolExecutor-0_0 - grpc_handler - [GRPC IN] ReceiveVectors processed successfully.
2025-11-18 17:23:59,178 - INFO - ThreadPoolExecutor-0_0 - grpc_handler - [GRPC IN] ReceiveVectors called. ReqID: 117, Type: clustered, Count: 70
2025-11-18 17:23:59,179 - INFO - ThreadPoolExecutor-0_0 - server_logic - [Add Vectors] Processing 70 vectors. Sender Status: clustered. Current Node Status: clustered
2025-11-18 17:23:59,179 - INFO - ThreadPoolExecutor-0_0 - server_logic - [Add Vectors] Direct Insert: Storing 70 vectors in local Qdrant (Sender is clustered).
2025-11-18 17:23:59,230 - INFO - ThreadPoolExecutor-0_0 - httpx - HTTP Request: GET http://localhost:6363 "HTTP/1.1 200 OK"
2025-11-18 17:23:59,230 - INFO - ThreadPoolExecutor-0_0 - qdrant_module - [Qdrant] Attempting to insert 70 vectors into vectors on http://localhost:6363...
2025-11-18 17:23:59,240 - INFO - ThreadPoolExecutor-0_0 - qdrant_module - [Qdrant] Success: Inserted 70 vectors.
2025-11-18 17:23:59,241 - INFO - ThreadPoolExecutor-0_0 - grpc_handler - [GRPC IN] ReceiveVectors processed successfully.
2025-11-18 17:24:00,387 - INFO - ThreadPoolExecutor-0_0 - grpc_handler - [GRPC IN] ReceiveVectors called. ReqID: 118, Type: clustered, Count: 73
2025-11-18 17:24:00,388 - INFO - ThreadPoolExecutor-0_0 - server_logic - [Add Vectors] Processing 73 vectors. Sender Status: clustered. Current Node Status: clustered
2025-11-18 17:24:00,388 - INFO - ThreadPoolExecutor-0_0 - server_logic - [Add Vectors] Direct Insert: Storing 73 vectors in local Qdrant (Sender is clustered).
2025-11-18 17:24:00,440 - INFO - ThreadPoolExecutor-0_0 - httpx - HTTP Request: GET http://localhost:6363 "HTTP/1.1 200 OK"
2025-11-18 17:24:00,440 - INFO - ThreadPoolExecutor-0_0 - qdrant_module - [Qdrant] Attempting to insert 73 vectors into vectors on http://localhost:6363...
2025-11-18 17:24:00,453 - INFO - ThreadPoolExecutor-0_0 - qdrant_module - [Qdrant] Success: Inserted 73 vectors.
2025-11-18 17:24:00,454 - INFO - ThreadPoolExecutor-0_0 - grpc_handler - [GRPC IN] ReceiveVectors processed successfully.
2025-11-18 17:24:01,586 - INFO - ThreadPoolExecutor-0_0 - grpc_handler - [GRPC IN] ReceiveVectors called. ReqID: 119, Type: clustered, Count: 70
2025-11-18 17:24:01,587 - INFO - ThreadPoolExecutor-0_0 - server_logic - [Add Vectors] Processing 70 vectors. Sender Status: clustered. Current Node Status: clustered
2025-11-18 17:24:01,587 - INFO - ThreadPoolExecutor-0_0 - server_logic - [Add Vectors] Direct Insert: Storing 70 vectors in local Qdrant (Sender is clustered).
2025-11-18 17:24:01,641 - INFO - ThreadPoolExecutor-0_0 - httpx - HTTP Request: GET http://localhost:6363 "HTTP/1.1 200 OK"
2025-11-18 17:24:01,641 - INFO - ThreadPoolExecutor-0_0 - qdrant_module - [Qdrant] Attempting to insert 70 vectors into vectors on http://localhost:6363...
2025-11-18 17:24:01,653 - INFO - ThreadPoolExecutor-0_0 - qdrant_module - [Qdrant] Success: Inserted 70 vectors.
2025-11-18 17:24:01,655 - INFO - ThreadPoolExecutor-0_0 - grpc_handler - [GRPC IN] ReceiveVectors processed successfully.
2025-11-18 17:24:02,897 - INFO - ThreadPoolExecutor-0_0 - grpc_handler - [GRPC IN] ReceiveVectors called. ReqID: 120, Type: clustered, Count: 68
2025-11-18 17:24:02,898 - INFO - ThreadPoolExecutor-0_0 - server_logic - [Add Vectors] Processing 68 vectors. Sender Status: clustered. Current Node Status: clustered
2025-11-18 17:24:02,898 - INFO - ThreadPoolExecutor-0_0 - server_logic - [Add Vectors] Direct Insert: Storing 68 vectors in local Qdrant (Sender is clustered).
2025-11-18 17:24:02,951 - INFO - ThreadPoolExecutor-0_0 - httpx - HTTP Request: GET http://localhost:6363 "HTTP/1.1 200 OK"
2025-11-18 17:24:02,951 - INFO - ThreadPoolExecutor-0_0 - qdrant_module - [Qdrant] Attempting to insert 68 vectors into vectors on http://localhost:6363...
2025-11-18 17:24:02,962 - INFO - ThreadPoolExecutor-0_0 - qdrant_module - [Qdrant] Success: Inserted 68 vectors.
2025-11-18 17:24:02,964 - INFO - ThreadPoolExecutor-0_0 - grpc_handler - [GRPC IN] ReceiveVectors processed successfully.
2025-11-18 17:24:04,150 - INFO - ThreadPoolExecutor-0_0 - grpc_handler - [GRPC IN] ReceiveVectors called. ReqID: 121, Type: clustered, Count: 62
2025-11-18 17:24:04,151 - INFO - ThreadPoolExecutor-0_0 - server_logic - [Add Vectors] Processing 62 vectors. Sender Status: clustered. Current Node Status: clustered
2025-11-18 17:24:04,151 - INFO - ThreadPoolExecutor-0_0 - server_logic - [Add Vectors] Direct Insert: Storing 62 vectors in local Qdrant (Sender is clustered).
2025-11-18 17:24:04,202 - INFO - ThreadPoolExecutor-0_0 - httpx - HTTP Request: GET http://localhost:6363 "HTTP/1.1 200 OK"
2025-11-18 17:24:04,202 - INFO - ThreadPoolExecutor-0_0 - qdrant_module - [Qdrant] Attempting to insert 62 vectors into vectors on http://localhost:6363...
2025-11-18 17:24:04,212 - INFO - ThreadPoolExecutor-0_0 - qdrant_module - [Qdrant] Success: Inserted 62 vectors.
2025-11-18 17:24:04,214 - INFO - ThreadPoolExecutor-0_0 - grpc_handler - [GRPC IN] ReceiveVectors processed successfully.
2025-11-18 17:24:05,347 - INFO - ThreadPoolExecutor-0_0 - grpc_handler - [GRPC IN] ReceiveVectors called. ReqID: 122, Type: clustered, Count: 70
2025-11-18 17:24:05,348 - INFO - ThreadPoolExecutor-0_0 - server_logic - [Add Vectors] Processing 70 vectors. Sender Status: clustered. Current Node Status: clustered
2025-11-18 17:24:05,348 - INFO - ThreadPoolExecutor-0_0 - server_logic - [Add Vectors] Direct Insert: Storing 70 vectors in local Qdrant (Sender is clustered).
2025-11-18 17:24:05,461 - INFO - ThreadPoolExecutor-0_0 - httpx - HTTP Request: GET http://localhost:6363 "HTTP/1.1 200 OK"
2025-11-18 17:24:05,461 - INFO - ThreadPoolExecutor-0_0 - qdrant_module - [Qdrant] Attempting to insert 70 vectors into vectors on http://localhost:6363...
2025-11-18 17:24:05,475 - INFO - ThreadPoolExecutor-0_0 - qdrant_module - [Qdrant] Success: Inserted 70 vectors.
2025-11-18 17:24:05,476 - INFO - ThreadPoolExecutor-0_0 - grpc_handler - [GRPC IN] ReceiveVectors processed successfully.
2025-11-18 17:24:06,659 - INFO - ThreadPoolExecutor-0_0 - grpc_handler - [GRPC IN] ReceiveVectors called. ReqID: 123, Type: clustered, Count: 69
2025-11-18 17:24:06,659 - INFO - ThreadPoolExecutor-0_0 - server_logic - [Add Vectors] Processing 69 vectors. Sender Status: clustered. Current Node Status: clustered
2025-11-18 17:24:06,659 - INFO - ThreadPoolExecutor-0_0 - server_logic - [Add Vectors] Direct Insert: Storing 69 vectors in local Qdrant (Sender is clustered).
2025-11-18 17:24:06,710 - INFO - ThreadPoolExecutor-0_0 - httpx - HTTP Request: GET http://localhost:6363 "HTTP/1.1 200 OK"
2025-11-18 17:24:06,711 - INFO - ThreadPoolExecutor-0_0 - qdrant_module - [Qdrant] Attempting to insert 69 vectors into vectors on http://localhost:6363...
2025-11-18 17:24:06,723 - INFO - ThreadPoolExecutor-0_0 - qdrant_module - [Qdrant] Success: Inserted 69 vectors.
2025-11-18 17:24:06,724 - INFO - ThreadPoolExecutor-0_0 - grpc_handler - [GRPC IN] ReceiveVectors processed successfully.
2025-11-18 17:24:07,865 - INFO - ThreadPoolExecutor-0_0 - grpc_handler - [GRPC IN] ReceiveVectors called. ReqID: 124, Type: clustered, Count: 83
2025-11-18 17:24:07,867 - INFO - ThreadPoolExecutor-0_0 - server_logic - [Add Vectors] Processing 83 vectors. Sender Status: clustered. Current Node Status: clustered
2025-11-18 17:24:07,867 - INFO - ThreadPoolExecutor-0_0 - server_logic - [Add Vectors] Direct Insert: Storing 83 vectors in local Qdrant (Sender is clustered).
2025-11-18 17:24:07,917 - INFO - ThreadPoolExecutor-0_0 - httpx - HTTP Request: GET http://localhost:6363 "HTTP/1.1 200 OK"
2025-11-18 17:24:07,918 - INFO - ThreadPoolExecutor-0_0 - qdrant_module - [Qdrant] Attempting to insert 83 vectors into vectors on http://localhost:6363...
2025-11-18 17:24:07,929 - INFO - ThreadPoolExecutor-0_0 - qdrant_module - [Qdrant] Success: Inserted 83 vectors.
2025-11-18 17:24:07,931 - INFO - ThreadPoolExecutor-0_0 - grpc_handler - [GRPC IN] ReceiveVectors processed successfully.
2025-11-18 17:24:09,093 - INFO - ThreadPoolExecutor-0_0 - grpc_handler - [GRPC IN] ReceiveVectors called. ReqID: 125, Type: clustered, Count: 75
2025-11-18 17:24:09,094 - INFO - ThreadPoolExecutor-0_0 - server_logic - [Add Vectors] Processing 75 vectors. Sender Status: clustered. Current Node Status: clustered
2025-11-18 17:24:09,094 - INFO - ThreadPoolExecutor-0_0 - server_logic - [Add Vectors] Direct Insert: Storing 75 vectors in local Qdrant (Sender is clustered).
2025-11-18 17:24:09,146 - INFO - ThreadPoolExecutor-0_0 - httpx - HTTP Request: GET http://localhost:6363 "HTTP/1.1 200 OK"
2025-11-18 17:24:09,146 - INFO - ThreadPoolExecutor-0_0 - qdrant_module - [Qdrant] Attempting to insert 75 vectors into vectors on http://localhost:6363...
2025-11-18 17:24:09,161 - INFO - ThreadPoolExecutor-0_0 - qdrant_module - [Qdrant] Success: Inserted 75 vectors.
2025-11-18 17:24:09,162 - INFO - ThreadPoolExecutor-0_0 - grpc_handler - [GRPC IN] ReceiveVectors processed successfully.
2025-11-18 17:24:10,626 - INFO - ThreadPoolExecutor-0_0 - grpc_handler - [GRPC IN] ReceiveVectors called. ReqID: 126, Type: clustered, Count: 63
2025-11-18 17:24:10,627 - INFO - ThreadPoolExecutor-0_0 - server_logic - [Add Vectors] Processing 63 vectors. Sender Status: clustered. Current Node Status: clustered
2025-11-18 17:24:10,627 - INFO - ThreadPoolExecutor-0_0 - server_logic - [Add Vectors] Direct Insert: Storing 63 vectors in local Qdrant (Sender is clustered).
2025-11-18 17:24:10,681 - INFO - ThreadPoolExecutor-0_0 - httpx - HTTP Request: GET http://localhost:6363 "HTTP/1.1 200 OK"
2025-11-18 17:24:10,681 - INFO - ThreadPoolExecutor-0_0 - qdrant_module - [Qdrant] Attempting to insert 63 vectors into vectors on http://localhost:6363...
2025-11-18 17:24:10,694 - INFO - ThreadPoolExecutor-0_0 - qdrant_module - [Qdrant] Success: Inserted 63 vectors.
2025-11-18 17:24:10,696 - INFO - ThreadPoolExecutor-0_0 - grpc_handler - [GRPC IN] ReceiveVectors processed successfully.
2025-11-18 17:24:11,762 - INFO - ThreadPoolExecutor-0_0 - grpc_handler - [GRPC IN] ReceiveVectors called. ReqID: 127, Type: clustered, Count: 57
2025-11-18 17:24:11,763 - INFO - ThreadPoolExecutor-0_0 - server_logic - [Add Vectors] Processing 57 vectors. Sender Status: clustered. Current Node Status: clustered
2025-11-18 17:24:11,763 - INFO - ThreadPoolExecutor-0_0 - server_logic - [Add Vectors] Direct Insert: Storing 57 vectors in local Qdrant (Sender is clustered).
2025-11-18 17:24:11,792 - INFO - ThreadPoolExecutor-0_0 - httpx - HTTP Request: GET http://localhost:6363 "HTTP/1.1 200 OK"
2025-11-18 17:24:11,793 - INFO - ThreadPoolExecutor-0_0 - qdrant_module - [Qdrant] Attempting to insert 57 vectors into vectors on http://localhost:6363...
2025-11-18 17:24:11,798 - INFO - ThreadPoolExecutor-0_0 - qdrant_module - [Qdrant] Success: Inserted 57 vectors.
2025-11-18 17:24:11,798 - INFO - ThreadPoolExecutor-0_0 - grpc_handler - [GRPC IN] ReceiveVectors processed successfully.
2025-11-18 17:24:11,884 - INFO - MainThread - __main__ - API: /add called. ReqID: 128, Vectors: 256
2025-11-18 17:24:11,884 - INFO - MainThread - server_logic - [Client Request] Client wants to add 256 vectors. My Status: clustered
2025-11-18 17:24:11,884 - INFO - MainThread - server_logic - [Client Request] System Clustered. Routing vectors to appropriate peers.
2025-11-18 17:24:11,884 - INFO - MainThread - server_logic - [Router] Routing 256 vectors among 16 nodes (Replicas: 4).
2025-11-18 17:24:11,884 - INFO - MainThread - server_logic - [DEBUG] found replica for vector: 1
2025-11-18 17:24:11,884 - INFO - MainThread - server_logic - [DEBUG] found replica for vector: 2
2025-11-18 17:24:11,884 - INFO - MainThread - server_logic - [DEBUG] found replica for vector: 3
2025-11-18 17:24:11,884 - INFO - MainThread - server_logic - [DEBUG] found replica for vector: 4
2025-11-18 17:24:11,884 - INFO - MainThread - server_logic - [DEBUG] found replica for vector: 1
2025-11-18 17:24:11,884 - INFO - MainThread - server_logic - [DEBUG] found replica for vector: 2
2025-11-18 17:24:11,884 - INFO - MainThread - server_logic - [DEBUG] found replica for vector: 3
2025-11-18 17:24:11,884 - INFO - MainThread - server_logic - [DEBUG] found replica for vector: 4
2025-11-18 17:24:11,884 - INFO - MainThread - server_logic - [DEBUG] found replica for vector: 1
2025-11-18 17:24:11,884 - INFO - MainThread - server_logic - [DEBUG] found replica for vector: 2
2025-11-18 17:24:11,884 - INFO - MainThread - server_logic - [DEBUG] found replica for vector: 3
2025-11-18 17:24:11,884 - INFO - MainThread - server_logic - [DEBUG] found replica for vector: 4
2025-11-18 17:24:11,884 - INFO - MainThread - server_logic - [DEBUG] found replica for vector: 1
2025-11-18 17:24:11,884 - INFO - MainThread - server_logic - [DEBUG] found replica for vector: 2
2025-11-18 17:24:11,884 - INFO - MainThread - server_logic - [DEBUG] found replica for vector: 3
2025-11-18 17:24:11,884 - INFO - MainThread - server_logic - [DEBUG] found replica for vector: 4
2025-11-18 17:24:11,884 - INFO - MainThread - server_logic - [DEBUG] found replica for vector: 1
2025-11-18 17:24:11,884 - INFO - MainThread - server_logic - [DEBUG] found replica for vector: 2
2025-11-18 17:24:11,884 - INFO - MainThread - server_logic - [DEBUG] found replica for vector: 3
2025-11-18 17:24:11,884 - INFO - MainThread - server_logic - [DEBUG] to me replica for vector: 3
2025-11-18 17:24:11,884 - INFO - MainThread - server_logic - [DEBUG] found replica for vector: 1
2025-11-18 17:24:11,884 - INFO - MainThread - server_logic - [DEBUG] found replica for vector: 2
2025-11-18 17:24:11,884 - INFO - MainThread - server_logic - [DEBUG] found replica for vector: 3
2025-11-18 17:24:11,884 - INFO - MainThread - server_logic - [DEBUG] found replica for vector: 4
2025-11-18 17:24:11,884 - INFO - MainThread - server_logic - [DEBUG] found replica for vector: 1
2025-11-18 17:24:11,884 - INFO - MainThread - server_logic - [DEBUG] found replica for vector: 2
2025-11-18 17:24:11,884 - INFO - MainThread - server_logic - [DEBUG] found replica for vector: 3
2025-11-18 17:24:11,884 - INFO - MainThread - server_logic - [DEBUG] found replica for vector: 4
2025-11-18 17:24:11,884 - INFO - MainThread - server_logic - [DEBUG] found replica for vector: 1
2025-11-18 17:24:11,884 - INFO - MainThread - server_logic - [DEBUG] found replica for vector: 2
2025-11-18 17:24:11,884 - INFO - MainThread - server_logic - [DEBUG] found replica for vector: 3
2025-11-18 17:24:11,884 - INFO - MainThread - server_logic - [DEBUG] found replica for vector: 4
2025-11-18 17:24:11,884 - INFO - MainThread - server_logic - [DEBUG] found replica for vector: 1
2025-11-18 17:24:11,884 - INFO - MainThread - server_logic - [DEBUG] found replica for vector: 2
2025-11-18 17:24:11,884 - INFO - MainThread - server_logic - [DEBUG] found replica for vector: 3
2025-11-18 17:24:11,884 - INFO - MainThread - server_logic - [DEBUG] found replica for vector: 4
2025-11-18 17:24:11,884 - INFO - MainThread - server_logic - [DEBUG] found replica for vector: 1
2025-11-18 17:24:11,884 - INFO - MainThread - server_logic - [DEBUG] found replica for vector: 2
2025-11-18 17:24:11,884 - INFO - MainThread - server_logic - [DEBUG] found replica for vector: 3
2025-11-18 17:24:11,884 - INFO - MainThread - server_logic - [DEBUG] found replica for vector: 4
2025-11-18 17:24:11,884 - INFO - MainThread - server_logic - [DEBUG] found replica for vector: 1
2025-11-18 17:24:11,884 - INFO - MainThread - server_logic - [DEBUG] found replica for vector: 2
2025-11-18 17:24:11,884 - INFO - MainThread - server_logic - [DEBUG] found replica for vector: 3
2025-11-18 17:24:11,884 - INFO - MainThread - server_logic - [DEBUG] found replica for vector: 4
2025-11-18 17:24:11,884 - INFO - MainThread - server_logic - [DEBUG] found replica for vector: 1
2025-11-18 17:24:11,884 - INFO - MainThread - server_logic - [DEBUG] found replica for vector: 2
2025-11-18 17:24:11,884 - INFO - MainThread - server_logic - [DEBUG] found replica for vector: 3
2025-11-18 17:24:11,884 - INFO - MainThread - server_logic - [DEBUG] to me replica for vector: 3
2025-11-18 17:24:11,884 - INFO - MainThread - server_logic - [DEBUG] found replica for vector: 1
2025-11-18 17:24:11,884 - INFO - MainThread - server_logic - [DEBUG] found replica for vector: 2
2025-11-18 17:24:11,884 - INFO - MainThread - server_logic - [DEBUG] found replica for vector: 3
2025-11-18 17:24:11,884 - INFO - MainThread - server_logic - [DEBUG] found replica for vector: 4
2025-11-18 17:24:11,884 - INFO - MainThread - server_logic - [DEBUG] found replica for vector: 1
2025-11-18 17:24:11,884 - INFO - MainThread - server_logic - [DEBUG] found replica for vector: 2
2025-11-18 17:24:11,884 - INFO - MainThread - server_logic - [DEBUG] found replica for vector: 3
2025-11-18 17:24:11,884 - INFO - MainThread - server_logic - [DEBUG] found replica for vector: 4
2025-11-18 17:24:11,884 - INFO - MainThread - server_logic - [DEBUG] found replica for vector: 1
2025-11-18 17:24:11,884 - INFO - MainThread - server_logic - [DEBUG] found replica for vector: 2
2025-11-18 17:24:11,885 - INFO - MainThread - server_logic - [DEBUG] found replica for vector: 3
2025-11-18 17:24:11,885 - INFO - MainThread - server_logic - [DEBUG] found replica for vector: 4
2025-11-18 17:24:11,885 - INFO - MainThread - server_logic - [DEBUG] found replica for vector: 1
2025-11-18 17:24:11,885 - INFO - MainThread - server_logic - [DEBUG] found replica for vector: 2
2025-11-18 17:24:11,885 - INFO - MainThread - server_logic - [DEBUG] found replica for vector: 3
2025-11-18 17:24:11,885 - INFO - MainThread - server_logic - [DEBUG] to me replica for vector: 3
2025-11-18 17:24:11,885 - INFO - MainThread - server_logic - [DEBUG] found replica for vector: 1
2025-11-18 17:24:11,885 - INFO - MainThread - server_logic - [DEBUG] found replica for vector: 2
2025-11-18 17:24:11,885 - INFO - MainThread - server_logic - [DEBUG] found replica for vector: 3
2025-11-18 17:24:11,885 - INFO - MainThread - server_logic - [DEBUG] found replica for vector: 4
2025-11-18 17:24:11,885 - INFO - MainThread - server_logic - [DEBUG] found replica for vector: 1
2025-11-18 17:24:11,885 - INFO - MainThread - server_logic - [DEBUG] found replica for vector: 2
2025-11-18 17:24:11,885 - INFO - MainThread - server_logic - [DEBUG] found replica for vector: 3
2025-11-18 17:24:11,885 - INFO - MainThread - server_logic - [DEBUG] to me replica for vector: 3
2025-11-18 17:24:11,885 - INFO - MainThread - server_logic - [DEBUG] found replica for vector: 1
2025-11-18 17:24:11,885 - INFO - MainThread - server_logic - [DEBUG] found replica for vector: 2
2025-11-18 17:24:11,885 - INFO - MainThread - server_logic - [DEBUG] found replica for vector: 3
2025-11-18 17:24:11,885 - INFO - MainThread - server_logic - [DEBUG] found replica for vector: 4
2025-11-18 17:24:11,885 - INFO - MainThread - server_logic - [DEBUG] found replica for vector: 1
2025-11-18 17:24:11,885 - INFO - MainThread - server_logic - [DEBUG] found replica for vector: 2
2025-11-18 17:24:11,885 - INFO - MainThread - server_logic - [DEBUG] found replica for vector: 3
2025-11-18 17:24:11,885 - INFO - MainThread - server_logic - [DEBUG] to me replica for vector: 3
2025-11-18 17:24:11,885 - INFO - MainThread - server_logic - [DEBUG] found replica for vector: 1
2025-11-18 17:24:11,885 - INFO - MainThread - server_logic - [DEBUG] found replica for vector: 2
2025-11-18 17:24:11,885 - INFO - MainThread - server_logic - [DEBUG] found replica for vector: 3
2025-11-18 17:24:11,885 - INFO - MainThread - server_logic - [DEBUG] found replica for vector: 4
2025-11-18 17:24:11,885 - INFO - MainThread - server_logic - [DEBUG] found replica for vector: 1
2025-11-18 17:24:11,885 - INFO - MainThread - server_logic - [DEBUG] found replica for vector: 2
2025-11-18 17:24:11,885 - INFO - MainThread - server_logic - [DEBUG] found replica for vector: 3
2025-11-18 17:24:11,885 - INFO - MainThread - server_logic - [DEBUG] to me replica for vector: 3
2025-11-18 17:24:11,885 - INFO - MainThread - server_logic - [DEBUG] found replica for vector: 1
2025-11-18 17:24:11,885 - INFO - MainThread - server_logic - [DEBUG] found replica for vector: 2
2025-11-18 17:24:11,885 - INFO - MainThread - server_logic - [DEBUG] found replica for vector: 3
2025-11-18 17:24:11,885 - INFO - MainThread - server_logic - [DEBUG] found replica for vector: 4
2025-11-18 17:24:11,885 - INFO - MainThread - server_logic - [DEBUG] found replica for vector: 1
2025-11-18 17:24:11,885 - INFO - MainThread - server_logic - [DEBUG] found replica for vector: 2
2025-11-18 17:24:11,885 - INFO - MainThread - server_logic - [DEBUG] found replica for vector: 3
2025-11-18 17:24:11,885 - INFO - MainThread - server_logic - [DEBUG] found replica for vector: 4
2025-11-18 17:24:11,885 - INFO - MainThread - server_logic - [DEBUG] found replica for vector: 1
2025-11-18 17:24:11,885 - INFO - MainThread - server_logic - [DEBUG] found replica for vector: 2
2025-11-18 17:24:11,885 - INFO - MainThread - server_logic - [DEBUG] found replica for vector: 3
2025-11-18 17:24:11,885 - INFO - MainThread - server_logic - [DEBUG] found replica for vector: 4
2025-11-18 17:24:11,885 - INFO - MainThread - server_logic - [DEBUG] found replica for vector: 1
2025-11-18 17:24:11,885 - INFO - MainThread - server_logic - [DEBUG] found replica for vector: 2
2025-11-18 17:24:11,885 - INFO - MainThread - server_logic - [DEBUG] found replica for vector: 3
2025-11-18 17:24:11,885 - INFO - MainThread - server_logic - [DEBUG] to me replica for vector: 3
2025-11-18 17:24:11,885 - INFO - MainThread - server_logic - [DEBUG] found replica for vector: 1
2025-11-18 17:24:11,885 - INFO - MainThread - server_logic - [DEBUG] found replica for vector: 2
2025-11-18 17:24:11,885 - INFO - MainThread - server_logic - [DEBUG] found replica for vector: 3
2025-11-18 17:24:11,885 - INFO - MainThread - server_logic - [DEBUG] to me replica for vector: 3
2025-11-18 17:24:11,885 - INFO - MainThread - server_logic - [DEBUG] found replica for vector: 1
2025-11-18 17:24:11,885 - INFO - MainThread - server_logic - [DEBUG] found replica for vector: 2
2025-11-18 17:24:11,885 - INFO - MainThread - server_logic - [DEBUG] found replica for vector: 3
2025-11-18 17:24:11,885 - INFO - MainThread - server_logic - [DEBUG] to me replica for vector: 3
2025-11-18 17:24:11,885 - INFO - MainThread - server_logic - [DEBUG] found replica for vector: 1
2025-11-18 17:24:11,885 - INFO - MainThread - server_logic - [DEBUG] found replica for vector: 2
2025-11-18 17:24:11,885 - INFO - MainThread - server_logic - [DEBUG] found replica for vector: 3
2025-11-18 17:24:11,885 - INFO - MainThread - server_logic - [DEBUG] to me replica for vector: 3
2025-11-18 17:24:11,885 - INFO - MainThread - server_logic - [DEBUG] found replica for vector: 1
2025-11-18 17:24:11,885 - INFO - MainThread - server_logic - [DEBUG] found replica for vector: 2
2025-11-18 17:24:11,885 - INFO - MainThread - server_logic - [DEBUG] found replica for vector: 3
2025-11-18 17:24:11,885 - INFO - MainThread - server_logic - [DEBUG] to me replica for vector: 3
2025-11-18 17:24:11,885 - INFO - MainThread - server_logic - [DEBUG] found replica for vector: 1
2025-11-18 17:24:11,885 - INFO - MainThread - server_logic - [DEBUG] found replica for vector: 2
2025-11-18 17:24:11,885 - INFO - MainThread - server_logic - [DEBUG] found replica for vector: 3
2025-11-18 17:24:11,885 - INFO - MainThread - server_logic - [DEBUG] found replica for vector: 4
2025-11-18 17:24:11,885 - INFO - MainThread - server_logic - [DEBUG] found replica for vector: 1
2025-11-18 17:24:11,885 - INFO - MainThread - server_logic - [DEBUG] found replica for vector: 2
2025-11-18 17:24:11,885 - INFO - MainThread - server_logic - [DEBUG] found replica for vector: 3
2025-11-18 17:24:11,885 - INFO - MainThread - server_logic - [DEBUG] found replica for vector: 4
2025-11-18 17:24:11,885 - INFO - MainThread - server_logic - [DEBUG] found replica for vector: 1
2025-11-18 17:24:11,885 - INFO - MainThread - server_logic - [DEBUG] found replica for vector: 2
2025-11-18 17:24:11,885 - INFO - MainThread - server_logic - [DEBUG] found replica for vector: 3
2025-11-18 17:24:11,885 - INFO - MainThread - server_logic - [DEBUG] found replica for vector: 4
2025-11-18 17:24:11,885 - INFO - MainThread - server_logic - [DEBUG] found replica for vector: 1
2025-11-18 17:24:11,885 - INFO - MainThread - server_logic - [DEBUG] found replica for vector: 2
2025-11-18 17:24:11,885 - INFO - MainThread - server_logic - [DEBUG] found replica for vector: 3
2025-11-18 17:24:11,885 - INFO - MainThread - server_logic - [DEBUG] found replica for vector: 4
2025-11-18 17:24:11,885 - INFO - MainThread - server_logic - [DEBUG] found replica for vector: 1
2025-11-18 17:24:11,885 - INFO - MainThread - server_logic - [DEBUG] found replica for vector: 2
2025-11-18 17:24:11,885 - INFO - MainThread - server_logic - [DEBUG] found replica for vector: 3
2025-11-18 17:24:11,885 - INFO - MainThread - server_logic - [DEBUG] found replica for vector: 4
2025-11-18 17:24:11,885 - INFO - MainThread - server_logic - [DEBUG] found replica for vector: 1
2025-11-18 17:24:11,885 - INFO - MainThread - server_logic - [DEBUG] found replica for vector: 2
2025-11-18 17:24:11,885 - INFO - MainThread - server_logic - [DEBUG] found replica for vector: 3
2025-11-18 17:24:11,885 - INFO - MainThread - server_logic - [DEBUG] found replica for vector: 4
2025-11-18 17:24:11,885 - INFO - MainThread - server_logic - [DEBUG] found replica for vector: 1
2025-11-18 17:24:11,885 - INFO - MainThread - server_logic - [DEBUG] found replica for vector: 2
2025-11-18 17:24:11,885 - INFO - MainThread - server_logic - [DEBUG] found replica for vector: 3
2025-11-18 17:24:11,885 - INFO - MainThread - server_logic - [DEBUG] found replica for vector: 4
2025-11-18 17:24:11,885 - INFO - MainThread - server_logic - [DEBUG] found replica for vector: 1
2025-11-18 17:24:11,886 - INFO - MainThread - server_logic - [DEBUG] found replica for vector: 2
2025-11-18 17:24:11,886 - INFO - MainThread - server_logic - [DEBUG] found replica for vector: 3
2025-11-18 17:24:11,886 - INFO - MainThread - server_logic - [DEBUG] found replica for vector: 4
2025-11-18 17:24:11,886 - INFO - MainThread - server_logic - [DEBUG] found replica for vector: 1
2025-11-18 17:24:11,886 - INFO - MainThread - server_logic - [DEBUG] found replica for vector: 2
2025-11-18 17:24:11,886 - INFO - MainThread - server_logic - [DEBUG] found replica for vector: 3
2025-11-18 17:24:11,886 - INFO - MainThread - server_logic - [DEBUG] to me replica for vector: 3
2025-11-18 17:24:11,886 - INFO - MainThread - server_logic - [DEBUG] found replica for vector: 1
2025-11-18 17:24:11,886 - INFO - MainThread - server_logic - [DEBUG] found replica for vector: 2
2025-11-18 17:24:11,886 - INFO - MainThread - server_logic - [DEBUG] found replica for vector: 3
2025-11-18 17:24:11,886 - INFO - MainThread - server_logic - [DEBUG] found replica for vector: 4
2025-11-18 17:24:11,886 - INFO - MainThread - server_logic - [DEBUG] found replica for vector: 1
2025-11-18 17:24:11,886 - INFO - MainThread - server_logic - [DEBUG] found replica for vector: 2
2025-11-18 17:24:11,886 - INFO - MainThread - server_logic - [DEBUG] found replica for vector: 3
2025-11-18 17:24:11,886 - INFO - MainThread - server_logic - [DEBUG] found replica for vector: 4
2025-11-18 17:24:11,886 - INFO - MainThread - server_logic - [DEBUG] found replica for vector: 1
2025-11-18 17:24:11,886 - INFO - MainThread - server_logic - [DEBUG] found replica for vector: 2
2025-11-18 17:24:11,886 - INFO - MainThread - server_logic - [DEBUG] found replica for vector: 3
2025-11-18 17:24:11,886 - INFO - MainThread - server_logic - [DEBUG] to me replica for vector: 3
2025-11-18 17:24:11,886 - INFO - MainThread - server_logic - [DEBUG] found replica for vector: 1
2025-11-18 17:24:11,886 - INFO - MainThread - server_logic - [DEBUG] found replica for vector: 2
2025-11-18 17:24:11,886 - INFO - MainThread - server_logic - [DEBUG] found replica for vector: 3
2025-11-18 17:24:11,886 - INFO - MainThread - server_logic - [DEBUG] found replica for vector: 4
2025-11-18 17:24:11,886 - INFO - MainThread - server_logic - [DEBUG] found replica for vector: 1
2025-11-18 17:24:11,886 - INFO - MainThread - server_logic - [DEBUG] found replica for vector: 2
2025-11-18 17:24:11,886 - INFO - MainThread - server_logic - [DEBUG] found replica for vector: 3
2025-11-18 17:24:11,886 - INFO - MainThread - server_logic - [DEBUG] to me replica for vector: 3
2025-11-18 17:24:11,886 - INFO - MainThread - server_logic - [DEBUG] found replica for vector: 1
2025-11-18 17:24:11,886 - INFO - MainThread - server_logic - [DEBUG] found replica for vector: 2
2025-11-18 17:24:11,886 - INFO - MainThread - server_logic - [DEBUG] found replica for vector: 3
2025-11-18 17:24:11,886 - INFO - MainThread - server_logic - [DEBUG] found replica for vector: 4
2025-11-18 17:24:11,886 - INFO - MainThread - server_logic - [DEBUG] found replica for vector: 1
2025-11-18 17:24:11,886 - INFO - MainThread - server_logic - [DEBUG] found replica for vector: 2
2025-11-18 17:24:11,886 - INFO - MainThread - server_logic - [DEBUG] found replica for vector: 3
2025-11-18 17:24:11,886 - INFO - MainThread - server_logic - [DEBUG] to me replica for vector: 3
2025-11-18 17:24:11,886 - INFO - MainThread - server_logic - [DEBUG] found replica for vector: 1
2025-11-18 17:24:11,886 - INFO - MainThread - server_logic - [DEBUG] found replica for vector: 2
2025-11-18 17:24:11,886 - INFO - MainThread - server_logic - [DEBUG] found replica for vector: 3
2025-11-18 17:24:11,886 - INFO - MainThread - server_logic - [DEBUG] found replica for vector: 4
2025-11-18 17:24:11,886 - INFO - MainThread - server_logic - [DEBUG] found replica for vector: 1
2025-11-18 17:24:11,886 - INFO - MainThread - server_logic - [DEBUG] found replica for vector: 2
2025-11-18 17:24:11,886 - INFO - MainThread - server_logic - [DEBUG] found replica for vector: 3
2025-11-18 17:24:11,886 - INFO - MainThread - server_logic - [DEBUG] found replica for vector: 4
2025-11-18 17:24:11,886 - INFO - MainThread - server_logic - [DEBUG] found replica for vector: 1
2025-11-18 17:24:11,886 - INFO - MainThread - server_logic - [DEBUG] found replica for vector: 2
2025-11-18 17:24:11,886 - INFO - MainThread - server_logic - [DEBUG] found replica for vector: 3
2025-11-18 17:24:11,886 - INFO - MainThread - server_logic - [DEBUG] found replica for vector: 4
2025-11-18 17:24:11,886 - INFO - MainThread - server_logic - [DEBUG] found replica for vector: 1
2025-11-18 17:24:11,886 - INFO - MainThread - server_logic - [DEBUG] found replica for vector: 2
2025-11-18 17:24:11,886 - INFO - MainThread - server_logic - [DEBUG] found replica for vector: 3
2025-11-18 17:24:11,886 - INFO - MainThread - server_logic - [DEBUG] to me replica for vector: 3
2025-11-18 17:24:11,886 - INFO - MainThread - server_logic - [DEBUG] found replica for vector: 1
2025-11-18 17:24:11,886 - INFO - MainThread - server_logic - [DEBUG] found replica for vector: 2
2025-11-18 17:24:11,886 - INFO - MainThread - server_logic - [DEBUG] found replica for vector: 3
2025-11-18 17:24:11,886 - INFO - MainThread - server_logic - [DEBUG] to me replica for vector: 3
2025-11-18 17:24:11,886 - INFO - MainThread - server_logic - [DEBUG] found replica for vector: 1
2025-11-18 17:24:11,886 - INFO - MainThread - server_logic - [DEBUG] found replica for vector: 2
2025-11-18 17:24:11,886 - INFO - MainThread - server_logic - [DEBUG] found replica for vector: 3
2025-11-18 17:24:11,886 - INFO - MainThread - server_logic - [DEBUG] found replica for vector: 4
2025-11-18 17:24:11,886 - INFO - MainThread - server_logic - [DEBUG] found replica for vector: 1
2025-11-18 17:24:11,886 - INFO - MainThread - server_logic - [DEBUG] found replica for vector: 2
2025-11-18 17:24:11,886 - INFO - MainThread - server_logic - [DEBUG] found replica for vector: 3
2025-11-18 17:24:11,886 - INFO - MainThread - server_logic - [DEBUG] to me replica for vector: 3
2025-11-18 17:24:11,886 - INFO - MainThread - server_logic - [DEBUG] found replica for vector: 1
2025-11-18 17:24:11,886 - INFO - MainThread - server_logic - [DEBUG] found replica for vector: 2
2025-11-18 17:24:11,886 - INFO - MainThread - server_logic - [DEBUG] found replica for vector: 3
2025-11-18 17:24:11,886 - INFO - MainThread - server_logic - [DEBUG] found replica for vector: 4
2025-11-18 17:24:11,886 - INFO - MainThread - server_logic - [DEBUG] found replica for vector: 1
2025-11-18 17:24:11,886 - INFO - MainThread - server_logic - [DEBUG] found replica for vector: 2
2025-11-18 17:24:11,886 - INFO - MainThread - server_logic - [DEBUG] found replica for vector: 3
2025-11-18 17:24:11,886 - INFO - MainThread - server_logic - [DEBUG] found replica for vector: 4
2025-11-18 17:24:11,886 - INFO - MainThread - server_logic - [DEBUG] found replica for vector: 1
2025-11-18 17:24:11,886 - INFO - MainThread - server_logic - [DEBUG] found replica for vector: 2
2025-11-18 17:24:11,886 - INFO - MainThread - server_logic - [DEBUG] found replica for vector: 3
2025-11-18 17:24:11,886 - INFO - MainThread - server_logic - [DEBUG] found replica for vector: 4
2025-11-18 17:24:11,886 - INFO - MainThread - server_logic - [DEBUG] found replica for vector: 1
2025-11-18 17:24:11,886 - INFO - MainThread - server_logic - [DEBUG] found replica for vector: 2
2025-11-18 17:24:11,886 - INFO - MainThread - server_logic - [DEBUG] found replica for vector: 3
2025-11-18 17:24:11,886 - INFO - MainThread - server_logic - [DEBUG] found replica for vector: 4
2025-11-18 17:24:11,886 - INFO - MainThread - server_logic - [DEBUG] found replica for vector: 1
2025-11-18 17:24:11,886 - INFO - MainThread - server_logic - [DEBUG] found replica for vector: 2
2025-11-18 17:24:11,886 - INFO - MainThread - server_logic - [DEBUG] found replica for vector: 3
2025-11-18 17:24:11,886 - INFO - MainThread - server_logic - [DEBUG] found replica for vector: 4
2025-11-18 17:24:11,886 - INFO - MainThread - server_logic - [DEBUG] found replica for vector: 1
2025-11-18 17:24:11,886 - INFO - MainThread - server_logic - [DEBUG] found replica for vector: 2
2025-11-18 17:24:11,886 - INFO - MainThread - server_logic - [DEBUG] found replica for vector: 3
2025-11-18 17:24:11,886 - INFO - MainThread - server_logic - [DEBUG] to me replica for vector: 3
2025-11-18 17:24:11,886 - INFO - MainThread - server_logic - [DEBUG] found replica for vector: 1
2025-11-18 17:24:11,886 - INFO - MainThread - server_logic - [DEBUG] found replica for vector: 2
2025-11-18 17:24:11,886 - INFO - MainThread - server_logic - [DEBUG] found replica for vector: 3
2025-11-18 17:24:11,886 - INFO - MainThread - server_logic - [DEBUG] to me replica for vector: 3
2025-11-18 17:24:11,887 - INFO - MainThread - server_logic - [DEBUG] found replica for vector: 1
2025-11-18 17:24:11,887 - INFO - MainThread - server_logic - [DEBUG] found replica for vector: 2
2025-11-18 17:24:11,887 - INFO - MainThread - server_logic - [DEBUG] found replica for vector: 3
2025-11-18 17:24:11,887 - INFO - MainThread - server_logic - [DEBUG] found replica for vector: 4
2025-11-18 17:24:11,887 - INFO - MainThread - server_logic - [DEBUG] found replica for vector: 1
2025-11-18 17:24:11,887 - INFO - MainThread - server_logic - [DEBUG] found replica for vector: 2
2025-11-18 17:24:11,887 - INFO - MainThread - server_logic - [DEBUG] found replica for vector: 3
2025-11-18 17:24:11,887 - INFO - MainThread - server_logic - [DEBUG] found replica for vector: 4
2025-11-18 17:24:11,887 - INFO - MainThread - server_logic - [DEBUG] found replica for vector: 1
2025-11-18 17:24:11,887 - INFO - MainThread - server_logic - [DEBUG] found replica for vector: 2
2025-11-18 17:24:11,887 - INFO - MainThread - server_logic - [DEBUG] found replica for vector: 3
2025-11-18 17:24:11,887 - INFO - MainThread - server_logic - [DEBUG] to me replica for vector: 3
2025-11-18 17:24:11,887 - INFO - MainThread - server_logic - [DEBUG] found replica for vector: 1
2025-11-18 17:24:11,887 - INFO - MainThread - server_logic - [DEBUG] found replica for vector: 2
2025-11-18 17:24:11,887 - INFO - MainThread - server_logic - [DEBUG] found replica for vector: 3
2025-11-18 17:24:11,887 - INFO - MainThread - server_logic - [DEBUG] found replica for vector: 4
2025-11-18 17:24:11,887 - INFO - MainThread - server_logic - [DEBUG] found replica for vector: 1
2025-11-18 17:24:11,887 - INFO - MainThread - server_logic - [DEBUG] found replica for vector: 2
2025-11-18 17:24:11,887 - INFO - MainThread - server_logic - [DEBUG] found replica for vector: 3
2025-11-18 17:24:11,887 - INFO - MainThread - server_logic - [DEBUG] found replica for vector: 4
2025-11-18 17:24:11,887 - INFO - MainThread - server_logic - [DEBUG] found replica for vector: 1
2025-11-18 17:24:11,887 - INFO - MainThread - server_logic - [DEBUG] found replica for vector: 2
2025-11-18 17:24:11,887 - INFO - MainThread - server_logic - [DEBUG] found replica for vector: 3
2025-11-18 17:24:11,887 - INFO - MainThread - server_logic - [DEBUG] found replica for vector: 4
2025-11-18 17:24:11,887 - INFO - MainThread - server_logic - [DEBUG] found replica for vector: 1
2025-11-18 17:24:11,887 - INFO - MainThread - server_logic - [DEBUG] found replica for vector: 2
2025-11-18 17:24:11,887 - INFO - MainThread - server_logic - [DEBUG] found replica for vector: 3
2025-11-18 17:24:11,887 - INFO - MainThread - server_logic - [DEBUG] to me replica for vector: 3
2025-11-18 17:24:11,887 - INFO - MainThread - server_logic - [DEBUG] found replica for vector: 1
2025-11-18 17:24:11,887 - INFO - MainThread - server_logic - [DEBUG] found replica for vector: 2
2025-11-18 17:24:11,887 - INFO - MainThread - server_logic - [DEBUG] found replica for vector: 3
2025-11-18 17:24:11,887 - INFO - MainThread - server_logic - [DEBUG] found replica for vector: 4
2025-11-18 17:24:11,887 - INFO - MainThread - server_logic - [DEBUG] found replica for vector: 1
2025-11-18 17:24:11,887 - INFO - MainThread - server_logic - [DEBUG] found replica for vector: 2
2025-11-18 17:24:11,887 - INFO - MainThread - server_logic - [DEBUG] found replica for vector: 3
2025-11-18 17:24:11,887 - INFO - MainThread - server_logic - [DEBUG] to me replica for vector: 3
2025-11-18 17:24:11,887 - INFO - MainThread - server_logic - [DEBUG] found replica for vector: 1
2025-11-18 17:24:11,887 - INFO - MainThread - server_logic - [DEBUG] found replica for vector: 2
2025-11-18 17:24:11,887 - INFO - MainThread - server_logic - [DEBUG] found replica for vector: 3
2025-11-18 17:24:11,887 - INFO - MainThread - server_logic - [DEBUG] found replica for vector: 4
2025-11-18 17:24:11,887 - INFO - MainThread - server_logic - [DEBUG] found replica for vector: 1
2025-11-18 17:24:11,887 - INFO - MainThread - server_logic - [DEBUG] found replica for vector: 2
2025-11-18 17:24:11,887 - INFO - MainThread - server_logic - [DEBUG] found replica for vector: 3
2025-11-18 17:24:11,887 - INFO - MainThread - server_logic - [DEBUG] found replica for vector: 4
2025-11-18 17:24:11,887 - INFO - MainThread - server_logic - [DEBUG] found replica for vector: 1
2025-11-18 17:24:11,887 - INFO - MainThread - server_logic - [DEBUG] found replica for vector: 2
2025-11-18 17:24:11,887 - INFO - MainThread - server_logic - [DEBUG] found replica for vector: 3
2025-11-18 17:24:11,887 - INFO - MainThread - server_logic - [DEBUG] found replica for vector: 4
2025-11-18 17:24:11,887 - INFO - MainThread - server_logic - [DEBUG] found replica for vector: 1
2025-11-18 17:24:11,887 - INFO - MainThread - server_logic - [DEBUG] found replica for vector: 2
2025-11-18 17:24:11,887 - INFO - MainThread - server_logic - [DEBUG] found replica for vector: 3
2025-11-18 17:24:11,887 - INFO - MainThread - server_logic - [DEBUG] found replica for vector: 4
2025-11-18 17:24:11,887 - INFO - MainThread - server_logic - [DEBUG] found replica for vector: 1
2025-11-18 17:24:11,887 - INFO - MainThread - server_logic - [DEBUG] found replica for vector: 2
2025-11-18 17:24:11,887 - INFO - MainThread - server_logic - [DEBUG] found replica for vector: 3
2025-11-18 17:24:11,887 - INFO - MainThread - server_logic - [DEBUG] found replica for vector: 4
2025-11-18 17:24:11,887 - INFO - MainThread - server_logic - [DEBUG] found replica for vector: 1
2025-11-18 17:24:11,887 - INFO - MainThread - server_logic - [DEBUG] found replica for vector: 2
2025-11-18 17:24:11,887 - INFO - MainThread - server_logic - [DEBUG] found replica for vector: 3
2025-11-18 17:24:11,887 - INFO - MainThread - server_logic - [DEBUG] found replica for vector: 4
2025-11-18 17:24:11,887 - INFO - MainThread - server_logic - [DEBUG] found replica for vector: 1
2025-11-18 17:24:11,887 - INFO - MainThread - server_logic - [DEBUG] found replica for vector: 2
2025-11-18 17:24:11,887 - INFO - MainThread - server_logic - [DEBUG] found replica for vector: 3
2025-11-18 17:24:11,887 - INFO - MainThread - server_logic - [DEBUG] found replica for vector: 4
2025-11-18 17:24:11,887 - INFO - MainThread - server_logic - [DEBUG] found replica for vector: 1
2025-11-18 17:24:11,887 - INFO - MainThread - server_logic - [DEBUG] found replica for vector: 2
2025-11-18 17:24:11,887 - INFO - MainThread - server_logic - [DEBUG] found replica for vector: 3
2025-11-18 17:24:11,887 - INFO - MainThread - server_logic - [DEBUG] to me replica for vector: 3
2025-11-18 17:24:11,887 - INFO - MainThread - server_logic - [DEBUG] found replica for vector: 1
2025-11-18 17:24:11,887 - INFO - MainThread - server_logic - [DEBUG] found replica for vector: 2
2025-11-18 17:24:11,887 - INFO - MainThread - server_logic - [DEBUG] found replica for vector: 3
2025-11-18 17:24:11,887 - INFO - MainThread - server_logic - [DEBUG] found replica for vector: 4
2025-11-18 17:24:11,887 - INFO - MainThread - server_logic - [DEBUG] found replica for vector: 1
2025-11-18 17:24:11,887 - INFO - MainThread - server_logic - [DEBUG] found replica for vector: 2
2025-11-18 17:24:11,887 - INFO - MainThread - server_logic - [DEBUG] found replica for vector: 3
2025-11-18 17:24:11,887 - INFO - MainThread - server_logic - [DEBUG] found replica for vector: 4
2025-11-18 17:24:11,887 - INFO - MainThread - server_logic - [DEBUG] found replica for vector: 1
2025-11-18 17:24:11,887 - INFO - MainThread - server_logic - [DEBUG] found replica for vector: 2
2025-11-18 17:24:11,887 - INFO - MainThread - server_logic - [DEBUG] found replica for vector: 3
2025-11-18 17:24:11,887 - INFO - MainThread - server_logic - [DEBUG] found replica for vector: 4
2025-11-18 17:24:11,887 - INFO - MainThread - server_logic - [DEBUG] found replica for vector: 1
2025-11-18 17:24:11,887 - INFO - MainThread - server_logic - [DEBUG] found replica for vector: 2
2025-11-18 17:24:11,887 - INFO - MainThread - server_logic - [DEBUG] found replica for vector: 3
2025-11-18 17:24:11,887 - INFO - MainThread - server_logic - [DEBUG] found replica for vector: 4
2025-11-18 17:24:11,887 - INFO - MainThread - server_logic - [DEBUG] found replica for vector: 1
2025-11-18 17:24:11,887 - INFO - MainThread - server_logic - [DEBUG] found replica for vector: 2
2025-11-18 17:24:11,887 - INFO - MainThread - server_logic - [DEBUG] found replica for vector: 3
2025-11-18 17:24:11,887 - INFO - MainThread - server_logic - [DEBUG] found replica for vector: 4
2025-11-18 17:24:11,887 - INFO - MainThread - server_logic - [DEBUG] found replica for vector: 1
2025-11-18 17:24:11,887 - INFO - MainThread - server_logic - [DEBUG] found replica for vector: 2
2025-11-18 17:24:11,887 - INFO - MainThread - server_logic - [DEBUG] found replica for vector: 3
2025-11-18 17:24:11,887 - INFO - MainThread - server_logic - [DEBUG] found replica for vector: 4
2025-11-18 17:24:11,888 - INFO - MainThread - server_logic - [DEBUG] found replica for vector: 1
2025-11-18 17:24:11,888 - INFO - MainThread - server_logic - [DEBUG] found replica for vector: 2
2025-11-18 17:24:11,888 - INFO - MainThread - server_logic - [DEBUG] found replica for vector: 3
2025-11-18 17:24:11,888 - INFO - MainThread - server_logic - [DEBUG] found replica for vector: 4
2025-11-18 17:24:11,888 - INFO - MainThread - server_logic - [DEBUG] found replica for vector: 1
2025-11-18 17:24:11,888 - INFO - MainThread - server_logic - [DEBUG] found replica for vector: 2
2025-11-18 17:24:11,888 - INFO - MainThread - server_logic - [DEBUG] found replica for vector: 3
2025-11-18 17:24:11,888 - INFO - MainThread - server_logic - [DEBUG] found replica for vector: 4
2025-11-18 17:24:11,888 - INFO - MainThread - server_logic - [DEBUG] found replica for vector: 1
2025-11-18 17:24:11,888 - INFO - MainThread - server_logic - [DEBUG] found replica for vector: 2
2025-11-18 17:24:11,888 - INFO - MainThread - server_logic - [DEBUG] found replica for vector: 3
2025-11-18 17:24:11,888 - INFO - MainThread - server_logic - [DEBUG] found replica for vector: 4
2025-11-18 17:24:11,888 - INFO - MainThread - server_logic - [DEBUG] found replica for vector: 1
2025-11-18 17:24:11,888 - INFO - MainThread - server_logic - [DEBUG] found replica for vector: 2
2025-11-18 17:24:11,888 - INFO - MainThread - server_logic - [DEBUG] found replica for vector: 3
2025-11-18 17:24:11,888 - INFO - MainThread - server_logic - [DEBUG] found replica for vector: 4
2025-11-18 17:24:11,888 - INFO - MainThread - server_logic - [DEBUG] found replica for vector: 1
2025-11-18 17:24:11,888 - INFO - MainThread - server_logic - [DEBUG] found replica for vector: 2
2025-11-18 17:24:11,888 - INFO - MainThread - server_logic - [DEBUG] found replica for vector: 3
2025-11-18 17:24:11,888 - INFO - MainThread - server_logic - [DEBUG] found replica for vector: 4
2025-11-18 17:24:11,888 - INFO - MainThread - server_logic - [DEBUG] found replica for vector: 1
2025-11-18 17:24:11,888 - INFO - MainThread - server_logic - [DEBUG] found replica for vector: 2
2025-11-18 17:24:11,888 - INFO - MainThread - server_logic - [DEBUG] found replica for vector: 3
2025-11-18 17:24:11,888 - INFO - MainThread - server_logic - [DEBUG] found replica for vector: 4
2025-11-18 17:24:11,888 - INFO - MainThread - server_logic - [DEBUG] found replica for vector: 1
2025-11-18 17:24:11,888 - INFO - MainThread - server_logic - [DEBUG] found replica for vector: 2
2025-11-18 17:24:11,888 - INFO - MainThread - server_logic - [DEBUG] found replica for vector: 3
2025-11-18 17:24:11,888 - INFO - MainThread - server_logic - [DEBUG] found replica for vector: 4
2025-11-18 17:24:11,888 - INFO - MainThread - server_logic - [DEBUG] found replica for vector: 1
2025-11-18 17:24:11,888 - INFO - MainThread - server_logic - [DEBUG] found replica for vector: 2
2025-11-18 17:24:11,888 - INFO - MainThread - server_logic - [DEBUG] found replica for vector: 3
2025-11-18 17:24:11,888 - INFO - MainThread - server_logic - [DEBUG] found replica for vector: 4
2025-11-18 17:24:11,888 - INFO - MainThread - server_logic - [DEBUG] found replica for vector: 1
2025-11-18 17:24:11,888 - INFO - MainThread - server_logic - [DEBUG] found replica for vector: 2
2025-11-18 17:24:11,888 - INFO - MainThread - server_logic - [DEBUG] found replica for vector: 3
2025-11-18 17:24:11,888 - INFO - MainThread - server_logic - [DEBUG] found replica for vector: 4
2025-11-18 17:24:11,888 - INFO - MainThread - server_logic - [DEBUG] found replica for vector: 1
2025-11-18 17:24:11,888 - INFO - MainThread - server_logic - [DEBUG] found replica for vector: 2
2025-11-18 17:24:11,888 - INFO - MainThread - server_logic - [DEBUG] found replica for vector: 3
2025-11-18 17:24:11,888 - INFO - MainThread - server_logic - [DEBUG] found replica for vector: 4
2025-11-18 17:24:11,888 - INFO - MainThread - server_logic - [DEBUG] found replica for vector: 1
2025-11-18 17:24:11,888 - INFO - MainThread - server_logic - [DEBUG] found replica for vector: 2
2025-11-18 17:24:11,888 - INFO - MainThread - server_logic - [DEBUG] found replica for vector: 3
2025-11-18 17:24:11,888 - INFO - MainThread - server_logic - [DEBUG] to me replica for vector: 3
2025-11-18 17:24:11,888 - INFO - MainThread - server_logic - [DEBUG] found replica for vector: 1
2025-11-18 17:24:11,888 - INFO - MainThread - server_logic - [DEBUG] found replica for vector: 2
2025-11-18 17:24:11,888 - INFO - MainThread - server_logic - [DEBUG] found replica for vector: 3
2025-11-18 17:24:11,888 - INFO - MainThread - server_logic - [DEBUG] to me replica for vector: 3
2025-11-18 17:24:11,888 - INFO - MainThread - server_logic - [DEBUG] found replica for vector: 1
2025-11-18 17:24:11,888 - INFO - MainThread - server_logic - [DEBUG] found replica for vector: 2
2025-11-18 17:24:11,888 - INFO - MainThread - server_logic - [DEBUG] found replica for vector: 3
2025-11-18 17:24:11,888 - INFO - MainThread - server_logic - [DEBUG] found replica for vector: 4
2025-11-18 17:24:11,888 - INFO - MainThread - server_logic - [DEBUG] found replica for vector: 1
2025-11-18 17:24:11,888 - INFO - MainThread - server_logic - [DEBUG] found replica for vector: 2
2025-11-18 17:24:11,888 - INFO - MainThread - server_logic - [DEBUG] found replica for vector: 3
2025-11-18 17:24:11,888 - INFO - MainThread - server_logic - [DEBUG] found replica for vector: 4
2025-11-18 17:24:11,888 - INFO - MainThread - server_logic - [DEBUG] found replica for vector: 1
2025-11-18 17:24:11,888 - INFO - MainThread - server_logic - [DEBUG] found replica for vector: 2
2025-11-18 17:24:11,888 - INFO - MainThread - server_logic - [DEBUG] found replica for vector: 3
2025-11-18 17:24:11,888 - INFO - MainThread - server_logic - [DEBUG] found replica for vector: 4
2025-11-18 17:24:11,888 - INFO - MainThread - server_logic - [DEBUG] found replica for vector: 1
2025-11-18 17:24:11,888 - INFO - MainThread - server_logic - [DEBUG] found replica for vector: 2
2025-11-18 17:24:11,888 - INFO - MainThread - server_logic - [DEBUG] found replica for vector: 3
2025-11-18 17:24:11,888 - INFO - MainThread - server_logic - [DEBUG] found replica for vector: 4
2025-11-18 17:24:11,888 - INFO - MainThread - server_logic - [DEBUG] found replica for vector: 1
2025-11-18 17:24:11,888 - INFO - MainThread - server_logic - [DEBUG] found replica for vector: 2
2025-11-18 17:24:11,888 - INFO - MainThread - server_logic - [DEBUG] found replica for vector: 3
2025-11-18 17:24:11,888 - INFO - MainThread - server_logic - [DEBUG] found replica for vector: 4
2025-11-18 17:24:11,888 - INFO - MainThread - server_logic - [DEBUG] found replica for vector: 1
2025-11-18 17:24:11,888 - INFO - MainThread - server_logic - [DEBUG] found replica for vector: 2
2025-11-18 17:24:11,888 - INFO - MainThread - server_logic - [DEBUG] found replica for vector: 3
2025-11-18 17:24:11,888 - INFO - MainThread - server_logic - [DEBUG] found replica for vector: 4
2025-11-18 17:24:11,888 - INFO - MainThread - server_logic - [DEBUG] found replica for vector: 1
2025-11-18 17:24:11,888 - INFO - MainThread - server_logic - [DEBUG] found replica for vector: 2
2025-11-18 17:24:11,888 - INFO - MainThread - server_logic - [DEBUG] found replica for vector: 3
2025-11-18 17:24:11,888 - INFO - MainThread - server_logic - [DEBUG] to me replica for vector: 3
2025-11-18 17:24:11,888 - INFO - MainThread - server_logic - [DEBUG] found replica for vector: 1
2025-11-18 17:24:11,888 - INFO - MainThread - server_logic - [DEBUG] found replica for vector: 2
2025-11-18 17:24:11,888 - INFO - MainThread - server_logic - [DEBUG] found replica for vector: 3
2025-11-18 17:24:11,888 - INFO - MainThread - server_logic - [DEBUG] found replica for vector: 4
2025-11-18 17:24:11,888 - INFO - MainThread - server_logic - [DEBUG] found replica for vector: 1
2025-11-18 17:24:11,888 - INFO - MainThread - server_logic - [DEBUG] found replica for vector: 2
2025-11-18 17:24:11,888 - INFO - MainThread - server_logic - [DEBUG] found replica for vector: 3
2025-11-18 17:24:11,888 - INFO - MainThread - server_logic - [DEBUG] found replica for vector: 4
2025-11-18 17:24:11,888 - INFO - MainThread - server_logic - [DEBUG] found replica for vector: 1
2025-11-18 17:24:11,888 - INFO - MainThread - server_logic - [DEBUG] found replica for vector: 2
2025-11-18 17:24:11,888 - INFO - MainThread - server_logic - [DEBUG] found replica for vector: 3
2025-11-18 17:24:11,888 - INFO - MainThread - server_logic - [DEBUG] found replica for vector: 4
2025-11-18 17:24:11,888 - INFO - MainThread - server_logic - [DEBUG] found replica for vector: 1
2025-11-18 17:24:11,888 - INFO - MainThread - server_logic - [DEBUG] found replica for vector: 2
2025-11-18 17:24:11,888 - INFO - MainThread - server_logic - [DEBUG] found replica for vector: 3
2025-11-18 17:24:11,888 - INFO - MainThread - server_logic - [DEBUG] found replica for vector: 4
2025-11-18 17:24:11,888 - INFO - MainThread - server_logic - [DEBUG] found replica for vector: 1
2025-11-18 17:24:11,888 - INFO - MainThread - server_logic - [DEBUG] found replica for vector: 2
2025-11-18 17:24:11,888 - INFO - MainThread - server_logic - [DEBUG] found replica for vector: 3
2025-11-18 17:24:11,888 - INFO - MainThread - server_logic - [DEBUG] to me replica for vector: 3
2025-11-18 17:24:11,888 - INFO - MainThread - server_logic - [DEBUG] found replica for vector: 1
2025-11-18 17:24:11,888 - INFO - MainThread - server_logic - [DEBUG] found replica for vector: 2
2025-11-18 17:24:11,888 - INFO - MainThread - server_logic - [DEBUG] found replica for vector: 3
2025-11-18 17:24:11,888 - INFO - MainThread - server_logic - [DEBUG] found replica for vector: 4
2025-11-18 17:24:11,888 - INFO - MainThread - server_logic - [DEBUG] found replica for vector: 1
2025-11-18 17:24:11,889 - INFO - MainThread - server_logic - [DEBUG] found replica for vector: 2
2025-11-18 17:24:11,889 - INFO - MainThread - server_logic - [DEBUG] found replica for vector: 3
2025-11-18 17:24:11,889 - INFO - MainThread - server_logic - [DEBUG] to me replica for vector: 3
2025-11-18 17:24:11,889 - INFO - MainThread - server_logic - [DEBUG] found replica for vector: 1
2025-11-18 17:24:11,889 - INFO - MainThread - server_logic - [DEBUG] found replica for vector: 2
2025-11-18 17:24:11,889 - INFO - MainThread - server_logic - [DEBUG] found replica for vector: 3
2025-11-18 17:24:11,889 - INFO - MainThread - server_logic - [DEBUG] found replica for vector: 4
2025-11-18 17:24:11,889 - INFO - MainThread - server_logic - [DEBUG] found replica for vector: 1
2025-11-18 17:24:11,889 - INFO - MainThread - server_logic - [DEBUG] found replica for vector: 2
2025-11-18 17:24:11,889 - INFO - MainThread - server_logic - [DEBUG] found replica for vector: 3
2025-11-18 17:24:11,889 - INFO - MainThread - server_logic - [DEBUG] found replica for vector: 4
2025-11-18 17:24:11,889 - INFO - MainThread - server_logic - [DEBUG] found replica for vector: 1
2025-11-18 17:24:11,889 - INFO - MainThread - server_logic - [DEBUG] found replica for vector: 2
2025-11-18 17:24:11,889 - INFO - MainThread - server_logic - [DEBUG] found replica for vector: 3
2025-11-18 17:24:11,889 - INFO - MainThread - server_logic - [DEBUG] found replica for vector: 4
2025-11-18 17:24:11,889 - INFO - MainThread - server_logic - [DEBUG] found replica for vector: 1
2025-11-18 17:24:11,889 - INFO - MainThread - server_logic - [DEBUG] found replica for vector: 2
2025-11-18 17:24:11,889 - INFO - MainThread - server_logic - [DEBUG] found replica for vector: 3
2025-11-18 17:24:11,889 - INFO - MainThread - server_logic - [DEBUG] found replica for vector: 4
2025-11-18 17:24:11,889 - INFO - MainThread - server_logic - [DEBUG] found replica for vector: 1
2025-11-18 17:24:11,889 - INFO - MainThread - server_logic - [DEBUG] found replica for vector: 2
2025-11-18 17:24:11,889 - INFO - MainThread - server_logic - [DEBUG] found replica for vector: 3
2025-11-18 17:24:11,889 - INFO - MainThread - server_logic - [DEBUG] found replica for vector: 4
2025-11-18 17:24:11,889 - INFO - MainThread - server_logic - [DEBUG] found replica for vector: 1
2025-11-18 17:24:11,889 - INFO - MainThread - server_logic - [DEBUG] found replica for vector: 2
2025-11-18 17:24:11,889 - INFO - MainThread - server_logic - [DEBUG] found replica for vector: 3
2025-11-18 17:24:11,889 - INFO - MainThread - server_logic - [DEBUG] found replica for vector: 4
2025-11-18 17:24:11,889 - INFO - MainThread - server_logic - [DEBUG] found replica for vector: 1
2025-11-18 17:24:11,889 - INFO - MainThread - server_logic - [DEBUG] found replica for vector: 2
2025-11-18 17:24:11,889 - INFO - MainThread - server_logic - [DEBUG] found replica for vector: 3
2025-11-18 17:24:11,889 - INFO - MainThread - server_logic - [DEBUG] to me replica for vector: 3
2025-11-18 17:24:11,889 - INFO - MainThread - server_logic - [DEBUG] found replica for vector: 1
2025-11-18 17:24:11,889 - INFO - MainThread - server_logic - [DEBUG] found replica for vector: 2
2025-11-18 17:24:11,889 - INFO - MainThread - server_logic - [DEBUG] found replica for vector: 3
2025-11-18 17:24:11,889 - INFO - MainThread - server_logic - [DEBUG] found replica for vector: 4
2025-11-18 17:24:11,889 - INFO - MainThread - server_logic - [DEBUG] found replica for vector: 1
2025-11-18 17:24:11,889 - INFO - MainThread - server_logic - [DEBUG] found replica for vector: 2
2025-11-18 17:24:11,889 - INFO - MainThread - server_logic - [DEBUG] found replica for vector: 3
2025-11-18 17:24:11,889 - INFO - MainThread - server_logic - [DEBUG] found replica for vector: 4
2025-11-18 17:24:11,889 - INFO - MainThread - server_logic - [DEBUG] found replica for vector: 1
2025-11-18 17:24:11,889 - INFO - MainThread - server_logic - [DEBUG] found replica for vector: 2
2025-11-18 17:24:11,889 - INFO - MainThread - server_logic - [DEBUG] found replica for vector: 3
2025-11-18 17:24:11,889 - INFO - MainThread - server_logic - [DEBUG] found replica for vector: 4
2025-11-18 17:24:11,889 - INFO - MainThread - server_logic - [DEBUG] found replica for vector: 1
2025-11-18 17:24:11,889 - INFO - MainThread - server_logic - [DEBUG] found replica for vector: 2
2025-11-18 17:24:11,889 - INFO - MainThread - server_logic - [DEBUG] found replica for vector: 3
2025-11-18 17:24:11,889 - INFO - MainThread - server_logic - [DEBUG] found replica for vector: 4
2025-11-18 17:24:11,889 - INFO - MainThread - server_logic - [DEBUG] found replica for vector: 1
2025-11-18 17:24:11,889 - INFO - MainThread - server_logic - [DEBUG] found replica for vector: 2
2025-11-18 17:24:11,889 - INFO - MainThread - server_logic - [DEBUG] found replica for vector: 3
2025-11-18 17:24:11,889 - INFO - MainThread - server_logic - [DEBUG] found replica for vector: 4
2025-11-18 17:24:11,889 - INFO - MainThread - server_logic - [DEBUG] found replica for vector: 1
2025-11-18 17:24:11,889 - INFO - MainThread - server_logic - [DEBUG] found replica for vector: 2
2025-11-18 17:24:11,889 - INFO - MainThread - server_logic - [DEBUG] found replica for vector: 3
2025-11-18 17:24:11,889 - INFO - MainThread - server_logic - [DEBUG] found replica for vector: 4
2025-11-18 17:24:11,889 - INFO - MainThread - server_logic - [DEBUG] found replica for vector: 1
2025-11-18 17:24:11,889 - INFO - MainThread - server_logic - [DEBUG] found replica for vector: 2
2025-11-18 17:24:11,889 - INFO - MainThread - server_logic - [DEBUG] found replica for vector: 3
2025-11-18 17:24:11,889 - INFO - MainThread - server_logic - [DEBUG] found replica for vector: 4
2025-11-18 17:24:11,889 - INFO - MainThread - server_logic - [DEBUG] found replica for vector: 1
2025-11-18 17:24:11,889 - INFO - MainThread - server_logic - [DEBUG] found replica for vector: 2
2025-11-18 17:24:11,889 - INFO - MainThread - server_logic - [DEBUG] found replica for vector: 3
2025-11-18 17:24:11,889 - INFO - MainThread - server_logic - [DEBUG] found replica for vector: 4
2025-11-18 17:24:11,889 - INFO - MainThread - server_logic - [DEBUG] found replica for vector: 1
2025-11-18 17:24:11,889 - INFO - MainThread - server_logic - [DEBUG] found replica for vector: 2
2025-11-18 17:24:11,889 - INFO - MainThread - server_logic - [DEBUG] found replica for vector: 3
2025-11-18 17:24:11,889 - INFO - MainThread - server_logic - [DEBUG] found replica for vector: 4
2025-11-18 17:24:11,889 - INFO - MainThread - server_logic - [DEBUG] found replica for vector: 1
2025-11-18 17:24:11,889 - INFO - MainThread - server_logic - [DEBUG] found replica for vector: 2
2025-11-18 17:24:11,889 - INFO - MainThread - server_logic - [DEBUG] found replica for vector: 3
2025-11-18 17:24:11,889 - INFO - MainThread - server_logic - [DEBUG] found replica for vector: 4
2025-11-18 17:24:11,889 - INFO - MainThread - server_logic - [DEBUG] found replica for vector: 1
2025-11-18 17:24:11,889 - INFO - MainThread - server_logic - [DEBUG] found replica for vector: 2
2025-11-18 17:24:11,889 - INFO - MainThread - server_logic - [DEBUG] found replica for vector: 3
2025-11-18 17:24:11,889 - INFO - MainThread - server_logic - [DEBUG] found replica for vector: 4
2025-11-18 17:24:11,889 - INFO - MainThread - server_logic - [DEBUG] found replica for vector: 1
2025-11-18 17:24:11,889 - INFO - MainThread - server_logic - [DEBUG] found replica for vector: 2
2025-11-18 17:24:11,889 - INFO - MainThread - server_logic - [DEBUG] found replica for vector: 3
2025-11-18 17:24:11,889 - INFO - MainThread - server_logic - [DEBUG] found replica for vector: 4
2025-11-18 17:24:11,889 - INFO - MainThread - server_logic - [DEBUG] found replica for vector: 1
2025-11-18 17:24:11,889 - INFO - MainThread - server_logic - [DEBUG] found replica for vector: 2
2025-11-18 17:24:11,889 - INFO - MainThread - server_logic - [DEBUG] found replica for vector: 3
2025-11-18 17:24:11,889 - INFO - MainThread - server_logic - [DEBUG] found replica for vector: 4
2025-11-18 17:24:11,889 - INFO - MainThread - server_logic - [DEBUG] found replica for vector: 1
2025-11-18 17:24:11,889 - INFO - MainThread - server_logic - [DEBUG] found replica for vector: 2
2025-11-18 17:24:11,889 - INFO - MainThread - server_logic - [DEBUG] found replica for vector: 3
2025-11-18 17:24:11,889 - INFO - MainThread - server_logic - [DEBUG] to me replica for vector: 3
2025-11-18 17:24:11,889 - INFO - MainThread - server_logic - [DEBUG] found replica for vector: 1
2025-11-18 17:24:11,889 - INFO - MainThread - server_logic - [DEBUG] found replica for vector: 2
2025-11-18 17:24:11,889 - INFO - MainThread - server_logic - [DEBUG] found replica for vector: 3
2025-11-18 17:24:11,889 - INFO - MainThread - server_logic - [DEBUG] found replica for vector: 4
2025-11-18 17:24:11,889 - INFO - MainThread - server_logic - [DEBUG] found replica for vector: 1
2025-11-18 17:24:11,889 - INFO - MainThread - server_logic - [DEBUG] found replica for vector: 2
2025-11-18 17:24:11,889 - INFO - MainThread - server_logic - [DEBUG] found replica for vector: 3
2025-11-18 17:24:11,889 - INFO - MainThread - server_logic - [DEBUG] to me replica for vector: 3
2025-11-18 17:24:11,889 - INFO - MainThread - server_logic - [DEBUG] found replica for vector: 1
2025-11-18 17:24:11,889 - INFO - MainThread - server_logic - [DEBUG] found replica for vector: 2
2025-11-18 17:24:11,889 - INFO - MainThread - server_logic - [DEBUG] found replica for vector: 3
2025-11-18 17:24:11,889 - INFO - MainThread - server_logic - [DEBUG] found replica for vector: 4
2025-11-18 17:24:11,889 - INFO - MainThread - server_logic - [DEBUG] found replica for vector: 1
2025-11-18 17:24:11,890 - INFO - MainThread - server_logic - [DEBUG] found replica for vector: 2
2025-11-18 17:24:11,890 - INFO - MainThread - server_logic - [DEBUG] found replica for vector: 3
2025-11-18 17:24:11,890 - INFO - MainThread - server_logic - [DEBUG] to me replica for vector: 3
2025-11-18 17:24:11,890 - INFO - MainThread - server_logic - [DEBUG] found replica for vector: 1
2025-11-18 17:24:11,890 - INFO - MainThread - server_logic - [DEBUG] found replica for vector: 2
2025-11-18 17:24:11,890 - INFO - MainThread - server_logic - [DEBUG] found replica for vector: 3
2025-11-18 17:24:11,890 - INFO - MainThread - server_logic - [DEBUG] found replica for vector: 4
2025-11-18 17:24:11,890 - INFO - MainThread - server_logic - [DEBUG] found replica for vector: 1
2025-11-18 17:24:11,890 - INFO - MainThread - server_logic - [DEBUG] found replica for vector: 2
2025-11-18 17:24:11,890 - INFO - MainThread - server_logic - [DEBUG] found replica for vector: 3
2025-11-18 17:24:11,890 - INFO - MainThread - server_logic - [DEBUG] found replica for vector: 4
2025-11-18 17:24:11,890 - INFO - MainThread - server_logic - [DEBUG] found replica for vector: 1
2025-11-18 17:24:11,890 - INFO - MainThread - server_logic - [DEBUG] found replica for vector: 2
2025-11-18 17:24:11,890 - INFO - MainThread - server_logic - [DEBUG] found replica for vector: 3
2025-11-18 17:24:11,890 - INFO - MainThread - server_logic - [DEBUG] found replica for vector: 4
2025-11-18 17:24:11,890 - INFO - MainThread - server_logic - [DEBUG] found replica for vector: 1
2025-11-18 17:24:11,890 - INFO - MainThread - server_logic - [DEBUG] found replica for vector: 2
2025-11-18 17:24:11,890 - INFO - MainThread - server_logic - [DEBUG] found replica for vector: 3
2025-11-18 17:24:11,890 - INFO - MainThread - server_logic - [DEBUG] found replica for vector: 4
2025-11-18 17:24:11,890 - INFO - MainThread - server_logic - [DEBUG] found replica for vector: 1
2025-11-18 17:24:11,890 - INFO - MainThread - server_logic - [DEBUG] found replica for vector: 2
2025-11-18 17:24:11,890 - INFO - MainThread - server_logic - [DEBUG] found replica for vector: 3
2025-11-18 17:24:11,890 - INFO - MainThread - server_logic - [DEBUG] found replica for vector: 4
2025-11-18 17:24:11,890 - INFO - MainThread - server_logic - [DEBUG] found replica for vector: 1
2025-11-18 17:24:11,890 - INFO - MainThread - server_logic - [DEBUG] found replica for vector: 2
2025-11-18 17:24:11,890 - INFO - MainThread - server_logic - [DEBUG] found replica for vector: 3
2025-11-18 17:24:11,890 - INFO - MainThread - server_logic - [DEBUG] found replica for vector: 4
2025-11-18 17:24:11,890 - INFO - MainThread - server_logic - [DEBUG] found replica for vector: 1
2025-11-18 17:24:11,890 - INFO - MainThread - server_logic - [DEBUG] found replica for vector: 2
2025-11-18 17:24:11,890 - INFO - MainThread - server_logic - [DEBUG] found replica for vector: 3
2025-11-18 17:24:11,890 - INFO - MainThread - server_logic - [DEBUG] found replica for vector: 4
2025-11-18 17:24:11,890 - INFO - MainThread - server_logic - [DEBUG] found replica for vector: 1
2025-11-18 17:24:11,890 - INFO - MainThread - server_logic - [DEBUG] found replica for vector: 2
2025-11-18 17:24:11,890 - INFO - MainThread - server_logic - [DEBUG] found replica for vector: 3
2025-11-18 17:24:11,890 - INFO - MainThread - server_logic - [DEBUG] found replica for vector: 4
2025-11-18 17:24:11,890 - INFO - MainThread - server_logic - [DEBUG] found replica for vector: 1
2025-11-18 17:24:11,890 - INFO - MainThread - server_logic - [DEBUG] found replica for vector: 2
2025-11-18 17:24:11,890 - INFO - MainThread - server_logic - [DEBUG] found replica for vector: 3
2025-11-18 17:24:11,890 - INFO - MainThread - server_logic - [DEBUG] found replica for vector: 4
2025-11-18 17:24:11,890 - INFO - MainThread - server_logic - [DEBUG] found replica for vector: 1
2025-11-18 17:24:11,890 - INFO - MainThread - server_logic - [DEBUG] found replica for vector: 2
2025-11-18 17:24:11,890 - INFO - MainThread - server_logic - [DEBUG] found replica for vector: 3
2025-11-18 17:24:11,890 - INFO - MainThread - server_logic - [DEBUG] found replica for vector: 4
2025-11-18 17:24:11,890 - INFO - MainThread - server_logic - [DEBUG] found replica for vector: 1
2025-11-18 17:24:11,890 - INFO - MainThread - server_logic - [DEBUG] found replica for vector: 2
2025-11-18 17:24:11,890 - INFO - MainThread - server_logic - [DEBUG] found replica for vector: 3
2025-11-18 17:24:11,890 - INFO - MainThread - server_logic - [DEBUG] found replica for vector: 4
2025-11-18 17:24:11,890 - INFO - MainThread - server_logic - [DEBUG] found replica for vector: 1
2025-11-18 17:24:11,890 - INFO - MainThread - server_logic - [DEBUG] found replica for vector: 2
2025-11-18 17:24:11,890 - INFO - MainThread - server_logic - [DEBUG] found replica for vector: 3
2025-11-18 17:24:11,890 - INFO - MainThread - server_logic - [DEBUG] found replica for vector: 4
2025-11-18 17:24:11,890 - INFO - MainThread - server_logic - [DEBUG] found replica for vector: 1
2025-11-18 17:24:11,890 - INFO - MainThread - server_logic - [DEBUG] found replica for vector: 2
2025-11-18 17:24:11,890 - INFO - MainThread - server_logic - [DEBUG] found replica for vector: 3
2025-11-18 17:24:11,890 - INFO - MainThread - server_logic - [DEBUG] found replica for vector: 4
2025-11-18 17:24:11,890 - INFO - MainThread - server_logic - [DEBUG] found replica for vector: 1
2025-11-18 17:24:11,890 - INFO - MainThread - server_logic - [DEBUG] found replica for vector: 2
2025-11-18 17:24:11,890 - INFO - MainThread - server_logic - [DEBUG] found replica for vector: 3
2025-11-18 17:24:11,890 - INFO - MainThread - server_logic - [DEBUG] found replica for vector: 4
2025-11-18 17:24:11,890 - INFO - MainThread - server_logic - [DEBUG] found replica for vector: 1
2025-11-18 17:24:11,890 - INFO - MainThread - server_logic - [DEBUG] found replica for vector: 2
2025-11-18 17:24:11,890 - INFO - MainThread - server_logic - [DEBUG] found replica for vector: 3
2025-11-18 17:24:11,890 - INFO - MainThread - server_logic - [DEBUG] found replica for vector: 4
2025-11-18 17:24:11,890 - INFO - MainThread - server_logic - [DEBUG] found replica for vector: 1
2025-11-18 17:24:11,890 - INFO - MainThread - server_logic - [DEBUG] found replica for vector: 2
2025-11-18 17:24:11,890 - INFO - MainThread - server_logic - [DEBUG] found replica for vector: 3
2025-11-18 17:24:11,890 - INFO - MainThread - server_logic - [DEBUG] found replica for vector: 4
2025-11-18 17:24:11,890 - INFO - MainThread - server_logic - [DEBUG] found replica for vector: 1
2025-11-18 17:24:11,890 - INFO - MainThread - server_logic - [DEBUG] found replica for vector: 2
2025-11-18 17:24:11,890 - INFO - MainThread - server_logic - [DEBUG] found replica for vector: 3
2025-11-18 17:24:11,890 - INFO - MainThread - server_logic - [DEBUG] found replica for vector: 4
2025-11-18 17:24:11,890 - INFO - MainThread - server_logic - [DEBUG] found replica for vector: 1
2025-11-18 17:24:11,890 - INFO - MainThread - server_logic - [DEBUG] found replica for vector: 2
2025-11-18 17:24:11,890 - INFO - MainThread - server_logic - [DEBUG] found replica for vector: 3
2025-11-18 17:24:11,890 - INFO - MainThread - server_logic - [DEBUG] found replica for vector: 4
2025-11-18 17:24:11,890 - INFO - MainThread - server_logic - [DEBUG] found replica for vector: 1
2025-11-18 17:24:11,890 - INFO - MainThread - server_logic - [DEBUG] found replica for vector: 2
2025-11-18 17:24:11,890 - INFO - MainThread - server_logic - [DEBUG] found replica for vector: 3
2025-11-18 17:24:11,890 - INFO - MainThread - server_logic - [DEBUG] found replica for vector: 4
2025-11-18 17:24:11,890 - INFO - MainThread - server_logic - [DEBUG] found replica for vector: 1
2025-11-18 17:24:11,890 - INFO - MainThread - server_logic - [DEBUG] found replica for vector: 2
2025-11-18 17:24:11,890 - INFO - MainThread - server_logic - [DEBUG] found replica for vector: 3
2025-11-18 17:24:11,890 - INFO - MainThread - server_logic - [DEBUG] found replica for vector: 4
2025-11-18 17:24:11,890 - INFO - MainThread - server_logic - [DEBUG] found replica for vector: 1
2025-11-18 17:24:11,890 - INFO - MainThread - server_logic - [DEBUG] found replica for vector: 2
2025-11-18 17:24:11,890 - INFO - MainThread - server_logic - [DEBUG] found replica for vector: 3
2025-11-18 17:24:11,890 - INFO - MainThread - server_logic - [DEBUG] to me replica for vector: 3
2025-11-18 17:24:11,890 - INFO - MainThread - server_logic - [DEBUG] found replica for vector: 1
2025-11-18 17:24:11,890 - INFO - MainThread - server_logic - [DEBUG] found replica for vector: 2
2025-11-18 17:24:11,890 - INFO - MainThread - server_logic - [DEBUG] found replica for vector: 3
2025-11-18 17:24:11,890 - INFO - MainThread - server_logic - [DEBUG] found replica for vector: 4
2025-11-18 17:24:11,890 - INFO - MainThread - server_logic - [DEBUG] found replica for vector: 1
2025-11-18 17:24:11,890 - INFO - MainThread - server_logic - [DEBUG] found replica for vector: 2
2025-11-18 17:24:11,890 - INFO - MainThread - server_logic - [DEBUG] found replica for vector: 3
2025-11-18 17:24:11,890 - INFO - MainThread - server_logic - [DEBUG] to me replica for vector: 3
2025-11-18 17:24:11,890 - INFO - MainThread - server_logic - [DEBUG] found replica for vector: 1
2025-11-18 17:24:11,890 - INFO - MainThread - server_logic - [DEBUG] found replica for vector: 2
2025-11-18 17:24:11,890 - INFO - MainThread - server_logic - [DEBUG] found replica for vector: 3
2025-11-18 17:24:11,890 - INFO - MainThread - server_logic - [DEBUG] found replica for vector: 4
2025-11-18 17:24:11,891 - INFO - MainThread - server_logic - [DEBUG] found replica for vector: 1
2025-11-18 17:24:11,891 - INFO - MainThread - server_logic - [DEBUG] found replica for vector: 2
2025-11-18 17:24:11,891 - INFO - MainThread - server_logic - [DEBUG] found replica for vector: 3
2025-11-18 17:24:11,891 - INFO - MainThread - server_logic - [DEBUG] found replica for vector: 4
2025-11-18 17:24:11,891 - INFO - MainThread - server_logic - [DEBUG] found replica for vector: 1
2025-11-18 17:24:11,891 - INFO - MainThread - server_logic - [DEBUG] found replica for vector: 2
2025-11-18 17:24:11,891 - INFO - MainThread - server_logic - [DEBUG] found replica for vector: 3
2025-11-18 17:24:11,891 - INFO - MainThread - server_logic - [DEBUG] to me replica for vector: 3
2025-11-18 17:24:11,891 - INFO - MainThread - server_logic - [DEBUG] found replica for vector: 1
2025-11-18 17:24:11,891 - INFO - MainThread - server_logic - [DEBUG] found replica for vector: 2
2025-11-18 17:24:11,891 - INFO - MainThread - server_logic - [DEBUG] found replica for vector: 3
2025-11-18 17:24:11,891 - INFO - MainThread - server_logic - [DEBUG] found replica for vector: 4
2025-11-18 17:24:11,891 - INFO - MainThread - server_logic - [DEBUG] found replica for vector: 1
2025-11-18 17:24:11,891 - INFO - MainThread - server_logic - [DEBUG] found replica for vector: 2
2025-11-18 17:24:11,891 - INFO - MainThread - server_logic - [DEBUG] found replica for vector: 3
2025-11-18 17:24:11,891 - INFO - MainThread - server_logic - [DEBUG] found replica for vector: 4
2025-11-18 17:24:11,891 - INFO - MainThread - server_logic - [DEBUG] found replica for vector: 1
2025-11-18 17:24:11,891 - INFO - MainThread - server_logic - [DEBUG] found replica for vector: 2
2025-11-18 17:24:11,891 - INFO - MainThread - server_logic - [DEBUG] found replica for vector: 3
2025-11-18 17:24:11,891 - INFO - MainThread - server_logic - [DEBUG] to me replica for vector: 3
2025-11-18 17:24:11,891 - INFO - MainThread - server_logic - [DEBUG] found replica for vector: 1
2025-11-18 17:24:11,891 - INFO - MainThread - server_logic - [DEBUG] found replica for vector: 2
2025-11-18 17:24:11,891 - INFO - MainThread - server_logic - [DEBUG] found replica for vector: 3
2025-11-18 17:24:11,891 - INFO - MainThread - server_logic - [DEBUG] found replica for vector: 4
2025-11-18 17:24:11,891 - INFO - MainThread - server_logic - [DEBUG] found replica for vector: 1
2025-11-18 17:24:11,891 - INFO - MainThread - server_logic - [DEBUG] found replica for vector: 2
2025-11-18 17:24:11,891 - INFO - MainThread - server_logic - [DEBUG] found replica for vector: 3
2025-11-18 17:24:11,891 - INFO - MainThread - server_logic - [DEBUG] found replica for vector: 4
2025-11-18 17:24:11,891 - INFO - MainThread - server_logic - [DEBUG] found replica for vector: 1
2025-11-18 17:24:11,891 - INFO - MainThread - server_logic - [DEBUG] found replica for vector: 2
2025-11-18 17:24:11,891 - INFO - MainThread - server_logic - [DEBUG] found replica for vector: 3
2025-11-18 17:24:11,891 - INFO - MainThread - server_logic - [DEBUG] found replica for vector: 4
2025-11-18 17:24:11,891 - INFO - MainThread - server_logic - [DEBUG] found replica for vector: 1
2025-11-18 17:24:11,891 - INFO - MainThread - server_logic - [DEBUG] found replica for vector: 2
2025-11-18 17:24:11,891 - INFO - MainThread - server_logic - [DEBUG] found replica for vector: 3
2025-11-18 17:24:11,891 - INFO - MainThread - server_logic - [DEBUG] found replica for vector: 4
2025-11-18 17:24:11,891 - INFO - MainThread - server_logic - [DEBUG] found replica for vector: 1
2025-11-18 17:24:11,891 - INFO - MainThread - server_logic - [DEBUG] found replica for vector: 2
2025-11-18 17:24:11,891 - INFO - MainThread - server_logic - [DEBUG] found replica for vector: 3
2025-11-18 17:24:11,891 - INFO - MainThread - server_logic - [DEBUG] found replica for vector: 4
2025-11-18 17:24:11,891 - INFO - MainThread - server_logic - [DEBUG] found replica for vector: 1
2025-11-18 17:24:11,891 - INFO - MainThread - server_logic - [DEBUG] found replica for vector: 2
2025-11-18 17:24:11,891 - INFO - MainThread - server_logic - [DEBUG] found replica for vector: 3
2025-11-18 17:24:11,891 - INFO - MainThread - server_logic - [DEBUG] to me replica for vector: 3
2025-11-18 17:24:11,891 - INFO - MainThread - server_logic - [DEBUG] found replica for vector: 1
2025-11-18 17:24:11,891 - INFO - MainThread - server_logic - [DEBUG] found replica for vector: 2
2025-11-18 17:24:11,891 - INFO - MainThread - server_logic - [DEBUG] found replica for vector: 3
2025-11-18 17:24:11,891 - INFO - MainThread - server_logic - [DEBUG] to me replica for vector: 3
2025-11-18 17:24:11,891 - INFO - MainThread - server_logic - [DEBUG] found replica for vector: 1
2025-11-18 17:24:11,891 - INFO - MainThread - server_logic - [DEBUG] found replica for vector: 2
2025-11-18 17:24:11,891 - INFO - MainThread - server_logic - [DEBUG] found replica for vector: 3
2025-11-18 17:24:11,891 - INFO - MainThread - server_logic - [DEBUG] found replica for vector: 4
2025-11-18 17:24:11,891 - INFO - MainThread - server_logic - [DEBUG] found replica for vector: 1
2025-11-18 17:24:11,891 - INFO - MainThread - server_logic - [DEBUG] found replica for vector: 2
2025-11-18 17:24:11,891 - INFO - MainThread - server_logic - [DEBUG] found replica for vector: 3
2025-11-18 17:24:11,891 - INFO - MainThread - server_logic - [DEBUG] found replica for vector: 4
2025-11-18 17:24:11,891 - INFO - MainThread - server_logic - [DEBUG] found replica for vector: 1
2025-11-18 17:24:11,891 - INFO - MainThread - server_logic - [DEBUG] found replica for vector: 2
2025-11-18 17:24:11,891 - INFO - MainThread - server_logic - [DEBUG] found replica for vector: 3
2025-11-18 17:24:11,891 - INFO - MainThread - server_logic - [DEBUG] to me replica for vector: 3
2025-11-18 17:24:11,891 - INFO - MainThread - server_logic - [DEBUG] found replica for vector: 1
2025-11-18 17:24:11,891 - INFO - MainThread - server_logic - [DEBUG] found replica for vector: 2
2025-11-18 17:24:11,891 - INFO - MainThread - server_logic - [DEBUG] found replica for vector: 3
2025-11-18 17:24:11,891 - INFO - MainThread - server_logic - [DEBUG] found replica for vector: 4
2025-11-18 17:24:11,891 - INFO - MainThread - server_logic - [DEBUG] found replica for vector: 1
2025-11-18 17:24:11,891 - INFO - MainThread - server_logic - [DEBUG] found replica for vector: 2
2025-11-18 17:24:11,891 - INFO - MainThread - server_logic - [DEBUG] found replica for vector: 3
2025-11-18 17:24:11,891 - INFO - MainThread - server_logic - [DEBUG] to me replica for vector: 3
2025-11-18 17:24:11,891 - INFO - MainThread - server_logic - [DEBUG] found replica for vector: 1
2025-11-18 17:24:11,891 - INFO - MainThread - server_logic - [DEBUG] found replica for vector: 2
2025-11-18 17:24:11,891 - INFO - MainThread - server_logic - [DEBUG] found replica for vector: 3
2025-11-18 17:24:11,891 - INFO - MainThread - server_logic - [DEBUG] found replica for vector: 4
2025-11-18 17:24:11,891 - INFO - MainThread - server_logic - [DEBUG] found replica for vector: 1
2025-11-18 17:24:11,891 - INFO - MainThread - server_logic - [DEBUG] found replica for vector: 2
2025-11-18 17:24:11,891 - INFO - MainThread - server_logic - [DEBUG] found replica for vector: 3
2025-11-18 17:24:11,891 - INFO - MainThread - server_logic - [DEBUG] found replica for vector: 4
2025-11-18 17:24:11,891 - INFO - MainThread - server_logic - [DEBUG] found replica for vector: 1
2025-11-18 17:24:11,891 - INFO - MainThread - server_logic - [DEBUG] found replica for vector: 2
2025-11-18 17:24:11,891 - INFO - MainThread - server_logic - [DEBUG] found replica for vector: 3
2025-11-18 17:24:11,891 - INFO - MainThread - server_logic - [DEBUG] found replica for vector: 4
2025-11-18 17:24:11,891 - INFO - MainThread - server_logic - [DEBUG] found replica for vector: 1
2025-11-18 17:24:11,891 - INFO - MainThread - server_logic - [DEBUG] found replica for vector: 2
2025-11-18 17:24:11,891 - INFO - MainThread - server_logic - [DEBUG] found replica for vector: 3
2025-11-18 17:24:11,891 - INFO - MainThread - server_logic - [DEBUG] found replica for vector: 4
2025-11-18 17:24:11,891 - INFO - MainThread - server_logic - [DEBUG] found replica for vector: 1
2025-11-18 17:24:11,891 - INFO - MainThread - server_logic - [DEBUG] found replica for vector: 2
2025-11-18 17:24:11,891 - INFO - MainThread - server_logic - [DEBUG] found replica for vector: 3
2025-11-18 17:24:11,891 - INFO - MainThread - server_logic - [DEBUG] found replica for vector: 4
2025-11-18 17:24:11,891 - INFO - MainThread - server_logic - [DEBUG] found replica for vector: 1
2025-11-18 17:24:11,891 - INFO - MainThread - server_logic - [DEBUG] found replica for vector: 2
2025-11-18 17:24:11,891 - INFO - MainThread - server_logic - [DEBUG] found replica for vector: 3
2025-11-18 17:24:11,891 - INFO - MainThread - server_logic - [DEBUG] to me replica for vector: 3
2025-11-18 17:24:11,891 - INFO - MainThread - server_logic - [DEBUG] found replica for vector: 1
2025-11-18 17:24:11,891 - INFO - MainThread - server_logic - [DEBUG] found replica for vector: 2
2025-11-18 17:24:11,891 - INFO - MainThread - server_logic - [DEBUG] found replica for vector: 3
2025-11-18 17:24:11,891 - INFO - MainThread - server_logic - [DEBUG] to me replica for vector: 3
2025-11-18 17:24:11,891 - INFO - MainThread - server_logic - [DEBUG] found replica for vector: 1
2025-11-18 17:24:11,891 - INFO - MainThread - server_logic - [DEBUG] found replica for vector: 2
2025-11-18 17:24:11,892 - INFO - MainThread - server_logic - [DEBUG] found replica for vector: 3
2025-11-18 17:24:11,892 - INFO - MainThread - server_logic - [DEBUG] found replica for vector: 4
2025-11-18 17:24:11,892 - INFO - MainThread - server_logic - [DEBUG] found replica for vector: 1
2025-11-18 17:24:11,892 - INFO - MainThread - server_logic - [DEBUG] found replica for vector: 2
2025-11-18 17:24:11,892 - INFO - MainThread - server_logic - [DEBUG] found replica for vector: 3
2025-11-18 17:24:11,892 - INFO - MainThread - server_logic - [DEBUG] found replica for vector: 4
2025-11-18 17:24:11,892 - INFO - MainThread - server_logic - [DEBUG] found replica for vector: 1
2025-11-18 17:24:11,892 - INFO - MainThread - server_logic - [DEBUG] found replica for vector: 2
2025-11-18 17:24:11,892 - INFO - MainThread - server_logic - [DEBUG] found replica for vector: 3
2025-11-18 17:24:11,892 - INFO - MainThread - server_logic - [DEBUG] found replica for vector: 4
2025-11-18 17:24:11,892 - INFO - MainThread - server_logic - [DEBUG] found replica for vector: 1
2025-11-18 17:24:11,892 - INFO - MainThread - server_logic - [DEBUG] found replica for vector: 2
2025-11-18 17:24:11,892 - INFO - MainThread - server_logic - [DEBUG] found replica for vector: 3
2025-11-18 17:24:11,892 - INFO - MainThread - server_logic - [DEBUG] found replica for vector: 4
2025-11-18 17:24:11,892 - INFO - MainThread - server_logic - [DEBUG] found replica for vector: 1
2025-11-18 17:24:11,892 - INFO - MainThread - server_logic - [DEBUG] found replica for vector: 2
2025-11-18 17:24:11,892 - INFO - MainThread - server_logic - [DEBUG] found replica for vector: 3
2025-11-18 17:24:11,892 - INFO - MainThread - server_logic - [DEBUG] found replica for vector: 4
2025-11-18 17:24:11,892 - INFO - MainThread - server_logic - [DEBUG] found replica for vector: 1
2025-11-18 17:24:11,892 - INFO - MainThread - server_logic - [DEBUG] found replica for vector: 2
2025-11-18 17:24:11,892 - INFO - MainThread - server_logic - [DEBUG] found replica for vector: 3
2025-11-18 17:24:11,892 - INFO - MainThread - server_logic - [DEBUG] to me replica for vector: 3
2025-11-18 17:24:11,892 - INFO - MainThread - server_logic - [DEBUG] found replica for vector: 1
2025-11-18 17:24:11,892 - INFO - MainThread - server_logic - [DEBUG] found replica for vector: 2
2025-11-18 17:24:11,892 - INFO - MainThread - server_logic - [DEBUG] found replica for vector: 3
2025-11-18 17:24:11,892 - INFO - MainThread - server_logic - [DEBUG] found replica for vector: 4
2025-11-18 17:24:11,892 - INFO - MainThread - server_logic - [DEBUG] found replica for vector: 1
2025-11-18 17:24:11,892 - INFO - MainThread - server_logic - [DEBUG] found replica for vector: 2
2025-11-18 17:24:11,892 - INFO - MainThread - server_logic - [DEBUG] found replica for vector: 3
2025-11-18 17:24:11,892 - INFO - MainThread - server_logic - [DEBUG] to me replica for vector: 3
2025-11-18 17:24:11,892 - INFO - MainThread - server_logic - [DEBUG] found replica for vector: 1
2025-11-18 17:24:11,892 - INFO - MainThread - server_logic - [DEBUG] found replica for vector: 2
2025-11-18 17:24:11,892 - INFO - MainThread - server_logic - [DEBUG] found replica for vector: 3
2025-11-18 17:24:11,892 - INFO - MainThread - server_logic - [DEBUG] to me replica for vector: 3
2025-11-18 17:24:11,892 - INFO - MainThread - server_logic - [DEBUG] found replica for vector: 1
2025-11-18 17:24:11,892 - INFO - MainThread - server_logic - [DEBUG] found replica for vector: 2
2025-11-18 17:24:11,892 - INFO - MainThread - server_logic - [DEBUG] found replica for vector: 3
2025-11-18 17:24:11,892 - INFO - MainThread - server_logic - [DEBUG] found replica for vector: 4
2025-11-18 17:24:11,892 - INFO - MainThread - server_logic - [DEBUG] found replica for vector: 1
2025-11-18 17:24:11,892 - INFO - MainThread - server_logic - [DEBUG] found replica for vector: 2
2025-11-18 17:24:11,892 - INFO - MainThread - server_logic - [DEBUG] found replica for vector: 3
2025-11-18 17:24:11,892 - INFO - MainThread - server_logic - [DEBUG] to me replica for vector: 3
2025-11-18 17:24:11,892 - INFO - MainThread - server_logic - [DEBUG] found replica for vector: 1
2025-11-18 17:24:11,892 - INFO - MainThread - server_logic - [DEBUG] found replica for vector: 2
2025-11-18 17:24:11,892 - INFO - MainThread - server_logic - [DEBUG] found replica for vector: 3
2025-11-18 17:24:11,892 - INFO - MainThread - server_logic - [DEBUG] found replica for vector: 4
2025-11-18 17:24:11,892 - INFO - MainThread - server_logic - [DEBUG] found replica for vector: 1
2025-11-18 17:24:11,892 - INFO - MainThread - server_logic - [DEBUG] found replica for vector: 2
2025-11-18 17:24:11,892 - INFO - MainThread - server_logic - [DEBUG] found replica for vector: 3
2025-11-18 17:24:11,892 - INFO - MainThread - server_logic - [DEBUG] found replica for vector: 4
2025-11-18 17:24:11,892 - INFO - MainThread - server_logic - [DEBUG] found replica for vector: 1
2025-11-18 17:24:11,892 - INFO - MainThread - server_logic - [DEBUG] found replica for vector: 2
2025-11-18 17:24:11,892 - INFO - MainThread - server_logic - [DEBUG] found replica for vector: 3
2025-11-18 17:24:11,892 - INFO - MainThread - server_logic - [DEBUG] found replica for vector: 4
2025-11-18 17:24:11,892 - INFO - MainThread - server_logic - [DEBUG] found replica for vector: 1
2025-11-18 17:24:11,892 - INFO - MainThread - server_logic - [DEBUG] found replica for vector: 2
2025-11-18 17:24:11,892 - INFO - MainThread - server_logic - [DEBUG] found replica for vector: 3
2025-11-18 17:24:11,892 - INFO - MainThread - server_logic - [DEBUG] found replica for vector: 4
2025-11-18 17:24:11,892 - INFO - MainThread - server_logic - [DEBUG] found replica for vector: 1
2025-11-18 17:24:11,892 - INFO - MainThread - server_logic - [DEBUG] found replica for vector: 2
2025-11-18 17:24:11,892 - INFO - MainThread - server_logic - [DEBUG] found replica for vector: 3
2025-11-18 17:24:11,892 - INFO - MainThread - server_logic - [DEBUG] to me replica for vector: 3
2025-11-18 17:24:11,892 - INFO - MainThread - server_logic - [DEBUG] found replica for vector: 1
2025-11-18 17:24:11,892 - INFO - MainThread - server_logic - [DEBUG] found replica for vector: 2
2025-11-18 17:24:11,892 - INFO - MainThread - server_logic - [DEBUG] found replica for vector: 3
2025-11-18 17:24:11,892 - INFO - MainThread - server_logic - [DEBUG] found replica for vector: 4
2025-11-18 17:24:11,892 - INFO - MainThread - server_logic - [DEBUG] found replica for vector: 1
2025-11-18 17:24:11,892 - INFO - MainThread - server_logic - [DEBUG] found replica for vector: 2
2025-11-18 17:24:11,892 - INFO - MainThread - server_logic - [DEBUG] found replica for vector: 3
2025-11-18 17:24:11,892 - INFO - MainThread - server_logic - [DEBUG] found replica for vector: 4
2025-11-18 17:24:11,892 - INFO - MainThread - server_logic - [DEBUG] found replica for vector: 1
2025-11-18 17:24:11,892 - INFO - MainThread - server_logic - [DEBUG] found replica for vector: 2
2025-11-18 17:24:11,892 - INFO - MainThread - server_logic - [DEBUG] found replica for vector: 3
2025-11-18 17:24:11,892 - INFO - MainThread - server_logic - [DEBUG] found replica for vector: 4
2025-11-18 17:24:11,892 - INFO - MainThread - server_logic - [DEBUG] found replica for vector: 1
2025-11-18 17:24:11,892 - INFO - MainThread - server_logic - [DEBUG] found replica for vector: 2
2025-11-18 17:24:11,892 - INFO - MainThread - server_logic - [DEBUG] found replica for vector: 3
2025-11-18 17:24:11,892 - INFO - MainThread - server_logic - [DEBUG] found replica for vector: 4
2025-11-18 17:24:11,892 - INFO - MainThread - server_logic - [DEBUG] found replica for vector: 1
2025-11-18 17:24:11,892 - INFO - MainThread - server_logic - [DEBUG] found replica for vector: 2
2025-11-18 17:24:11,892 - INFO - MainThread - server_logic - [DEBUG] found replica for vector: 3
2025-11-18 17:24:11,892 - INFO - MainThread - server_logic - [DEBUG] found replica for vector: 4
2025-11-18 17:24:11,892 - INFO - MainThread - server_logic - [DEBUG] found replica for vector: 1
2025-11-18 17:24:11,892 - INFO - MainThread - server_logic - [DEBUG] found replica for vector: 2
2025-11-18 17:24:11,892 - INFO - MainThread - server_logic - [DEBUG] found replica for vector: 3
2025-11-18 17:24:11,892 - INFO - MainThread - server_logic - [DEBUG] found replica for vector: 4
2025-11-18 17:24:11,892 - INFO - MainThread - server_logic - [DEBUG] found replica for vector: 1
2025-11-18 17:24:11,892 - INFO - MainThread - server_logic - [DEBUG] found replica for vector: 2
2025-11-18 17:24:11,892 - INFO - MainThread - server_logic - [DEBUG] found replica for vector: 3
2025-11-18 17:24:11,892 - INFO - MainThread - server_logic - [DEBUG] found replica for vector: 4
2025-11-18 17:24:11,892 - INFO - MainThread - server_logic - [DEBUG] found replica for vector: 1
2025-11-18 17:24:11,892 - INFO - MainThread - server_logic - [DEBUG] found replica for vector: 2
2025-11-18 17:24:11,892 - INFO - MainThread - server_logic - [DEBUG] found replica for vector: 3
2025-11-18 17:24:11,892 - INFO - MainThread - server_logic - [DEBUG] found replica for vector: 4
2025-11-18 17:24:11,892 - INFO - MainThread - server_logic - [DEBUG] found replica for vector: 1
2025-11-18 17:24:11,892 - INFO - MainThread - server_logic - [DEBUG] found replica for vector: 2
2025-11-18 17:24:11,892 - INFO - MainThread - server_logic - [DEBUG] found replica for vector: 3
2025-11-18 17:24:11,892 - INFO - MainThread - server_logic - [DEBUG] found replica for vector: 4
2025-11-18 17:24:11,893 - INFO - MainThread - server_logic - [DEBUG] found replica for vector: 1
2025-11-18 17:24:11,893 - INFO - MainThread - server_logic - [DEBUG] found replica for vector: 2
2025-11-18 17:24:11,893 - INFO - MainThread - server_logic - [DEBUG] found replica for vector: 3
2025-11-18 17:24:11,893 - INFO - MainThread - server_logic - [DEBUG] to me replica for vector: 3
2025-11-18 17:24:11,893 - INFO - MainThread - server_logic - [DEBUG] found replica for vector: 1
2025-11-18 17:24:11,893 - INFO - MainThread - server_logic - [DEBUG] found replica for vector: 2
2025-11-18 17:24:11,893 - INFO - MainThread - server_logic - [DEBUG] found replica for vector: 3
2025-11-18 17:24:11,893 - INFO - MainThread - server_logic - [DEBUG] found replica for vector: 4
2025-11-18 17:24:11,893 - INFO - MainThread - server_logic - [DEBUG] found replica for vector: 1
2025-11-18 17:24:11,893 - INFO - MainThread - server_logic - [DEBUG] found replica for vector: 2
2025-11-18 17:24:11,893 - INFO - MainThread - server_logic - [DEBUG] found replica for vector: 3
2025-11-18 17:24:11,893 - INFO - MainThread - server_logic - [DEBUG] found replica for vector: 4
2025-11-18 17:24:11,893 - INFO - MainThread - server_logic - [DEBUG] found replica for vector: 1
2025-11-18 17:24:11,893 - INFO - MainThread - server_logic - [DEBUG] found replica for vector: 2
2025-11-18 17:24:11,893 - INFO - MainThread - server_logic - [DEBUG] found replica for vector: 3
2025-11-18 17:24:11,893 - INFO - MainThread - server_logic - [DEBUG] to me replica for vector: 3
2025-11-18 17:24:11,893 - INFO - MainThread - server_logic - [DEBUG] found replica for vector: 1
2025-11-18 17:24:11,893 - INFO - MainThread - server_logic - [DEBUG] found replica for vector: 2
2025-11-18 17:24:11,893 - INFO - MainThread - server_logic - [DEBUG] found replica for vector: 3
2025-11-18 17:24:11,893 - INFO - MainThread - server_logic - [DEBUG] found replica for vector: 4
2025-11-18 17:24:11,893 - INFO - MainThread - server_logic - [DEBUG] found replica for vector: 1
2025-11-18 17:24:11,893 - INFO - MainThread - server_logic - [DEBUG] found replica for vector: 2
2025-11-18 17:24:11,893 - INFO - MainThread - server_logic - [DEBUG] found replica for vector: 3
2025-11-18 17:24:11,893 - INFO - MainThread - server_logic - [DEBUG] to me replica for vector: 3
2025-11-18 17:24:11,893 - INFO - MainThread - server_logic - [DEBUG] found replica for vector: 1
2025-11-18 17:24:11,893 - INFO - MainThread - server_logic - [DEBUG] found replica for vector: 2
2025-11-18 17:24:11,893 - INFO - MainThread - server_logic - [DEBUG] found replica for vector: 3
2025-11-18 17:24:11,893 - INFO - MainThread - server_logic - [DEBUG] found replica for vector: 4
2025-11-18 17:24:11,893 - INFO - MainThread - server_logic - [DEBUG] found replica for vector: 1
2025-11-18 17:24:11,893 - INFO - MainThread - server_logic - [DEBUG] found replica for vector: 2
2025-11-18 17:24:11,893 - INFO - MainThread - server_logic - [DEBUG] found replica for vector: 3
2025-11-18 17:24:11,893 - INFO - MainThread - server_logic - [DEBUG] found replica for vector: 4
2025-11-18 17:24:11,893 - INFO - MainThread - server_logic - [DEBUG] found replica for vector: 1
2025-11-18 17:24:11,893 - INFO - MainThread - server_logic - [DEBUG] found replica for vector: 2
2025-11-18 17:24:11,893 - INFO - MainThread - server_logic - [DEBUG] found replica for vector: 3
2025-11-18 17:24:11,893 - INFO - MainThread - server_logic - [DEBUG] to me replica for vector: 3
2025-11-18 17:24:11,893 - INFO - MainThread - server_logic - [DEBUG] found replica for vector: 1
2025-11-18 17:24:11,893 - INFO - MainThread - server_logic - [DEBUG] found replica for vector: 2
2025-11-18 17:24:11,893 - INFO - MainThread - server_logic - [DEBUG] found replica for vector: 3
2025-11-18 17:24:11,893 - INFO - MainThread - server_logic - [DEBUG] to me replica for vector: 3
2025-11-18 17:24:11,893 - INFO - MainThread - server_logic - [DEBUG] found replica for vector: 1
2025-11-18 17:24:11,893 - INFO - MainThread - server_logic - [DEBUG] found replica for vector: 2
2025-11-18 17:24:11,893 - INFO - MainThread - server_logic - [DEBUG] found replica for vector: 3
2025-11-18 17:24:11,893 - INFO - MainThread - server_logic - [DEBUG] found replica for vector: 4
2025-11-18 17:24:11,893 - INFO - MainThread - server_logic - [DEBUG] found replica for vector: 1
2025-11-18 17:24:11,893 - INFO - MainThread - server_logic - [DEBUG] found replica for vector: 2
2025-11-18 17:24:11,893 - INFO - MainThread - server_logic - [DEBUG] found replica for vector: 3
2025-11-18 17:24:11,893 - INFO - MainThread - server_logic - [DEBUG] to me replica for vector: 3
2025-11-18 17:24:11,893 - INFO - MainThread - server_logic - [DEBUG] found replica for vector: 1
2025-11-18 17:24:11,893 - INFO - MainThread - server_logic - [DEBUG] found replica for vector: 2
2025-11-18 17:24:11,893 - INFO - MainThread - server_logic - [DEBUG] found replica for vector: 3
2025-11-18 17:24:11,893 - INFO - MainThread - server_logic - [DEBUG] found replica for vector: 4
2025-11-18 17:24:11,893 - INFO - MainThread - server_logic - [DEBUG] found replica for vector: 1
2025-11-18 17:24:11,893 - INFO - MainThread - server_logic - [DEBUG] found replica for vector: 2
2025-11-18 17:24:11,893 - INFO - MainThread - server_logic - [DEBUG] found replica for vector: 3
2025-11-18 17:24:11,893 - INFO - MainThread - server_logic - [DEBUG] found replica for vector: 4
2025-11-18 17:24:11,893 - INFO - MainThread - server_logic - [DEBUG] found replica for vector: 1
2025-11-18 17:24:11,893 - INFO - MainThread - server_logic - [DEBUG] found replica for vector: 2
2025-11-18 17:24:11,893 - INFO - MainThread - server_logic - [DEBUG] found replica for vector: 3
2025-11-18 17:24:11,893 - INFO - MainThread - server_logic - [DEBUG] found replica for vector: 4
2025-11-18 17:24:11,893 - INFO - MainThread - server_logic - [DEBUG] found replica for vector: 1
2025-11-18 17:24:11,893 - INFO - MainThread - server_logic - [DEBUG] found replica for vector: 2
2025-11-18 17:24:11,893 - INFO - MainThread - server_logic - [DEBUG] found replica for vector: 3
2025-11-18 17:24:11,893 - INFO - MainThread - server_logic - [DEBUG] to me replica for vector: 3
2025-11-18 17:24:11,893 - INFO - MainThread - server_logic - [DEBUG] found replica for vector: 1
2025-11-18 17:24:11,893 - INFO - MainThread - server_logic - [DEBUG] found replica for vector: 2
2025-11-18 17:24:11,893 - INFO - MainThread - server_logic - [DEBUG] found replica for vector: 3
2025-11-18 17:24:11,893 - INFO - MainThread - server_logic - [DEBUG] found replica for vector: 4
2025-11-18 17:24:11,893 - INFO - MainThread - server_logic - [DEBUG] found replica for vector: 1
2025-11-18 17:24:11,893 - INFO - MainThread - server_logic - [DEBUG] found replica for vector: 2
2025-11-18 17:24:11,893 - INFO - MainThread - server_logic - [DEBUG] found replica for vector: 3
2025-11-18 17:24:11,893 - INFO - MainThread - server_logic - [DEBUG] found replica for vector: 4
2025-11-18 17:24:11,893 - INFO - MainThread - server_logic - [DEBUG] found replica for vector: 1
2025-11-18 17:24:11,893 - INFO - MainThread - server_logic - [DEBUG] found replica for vector: 2
2025-11-18 17:24:11,893 - INFO - MainThread - server_logic - [DEBUG] found replica for vector: 3
2025-11-18 17:24:11,893 - INFO - MainThread - server_logic - [DEBUG] found replica for vector: 4
2025-11-18 17:24:11,893 - INFO - MainThread - server_logic - [DEBUG] found replica for vector: 1
2025-11-18 17:24:11,893 - INFO - MainThread - server_logic - [DEBUG] found replica for vector: 2
2025-11-18 17:24:11,893 - INFO - MainThread - server_logic - [DEBUG] found replica for vector: 3
2025-11-18 17:24:11,893 - INFO - MainThread - server_logic - [DEBUG] to me replica for vector: 3
2025-11-18 17:24:11,893 - INFO - MainThread - server_logic - [DEBUG] found replica for vector: 1
2025-11-18 17:24:11,893 - INFO - MainThread - server_logic - [DEBUG] found replica for vector: 2
2025-11-18 17:24:11,893 - INFO - MainThread - server_logic - [DEBUG] found replica for vector: 3
2025-11-18 17:24:11,893 - INFO - MainThread - server_logic - [DEBUG] found replica for vector: 4
2025-11-18 17:24:11,893 - INFO - MainThread - server_logic - [DEBUG] found replica for vector: 1
2025-11-18 17:24:11,893 - INFO - MainThread - server_logic - [DEBUG] found replica for vector: 2
2025-11-18 17:24:11,893 - INFO - MainThread - server_logic - [DEBUG] found replica for vector: 3
2025-11-18 17:24:11,893 - INFO - MainThread - server_logic - [DEBUG] found replica for vector: 4
2025-11-18 17:24:11,893 - INFO - MainThread - server_logic - [DEBUG] found replica for vector: 1
2025-11-18 17:24:11,893 - INFO - MainThread - server_logic - [DEBUG] found replica for vector: 2
2025-11-18 17:24:11,893 - INFO - MainThread - server_logic - [DEBUG] found replica for vector: 3
2025-11-18 17:24:11,893 - INFO - MainThread - server_logic - [DEBUG] to me replica for vector: 3
2025-11-18 17:24:11,893 - INFO - MainThread - server_logic - [DEBUG] found replica for vector: 1
2025-11-18 17:24:11,893 - INFO - MainThread - server_logic - [DEBUG] found replica for vector: 2
2025-11-18 17:24:11,893 - INFO - MainThread - server_logic - [DEBUG] found replica for vector: 3
2025-11-18 17:24:11,893 - INFO - MainThread - server_logic - [DEBUG] to me replica for vector: 3
2025-11-18 17:24:11,893 - INFO - MainThread - server_logic - [DEBUG] found replica for vector: 1
2025-11-18 17:24:11,893 - INFO - MainThread - server_logic - [DEBUG] found replica for vector: 2
2025-11-18 17:24:11,893 - INFO - MainThread - server_logic - [DEBUG] found replica for vector: 3
2025-11-18 17:24:11,893 - INFO - MainThread - server_logic - [DEBUG] to me replica for vector: 3
2025-11-18 17:24:11,894 - INFO - MainThread - server_logic - [DEBUG] found replica for vector: 1
2025-11-18 17:24:11,894 - INFO - MainThread - server_logic - [DEBUG] found replica for vector: 2
2025-11-18 17:24:11,894 - INFO - MainThread - server_logic - [DEBUG] found replica for vector: 3
2025-11-18 17:24:11,894 - INFO - MainThread - server_logic - [DEBUG] found replica for vector: 4
2025-11-18 17:24:11,894 - INFO - MainThread - server_logic - [DEBUG] found replica for vector: 1
2025-11-18 17:24:11,894 - INFO - MainThread - server_logic - [DEBUG] found replica for vector: 2
2025-11-18 17:24:11,894 - INFO - MainThread - server_logic - [DEBUG] found replica for vector: 3
2025-11-18 17:24:11,894 - INFO - MainThread - server_logic - [DEBUG] found replica for vector: 4
2025-11-18 17:24:11,894 - INFO - MainThread - server_logic - [DEBUG] found replica for vector: 1
2025-11-18 17:24:11,894 - INFO - MainThread - server_logic - [DEBUG] found replica for vector: 2
2025-11-18 17:24:11,894 - INFO - MainThread - server_logic - [DEBUG] found replica for vector: 3
2025-11-18 17:24:11,894 - INFO - MainThread - server_logic - [DEBUG] found replica for vector: 4
2025-11-18 17:24:11,894 - INFO - MainThread - server_logic - [DEBUG] found replica for vector: 1
2025-11-18 17:24:11,894 - INFO - MainThread - server_logic - [DEBUG] found replica for vector: 2
2025-11-18 17:24:11,894 - INFO - MainThread - server_logic - [DEBUG] found replica for vector: 3
2025-11-18 17:24:11,894 - INFO - MainThread - server_logic - [DEBUG] to me replica for vector: 3
2025-11-18 17:24:11,894 - INFO - MainThread - server_logic - [DEBUG] found replica for vector: 1
2025-11-18 17:24:11,894 - INFO - MainThread - server_logic - [DEBUG] found replica for vector: 2
2025-11-18 17:24:11,894 - INFO - MainThread - server_logic - [DEBUG] found replica for vector: 3
2025-11-18 17:24:11,894 - INFO - MainThread - server_logic - [DEBUG] to me replica for vector: 3
2025-11-18 17:24:11,894 - INFO - MainThread - server_logic - [DEBUG] found replica for vector: 1
2025-11-18 17:24:11,894 - INFO - MainThread - server_logic - [DEBUG] found replica for vector: 2
2025-11-18 17:24:11,894 - INFO - MainThread - server_logic - [DEBUG] found replica for vector: 3
2025-11-18 17:24:11,894 - INFO - MainThread - server_logic - [DEBUG] found replica for vector: 4
2025-11-18 17:24:11,894 - INFO - MainThread - server_logic - [DEBUG] found replica for vector: 1
2025-11-18 17:24:11,894 - INFO - MainThread - server_logic - [DEBUG] found replica for vector: 2
2025-11-18 17:24:11,894 - INFO - MainThread - server_logic - [DEBUG] found replica for vector: 3
2025-11-18 17:24:11,894 - INFO - MainThread - server_logic - [DEBUG] found replica for vector: 4
2025-11-18 17:24:11,894 - INFO - MainThread - server_logic - [DEBUG] found replica for vector: 1
2025-11-18 17:24:11,894 - INFO - MainThread - server_logic - [DEBUG] found replica for vector: 2
2025-11-18 17:24:11,894 - INFO - MainThread - server_logic - [DEBUG] found replica for vector: 3
2025-11-18 17:24:11,894 - INFO - MainThread - server_logic - [DEBUG] to me replica for vector: 3
2025-11-18 17:24:11,894 - INFO - MainThread - server_logic - [DEBUG] found replica for vector: 1
2025-11-18 17:24:11,894 - INFO - MainThread - server_logic - [DEBUG] found replica for vector: 2
2025-11-18 17:24:11,894 - INFO - MainThread - server_logic - [DEBUG] found replica for vector: 3
2025-11-18 17:24:11,894 - INFO - MainThread - server_logic - [DEBUG] found replica for vector: 4
2025-11-18 17:24:11,894 - INFO - MainThread - server_logic - [DEBUG] found replica for vector: 1
2025-11-18 17:24:11,894 - INFO - MainThread - server_logic - [DEBUG] found replica for vector: 2
2025-11-18 17:24:11,894 - INFO - MainThread - server_logic - [DEBUG] found replica for vector: 3
2025-11-18 17:24:11,894 - INFO - MainThread - server_logic - [DEBUG] found replica for vector: 4
2025-11-18 17:24:11,894 - INFO - MainThread - server_logic - [DEBUG] found replica for vector: 1
2025-11-18 17:24:11,894 - INFO - MainThread - server_logic - [DEBUG] found replica for vector: 2
2025-11-18 17:24:11,894 - INFO - MainThread - server_logic - [DEBUG] found replica for vector: 3
2025-11-18 17:24:11,894 - INFO - MainThread - server_logic - [DEBUG] found replica for vector: 4
2025-11-18 17:24:11,894 - INFO - MainThread - server_logic - [DEBUG] found replica for vector: 1
2025-11-18 17:24:11,894 - INFO - MainThread - server_logic - [DEBUG] found replica for vector: 2
2025-11-18 17:24:11,894 - INFO - MainThread - server_logic - [DEBUG] found replica for vector: 3
2025-11-18 17:24:11,894 - INFO - MainThread - server_logic - [DEBUG] to me replica for vector: 3
2025-11-18 17:24:11,894 - INFO - MainThread - server_logic - [DEBUG] found replica for vector: 1
2025-11-18 17:24:11,894 - INFO - MainThread - server_logic - [DEBUG] found replica for vector: 2
2025-11-18 17:24:11,894 - INFO - MainThread - server_logic - [DEBUG] found replica for vector: 3
2025-11-18 17:24:11,894 - INFO - MainThread - server_logic - [DEBUG] found replica for vector: 4
2025-11-18 17:24:11,894 - INFO - MainThread - server_logic - [DEBUG] found replica for vector: 1
2025-11-18 17:24:11,894 - INFO - MainThread - server_logic - [DEBUG] found replica for vector: 2
2025-11-18 17:24:11,894 - INFO - MainThread - server_logic - [DEBUG] found replica for vector: 3
2025-11-18 17:24:11,894 - INFO - MainThread - server_logic - [DEBUG] to me replica for vector: 3
2025-11-18 17:24:11,894 - INFO - MainThread - server_logic - [DEBUG] found replica for vector: 1
2025-11-18 17:24:11,894 - INFO - MainThread - server_logic - [DEBUG] found replica for vector: 2
2025-11-18 17:24:11,894 - INFO - MainThread - server_logic - [DEBUG] found replica for vector: 3
2025-11-18 17:24:11,894 - INFO - MainThread - server_logic - [DEBUG] found replica for vector: 4
2025-11-18 17:24:11,894 - INFO - MainThread - server_logic - [DEBUG] found replica for vector: 1
2025-11-18 17:24:11,894 - INFO - MainThread - server_logic - [DEBUG] found replica for vector: 2
2025-11-18 17:24:11,894 - INFO - MainThread - server_logic - [DEBUG] found replica for vector: 3
2025-11-18 17:24:11,894 - INFO - MainThread - server_logic - [DEBUG] found replica for vector: 4
2025-11-18 17:24:11,894 - INFO - MainThread - server_logic - [DEBUG] found replica for vector: 1
2025-11-18 17:24:11,894 - INFO - MainThread - server_logic - [DEBUG] found replica for vector: 2
2025-11-18 17:24:11,894 - INFO - MainThread - server_logic - [DEBUG] found replica for vector: 3
2025-11-18 17:24:11,894 - INFO - MainThread - server_logic - [DEBUG] found replica for vector: 4
2025-11-18 17:24:11,894 - INFO - MainThread - server_logic - [DEBUG] found replica for vector: 1
2025-11-18 17:24:11,894 - INFO - MainThread - server_logic - [DEBUG] found replica for vector: 2
2025-11-18 17:24:11,894 - INFO - MainThread - server_logic - [DEBUG] found replica for vector: 3
2025-11-18 17:24:11,894 - INFO - MainThread - server_logic - [DEBUG] found replica for vector: 4
2025-11-18 17:24:11,894 - INFO - MainThread - server_logic - [DEBUG] found replica for vector: 1
2025-11-18 17:24:11,894 - INFO - MainThread - server_logic - [DEBUG] found replica for vector: 2
2025-11-18 17:24:11,894 - INFO - MainThread - server_logic - [DEBUG] found replica for vector: 3
2025-11-18 17:24:11,894 - INFO - MainThread - server_logic - [DEBUG] found replica for vector: 4
2025-11-18 17:24:11,894 - INFO - MainThread - server_logic - [DEBUG] found replica for vector: 1
2025-11-18 17:24:11,894 - INFO - MainThread - server_logic - [DEBUG] found replica for vector: 2
2025-11-18 17:24:11,894 - INFO - MainThread - server_logic - [DEBUG] found replica for vector: 3
2025-11-18 17:24:11,894 - INFO - MainThread - server_logic - [DEBUG] found replica for vector: 4
2025-11-18 17:24:11,894 - INFO - MainThread - server_logic - [DEBUG] found replica for vector: 1
2025-11-18 17:24:11,894 - INFO - MainThread - server_logic - [DEBUG] found replica for vector: 2
2025-11-18 17:24:11,894 - INFO - MainThread - server_logic - [DEBUG] found replica for vector: 3
2025-11-18 17:24:11,894 - INFO - MainThread - server_logic - [DEBUG] found replica for vector: 4
2025-11-18 17:24:11,894 - INFO - MainThread - server_logic - [DEBUG] found replica for vector: 1
2025-11-18 17:24:11,894 - INFO - MainThread - server_logic - [DEBUG] found replica for vector: 2
2025-11-18 17:24:11,894 - INFO - MainThread - server_logic - [DEBUG] found replica for vector: 3
2025-11-18 17:24:11,894 - INFO - MainThread - server_logic - [DEBUG] found replica for vector: 4
2025-11-18 17:24:11,894 - INFO - MainThread - server_logic - [DEBUG] found replica for vector: 1
2025-11-18 17:24:11,894 - INFO - MainThread - server_logic - [DEBUG] found replica for vector: 2
2025-11-18 17:24:11,894 - INFO - MainThread - server_logic - [DEBUG] found replica for vector: 3
2025-11-18 17:24:11,894 - INFO - MainThread - server_logic - [DEBUG] found replica for vector: 4
2025-11-18 17:24:11,894 - INFO - MainThread - server_logic - [DEBUG] found replica for vector: 1
2025-11-18 17:24:11,894 - INFO - MainThread - server_logic - [DEBUG] found replica for vector: 2
2025-11-18 17:24:11,894 - INFO - MainThread - server_logic - [DEBUG] found replica for vector: 3
2025-11-18 17:24:11,894 - INFO - MainThread - server_logic - [DEBUG] found replica for vector: 4
2025-11-18 17:24:11,894 - INFO - MainThread - server_logic - [Router] Distribution: Peer node1: 64, Peer node2: 64, Peer node3: 64, Peer node4: 64, Peer node5: 64, Peer node6: 55, Peer node7: 55, Peer node8: 55, Peer node9: 55, Peer node10: 73, Peer node11: 73, Peer node12: 73, Peer node13: 73, Peer node14: 64, Peer node15: 64, Me (node16): 64
2025-11-18 17:24:11,895 - INFO - MainThread - server_logic - --> [Peer Send] Sending 64 vectors to Peer node1 (localhost:9001) | Status: clustered
2025-11-18 17:24:11,940 - INFO - MainThread - server_logic - --> [Peer Send] Success: Sent vectors to node1
2025-11-18 17:24:11,940 - INFO - MainThread - server_logic - --> [Peer Send] Sending 64 vectors to Peer node2 (localhost:9002) | Status: clustered
2025-11-18 17:24:11,991 - INFO - MainThread - server_logic - --> [Peer Send] Success: Sent vectors to node2
2025-11-18 17:24:11,991 - INFO - MainThread - server_logic - --> [Peer Send] Sending 64 vectors to Peer node3 (localhost:9003) | Status: clustered
2025-11-18 17:24:12,033 - INFO - MainThread - server_logic - --> [Peer Send] Success: Sent vectors to node3
2025-11-18 17:24:12,033 - INFO - MainThread - server_logic - --> [Peer Send] Sending 64 vectors to Peer node4 (localhost:9004) | Status: clustered
2025-11-18 17:24:12,075 - INFO - MainThread - server_logic - --> [Peer Send] Success: Sent vectors to node4
2025-11-18 17:24:12,075 - INFO - MainThread - server_logic - --> [Peer Send] Sending 64 vectors to Peer node5 (localhost:9005) | Status: clustered
2025-11-18 17:24:12,121 - INFO - MainThread - server_logic - --> [Peer Send] Success: Sent vectors to node5
2025-11-18 17:24:12,121 - INFO - MainThread - server_logic - --> [Peer Send] Sending 55 vectors to Peer node6 (localhost:9006) | Status: clustered
2025-11-18 17:24:12,162 - INFO - MainThread - server_logic - --> [Peer Send] Success: Sent vectors to node6
2025-11-18 17:24:12,162 - INFO - MainThread - server_logic - --> [Peer Send] Sending 55 vectors to Peer node7 (localhost:9007) | Status: clustered
2025-11-18 17:24:12,207 - INFO - MainThread - server_logic - --> [Peer Send] Success: Sent vectors to node7
2025-11-18 17:24:12,207 - INFO - MainThread - server_logic - --> [Peer Send] Sending 55 vectors to Peer node8 (localhost:9008) | Status: clustered
2025-11-18 17:24:12,249 - INFO - MainThread - server_logic - --> [Peer Send] Success: Sent vectors to node8
2025-11-18 17:24:12,249 - INFO - MainThread - server_logic - --> [Peer Send] Sending 55 vectors to Peer node9 (localhost:9009) | Status: clustered
2025-11-18 17:24:12,292 - INFO - MainThread - server_logic - --> [Peer Send] Success: Sent vectors to node9
2025-11-18 17:24:12,292 - INFO - MainThread - server_logic - --> [Peer Send] Sending 73 vectors to Peer node10 (localhost:9010) | Status: clustered
2025-11-18 17:24:12,341 - INFO - MainThread - server_logic - --> [Peer Send] Success: Sent vectors to node10
2025-11-18 17:24:12,341 - INFO - MainThread - server_logic - --> [Peer Send] Sending 73 vectors to Peer node11 (localhost:9011) | Status: clustered
2025-11-18 17:24:12,387 - INFO - MainThread - server_logic - --> [Peer Send] Success: Sent vectors to node11
2025-11-18 17:24:12,387 - INFO - MainThread - server_logic - --> [Peer Send] Sending 73 vectors to Peer node12 (localhost:9012) | Status: clustered
2025-11-18 17:24:12,432 - INFO - MainThread - server_logic - --> [Peer Send] Success: Sent vectors to node12
2025-11-18 17:24:12,432 - INFO - MainThread - server_logic - --> [Peer Send] Sending 73 vectors to Peer node13 (localhost:9013) | Status: clustered
2025-11-18 17:24:12,485 - INFO - MainThread - server_logic - --> [Peer Send] Success: Sent vectors to node13
2025-11-18 17:24:12,485 - INFO - MainThread - server_logic - --> [Peer Send] Sending 64 vectors to Peer node14 (localhost:9014) | Status: clustered
2025-11-18 17:24:12,528 - INFO - MainThread - server_logic - --> [Peer Send] Success: Sent vectors to node14
2025-11-18 17:24:12,529 - INFO - MainThread - server_logic - --> [Peer Send] Sending 64 vectors to Peer node15 (localhost:9015) | Status: clustered
2025-11-18 17:24:12,576 - INFO - MainThread - server_logic - --> [Peer Send] Success: Sent vectors to node15
2025-11-18 17:24:12,576 - INFO - MainThread - server_logic - [Add Vectors] Processing 64 vectors. Sender Status: clustered. Current Node Status: clustered
2025-11-18 17:24:12,576 - INFO - MainThread - server_logic - [Add Vectors] Direct Insert: Storing 64 vectors in local Qdrant (Sender is clustered).
2025-11-18 17:24:12,613 - INFO - MainThread - httpx - HTTP Request: GET http://localhost:6363 "HTTP/1.1 200 OK"
2025-11-18 17:24:12,613 - INFO - MainThread - qdrant_module - [Qdrant] Attempting to insert 64 vectors into vectors on http://localhost:6363...
2025-11-18 17:24:12,623 - INFO - MainThread - qdrant_module - [Qdrant] Success: Inserted 64 vectors.
2025-11-18 17:24:12,624 - INFO - MainThread - __main__ - API: /add completed
2025-11-18 17:24:12,624 - INFO - MainThread - uvicorn.access - 127.0.0.1:53684 - "POST /add HTTP/1.1" 200
2025-11-18 17:24:13,317 - INFO - ThreadPoolExecutor-0_0 - grpc_handler - [GRPC IN] ReceiveVectors called. ReqID: 129, Type: clustered, Count: 73
2025-11-18 17:24:13,317 - INFO - ThreadPoolExecutor-0_0 - server_logic - [Add Vectors] Processing 73 vectors. Sender Status: clustered. Current Node Status: clustered
2025-11-18 17:24:13,317 - INFO - ThreadPoolExecutor-0_0 - server_logic - [Add Vectors] Direct Insert: Storing 73 vectors in local Qdrant (Sender is clustered).
2025-11-18 17:24:13,348 - INFO - ThreadPoolExecutor-0_0 - httpx - HTTP Request: GET http://localhost:6363 "HTTP/1.1 200 OK"
2025-11-18 17:24:13,348 - INFO - ThreadPoolExecutor-0_0 - qdrant_module - [Qdrant] Attempting to insert 73 vectors into vectors on http://localhost:6363...
2025-11-18 17:24:13,357 - INFO - ThreadPoolExecutor-0_0 - qdrant_module - [Qdrant] Success: Inserted 73 vectors.
2025-11-18 17:24:13,357 - INFO - ThreadPoolExecutor-0_0 - grpc_handler - [GRPC IN] ReceiveVectors processed successfully.
2025-11-18 17:24:14,179 - INFO - ThreadPoolExecutor-0_0 - grpc_handler - [GRPC IN] ReceiveVectors called. ReqID: 130, Type: clustered, Count: 61
2025-11-18 17:24:14,180 - INFO - ThreadPoolExecutor-0_0 - server_logic - [Add Vectors] Processing 61 vectors. Sender Status: clustered. Current Node Status: clustered
2025-11-18 17:24:14,180 - INFO - ThreadPoolExecutor-0_0 - server_logic - [Add Vectors] Direct Insert: Storing 61 vectors in local Qdrant (Sender is clustered).
2025-11-18 17:24:14,211 - INFO - ThreadPoolExecutor-0_0 - httpx - HTTP Request: GET http://localhost:6363 "HTTP/1.1 200 OK"
2025-11-18 17:24:14,211 - INFO - ThreadPoolExecutor-0_0 - qdrant_module - [Qdrant] Attempting to insert 61 vectors into vectors on http://localhost:6363...
2025-11-18 17:24:14,223 - INFO - ThreadPoolExecutor-0_0 - qdrant_module - [Qdrant] Success: Inserted 61 vectors.
2025-11-18 17:24:14,223 - INFO - ThreadPoolExecutor-0_0 - grpc_handler - [GRPC IN] ReceiveVectors processed successfully.
2025-11-18 17:24:15,010 - INFO - ThreadPoolExecutor-0_0 - grpc_handler - [GRPC IN] ReceiveVectors called. ReqID: 131, Type: clustered, Count: 58
2025-11-18 17:24:15,011 - INFO - ThreadPoolExecutor-0_0 - server_logic - [Add Vectors] Processing 58 vectors. Sender Status: clustered. Current Node Status: clustered
2025-11-18 17:24:15,011 - INFO - ThreadPoolExecutor-0_0 - server_logic - [Add Vectors] Direct Insert: Storing 58 vectors in local Qdrant (Sender is clustered).
2025-11-18 17:24:15,041 - INFO - ThreadPoolExecutor-0_0 - httpx - HTTP Request: GET http://localhost:6363 "HTTP/1.1 200 OK"
2025-11-18 17:24:15,041 - INFO - ThreadPoolExecutor-0_0 - qdrant_module - [Qdrant] Attempting to insert 58 vectors into vectors on http://localhost:6363...
2025-11-18 17:24:15,049 - INFO - ThreadPoolExecutor-0_0 - qdrant_module - [Qdrant] Success: Inserted 58 vectors.
2025-11-18 17:24:15,049 - INFO - ThreadPoolExecutor-0_0 - grpc_handler - [GRPC IN] ReceiveVectors processed successfully.
2025-11-18 17:24:15,786 - INFO - ThreadPoolExecutor-0_0 - grpc_handler - [GRPC IN] ReceiveVectors called. ReqID: 132, Type: clustered, Count: 53
2025-11-18 17:24:15,787 - INFO - ThreadPoolExecutor-0_0 - server_logic - [Add Vectors] Processing 53 vectors. Sender Status: clustered. Current Node Status: clustered
2025-11-18 17:24:15,787 - INFO - ThreadPoolExecutor-0_0 - server_logic - [Add Vectors] Direct Insert: Storing 53 vectors in local Qdrant (Sender is clustered).
2025-11-18 17:24:15,818 - INFO - ThreadPoolExecutor-0_0 - httpx - HTTP Request: GET http://localhost:6363 "HTTP/1.1 200 OK"
2025-11-18 17:24:15,818 - INFO - ThreadPoolExecutor-0_0 - qdrant_module - [Qdrant] Attempting to insert 53 vectors into vectors on http://localhost:6363...
2025-11-18 17:24:15,826 - INFO - ThreadPoolExecutor-0_0 - qdrant_module - [Qdrant] Success: Inserted 53 vectors.
2025-11-18 17:24:15,827 - INFO - ThreadPoolExecutor-0_0 - grpc_handler - [GRPC IN] ReceiveVectors processed successfully.
2025-11-18 17:24:16,557 - INFO - ThreadPoolExecutor-0_0 - grpc_handler - [GRPC IN] ReceiveVectors called. ReqID: 133, Type: clustered, Count: 54
2025-11-18 17:24:16,558 - INFO - ThreadPoolExecutor-0_0 - server_logic - [Add Vectors] Processing 54 vectors. Sender Status: clustered. Current Node Status: clustered
2025-11-18 17:24:16,558 - INFO - ThreadPoolExecutor-0_0 - server_logic - [Add Vectors] Direct Insert: Storing 54 vectors in local Qdrant (Sender is clustered).
2025-11-18 17:24:16,589 - INFO - ThreadPoolExecutor-0_0 - httpx - HTTP Request: GET http://localhost:6363 "HTTP/1.1 200 OK"
2025-11-18 17:24:16,589 - INFO - ThreadPoolExecutor-0_0 - qdrant_module - [Qdrant] Attempting to insert 54 vectors into vectors on http://localhost:6363...
2025-11-18 17:24:16,598 - INFO - ThreadPoolExecutor-0_0 - qdrant_module - [Qdrant] Success: Inserted 54 vectors.
2025-11-18 17:24:16,599 - INFO - ThreadPoolExecutor-0_0 - grpc_handler - [GRPC IN] ReceiveVectors processed successfully.
2025-11-18 17:24:17,802 - INFO - ThreadPoolExecutor-0_0 - grpc_handler - [GRPC IN] ReceiveVectors called. ReqID: 134, Type: clustered, Count: 72
2025-11-18 17:24:17,803 - INFO - ThreadPoolExecutor-0_0 - server_logic - [Add Vectors] Processing 72 vectors. Sender Status: clustered. Current Node Status: clustered
2025-11-18 17:24:17,803 - INFO - ThreadPoolExecutor-0_0 - server_logic - [Add Vectors] Direct Insert: Storing 72 vectors in local Qdrant (Sender is clustered).
2025-11-18 17:24:17,856 - INFO - ThreadPoolExecutor-0_0 - httpx - HTTP Request: GET http://localhost:6363 "HTTP/1.1 200 OK"
2025-11-18 17:24:17,856 - INFO - ThreadPoolExecutor-0_0 - qdrant_module - [Qdrant] Attempting to insert 72 vectors into vectors on http://localhost:6363...
2025-11-18 17:24:17,888 - INFO - ThreadPoolExecutor-0_0 - qdrant_module - [Qdrant] Success: Inserted 72 vectors.
2025-11-18 17:24:17,890 - INFO - ThreadPoolExecutor-0_0 - grpc_handler - [GRPC IN] ReceiveVectors processed successfully.
2025-11-18 17:24:19,026 - INFO - ThreadPoolExecutor-0_0 - grpc_handler - [GRPC IN] ReceiveVectors called. ReqID: 135, Type: clustered, Count: 65
2025-11-18 17:24:19,027 - INFO - ThreadPoolExecutor-0_0 - server_logic - [Add Vectors] Processing 65 vectors. Sender Status: clustered. Current Node Status: clustered
2025-11-18 17:24:19,027 - INFO - ThreadPoolExecutor-0_0 - server_logic - [Add Vectors] Direct Insert: Storing 65 vectors in local Qdrant (Sender is clustered).
2025-11-18 17:24:19,085 - INFO - ThreadPoolExecutor-0_0 - httpx - HTTP Request: GET http://localhost:6363 "HTTP/1.1 200 OK"
2025-11-18 17:24:19,086 - INFO - ThreadPoolExecutor-0_0 - qdrant_module - [Qdrant] Attempting to insert 65 vectors into vectors on http://localhost:6363...
2025-11-18 17:24:19,102 - INFO - ThreadPoolExecutor-0_0 - qdrant_module - [Qdrant] Success: Inserted 65 vectors.
2025-11-18 17:24:19,104 - INFO - ThreadPoolExecutor-0_0 - grpc_handler - [GRPC IN] ReceiveVectors processed successfully.
2025-11-18 17:24:20,369 - INFO - ThreadPoolExecutor-0_0 - grpc_handler - [GRPC IN] ReceiveVectors called. ReqID: 136, Type: clustered, Count: 68
2025-11-18 17:24:20,370 - INFO - ThreadPoolExecutor-0_0 - server_logic - [Add Vectors] Processing 68 vectors. Sender Status: clustered. Current Node Status: clustered
2025-11-18 17:24:20,370 - INFO - ThreadPoolExecutor-0_0 - server_logic - [Add Vectors] Direct Insert: Storing 68 vectors in local Qdrant (Sender is clustered).
2025-11-18 17:24:20,422 - INFO - ThreadPoolExecutor-0_0 - httpx - HTTP Request: GET http://localhost:6363 "HTTP/1.1 200 OK"
2025-11-18 17:24:20,422 - INFO - ThreadPoolExecutor-0_0 - qdrant_module - [Qdrant] Attempting to insert 68 vectors into vectors on http://localhost:6363...
2025-11-18 17:24:20,437 - INFO - ThreadPoolExecutor-0_0 - qdrant_module - [Qdrant] Success: Inserted 68 vectors.
2025-11-18 17:24:20,438 - INFO - ThreadPoolExecutor-0_0 - grpc_handler - [GRPC IN] ReceiveVectors processed successfully.
2025-11-18 17:24:21,613 - INFO - ThreadPoolExecutor-0_0 - grpc_handler - [GRPC IN] ReceiveVectors called. ReqID: 137, Type: clustered, Count: 63
2025-11-18 17:24:21,614 - INFO - ThreadPoolExecutor-0_0 - server_logic - [Add Vectors] Processing 63 vectors. Sender Status: clustered. Current Node Status: clustered
2025-11-18 17:24:21,614 - INFO - ThreadPoolExecutor-0_0 - server_logic - [Add Vectors] Direct Insert: Storing 63 vectors in local Qdrant (Sender is clustered).
2025-11-18 17:24:21,665 - INFO - ThreadPoolExecutor-0_0 - httpx - HTTP Request: GET http://localhost:6363 "HTTP/1.1 200 OK"
2025-11-18 17:24:21,665 - INFO - ThreadPoolExecutor-0_0 - qdrant_module - [Qdrant] Attempting to insert 63 vectors into vectors on http://localhost:6363...
2025-11-18 17:24:21,675 - INFO - ThreadPoolExecutor-0_0 - qdrant_module - [Qdrant] Success: Inserted 63 vectors.
2025-11-18 17:24:21,676 - INFO - ThreadPoolExecutor-0_0 - grpc_handler - [GRPC IN] ReceiveVectors processed successfully.
2025-11-18 17:24:22,823 - INFO - ThreadPoolExecutor-0_0 - grpc_handler - [GRPC IN] ReceiveVectors called. ReqID: 138, Type: clustered, Count: 69
2025-11-18 17:24:22,824 - INFO - ThreadPoolExecutor-0_0 - server_logic - [Add Vectors] Processing 69 vectors. Sender Status: clustered. Current Node Status: clustered
2025-11-18 17:24:22,824 - INFO - ThreadPoolExecutor-0_0 - server_logic - [Add Vectors] Direct Insert: Storing 69 vectors in local Qdrant (Sender is clustered).
2025-11-18 17:24:22,875 - INFO - ThreadPoolExecutor-0_0 - httpx - HTTP Request: GET http://localhost:6363 "HTTP/1.1 200 OK"
2025-11-18 17:24:22,875 - INFO - ThreadPoolExecutor-0_0 - qdrant_module - [Qdrant] Attempting to insert 69 vectors into vectors on http://localhost:6363...
2025-11-18 17:24:22,889 - INFO - ThreadPoolExecutor-0_0 - qdrant_module - [Qdrant] Success: Inserted 69 vectors.
2025-11-18 17:24:22,890 - INFO - ThreadPoolExecutor-0_0 - grpc_handler - [GRPC IN] ReceiveVectors processed successfully.
2025-11-18 17:24:24,042 - INFO - ThreadPoolExecutor-0_0 - grpc_handler - [GRPC IN] ReceiveVectors called. ReqID: 139, Type: clustered, Count: 66
2025-11-18 17:24:24,043 - INFO - ThreadPoolExecutor-0_0 - server_logic - [Add Vectors] Processing 66 vectors. Sender Status: clustered. Current Node Status: clustered
2025-11-18 17:24:24,043 - INFO - ThreadPoolExecutor-0_0 - server_logic - [Add Vectors] Direct Insert: Storing 66 vectors in local Qdrant (Sender is clustered).
2025-11-18 17:24:24,095 - INFO - ThreadPoolExecutor-0_0 - httpx - HTTP Request: GET http://localhost:6363 "HTTP/1.1 200 OK"
2025-11-18 17:24:24,096 - INFO - ThreadPoolExecutor-0_0 - qdrant_module - [Qdrant] Attempting to insert 66 vectors into vectors on http://localhost:6363...
2025-11-18 17:24:24,107 - INFO - ThreadPoolExecutor-0_0 - qdrant_module - [Qdrant] Success: Inserted 66 vectors.
2025-11-18 17:24:24,109 - INFO - ThreadPoolExecutor-0_0 - grpc_handler - [GRPC IN] ReceiveVectors processed successfully.
2025-11-18 17:24:25,231 - INFO - ThreadPoolExecutor-0_0 - grpc_handler - [GRPC IN] ReceiveVectors called. ReqID: 140, Type: clustered, Count: 56
2025-11-18 17:24:25,232 - INFO - ThreadPoolExecutor-0_0 - server_logic - [Add Vectors] Processing 56 vectors. Sender Status: clustered. Current Node Status: clustered
2025-11-18 17:24:25,232 - INFO - ThreadPoolExecutor-0_0 - server_logic - [Add Vectors] Direct Insert: Storing 56 vectors in local Qdrant (Sender is clustered).
2025-11-18 17:24:25,283 - INFO - ThreadPoolExecutor-0_0 - httpx - HTTP Request: GET http://localhost:6363 "HTTP/1.1 200 OK"
2025-11-18 17:24:25,283 - INFO - ThreadPoolExecutor-0_0 - qdrant_module - [Qdrant] Attempting to insert 56 vectors into vectors on http://localhost:6363...
2025-11-18 17:24:25,296 - INFO - ThreadPoolExecutor-0_0 - qdrant_module - [Qdrant] Success: Inserted 56 vectors.
2025-11-18 17:24:25,297 - INFO - ThreadPoolExecutor-0_0 - grpc_handler - [GRPC IN] ReceiveVectors processed successfully.
2025-11-18 17:24:26,493 - INFO - ThreadPoolExecutor-0_0 - grpc_handler - [GRPC IN] ReceiveVectors called. ReqID: 141, Type: clustered, Count: 60
2025-11-18 17:24:26,494 - INFO - ThreadPoolExecutor-0_0 - server_logic - [Add Vectors] Processing 60 vectors. Sender Status: clustered. Current Node Status: clustered
2025-11-18 17:24:26,494 - INFO - ThreadPoolExecutor-0_0 - server_logic - [Add Vectors] Direct Insert: Storing 60 vectors in local Qdrant (Sender is clustered).
2025-11-18 17:24:26,546 - INFO - ThreadPoolExecutor-0_0 - httpx - HTTP Request: GET http://localhost:6363 "HTTP/1.1 200 OK"
2025-11-18 17:24:26,546 - INFO - ThreadPoolExecutor-0_0 - qdrant_module - [Qdrant] Attempting to insert 60 vectors into vectors on http://localhost:6363...
2025-11-18 17:24:26,558 - INFO - ThreadPoolExecutor-0_0 - qdrant_module - [Qdrant] Success: Inserted 60 vectors.
2025-11-18 17:24:26,559 - INFO - ThreadPoolExecutor-0_0 - grpc_handler - [GRPC IN] ReceiveVectors processed successfully.
2025-11-18 17:24:27,700 - INFO - ThreadPoolExecutor-0_0 - grpc_handler - [GRPC IN] ReceiveVectors called. ReqID: 142, Type: clustered, Count: 73
2025-11-18 17:24:27,701 - INFO - ThreadPoolExecutor-0_0 - server_logic - [Add Vectors] Processing 73 vectors. Sender Status: clustered. Current Node Status: clustered
2025-11-18 17:24:27,701 - INFO - ThreadPoolExecutor-0_0 - server_logic - [Add Vectors] Direct Insert: Storing 73 vectors in local Qdrant (Sender is clustered).
2025-11-18 17:24:27,753 - INFO - ThreadPoolExecutor-0_0 - httpx - HTTP Request: GET http://localhost:6363 "HTTP/1.1 200 OK"
2025-11-18 17:24:27,753 - INFO - ThreadPoolExecutor-0_0 - qdrant_module - [Qdrant] Attempting to insert 73 vectors into vectors on http://localhost:6363...
2025-11-18 17:24:27,767 - INFO - ThreadPoolExecutor-0_0 - qdrant_module - [Qdrant] Success: Inserted 73 vectors.
2025-11-18 17:24:27,768 - INFO - ThreadPoolExecutor-0_0 - grpc_handler - [GRPC IN] ReceiveVectors processed successfully.
2025-11-18 17:24:28,932 - INFO - ThreadPoolExecutor-0_0 - grpc_handler - [GRPC IN] ReceiveVectors called. ReqID: 143, Type: clustered, Count: 71
2025-11-18 17:24:28,933 - INFO - ThreadPoolExecutor-0_0 - server_logic - [Add Vectors] Processing 71 vectors. Sender Status: clustered. Current Node Status: clustered
2025-11-18 17:24:28,933 - INFO - ThreadPoolExecutor-0_0 - server_logic - [Add Vectors] Direct Insert: Storing 71 vectors in local Qdrant (Sender is clustered).
2025-11-18 17:24:28,984 - INFO - ThreadPoolExecutor-0_0 - httpx - HTTP Request: GET http://localhost:6363 "HTTP/1.1 200 OK"
2025-11-18 17:24:28,984 - INFO - ThreadPoolExecutor-0_0 - qdrant_module - [Qdrant] Attempting to insert 71 vectors into vectors on http://localhost:6363...
2025-11-18 17:24:28,995 - INFO - ThreadPoolExecutor-0_0 - qdrant_module - [Qdrant] Success: Inserted 71 vectors.
2025-11-18 17:24:28,996 - INFO - ThreadPoolExecutor-0_0 - grpc_handler - [GRPC IN] ReceiveVectors processed successfully.
2025-11-18 17:24:29,143 - INFO - MainThread - __main__ - API: /add called. ReqID: 144, Vectors: 256
2025-11-18 17:24:29,143 - INFO - MainThread - server_logic - [Client Request] Client wants to add 256 vectors. My Status: clustered
2025-11-18 17:24:29,143 - INFO - MainThread - server_logic - [Client Request] System Clustered. Routing vectors to appropriate peers.
2025-11-18 17:24:29,143 - INFO - MainThread - server_logic - [Router] Routing 256 vectors among 16 nodes (Replicas: 4).
2025-11-18 17:24:29,144 - INFO - MainThread - server_logic - [DEBUG] found replica for vector: 1
2025-11-18 17:24:29,144 - INFO - MainThread - server_logic - [DEBUG] found replica for vector: 2
2025-11-18 17:24:29,144 - INFO - MainThread - server_logic - [DEBUG] found replica for vector: 3
2025-11-18 17:24:29,144 - INFO - MainThread - server_logic - [DEBUG] found replica for vector: 4
2025-11-18 17:24:29,144 - INFO - MainThread - server_logic - [DEBUG] found replica for vector: 1
2025-11-18 17:24:29,144 - INFO - MainThread - server_logic - [DEBUG] found replica for vector: 2
2025-11-18 17:24:29,144 - INFO - MainThread - server_logic - [DEBUG] found replica for vector: 3
2025-11-18 17:24:29,144 - INFO - MainThread - server_logic - [DEBUG] to me replica for vector: 3
2025-11-18 17:24:29,144 - INFO - MainThread - server_logic - [DEBUG] found replica for vector: 1
2025-11-18 17:24:29,144 - INFO - MainThread - server_logic - [DEBUG] found replica for vector: 2
2025-11-18 17:24:29,144 - INFO - MainThread - server_logic - [DEBUG] found replica for vector: 3
2025-11-18 17:24:29,144 - INFO - MainThread - server_logic - [DEBUG] to me replica for vector: 3
2025-11-18 17:24:29,144 - INFO - MainThread - server_logic - [DEBUG] found replica for vector: 1
2025-11-18 17:24:29,144 - INFO - MainThread - server_logic - [DEBUG] found replica for vector: 2
2025-11-18 17:24:29,144 - INFO - MainThread - server_logic - [DEBUG] found replica for vector: 3
2025-11-18 17:24:29,144 - INFO - MainThread - server_logic - [DEBUG] found replica for vector: 4
2025-11-18 17:24:29,144 - INFO - MainThread - server_logic - [DEBUG] found replica for vector: 1
2025-11-18 17:24:29,144 - INFO - MainThread - server_logic - [DEBUG] found replica for vector: 2
2025-11-18 17:24:29,144 - INFO - MainThread - server_logic - [DEBUG] found replica for vector: 3
2025-11-18 17:24:29,144 - INFO - MainThread - server_logic - [DEBUG] found replica for vector: 4
2025-11-18 17:24:29,144 - INFO - MainThread - server_logic - [DEBUG] found replica for vector: 1
2025-11-18 17:24:29,144 - INFO - MainThread - server_logic - [DEBUG] found replica for vector: 2
2025-11-18 17:24:29,144 - INFO - MainThread - server_logic - [DEBUG] found replica for vector: 3
2025-11-18 17:24:29,144 - INFO - MainThread - server_logic - [DEBUG] found replica for vector: 4
2025-11-18 17:24:29,144 - INFO - MainThread - server_logic - [DEBUG] found replica for vector: 1
2025-11-18 17:24:29,144 - INFO - MainThread - server_logic - [DEBUG] found replica for vector: 2
2025-11-18 17:24:29,144 - INFO - MainThread - server_logic - [DEBUG] found replica for vector: 3
2025-11-18 17:24:29,144 - INFO - MainThread - server_logic - [DEBUG] found replica for vector: 4
2025-11-18 17:24:29,144 - INFO - MainThread - server_logic - [DEBUG] found replica for vector: 1
2025-11-18 17:24:29,144 - INFO - MainThread - server_logic - [DEBUG] found replica for vector: 2
2025-11-18 17:24:29,144 - INFO - MainThread - server_logic - [DEBUG] found replica for vector: 3
2025-11-18 17:24:29,144 - INFO - MainThread - server_logic - [DEBUG] found replica for vector: 4
2025-11-18 17:24:29,144 - INFO - MainThread - server_logic - [DEBUG] found replica for vector: 1
2025-11-18 17:24:29,144 - INFO - MainThread - server_logic - [DEBUG] found replica for vector: 2
2025-11-18 17:24:29,144 - INFO - MainThread - server_logic - [DEBUG] found replica for vector: 3
2025-11-18 17:24:29,144 - INFO - MainThread - server_logic - [DEBUG] to me replica for vector: 3
2025-11-18 17:24:29,144 - INFO - MainThread - server_logic - [DEBUG] found replica for vector: 1
2025-11-18 17:24:29,144 - INFO - MainThread - server_logic - [DEBUG] found replica for vector: 2
2025-11-18 17:24:29,144 - INFO - MainThread - server_logic - [DEBUG] found replica for vector: 3
2025-11-18 17:24:29,144 - INFO - MainThread - server_logic - [DEBUG] to me replica for vector: 3
2025-11-18 17:24:29,144 - INFO - MainThread - server_logic - [DEBUG] found replica for vector: 1
2025-11-18 17:24:29,144 - INFO - MainThread - server_logic - [DEBUG] found replica for vector: 2
2025-11-18 17:24:29,144 - INFO - MainThread - server_logic - [DEBUG] found replica for vector: 3
2025-11-18 17:24:29,144 - INFO - MainThread - server_logic - [DEBUG] to me replica for vector: 3
2025-11-18 17:24:29,144 - INFO - MainThread - server_logic - [DEBUG] found replica for vector: 1
2025-11-18 17:24:29,144 - INFO - MainThread - server_logic - [DEBUG] found replica for vector: 2
2025-11-18 17:24:29,144 - INFO - MainThread - server_logic - [DEBUG] found replica for vector: 3
2025-11-18 17:24:29,144 - INFO - MainThread - server_logic - [DEBUG] found replica for vector: 4
2025-11-18 17:24:29,144 - INFO - MainThread - server_logic - [DEBUG] found replica for vector: 1
2025-11-18 17:24:29,145 - INFO - MainThread - server_logic - [DEBUG] found replica for vector: 2
2025-11-18 17:24:29,145 - INFO - MainThread - server_logic - [DEBUG] found replica for vector: 3
2025-11-18 17:24:29,145 - INFO - MainThread - server_logic - [DEBUG] found replica for vector: 4
2025-11-18 17:24:29,145 - INFO - MainThread - server_logic - [DEBUG] found replica for vector: 1
2025-11-18 17:24:29,145 - INFO - MainThread - server_logic - [DEBUG] found replica for vector: 2
2025-11-18 17:24:29,145 - INFO - MainThread - server_logic - [DEBUG] found replica for vector: 3
2025-11-18 17:24:29,145 - INFO - MainThread - server_logic - [DEBUG] found replica for vector: 4
2025-11-18 17:24:29,145 - INFO - MainThread - server_logic - [DEBUG] found replica for vector: 1
2025-11-18 17:24:29,145 - INFO - MainThread - server_logic - [DEBUG] found replica for vector: 2
2025-11-18 17:24:29,145 - INFO - MainThread - server_logic - [DEBUG] found replica for vector: 3
2025-11-18 17:24:29,145 - INFO - MainThread - server_logic - [DEBUG] found replica for vector: 4
2025-11-18 17:24:29,145 - INFO - MainThread - server_logic - [DEBUG] found replica for vector: 1
2025-11-18 17:24:29,145 - INFO - MainThread - server_logic - [DEBUG] found replica for vector: 2
2025-11-18 17:24:29,145 - INFO - MainThread - server_logic - [DEBUG] found replica for vector: 3
2025-11-18 17:24:29,145 - INFO - MainThread - server_logic - [DEBUG] found replica for vector: 4
2025-11-18 17:24:29,145 - INFO - MainThread - server_logic - [DEBUG] found replica for vector: 1
2025-11-18 17:24:29,145 - INFO - MainThread - server_logic - [DEBUG] found replica for vector: 2
2025-11-18 17:24:29,145 - INFO - MainThread - server_logic - [DEBUG] found replica for vector: 3
2025-11-18 17:24:29,145 - INFO - MainThread - server_logic - [DEBUG] found replica for vector: 4
2025-11-18 17:24:29,145 - INFO - MainThread - server_logic - [DEBUG] found replica for vector: 1
2025-11-18 17:24:29,145 - INFO - MainThread - server_logic - [DEBUG] found replica for vector: 2
2025-11-18 17:24:29,145 - INFO - MainThread - server_logic - [DEBUG] found replica for vector: 3
2025-11-18 17:24:29,145 - INFO - MainThread - server_logic - [DEBUG] found replica for vector: 4
2025-11-18 17:24:29,145 - INFO - MainThread - server_logic - [DEBUG] found replica for vector: 1
2025-11-18 17:24:29,145 - INFO - MainThread - server_logic - [DEBUG] found replica for vector: 2
2025-11-18 17:24:29,145 - INFO - MainThread - server_logic - [DEBUG] found replica for vector: 3
2025-11-18 17:24:29,145 - INFO - MainThread - server_logic - [DEBUG] found replica for vector: 4
2025-11-18 17:24:29,145 - INFO - MainThread - server_logic - [DEBUG] found replica for vector: 1
2025-11-18 17:24:29,145 - INFO - MainThread - server_logic - [DEBUG] found replica for vector: 2
2025-11-18 17:24:29,145 - INFO - MainThread - server_logic - [DEBUG] found replica for vector: 3
2025-11-18 17:24:29,145 - INFO - MainThread - server_logic - [DEBUG] to me replica for vector: 3
2025-11-18 17:24:29,145 - INFO - MainThread - server_logic - [DEBUG] found replica for vector: 1
2025-11-18 17:24:29,145 - INFO - MainThread - server_logic - [DEBUG] found replica for vector: 2
2025-11-18 17:24:29,145 - INFO - MainThread - server_logic - [DEBUG] found replica for vector: 3
2025-11-18 17:24:29,145 - INFO - MainThread - server_logic - [DEBUG] found replica for vector: 4
2025-11-18 17:24:29,145 - INFO - MainThread - server_logic - [DEBUG] found replica for vector: 1
2025-11-18 17:24:29,145 - INFO - MainThread - server_logic - [DEBUG] found replica for vector: 2
2025-11-18 17:24:29,145 - INFO - MainThread - server_logic - [DEBUG] found replica for vector: 3
2025-11-18 17:24:29,145 - INFO - MainThread - server_logic - [DEBUG] found replica for vector: 4
2025-11-18 17:24:29,145 - INFO - MainThread - server_logic - [DEBUG] found replica for vector: 1
2025-11-18 17:24:29,145 - INFO - MainThread - server_logic - [DEBUG] found replica for vector: 2
2025-11-18 17:24:29,145 - INFO - MainThread - server_logic - [DEBUG] found replica for vector: 3
2025-11-18 17:24:29,145 - INFO - MainThread - server_logic - [DEBUG] found replica for vector: 4
2025-11-18 17:24:29,145 - INFO - MainThread - server_logic - [DEBUG] found replica for vector: 1
2025-11-18 17:24:29,145 - INFO - MainThread - server_logic - [DEBUG] found replica for vector: 2
2025-11-18 17:24:29,145 - INFO - MainThread - server_logic - [DEBUG] found replica for vector: 3
2025-11-18 17:24:29,145 - INFO - MainThread - server_logic - [DEBUG] found replica for vector: 4
2025-11-18 17:24:29,145 - INFO - MainThread - server_logic - [DEBUG] found replica for vector: 1
2025-11-18 17:24:29,145 - INFO - MainThread - server_logic - [DEBUG] found replica for vector: 2
2025-11-18 17:24:29,145 - INFO - MainThread - server_logic - [DEBUG] found replica for vector: 3
2025-11-18 17:24:29,145 - INFO - MainThread - server_logic - [DEBUG] found replica for vector: 4
2025-11-18 17:24:29,145 - INFO - MainThread - server_logic - [DEBUG] found replica for vector: 1
2025-11-18 17:24:29,145 - INFO - MainThread - server_logic - [DEBUG] found replica for vector: 2
2025-11-18 17:24:29,146 - INFO - MainThread - server_logic - [DEBUG] found replica for vector: 3
2025-11-18 17:24:29,146 - INFO - MainThread - server_logic - [DEBUG] found replica for vector: 4
2025-11-18 17:24:29,146 - INFO - MainThread - server_logic - [DEBUG] found replica for vector: 1
2025-11-18 17:24:29,146 - INFO - MainThread - server_logic - [DEBUG] found replica for vector: 2
2025-11-18 17:24:29,146 - INFO - MainThread - server_logic - [DEBUG] found replica for vector: 3
2025-11-18 17:24:29,146 - INFO - MainThread - server_logic - [DEBUG] to me replica for vector: 3
2025-11-18 17:24:29,146 - INFO - MainThread - server_logic - [DEBUG] found replica for vector: 1
2025-11-18 17:24:29,146 - INFO - MainThread - server_logic - [DEBUG] found replica for vector: 2
2025-11-18 17:24:29,146 - INFO - MainThread - server_logic - [DEBUG] found replica for vector: 3
2025-11-18 17:24:29,146 - INFO - MainThread - server_logic - [DEBUG] found replica for vector: 4
2025-11-18 17:24:29,146 - INFO - MainThread - server_logic - [DEBUG] found replica for vector: 1
2025-11-18 17:24:29,146 - INFO - MainThread - server_logic - [DEBUG] found replica for vector: 2
2025-11-18 17:24:29,146 - INFO - MainThread - server_logic - [DEBUG] found replica for vector: 3
2025-11-18 17:24:29,146 - INFO - MainThread - server_logic - [DEBUG] found replica for vector: 4
2025-11-18 17:24:29,146 - INFO - MainThread - server_logic - [DEBUG] found replica for vector: 1
2025-11-18 17:24:29,146 - INFO - MainThread - server_logic - [DEBUG] found replica for vector: 2
2025-11-18 17:24:29,146 - INFO - MainThread - server_logic - [DEBUG] found replica for vector: 3
2025-11-18 17:24:29,146 - INFO - MainThread - server_logic - [DEBUG] found replica for vector: 4
2025-11-18 17:24:29,146 - INFO - MainThread - server_logic - [DEBUG] found replica for vector: 1
2025-11-18 17:24:29,146 - INFO - MainThread - server_logic - [DEBUG] found replica for vector: 2
2025-11-18 17:24:29,146 - INFO - MainThread - server_logic - [DEBUG] found replica for vector: 3
2025-11-18 17:24:29,146 - INFO - MainThread - server_logic - [DEBUG] found replica for vector: 4
2025-11-18 17:24:29,146 - INFO - MainThread - server_logic - [DEBUG] found replica for vector: 1
2025-11-18 17:24:29,146 - INFO - MainThread - server_logic - [DEBUG] found replica for vector: 2
2025-11-18 17:24:29,146 - INFO - MainThread - server_logic - [DEBUG] found replica for vector: 3
2025-11-18 17:24:29,146 - INFO - MainThread - server_logic - [DEBUG] to me replica for vector: 3
2025-11-18 17:24:29,146 - INFO - MainThread - server_logic - [DEBUG] found replica for vector: 1
2025-11-18 17:24:29,146 - INFO - MainThread - server_logic - [DEBUG] found replica for vector: 2
2025-11-18 17:24:29,146 - INFO - MainThread - server_logic - [DEBUG] found replica for vector: 3
2025-11-18 17:24:29,146 - INFO - MainThread - server_logic - [DEBUG] found replica for vector: 4
2025-11-18 17:24:29,146 - INFO - MainThread - server_logic - [DEBUG] found replica for vector: 1
2025-11-18 17:24:29,146 - INFO - MainThread - server_logic - [DEBUG] found replica for vector: 2
2025-11-18 17:24:29,146 - INFO - MainThread - server_logic - [DEBUG] found replica for vector: 3
2025-11-18 17:24:29,146 - INFO - MainThread - server_logic - [DEBUG] to me replica for vector: 3
2025-11-18 17:24:29,146 - INFO - MainThread - server_logic - [DEBUG] found replica for vector: 1
2025-11-18 17:24:29,146 - INFO - MainThread - server_logic - [DEBUG] found replica for vector: 2
2025-11-18 17:24:29,146 - INFO - MainThread - server_logic - [DEBUG] found replica for vector: 3
2025-11-18 17:24:29,146 - INFO - MainThread - server_logic - [DEBUG] found replica for vector: 4
2025-11-18 17:24:29,146 - INFO - MainThread - server_logic - [DEBUG] found replica for vector: 1
2025-11-18 17:24:29,146 - INFO - MainThread - server_logic - [DEBUG] found replica for vector: 2
2025-11-18 17:24:29,146 - INFO - MainThread - server_logic - [DEBUG] found replica for vector: 3
2025-11-18 17:24:29,146 - INFO - MainThread - server_logic - [DEBUG] found replica for vector: 4
2025-11-18 17:24:29,146 - INFO - MainThread - server_logic - [DEBUG] found replica for vector: 1
2025-11-18 17:24:29,146 - INFO - MainThread - server_logic - [DEBUG] found replica for vector: 2
2025-11-18 17:24:29,146 - INFO - MainThread - server_logic - [DEBUG] found replica for vector: 3
2025-11-18 17:24:29,146 - INFO - MainThread - server_logic - [DEBUG] to me replica for vector: 3
2025-11-18 17:24:29,146 - INFO - MainThread - server_logic - [DEBUG] found replica for vector: 1
2025-11-18 17:24:29,146 - INFO - MainThread - server_logic - [DEBUG] found replica for vector: 2
2025-11-18 17:24:29,146 - INFO - MainThread - server_logic - [DEBUG] found replica for vector: 3
2025-11-18 17:24:29,146 - INFO - MainThread - server_logic - [DEBUG] to me replica for vector: 3
2025-11-18 17:24:29,146 - INFO - MainThread - server_logic - [DEBUG] found replica for vector: 1
2025-11-18 17:24:29,146 - INFO - MainThread - server_logic - [DEBUG] found replica for vector: 2
2025-11-18 17:24:29,146 - INFO - MainThread - server_logic - [DEBUG] found replica for vector: 3
2025-11-18 17:24:29,147 - INFO - MainThread - server_logic - [DEBUG] to me replica for vector: 3
2025-11-18 17:24:29,147 - INFO - MainThread - server_logic - [DEBUG] found replica for vector: 1
2025-11-18 17:24:29,147 - INFO - MainThread - server_logic - [DEBUG] found replica for vector: 2
2025-11-18 17:24:29,147 - INFO - MainThread - server_logic - [DEBUG] found replica for vector: 3
2025-11-18 17:24:29,147 - INFO - MainThread - server_logic - [DEBUG] found replica for vector: 4
2025-11-18 17:24:29,147 - INFO - MainThread - server_logic - [DEBUG] found replica for vector: 1
2025-11-18 17:24:29,147 - INFO - MainThread - server_logic - [DEBUG] found replica for vector: 2
2025-11-18 17:24:29,147 - INFO - MainThread - server_logic - [DEBUG] found replica for vector: 3
2025-11-18 17:24:29,147 - INFO - MainThread - server_logic - [DEBUG] found replica for vector: 4
2025-11-18 17:24:29,147 - INFO - MainThread - server_logic - [DEBUG] found replica for vector: 1
2025-11-18 17:24:29,147 - INFO - MainThread - server_logic - [DEBUG] found replica for vector: 2
2025-11-18 17:24:29,147 - INFO - MainThread - server_logic - [DEBUG] found replica for vector: 3
2025-11-18 17:24:29,147 - INFO - MainThread - server_logic - [DEBUG] to me replica for vector: 3
2025-11-18 17:24:29,147 - INFO - MainThread - server_logic - [DEBUG] found replica for vector: 1
2025-11-18 17:24:29,147 - INFO - MainThread - server_logic - [DEBUG] found replica for vector: 2
2025-11-18 17:24:29,147 - INFO - MainThread - server_logic - [DEBUG] found replica for vector: 3
2025-11-18 17:24:29,147 - INFO - MainThread - server_logic - [DEBUG] found replica for vector: 4
2025-11-18 17:24:29,147 - INFO - MainThread - server_logic - [DEBUG] found replica for vector: 1
2025-11-18 17:24:29,147 - INFO - MainThread - server_logic - [DEBUG] found replica for vector: 2
2025-11-18 17:24:29,147 - INFO - MainThread - server_logic - [DEBUG] found replica for vector: 3
2025-11-18 17:24:29,147 - INFO - MainThread - server_logic - [DEBUG] found replica for vector: 4
2025-11-18 17:24:29,147 - INFO - MainThread - server_logic - [DEBUG] found replica for vector: 1
2025-11-18 17:24:29,147 - INFO - MainThread - server_logic - [DEBUG] found replica for vector: 2
2025-11-18 17:24:29,147 - INFO - MainThread - server_logic - [DEBUG] found replica for vector: 3
2025-11-18 17:24:29,147 - INFO - MainThread - server_logic - [DEBUG] found replica for vector: 4
2025-11-18 17:24:29,147 - INFO - MainThread - server_logic - [DEBUG] found replica for vector: 1
2025-11-18 17:24:29,147 - INFO - MainThread - server_logic - [DEBUG] found replica for vector: 2
2025-11-18 17:24:29,147 - INFO - MainThread - server_logic - [DEBUG] found replica for vector: 3
2025-11-18 17:24:29,147 - INFO - MainThread - server_logic - [DEBUG] found replica for vector: 4
2025-11-18 17:24:29,147 - INFO - MainThread - server_logic - [DEBUG] found replica for vector: 1
2025-11-18 17:24:29,147 - INFO - MainThread - server_logic - [DEBUG] found replica for vector: 2
2025-11-18 17:24:29,147 - INFO - MainThread - server_logic - [DEBUG] found replica for vector: 3
2025-11-18 17:24:29,147 - INFO - MainThread - server_logic - [DEBUG] found replica for vector: 4
2025-11-18 17:24:29,147 - INFO - MainThread - server_logic - [DEBUG] found replica for vector: 1
2025-11-18 17:24:29,147 - INFO - MainThread - server_logic - [DEBUG] found replica for vector: 2
2025-11-18 17:24:29,147 - INFO - MainThread - server_logic - [DEBUG] found replica for vector: 3
2025-11-18 17:24:29,147 - INFO - MainThread - server_logic - [DEBUG] to me replica for vector: 3
2025-11-18 17:24:29,147 - INFO - MainThread - server_logic - [DEBUG] found replica for vector: 1
2025-11-18 17:24:29,147 - INFO - MainThread - server_logic - [DEBUG] found replica for vector: 2
2025-11-18 17:24:29,147 - INFO - MainThread - server_logic - [DEBUG] found replica for vector: 3
2025-11-18 17:24:29,147 - INFO - MainThread - server_logic - [DEBUG] found replica for vector: 4
2025-11-18 17:24:29,147 - INFO - MainThread - server_logic - [DEBUG] found replica for vector: 1
2025-11-18 17:24:29,147 - INFO - MainThread - server_logic - [DEBUG] found replica for vector: 2
2025-11-18 17:24:29,147 - INFO - MainThread - server_logic - [DEBUG] found replica for vector: 3
2025-11-18 17:24:29,147 - INFO - MainThread - server_logic - [DEBUG] found replica for vector: 4
2025-11-18 17:24:29,147 - INFO - MainThread - server_logic - [DEBUG] found replica for vector: 1
2025-11-18 17:24:29,147 - INFO - MainThread - server_logic - [DEBUG] found replica for vector: 2
2025-11-18 17:24:29,147 - INFO - MainThread - server_logic - [DEBUG] found replica for vector: 3
2025-11-18 17:24:29,147 - INFO - MainThread - server_logic - [DEBUG] to me replica for vector: 3
2025-11-18 17:24:29,147 - INFO - MainThread - server_logic - [DEBUG] found replica for vector: 1
2025-11-18 17:24:29,147 - INFO - MainThread - server_logic - [DEBUG] found replica for vector: 2
2025-11-18 17:24:29,147 - INFO - MainThread - server_logic - [DEBUG] found replica for vector: 3
2025-11-18 17:24:29,147 - INFO - MainThread - server_logic - [DEBUG] found replica for vector: 4
2025-11-18 17:24:29,148 - INFO - MainThread - server_logic - [DEBUG] found replica for vector: 1
2025-11-18 17:24:29,148 - INFO - MainThread - server_logic - [DEBUG] found replica for vector: 2
2025-11-18 17:24:29,148 - INFO - MainThread - server_logic - [DEBUG] found replica for vector: 3
2025-11-18 17:24:29,148 - INFO - MainThread - server_logic - [DEBUG] to me replica for vector: 3
2025-11-18 17:24:29,148 - INFO - MainThread - server_logic - [DEBUG] found replica for vector: 1
2025-11-18 17:24:29,148 - INFO - MainThread - server_logic - [DEBUG] found replica for vector: 2
2025-11-18 17:24:29,148 - INFO - MainThread - server_logic - [DEBUG] found replica for vector: 3
2025-11-18 17:24:29,148 - INFO - MainThread - server_logic - [DEBUG] found replica for vector: 4
2025-11-18 17:24:29,148 - INFO - MainThread - server_logic - [DEBUG] found replica for vector: 1
2025-11-18 17:24:29,148 - INFO - MainThread - server_logic - [DEBUG] found replica for vector: 2
2025-11-18 17:24:29,148 - INFO - MainThread - server_logic - [DEBUG] found replica for vector: 3
2025-11-18 17:24:29,148 - INFO - MainThread - server_logic - [DEBUG] found replica for vector: 4
2025-11-18 17:24:29,148 - INFO - MainThread - server_logic - [DEBUG] found replica for vector: 1
2025-11-18 17:24:29,148 - INFO - MainThread - server_logic - [DEBUG] found replica for vector: 2
2025-11-18 17:24:29,148 - INFO - MainThread - server_logic - [DEBUG] found replica for vector: 3
2025-11-18 17:24:29,148 - INFO - MainThread - server_logic - [DEBUG] found replica for vector: 4
2025-11-18 17:24:29,148 - INFO - MainThread - server_logic - [DEBUG] found replica for vector: 1
2025-11-18 17:24:29,148 - INFO - MainThread - server_logic - [DEBUG] found replica for vector: 2
2025-11-18 17:24:29,148 - INFO - MainThread - server_logic - [DEBUG] found replica for vector: 3
2025-11-18 17:24:29,148 - INFO - MainThread - server_logic - [DEBUG] found replica for vector: 4
2025-11-18 17:24:29,148 - INFO - MainThread - server_logic - [DEBUG] found replica for vector: 1
2025-11-18 17:24:29,148 - INFO - MainThread - server_logic - [DEBUG] found replica for vector: 2
2025-11-18 17:24:29,148 - INFO - MainThread - server_logic - [DEBUG] found replica for vector: 3
2025-11-18 17:24:29,148 - INFO - MainThread - server_logic - [DEBUG] found replica for vector: 4
2025-11-18 17:24:29,148 - INFO - MainThread - server_logic - [DEBUG] found replica for vector: 1
2025-11-18 17:24:29,148 - INFO - MainThread - server_logic - [DEBUG] found replica for vector: 2
2025-11-18 17:24:29,148 - INFO - MainThread - server_logic - [DEBUG] found replica for vector: 3
2025-11-18 17:24:29,148 - INFO - MainThread - server_logic - [DEBUG] found replica for vector: 4
2025-11-18 17:24:29,148 - INFO - MainThread - server_logic - [DEBUG] found replica for vector: 1
2025-11-18 17:24:29,148 - INFO - MainThread - server_logic - [DEBUG] found replica for vector: 2
2025-11-18 17:24:29,148 - INFO - MainThread - server_logic - [DEBUG] found replica for vector: 3
2025-11-18 17:24:29,148 - INFO - MainThread - server_logic - [DEBUG] to me replica for vector: 3
2025-11-18 17:24:29,148 - INFO - MainThread - server_logic - [DEBUG] found replica for vector: 1
2025-11-18 17:24:29,148 - INFO - MainThread - server_logic - [DEBUG] found replica for vector: 2
2025-11-18 17:24:29,148 - INFO - MainThread - server_logic - [DEBUG] found replica for vector: 3
2025-11-18 17:24:29,148 - INFO - MainThread - server_logic - [DEBUG] found replica for vector: 4
2025-11-18 17:24:29,148 - INFO - MainThread - server_logic - [DEBUG] found replica for vector: 1
2025-11-18 17:24:29,148 - INFO - MainThread - server_logic - [DEBUG] found replica for vector: 2
2025-11-18 17:24:29,148 - INFO - MainThread - server_logic - [DEBUG] found replica for vector: 3
2025-11-18 17:24:29,148 - INFO - MainThread - server_logic - [DEBUG] found replica for vector: 4
2025-11-18 17:24:29,148 - INFO - MainThread - server_logic - [DEBUG] found replica for vector: 1
2025-11-18 17:24:29,148 - INFO - MainThread - server_logic - [DEBUG] found replica for vector: 2
2025-11-18 17:24:29,148 - INFO - MainThread - server_logic - [DEBUG] found replica for vector: 3
2025-11-18 17:24:29,148 - INFO - MainThread - server_logic - [DEBUG] to me replica for vector: 3
2025-11-18 17:24:29,148 - INFO - MainThread - server_logic - [DEBUG] found replica for vector: 1
2025-11-18 17:24:29,148 - INFO - MainThread - server_logic - [DEBUG] found replica for vector: 2
2025-11-18 17:24:29,148 - INFO - MainThread - server_logic - [DEBUG] found replica for vector: 3
2025-11-18 17:24:29,148 - INFO - MainThread - server_logic - [DEBUG] found replica for vector: 4
2025-11-18 17:24:29,148 - INFO - MainThread - server_logic - [DEBUG] found replica for vector: 1
2025-11-18 17:24:29,148 - INFO - MainThread - server_logic - [DEBUG] found replica for vector: 2
2025-11-18 17:24:29,148 - INFO - MainThread - server_logic - [DEBUG] found replica for vector: 3
2025-11-18 17:24:29,148 - INFO - MainThread - server_logic - [DEBUG] found replica for vector: 4
2025-11-18 17:24:29,149 - INFO - MainThread - server_logic - [DEBUG] found replica for vector: 1
2025-11-18 17:24:29,149 - INFO - MainThread - server_logic - [DEBUG] found replica for vector: 2
2025-11-18 17:24:29,149 - INFO - MainThread - server_logic - [DEBUG] found replica for vector: 3
2025-11-18 17:24:29,149 - INFO - MainThread - server_logic - [DEBUG] found replica for vector: 4
2025-11-18 17:24:29,149 - INFO - MainThread - server_logic - [DEBUG] found replica for vector: 1
2025-11-18 17:24:29,149 - INFO - MainThread - server_logic - [DEBUG] found replica for vector: 2
2025-11-18 17:24:29,149 - INFO - MainThread - server_logic - [DEBUG] found replica for vector: 3
2025-11-18 17:24:29,149 - INFO - MainThread - server_logic - [DEBUG] to me replica for vector: 3
2025-11-18 17:24:29,149 - INFO - MainThread - server_logic - [DEBUG] found replica for vector: 1
2025-11-18 17:24:29,149 - INFO - MainThread - server_logic - [DEBUG] found replica for vector: 2
2025-11-18 17:24:29,149 - INFO - MainThread - server_logic - [DEBUG] found replica for vector: 3
2025-11-18 17:24:29,149 - INFO - MainThread - server_logic - [DEBUG] to me replica for vector: 3
2025-11-18 17:24:29,149 - INFO - MainThread - server_logic - [DEBUG] found replica for vector: 1
2025-11-18 17:24:29,149 - INFO - MainThread - server_logic - [DEBUG] found replica for vector: 2
2025-11-18 17:24:29,149 - INFO - MainThread - server_logic - [DEBUG] found replica for vector: 3
2025-11-18 17:24:29,149 - INFO - MainThread - server_logic - [DEBUG] to me replica for vector: 3
2025-11-18 17:24:29,149 - INFO - MainThread - server_logic - [DEBUG] found replica for vector: 1
2025-11-18 17:24:29,149 - INFO - MainThread - server_logic - [DEBUG] found replica for vector: 2
2025-11-18 17:24:29,149 - INFO - MainThread - server_logic - [DEBUG] found replica for vector: 3
2025-11-18 17:24:29,149 - INFO - MainThread - server_logic - [DEBUG] found replica for vector: 4
2025-11-18 17:24:29,149 - INFO - MainThread - server_logic - [DEBUG] found replica for vector: 1
2025-11-18 17:24:29,149 - INFO - MainThread - server_logic - [DEBUG] found replica for vector: 2
2025-11-18 17:24:29,149 - INFO - MainThread - server_logic - [DEBUG] found replica for vector: 3
2025-11-18 17:24:29,149 - INFO - MainThread - server_logic - [DEBUG] found replica for vector: 4
2025-11-18 17:24:29,149 - INFO - MainThread - server_logic - [DEBUG] found replica for vector: 1
2025-11-18 17:24:29,149 - INFO - MainThread - server_logic - [DEBUG] found replica for vector: 2
2025-11-18 17:24:29,149 - INFO - MainThread - server_logic - [DEBUG] found replica for vector: 3
2025-11-18 17:24:29,149 - INFO - MainThread - server_logic - [DEBUG] to me replica for vector: 3
2025-11-18 17:24:29,149 - INFO - MainThread - server_logic - [DEBUG] found replica for vector: 1
2025-11-18 17:24:29,149 - INFO - MainThread - server_logic - [DEBUG] found replica for vector: 2
2025-11-18 17:24:29,149 - INFO - MainThread - server_logic - [DEBUG] found replica for vector: 3
2025-11-18 17:24:29,149 - INFO - MainThread - server_logic - [DEBUG] found replica for vector: 4
2025-11-18 17:24:29,149 - INFO - MainThread - server_logic - [DEBUG] found replica for vector: 1
2025-11-18 17:24:29,149 - INFO - MainThread - server_logic - [DEBUG] found replica for vector: 2
2025-11-18 17:24:29,149 - INFO - MainThread - server_logic - [DEBUG] found replica for vector: 3
2025-11-18 17:24:29,149 - INFO - MainThread - server_logic - [DEBUG] found replica for vector: 4
2025-11-18 17:24:29,149 - INFO - MainThread - server_logic - [DEBUG] found replica for vector: 1
2025-11-18 17:24:29,149 - INFO - MainThread - server_logic - [DEBUG] found replica for vector: 2
2025-11-18 17:24:29,149 - INFO - MainThread - server_logic - [DEBUG] found replica for vector: 3
2025-11-18 17:24:29,149 - INFO - MainThread - server_logic - [DEBUG] to me replica for vector: 3
2025-11-18 17:24:29,149 - INFO - MainThread - server_logic - [DEBUG] found replica for vector: 1
2025-11-18 17:24:29,149 - INFO - MainThread - server_logic - [DEBUG] found replica for vector: 2
2025-11-18 17:24:29,149 - INFO - MainThread - server_logic - [DEBUG] found replica for vector: 3
2025-11-18 17:24:29,149 - INFO - MainThread - server_logic - [DEBUG] found replica for vector: 4
2025-11-18 17:24:29,149 - INFO - MainThread - server_logic - [DEBUG] found replica for vector: 1
2025-11-18 17:24:29,149 - INFO - MainThread - server_logic - [DEBUG] found replica for vector: 2
2025-11-18 17:24:29,149 - INFO - MainThread - server_logic - [DEBUG] found replica for vector: 3
2025-11-18 17:24:29,149 - INFO - MainThread - server_logic - [DEBUG] found replica for vector: 4
2025-11-18 17:24:29,149 - INFO - MainThread - server_logic - [DEBUG] found replica for vector: 1
2025-11-18 17:24:29,149 - INFO - MainThread - server_logic - [DEBUG] found replica for vector: 2
2025-11-18 17:24:29,149 - INFO - MainThread - server_logic - [DEBUG] found replica for vector: 3
2025-11-18 17:24:29,149 - INFO - MainThread - server_logic - [DEBUG] found replica for vector: 4
2025-11-18 17:24:29,149 - INFO - MainThread - server_logic - [DEBUG] found replica for vector: 1
2025-11-18 17:24:29,149 - INFO - MainThread - server_logic - [DEBUG] found replica for vector: 2
2025-11-18 17:24:29,150 - INFO - MainThread - server_logic - [DEBUG] found replica for vector: 3
2025-11-18 17:24:29,150 - INFO - MainThread - server_logic - [DEBUG] found replica for vector: 4
2025-11-18 17:24:29,150 - INFO - MainThread - server_logic - [DEBUG] found replica for vector: 1
2025-11-18 17:24:29,150 - INFO - MainThread - server_logic - [DEBUG] found replica for vector: 2
2025-11-18 17:24:29,150 - INFO - MainThread - server_logic - [DEBUG] found replica for vector: 3
2025-11-18 17:24:29,150 - INFO - MainThread - server_logic - [DEBUG] found replica for vector: 4
2025-11-18 17:24:29,150 - INFO - MainThread - server_logic - [DEBUG] found replica for vector: 1
2025-11-18 17:24:29,150 - INFO - MainThread - server_logic - [DEBUG] found replica for vector: 2
2025-11-18 17:24:29,150 - INFO - MainThread - server_logic - [DEBUG] found replica for vector: 3
2025-11-18 17:24:29,150 - INFO - MainThread - server_logic - [DEBUG] found replica for vector: 4
2025-11-18 17:24:29,150 - INFO - MainThread - server_logic - [DEBUG] found replica for vector: 1
2025-11-18 17:24:29,150 - INFO - MainThread - server_logic - [DEBUG] found replica for vector: 2
2025-11-18 17:24:29,150 - INFO - MainThread - server_logic - [DEBUG] found replica for vector: 3
2025-11-18 17:24:29,150 - INFO - MainThread - server_logic - [DEBUG] found replica for vector: 4
2025-11-18 17:24:29,150 - INFO - MainThread - server_logic - [DEBUG] found replica for vector: 1
2025-11-18 17:24:29,150 - INFO - MainThread - server_logic - [DEBUG] found replica for vector: 2
2025-11-18 17:24:29,150 - INFO - MainThread - server_logic - [DEBUG] found replica for vector: 3
2025-11-18 17:24:29,150 - INFO - MainThread - server_logic - [DEBUG] found replica for vector: 4
2025-11-18 17:24:29,150 - INFO - MainThread - server_logic - [DEBUG] found replica for vector: 1
2025-11-18 17:24:29,150 - INFO - MainThread - server_logic - [DEBUG] found replica for vector: 2
2025-11-18 17:24:29,150 - INFO - MainThread - server_logic - [DEBUG] found replica for vector: 3
2025-11-18 17:24:29,150 - INFO - MainThread - server_logic - [DEBUG] to me replica for vector: 3
2025-11-18 17:24:29,150 - INFO - MainThread - server_logic - [DEBUG] found replica for vector: 1
2025-11-18 17:24:29,150 - INFO - MainThread - server_logic - [DEBUG] found replica for vector: 2
2025-11-18 17:24:29,150 - INFO - MainThread - server_logic - [DEBUG] found replica for vector: 3
2025-11-18 17:24:29,150 - INFO - MainThread - server_logic - [DEBUG] found replica for vector: 4
2025-11-18 17:24:29,150 - INFO - MainThread - server_logic - [DEBUG] found replica for vector: 1
2025-11-18 17:24:29,150 - INFO - MainThread - server_logic - [DEBUG] found replica for vector: 2
2025-11-18 17:24:29,150 - INFO - MainThread - server_logic - [DEBUG] found replica for vector: 3
2025-11-18 17:24:29,150 - INFO - MainThread - server_logic - [DEBUG] to me replica for vector: 3
2025-11-18 17:24:29,150 - INFO - MainThread - server_logic - [DEBUG] found replica for vector: 1
2025-11-18 17:24:29,150 - INFO - MainThread - server_logic - [DEBUG] found replica for vector: 2
2025-11-18 17:24:29,150 - INFO - MainThread - server_logic - [DEBUG] found replica for vector: 3
2025-11-18 17:24:29,150 - INFO - MainThread - server_logic - [DEBUG] found replica for vector: 4
2025-11-18 17:24:29,150 - INFO - MainThread - server_logic - [DEBUG] found replica for vector: 1
2025-11-18 17:24:29,150 - INFO - MainThread - server_logic - [DEBUG] found replica for vector: 2
2025-11-18 17:24:29,150 - INFO - MainThread - server_logic - [DEBUG] found replica for vector: 3
2025-11-18 17:24:29,150 - INFO - MainThread - server_logic - [DEBUG] found replica for vector: 4
2025-11-18 17:24:29,150 - INFO - MainThread - server_logic - [DEBUG] found replica for vector: 1
2025-11-18 17:24:29,150 - INFO - MainThread - server_logic - [DEBUG] found replica for vector: 2
2025-11-18 17:24:29,150 - INFO - MainThread - server_logic - [DEBUG] found replica for vector: 3
2025-11-18 17:24:29,150 - INFO - MainThread - server_logic - [DEBUG] to me replica for vector: 3
2025-11-18 17:24:29,150 - INFO - MainThread - server_logic - [DEBUG] found replica for vector: 1
2025-11-18 17:24:29,150 - INFO - MainThread - server_logic - [DEBUG] found replica for vector: 2
2025-11-18 17:24:29,150 - INFO - MainThread - server_logic - [DEBUG] found replica for vector: 3
2025-11-18 17:24:29,150 - INFO - MainThread - server_logic - [DEBUG] found replica for vector: 4
2025-11-18 17:24:29,150 - INFO - MainThread - server_logic - [DEBUG] found replica for vector: 1
2025-11-18 17:24:29,150 - INFO - MainThread - server_logic - [DEBUG] found replica for vector: 2
2025-11-18 17:24:29,150 - INFO - MainThread - server_logic - [DEBUG] found replica for vector: 3
2025-11-18 17:24:29,150 - INFO - MainThread - server_logic - [DEBUG] found replica for vector: 4
2025-11-18 17:24:29,150 - INFO - MainThread - server_logic - [DEBUG] found replica for vector: 1
2025-11-18 17:24:29,150 - INFO - MainThread - server_logic - [DEBUG] found replica for vector: 2
2025-11-18 17:24:29,150 - INFO - MainThread - server_logic - [DEBUG] found replica for vector: 3
2025-11-18 17:24:29,150 - INFO - MainThread - server_logic - [DEBUG] found replica for vector: 4
2025-11-18 17:24:29,151 - INFO - MainThread - server_logic - [DEBUG] found replica for vector: 1
2025-11-18 17:24:29,151 - INFO - MainThread - server_logic - [DEBUG] found replica for vector: 2
2025-11-18 17:24:29,151 - INFO - MainThread - server_logic - [DEBUG] found replica for vector: 3
2025-11-18 17:24:29,151 - INFO - MainThread - server_logic - [DEBUG] to me replica for vector: 3
2025-11-18 17:24:29,151 - INFO - MainThread - server_logic - [DEBUG] found replica for vector: 1
2025-11-18 17:24:29,151 - INFO - MainThread - server_logic - [DEBUG] found replica for vector: 2
2025-11-18 17:24:29,151 - INFO - MainThread - server_logic - [DEBUG] found replica for vector: 3
2025-11-18 17:24:29,151 - INFO - MainThread - server_logic - [DEBUG] found replica for vector: 4
2025-11-18 17:24:29,151 - INFO - MainThread - server_logic - [DEBUG] found replica for vector: 1
2025-11-18 17:24:29,151 - INFO - MainThread - server_logic - [DEBUG] found replica for vector: 2
2025-11-18 17:24:29,151 - INFO - MainThread - server_logic - [DEBUG] found replica for vector: 3
2025-11-18 17:24:29,151 - INFO - MainThread - server_logic - [DEBUG] to me replica for vector: 3
2025-11-18 17:24:29,151 - INFO - MainThread - server_logic - [DEBUG] found replica for vector: 1
2025-11-18 17:24:29,151 - INFO - MainThread - server_logic - [DEBUG] found replica for vector: 2
2025-11-18 17:24:29,151 - INFO - MainThread - server_logic - [DEBUG] found replica for vector: 3
2025-11-18 17:24:29,151 - INFO - MainThread - server_logic - [DEBUG] to me replica for vector: 3
2025-11-18 17:24:29,151 - INFO - MainThread - server_logic - [DEBUG] found replica for vector: 1
2025-11-18 17:24:29,151 - INFO - MainThread - server_logic - [DEBUG] found replica for vector: 2
2025-11-18 17:24:29,151 - INFO - MainThread - server_logic - [DEBUG] found replica for vector: 3
2025-11-18 17:24:29,151 - INFO - MainThread - server_logic - [DEBUG] found replica for vector: 4
2025-11-18 17:24:29,151 - INFO - MainThread - server_logic - [DEBUG] found replica for vector: 1
2025-11-18 17:24:29,151 - INFO - MainThread - server_logic - [DEBUG] found replica for vector: 2
2025-11-18 17:24:29,151 - INFO - MainThread - server_logic - [DEBUG] found replica for vector: 3
2025-11-18 17:24:29,151 - INFO - MainThread - server_logic - [DEBUG] found replica for vector: 4
2025-11-18 17:24:29,151 - INFO - MainThread - server_logic - [DEBUG] found replica for vector: 1
2025-11-18 17:24:29,151 - INFO - MainThread - server_logic - [DEBUG] found replica for vector: 2
2025-11-18 17:24:29,151 - INFO - MainThread - server_logic - [DEBUG] found replica for vector: 3
2025-11-18 17:24:29,151 - INFO - MainThread - server_logic - [DEBUG] found replica for vector: 4
2025-11-18 17:24:29,151 - INFO - MainThread - server_logic - [DEBUG] found replica for vector: 1
2025-11-18 17:24:29,151 - INFO - MainThread - server_logic - [DEBUG] found replica for vector: 2
2025-11-18 17:24:29,151 - INFO - MainThread - server_logic - [DEBUG] found replica for vector: 3
2025-11-18 17:24:29,151 - INFO - MainThread - server_logic - [DEBUG] found replica for vector: 4
2025-11-18 17:24:29,151 - INFO - MainThread - server_logic - [DEBUG] found replica for vector: 1
2025-11-18 17:24:29,151 - INFO - MainThread - server_logic - [DEBUG] found replica for vector: 2
2025-11-18 17:24:29,151 - INFO - MainThread - server_logic - [DEBUG] found replica for vector: 3
2025-11-18 17:24:29,151 - INFO - MainThread - server_logic - [DEBUG] found replica for vector: 4
2025-11-18 17:24:29,151 - INFO - MainThread - server_logic - [DEBUG] found replica for vector: 1
2025-11-18 17:24:29,151 - INFO - MainThread - server_logic - [DEBUG] found replica for vector: 2
2025-11-18 17:24:29,151 - INFO - MainThread - server_logic - [DEBUG] found replica for vector: 3
2025-11-18 17:24:29,151 - INFO - MainThread - server_logic - [DEBUG] to me replica for vector: 3
2025-11-18 17:24:29,151 - INFO - MainThread - server_logic - [DEBUG] found replica for vector: 1
2025-11-18 17:24:29,151 - INFO - MainThread - server_logic - [DEBUG] found replica for vector: 2
2025-11-18 17:24:29,151 - INFO - MainThread - server_logic - [DEBUG] found replica for vector: 3
2025-11-18 17:24:29,151 - INFO - MainThread - server_logic - [DEBUG] found replica for vector: 4
2025-11-18 17:24:29,151 - INFO - MainThread - server_logic - [DEBUG] found replica for vector: 1
2025-11-18 17:24:29,151 - INFO - MainThread - server_logic - [DEBUG] found replica for vector: 2
2025-11-18 17:24:29,151 - INFO - MainThread - server_logic - [DEBUG] found replica for vector: 3
2025-11-18 17:24:29,151 - INFO - MainThread - server_logic - [DEBUG] to me replica for vector: 3
2025-11-18 17:24:29,151 - INFO - MainThread - server_logic - [DEBUG] found replica for vector: 1
2025-11-18 17:24:29,151 - INFO - MainThread - server_logic - [DEBUG] found replica for vector: 2
2025-11-18 17:24:29,151 - INFO - MainThread - server_logic - [DEBUG] found replica for vector: 3
2025-11-18 17:24:29,151 - INFO - MainThread - server_logic - [DEBUG] found replica for vector: 4
2025-11-18 17:24:29,152 - INFO - MainThread - server_logic - [DEBUG] found replica for vector: 1
2025-11-18 17:24:29,152 - INFO - MainThread - server_logic - [DEBUG] found replica for vector: 2
2025-11-18 17:24:29,152 - INFO - MainThread - server_logic - [DEBUG] found replica for vector: 3
2025-11-18 17:24:29,152 - INFO - MainThread - server_logic - [DEBUG] found replica for vector: 4
2025-11-18 17:24:29,152 - INFO - MainThread - server_logic - [DEBUG] found replica for vector: 1
2025-11-18 17:24:29,152 - INFO - MainThread - server_logic - [DEBUG] found replica for vector: 2
2025-11-18 17:24:29,152 - INFO - MainThread - server_logic - [DEBUG] found replica for vector: 3
2025-11-18 17:24:29,152 - INFO - MainThread - server_logic - [DEBUG] found replica for vector: 4
2025-11-18 17:24:29,152 - INFO - MainThread - server_logic - [DEBUG] found replica for vector: 1
2025-11-18 17:24:29,152 - INFO - MainThread - server_logic - [DEBUG] found replica for vector: 2
2025-11-18 17:24:29,152 - INFO - MainThread - server_logic - [DEBUG] found replica for vector: 3
2025-11-18 17:24:29,152 - INFO - MainThread - server_logic - [DEBUG] found replica for vector: 4
2025-11-18 17:24:29,152 - INFO - MainThread - server_logic - [DEBUG] found replica for vector: 1
2025-11-18 17:24:29,152 - INFO - MainThread - server_logic - [DEBUG] found replica for vector: 2
2025-11-18 17:24:29,152 - INFO - MainThread - server_logic - [DEBUG] found replica for vector: 3
2025-11-18 17:24:29,152 - INFO - MainThread - server_logic - [DEBUG] found replica for vector: 4
2025-11-18 17:24:29,152 - INFO - MainThread - server_logic - [DEBUG] found replica for vector: 1
2025-11-18 17:24:29,152 - INFO - MainThread - server_logic - [DEBUG] found replica for vector: 2
2025-11-18 17:24:29,152 - INFO - MainThread - server_logic - [DEBUG] found replica for vector: 3
2025-11-18 17:24:29,152 - INFO - MainThread - server_logic - [DEBUG] found replica for vector: 4
2025-11-18 17:24:29,152 - INFO - MainThread - server_logic - [DEBUG] found replica for vector: 1
2025-11-18 17:24:29,152 - INFO - MainThread - server_logic - [DEBUG] found replica for vector: 2
2025-11-18 17:24:29,152 - INFO - MainThread - server_logic - [DEBUG] found replica for vector: 3
2025-11-18 17:24:29,152 - INFO - MainThread - server_logic - [DEBUG] to me replica for vector: 3
2025-11-18 17:24:29,152 - INFO - MainThread - server_logic - [DEBUG] found replica for vector: 1
2025-11-18 17:24:29,152 - INFO - MainThread - server_logic - [DEBUG] found replica for vector: 2
2025-11-18 17:24:29,152 - INFO - MainThread - server_logic - [DEBUG] found replica for vector: 3
2025-11-18 17:24:29,152 - INFO - MainThread - server_logic - [DEBUG] found replica for vector: 4
2025-11-18 17:24:29,152 - INFO - MainThread - server_logic - [DEBUG] found replica for vector: 1
2025-11-18 17:24:29,152 - INFO - MainThread - server_logic - [DEBUG] found replica for vector: 2
2025-11-18 17:24:29,152 - INFO - MainThread - server_logic - [DEBUG] found replica for vector: 3
2025-11-18 17:24:29,152 - INFO - MainThread - server_logic - [DEBUG] to me replica for vector: 3
2025-11-18 17:24:29,152 - INFO - MainThread - server_logic - [DEBUG] found replica for vector: 1
2025-11-18 17:24:29,152 - INFO - MainThread - server_logic - [DEBUG] found replica for vector: 2
2025-11-18 17:24:29,152 - INFO - MainThread - server_logic - [DEBUG] found replica for vector: 3
2025-11-18 17:24:29,152 - INFO - MainThread - server_logic - [DEBUG] found replica for vector: 4
2025-11-18 17:24:29,152 - INFO - MainThread - server_logic - [DEBUG] found replica for vector: 1
2025-11-18 17:24:29,152 - INFO - MainThread - server_logic - [DEBUG] found replica for vector: 2
2025-11-18 17:24:29,152 - INFO - MainThread - server_logic - [DEBUG] found replica for vector: 3
2025-11-18 17:24:29,152 - INFO - MainThread - server_logic - [DEBUG] to me replica for vector: 3
2025-11-18 17:24:29,152 - INFO - MainThread - server_logic - [DEBUG] found replica for vector: 1
2025-11-18 17:24:29,152 - INFO - MainThread - server_logic - [DEBUG] found replica for vector: 2
2025-11-18 17:24:29,152 - INFO - MainThread - server_logic - [DEBUG] found replica for vector: 3
2025-11-18 17:24:29,152 - INFO - MainThread - server_logic - [DEBUG] found replica for vector: 4
2025-11-18 17:24:29,152 - INFO - MainThread - server_logic - [DEBUG] found replica for vector: 1
2025-11-18 17:24:29,152 - INFO - MainThread - server_logic - [DEBUG] found replica for vector: 2
2025-11-18 17:24:29,152 - INFO - MainThread - server_logic - [DEBUG] found replica for vector: 3
2025-11-18 17:24:29,152 - INFO - MainThread - server_logic - [DEBUG] found replica for vector: 4
2025-11-18 17:24:29,152 - INFO - MainThread - server_logic - [DEBUG] found replica for vector: 1
2025-11-18 17:24:29,152 - INFO - MainThread - server_logic - [DEBUG] found replica for vector: 2
2025-11-18 17:24:29,152 - INFO - MainThread - server_logic - [DEBUG] found replica for vector: 3
2025-11-18 17:24:29,152 - INFO - MainThread - server_logic - [DEBUG] found replica for vector: 4
2025-11-18 17:24:29,152 - INFO - MainThread - server_logic - [DEBUG] found replica for vector: 1
2025-11-18 17:24:29,152 - INFO - MainThread - server_logic - [DEBUG] found replica for vector: 2
2025-11-18 17:24:29,152 - INFO - MainThread - server_logic - [DEBUG] found replica for vector: 3
2025-11-18 17:24:29,152 - INFO - MainThread - server_logic - [DEBUG] found replica for vector: 4
2025-11-18 17:24:29,153 - INFO - MainThread - server_logic - [DEBUG] found replica for vector: 1
2025-11-18 17:24:29,153 - INFO - MainThread - server_logic - [DEBUG] found replica for vector: 2
2025-11-18 17:24:29,153 - INFO - MainThread - server_logic - [DEBUG] found replica for vector: 3
2025-11-18 17:24:29,153 - INFO - MainThread - server_logic - [DEBUG] found replica for vector: 4
2025-11-18 17:24:29,153 - INFO - MainThread - server_logic - [DEBUG] found replica for vector: 1
2025-11-18 17:24:29,153 - INFO - MainThread - server_logic - [DEBUG] found replica for vector: 2
2025-11-18 17:24:29,153 - INFO - MainThread - server_logic - [DEBUG] found replica for vector: 3
2025-11-18 17:24:29,153 - INFO - MainThread - server_logic - [DEBUG] found replica for vector: 4
2025-11-18 17:24:29,153 - INFO - MainThread - server_logic - [DEBUG] found replica for vector: 1
2025-11-18 17:24:29,153 - INFO - MainThread - server_logic - [DEBUG] found replica for vector: 2
2025-11-18 17:24:29,153 - INFO - MainThread - server_logic - [DEBUG] found replica for vector: 3
2025-11-18 17:24:29,153 - INFO - MainThread - server_logic - [DEBUG] to me replica for vector: 3
2025-11-18 17:24:29,153 - INFO - MainThread - server_logic - [DEBUG] found replica for vector: 1
2025-11-18 17:24:29,153 - INFO - MainThread - server_logic - [DEBUG] found replica for vector: 2
2025-11-18 17:24:29,153 - INFO - MainThread - server_logic - [DEBUG] found replica for vector: 3
2025-11-18 17:24:29,153 - INFO - MainThread - server_logic - [DEBUG] found replica for vector: 4
2025-11-18 17:24:29,153 - INFO - MainThread - server_logic - [DEBUG] found replica for vector: 1
2025-11-18 17:24:29,153 - INFO - MainThread - server_logic - [DEBUG] found replica for vector: 2
2025-11-18 17:24:29,153 - INFO - MainThread - server_logic - [DEBUG] found replica for vector: 3
2025-11-18 17:24:29,153 - INFO - MainThread - server_logic - [DEBUG] found replica for vector: 4
2025-11-18 17:24:29,153 - INFO - MainThread - server_logic - [DEBUG] found replica for vector: 1
2025-11-18 17:24:29,153 - INFO - MainThread - server_logic - [DEBUG] found replica for vector: 2
2025-11-18 17:24:29,153 - INFO - MainThread - server_logic - [DEBUG] found replica for vector: 3
2025-11-18 17:24:29,153 - INFO - MainThread - server_logic - [DEBUG] found replica for vector: 4
2025-11-18 17:24:29,153 - INFO - MainThread - server_logic - [DEBUG] found replica for vector: 1
2025-11-18 17:24:29,153 - INFO - MainThread - server_logic - [DEBUG] found replica for vector: 2
2025-11-18 17:24:29,153 - INFO - MainThread - server_logic - [DEBUG] found replica for vector: 3
2025-11-18 17:24:29,153 - INFO - MainThread - server_logic - [DEBUG] to me replica for vector: 3
2025-11-18 17:24:29,153 - INFO - MainThread - server_logic - [DEBUG] found replica for vector: 1
2025-11-18 17:24:29,153 - INFO - MainThread - server_logic - [DEBUG] found replica for vector: 2
2025-11-18 17:24:29,153 - INFO - MainThread - server_logic - [DEBUG] found replica for vector: 3
2025-11-18 17:24:29,153 - INFO - MainThread - server_logic - [DEBUG] found replica for vector: 4
2025-11-18 17:24:29,153 - INFO - MainThread - server_logic - [DEBUG] found replica for vector: 1
2025-11-18 17:24:29,153 - INFO - MainThread - server_logic - [DEBUG] found replica for vector: 2
2025-11-18 17:24:29,153 - INFO - MainThread - server_logic - [DEBUG] found replica for vector: 3
2025-11-18 17:24:29,153 - INFO - MainThread - server_logic - [DEBUG] found replica for vector: 4
2025-11-18 17:24:29,153 - INFO - MainThread - server_logic - [DEBUG] found replica for vector: 1
2025-11-18 17:24:29,153 - INFO - MainThread - server_logic - [DEBUG] found replica for vector: 2
2025-11-18 17:24:29,153 - INFO - MainThread - server_logic - [DEBUG] found replica for vector: 3
2025-11-18 17:24:29,153 - INFO - MainThread - server_logic - [DEBUG] found replica for vector: 4
2025-11-18 17:24:29,153 - INFO - MainThread - server_logic - [DEBUG] found replica for vector: 1
2025-11-18 17:24:29,153 - INFO - MainThread - server_logic - [DEBUG] found replica for vector: 2
2025-11-18 17:24:29,153 - INFO - MainThread - server_logic - [DEBUG] found replica for vector: 3
2025-11-18 17:24:29,153 - INFO - MainThread - server_logic - [DEBUG] found replica for vector: 4
2025-11-18 17:24:29,153 - INFO - MainThread - server_logic - [DEBUG] found replica for vector: 1
2025-11-18 17:24:29,153 - INFO - MainThread - server_logic - [DEBUG] found replica for vector: 2
2025-11-18 17:24:29,153 - INFO - MainThread - server_logic - [DEBUG] found replica for vector: 3
2025-11-18 17:24:29,153 - INFO - MainThread - server_logic - [DEBUG] found replica for vector: 4
2025-11-18 17:24:29,153 - INFO - MainThread - server_logic - [DEBUG] found replica for vector: 1
2025-11-18 17:24:29,153 - INFO - MainThread - server_logic - [DEBUG] found replica for vector: 2
2025-11-18 17:24:29,153 - INFO - MainThread - server_logic - [DEBUG] found replica for vector: 3
2025-11-18 17:24:29,153 - INFO - MainThread - server_logic - [DEBUG] to me replica for vector: 3
2025-11-18 17:24:29,153 - INFO - MainThread - server_logic - [DEBUG] found replica for vector: 1
2025-11-18 17:24:29,153 - INFO - MainThread - server_logic - [DEBUG] found replica for vector: 2
2025-11-18 17:24:29,153 - INFO - MainThread - server_logic - [DEBUG] found replica for vector: 3
2025-11-18 17:24:29,153 - INFO - MainThread - server_logic - [DEBUG] found replica for vector: 4
2025-11-18 17:24:29,154 - INFO - MainThread - server_logic - [DEBUG] found replica for vector: 1
2025-11-18 17:24:29,154 - INFO - MainThread - server_logic - [DEBUG] found replica for vector: 2
2025-11-18 17:24:29,154 - INFO - MainThread - server_logic - [DEBUG] found replica for vector: 3
2025-11-18 17:24:29,154 - INFO - MainThread - server_logic - [DEBUG] found replica for vector: 4
2025-11-18 17:24:29,154 - INFO - MainThread - server_logic - [DEBUG] found replica for vector: 1
2025-11-18 17:24:29,154 - INFO - MainThread - server_logic - [DEBUG] found replica for vector: 2
2025-11-18 17:24:29,154 - INFO - MainThread - server_logic - [DEBUG] found replica for vector: 3
2025-11-18 17:24:29,154 - INFO - MainThread - server_logic - [DEBUG] found replica for vector: 4
2025-11-18 17:24:29,154 - INFO - MainThread - server_logic - [DEBUG] found replica for vector: 1
2025-11-18 17:24:29,154 - INFO - MainThread - server_logic - [DEBUG] found replica for vector: 2
2025-11-18 17:24:29,154 - INFO - MainThread - server_logic - [DEBUG] found replica for vector: 3
2025-11-18 17:24:29,154 - INFO - MainThread - server_logic - [DEBUG] to me replica for vector: 3
2025-11-18 17:24:29,154 - INFO - MainThread - server_logic - [DEBUG] found replica for vector: 1
2025-11-18 17:24:29,154 - INFO - MainThread - server_logic - [DEBUG] found replica for vector: 2
2025-11-18 17:24:29,154 - INFO - MainThread - server_logic - [DEBUG] found replica for vector: 3
2025-11-18 17:24:29,154 - INFO - MainThread - server_logic - [DEBUG] to me replica for vector: 3
2025-11-18 17:24:29,154 - INFO - MainThread - server_logic - [DEBUG] found replica for vector: 1
2025-11-18 17:24:29,154 - INFO - MainThread - server_logic - [DEBUG] found replica for vector: 2
2025-11-18 17:24:29,154 - INFO - MainThread - server_logic - [DEBUG] found replica for vector: 3
2025-11-18 17:24:29,154 - INFO - MainThread - server_logic - [DEBUG] found replica for vector: 4
2025-11-18 17:24:29,154 - INFO - MainThread - server_logic - [DEBUG] found replica for vector: 1
2025-11-18 17:24:29,154 - INFO - MainThread - server_logic - [DEBUG] found replica for vector: 2
2025-11-18 17:24:29,154 - INFO - MainThread - server_logic - [DEBUG] found replica for vector: 3
2025-11-18 17:24:29,154 - INFO - MainThread - server_logic - [DEBUG] found replica for vector: 4
2025-11-18 17:24:29,154 - INFO - MainThread - server_logic - [DEBUG] found replica for vector: 1
2025-11-18 17:24:29,154 - INFO - MainThread - server_logic - [DEBUG] found replica for vector: 2
2025-11-18 17:24:29,154 - INFO - MainThread - server_logic - [DEBUG] found replica for vector: 3
2025-11-18 17:24:29,154 - INFO - MainThread - server_logic - [DEBUG] to me replica for vector: 3
2025-11-18 17:24:29,154 - INFO - MainThread - server_logic - [DEBUG] found replica for vector: 1
2025-11-18 17:24:29,154 - INFO - MainThread - server_logic - [DEBUG] found replica for vector: 2
2025-11-18 17:24:29,154 - INFO - MainThread - server_logic - [DEBUG] found replica for vector: 3
2025-11-18 17:24:29,154 - INFO - MainThread - server_logic - [DEBUG] found replica for vector: 4
2025-11-18 17:24:29,154 - INFO - MainThread - server_logic - [DEBUG] found replica for vector: 1
2025-11-18 17:24:29,154 - INFO - MainThread - server_logic - [DEBUG] found replica for vector: 2
2025-11-18 17:24:29,154 - INFO - MainThread - server_logic - [DEBUG] found replica for vector: 3
2025-11-18 17:24:29,154 - INFO - MainThread - server_logic - [DEBUG] found replica for vector: 4
2025-11-18 17:24:29,154 - INFO - MainThread - server_logic - [DEBUG] found replica for vector: 1
2025-11-18 17:24:29,154 - INFO - MainThread - server_logic - [DEBUG] found replica for vector: 2
2025-11-18 17:24:29,154 - INFO - MainThread - server_logic - [DEBUG] found replica for vector: 3
2025-11-18 17:24:29,154 - INFO - MainThread - server_logic - [DEBUG] found replica for vector: 4
2025-11-18 17:24:29,154 - INFO - MainThread - server_logic - [DEBUG] found replica for vector: 1
2025-11-18 17:24:29,154 - INFO - MainThread - server_logic - [DEBUG] found replica for vector: 2
2025-11-18 17:24:29,154 - INFO - MainThread - server_logic - [DEBUG] found replica for vector: 3
2025-11-18 17:24:29,154 - INFO - MainThread - server_logic - [DEBUG] found replica for vector: 4
2025-11-18 17:24:29,154 - INFO - MainThread - server_logic - [DEBUG] found replica for vector: 1
2025-11-18 17:24:29,154 - INFO - MainThread - server_logic - [DEBUG] found replica for vector: 2
2025-11-18 17:24:29,154 - INFO - MainThread - server_logic - [DEBUG] found replica for vector: 3
2025-11-18 17:24:29,154 - INFO - MainThread - server_logic - [DEBUG] found replica for vector: 4
2025-11-18 17:24:29,154 - INFO - MainThread - server_logic - [DEBUG] found replica for vector: 1
2025-11-18 17:24:29,154 - INFO - MainThread - server_logic - [DEBUG] found replica for vector: 2
2025-11-18 17:24:29,154 - INFO - MainThread - server_logic - [DEBUG] found replica for vector: 3
2025-11-18 17:24:29,154 - INFO - MainThread - server_logic - [DEBUG] found replica for vector: 4
2025-11-18 17:24:29,154 - INFO - MainThread - server_logic - [DEBUG] found replica for vector: 1
2025-11-18 17:24:29,154 - INFO - MainThread - server_logic - [DEBUG] found replica for vector: 2
2025-11-18 17:24:29,154 - INFO - MainThread - server_logic - [DEBUG] found replica for vector: 3
2025-11-18 17:24:29,154 - INFO - MainThread - server_logic - [DEBUG] found replica for vector: 4
2025-11-18 17:24:29,155 - INFO - MainThread - server_logic - [DEBUG] found replica for vector: 1
2025-11-18 17:24:29,155 - INFO - MainThread - server_logic - [DEBUG] found replica for vector: 2
2025-11-18 17:24:29,155 - INFO - MainThread - server_logic - [DEBUG] found replica for vector: 3
2025-11-18 17:24:29,155 - INFO - MainThread - server_logic - [DEBUG] found replica for vector: 4
2025-11-18 17:24:29,155 - INFO - MainThread - server_logic - [DEBUG] found replica for vector: 1
2025-11-18 17:24:29,155 - INFO - MainThread - server_logic - [DEBUG] found replica for vector: 2
2025-11-18 17:24:29,155 - INFO - MainThread - server_logic - [DEBUG] found replica for vector: 3
2025-11-18 17:24:29,155 - INFO - MainThread - server_logic - [DEBUG] found replica for vector: 4
2025-11-18 17:24:29,155 - INFO - MainThread - server_logic - [DEBUG] found replica for vector: 1
2025-11-18 17:24:29,155 - INFO - MainThread - server_logic - [DEBUG] found replica for vector: 2
2025-11-18 17:24:29,155 - INFO - MainThread - server_logic - [DEBUG] found replica for vector: 3
2025-11-18 17:24:29,155 - INFO - MainThread - server_logic - [DEBUG] to me replica for vector: 3
2025-11-18 17:24:29,155 - INFO - MainThread - server_logic - [DEBUG] found replica for vector: 1
2025-11-18 17:24:29,155 - INFO - MainThread - server_logic - [DEBUG] found replica for vector: 2
2025-11-18 17:24:29,155 - INFO - MainThread - server_logic - [DEBUG] found replica for vector: 3
2025-11-18 17:24:29,155 - INFO - MainThread - server_logic - [DEBUG] found replica for vector: 4
2025-11-18 17:24:29,155 - INFO - MainThread - server_logic - [DEBUG] found replica for vector: 1
2025-11-18 17:24:29,155 - INFO - MainThread - server_logic - [DEBUG] found replica for vector: 2
2025-11-18 17:24:29,155 - INFO - MainThread - server_logic - [DEBUG] found replica for vector: 3
2025-11-18 17:24:29,155 - INFO - MainThread - server_logic - [DEBUG] found replica for vector: 4
2025-11-18 17:24:29,155 - INFO - MainThread - server_logic - [DEBUG] found replica for vector: 1
2025-11-18 17:24:29,155 - INFO - MainThread - server_logic - [DEBUG] found replica for vector: 2
2025-11-18 17:24:29,155 - INFO - MainThread - server_logic - [DEBUG] found replica for vector: 3
2025-11-18 17:24:29,155 - INFO - MainThread - server_logic - [DEBUG] to me replica for vector: 3
2025-11-18 17:24:29,155 - INFO - MainThread - server_logic - [DEBUG] found replica for vector: 1
2025-11-18 17:24:29,155 - INFO - MainThread - server_logic - [DEBUG] found replica for vector: 2
2025-11-18 17:24:29,155 - INFO - MainThread - server_logic - [DEBUG] found replica for vector: 3
2025-11-18 17:24:29,155 - INFO - MainThread - server_logic - [DEBUG] to me replica for vector: 3
2025-11-18 17:24:29,155 - INFO - MainThread - server_logic - [DEBUG] found replica for vector: 1
2025-11-18 17:24:29,155 - INFO - MainThread - server_logic - [DEBUG] found replica for vector: 2
2025-11-18 17:24:29,155 - INFO - MainThread - server_logic - [DEBUG] found replica for vector: 3
2025-11-18 17:24:29,155 - INFO - MainThread - server_logic - [DEBUG] found replica for vector: 4
2025-11-18 17:24:29,155 - INFO - MainThread - server_logic - [DEBUG] found replica for vector: 1
2025-11-18 17:24:29,155 - INFO - MainThread - server_logic - [DEBUG] found replica for vector: 2
2025-11-18 17:24:29,155 - INFO - MainThread - server_logic - [DEBUG] found replica for vector: 3
2025-11-18 17:24:29,155 - INFO - MainThread - server_logic - [DEBUG] to me replica for vector: 3
2025-11-18 17:24:29,155 - INFO - MainThread - server_logic - [DEBUG] found replica for vector: 1
2025-11-18 17:24:29,155 - INFO - MainThread - server_logic - [DEBUG] found replica for vector: 2
2025-11-18 17:24:29,155 - INFO - MainThread - server_logic - [DEBUG] found replica for vector: 3
2025-11-18 17:24:29,155 - INFO - MainThread - server_logic - [DEBUG] found replica for vector: 4
2025-11-18 17:24:29,155 - INFO - MainThread - server_logic - [DEBUG] found replica for vector: 1
2025-11-18 17:24:29,155 - INFO - MainThread - server_logic - [DEBUG] found replica for vector: 2
2025-11-18 17:24:29,155 - INFO - MainThread - server_logic - [DEBUG] found replica for vector: 3
2025-11-18 17:24:29,155 - INFO - MainThread - server_logic - [DEBUG] found replica for vector: 4
2025-11-18 17:24:29,155 - INFO - MainThread - server_logic - [DEBUG] found replica for vector: 1
2025-11-18 17:24:29,155 - INFO - MainThread - server_logic - [DEBUG] found replica for vector: 2
2025-11-18 17:24:29,155 - INFO - MainThread - server_logic - [DEBUG] found replica for vector: 3
2025-11-18 17:24:29,155 - INFO - MainThread - server_logic - [DEBUG] found replica for vector: 4
2025-11-18 17:24:29,155 - INFO - MainThread - server_logic - [DEBUG] found replica for vector: 1
2025-11-18 17:24:29,155 - INFO - MainThread - server_logic - [DEBUG] found replica for vector: 2
2025-11-18 17:24:29,155 - INFO - MainThread - server_logic - [DEBUG] found replica for vector: 3
2025-11-18 17:24:29,155 - INFO - MainThread - server_logic - [DEBUG] found replica for vector: 4
2025-11-18 17:24:29,155 - INFO - MainThread - server_logic - [DEBUG] found replica for vector: 1
2025-11-18 17:24:29,155 - INFO - MainThread - server_logic - [DEBUG] found replica for vector: 2
2025-11-18 17:24:29,155 - INFO - MainThread - server_logic - [DEBUG] found replica for vector: 3
2025-11-18 17:24:29,155 - INFO - MainThread - server_logic - [DEBUG] found replica for vector: 4
2025-11-18 17:24:29,156 - INFO - MainThread - server_logic - [DEBUG] found replica for vector: 1
2025-11-18 17:24:29,156 - INFO - MainThread - server_logic - [DEBUG] found replica for vector: 2
2025-11-18 17:24:29,156 - INFO - MainThread - server_logic - [DEBUG] found replica for vector: 3
2025-11-18 17:24:29,156 - INFO - MainThread - server_logic - [DEBUG] found replica for vector: 4
2025-11-18 17:24:29,156 - INFO - MainThread - server_logic - [DEBUG] found replica for vector: 1
2025-11-18 17:24:29,156 - INFO - MainThread - server_logic - [DEBUG] found replica for vector: 2
2025-11-18 17:24:29,156 - INFO - MainThread - server_logic - [DEBUG] found replica for vector: 3
2025-11-18 17:24:29,156 - INFO - MainThread - server_logic - [DEBUG] to me replica for vector: 3
2025-11-18 17:24:29,156 - INFO - MainThread - server_logic - [DEBUG] found replica for vector: 1
2025-11-18 17:24:29,156 - INFO - MainThread - server_logic - [DEBUG] found replica for vector: 2
2025-11-18 17:24:29,156 - INFO - MainThread - server_logic - [DEBUG] found replica for vector: 3
2025-11-18 17:24:29,156 - INFO - MainThread - server_logic - [DEBUG] found replica for vector: 4
2025-11-18 17:24:29,156 - INFO - MainThread - server_logic - [DEBUG] found replica for vector: 1
2025-11-18 17:24:29,156 - INFO - MainThread - server_logic - [DEBUG] found replica for vector: 2
2025-11-18 17:24:29,156 - INFO - MainThread - server_logic - [DEBUG] found replica for vector: 3
2025-11-18 17:24:29,156 - INFO - MainThread - server_logic - [DEBUG] found replica for vector: 4
2025-11-18 17:24:29,156 - INFO - MainThread - server_logic - [DEBUG] found replica for vector: 1
2025-11-18 17:24:29,156 - INFO - MainThread - server_logic - [DEBUG] found replica for vector: 2
2025-11-18 17:24:29,156 - INFO - MainThread - server_logic - [DEBUG] found replica for vector: 3
2025-11-18 17:24:29,156 - INFO - MainThread - server_logic - [DEBUG] found replica for vector: 4
2025-11-18 17:24:29,156 - INFO - MainThread - server_logic - [DEBUG] found replica for vector: 1
2025-11-18 17:24:29,156 - INFO - MainThread - server_logic - [DEBUG] found replica for vector: 2
2025-11-18 17:24:29,156 - INFO - MainThread - server_logic - [DEBUG] found replica for vector: 3
2025-11-18 17:24:29,156 - INFO - MainThread - server_logic - [DEBUG] found replica for vector: 4
2025-11-18 17:24:29,156 - INFO - MainThread - server_logic - [DEBUG] found replica for vector: 1
2025-11-18 17:24:29,156 - INFO - MainThread - server_logic - [DEBUG] found replica for vector: 2
2025-11-18 17:24:29,156 - INFO - MainThread - server_logic - [DEBUG] found replica for vector: 3
2025-11-18 17:24:29,156 - INFO - MainThread - server_logic - [DEBUG] found replica for vector: 4
2025-11-18 17:24:29,156 - INFO - MainThread - server_logic - [DEBUG] found replica for vector: 1
2025-11-18 17:24:29,156 - INFO - MainThread - server_logic - [DEBUG] found replica for vector: 2
2025-11-18 17:24:29,156 - INFO - MainThread - server_logic - [DEBUG] found replica for vector: 3
2025-11-18 17:24:29,156 - INFO - MainThread - server_logic - [DEBUG] found replica for vector: 4
2025-11-18 17:24:29,156 - INFO - MainThread - server_logic - [DEBUG] found replica for vector: 1
2025-11-18 17:24:29,156 - INFO - MainThread - server_logic - [DEBUG] found replica for vector: 2
2025-11-18 17:24:29,156 - INFO - MainThread - server_logic - [DEBUG] found replica for vector: 3
2025-11-18 17:24:29,156 - INFO - MainThread - server_logic - [DEBUG] found replica for vector: 4
2025-11-18 17:24:29,156 - INFO - MainThread - server_logic - [DEBUG] found replica for vector: 1
2025-11-18 17:24:29,156 - INFO - MainThread - server_logic - [DEBUG] found replica for vector: 2
2025-11-18 17:24:29,156 - INFO - MainThread - server_logic - [DEBUG] found replica for vector: 3
2025-11-18 17:24:29,156 - INFO - MainThread - server_logic - [DEBUG] found replica for vector: 4
2025-11-18 17:24:29,156 - INFO - MainThread - server_logic - [DEBUG] found replica for vector: 1
2025-11-18 17:24:29,156 - INFO - MainThread - server_logic - [DEBUG] found replica for vector: 2
2025-11-18 17:24:29,156 - INFO - MainThread - server_logic - [DEBUG] found replica for vector: 3
2025-11-18 17:24:29,156 - INFO - MainThread - server_logic - [DEBUG] to me replica for vector: 3
2025-11-18 17:24:29,156 - INFO - MainThread - server_logic - [DEBUG] found replica for vector: 1
2025-11-18 17:24:29,156 - INFO - MainThread - server_logic - [DEBUG] found replica for vector: 2
2025-11-18 17:24:29,156 - INFO - MainThread - server_logic - [DEBUG] found replica for vector: 3
2025-11-18 17:24:29,156 - INFO - MainThread - server_logic - [DEBUG] found replica for vector: 4
2025-11-18 17:24:29,156 - INFO - MainThread - server_logic - [DEBUG] found replica for vector: 1
2025-11-18 17:24:29,156 - INFO - MainThread - server_logic - [DEBUG] found replica for vector: 2
2025-11-18 17:24:29,156 - INFO - MainThread - server_logic - [DEBUG] found replica for vector: 3
2025-11-18 17:24:29,156 - INFO - MainThread - server_logic - [DEBUG] found replica for vector: 4
2025-11-18 17:24:29,156 - INFO - MainThread - server_logic - [DEBUG] found replica for vector: 1
2025-11-18 17:24:29,156 - INFO - MainThread - server_logic - [DEBUG] found replica for vector: 2
2025-11-18 17:24:29,156 - INFO - MainThread - server_logic - [DEBUG] found replica for vector: 3
2025-11-18 17:24:29,156 - INFO - MainThread - server_logic - [DEBUG] found replica for vector: 4
2025-11-18 17:24:29,157 - INFO - MainThread - server_logic - [DEBUG] found replica for vector: 1
2025-11-18 17:24:29,157 - INFO - MainThread - server_logic - [DEBUG] found replica for vector: 2
2025-11-18 17:24:29,157 - INFO - MainThread - server_logic - [DEBUG] found replica for vector: 3
2025-11-18 17:24:29,157 - INFO - MainThread - server_logic - [DEBUG] found replica for vector: 4
2025-11-18 17:24:29,157 - INFO - MainThread - server_logic - [DEBUG] found replica for vector: 1
2025-11-18 17:24:29,157 - INFO - MainThread - server_logic - [DEBUG] found replica for vector: 2
2025-11-18 17:24:29,157 - INFO - MainThread - server_logic - [DEBUG] found replica for vector: 3
2025-11-18 17:24:29,157 - INFO - MainThread - server_logic - [DEBUG] found replica for vector: 4
2025-11-18 17:24:29,157 - INFO - MainThread - server_logic - [DEBUG] found replica for vector: 1
2025-11-18 17:24:29,157 - INFO - MainThread - server_logic - [DEBUG] found replica for vector: 2
2025-11-18 17:24:29,157 - INFO - MainThread - server_logic - [DEBUG] found replica for vector: 3
2025-11-18 17:24:29,157 - INFO - MainThread - server_logic - [DEBUG] found replica for vector: 4
2025-11-18 17:24:29,157 - INFO - MainThread - server_logic - [DEBUG] found replica for vector: 1
2025-11-18 17:24:29,157 - INFO - MainThread - server_logic - [DEBUG] found replica for vector: 2
2025-11-18 17:24:29,157 - INFO - MainThread - server_logic - [DEBUG] found replica for vector: 3
2025-11-18 17:24:29,157 - INFO - MainThread - server_logic - [DEBUG] found replica for vector: 4
2025-11-18 17:24:29,157 - INFO - MainThread - server_logic - [DEBUG] found replica for vector: 1
2025-11-18 17:24:29,157 - INFO - MainThread - server_logic - [DEBUG] found replica for vector: 2
2025-11-18 17:24:29,157 - INFO - MainThread - server_logic - [DEBUG] found replica for vector: 3
2025-11-18 17:24:29,157 - INFO - MainThread - server_logic - [DEBUG] found replica for vector: 4
2025-11-18 17:24:29,157 - INFO - MainThread - server_logic - [DEBUG] found replica for vector: 1
2025-11-18 17:24:29,157 - INFO - MainThread - server_logic - [DEBUG] found replica for vector: 2
2025-11-18 17:24:29,157 - INFO - MainThread - server_logic - [DEBUG] found replica for vector: 3
2025-11-18 17:24:29,157 - INFO - MainThread - server_logic - [DEBUG] found replica for vector: 4
2025-11-18 17:24:29,157 - INFO - MainThread - server_logic - [DEBUG] found replica for vector: 1
2025-11-18 17:24:29,157 - INFO - MainThread - server_logic - [DEBUG] found replica for vector: 2
2025-11-18 17:24:29,157 - INFO - MainThread - server_logic - [DEBUG] found replica for vector: 3
2025-11-18 17:24:29,157 - INFO - MainThread - server_logic - [DEBUG] found replica for vector: 4
2025-11-18 17:24:29,157 - INFO - MainThread - server_logic - [DEBUG] found replica for vector: 1
2025-11-18 17:24:29,157 - INFO - MainThread - server_logic - [DEBUG] found replica for vector: 2
2025-11-18 17:24:29,157 - INFO - MainThread - server_logic - [DEBUG] found replica for vector: 3
2025-11-18 17:24:29,157 - INFO - MainThread - server_logic - [DEBUG] found replica for vector: 4
2025-11-18 17:24:29,157 - INFO - MainThread - server_logic - [DEBUG] found replica for vector: 1
2025-11-18 17:24:29,157 - INFO - MainThread - server_logic - [DEBUG] found replica for vector: 2
2025-11-18 17:24:29,157 - INFO - MainThread - server_logic - [DEBUG] found replica for vector: 3
2025-11-18 17:24:29,157 - INFO - MainThread - server_logic - [DEBUG] found replica for vector: 4
2025-11-18 17:24:29,157 - INFO - MainThread - server_logic - [DEBUG] found replica for vector: 1
2025-11-18 17:24:29,157 - INFO - MainThread - server_logic - [DEBUG] found replica for vector: 2
2025-11-18 17:24:29,157 - INFO - MainThread - server_logic - [DEBUG] found replica for vector: 3
2025-11-18 17:24:29,157 - INFO - MainThread - server_logic - [DEBUG] found replica for vector: 4
2025-11-18 17:24:29,157 - INFO - MainThread - server_logic - [DEBUG] found replica for vector: 1
2025-11-18 17:24:29,157 - INFO - MainThread - server_logic - [DEBUG] found replica for vector: 2
2025-11-18 17:24:29,157 - INFO - MainThread - server_logic - [DEBUG] found replica for vector: 3
2025-11-18 17:24:29,157 - INFO - MainThread - server_logic - [DEBUG] found replica for vector: 4
2025-11-18 17:24:29,157 - INFO - MainThread - server_logic - [DEBUG] found replica for vector: 1
2025-11-18 17:24:29,157 - INFO - MainThread - server_logic - [DEBUG] found replica for vector: 2
2025-11-18 17:24:29,157 - INFO - MainThread - server_logic - [DEBUG] found replica for vector: 3
2025-11-18 17:24:29,157 - INFO - MainThread - server_logic - [DEBUG] to me replica for vector: 3
2025-11-18 17:24:29,157 - INFO - MainThread - server_logic - [DEBUG] found replica for vector: 1
2025-11-18 17:24:29,157 - INFO - MainThread - server_logic - [DEBUG] found replica for vector: 2
2025-11-18 17:24:29,157 - INFO - MainThread - server_logic - [DEBUG] found replica for vector: 3
2025-11-18 17:24:29,157 - INFO - MainThread - server_logic - [DEBUG] found replica for vector: 4
2025-11-18 17:24:29,157 - INFO - MainThread - server_logic - [DEBUG] found replica for vector: 1
2025-11-18 17:24:29,157 - INFO - MainThread - server_logic - [DEBUG] found replica for vector: 2
2025-11-18 17:24:29,157 - INFO - MainThread - server_logic - [DEBUG] found replica for vector: 3
2025-11-18 17:24:29,157 - INFO - MainThread - server_logic - [DEBUG] found replica for vector: 4
2025-11-18 17:24:29,158 - INFO - MainThread - server_logic - [DEBUG] found replica for vector: 1
2025-11-18 17:24:29,158 - INFO - MainThread - server_logic - [DEBUG] found replica for vector: 2
2025-11-18 17:24:29,158 - INFO - MainThread - server_logic - [DEBUG] found replica for vector: 3
2025-11-18 17:24:29,158 - INFO - MainThread - server_logic - [DEBUG] found replica for vector: 4
2025-11-18 17:24:29,158 - INFO - MainThread - server_logic - [DEBUG] found replica for vector: 1
2025-11-18 17:24:29,158 - INFO - MainThread - server_logic - [DEBUG] found replica for vector: 2
2025-11-18 17:24:29,158 - INFO - MainThread - server_logic - [DEBUG] found replica for vector: 3
2025-11-18 17:24:29,158 - INFO - MainThread - server_logic - [DEBUG] to me replica for vector: 3
2025-11-18 17:24:29,158 - INFO - MainThread - server_logic - [DEBUG] found replica for vector: 1
2025-11-18 17:24:29,158 - INFO - MainThread - server_logic - [DEBUG] found replica for vector: 2
2025-11-18 17:24:29,158 - INFO - MainThread - server_logic - [DEBUG] found replica for vector: 3
2025-11-18 17:24:29,158 - INFO - MainThread - server_logic - [DEBUG] found replica for vector: 4
2025-11-18 17:24:29,158 - INFO - MainThread - server_logic - [DEBUG] found replica for vector: 1
2025-11-18 17:24:29,158 - INFO - MainThread - server_logic - [DEBUG] found replica for vector: 2
2025-11-18 17:24:29,158 - INFO - MainThread - server_logic - [DEBUG] found replica for vector: 3
2025-11-18 17:24:29,158 - INFO - MainThread - server_logic - [DEBUG] to me replica for vector: 3
2025-11-18 17:24:29,158 - INFO - MainThread - server_logic - [DEBUG] found replica for vector: 1
2025-11-18 17:24:29,158 - INFO - MainThread - server_logic - [DEBUG] found replica for vector: 2
2025-11-18 17:24:29,158 - INFO - MainThread - server_logic - [DEBUG] found replica for vector: 3
2025-11-18 17:24:29,158 - INFO - MainThread - server_logic - [DEBUG] found replica for vector: 4
2025-11-18 17:24:29,158 - INFO - MainThread - server_logic - [DEBUG] found replica for vector: 1
2025-11-18 17:24:29,158 - INFO - MainThread - server_logic - [DEBUG] found replica for vector: 2
2025-11-18 17:24:29,158 - INFO - MainThread - server_logic - [DEBUG] found replica for vector: 3
2025-11-18 17:24:29,158 - INFO - MainThread - server_logic - [DEBUG] to me replica for vector: 3
2025-11-18 17:24:29,158 - INFO - MainThread - server_logic - [DEBUG] found replica for vector: 1
2025-11-18 17:24:29,158 - INFO - MainThread - server_logic - [DEBUG] found replica for vector: 2
2025-11-18 17:24:29,158 - INFO - MainThread - server_logic - [DEBUG] found replica for vector: 3
2025-11-18 17:24:29,158 - INFO - MainThread - server_logic - [DEBUG] found replica for vector: 4
2025-11-18 17:24:29,158 - INFO - MainThread - server_logic - [DEBUG] found replica for vector: 1
2025-11-18 17:24:29,158 - INFO - MainThread - server_logic - [DEBUG] found replica for vector: 2
2025-11-18 17:24:29,158 - INFO - MainThread - server_logic - [DEBUG] found replica for vector: 3
2025-11-18 17:24:29,158 - INFO - MainThread - server_logic - [DEBUG] found replica for vector: 4
2025-11-18 17:24:29,158 - INFO - MainThread - server_logic - [DEBUG] found replica for vector: 1
2025-11-18 17:24:29,158 - INFO - MainThread - server_logic - [DEBUG] found replica for vector: 2
2025-11-18 17:24:29,158 - INFO - MainThread - server_logic - [DEBUG] found replica for vector: 3
2025-11-18 17:24:29,158 - INFO - MainThread - server_logic - [DEBUG] found replica for vector: 4
2025-11-18 17:24:29,158 - INFO - MainThread - server_logic - [DEBUG] found replica for vector: 1
2025-11-18 17:24:29,158 - INFO - MainThread - server_logic - [DEBUG] found replica for vector: 2
2025-11-18 17:24:29,158 - INFO - MainThread - server_logic - [DEBUG] found replica for vector: 3
2025-11-18 17:24:29,158 - INFO - MainThread - server_logic - [DEBUG] found replica for vector: 4
2025-11-18 17:24:29,158 - INFO - MainThread - server_logic - [DEBUG] found replica for vector: 1
2025-11-18 17:24:29,158 - INFO - MainThread - server_logic - [DEBUG] found replica for vector: 2
2025-11-18 17:24:29,158 - INFO - MainThread - server_logic - [DEBUG] found replica for vector: 3
2025-11-18 17:24:29,158 - INFO - MainThread - server_logic - [DEBUG] found replica for vector: 4
2025-11-18 17:24:29,158 - INFO - MainThread - server_logic - [DEBUG] found replica for vector: 1
2025-11-18 17:24:29,158 - INFO - MainThread - server_logic - [DEBUG] found replica for vector: 2
2025-11-18 17:24:29,158 - INFO - MainThread - server_logic - [DEBUG] found replica for vector: 3
2025-11-18 17:24:29,158 - INFO - MainThread - server_logic - [DEBUG] to me replica for vector: 3
2025-11-18 17:24:29,158 - INFO - MainThread - server_logic - [DEBUG] found replica for vector: 1
2025-11-18 17:24:29,158 - INFO - MainThread - server_logic - [DEBUG] found replica for vector: 2
2025-11-18 17:24:29,158 - INFO - MainThread - server_logic - [DEBUG] found replica for vector: 3
2025-11-18 17:24:29,158 - INFO - MainThread - server_logic - [DEBUG] found replica for vector: 4
2025-11-18 17:24:29,158 - INFO - MainThread - server_logic - [DEBUG] found replica for vector: 1
2025-11-18 17:24:29,158 - INFO - MainThread - server_logic - [DEBUG] found replica for vector: 2
2025-11-18 17:24:29,158 - INFO - MainThread - server_logic - [DEBUG] found replica for vector: 3
2025-11-18 17:24:29,158 - INFO - MainThread - server_logic - [DEBUG] found replica for vector: 4
2025-11-18 17:24:29,158 - INFO - MainThread - server_logic - [DEBUG] found replica for vector: 1
2025-11-18 17:24:29,159 - INFO - MainThread - server_logic - [DEBUG] found replica for vector: 2
2025-11-18 17:24:29,159 - INFO - MainThread - server_logic - [DEBUG] found replica for vector: 3
2025-11-18 17:24:29,159 - INFO - MainThread - server_logic - [DEBUG] found replica for vector: 4
2025-11-18 17:24:29,159 - INFO - MainThread - server_logic - [DEBUG] found replica for vector: 1
2025-11-18 17:24:29,159 - INFO - MainThread - server_logic - [DEBUG] found replica for vector: 2
2025-11-18 17:24:29,159 - INFO - MainThread - server_logic - [DEBUG] found replica for vector: 3
2025-11-18 17:24:29,159 - INFO - MainThread - server_logic - [DEBUG] to me replica for vector: 3
2025-11-18 17:24:29,159 - INFO - MainThread - server_logic - [DEBUG] found replica for vector: 1
2025-11-18 17:24:29,159 - INFO - MainThread - server_logic - [DEBUG] found replica for vector: 2
2025-11-18 17:24:29,159 - INFO - MainThread - server_logic - [DEBUG] found replica for vector: 3
2025-11-18 17:24:29,159 - INFO - MainThread - server_logic - [DEBUG] to me replica for vector: 3
2025-11-18 17:24:29,159 - INFO - MainThread - server_logic - [DEBUG] found replica for vector: 1
2025-11-18 17:24:29,159 - INFO - MainThread - server_logic - [DEBUG] found replica for vector: 2
2025-11-18 17:24:29,159 - INFO - MainThread - server_logic - [DEBUG] found replica for vector: 3
2025-11-18 17:24:29,159 - INFO - MainThread - server_logic - [DEBUG] found replica for vector: 4
2025-11-18 17:24:29,159 - INFO - MainThread - server_logic - [DEBUG] found replica for vector: 1
2025-11-18 17:24:29,159 - INFO - MainThread - server_logic - [DEBUG] found replica for vector: 2
2025-11-18 17:24:29,159 - INFO - MainThread - server_logic - [DEBUG] found replica for vector: 3
2025-11-18 17:24:29,159 - INFO - MainThread - server_logic - [DEBUG] to me replica for vector: 3
2025-11-18 17:24:29,159 - INFO - MainThread - server_logic - [DEBUG] found replica for vector: 1
2025-11-18 17:24:29,159 - INFO - MainThread - server_logic - [DEBUG] found replica for vector: 2
2025-11-18 17:24:29,159 - INFO - MainThread - server_logic - [DEBUG] found replica for vector: 3
2025-11-18 17:24:29,159 - INFO - MainThread - server_logic - [DEBUG] found replica for vector: 4
2025-11-18 17:24:29,159 - INFO - MainThread - server_logic - [DEBUG] found replica for vector: 1
2025-11-18 17:24:29,159 - INFO - MainThread - server_logic - [DEBUG] found replica for vector: 2
2025-11-18 17:24:29,159 - INFO - MainThread - server_logic - [DEBUG] found replica for vector: 3
2025-11-18 17:24:29,159 - INFO - MainThread - server_logic - [DEBUG] found replica for vector: 4
2025-11-18 17:24:29,159 - INFO - MainThread - server_logic - [DEBUG] found replica for vector: 1
2025-11-18 17:24:29,159 - INFO - MainThread - server_logic - [DEBUG] found replica for vector: 2
2025-11-18 17:24:29,159 - INFO - MainThread - server_logic - [DEBUG] found replica for vector: 3
2025-11-18 17:24:29,159 - INFO - MainThread - server_logic - [DEBUG] found replica for vector: 4
2025-11-18 17:24:29,159 - INFO - MainThread - server_logic - [DEBUG] found replica for vector: 1
2025-11-18 17:24:29,159 - INFO - MainThread - server_logic - [DEBUG] found replica for vector: 2
2025-11-18 17:24:29,159 - INFO - MainThread - server_logic - [DEBUG] found replica for vector: 3
2025-11-18 17:24:29,159 - INFO - MainThread - server_logic - [DEBUG] to me replica for vector: 3
2025-11-18 17:24:29,159 - INFO - MainThread - server_logic - [DEBUG] found replica for vector: 1
2025-11-18 17:24:29,159 - INFO - MainThread - server_logic - [DEBUG] found replica for vector: 2
2025-11-18 17:24:29,159 - INFO - MainThread - server_logic - [DEBUG] found replica for vector: 3
2025-11-18 17:24:29,159 - INFO - MainThread - server_logic - [DEBUG] to me replica for vector: 3
2025-11-18 17:24:29,159 - INFO - MainThread - server_logic - [DEBUG] found replica for vector: 1
2025-11-18 17:24:29,159 - INFO - MainThread - server_logic - [DEBUG] found replica for vector: 2
2025-11-18 17:24:29,159 - INFO - MainThread - server_logic - [DEBUG] found replica for vector: 3
2025-11-18 17:24:29,159 - INFO - MainThread - server_logic - [DEBUG] found replica for vector: 4
2025-11-18 17:24:29,159 - INFO - MainThread - server_logic - [DEBUG] found replica for vector: 1
2025-11-18 17:24:29,159 - INFO - MainThread - server_logic - [DEBUG] found replica for vector: 2
2025-11-18 17:24:29,159 - INFO - MainThread - server_logic - [DEBUG] found replica for vector: 3
2025-11-18 17:24:29,159 - INFO - MainThread - server_logic - [DEBUG] found replica for vector: 4
2025-11-18 17:24:29,159 - INFO - MainThread - server_logic - [DEBUG] found replica for vector: 1
2025-11-18 17:24:29,159 - INFO - MainThread - server_logic - [DEBUG] found replica for vector: 2
2025-11-18 17:24:29,159 - INFO - MainThread - server_logic - [DEBUG] found replica for vector: 3
2025-11-18 17:24:29,159 - INFO - MainThread - server_logic - [DEBUG] found replica for vector: 4
2025-11-18 17:24:29,159 - INFO - MainThread - server_logic - [DEBUG] found replica for vector: 1
2025-11-18 17:24:29,159 - INFO - MainThread - server_logic - [DEBUG] found replica for vector: 2
2025-11-18 17:24:29,159 - INFO - MainThread - server_logic - [DEBUG] found replica for vector: 3
2025-11-18 17:24:29,159 - INFO - MainThread - server_logic - [DEBUG] found replica for vector: 4
2025-11-18 17:24:29,159 - INFO - MainThread - server_logic - [DEBUG] found replica for vector: 1
2025-11-18 17:24:29,160 - INFO - MainThread - server_logic - [DEBUG] found replica for vector: 2
2025-11-18 17:24:29,160 - INFO - MainThread - server_logic - [DEBUG] found replica for vector: 3
2025-11-18 17:24:29,160 - INFO - MainThread - server_logic - [DEBUG] to me replica for vector: 3
2025-11-18 17:24:29,160 - INFO - MainThread - server_logic - [DEBUG] found replica for vector: 1
2025-11-18 17:24:29,160 - INFO - MainThread - server_logic - [DEBUG] found replica for vector: 2
2025-11-18 17:24:29,160 - INFO - MainThread - server_logic - [DEBUG] found replica for vector: 3
2025-11-18 17:24:29,160 - INFO - MainThread - server_logic - [DEBUG] to me replica for vector: 3
2025-11-18 17:24:29,160 - INFO - MainThread - server_logic - [DEBUG] found replica for vector: 1
2025-11-18 17:24:29,160 - INFO - MainThread - server_logic - [DEBUG] found replica for vector: 2
2025-11-18 17:24:29,160 - INFO - MainThread - server_logic - [DEBUG] found replica for vector: 3
2025-11-18 17:24:29,160 - INFO - MainThread - server_logic - [DEBUG] found replica for vector: 4
2025-11-18 17:24:29,160 - INFO - MainThread - server_logic - [DEBUG] found replica for vector: 1
2025-11-18 17:24:29,160 - INFO - MainThread - server_logic - [DEBUG] found replica for vector: 2
2025-11-18 17:24:29,160 - INFO - MainThread - server_logic - [DEBUG] found replica for vector: 3
2025-11-18 17:24:29,160 - INFO - MainThread - server_logic - [DEBUG] found replica for vector: 4
2025-11-18 17:24:29,160 - INFO - MainThread - server_logic - [DEBUG] found replica for vector: 1
2025-11-18 17:24:29,160 - INFO - MainThread - server_logic - [DEBUG] found replica for vector: 2
2025-11-18 17:24:29,160 - INFO - MainThread - server_logic - [DEBUG] found replica for vector: 3
2025-11-18 17:24:29,160 - INFO - MainThread - server_logic - [DEBUG] to me replica for vector: 3
2025-11-18 17:24:29,160 - INFO - MainThread - server_logic - [DEBUG] found replica for vector: 1
2025-11-18 17:24:29,160 - INFO - MainThread - server_logic - [DEBUG] found replica for vector: 2
2025-11-18 17:24:29,160 - INFO - MainThread - server_logic - [DEBUG] found replica for vector: 3
2025-11-18 17:24:29,160 - INFO - MainThread - server_logic - [DEBUG] found replica for vector: 4
2025-11-18 17:24:29,160 - INFO - MainThread - server_logic - [DEBUG] found replica for vector: 1
2025-11-18 17:24:29,160 - INFO - MainThread - server_logic - [DEBUG] found replica for vector: 2
2025-11-18 17:24:29,160 - INFO - MainThread - server_logic - [DEBUG] found replica for vector: 3
2025-11-18 17:24:29,160 - INFO - MainThread - server_logic - [DEBUG] found replica for vector: 4
2025-11-18 17:24:29,160 - INFO - MainThread - server_logic - [DEBUG] found replica for vector: 1
2025-11-18 17:24:29,160 - INFO - MainThread - server_logic - [DEBUG] found replica for vector: 2
2025-11-18 17:24:29,160 - INFO - MainThread - server_logic - [DEBUG] found replica for vector: 3
2025-11-18 17:24:29,160 - INFO - MainThread - server_logic - [DEBUG] found replica for vector: 4
2025-11-18 17:24:29,160 - INFO - MainThread - server_logic - [DEBUG] found replica for vector: 1
2025-11-18 17:24:29,160 - INFO - MainThread - server_logic - [DEBUG] found replica for vector: 2
2025-11-18 17:24:29,160 - INFO - MainThread - server_logic - [DEBUG] found replica for vector: 3
2025-11-18 17:24:29,160 - INFO - MainThread - server_logic - [DEBUG] found replica for vector: 4
2025-11-18 17:24:29,160 - INFO - MainThread - server_logic - [DEBUG] found replica for vector: 1
2025-11-18 17:24:29,160 - INFO - MainThread - server_logic - [DEBUG] found replica for vector: 2
2025-11-18 17:24:29,160 - INFO - MainThread - server_logic - [DEBUG] found replica for vector: 3
2025-11-18 17:24:29,160 - INFO - MainThread - server_logic - [DEBUG] found replica for vector: 4
2025-11-18 17:24:29,160 - INFO - MainThread - server_logic - [DEBUG] found replica for vector: 1
2025-11-18 17:24:29,160 - INFO - MainThread - server_logic - [DEBUG] found replica for vector: 2
2025-11-18 17:24:29,160 - INFO - MainThread - server_logic - [DEBUG] found replica for vector: 3
2025-11-18 17:24:29,160 - INFO - MainThread - server_logic - [DEBUG] found replica for vector: 4
2025-11-18 17:24:29,160 - INFO - MainThread - server_logic - [DEBUG] found replica for vector: 1
2025-11-18 17:24:29,160 - INFO - MainThread - server_logic - [DEBUG] found replica for vector: 2
2025-11-18 17:24:29,160 - INFO - MainThread - server_logic - [DEBUG] found replica for vector: 3
2025-11-18 17:24:29,160 - INFO - MainThread - server_logic - [DEBUG] found replica for vector: 4
2025-11-18 17:24:29,160 - INFO - MainThread - server_logic - [DEBUG] found replica for vector: 1
2025-11-18 17:24:29,160 - INFO - MainThread - server_logic - [DEBUG] found replica for vector: 2
2025-11-18 17:24:29,160 - INFO - MainThread - server_logic - [DEBUG] found replica for vector: 3
2025-11-18 17:24:29,160 - INFO - MainThread - server_logic - [DEBUG] found replica for vector: 4
2025-11-18 17:24:29,160 - INFO - MainThread - server_logic - [DEBUG] found replica for vector: 1
2025-11-18 17:24:29,160 - INFO - MainThread - server_logic - [DEBUG] found replica for vector: 2
2025-11-18 17:24:29,160 - INFO - MainThread - server_logic - [DEBUG] found replica for vector: 3
2025-11-18 17:24:29,160 - INFO - MainThread - server_logic - [DEBUG] to me replica for vector: 3
2025-11-18 17:24:29,160 - INFO - MainThread - server_logic - [DEBUG] found replica for vector: 1
2025-11-18 17:24:29,160 - INFO - MainThread - server_logic - [DEBUG] found replica for vector: 2
2025-11-18 17:24:29,161 - INFO - MainThread - server_logic - [DEBUG] found replica for vector: 3
2025-11-18 17:24:29,161 - INFO - MainThread - server_logic - [DEBUG] found replica for vector: 4
2025-11-18 17:24:29,161 - INFO - MainThread - server_logic - [DEBUG] found replica for vector: 1
2025-11-18 17:24:29,161 - INFO - MainThread - server_logic - [DEBUG] found replica for vector: 2
2025-11-18 17:24:29,161 - INFO - MainThread - server_logic - [DEBUG] found replica for vector: 3
2025-11-18 17:24:29,161 - INFO - MainThread - server_logic - [DEBUG] to me replica for vector: 3
2025-11-18 17:24:29,161 - INFO - MainThread - server_logic - [DEBUG] found replica for vector: 1
2025-11-18 17:24:29,161 - INFO - MainThread - server_logic - [DEBUG] found replica for vector: 2
2025-11-18 17:24:29,161 - INFO - MainThread - server_logic - [DEBUG] found replica for vector: 3
2025-11-18 17:24:29,161 - INFO - MainThread - server_logic - [DEBUG] found replica for vector: 4
2025-11-18 17:24:29,161 - INFO - MainThread - server_logic - [DEBUG] found replica for vector: 1
2025-11-18 17:24:29,161 - INFO - MainThread - server_logic - [DEBUG] found replica for vector: 2
2025-11-18 17:24:29,161 - INFO - MainThread - server_logic - [DEBUG] found replica for vector: 3
2025-11-18 17:24:29,161 - INFO - MainThread - server_logic - [DEBUG] found replica for vector: 4
2025-11-18 17:24:29,161 - INFO - MainThread - server_logic - [DEBUG] found replica for vector: 1
2025-11-18 17:24:29,161 - INFO - MainThread - server_logic - [DEBUG] found replica for vector: 2
2025-11-18 17:24:29,161 - INFO - MainThread - server_logic - [DEBUG] found replica for vector: 3
2025-11-18 17:24:29,161 - INFO - MainThread - server_logic - [DEBUG] found replica for vector: 4
2025-11-18 17:24:29,161 - INFO - MainThread - server_logic - [DEBUG] found replica for vector: 1
2025-11-18 17:24:29,161 - INFO - MainThread - server_logic - [DEBUG] found replica for vector: 2
2025-11-18 17:24:29,161 - INFO - MainThread - server_logic - [DEBUG] found replica for vector: 3
2025-11-18 17:24:29,161 - INFO - MainThread - server_logic - [DEBUG] found replica for vector: 4
2025-11-18 17:24:29,161 - INFO - MainThread - server_logic - [DEBUG] found replica for vector: 1
2025-11-18 17:24:29,161 - INFO - MainThread - server_logic - [DEBUG] found replica for vector: 2
2025-11-18 17:24:29,161 - INFO - MainThread - server_logic - [DEBUG] found replica for vector: 3
2025-11-18 17:24:29,161 - INFO - MainThread - server_logic - [DEBUG] found replica for vector: 4
2025-11-18 17:24:29,161 - INFO - MainThread - server_logic - [DEBUG] found replica for vector: 1
2025-11-18 17:24:29,161 - INFO - MainThread - server_logic - [DEBUG] found replica for vector: 2
2025-11-18 17:24:29,161 - INFO - MainThread - server_logic - [DEBUG] found replica for vector: 3
2025-11-18 17:24:29,161 - INFO - MainThread - server_logic - [DEBUG] found replica for vector: 4
2025-11-18 17:24:29,161 - INFO - MainThread - server_logic - [DEBUG] found replica for vector: 1
2025-11-18 17:24:29,161 - INFO - MainThread - server_logic - [DEBUG] found replica for vector: 2
2025-11-18 17:24:29,161 - INFO - MainThread - server_logic - [DEBUG] found replica for vector: 3
2025-11-18 17:24:29,161 - INFO - MainThread - server_logic - [DEBUG] to me replica for vector: 3
2025-11-18 17:24:29,161 - INFO - MainThread - server_logic - [DEBUG] found replica for vector: 1
2025-11-18 17:24:29,161 - INFO - MainThread - server_logic - [DEBUG] found replica for vector: 2
2025-11-18 17:24:29,161 - INFO - MainThread - server_logic - [DEBUG] found replica for vector: 3
2025-11-18 17:24:29,161 - INFO - MainThread - server_logic - [DEBUG] found replica for vector: 4
2025-11-18 17:24:29,161 - INFO - MainThread - server_logic - [DEBUG] found replica for vector: 1
2025-11-18 17:24:29,161 - INFO - MainThread - server_logic - [DEBUG] found replica for vector: 2
2025-11-18 17:24:29,161 - INFO - MainThread - server_logic - [DEBUG] found replica for vector: 3
2025-11-18 17:24:29,161 - INFO - MainThread - server_logic - [DEBUG] found replica for vector: 4
2025-11-18 17:24:29,161 - INFO - MainThread - server_logic - [DEBUG] found replica for vector: 1
2025-11-18 17:24:29,161 - INFO - MainThread - server_logic - [DEBUG] found replica for vector: 2
2025-11-18 17:24:29,161 - INFO - MainThread - server_logic - [DEBUG] found replica for vector: 3
2025-11-18 17:24:29,161 - INFO - MainThread - server_logic - [DEBUG] to me replica for vector: 3
2025-11-18 17:24:29,161 - INFO - MainThread - server_logic - [DEBUG] found replica for vector: 1
2025-11-18 17:24:29,161 - INFO - MainThread - server_logic - [DEBUG] found replica for vector: 2
2025-11-18 17:24:29,161 - INFO - MainThread - server_logic - [DEBUG] found replica for vector: 3
2025-11-18 17:24:29,161 - INFO - MainThread - server_logic - [DEBUG] found replica for vector: 4
2025-11-18 17:24:29,161 - INFO - MainThread - server_logic - [DEBUG] found replica for vector: 1
2025-11-18 17:24:29,161 - INFO - MainThread - server_logic - [DEBUG] found replica for vector: 2
2025-11-18 17:24:29,161 - INFO - MainThread - server_logic - [DEBUG] found replica for vector: 3
2025-11-18 17:24:29,161 - INFO - MainThread - server_logic - [DEBUG] found replica for vector: 4
2025-11-18 17:24:29,161 - INFO - MainThread - server_logic - [DEBUG] found replica for vector: 1
2025-11-18 17:24:29,161 - INFO - MainThread - server_logic - [DEBUG] found replica for vector: 2
2025-11-18 17:24:29,161 - INFO - MainThread - server_logic - [DEBUG] found replica for vector: 3
2025-11-18 17:24:29,162 - INFO - MainThread - server_logic - [DEBUG] to me replica for vector: 3
2025-11-18 17:24:29,162 - INFO - MainThread - server_logic - [DEBUG] found replica for vector: 1
2025-11-18 17:24:29,162 - INFO - MainThread - server_logic - [DEBUG] found replica for vector: 2
2025-11-18 17:24:29,162 - INFO - MainThread - server_logic - [DEBUG] found replica for vector: 3
2025-11-18 17:24:29,162 - INFO - MainThread - server_logic - [DEBUG] to me replica for vector: 3
2025-11-18 17:24:29,162 - INFO - MainThread - server_logic - [DEBUG] found replica for vector: 1
2025-11-18 17:24:29,162 - INFO - MainThread - server_logic - [DEBUG] found replica for vector: 2
2025-11-18 17:24:29,162 - INFO - MainThread - server_logic - [DEBUG] found replica for vector: 3
2025-11-18 17:24:29,162 - INFO - MainThread - server_logic - [DEBUG] to me replica for vector: 3
2025-11-18 17:24:29,162 - INFO - MainThread - server_logic - [DEBUG] found replica for vector: 1
2025-11-18 17:24:29,162 - INFO - MainThread - server_logic - [DEBUG] found replica for vector: 2
2025-11-18 17:24:29,162 - INFO - MainThread - server_logic - [DEBUG] found replica for vector: 3
2025-11-18 17:24:29,162 - INFO - MainThread - server_logic - [DEBUG] to me replica for vector: 3
2025-11-18 17:24:29,162 - INFO - MainThread - server_logic - [DEBUG] found replica for vector: 1
2025-11-18 17:24:29,162 - INFO - MainThread - server_logic - [DEBUG] found replica for vector: 2
2025-11-18 17:24:29,162 - INFO - MainThread - server_logic - [DEBUG] found replica for vector: 3
2025-11-18 17:24:29,162 - INFO - MainThread - server_logic - [DEBUG] to me replica for vector: 3
2025-11-18 17:24:29,162 - INFO - MainThread - server_logic - [DEBUG] found replica for vector: 1
2025-11-18 17:24:29,162 - INFO - MainThread - server_logic - [DEBUG] found replica for vector: 2
2025-11-18 17:24:29,162 - INFO - MainThread - server_logic - [DEBUG] found replica for vector: 3
2025-11-18 17:24:29,162 - INFO - MainThread - server_logic - [DEBUG] found replica for vector: 4
2025-11-18 17:24:29,162 - INFO - MainThread - server_logic - [DEBUG] found replica for vector: 1
2025-11-18 17:24:29,162 - INFO - MainThread - server_logic - [DEBUG] found replica for vector: 2
2025-11-18 17:24:29,162 - INFO - MainThread - server_logic - [DEBUG] found replica for vector: 3
2025-11-18 17:24:29,162 - INFO - MainThread - server_logic - [DEBUG] found replica for vector: 4
2025-11-18 17:24:29,162 - INFO - MainThread - server_logic - [DEBUG] found replica for vector: 1
2025-11-18 17:24:29,162 - INFO - MainThread - server_logic - [DEBUG] found replica for vector: 2
2025-11-18 17:24:29,162 - INFO - MainThread - server_logic - [DEBUG] found replica for vector: 3
2025-11-18 17:24:29,162 - INFO - MainThread - server_logic - [DEBUG] to me replica for vector: 3
2025-11-18 17:24:29,162 - INFO - MainThread - server_logic - [DEBUG] found replica for vector: 1
2025-11-18 17:24:29,162 - INFO - MainThread - server_logic - [DEBUG] found replica for vector: 2
2025-11-18 17:24:29,162 - INFO - MainThread - server_logic - [DEBUG] found replica for vector: 3
2025-11-18 17:24:29,162 - INFO - MainThread - server_logic - [DEBUG] found replica for vector: 4
2025-11-18 17:24:29,162 - INFO - MainThread - server_logic - [DEBUG] found replica for vector: 1
2025-11-18 17:24:29,162 - INFO - MainThread - server_logic - [DEBUG] found replica for vector: 2
2025-11-18 17:24:29,162 - INFO - MainThread - server_logic - [DEBUG] found replica for vector: 3
2025-11-18 17:24:29,162 - INFO - MainThread - server_logic - [DEBUG] found replica for vector: 4
2025-11-18 17:24:29,162 - INFO - MainThread - server_logic - [DEBUG] found replica for vector: 1
2025-11-18 17:24:29,162 - INFO - MainThread - server_logic - [DEBUG] found replica for vector: 2
2025-11-18 17:24:29,162 - INFO - MainThread - server_logic - [DEBUG] found replica for vector: 3
2025-11-18 17:24:29,162 - INFO - MainThread - server_logic - [DEBUG] found replica for vector: 4
2025-11-18 17:24:29,162 - INFO - MainThread - server_logic - [Router] Distribution: Peer node1: 69, Peer node2: 64, Peer node3: 64, Peer node4: 64, Peer node5: 64, Peer node6: 49, Peer node7: 49, Peer node8: 49, Peer node9: 49, Peer node10: 74, Peer node11: 74, Peer node12: 74, Peer node13: 74, Peer node14: 69, Peer node15: 69, Me (node16): 69
2025-11-18 17:24:29,162 - INFO - MainThread - server_logic - --> [Peer Send] Sending 69 vectors to Peer node1 (localhost:9001) | Status: clustered
2025-11-18 17:24:29,235 - INFO - MainThread - server_logic - --> [Peer Send] Success: Sent vectors to node1
2025-11-18 17:24:29,235 - INFO - MainThread - server_logic - --> [Peer Send] Sending 64 vectors to Peer node2 (localhost:9002) | Status: clustered
2025-11-18 17:24:29,305 - INFO - MainThread - server_logic - --> [Peer Send] Success: Sent vectors to node2
2025-11-18 17:24:29,305 - INFO - MainThread - server_logic - --> [Peer Send] Sending 64 vectors to Peer node3 (localhost:9003) | Status: clustered
2025-11-18 17:24:29,371 - INFO - MainThread - server_logic - --> [Peer Send] Success: Sent vectors to node3
2025-11-18 17:24:29,371 - INFO - MainThread - server_logic - --> [Peer Send] Sending 64 vectors to Peer node4 (localhost:9004) | Status: clustered
2025-11-18 17:24:29,438 - INFO - MainThread - server_logic - --> [Peer Send] Success: Sent vectors to node4
2025-11-18 17:24:29,439 - INFO - MainThread - server_logic - --> [Peer Send] Sending 64 vectors to Peer node5 (localhost:9005) | Status: clustered
2025-11-18 17:24:29,514 - INFO - MainThread - server_logic - --> [Peer Send] Success: Sent vectors to node5
2025-11-18 17:24:29,515 - INFO - MainThread - server_logic - --> [Peer Send] Sending 49 vectors to Peer node6 (localhost:9006) | Status: clustered
2025-11-18 17:24:29,580 - INFO - MainThread - server_logic - --> [Peer Send] Success: Sent vectors to node6
2025-11-18 17:24:29,580 - INFO - MainThread - server_logic - --> [Peer Send] Sending 49 vectors to Peer node7 (localhost:9007) | Status: clustered
2025-11-18 17:24:29,651 - INFO - MainThread - server_logic - --> [Peer Send] Success: Sent vectors to node7
2025-11-18 17:24:29,651 - INFO - MainThread - server_logic - --> [Peer Send] Sending 49 vectors to Peer node8 (localhost:9008) | Status: clustered
2025-11-18 17:24:29,718 - INFO - MainThread - server_logic - --> [Peer Send] Success: Sent vectors to node8
2025-11-18 17:24:29,718 - INFO - MainThread - server_logic - --> [Peer Send] Sending 49 vectors to Peer node9 (localhost:9009) | Status: clustered
2025-11-18 17:24:29,783 - INFO - MainThread - server_logic - --> [Peer Send] Success: Sent vectors to node9
2025-11-18 17:24:29,783 - INFO - MainThread - server_logic - --> [Peer Send] Sending 74 vectors to Peer node10 (localhost:9010) | Status: clustered
2025-11-18 17:24:29,853 - INFO - MainThread - server_logic - --> [Peer Send] Success: Sent vectors to node10
2025-11-18 17:24:29,853 - INFO - MainThread - server_logic - --> [Peer Send] Sending 74 vectors to Peer node11 (localhost:9011) | Status: clustered
2025-11-18 17:24:29,923 - INFO - MainThread - server_logic - --> [Peer Send] Success: Sent vectors to node11
2025-11-18 17:24:29,923 - INFO - MainThread - server_logic - --> [Peer Send] Sending 74 vectors to Peer node12 (localhost:9012) | Status: clustered
2025-11-18 17:24:29,998 - INFO - MainThread - server_logic - --> [Peer Send] Success: Sent vectors to node12
2025-11-18 17:24:29,999 - INFO - MainThread - server_logic - --> [Peer Send] Sending 74 vectors to Peer node13 (localhost:9013) | Status: clustered
2025-11-18 17:24:30,079 - INFO - MainThread - server_logic - --> [Peer Send] Success: Sent vectors to node13
2025-11-18 17:24:30,080 - INFO - MainThread - server_logic - --> [Peer Send] Sending 69 vectors to Peer node14 (localhost:9014) | Status: clustered
2025-11-18 17:24:30,156 - INFO - MainThread - server_logic - --> [Peer Send] Success: Sent vectors to node14
2025-11-18 17:24:30,157 - INFO - MainThread - server_logic - --> [Peer Send] Sending 69 vectors to Peer node15 (localhost:9015) | Status: clustered
2025-11-18 17:24:30,230 - INFO - MainThread - server_logic - --> [Peer Send] Success: Sent vectors to node15
2025-11-18 17:24:30,230 - INFO - MainThread - server_logic - [Add Vectors] Processing 69 vectors. Sender Status: clustered. Current Node Status: clustered
2025-11-18 17:24:30,230 - INFO - MainThread - server_logic - [Add Vectors] Direct Insert: Storing 69 vectors in local Qdrant (Sender is clustered).
2025-11-18 17:24:30,282 - INFO - MainThread - httpx - HTTP Request: GET http://localhost:6363 "HTTP/1.1 200 OK"
2025-11-18 17:24:30,283 - INFO - MainThread - qdrant_module - [Qdrant] Attempting to insert 69 vectors into vectors on http://localhost:6363...
2025-11-18 17:24:30,294 - INFO - MainThread - qdrant_module - [Qdrant] Success: Inserted 69 vectors.
2025-11-18 17:24:30,295 - INFO - MainThread - __main__ - API: /add completed
2025-11-18 17:24:30,296 - INFO - MainThread - uvicorn.access - 127.0.0.1:54469 - "POST /add HTTP/1.1" 200
2025-11-18 17:24:35,623 - INFO - MainThread - httpx - HTTP Request: GET http://localhost:6363 "HTTP/1.1 200 OK"
2025-11-18 17:24:35,633 - INFO - MainThread - uvicorn.access - 127.0.0.1:54603 - "GET /count_peer HTTP/1.1" 200
2025-11-18 17:24:39,593 - INFO - MainThread - uvicorn.error - Shutting down
2025-11-18 17:24:39,695 - INFO - MainThread - uvicorn.error - Waiting for application shutdown.
2025-11-18 17:24:39,696 - INFO - MainThread - uvicorn.error - Application shutdown complete.
2025-11-18 17:24:39,696 - INFO - MainThread - uvicorn.error - Finished server process [62156]
