2025-11-18 17:22:09,821 - INFO - MainThread - __main__ - *** SERVER STARTUP: node13 ***
2025-11-18 17:22:09,821 - INFO - MainThread - __main__ - Config: URL=http://localhost:8013, GRPC=localhost:9013, Qdrant=http://localhost:6357
2025-11-18 17:22:09,821 - INFO - MainThread - server_logic - ServerApp initialized: ID=node13, URL=http://localhost:8013, Coords=http://localhost:8001
2025-11-18 17:22:09,822 - INFO - MainThread - __main__ - Starting Uvicorn HTTP server on port 8013
2025-11-18 17:22:09,827 - INFO - GRPC-Thread - __main__ - gRPC server started on port 9013
2025-11-18 17:22:09,841 - INFO - MainThread - uvicorn.error - Started server process [62130]
2025-11-18 17:22:09,841 - INFO - MainThread - uvicorn.error - Waiting for application startup.
2025-11-18 17:22:09,842 - INFO - MainThread - uvicorn.error - Application startup complete.
2025-11-18 17:22:09,842 - INFO - MainThread - uvicorn.error - Uvicorn running on http://0.0.0.0:8013 (Press CTRL+C to quit)
2025-11-18 17:22:09,863 - INFO - MainThread - uvicorn.access - 127.0.0.1:49586 - "GET / HTTP/1.1" 200
2025-11-18 17:22:30,436 - INFO - MainThread - server_logic - [Add Peers] Adding 15 peers: [('node1', 'http://localhost:8001', 'localhost:9001'), ('node2', 'http://localhost:8002', 'localhost:9002'), ('node3', 'http://localhost:8003', 'localhost:9003'), ('node4', 'http://localhost:8004', 'localhost:9004'), ('node5', 'http://localhost:8005', 'localhost:9005'), ('node6', 'http://localhost:8006', 'localhost:9006'), ('node7', 'http://localhost:8007', 'localhost:9007'), ('node8', 'http://localhost:8008', 'localhost:9008'), ('node9', 'http://localhost:8009', 'localhost:9009'), ('node10', 'http://localhost:8010', 'localhost:9010'), ('node11', 'http://localhost:8011', 'localhost:9011'), ('node12', 'http://localhost:8012', 'localhost:9012'), ('node14', 'http://localhost:8014', 'localhost:9014'), ('node15', 'http://localhost:8015', 'localhost:9015'), ('node16', 'http://localhost:8016', 'localhost:9016')]
2025-11-18 17:22:30,437 - INFO - MainThread - uvicorn.access - 127.0.0.1:49629 - "POST /register_peers HTTP/1.1" 200
2025-11-18 17:22:31,775 - INFO - MainThread - __main__ - API: /add called. ReqID: 29, Vectors: 256
2025-11-18 17:22:31,775 - INFO - MainThread - server_logic - [Client Request] Client wants to add 256 vectors. My Status: bootstrap
2025-11-18 17:22:31,776 - INFO - MainThread - server_logic - [Client Request] Forwarding 256 vectors to Coordinator node1.
2025-11-18 17:22:31,776 - INFO - MainThread - server_logic - --> [Peer Send] Sending 256 vectors to Peer node1 (localhost:9001) | Status: bootstrap
2025-11-18 17:22:31,798 - INFO - MainThread - server_logic - --> [Peer Send] Success: Sent vectors to node1
2025-11-18 17:22:31,799 - INFO - MainThread - __main__ - API: /add completed
2025-11-18 17:22:31,799 - INFO - MainThread - uvicorn.access - 127.0.0.1:49672 - "POST /add HTTP/1.1" 200
2025-11-18 17:22:34,225 - INFO - MainThread - __main__ - API: /add called. ReqID: 45, Vectors: 256
2025-11-18 17:22:34,225 - INFO - MainThread - server_logic - [Client Request] Client wants to add 256 vectors. My Status: bootstrap
2025-11-18 17:22:34,225 - INFO - MainThread - server_logic - [Client Request] Forwarding 256 vectors to Coordinator node1.
2025-11-18 17:22:34,225 - INFO - MainThread - server_logic - --> [Peer Send] Sending 256 vectors to Peer node1 (localhost:9001) | Status: bootstrap
2025-11-18 17:22:34,298 - INFO - MainThread - server_logic - --> [Peer Send] Success: Sent vectors to node1
2025-11-18 17:22:34,298 - INFO - MainThread - __main__ - API: /add completed
2025-11-18 17:22:34,299 - INFO - MainThread - uvicorn.access - 127.0.0.1:49719 - "POST /add HTTP/1.1" 200
2025-11-18 17:22:36,792 - INFO - ThreadPoolExecutor-0_0 - grpc_handler - [GRPC IN] ReceiveVectors called. ReqID: 50, Type: clustered, Count: 60
2025-11-18 17:22:36,794 - INFO - ThreadPoolExecutor-0_0 - server_logic - [Add Vectors] Processing 60 vectors. Sender Status: clustered. Current Node Status: bootstrap
2025-11-18 17:22:36,794 - INFO - ThreadPoolExecutor-0_0 - server_logic - [Add Vectors] Direct Insert: Storing 60 vectors in local Qdrant (Sender is clustered).
2025-11-18 17:22:36,882 - INFO - ThreadPoolExecutor-0_0 - httpx - HTTP Request: GET http://localhost:6357 "HTTP/1.1 200 OK"
2025-11-18 17:22:36,882 - INFO - ThreadPoolExecutor-0_0 - qdrant_module - [Qdrant] Attempting to insert 60 vectors into vectors on http://localhost:6357...
2025-11-18 17:22:36,901 - INFO - ThreadPoolExecutor-0_0 - qdrant_module - [Qdrant] Success: Inserted 60 vectors.
2025-11-18 17:22:36,902 - INFO - ThreadPoolExecutor-0_0 - grpc_handler - [GRPC IN] ReceiveVectors processed successfully.
2025-11-18 17:22:37,556 - INFO - ThreadPoolExecutor-0_0 - grpc_handler - [GRPC IN] SetClusters called. ReqID: 24
2025-11-18 17:22:37,561 - INFO - ThreadPoolExecutor-0_0 - server_logic - [Set Clusters] Received assignment (ReqID: 24).
2025-11-18 17:22:37,563 - INFO - ThreadPoolExecutor-0_0 - server_logic - [Set Clusters] Storing 537 assigned vectors locally.
2025-11-18 17:22:37,563 - INFO - ThreadPoolExecutor-0_0 - server_logic - [Add Vectors] Processing 537 vectors. Sender Status: clustered. Current Node Status: clustered
2025-11-18 17:22:37,563 - INFO - ThreadPoolExecutor-0_0 - server_logic - [Add Vectors] Direct Insert: Storing 537 vectors in local Qdrant (Sender is clustered).
2025-11-18 17:22:37,618 - INFO - ThreadPoolExecutor-0_0 - httpx - HTTP Request: GET http://localhost:6357 "HTTP/1.1 200 OK"
2025-11-18 17:22:37,618 - INFO - ThreadPoolExecutor-0_0 - qdrant_module - [Qdrant] Attempting to insert 537 vectors into vectors on http://localhost:6357...
2025-11-18 17:22:37,668 - INFO - ThreadPoolExecutor-0_0 - qdrant_module - [Qdrant] Success: Inserted 537 vectors.
2025-11-18 17:22:37,721 - INFO - ThreadPoolExecutor-0_0 - httpx - HTTP Request: GET http://localhost:6357 "HTTP/1.1 200 OK"
2025-11-18 17:22:37,725 - INFO - ThreadPoolExecutor-0_0 - server_logic - [Set Clusters] Complete. My Total Count: 597
2025-11-18 17:22:37,725 - INFO - ThreadPoolExecutor-0_0 - grpc_handler - [GRPC IN] SetClusters applied successfully.
2025-11-18 17:22:38,268 - INFO - ThreadPoolExecutor-0_0 - grpc_handler - [GRPC IN] ReceiveVectors called. ReqID: 51, Type: clustered, Count: 74
2025-11-18 17:22:38,270 - INFO - ThreadPoolExecutor-0_0 - server_logic - [Add Vectors] Processing 74 vectors. Sender Status: clustered. Current Node Status: clustered
2025-11-18 17:22:38,270 - INFO - ThreadPoolExecutor-0_0 - server_logic - [Add Vectors] Direct Insert: Storing 74 vectors in local Qdrant (Sender is clustered).
2025-11-18 17:22:38,329 - INFO - ThreadPoolExecutor-0_0 - httpx - HTTP Request: GET http://localhost:6357 "HTTP/1.1 200 OK"
2025-11-18 17:22:38,329 - INFO - ThreadPoolExecutor-0_0 - qdrant_module - [Qdrant] Attempting to insert 74 vectors into vectors on http://localhost:6357...
2025-11-18 17:22:38,360 - INFO - ThreadPoolExecutor-0_0 - qdrant_module - [Qdrant] Success: Inserted 74 vectors.
2025-11-18 17:22:38,362 - INFO - ThreadPoolExecutor-0_0 - grpc_handler - [GRPC IN] ReceiveVectors processed successfully.
2025-11-18 17:22:39,510 - INFO - ThreadPoolExecutor-0_0 - grpc_handler - [GRPC IN] ReceiveVectors called. ReqID: 52, Type: clustered, Count: 80
2025-11-18 17:22:39,511 - INFO - ThreadPoolExecutor-0_0 - server_logic - [Add Vectors] Processing 80 vectors. Sender Status: clustered. Current Node Status: clustered
2025-11-18 17:22:39,511 - INFO - ThreadPoolExecutor-0_0 - server_logic - [Add Vectors] Direct Insert: Storing 80 vectors in local Qdrant (Sender is clustered).
2025-11-18 17:22:39,565 - INFO - ThreadPoolExecutor-0_0 - httpx - HTTP Request: GET http://localhost:6357 "HTTP/1.1 200 OK"
2025-11-18 17:22:39,566 - INFO - ThreadPoolExecutor-0_0 - qdrant_module - [Qdrant] Attempting to insert 80 vectors into vectors on http://localhost:6357...
2025-11-18 17:22:39,578 - INFO - ThreadPoolExecutor-0_0 - qdrant_module - [Qdrant] Success: Inserted 80 vectors.
2025-11-18 17:22:39,579 - INFO - ThreadPoolExecutor-0_0 - grpc_handler - [GRPC IN] ReceiveVectors processed successfully.
2025-11-18 17:22:40,854 - INFO - ThreadPoolExecutor-0_0 - grpc_handler - [GRPC IN] ReceiveVectors called. ReqID: 53, Type: clustered, Count: 68
2025-11-18 17:22:40,855 - INFO - ThreadPoolExecutor-0_0 - server_logic - [Add Vectors] Processing 68 vectors. Sender Status: clustered. Current Node Status: clustered
2025-11-18 17:22:40,855 - INFO - ThreadPoolExecutor-0_0 - server_logic - [Add Vectors] Direct Insert: Storing 68 vectors in local Qdrant (Sender is clustered).
2025-11-18 17:22:40,906 - INFO - ThreadPoolExecutor-0_0 - httpx - HTTP Request: GET http://localhost:6357 "HTTP/1.1 200 OK"
2025-11-18 17:22:40,906 - INFO - ThreadPoolExecutor-0_0 - qdrant_module - [Qdrant] Attempting to insert 68 vectors into vectors on http://localhost:6357...
2025-11-18 17:22:40,916 - INFO - ThreadPoolExecutor-0_0 - qdrant_module - [Qdrant] Success: Inserted 68 vectors.
2025-11-18 17:22:40,917 - INFO - ThreadPoolExecutor-0_0 - grpc_handler - [GRPC IN] ReceiveVectors processed successfully.
2025-11-18 17:22:41,676 - INFO - ThreadPoolExecutor-0_0 - grpc_handler - [GRPC IN] ReceiveVectors called. ReqID: 24, Type: clustered, Count: 1899
2025-11-18 17:22:41,705 - INFO - ThreadPoolExecutor-0_0 - server_logic - [Add Vectors] Processing 1899 vectors. Sender Status: clustered. Current Node Status: clustered
2025-11-18 17:22:41,705 - INFO - ThreadPoolExecutor-0_0 - server_logic - [Add Vectors] Direct Insert: Storing 1899 vectors in local Qdrant (Sender is clustered).
2025-11-18 17:22:41,758 - INFO - ThreadPoolExecutor-0_0 - httpx - HTTP Request: GET http://localhost:6357 "HTTP/1.1 200 OK"
2025-11-18 17:22:41,759 - INFO - ThreadPoolExecutor-0_0 - qdrant_module - [Qdrant] Attempting to insert 1899 vectors into vectors on http://localhost:6357...
2025-11-18 17:22:41,917 - INFO - ThreadPoolExecutor-0_0 - qdrant_module - [Qdrant] Success: Inserted 1899 vectors.
2025-11-18 17:22:41,920 - INFO - ThreadPoolExecutor-0_0 - grpc_handler - [GRPC IN] ReceiveVectors processed successfully.
2025-11-18 17:22:42,031 - INFO - ThreadPoolExecutor-0_0 - grpc_handler - [GRPC IN] ReceiveVectors called. ReqID: 54, Type: clustered, Count: 75
2025-11-18 17:22:42,032 - INFO - ThreadPoolExecutor-0_0 - server_logic - [Add Vectors] Processing 75 vectors. Sender Status: clustered. Current Node Status: clustered
2025-11-18 17:22:42,032 - INFO - ThreadPoolExecutor-0_0 - server_logic - [Add Vectors] Direct Insert: Storing 75 vectors in local Qdrant (Sender is clustered).
2025-11-18 17:22:42,083 - INFO - ThreadPoolExecutor-0_0 - httpx - HTTP Request: GET http://localhost:6357 "HTTP/1.1 200 OK"
2025-11-18 17:22:42,084 - INFO - ThreadPoolExecutor-0_0 - qdrant_module - [Qdrant] Attempting to insert 75 vectors into vectors on http://localhost:6357...
2025-11-18 17:22:42,095 - INFO - ThreadPoolExecutor-0_0 - qdrant_module - [Qdrant] Success: Inserted 75 vectors.
2025-11-18 17:22:42,096 - INFO - ThreadPoolExecutor-0_0 - grpc_handler - [GRPC IN] ReceiveVectors processed successfully.
2025-11-18 17:22:43,268 - INFO - ThreadPoolExecutor-0_0 - grpc_handler - [GRPC IN] ReceiveVectors called. ReqID: 55, Type: clustered, Count: 86
2025-11-18 17:22:43,269 - INFO - ThreadPoolExecutor-0_0 - server_logic - [Add Vectors] Processing 86 vectors. Sender Status: clustered. Current Node Status: clustered
2025-11-18 17:22:43,269 - INFO - ThreadPoolExecutor-0_0 - server_logic - [Add Vectors] Direct Insert: Storing 86 vectors in local Qdrant (Sender is clustered).
2025-11-18 17:22:43,321 - INFO - ThreadPoolExecutor-0_0 - httpx - HTTP Request: GET http://localhost:6357 "HTTP/1.1 200 OK"
2025-11-18 17:22:43,322 - INFO - ThreadPoolExecutor-0_0 - qdrant_module - [Qdrant] Attempting to insert 86 vectors into vectors on http://localhost:6357...
2025-11-18 17:22:43,337 - INFO - ThreadPoolExecutor-0_0 - qdrant_module - [Qdrant] Success: Inserted 86 vectors.
2025-11-18 17:22:43,339 - INFO - ThreadPoolExecutor-0_0 - grpc_handler - [GRPC IN] ReceiveVectors processed successfully.
2025-11-18 17:22:44,471 - INFO - ThreadPoolExecutor-0_0 - grpc_handler - [GRPC IN] ReceiveVectors called. ReqID: 56, Type: clustered, Count: 68
2025-11-18 17:22:44,472 - INFO - ThreadPoolExecutor-0_0 - server_logic - [Add Vectors] Processing 68 vectors. Sender Status: clustered. Current Node Status: clustered
2025-11-18 17:22:44,472 - INFO - ThreadPoolExecutor-0_0 - server_logic - [Add Vectors] Direct Insert: Storing 68 vectors in local Qdrant (Sender is clustered).
2025-11-18 17:22:44,524 - INFO - ThreadPoolExecutor-0_0 - httpx - HTTP Request: GET http://localhost:6357 "HTTP/1.1 200 OK"
2025-11-18 17:22:44,524 - INFO - ThreadPoolExecutor-0_0 - qdrant_module - [Qdrant] Attempting to insert 68 vectors into vectors on http://localhost:6357...
2025-11-18 17:22:44,538 - INFO - ThreadPoolExecutor-0_0 - qdrant_module - [Qdrant] Success: Inserted 68 vectors.
2025-11-18 17:22:44,539 - INFO - ThreadPoolExecutor-0_0 - grpc_handler - [GRPC IN] ReceiveVectors processed successfully.
2025-11-18 17:22:45,687 - INFO - ThreadPoolExecutor-0_0 - grpc_handler - [GRPC IN] ReceiveVectors called. ReqID: 57, Type: clustered, Count: 83
2025-11-18 17:22:45,688 - INFO - ThreadPoolExecutor-0_0 - server_logic - [Add Vectors] Processing 83 vectors. Sender Status: clustered. Current Node Status: clustered
2025-11-18 17:22:45,688 - INFO - ThreadPoolExecutor-0_0 - server_logic - [Add Vectors] Direct Insert: Storing 83 vectors in local Qdrant (Sender is clustered).
2025-11-18 17:22:45,741 - INFO - ThreadPoolExecutor-0_0 - httpx - HTTP Request: GET http://localhost:6357 "HTTP/1.1 200 OK"
2025-11-18 17:22:45,741 - INFO - ThreadPoolExecutor-0_0 - qdrant_module - [Qdrant] Attempting to insert 83 vectors into vectors on http://localhost:6357...
2025-11-18 17:22:45,755 - INFO - ThreadPoolExecutor-0_0 - qdrant_module - [Qdrant] Success: Inserted 83 vectors.
2025-11-18 17:22:45,757 - INFO - ThreadPoolExecutor-0_0 - grpc_handler - [GRPC IN] ReceiveVectors processed successfully.
2025-11-18 17:22:46,895 - INFO - ThreadPoolExecutor-0_0 - grpc_handler - [GRPC IN] ReceiveVectors called. ReqID: 58, Type: clustered, Count: 91
2025-11-18 17:22:46,896 - INFO - ThreadPoolExecutor-0_0 - server_logic - [Add Vectors] Processing 91 vectors. Sender Status: clustered. Current Node Status: clustered
2025-11-18 17:22:46,896 - INFO - ThreadPoolExecutor-0_0 - server_logic - [Add Vectors] Direct Insert: Storing 91 vectors in local Qdrant (Sender is clustered).
2025-11-18 17:22:46,947 - INFO - ThreadPoolExecutor-0_0 - httpx - HTTP Request: GET http://localhost:6357 "HTTP/1.1 200 OK"
2025-11-18 17:22:46,948 - INFO - ThreadPoolExecutor-0_0 - qdrant_module - [Qdrant] Attempting to insert 91 vectors into vectors on http://localhost:6357...
2025-11-18 17:22:46,965 - INFO - ThreadPoolExecutor-0_0 - qdrant_module - [Qdrant] Success: Inserted 91 vectors.
2025-11-18 17:22:46,966 - INFO - ThreadPoolExecutor-0_0 - grpc_handler - [GRPC IN] ReceiveVectors processed successfully.
2025-11-18 17:22:48,118 - INFO - ThreadPoolExecutor-0_0 - grpc_handler - [GRPC IN] ReceiveVectors called. ReqID: 59, Type: clustered, Count: 69
2025-11-18 17:22:48,119 - INFO - ThreadPoolExecutor-0_0 - server_logic - [Add Vectors] Processing 69 vectors. Sender Status: clustered. Current Node Status: clustered
2025-11-18 17:22:48,119 - INFO - ThreadPoolExecutor-0_0 - server_logic - [Add Vectors] Direct Insert: Storing 69 vectors in local Qdrant (Sender is clustered).
2025-11-18 17:22:48,171 - INFO - ThreadPoolExecutor-0_0 - httpx - HTTP Request: GET http://localhost:6357 "HTTP/1.1 200 OK"
2025-11-18 17:22:48,172 - INFO - ThreadPoolExecutor-0_0 - qdrant_module - [Qdrant] Attempting to insert 69 vectors into vectors on http://localhost:6357...
2025-11-18 17:22:48,185 - INFO - ThreadPoolExecutor-0_0 - qdrant_module - [Qdrant] Success: Inserted 69 vectors.
2025-11-18 17:22:48,186 - INFO - ThreadPoolExecutor-0_0 - grpc_handler - [GRPC IN] ReceiveVectors processed successfully.
2025-11-18 17:22:49,357 - INFO - ThreadPoolExecutor-0_0 - grpc_handler - [GRPC IN] ReceiveVectors called. ReqID: 60, Type: clustered, Count: 69
2025-11-18 17:22:49,357 - INFO - ThreadPoolExecutor-0_0 - server_logic - [Add Vectors] Processing 69 vectors. Sender Status: clustered. Current Node Status: clustered
2025-11-18 17:22:49,357 - INFO - ThreadPoolExecutor-0_0 - server_logic - [Add Vectors] Direct Insert: Storing 69 vectors in local Qdrant (Sender is clustered).
2025-11-18 17:22:49,412 - INFO - ThreadPoolExecutor-0_0 - httpx - HTTP Request: GET http://localhost:6357 "HTTP/1.1 200 OK"
2025-11-18 17:22:49,412 - INFO - ThreadPoolExecutor-0_0 - qdrant_module - [Qdrant] Attempting to insert 69 vectors into vectors on http://localhost:6357...
2025-11-18 17:22:49,426 - INFO - ThreadPoolExecutor-0_0 - qdrant_module - [Qdrant] Success: Inserted 69 vectors.
2025-11-18 17:22:49,427 - INFO - ThreadPoolExecutor-0_0 - grpc_handler - [GRPC IN] ReceiveVectors processed successfully.
2025-11-18 17:22:49,786 - INFO - MainThread - __main__ - API: /add called. ReqID: 61, Vectors: 256
2025-11-18 17:22:49,786 - INFO - MainThread - server_logic - [Client Request] Client wants to add 256 vectors. My Status: clustered
2025-11-18 17:22:49,786 - INFO - MainThread - server_logic - [Client Request] System Clustered. Routing vectors to appropriate peers.
2025-11-18 17:22:49,786 - INFO - MainThread - server_logic - [Router] Routing 256 vectors among 16 nodes (Replicas: 4).
2025-11-18 17:22:49,786 - INFO - MainThread - server_logic - [DEBUG] found replica for vector: 1
2025-11-18 17:22:49,786 - INFO - MainThread - server_logic - [DEBUG] found replica for vector: 2
2025-11-18 17:22:49,786 - INFO - MainThread - server_logic - [DEBUG] found replica for vector: 3
2025-11-18 17:22:49,786 - INFO - MainThread - server_logic - [DEBUG] to me replica for vector: 3
2025-11-18 17:22:49,786 - INFO - MainThread - server_logic - [DEBUG] found replica for vector: 1
2025-11-18 17:22:49,786 - INFO - MainThread - server_logic - [DEBUG] found replica for vector: 2
2025-11-18 17:22:49,786 - INFO - MainThread - server_logic - [DEBUG] found replica for vector: 3
2025-11-18 17:22:49,787 - INFO - MainThread - server_logic - [DEBUG] found replica for vector: 4
2025-11-18 17:22:49,787 - INFO - MainThread - server_logic - [DEBUG] found replica for vector: 1
2025-11-18 17:22:49,787 - INFO - MainThread - server_logic - [DEBUG] found replica for vector: 2
2025-11-18 17:22:49,787 - INFO - MainThread - server_logic - [DEBUG] found replica for vector: 3
2025-11-18 17:22:49,787 - INFO - MainThread - server_logic - [DEBUG] found replica for vector: 4
2025-11-18 17:22:49,787 - INFO - MainThread - server_logic - [DEBUG] found replica for vector: 1
2025-11-18 17:22:49,787 - INFO - MainThread - server_logic - [DEBUG] found replica for vector: 2
2025-11-18 17:22:49,787 - INFO - MainThread - server_logic - [DEBUG] found replica for vector: 3
2025-11-18 17:22:49,787 - INFO - MainThread - server_logic - [DEBUG] found replica for vector: 4
2025-11-18 17:22:49,787 - INFO - MainThread - server_logic - [DEBUG] found replica for vector: 1
2025-11-18 17:22:49,787 - INFO - MainThread - server_logic - [DEBUG] found replica for vector: 2
2025-11-18 17:22:49,787 - INFO - MainThread - server_logic - [DEBUG] found replica for vector: 3
2025-11-18 17:22:49,787 - INFO - MainThread - server_logic - [DEBUG] found replica for vector: 4
2025-11-18 17:22:49,787 - INFO - MainThread - server_logic - [DEBUG] found replica for vector: 1
2025-11-18 17:22:49,787 - INFO - MainThread - server_logic - [DEBUG] found replica for vector: 2
2025-11-18 17:22:49,787 - INFO - MainThread - server_logic - [DEBUG] found replica for vector: 3
2025-11-18 17:22:49,787 - INFO - MainThread - server_logic - [DEBUG] found replica for vector: 4
2025-11-18 17:22:49,787 - INFO - MainThread - server_logic - [DEBUG] found replica for vector: 1
2025-11-18 17:22:49,787 - INFO - MainThread - server_logic - [DEBUG] found replica for vector: 2
2025-11-18 17:22:49,787 - INFO - MainThread - server_logic - [DEBUG] found replica for vector: 3
2025-11-18 17:22:49,787 - INFO - MainThread - server_logic - [DEBUG] found replica for vector: 4
2025-11-18 17:22:49,787 - INFO - MainThread - server_logic - [DEBUG] found replica for vector: 1
2025-11-18 17:22:49,787 - INFO - MainThread - server_logic - [DEBUG] found replica for vector: 2
2025-11-18 17:22:49,787 - INFO - MainThread - server_logic - [DEBUG] found replica for vector: 3
2025-11-18 17:22:49,787 - INFO - MainThread - server_logic - [DEBUG] to me replica for vector: 3
2025-11-18 17:22:49,787 - INFO - MainThread - server_logic - [DEBUG] found replica for vector: 1
2025-11-18 17:22:49,787 - INFO - MainThread - server_logic - [DEBUG] found replica for vector: 2
2025-11-18 17:22:49,787 - INFO - MainThread - server_logic - [DEBUG] found replica for vector: 3
2025-11-18 17:22:49,787 - INFO - MainThread - server_logic - [DEBUG] found replica for vector: 4
2025-11-18 17:22:49,787 - INFO - MainThread - server_logic - [DEBUG] found replica for vector: 1
2025-11-18 17:22:49,787 - INFO - MainThread - server_logic - [DEBUG] found replica for vector: 2
2025-11-18 17:22:49,787 - INFO - MainThread - server_logic - [DEBUG] found replica for vector: 3
2025-11-18 17:22:49,787 - INFO - MainThread - server_logic - [DEBUG] found replica for vector: 4
2025-11-18 17:22:49,787 - INFO - MainThread - server_logic - [DEBUG] found replica for vector: 1
2025-11-18 17:22:49,787 - INFO - MainThread - server_logic - [DEBUG] found replica for vector: 2
2025-11-18 17:22:49,787 - INFO - MainThread - server_logic - [DEBUG] found replica for vector: 3
2025-11-18 17:22:49,787 - INFO - MainThread - server_logic - [DEBUG] found replica for vector: 4
2025-11-18 17:22:49,787 - INFO - MainThread - server_logic - [DEBUG] found replica for vector: 1
2025-11-18 17:22:49,787 - INFO - MainThread - server_logic - [DEBUG] found replica for vector: 2
2025-11-18 17:22:49,787 - INFO - MainThread - server_logic - [DEBUG] found replica for vector: 3
2025-11-18 17:22:49,787 - INFO - MainThread - server_logic - [DEBUG] found replica for vector: 4
2025-11-18 17:22:49,787 - INFO - MainThread - server_logic - [DEBUG] found replica for vector: 1
2025-11-18 17:22:49,787 - INFO - MainThread - server_logic - [DEBUG] found replica for vector: 2
2025-11-18 17:22:49,787 - INFO - MainThread - server_logic - [DEBUG] found replica for vector: 3
2025-11-18 17:22:49,787 - INFO - MainThread - server_logic - [DEBUG] found replica for vector: 4
2025-11-18 17:22:49,787 - INFO - MainThread - server_logic - [DEBUG] found replica for vector: 1
2025-11-18 17:22:49,787 - INFO - MainThread - server_logic - [DEBUG] found replica for vector: 2
2025-11-18 17:22:49,787 - INFO - MainThread - server_logic - [DEBUG] found replica for vector: 3
2025-11-18 17:22:49,787 - INFO - MainThread - server_logic - [DEBUG] found replica for vector: 4
2025-11-18 17:22:49,787 - INFO - MainThread - server_logic - [DEBUG] found replica for vector: 1
2025-11-18 17:22:49,787 - INFO - MainThread - server_logic - [DEBUG] found replica for vector: 2
2025-11-18 17:22:49,787 - INFO - MainThread - server_logic - [DEBUG] found replica for vector: 3
2025-11-18 17:22:49,787 - INFO - MainThread - server_logic - [DEBUG] found replica for vector: 4
2025-11-18 17:22:49,787 - INFO - MainThread - server_logic - [DEBUG] found replica for vector: 1
2025-11-18 17:22:49,788 - INFO - MainThread - server_logic - [DEBUG] found replica for vector: 2
2025-11-18 17:22:49,788 - INFO - MainThread - server_logic - [DEBUG] found replica for vector: 3
2025-11-18 17:22:49,788 - INFO - MainThread - server_logic - [DEBUG] found replica for vector: 4
2025-11-18 17:22:49,788 - INFO - MainThread - server_logic - [DEBUG] found replica for vector: 1
2025-11-18 17:22:49,788 - INFO - MainThread - server_logic - [DEBUG] found replica for vector: 2
2025-11-18 17:22:49,788 - INFO - MainThread - server_logic - [DEBUG] found replica for vector: 3
2025-11-18 17:22:49,788 - INFO - MainThread - server_logic - [DEBUG] found replica for vector: 4
2025-11-18 17:22:49,788 - INFO - MainThread - server_logic - [DEBUG] found replica for vector: 1
2025-11-18 17:22:49,788 - INFO - MainThread - server_logic - [DEBUG] found replica for vector: 2
2025-11-18 17:22:49,788 - INFO - MainThread - server_logic - [DEBUG] found replica for vector: 3
2025-11-18 17:22:49,788 - INFO - MainThread - server_logic - [DEBUG] found replica for vector: 4
2025-11-18 17:22:49,788 - INFO - MainThread - server_logic - [DEBUG] found replica for vector: 1
2025-11-18 17:22:49,788 - INFO - MainThread - server_logic - [DEBUG] found replica for vector: 2
2025-11-18 17:22:49,788 - INFO - MainThread - server_logic - [DEBUG] found replica for vector: 3
2025-11-18 17:22:49,788 - INFO - MainThread - server_logic - [DEBUG] found replica for vector: 4
2025-11-18 17:22:49,788 - INFO - MainThread - server_logic - [DEBUG] found replica for vector: 1
2025-11-18 17:22:49,788 - INFO - MainThread - server_logic - [DEBUG] found replica for vector: 2
2025-11-18 17:22:49,788 - INFO - MainThread - server_logic - [DEBUG] found replica for vector: 3
2025-11-18 17:22:49,788 - INFO - MainThread - server_logic - [DEBUG] found replica for vector: 4
2025-11-18 17:22:49,788 - INFO - MainThread - server_logic - [DEBUG] found replica for vector: 1
2025-11-18 17:22:49,788 - INFO - MainThread - server_logic - [DEBUG] found replica for vector: 2
2025-11-18 17:22:49,788 - INFO - MainThread - server_logic - [DEBUG] found replica for vector: 3
2025-11-18 17:22:49,788 - INFO - MainThread - server_logic - [DEBUG] to me replica for vector: 3
2025-11-18 17:22:49,788 - INFO - MainThread - server_logic - [DEBUG] found replica for vector: 1
2025-11-18 17:22:49,788 - INFO - MainThread - server_logic - [DEBUG] found replica for vector: 2
2025-11-18 17:22:49,788 - INFO - MainThread - server_logic - [DEBUG] found replica for vector: 3
2025-11-18 17:22:49,788 - INFO - MainThread - server_logic - [DEBUG] found replica for vector: 4
2025-11-18 17:22:49,788 - INFO - MainThread - server_logic - [DEBUG] found replica for vector: 1
2025-11-18 17:22:49,788 - INFO - MainThread - server_logic - [DEBUG] found replica for vector: 2
2025-11-18 17:22:49,788 - INFO - MainThread - server_logic - [DEBUG] found replica for vector: 3
2025-11-18 17:22:49,788 - INFO - MainThread - server_logic - [DEBUG] found replica for vector: 4
2025-11-18 17:22:49,788 - INFO - MainThread - server_logic - [DEBUG] found replica for vector: 1
2025-11-18 17:22:49,788 - INFO - MainThread - server_logic - [DEBUG] found replica for vector: 2
2025-11-18 17:22:49,788 - INFO - MainThread - server_logic - [DEBUG] found replica for vector: 3
2025-11-18 17:22:49,788 - INFO - MainThread - server_logic - [DEBUG] found replica for vector: 4
2025-11-18 17:22:49,788 - INFO - MainThread - server_logic - [DEBUG] found replica for vector: 1
2025-11-18 17:22:49,788 - INFO - MainThread - server_logic - [DEBUG] found replica for vector: 2
2025-11-18 17:22:49,788 - INFO - MainThread - server_logic - [DEBUG] found replica for vector: 3
2025-11-18 17:22:49,788 - INFO - MainThread - server_logic - [DEBUG] to me replica for vector: 3
2025-11-18 17:22:49,788 - INFO - MainThread - server_logic - [DEBUG] found replica for vector: 1
2025-11-18 17:22:49,788 - INFO - MainThread - server_logic - [DEBUG] found replica for vector: 2
2025-11-18 17:22:49,788 - INFO - MainThread - server_logic - [DEBUG] found replica for vector: 3
2025-11-18 17:22:49,788 - INFO - MainThread - server_logic - [DEBUG] found replica for vector: 4
2025-11-18 17:22:49,788 - INFO - MainThread - server_logic - [DEBUG] found replica for vector: 1
2025-11-18 17:22:49,788 - INFO - MainThread - server_logic - [DEBUG] found replica for vector: 2
2025-11-18 17:22:49,788 - INFO - MainThread - server_logic - [DEBUG] found replica for vector: 3
2025-11-18 17:22:49,788 - INFO - MainThread - server_logic - [DEBUG] found replica for vector: 4
2025-11-18 17:22:49,788 - INFO - MainThread - server_logic - [DEBUG] found replica for vector: 1
2025-11-18 17:22:49,788 - INFO - MainThread - server_logic - [DEBUG] found replica for vector: 2
2025-11-18 17:22:49,788 - INFO - MainThread - server_logic - [DEBUG] found replica for vector: 3
2025-11-18 17:22:49,788 - INFO - MainThread - server_logic - [DEBUG] found replica for vector: 4
2025-11-18 17:22:49,788 - INFO - MainThread - server_logic - [DEBUG] found replica for vector: 1
2025-11-18 17:22:49,788 - INFO - MainThread - server_logic - [DEBUG] found replica for vector: 2
2025-11-18 17:22:49,788 - INFO - MainThread - server_logic - [DEBUG] found replica for vector: 3
2025-11-18 17:22:49,788 - INFO - MainThread - server_logic - [DEBUG] found replica for vector: 4
2025-11-18 17:22:49,788 - INFO - MainThread - server_logic - [DEBUG] found replica for vector: 1
2025-11-18 17:22:49,788 - INFO - MainThread - server_logic - [DEBUG] found replica for vector: 2
2025-11-18 17:22:49,788 - INFO - MainThread - server_logic - [DEBUG] found replica for vector: 3
2025-11-18 17:22:49,789 - INFO - MainThread - server_logic - [DEBUG] to me replica for vector: 3
2025-11-18 17:22:49,789 - INFO - MainThread - server_logic - [DEBUG] found replica for vector: 1
2025-11-18 17:22:49,789 - INFO - MainThread - server_logic - [DEBUG] found replica for vector: 2
2025-11-18 17:22:49,789 - INFO - MainThread - server_logic - [DEBUG] found replica for vector: 3
2025-11-18 17:22:49,789 - INFO - MainThread - server_logic - [DEBUG] to me replica for vector: 3
2025-11-18 17:22:49,789 - INFO - MainThread - server_logic - [DEBUG] found replica for vector: 1
2025-11-18 17:22:49,789 - INFO - MainThread - server_logic - [DEBUG] found replica for vector: 2
2025-11-18 17:22:49,789 - INFO - MainThread - server_logic - [DEBUG] found replica for vector: 3
2025-11-18 17:22:49,789 - INFO - MainThread - server_logic - [DEBUG] found replica for vector: 4
2025-11-18 17:22:49,789 - INFO - MainThread - server_logic - [DEBUG] found replica for vector: 1
2025-11-18 17:22:49,789 - INFO - MainThread - server_logic - [DEBUG] found replica for vector: 2
2025-11-18 17:22:49,789 - INFO - MainThread - server_logic - [DEBUG] found replica for vector: 3
2025-11-18 17:22:49,789 - INFO - MainThread - server_logic - [DEBUG] found replica for vector: 4
2025-11-18 17:22:49,789 - INFO - MainThread - server_logic - [DEBUG] found replica for vector: 1
2025-11-18 17:22:49,789 - INFO - MainThread - server_logic - [DEBUG] found replica for vector: 2
2025-11-18 17:22:49,789 - INFO - MainThread - server_logic - [DEBUG] found replica for vector: 3
2025-11-18 17:22:49,789 - INFO - MainThread - server_logic - [DEBUG] found replica for vector: 4
2025-11-18 17:22:49,789 - INFO - MainThread - server_logic - [DEBUG] found replica for vector: 1
2025-11-18 17:22:49,789 - INFO - MainThread - server_logic - [DEBUG] found replica for vector: 2
2025-11-18 17:22:49,789 - INFO - MainThread - server_logic - [DEBUG] found replica for vector: 3
2025-11-18 17:22:49,789 - INFO - MainThread - server_logic - [DEBUG] found replica for vector: 4
2025-11-18 17:22:49,789 - INFO - MainThread - server_logic - [DEBUG] found replica for vector: 1
2025-11-18 17:22:49,789 - INFO - MainThread - server_logic - [DEBUG] found replica for vector: 2
2025-11-18 17:22:49,789 - INFO - MainThread - server_logic - [DEBUG] found replica for vector: 3
2025-11-18 17:22:49,789 - INFO - MainThread - server_logic - [DEBUG] found replica for vector: 4
2025-11-18 17:22:49,789 - INFO - MainThread - server_logic - [DEBUG] found replica for vector: 1
2025-11-18 17:22:49,789 - INFO - MainThread - server_logic - [DEBUG] found replica for vector: 2
2025-11-18 17:22:49,789 - INFO - MainThread - server_logic - [DEBUG] found replica for vector: 3
2025-11-18 17:22:49,789 - INFO - MainThread - server_logic - [DEBUG] found replica for vector: 4
2025-11-18 17:22:49,789 - INFO - MainThread - server_logic - [DEBUG] found replica for vector: 1
2025-11-18 17:22:49,789 - INFO - MainThread - server_logic - [DEBUG] found replica for vector: 2
2025-11-18 17:22:49,789 - INFO - MainThread - server_logic - [DEBUG] found replica for vector: 3
2025-11-18 17:22:49,789 - INFO - MainThread - server_logic - [DEBUG] found replica for vector: 4
2025-11-18 17:22:49,789 - INFO - MainThread - server_logic - [DEBUG] found replica for vector: 1
2025-11-18 17:22:49,789 - INFO - MainThread - server_logic - [DEBUG] found replica for vector: 2
2025-11-18 17:22:49,789 - INFO - MainThread - server_logic - [DEBUG] found replica for vector: 3
2025-11-18 17:22:49,789 - INFO - MainThread - server_logic - [DEBUG] found replica for vector: 4
2025-11-18 17:22:49,789 - INFO - MainThread - server_logic - [DEBUG] found replica for vector: 1
2025-11-18 17:22:49,789 - INFO - MainThread - server_logic - [DEBUG] found replica for vector: 2
2025-11-18 17:22:49,789 - INFO - MainThread - server_logic - [DEBUG] found replica for vector: 3
2025-11-18 17:22:49,789 - INFO - MainThread - server_logic - [DEBUG] to me replica for vector: 3
2025-11-18 17:22:49,789 - INFO - MainThread - server_logic - [DEBUG] found replica for vector: 1
2025-11-18 17:22:49,789 - INFO - MainThread - server_logic - [DEBUG] found replica for vector: 2
2025-11-18 17:22:49,789 - INFO - MainThread - server_logic - [DEBUG] found replica for vector: 3
2025-11-18 17:22:49,789 - INFO - MainThread - server_logic - [DEBUG] found replica for vector: 4
2025-11-18 17:22:49,789 - INFO - MainThread - server_logic - [DEBUG] found replica for vector: 1
2025-11-18 17:22:49,789 - INFO - MainThread - server_logic - [DEBUG] found replica for vector: 2
2025-11-18 17:22:49,789 - INFO - MainThread - server_logic - [DEBUG] found replica for vector: 3
2025-11-18 17:22:49,789 - INFO - MainThread - server_logic - [DEBUG] found replica for vector: 4
2025-11-18 17:22:49,789 - INFO - MainThread - server_logic - [DEBUG] found replica for vector: 1
2025-11-18 17:22:49,789 - INFO - MainThread - server_logic - [DEBUG] found replica for vector: 2
2025-11-18 17:22:49,789 - INFO - MainThread - server_logic - [DEBUG] found replica for vector: 3
2025-11-18 17:22:49,789 - INFO - MainThread - server_logic - [DEBUG] to me replica for vector: 3
2025-11-18 17:22:49,789 - INFO - MainThread - server_logic - [DEBUG] found replica for vector: 1
2025-11-18 17:22:49,789 - INFO - MainThread - server_logic - [DEBUG] found replica for vector: 2
2025-11-18 17:22:49,789 - INFO - MainThread - server_logic - [DEBUG] found replica for vector: 3
2025-11-18 17:22:49,789 - INFO - MainThread - server_logic - [DEBUG] found replica for vector: 4
2025-11-18 17:22:49,790 - INFO - MainThread - server_logic - [DEBUG] found replica for vector: 1
2025-11-18 17:22:49,790 - INFO - MainThread - server_logic - [DEBUG] found replica for vector: 2
2025-11-18 17:22:49,790 - INFO - MainThread - server_logic - [DEBUG] found replica for vector: 3
2025-11-18 17:22:49,790 - INFO - MainThread - server_logic - [DEBUG] to me replica for vector: 3
2025-11-18 17:22:49,790 - INFO - MainThread - server_logic - [DEBUG] found replica for vector: 1
2025-11-18 17:22:49,790 - INFO - MainThread - server_logic - [DEBUG] found replica for vector: 2
2025-11-18 17:22:49,790 - INFO - MainThread - server_logic - [DEBUG] found replica for vector: 3
2025-11-18 17:22:49,790 - INFO - MainThread - server_logic - [DEBUG] found replica for vector: 4
2025-11-18 17:22:49,790 - INFO - MainThread - server_logic - [DEBUG] found replica for vector: 1
2025-11-18 17:22:49,790 - INFO - MainThread - server_logic - [DEBUG] found replica for vector: 2
2025-11-18 17:22:49,790 - INFO - MainThread - server_logic - [DEBUG] found replica for vector: 3
2025-11-18 17:22:49,790 - INFO - MainThread - server_logic - [DEBUG] to me replica for vector: 3
2025-11-18 17:22:49,790 - INFO - MainThread - server_logic - [DEBUG] found replica for vector: 1
2025-11-18 17:22:49,790 - INFO - MainThread - server_logic - [DEBUG] found replica for vector: 2
2025-11-18 17:22:49,790 - INFO - MainThread - server_logic - [DEBUG] found replica for vector: 3
2025-11-18 17:22:49,790 - INFO - MainThread - server_logic - [DEBUG] found replica for vector: 4
2025-11-18 17:22:49,790 - INFO - MainThread - server_logic - [DEBUG] found replica for vector: 1
2025-11-18 17:22:49,790 - INFO - MainThread - server_logic - [DEBUG] found replica for vector: 2
2025-11-18 17:22:49,790 - INFO - MainThread - server_logic - [DEBUG] found replica for vector: 3
2025-11-18 17:22:49,790 - INFO - MainThread - server_logic - [DEBUG] found replica for vector: 4
2025-11-18 17:22:49,790 - INFO - MainThread - server_logic - [DEBUG] found replica for vector: 1
2025-11-18 17:22:49,790 - INFO - MainThread - server_logic - [DEBUG] found replica for vector: 2
2025-11-18 17:22:49,790 - INFO - MainThread - server_logic - [DEBUG] found replica for vector: 3
2025-11-18 17:22:49,790 - INFO - MainThread - server_logic - [DEBUG] to me replica for vector: 3
2025-11-18 17:22:49,790 - INFO - MainThread - server_logic - [DEBUG] found replica for vector: 1
2025-11-18 17:22:49,790 - INFO - MainThread - server_logic - [DEBUG] found replica for vector: 2
2025-11-18 17:22:49,790 - INFO - MainThread - server_logic - [DEBUG] found replica for vector: 3
2025-11-18 17:22:49,790 - INFO - MainThread - server_logic - [DEBUG] to me replica for vector: 3
2025-11-18 17:22:49,790 - INFO - MainThread - server_logic - [DEBUG] found replica for vector: 1
2025-11-18 17:22:49,790 - INFO - MainThread - server_logic - [DEBUG] found replica for vector: 2
2025-11-18 17:22:49,790 - INFO - MainThread - server_logic - [DEBUG] found replica for vector: 3
2025-11-18 17:22:49,790 - INFO - MainThread - server_logic - [DEBUG] found replica for vector: 4
2025-11-18 17:22:49,790 - INFO - MainThread - server_logic - [DEBUG] found replica for vector: 1
2025-11-18 17:22:49,790 - INFO - MainThread - server_logic - [DEBUG] found replica for vector: 2
2025-11-18 17:22:49,790 - INFO - MainThread - server_logic - [DEBUG] found replica for vector: 3
2025-11-18 17:22:49,790 - INFO - MainThread - server_logic - [DEBUG] to me replica for vector: 3
2025-11-18 17:22:49,790 - INFO - MainThread - server_logic - [DEBUG] found replica for vector: 1
2025-11-18 17:22:49,790 - INFO - MainThread - server_logic - [DEBUG] found replica for vector: 2
2025-11-18 17:22:49,790 - INFO - MainThread - server_logic - [DEBUG] found replica for vector: 3
2025-11-18 17:22:49,790 - INFO - MainThread - server_logic - [DEBUG] to me replica for vector: 3
2025-11-18 17:22:49,790 - INFO - MainThread - server_logic - [DEBUG] found replica for vector: 1
2025-11-18 17:22:49,790 - INFO - MainThread - server_logic - [DEBUG] found replica for vector: 2
2025-11-18 17:22:49,790 - INFO - MainThread - server_logic - [DEBUG] found replica for vector: 3
2025-11-18 17:22:49,790 - INFO - MainThread - server_logic - [DEBUG] to me replica for vector: 3
2025-11-18 17:22:49,790 - INFO - MainThread - server_logic - [DEBUG] found replica for vector: 1
2025-11-18 17:22:49,790 - INFO - MainThread - server_logic - [DEBUG] found replica for vector: 2
2025-11-18 17:22:49,790 - INFO - MainThread - server_logic - [DEBUG] found replica for vector: 3
2025-11-18 17:22:49,790 - INFO - MainThread - server_logic - [DEBUG] found replica for vector: 4
2025-11-18 17:22:49,790 - INFO - MainThread - server_logic - [DEBUG] found replica for vector: 1
2025-11-18 17:22:49,790 - INFO - MainThread - server_logic - [DEBUG] found replica for vector: 2
2025-11-18 17:22:49,790 - INFO - MainThread - server_logic - [DEBUG] found replica for vector: 3
2025-11-18 17:22:49,790 - INFO - MainThread - server_logic - [DEBUG] found replica for vector: 4
2025-11-18 17:22:49,790 - INFO - MainThread - server_logic - [DEBUG] found replica for vector: 1
2025-11-18 17:22:49,790 - INFO - MainThread - server_logic - [DEBUG] found replica for vector: 2
2025-11-18 17:22:49,790 - INFO - MainThread - server_logic - [DEBUG] found replica for vector: 3
2025-11-18 17:22:49,790 - INFO - MainThread - server_logic - [DEBUG] found replica for vector: 4
2025-11-18 17:22:49,790 - INFO - MainThread - server_logic - [DEBUG] found replica for vector: 1
2025-11-18 17:22:49,791 - INFO - MainThread - server_logic - [DEBUG] found replica for vector: 2
2025-11-18 17:22:49,791 - INFO - MainThread - server_logic - [DEBUG] found replica for vector: 3
2025-11-18 17:22:49,791 - INFO - MainThread - server_logic - [DEBUG] found replica for vector: 4
2025-11-18 17:22:49,791 - INFO - MainThread - server_logic - [DEBUG] found replica for vector: 1
2025-11-18 17:22:49,791 - INFO - MainThread - server_logic - [DEBUG] found replica for vector: 2
2025-11-18 17:22:49,791 - INFO - MainThread - server_logic - [DEBUG] found replica for vector: 3
2025-11-18 17:22:49,791 - INFO - MainThread - server_logic - [DEBUG] found replica for vector: 4
2025-11-18 17:22:49,791 - INFO - MainThread - server_logic - [DEBUG] found replica for vector: 1
2025-11-18 17:22:49,791 - INFO - MainThread - server_logic - [DEBUG] found replica for vector: 2
2025-11-18 17:22:49,791 - INFO - MainThread - server_logic - [DEBUG] found replica for vector: 3
2025-11-18 17:22:49,791 - INFO - MainThread - server_logic - [DEBUG] to me replica for vector: 3
2025-11-18 17:22:49,791 - INFO - MainThread - server_logic - [DEBUG] found replica for vector: 1
2025-11-18 17:22:49,791 - INFO - MainThread - server_logic - [DEBUG] found replica for vector: 2
2025-11-18 17:22:49,791 - INFO - MainThread - server_logic - [DEBUG] found replica for vector: 3
2025-11-18 17:22:49,791 - INFO - MainThread - server_logic - [DEBUG] found replica for vector: 4
2025-11-18 17:22:49,791 - INFO - MainThread - server_logic - [DEBUG] found replica for vector: 1
2025-11-18 17:22:49,791 - INFO - MainThread - server_logic - [DEBUG] found replica for vector: 2
2025-11-18 17:22:49,791 - INFO - MainThread - server_logic - [DEBUG] found replica for vector: 3
2025-11-18 17:22:49,791 - INFO - MainThread - server_logic - [DEBUG] found replica for vector: 4
2025-11-18 17:22:49,791 - INFO - MainThread - server_logic - [DEBUG] found replica for vector: 1
2025-11-18 17:22:49,791 - INFO - MainThread - server_logic - [DEBUG] found replica for vector: 2
2025-11-18 17:22:49,791 - INFO - MainThread - server_logic - [DEBUG] found replica for vector: 3
2025-11-18 17:22:49,791 - INFO - MainThread - server_logic - [DEBUG] to me replica for vector: 3
2025-11-18 17:22:49,791 - INFO - MainThread - server_logic - [DEBUG] found replica for vector: 1
2025-11-18 17:22:49,791 - INFO - MainThread - server_logic - [DEBUG] found replica for vector: 2
2025-11-18 17:22:49,791 - INFO - MainThread - server_logic - [DEBUG] found replica for vector: 3
2025-11-18 17:22:49,791 - INFO - MainThread - server_logic - [DEBUG] found replica for vector: 4
2025-11-18 17:22:49,791 - INFO - MainThread - server_logic - [DEBUG] found replica for vector: 1
2025-11-18 17:22:49,791 - INFO - MainThread - server_logic - [DEBUG] found replica for vector: 2
2025-11-18 17:22:49,791 - INFO - MainThread - server_logic - [DEBUG] found replica for vector: 3
2025-11-18 17:22:49,791 - INFO - MainThread - server_logic - [DEBUG] found replica for vector: 4
2025-11-18 17:22:49,791 - INFO - MainThread - server_logic - [DEBUG] found replica for vector: 1
2025-11-18 17:22:49,791 - INFO - MainThread - server_logic - [DEBUG] found replica for vector: 2
2025-11-18 17:22:49,791 - INFO - MainThread - server_logic - [DEBUG] found replica for vector: 3
2025-11-18 17:22:49,791 - INFO - MainThread - server_logic - [DEBUG] found replica for vector: 4
2025-11-18 17:22:49,791 - INFO - MainThread - server_logic - [DEBUG] found replica for vector: 1
2025-11-18 17:22:49,791 - INFO - MainThread - server_logic - [DEBUG] found replica for vector: 2
2025-11-18 17:22:49,791 - INFO - MainThread - server_logic - [DEBUG] found replica for vector: 3
2025-11-18 17:22:49,791 - INFO - MainThread - server_logic - [DEBUG] to me replica for vector: 3
2025-11-18 17:22:49,791 - INFO - MainThread - server_logic - [DEBUG] found replica for vector: 1
2025-11-18 17:22:49,791 - INFO - MainThread - server_logic - [DEBUG] found replica for vector: 2
2025-11-18 17:22:49,791 - INFO - MainThread - server_logic - [DEBUG] found replica for vector: 3
2025-11-18 17:22:49,791 - INFO - MainThread - server_logic - [DEBUG] found replica for vector: 4
2025-11-18 17:22:49,791 - INFO - MainThread - server_logic - [DEBUG] found replica for vector: 1
2025-11-18 17:22:49,791 - INFO - MainThread - server_logic - [DEBUG] found replica for vector: 2
2025-11-18 17:22:49,791 - INFO - MainThread - server_logic - [DEBUG] found replica for vector: 3
2025-11-18 17:22:49,791 - INFO - MainThread - server_logic - [DEBUG] found replica for vector: 4
2025-11-18 17:22:49,791 - INFO - MainThread - server_logic - [DEBUG] found replica for vector: 1
2025-11-18 17:22:49,791 - INFO - MainThread - server_logic - [DEBUG] found replica for vector: 2
2025-11-18 17:22:49,791 - INFO - MainThread - server_logic - [DEBUG] found replica for vector: 3
2025-11-18 17:22:49,791 - INFO - MainThread - server_logic - [DEBUG] found replica for vector: 4
2025-11-18 17:22:49,791 - INFO - MainThread - server_logic - [DEBUG] found replica for vector: 1
2025-11-18 17:22:49,791 - INFO - MainThread - server_logic - [DEBUG] found replica for vector: 2
2025-11-18 17:22:49,791 - INFO - MainThread - server_logic - [DEBUG] found replica for vector: 3
2025-11-18 17:22:49,791 - INFO - MainThread - server_logic - [DEBUG] found replica for vector: 4
2025-11-18 17:22:49,791 - INFO - MainThread - server_logic - [DEBUG] found replica for vector: 1
2025-11-18 17:22:49,791 - INFO - MainThread - server_logic - [DEBUG] found replica for vector: 2
2025-11-18 17:22:49,791 - INFO - MainThread - server_logic - [DEBUG] found replica for vector: 3
2025-11-18 17:22:49,791 - INFO - MainThread - server_logic - [DEBUG] found replica for vector: 4
2025-11-18 17:22:49,792 - INFO - MainThread - server_logic - [DEBUG] found replica for vector: 1
2025-11-18 17:22:49,792 - INFO - MainThread - server_logic - [DEBUG] found replica for vector: 2
2025-11-18 17:22:49,792 - INFO - MainThread - server_logic - [DEBUG] found replica for vector: 3
2025-11-18 17:22:49,792 - INFO - MainThread - server_logic - [DEBUG] found replica for vector: 4
2025-11-18 17:22:49,792 - INFO - MainThread - server_logic - [DEBUG] found replica for vector: 1
2025-11-18 17:22:49,792 - INFO - MainThread - server_logic - [DEBUG] found replica for vector: 2
2025-11-18 17:22:49,792 - INFO - MainThread - server_logic - [DEBUG] found replica for vector: 3
2025-11-18 17:22:49,792 - INFO - MainThread - server_logic - [DEBUG] found replica for vector: 4
2025-11-18 17:22:49,792 - INFO - MainThread - server_logic - [DEBUG] found replica for vector: 1
2025-11-18 17:22:49,792 - INFO - MainThread - server_logic - [DEBUG] found replica for vector: 2
2025-11-18 17:22:49,792 - INFO - MainThread - server_logic - [DEBUG] found replica for vector: 3
2025-11-18 17:22:49,792 - INFO - MainThread - server_logic - [DEBUG] to me replica for vector: 3
2025-11-18 17:22:49,792 - INFO - MainThread - server_logic - [DEBUG] found replica for vector: 1
2025-11-18 17:22:49,792 - INFO - MainThread - server_logic - [DEBUG] found replica for vector: 2
2025-11-18 17:22:49,792 - INFO - MainThread - server_logic - [DEBUG] found replica for vector: 3
2025-11-18 17:22:49,792 - INFO - MainThread - server_logic - [DEBUG] to me replica for vector: 3
2025-11-18 17:22:49,792 - INFO - MainThread - server_logic - [DEBUG] found replica for vector: 1
2025-11-18 17:22:49,792 - INFO - MainThread - server_logic - [DEBUG] found replica for vector: 2
2025-11-18 17:22:49,792 - INFO - MainThread - server_logic - [DEBUG] found replica for vector: 3
2025-11-18 17:22:49,792 - INFO - MainThread - server_logic - [DEBUG] found replica for vector: 4
2025-11-18 17:22:49,792 - INFO - MainThread - server_logic - [DEBUG] found replica for vector: 1
2025-11-18 17:22:49,792 - INFO - MainThread - server_logic - [DEBUG] found replica for vector: 2
2025-11-18 17:22:49,792 - INFO - MainThread - server_logic - [DEBUG] found replica for vector: 3
2025-11-18 17:22:49,792 - INFO - MainThread - server_logic - [DEBUG] found replica for vector: 4
2025-11-18 17:22:49,792 - INFO - MainThread - server_logic - [DEBUG] found replica for vector: 1
2025-11-18 17:22:49,792 - INFO - MainThread - server_logic - [DEBUG] found replica for vector: 2
2025-11-18 17:22:49,792 - INFO - MainThread - server_logic - [DEBUG] found replica for vector: 3
2025-11-18 17:22:49,792 - INFO - MainThread - server_logic - [DEBUG] to me replica for vector: 3
2025-11-18 17:22:49,792 - INFO - MainThread - server_logic - [DEBUG] found replica for vector: 1
2025-11-18 17:22:49,792 - INFO - MainThread - server_logic - [DEBUG] found replica for vector: 2
2025-11-18 17:22:49,792 - INFO - MainThread - server_logic - [DEBUG] found replica for vector: 3
2025-11-18 17:22:49,792 - INFO - MainThread - server_logic - [DEBUG] to me replica for vector: 3
2025-11-18 17:22:49,792 - INFO - MainThread - server_logic - [DEBUG] found replica for vector: 1
2025-11-18 17:22:49,792 - INFO - MainThread - server_logic - [DEBUG] found replica for vector: 2
2025-11-18 17:22:49,792 - INFO - MainThread - server_logic - [DEBUG] found replica for vector: 3
2025-11-18 17:22:49,792 - INFO - MainThread - server_logic - [DEBUG] found replica for vector: 4
2025-11-18 17:22:49,792 - INFO - MainThread - server_logic - [DEBUG] found replica for vector: 1
2025-11-18 17:22:49,792 - INFO - MainThread - server_logic - [DEBUG] found replica for vector: 2
2025-11-18 17:22:49,792 - INFO - MainThread - server_logic - [DEBUG] found replica for vector: 3
2025-11-18 17:22:49,792 - INFO - MainThread - server_logic - [DEBUG] found replica for vector: 4
2025-11-18 17:22:49,792 - INFO - MainThread - server_logic - [DEBUG] found replica for vector: 1
2025-11-18 17:22:49,792 - INFO - MainThread - server_logic - [DEBUG] found replica for vector: 2
2025-11-18 17:22:49,792 - INFO - MainThread - server_logic - [DEBUG] found replica for vector: 3
2025-11-18 17:22:49,792 - INFO - MainThread - server_logic - [DEBUG] found replica for vector: 4
2025-11-18 17:22:49,792 - INFO - MainThread - server_logic - [DEBUG] found replica for vector: 1
2025-11-18 17:22:49,792 - INFO - MainThread - server_logic - [DEBUG] found replica for vector: 2
2025-11-18 17:22:49,792 - INFO - MainThread - server_logic - [DEBUG] found replica for vector: 3
2025-11-18 17:22:49,792 - INFO - MainThread - server_logic - [DEBUG] to me replica for vector: 3
2025-11-18 17:22:49,792 - INFO - MainThread - server_logic - [DEBUG] found replica for vector: 1
2025-11-18 17:22:49,792 - INFO - MainThread - server_logic - [DEBUG] found replica for vector: 2
2025-11-18 17:22:49,792 - INFO - MainThread - server_logic - [DEBUG] found replica for vector: 3
2025-11-18 17:22:49,792 - INFO - MainThread - server_logic - [DEBUG] to me replica for vector: 3
2025-11-18 17:22:49,792 - INFO - MainThread - server_logic - [DEBUG] found replica for vector: 1
2025-11-18 17:22:49,792 - INFO - MainThread - server_logic - [DEBUG] found replica for vector: 2
2025-11-18 17:22:49,792 - INFO - MainThread - server_logic - [DEBUG] found replica for vector: 3
2025-11-18 17:22:49,792 - INFO - MainThread - server_logic - [DEBUG] found replica for vector: 4
2025-11-18 17:22:49,792 - INFO - MainThread - server_logic - [DEBUG] found replica for vector: 1
2025-11-18 17:22:49,793 - INFO - MainThread - server_logic - [DEBUG] found replica for vector: 2
2025-11-18 17:22:49,793 - INFO - MainThread - server_logic - [DEBUG] found replica for vector: 3
2025-11-18 17:22:49,793 - INFO - MainThread - server_logic - [DEBUG] found replica for vector: 4
2025-11-18 17:22:49,793 - INFO - MainThread - server_logic - [DEBUG] found replica for vector: 1
2025-11-18 17:22:49,793 - INFO - MainThread - server_logic - [DEBUG] found replica for vector: 2
2025-11-18 17:22:49,793 - INFO - MainThread - server_logic - [DEBUG] found replica for vector: 3
2025-11-18 17:22:49,793 - INFO - MainThread - server_logic - [DEBUG] to me replica for vector: 3
2025-11-18 17:22:49,793 - INFO - MainThread - server_logic - [DEBUG] found replica for vector: 1
2025-11-18 17:22:49,793 - INFO - MainThread - server_logic - [DEBUG] found replica for vector: 2
2025-11-18 17:22:49,793 - INFO - MainThread - server_logic - [DEBUG] found replica for vector: 3
2025-11-18 17:22:49,793 - INFO - MainThread - server_logic - [DEBUG] found replica for vector: 4
2025-11-18 17:22:49,793 - INFO - MainThread - server_logic - [DEBUG] found replica for vector: 1
2025-11-18 17:22:49,793 - INFO - MainThread - server_logic - [DEBUG] found replica for vector: 2
2025-11-18 17:22:49,793 - INFO - MainThread - server_logic - [DEBUG] found replica for vector: 3
2025-11-18 17:22:49,793 - INFO - MainThread - server_logic - [DEBUG] found replica for vector: 4
2025-11-18 17:22:49,793 - INFO - MainThread - server_logic - [DEBUG] found replica for vector: 1
2025-11-18 17:22:49,793 - INFO - MainThread - server_logic - [DEBUG] found replica for vector: 2
2025-11-18 17:22:49,793 - INFO - MainThread - server_logic - [DEBUG] found replica for vector: 3
2025-11-18 17:22:49,793 - INFO - MainThread - server_logic - [DEBUG] to me replica for vector: 3
2025-11-18 17:22:49,793 - INFO - MainThread - server_logic - [DEBUG] found replica for vector: 1
2025-11-18 17:22:49,793 - INFO - MainThread - server_logic - [DEBUG] found replica for vector: 2
2025-11-18 17:22:49,793 - INFO - MainThread - server_logic - [DEBUG] found replica for vector: 3
2025-11-18 17:22:49,793 - INFO - MainThread - server_logic - [DEBUG] found replica for vector: 4
2025-11-18 17:22:49,793 - INFO - MainThread - server_logic - [DEBUG] found replica for vector: 1
2025-11-18 17:22:49,793 - INFO - MainThread - server_logic - [DEBUG] found replica for vector: 2
2025-11-18 17:22:49,793 - INFO - MainThread - server_logic - [DEBUG] found replica for vector: 3
2025-11-18 17:22:49,793 - INFO - MainThread - server_logic - [DEBUG] found replica for vector: 4
2025-11-18 17:22:49,793 - INFO - MainThread - server_logic - [DEBUG] found replica for vector: 1
2025-11-18 17:22:49,793 - INFO - MainThread - server_logic - [DEBUG] found replica for vector: 2
2025-11-18 17:22:49,793 - INFO - MainThread - server_logic - [DEBUG] found replica for vector: 3
2025-11-18 17:22:49,793 - INFO - MainThread - server_logic - [DEBUG] found replica for vector: 4
2025-11-18 17:22:49,793 - INFO - MainThread - server_logic - [DEBUG] found replica for vector: 1
2025-11-18 17:22:49,793 - INFO - MainThread - server_logic - [DEBUG] found replica for vector: 2
2025-11-18 17:22:49,793 - INFO - MainThread - server_logic - [DEBUG] found replica for vector: 3
2025-11-18 17:22:49,793 - INFO - MainThread - server_logic - [DEBUG] found replica for vector: 4
2025-11-18 17:22:49,793 - INFO - MainThread - server_logic - [DEBUG] found replica for vector: 1
2025-11-18 17:22:49,793 - INFO - MainThread - server_logic - [DEBUG] found replica for vector: 2
2025-11-18 17:22:49,793 - INFO - MainThread - server_logic - [DEBUG] found replica for vector: 3
2025-11-18 17:22:49,793 - INFO - MainThread - server_logic - [DEBUG] found replica for vector: 4
2025-11-18 17:22:49,793 - INFO - MainThread - server_logic - [DEBUG] found replica for vector: 1
2025-11-18 17:22:49,793 - INFO - MainThread - server_logic - [DEBUG] found replica for vector: 2
2025-11-18 17:22:49,793 - INFO - MainThread - server_logic - [DEBUG] found replica for vector: 3
2025-11-18 17:22:49,793 - INFO - MainThread - server_logic - [DEBUG] to me replica for vector: 3
2025-11-18 17:22:49,793 - INFO - MainThread - server_logic - [DEBUG] found replica for vector: 1
2025-11-18 17:22:49,793 - INFO - MainThread - server_logic - [DEBUG] found replica for vector: 2
2025-11-18 17:22:49,793 - INFO - MainThread - server_logic - [DEBUG] found replica for vector: 3
2025-11-18 17:22:49,793 - INFO - MainThread - server_logic - [DEBUG] to me replica for vector: 3
2025-11-18 17:22:49,793 - INFO - MainThread - server_logic - [DEBUG] found replica for vector: 1
2025-11-18 17:22:49,793 - INFO - MainThread - server_logic - [DEBUG] found replica for vector: 2
2025-11-18 17:22:49,793 - INFO - MainThread - server_logic - [DEBUG] found replica for vector: 3
2025-11-18 17:22:49,793 - INFO - MainThread - server_logic - [DEBUG] found replica for vector: 4
2025-11-18 17:22:49,793 - INFO - MainThread - server_logic - [DEBUG] found replica for vector: 1
2025-11-18 17:22:49,793 - INFO - MainThread - server_logic - [DEBUG] found replica for vector: 2
2025-11-18 17:22:49,793 - INFO - MainThread - server_logic - [DEBUG] found replica for vector: 3
2025-11-18 17:22:49,793 - INFO - MainThread - server_logic - [DEBUG] found replica for vector: 4
2025-11-18 17:22:49,793 - INFO - MainThread - server_logic - [DEBUG] found replica for vector: 1
2025-11-18 17:22:49,793 - INFO - MainThread - server_logic - [DEBUG] found replica for vector: 2
2025-11-18 17:22:49,793 - INFO - MainThread - server_logic - [DEBUG] found replica for vector: 3
2025-11-18 17:22:49,793 - INFO - MainThread - server_logic - [DEBUG] found replica for vector: 4
2025-11-18 17:22:49,794 - INFO - MainThread - server_logic - [DEBUG] found replica for vector: 1
2025-11-18 17:22:49,794 - INFO - MainThread - server_logic - [DEBUG] found replica for vector: 2
2025-11-18 17:22:49,794 - INFO - MainThread - server_logic - [DEBUG] found replica for vector: 3
2025-11-18 17:22:49,794 - INFO - MainThread - server_logic - [DEBUG] found replica for vector: 4
2025-11-18 17:22:49,794 - INFO - MainThread - server_logic - [DEBUG] found replica for vector: 1
2025-11-18 17:22:49,794 - INFO - MainThread - server_logic - [DEBUG] found replica for vector: 2
2025-11-18 17:22:49,794 - INFO - MainThread - server_logic - [DEBUG] found replica for vector: 3
2025-11-18 17:22:49,794 - INFO - MainThread - server_logic - [DEBUG] found replica for vector: 4
2025-11-18 17:22:49,794 - INFO - MainThread - server_logic - [DEBUG] found replica for vector: 1
2025-11-18 17:22:49,794 - INFO - MainThread - server_logic - [DEBUG] found replica for vector: 2
2025-11-18 17:22:49,794 - INFO - MainThread - server_logic - [DEBUG] found replica for vector: 3
2025-11-18 17:22:49,794 - INFO - MainThread - server_logic - [DEBUG] found replica for vector: 4
2025-11-18 17:22:49,794 - INFO - MainThread - server_logic - [DEBUG] found replica for vector: 1
2025-11-18 17:22:49,794 - INFO - MainThread - server_logic - [DEBUG] found replica for vector: 2
2025-11-18 17:22:49,794 - INFO - MainThread - server_logic - [DEBUG] found replica for vector: 3
2025-11-18 17:22:49,794 - INFO - MainThread - server_logic - [DEBUG] found replica for vector: 4
2025-11-18 17:22:49,794 - INFO - MainThread - server_logic - [DEBUG] found replica for vector: 1
2025-11-18 17:22:49,794 - INFO - MainThread - server_logic - [DEBUG] found replica for vector: 2
2025-11-18 17:22:49,794 - INFO - MainThread - server_logic - [DEBUG] found replica for vector: 3
2025-11-18 17:22:49,794 - INFO - MainThread - server_logic - [DEBUG] found replica for vector: 4
2025-11-18 17:22:49,794 - INFO - MainThread - server_logic - [DEBUG] found replica for vector: 1
2025-11-18 17:22:49,794 - INFO - MainThread - server_logic - [DEBUG] found replica for vector: 2
2025-11-18 17:22:49,794 - INFO - MainThread - server_logic - [DEBUG] found replica for vector: 3
2025-11-18 17:22:49,794 - INFO - MainThread - server_logic - [DEBUG] to me replica for vector: 3
2025-11-18 17:22:49,794 - INFO - MainThread - server_logic - [DEBUG] found replica for vector: 1
2025-11-18 17:22:49,794 - INFO - MainThread - server_logic - [DEBUG] found replica for vector: 2
2025-11-18 17:22:49,794 - INFO - MainThread - server_logic - [DEBUG] found replica for vector: 3
2025-11-18 17:22:49,794 - INFO - MainThread - server_logic - [DEBUG] found replica for vector: 4
2025-11-18 17:22:49,794 - INFO - MainThread - server_logic - [DEBUG] found replica for vector: 1
2025-11-18 17:22:49,794 - INFO - MainThread - server_logic - [DEBUG] found replica for vector: 2
2025-11-18 17:22:49,794 - INFO - MainThread - server_logic - [DEBUG] found replica for vector: 3
2025-11-18 17:22:49,794 - INFO - MainThread - server_logic - [DEBUG] found replica for vector: 4
2025-11-18 17:22:49,794 - INFO - MainThread - server_logic - [DEBUG] found replica for vector: 1
2025-11-18 17:22:49,794 - INFO - MainThread - server_logic - [DEBUG] found replica for vector: 2
2025-11-18 17:22:49,794 - INFO - MainThread - server_logic - [DEBUG] found replica for vector: 3
2025-11-18 17:22:49,794 - INFO - MainThread - server_logic - [DEBUG] found replica for vector: 4
2025-11-18 17:22:49,794 - INFO - MainThread - server_logic - [DEBUG] found replica for vector: 1
2025-11-18 17:22:49,794 - INFO - MainThread - server_logic - [DEBUG] found replica for vector: 2
2025-11-18 17:22:49,794 - INFO - MainThread - server_logic - [DEBUG] found replica for vector: 3
2025-11-18 17:22:49,794 - INFO - MainThread - server_logic - [DEBUG] found replica for vector: 4
2025-11-18 17:22:49,794 - INFO - MainThread - server_logic - [DEBUG] found replica for vector: 1
2025-11-18 17:22:49,794 - INFO - MainThread - server_logic - [DEBUG] found replica for vector: 2
2025-11-18 17:22:49,794 - INFO - MainThread - server_logic - [DEBUG] found replica for vector: 3
2025-11-18 17:22:49,794 - INFO - MainThread - server_logic - [DEBUG] found replica for vector: 4
2025-11-18 17:22:49,794 - INFO - MainThread - server_logic - [DEBUG] found replica for vector: 1
2025-11-18 17:22:49,794 - INFO - MainThread - server_logic - [DEBUG] found replica for vector: 2
2025-11-18 17:22:49,794 - INFO - MainThread - server_logic - [DEBUG] found replica for vector: 3
2025-11-18 17:22:49,794 - INFO - MainThread - server_logic - [DEBUG] found replica for vector: 4
2025-11-18 17:22:49,794 - INFO - MainThread - server_logic - [DEBUG] found replica for vector: 1
2025-11-18 17:22:49,794 - INFO - MainThread - server_logic - [DEBUG] found replica for vector: 2
2025-11-18 17:22:49,794 - INFO - MainThread - server_logic - [DEBUG] found replica for vector: 3
2025-11-18 17:22:49,794 - INFO - MainThread - server_logic - [DEBUG] to me replica for vector: 3
2025-11-18 17:22:49,794 - INFO - MainThread - server_logic - [DEBUG] found replica for vector: 1
2025-11-18 17:22:49,794 - INFO - MainThread - server_logic - [DEBUG] found replica for vector: 2
2025-11-18 17:22:49,794 - INFO - MainThread - server_logic - [DEBUG] found replica for vector: 3
2025-11-18 17:22:49,794 - INFO - MainThread - server_logic - [DEBUG] found replica for vector: 4
2025-11-18 17:22:49,794 - INFO - MainThread - server_logic - [DEBUG] found replica for vector: 1
2025-11-18 17:22:49,795 - INFO - MainThread - server_logic - [DEBUG] found replica for vector: 2
2025-11-18 17:22:49,795 - INFO - MainThread - server_logic - [DEBUG] found replica for vector: 3
2025-11-18 17:22:49,795 - INFO - MainThread - server_logic - [DEBUG] to me replica for vector: 3
2025-11-18 17:22:49,795 - INFO - MainThread - server_logic - [DEBUG] found replica for vector: 1
2025-11-18 17:22:49,795 - INFO - MainThread - server_logic - [DEBUG] found replica for vector: 2
2025-11-18 17:22:49,795 - INFO - MainThread - server_logic - [DEBUG] found replica for vector: 3
2025-11-18 17:22:49,795 - INFO - MainThread - server_logic - [DEBUG] to me replica for vector: 3
2025-11-18 17:22:49,795 - INFO - MainThread - server_logic - [DEBUG] found replica for vector: 1
2025-11-18 17:22:49,795 - INFO - MainThread - server_logic - [DEBUG] found replica for vector: 2
2025-11-18 17:22:49,795 - INFO - MainThread - server_logic - [DEBUG] found replica for vector: 3
2025-11-18 17:22:49,795 - INFO - MainThread - server_logic - [DEBUG] to me replica for vector: 3
2025-11-18 17:22:49,795 - INFO - MainThread - server_logic - [DEBUG] found replica for vector: 1
2025-11-18 17:22:49,795 - INFO - MainThread - server_logic - [DEBUG] found replica for vector: 2
2025-11-18 17:22:49,795 - INFO - MainThread - server_logic - [DEBUG] found replica for vector: 3
2025-11-18 17:22:49,795 - INFO - MainThread - server_logic - [DEBUG] found replica for vector: 4
2025-11-18 17:22:49,795 - INFO - MainThread - server_logic - [DEBUG] found replica for vector: 1
2025-11-18 17:22:49,795 - INFO - MainThread - server_logic - [DEBUG] found replica for vector: 2
2025-11-18 17:22:49,795 - INFO - MainThread - server_logic - [DEBUG] found replica for vector: 3
2025-11-18 17:22:49,795 - INFO - MainThread - server_logic - [DEBUG] to me replica for vector: 3
2025-11-18 17:22:49,795 - INFO - MainThread - server_logic - [DEBUG] found replica for vector: 1
2025-11-18 17:22:49,795 - INFO - MainThread - server_logic - [DEBUG] found replica for vector: 2
2025-11-18 17:22:49,795 - INFO - MainThread - server_logic - [DEBUG] found replica for vector: 3
2025-11-18 17:22:49,795 - INFO - MainThread - server_logic - [DEBUG] to me replica for vector: 3
2025-11-18 17:22:49,795 - INFO - MainThread - server_logic - [DEBUG] found replica for vector: 1
2025-11-18 17:22:49,795 - INFO - MainThread - server_logic - [DEBUG] found replica for vector: 2
2025-11-18 17:22:49,795 - INFO - MainThread - server_logic - [DEBUG] found replica for vector: 3
2025-11-18 17:22:49,795 - INFO - MainThread - server_logic - [DEBUG] found replica for vector: 4
2025-11-18 17:22:49,795 - INFO - MainThread - server_logic - [DEBUG] found replica for vector: 1
2025-11-18 17:22:49,795 - INFO - MainThread - server_logic - [DEBUG] found replica for vector: 2
2025-11-18 17:22:49,795 - INFO - MainThread - server_logic - [DEBUG] found replica for vector: 3
2025-11-18 17:22:49,795 - INFO - MainThread - server_logic - [DEBUG] found replica for vector: 4
2025-11-18 17:22:49,795 - INFO - MainThread - server_logic - [DEBUG] found replica for vector: 1
2025-11-18 17:22:49,795 - INFO - MainThread - server_logic - [DEBUG] found replica for vector: 2
2025-11-18 17:22:49,795 - INFO - MainThread - server_logic - [DEBUG] found replica for vector: 3
2025-11-18 17:22:49,795 - INFO - MainThread - server_logic - [DEBUG] found replica for vector: 4
2025-11-18 17:22:49,795 - INFO - MainThread - server_logic - [DEBUG] found replica for vector: 1
2025-11-18 17:22:49,795 - INFO - MainThread - server_logic - [DEBUG] found replica for vector: 2
2025-11-18 17:22:49,795 - INFO - MainThread - server_logic - [DEBUG] found replica for vector: 3
2025-11-18 17:22:49,795 - INFO - MainThread - server_logic - [DEBUG] found replica for vector: 4
2025-11-18 17:22:49,795 - INFO - MainThread - server_logic - [DEBUG] found replica for vector: 1
2025-11-18 17:22:49,795 - INFO - MainThread - server_logic - [DEBUG] found replica for vector: 2
2025-11-18 17:22:49,795 - INFO - MainThread - server_logic - [DEBUG] found replica for vector: 3
2025-11-18 17:22:49,795 - INFO - MainThread - server_logic - [DEBUG] to me replica for vector: 3
2025-11-18 17:22:49,795 - INFO - MainThread - server_logic - [DEBUG] found replica for vector: 1
2025-11-18 17:22:49,795 - INFO - MainThread - server_logic - [DEBUG] found replica for vector: 2
2025-11-18 17:22:49,795 - INFO - MainThread - server_logic - [DEBUG] found replica for vector: 3
2025-11-18 17:22:49,795 - INFO - MainThread - server_logic - [DEBUG] found replica for vector: 4
2025-11-18 17:22:49,795 - INFO - MainThread - server_logic - [DEBUG] found replica for vector: 1
2025-11-18 17:22:49,795 - INFO - MainThread - server_logic - [DEBUG] found replica for vector: 2
2025-11-18 17:22:49,795 - INFO - MainThread - server_logic - [DEBUG] found replica for vector: 3
2025-11-18 17:22:49,795 - INFO - MainThread - server_logic - [DEBUG] found replica for vector: 4
2025-11-18 17:22:49,795 - INFO - MainThread - server_logic - [DEBUG] found replica for vector: 1
2025-11-18 17:22:49,795 - INFO - MainThread - server_logic - [DEBUG] found replica for vector: 2
2025-11-18 17:22:49,795 - INFO - MainThread - server_logic - [DEBUG] found replica for vector: 3
2025-11-18 17:22:49,795 - INFO - MainThread - server_logic - [DEBUG] found replica for vector: 4
2025-11-18 17:22:49,795 - INFO - MainThread - server_logic - [DEBUG] found replica for vector: 1
2025-11-18 17:22:49,795 - INFO - MainThread - server_logic - [DEBUG] found replica for vector: 2
2025-11-18 17:22:49,795 - INFO - MainThread - server_logic - [DEBUG] found replica for vector: 3
2025-11-18 17:22:49,795 - INFO - MainThread - server_logic - [DEBUG] found replica for vector: 4
2025-11-18 17:22:49,796 - INFO - MainThread - server_logic - [DEBUG] found replica for vector: 1
2025-11-18 17:22:49,796 - INFO - MainThread - server_logic - [DEBUG] found replica for vector: 2
2025-11-18 17:22:49,796 - INFO - MainThread - server_logic - [DEBUG] found replica for vector: 3
2025-11-18 17:22:49,796 - INFO - MainThread - server_logic - [DEBUG] to me replica for vector: 3
2025-11-18 17:22:49,796 - INFO - MainThread - server_logic - [DEBUG] found replica for vector: 1
2025-11-18 17:22:49,796 - INFO - MainThread - server_logic - [DEBUG] found replica for vector: 2
2025-11-18 17:22:49,796 - INFO - MainThread - server_logic - [DEBUG] found replica for vector: 3
2025-11-18 17:22:49,796 - INFO - MainThread - server_logic - [DEBUG] found replica for vector: 4
2025-11-18 17:22:49,796 - INFO - MainThread - server_logic - [DEBUG] found replica for vector: 1
2025-11-18 17:22:49,796 - INFO - MainThread - server_logic - [DEBUG] found replica for vector: 2
2025-11-18 17:22:49,796 - INFO - MainThread - server_logic - [DEBUG] found replica for vector: 3
2025-11-18 17:22:49,796 - INFO - MainThread - server_logic - [DEBUG] to me replica for vector: 3
2025-11-18 17:22:49,796 - INFO - MainThread - server_logic - [DEBUG] found replica for vector: 1
2025-11-18 17:22:49,796 - INFO - MainThread - server_logic - [DEBUG] found replica for vector: 2
2025-11-18 17:22:49,796 - INFO - MainThread - server_logic - [DEBUG] found replica for vector: 3
2025-11-18 17:22:49,796 - INFO - MainThread - server_logic - [DEBUG] to me replica for vector: 3
2025-11-18 17:22:49,796 - INFO - MainThread - server_logic - [DEBUG] found replica for vector: 1
2025-11-18 17:22:49,796 - INFO - MainThread - server_logic - [DEBUG] found replica for vector: 2
2025-11-18 17:22:49,796 - INFO - MainThread - server_logic - [DEBUG] found replica for vector: 3
2025-11-18 17:22:49,796 - INFO - MainThread - server_logic - [DEBUG] found replica for vector: 4
2025-11-18 17:22:49,796 - INFO - MainThread - server_logic - [DEBUG] found replica for vector: 1
2025-11-18 17:22:49,796 - INFO - MainThread - server_logic - [DEBUG] found replica for vector: 2
2025-11-18 17:22:49,796 - INFO - MainThread - server_logic - [DEBUG] found replica for vector: 3
2025-11-18 17:22:49,796 - INFO - MainThread - server_logic - [DEBUG] to me replica for vector: 3
2025-11-18 17:22:49,796 - INFO - MainThread - server_logic - [DEBUG] found replica for vector: 1
2025-11-18 17:22:49,796 - INFO - MainThread - server_logic - [DEBUG] found replica for vector: 2
2025-11-18 17:22:49,796 - INFO - MainThread - server_logic - [DEBUG] found replica for vector: 3
2025-11-18 17:22:49,796 - INFO - MainThread - server_logic - [DEBUG] to me replica for vector: 3
2025-11-18 17:22:49,796 - INFO - MainThread - server_logic - [DEBUG] found replica for vector: 1
2025-11-18 17:22:49,796 - INFO - MainThread - server_logic - [DEBUG] found replica for vector: 2
2025-11-18 17:22:49,796 - INFO - MainThread - server_logic - [DEBUG] found replica for vector: 3
2025-11-18 17:22:49,796 - INFO - MainThread - server_logic - [DEBUG] to me replica for vector: 3
2025-11-18 17:22:49,796 - INFO - MainThread - server_logic - [DEBUG] found replica for vector: 1
2025-11-18 17:22:49,796 - INFO - MainThread - server_logic - [DEBUG] found replica for vector: 2
2025-11-18 17:22:49,796 - INFO - MainThread - server_logic - [DEBUG] found replica for vector: 3
2025-11-18 17:22:49,796 - INFO - MainThread - server_logic - [DEBUG] found replica for vector: 4
2025-11-18 17:22:49,796 - INFO - MainThread - server_logic - [DEBUG] found replica for vector: 1
2025-11-18 17:22:49,796 - INFO - MainThread - server_logic - [DEBUG] found replica for vector: 2
2025-11-18 17:22:49,796 - INFO - MainThread - server_logic - [DEBUG] found replica for vector: 3
2025-11-18 17:22:49,796 - INFO - MainThread - server_logic - [DEBUG] found replica for vector: 4
2025-11-18 17:22:49,796 - INFO - MainThread - server_logic - [DEBUG] found replica for vector: 1
2025-11-18 17:22:49,796 - INFO - MainThread - server_logic - [DEBUG] found replica for vector: 2
2025-11-18 17:22:49,796 - INFO - MainThread - server_logic - [DEBUG] found replica for vector: 3
2025-11-18 17:22:49,796 - INFO - MainThread - server_logic - [DEBUG] to me replica for vector: 3
2025-11-18 17:22:49,796 - INFO - MainThread - server_logic - [DEBUG] found replica for vector: 1
2025-11-18 17:22:49,796 - INFO - MainThread - server_logic - [DEBUG] found replica for vector: 2
2025-11-18 17:22:49,796 - INFO - MainThread - server_logic - [DEBUG] found replica for vector: 3
2025-11-18 17:22:49,796 - INFO - MainThread - server_logic - [DEBUG] found replica for vector: 4
2025-11-18 17:22:49,796 - INFO - MainThread - server_logic - [DEBUG] found replica for vector: 1
2025-11-18 17:22:49,796 - INFO - MainThread - server_logic - [DEBUG] found replica for vector: 2
2025-11-18 17:22:49,796 - INFO - MainThread - server_logic - [DEBUG] found replica for vector: 3
2025-11-18 17:22:49,796 - INFO - MainThread - server_logic - [DEBUG] found replica for vector: 4
2025-11-18 17:22:49,796 - INFO - MainThread - server_logic - [DEBUG] found replica for vector: 1
2025-11-18 17:22:49,796 - INFO - MainThread - server_logic - [DEBUG] found replica for vector: 2
2025-11-18 17:22:49,796 - INFO - MainThread - server_logic - [DEBUG] found replica for vector: 3
2025-11-18 17:22:49,796 - INFO - MainThread - server_logic - [DEBUG] found replica for vector: 4
2025-11-18 17:22:49,796 - INFO - MainThread - server_logic - [DEBUG] found replica for vector: 1
2025-11-18 17:22:49,796 - INFO - MainThread - server_logic - [DEBUG] found replica for vector: 2
2025-11-18 17:22:49,796 - INFO - MainThread - server_logic - [DEBUG] found replica for vector: 3
2025-11-18 17:22:49,797 - INFO - MainThread - server_logic - [DEBUG] found replica for vector: 4
2025-11-18 17:22:49,797 - INFO - MainThread - server_logic - [DEBUG] found replica for vector: 1
2025-11-18 17:22:49,797 - INFO - MainThread - server_logic - [DEBUG] found replica for vector: 2
2025-11-18 17:22:49,797 - INFO - MainThread - server_logic - [DEBUG] found replica for vector: 3
2025-11-18 17:22:49,797 - INFO - MainThread - server_logic - [DEBUG] found replica for vector: 4
2025-11-18 17:22:49,797 - INFO - MainThread - server_logic - [DEBUG] found replica for vector: 1
2025-11-18 17:22:49,797 - INFO - MainThread - server_logic - [DEBUG] found replica for vector: 2
2025-11-18 17:22:49,797 - INFO - MainThread - server_logic - [DEBUG] found replica for vector: 3
2025-11-18 17:22:49,797 - INFO - MainThread - server_logic - [DEBUG] found replica for vector: 4
2025-11-18 17:22:49,797 - INFO - MainThread - server_logic - [DEBUG] found replica for vector: 1
2025-11-18 17:22:49,797 - INFO - MainThread - server_logic - [DEBUG] found replica for vector: 2
2025-11-18 17:22:49,797 - INFO - MainThread - server_logic - [DEBUG] found replica for vector: 3
2025-11-18 17:22:49,797 - INFO - MainThread - server_logic - [DEBUG] found replica for vector: 4
2025-11-18 17:22:49,797 - INFO - MainThread - server_logic - [DEBUG] found replica for vector: 1
2025-11-18 17:22:49,797 - INFO - MainThread - server_logic - [DEBUG] found replica for vector: 2
2025-11-18 17:22:49,797 - INFO - MainThread - server_logic - [DEBUG] found replica for vector: 3
2025-11-18 17:22:49,797 - INFO - MainThread - server_logic - [DEBUG] found replica for vector: 4
2025-11-18 17:22:49,797 - INFO - MainThread - server_logic - [DEBUG] found replica for vector: 1
2025-11-18 17:22:49,797 - INFO - MainThread - server_logic - [DEBUG] found replica for vector: 2
2025-11-18 17:22:49,797 - INFO - MainThread - server_logic - [DEBUG] found replica for vector: 3
2025-11-18 17:22:49,797 - INFO - MainThread - server_logic - [DEBUG] found replica for vector: 4
2025-11-18 17:22:49,797 - INFO - MainThread - server_logic - [DEBUG] found replica for vector: 1
2025-11-18 17:22:49,797 - INFO - MainThread - server_logic - [DEBUG] found replica for vector: 2
2025-11-18 17:22:49,797 - INFO - MainThread - server_logic - [DEBUG] found replica for vector: 3
2025-11-18 17:22:49,797 - INFO - MainThread - server_logic - [DEBUG] to me replica for vector: 3
2025-11-18 17:22:49,797 - INFO - MainThread - server_logic - [DEBUG] found replica for vector: 1
2025-11-18 17:22:49,797 - INFO - MainThread - server_logic - [DEBUG] found replica for vector: 2
2025-11-18 17:22:49,797 - INFO - MainThread - server_logic - [DEBUG] found replica for vector: 3
2025-11-18 17:22:49,797 - INFO - MainThread - server_logic - [DEBUG] found replica for vector: 4
2025-11-18 17:22:49,797 - INFO - MainThread - server_logic - [DEBUG] found replica for vector: 1
2025-11-18 17:22:49,797 - INFO - MainThread - server_logic - [DEBUG] found replica for vector: 2
2025-11-18 17:22:49,797 - INFO - MainThread - server_logic - [DEBUG] found replica for vector: 3
2025-11-18 17:22:49,797 - INFO - MainThread - server_logic - [DEBUG] found replica for vector: 4
2025-11-18 17:22:49,797 - INFO - MainThread - server_logic - [DEBUG] found replica for vector: 1
2025-11-18 17:22:49,797 - INFO - MainThread - server_logic - [DEBUG] found replica for vector: 2
2025-11-18 17:22:49,797 - INFO - MainThread - server_logic - [DEBUG] found replica for vector: 3
2025-11-18 17:22:49,797 - INFO - MainThread - server_logic - [DEBUG] found replica for vector: 4
2025-11-18 17:22:49,797 - INFO - MainThread - server_logic - [DEBUG] found replica for vector: 1
2025-11-18 17:22:49,797 - INFO - MainThread - server_logic - [DEBUG] found replica for vector: 2
2025-11-18 17:22:49,797 - INFO - MainThread - server_logic - [DEBUG] found replica for vector: 3
2025-11-18 17:22:49,797 - INFO - MainThread - server_logic - [DEBUG] found replica for vector: 4
2025-11-18 17:22:49,797 - INFO - MainThread - server_logic - [DEBUG] found replica for vector: 1
2025-11-18 17:22:49,797 - INFO - MainThread - server_logic - [DEBUG] found replica for vector: 2
2025-11-18 17:22:49,797 - INFO - MainThread - server_logic - [DEBUG] found replica for vector: 3
2025-11-18 17:22:49,797 - INFO - MainThread - server_logic - [DEBUG] found replica for vector: 4
2025-11-18 17:22:49,797 - INFO - MainThread - server_logic - [DEBUG] found replica for vector: 1
2025-11-18 17:22:49,797 - INFO - MainThread - server_logic - [DEBUG] found replica for vector: 2
2025-11-18 17:22:49,797 - INFO - MainThread - server_logic - [DEBUG] found replica for vector: 3
2025-11-18 17:22:49,797 - INFO - MainThread - server_logic - [DEBUG] found replica for vector: 4
2025-11-18 17:22:49,797 - INFO - MainThread - server_logic - [DEBUG] found replica for vector: 1
2025-11-18 17:22:49,797 - INFO - MainThread - server_logic - [DEBUG] found replica for vector: 2
2025-11-18 17:22:49,797 - INFO - MainThread - server_logic - [DEBUG] found replica for vector: 3
2025-11-18 17:22:49,797 - INFO - MainThread - server_logic - [DEBUG] found replica for vector: 4
2025-11-18 17:22:49,797 - INFO - MainThread - server_logic - [DEBUG] found replica for vector: 1
2025-11-18 17:22:49,797 - INFO - MainThread - server_logic - [DEBUG] found replica for vector: 2
2025-11-18 17:22:49,797 - INFO - MainThread - server_logic - [DEBUG] found replica for vector: 3
2025-11-18 17:22:49,797 - INFO - MainThread - server_logic - [DEBUG] to me replica for vector: 3
2025-11-18 17:22:49,797 - INFO - MainThread - server_logic - [DEBUG] found replica for vector: 1
2025-11-18 17:22:49,798 - INFO - MainThread - server_logic - [DEBUG] found replica for vector: 2
2025-11-18 17:22:49,798 - INFO - MainThread - server_logic - [DEBUG] found replica for vector: 3
2025-11-18 17:22:49,798 - INFO - MainThread - server_logic - [DEBUG] found replica for vector: 4
2025-11-18 17:22:49,798 - INFO - MainThread - server_logic - [DEBUG] found replica for vector: 1
2025-11-18 17:22:49,798 - INFO - MainThread - server_logic - [DEBUG] found replica for vector: 2
2025-11-18 17:22:49,798 - INFO - MainThread - server_logic - [DEBUG] found replica for vector: 3
2025-11-18 17:22:49,798 - INFO - MainThread - server_logic - [DEBUG] found replica for vector: 4
2025-11-18 17:22:49,798 - INFO - MainThread - server_logic - [DEBUG] found replica for vector: 1
2025-11-18 17:22:49,798 - INFO - MainThread - server_logic - [DEBUG] found replica for vector: 2
2025-11-18 17:22:49,798 - INFO - MainThread - server_logic - [DEBUG] found replica for vector: 3
2025-11-18 17:22:49,798 - INFO - MainThread - server_logic - [DEBUG] found replica for vector: 4
2025-11-18 17:22:49,798 - INFO - MainThread - server_logic - [DEBUG] found replica for vector: 1
2025-11-18 17:22:49,798 - INFO - MainThread - server_logic - [DEBUG] found replica for vector: 2
2025-11-18 17:22:49,798 - INFO - MainThread - server_logic - [DEBUG] found replica for vector: 3
2025-11-18 17:22:49,798 - INFO - MainThread - server_logic - [DEBUG] to me replica for vector: 3
2025-11-18 17:22:49,798 - INFO - MainThread - server_logic - [DEBUG] found replica for vector: 1
2025-11-18 17:22:49,798 - INFO - MainThread - server_logic - [DEBUG] found replica for vector: 2
2025-11-18 17:22:49,798 - INFO - MainThread - server_logic - [DEBUG] found replica for vector: 3
2025-11-18 17:22:49,798 - INFO - MainThread - server_logic - [DEBUG] found replica for vector: 4
2025-11-18 17:22:49,798 - INFO - MainThread - server_logic - [DEBUG] found replica for vector: 1
2025-11-18 17:22:49,798 - INFO - MainThread - server_logic - [DEBUG] found replica for vector: 2
2025-11-18 17:22:49,798 - INFO - MainThread - server_logic - [DEBUG] found replica for vector: 3
2025-11-18 17:22:49,798 - INFO - MainThread - server_logic - [DEBUG] to me replica for vector: 3
2025-11-18 17:22:49,798 - INFO - MainThread - server_logic - [DEBUG] found replica for vector: 1
2025-11-18 17:22:49,798 - INFO - MainThread - server_logic - [DEBUG] found replica for vector: 2
2025-11-18 17:22:49,798 - INFO - MainThread - server_logic - [DEBUG] found replica for vector: 3
2025-11-18 17:22:49,798 - INFO - MainThread - server_logic - [DEBUG] found replica for vector: 4
2025-11-18 17:22:49,798 - INFO - MainThread - server_logic - [DEBUG] found replica for vector: 1
2025-11-18 17:22:49,798 - INFO - MainThread - server_logic - [DEBUG] found replica for vector: 2
2025-11-18 17:22:49,798 - INFO - MainThread - server_logic - [DEBUG] found replica for vector: 3
2025-11-18 17:22:49,798 - INFO - MainThread - server_logic - [DEBUG] found replica for vector: 4
2025-11-18 17:22:49,798 - INFO - MainThread - server_logic - [DEBUG] found replica for vector: 1
2025-11-18 17:22:49,798 - INFO - MainThread - server_logic - [DEBUG] found replica for vector: 2
2025-11-18 17:22:49,798 - INFO - MainThread - server_logic - [DEBUG] found replica for vector: 3
2025-11-18 17:22:49,798 - INFO - MainThread - server_logic - [DEBUG] found replica for vector: 4
2025-11-18 17:22:49,798 - INFO - MainThread - server_logic - [DEBUG] found replica for vector: 1
2025-11-18 17:22:49,798 - INFO - MainThread - server_logic - [DEBUG] found replica for vector: 2
2025-11-18 17:22:49,798 - INFO - MainThread - server_logic - [DEBUG] found replica for vector: 3
2025-11-18 17:22:49,798 - INFO - MainThread - server_logic - [DEBUG] found replica for vector: 4
2025-11-18 17:22:49,798 - INFO - MainThread - server_logic - [DEBUG] found replica for vector: 1
2025-11-18 17:22:49,798 - INFO - MainThread - server_logic - [DEBUG] found replica for vector: 2
2025-11-18 17:22:49,798 - INFO - MainThread - server_logic - [DEBUG] found replica for vector: 3
2025-11-18 17:22:49,798 - INFO - MainThread - server_logic - [DEBUG] found replica for vector: 4
2025-11-18 17:22:49,798 - INFO - MainThread - server_logic - [DEBUG] found replica for vector: 1
2025-11-18 17:22:49,798 - INFO - MainThread - server_logic - [DEBUG] found replica for vector: 2
2025-11-18 17:22:49,798 - INFO - MainThread - server_logic - [DEBUG] found replica for vector: 3
2025-11-18 17:22:49,798 - INFO - MainThread - server_logic - [DEBUG] found replica for vector: 4
2025-11-18 17:22:49,798 - INFO - MainThread - server_logic - [DEBUG] found replica for vector: 1
2025-11-18 17:22:49,798 - INFO - MainThread - server_logic - [DEBUG] found replica for vector: 2
2025-11-18 17:22:49,798 - INFO - MainThread - server_logic - [DEBUG] found replica for vector: 3
2025-11-18 17:22:49,798 - INFO - MainThread - server_logic - [DEBUG] found replica for vector: 4
2025-11-18 17:22:49,798 - INFO - MainThread - server_logic - [DEBUG] found replica for vector: 1
2025-11-18 17:22:49,798 - INFO - MainThread - server_logic - [DEBUG] found replica for vector: 2
2025-11-18 17:22:49,798 - INFO - MainThread - server_logic - [DEBUG] found replica for vector: 3
2025-11-18 17:22:49,798 - INFO - MainThread - server_logic - [DEBUG] found replica for vector: 4
2025-11-18 17:22:49,798 - INFO - MainThread - server_logic - [DEBUG] found replica for vector: 1
2025-11-18 17:22:49,798 - INFO - MainThread - server_logic - [DEBUG] found replica for vector: 2
2025-11-18 17:22:49,798 - INFO - MainThread - server_logic - [DEBUG] found replica for vector: 3
2025-11-18 17:22:49,798 - INFO - MainThread - server_logic - [DEBUG] found replica for vector: 4
2025-11-18 17:22:49,799 - INFO - MainThread - server_logic - [DEBUG] found replica for vector: 1
2025-11-18 17:22:49,799 - INFO - MainThread - server_logic - [DEBUG] found replica for vector: 2
2025-11-18 17:22:49,799 - INFO - MainThread - server_logic - [DEBUG] found replica for vector: 3
2025-11-18 17:22:49,799 - INFO - MainThread - server_logic - [DEBUG] found replica for vector: 4
2025-11-18 17:22:49,799 - INFO - MainThread - server_logic - [DEBUG] found replica for vector: 1
2025-11-18 17:22:49,799 - INFO - MainThread - server_logic - [DEBUG] found replica for vector: 2
2025-11-18 17:22:49,799 - INFO - MainThread - server_logic - [DEBUG] found replica for vector: 3
2025-11-18 17:22:49,799 - INFO - MainThread - server_logic - [DEBUG] found replica for vector: 4
2025-11-18 17:22:49,799 - INFO - MainThread - server_logic - [DEBUG] found replica for vector: 1
2025-11-18 17:22:49,799 - INFO - MainThread - server_logic - [DEBUG] found replica for vector: 2
2025-11-18 17:22:49,799 - INFO - MainThread - server_logic - [DEBUG] found replica for vector: 3
2025-11-18 17:22:49,799 - INFO - MainThread - server_logic - [DEBUG] to me replica for vector: 3
2025-11-18 17:22:49,799 - INFO - MainThread - server_logic - [DEBUG] found replica for vector: 1
2025-11-18 17:22:49,799 - INFO - MainThread - server_logic - [DEBUG] found replica for vector: 2
2025-11-18 17:22:49,799 - INFO - MainThread - server_logic - [DEBUG] found replica for vector: 3
2025-11-18 17:22:49,799 - INFO - MainThread - server_logic - [DEBUG] to me replica for vector: 3
2025-11-18 17:22:49,799 - INFO - MainThread - server_logic - [DEBUG] found replica for vector: 1
2025-11-18 17:22:49,799 - INFO - MainThread - server_logic - [DEBUG] found replica for vector: 2
2025-11-18 17:22:49,799 - INFO - MainThread - server_logic - [DEBUG] found replica for vector: 3
2025-11-18 17:22:49,799 - INFO - MainThread - server_logic - [DEBUG] to me replica for vector: 3
2025-11-18 17:22:49,799 - INFO - MainThread - server_logic - [DEBUG] found replica for vector: 1
2025-11-18 17:22:49,799 - INFO - MainThread - server_logic - [DEBUG] found replica for vector: 2
2025-11-18 17:22:49,799 - INFO - MainThread - server_logic - [DEBUG] found replica for vector: 3
2025-11-18 17:22:49,799 - INFO - MainThread - server_logic - [DEBUG] found replica for vector: 4
2025-11-18 17:22:49,799 - INFO - MainThread - server_logic - [DEBUG] found replica for vector: 1
2025-11-18 17:22:49,799 - INFO - MainThread - server_logic - [DEBUG] found replica for vector: 2
2025-11-18 17:22:49,799 - INFO - MainThread - server_logic - [DEBUG] found replica for vector: 3
2025-11-18 17:22:49,799 - INFO - MainThread - server_logic - [DEBUG] found replica for vector: 4
2025-11-18 17:22:49,799 - INFO - MainThread - server_logic - [DEBUG] found replica for vector: 1
2025-11-18 17:22:49,799 - INFO - MainThread - server_logic - [DEBUG] found replica for vector: 2
2025-11-18 17:22:49,799 - INFO - MainThread - server_logic - [DEBUG] found replica for vector: 3
2025-11-18 17:22:49,799 - INFO - MainThread - server_logic - [DEBUG] to me replica for vector: 3
2025-11-18 17:22:49,799 - INFO - MainThread - server_logic - [DEBUG] found replica for vector: 1
2025-11-18 17:22:49,799 - INFO - MainThread - server_logic - [DEBUG] found replica for vector: 2
2025-11-18 17:22:49,799 - INFO - MainThread - server_logic - [DEBUG] found replica for vector: 3
2025-11-18 17:22:49,799 - INFO - MainThread - server_logic - [DEBUG] to me replica for vector: 3
2025-11-18 17:22:49,799 - INFO - MainThread - server_logic - [DEBUG] found replica for vector: 1
2025-11-18 17:22:49,799 - INFO - MainThread - server_logic - [DEBUG] found replica for vector: 2
2025-11-18 17:22:49,799 - INFO - MainThread - server_logic - [DEBUG] found replica for vector: 3
2025-11-18 17:22:49,799 - INFO - MainThread - server_logic - [DEBUG] found replica for vector: 4
2025-11-18 17:22:49,799 - INFO - MainThread - server_logic - [DEBUG] found replica for vector: 1
2025-11-18 17:22:49,799 - INFO - MainThread - server_logic - [DEBUG] found replica for vector: 2
2025-11-18 17:22:49,799 - INFO - MainThread - server_logic - [DEBUG] found replica for vector: 3
2025-11-18 17:22:49,799 - INFO - MainThread - server_logic - [DEBUG] found replica for vector: 4
2025-11-18 17:22:49,799 - INFO - MainThread - server_logic - [DEBUG] found replica for vector: 1
2025-11-18 17:22:49,799 - INFO - MainThread - server_logic - [DEBUG] found replica for vector: 2
2025-11-18 17:22:49,799 - INFO - MainThread - server_logic - [DEBUG] found replica for vector: 3
2025-11-18 17:22:49,799 - INFO - MainThread - server_logic - [DEBUG] found replica for vector: 4
2025-11-18 17:22:49,799 - INFO - MainThread - server_logic - [DEBUG] found replica for vector: 1
2025-11-18 17:22:49,799 - INFO - MainThread - server_logic - [DEBUG] found replica for vector: 2
2025-11-18 17:22:49,799 - INFO - MainThread - server_logic - [DEBUG] found replica for vector: 3
2025-11-18 17:22:49,799 - INFO - MainThread - server_logic - [DEBUG] found replica for vector: 4
2025-11-18 17:22:49,799 - INFO - MainThread - server_logic - [DEBUG] found replica for vector: 1
2025-11-18 17:22:49,799 - INFO - MainThread - server_logic - [DEBUG] found replica for vector: 2
2025-11-18 17:22:49,799 - INFO - MainThread - server_logic - [DEBUG] found replica for vector: 3
2025-11-18 17:22:49,799 - INFO - MainThread - server_logic - [DEBUG] found replica for vector: 4
2025-11-18 17:22:49,799 - INFO - MainThread - server_logic - [DEBUG] found replica for vector: 1
2025-11-18 17:22:49,799 - INFO - MainThread - server_logic - [DEBUG] found replica for vector: 2
2025-11-18 17:22:49,799 - INFO - MainThread - server_logic - [DEBUG] found replica for vector: 3
2025-11-18 17:22:49,799 - INFO - MainThread - server_logic - [DEBUG] to me replica for vector: 3
2025-11-18 17:22:49,800 - INFO - MainThread - server_logic - [DEBUG] found replica for vector: 1
2025-11-18 17:22:49,800 - INFO - MainThread - server_logic - [DEBUG] found replica for vector: 2
2025-11-18 17:22:49,800 - INFO - MainThread - server_logic - [DEBUG] found replica for vector: 3
2025-11-18 17:22:49,800 - INFO - MainThread - server_logic - [DEBUG] found replica for vector: 4
2025-11-18 17:22:49,800 - INFO - MainThread - server_logic - [DEBUG] found replica for vector: 1
2025-11-18 17:22:49,800 - INFO - MainThread - server_logic - [DEBUG] found replica for vector: 2
2025-11-18 17:22:49,800 - INFO - MainThread - server_logic - [DEBUG] found replica for vector: 3
2025-11-18 17:22:49,800 - INFO - MainThread - server_logic - [DEBUG] found replica for vector: 4
2025-11-18 17:22:49,800 - INFO - MainThread - server_logic - [DEBUG] found replica for vector: 1
2025-11-18 17:22:49,800 - INFO - MainThread - server_logic - [DEBUG] found replica for vector: 2
2025-11-18 17:22:49,800 - INFO - MainThread - server_logic - [DEBUG] found replica for vector: 3
2025-11-18 17:22:49,800 - INFO - MainThread - server_logic - [DEBUG] found replica for vector: 4
2025-11-18 17:22:49,800 - INFO - MainThread - server_logic - [DEBUG] found replica for vector: 1
2025-11-18 17:22:49,800 - INFO - MainThread - server_logic - [DEBUG] found replica for vector: 2
2025-11-18 17:22:49,800 - INFO - MainThread - server_logic - [DEBUG] found replica for vector: 3
2025-11-18 17:22:49,800 - INFO - MainThread - server_logic - [DEBUG] to me replica for vector: 3
2025-11-18 17:22:49,800 - INFO - MainThread - server_logic - [DEBUG] found replica for vector: 1
2025-11-18 17:22:49,800 - INFO - MainThread - server_logic - [DEBUG] found replica for vector: 2
2025-11-18 17:22:49,800 - INFO - MainThread - server_logic - [DEBUG] found replica for vector: 3
2025-11-18 17:22:49,800 - INFO - MainThread - server_logic - [DEBUG] found replica for vector: 4
2025-11-18 17:22:49,800 - INFO - MainThread - server_logic - [DEBUG] found replica for vector: 1
2025-11-18 17:22:49,800 - INFO - MainThread - server_logic - [DEBUG] found replica for vector: 2
2025-11-18 17:22:49,800 - INFO - MainThread - server_logic - [DEBUG] found replica for vector: 3
2025-11-18 17:22:49,800 - INFO - MainThread - server_logic - [DEBUG] to me replica for vector: 3
2025-11-18 17:22:49,800 - INFO - MainThread - server_logic - [DEBUG] found replica for vector: 1
2025-11-18 17:22:49,800 - INFO - MainThread - server_logic - [DEBUG] found replica for vector: 2
2025-11-18 17:22:49,800 - INFO - MainThread - server_logic - [DEBUG] found replica for vector: 3
2025-11-18 17:22:49,800 - INFO - MainThread - server_logic - [DEBUG] to me replica for vector: 3
2025-11-18 17:22:49,800 - INFO - MainThread - server_logic - [DEBUG] found replica for vector: 1
2025-11-18 17:22:49,800 - INFO - MainThread - server_logic - [DEBUG] found replica for vector: 2
2025-11-18 17:22:49,800 - INFO - MainThread - server_logic - [DEBUG] found replica for vector: 3
2025-11-18 17:22:49,800 - INFO - MainThread - server_logic - [DEBUG] found replica for vector: 4
2025-11-18 17:22:49,800 - INFO - MainThread - server_logic - [DEBUG] found replica for vector: 1
2025-11-18 17:22:49,800 - INFO - MainThread - server_logic - [DEBUG] found replica for vector: 2
2025-11-18 17:22:49,800 - INFO - MainThread - server_logic - [DEBUG] found replica for vector: 3
2025-11-18 17:22:49,800 - INFO - MainThread - server_logic - [DEBUG] found replica for vector: 4
2025-11-18 17:22:49,800 - INFO - MainThread - server_logic - [DEBUG] found replica for vector: 1
2025-11-18 17:22:49,800 - INFO - MainThread - server_logic - [DEBUG] found replica for vector: 2
2025-11-18 17:22:49,800 - INFO - MainThread - server_logic - [DEBUG] found replica for vector: 3
2025-11-18 17:22:49,800 - INFO - MainThread - server_logic - [DEBUG] found replica for vector: 4
2025-11-18 17:22:49,800 - INFO - MainThread - server_logic - [DEBUG] found replica for vector: 1
2025-11-18 17:22:49,800 - INFO - MainThread - server_logic - [DEBUG] found replica for vector: 2
2025-11-18 17:22:49,800 - INFO - MainThread - server_logic - [DEBUG] found replica for vector: 3
2025-11-18 17:22:49,800 - INFO - MainThread - server_logic - [DEBUG] found replica for vector: 4
2025-11-18 17:22:49,800 - INFO - MainThread - server_logic - [DEBUG] found replica for vector: 1
2025-11-18 17:22:49,800 - INFO - MainThread - server_logic - [DEBUG] found replica for vector: 2
2025-11-18 17:22:49,800 - INFO - MainThread - server_logic - [DEBUG] found replica for vector: 3
2025-11-18 17:22:49,800 - INFO - MainThread - server_logic - [DEBUG] to me replica for vector: 3
2025-11-18 17:22:49,800 - INFO - MainThread - server_logic - [DEBUG] found replica for vector: 1
2025-11-18 17:22:49,800 - INFO - MainThread - server_logic - [DEBUG] found replica for vector: 2
2025-11-18 17:22:49,800 - INFO - MainThread - server_logic - [DEBUG] found replica for vector: 3
2025-11-18 17:22:49,800 - INFO - MainThread - server_logic - [DEBUG] found replica for vector: 4
2025-11-18 17:22:49,800 - INFO - MainThread - server_logic - [DEBUG] found replica for vector: 1
2025-11-18 17:22:49,800 - INFO - MainThread - server_logic - [DEBUG] found replica for vector: 2
2025-11-18 17:22:49,800 - INFO - MainThread - server_logic - [DEBUG] found replica for vector: 3
2025-11-18 17:22:49,800 - INFO - MainThread - server_logic - [DEBUG] found replica for vector: 4
2025-11-18 17:22:49,800 - INFO - MainThread - server_logic - [DEBUG] found replica for vector: 1
2025-11-18 17:22:49,800 - INFO - MainThread - server_logic - [DEBUG] found replica for vector: 2
2025-11-18 17:22:49,801 - INFO - MainThread - server_logic - [DEBUG] found replica for vector: 3
2025-11-18 17:22:49,801 - INFO - MainThread - server_logic - [DEBUG] found replica for vector: 4
2025-11-18 17:22:49,801 - INFO - MainThread - server_logic - [DEBUG] found replica for vector: 1
2025-11-18 17:22:49,801 - INFO - MainThread - server_logic - [DEBUG] found replica for vector: 2
2025-11-18 17:22:49,801 - INFO - MainThread - server_logic - [DEBUG] found replica for vector: 3
2025-11-18 17:22:49,801 - INFO - MainThread - server_logic - [DEBUG] found replica for vector: 4
2025-11-18 17:22:49,801 - INFO - MainThread - server_logic - [DEBUG] found replica for vector: 1
2025-11-18 17:22:49,801 - INFO - MainThread - server_logic - [DEBUG] found replica for vector: 2
2025-11-18 17:22:49,801 - INFO - MainThread - server_logic - [DEBUG] found replica for vector: 3
2025-11-18 17:22:49,801 - INFO - MainThread - server_logic - [DEBUG] found replica for vector: 4
2025-11-18 17:22:49,801 - INFO - MainThread - server_logic - [DEBUG] found replica for vector: 1
2025-11-18 17:22:49,801 - INFO - MainThread - server_logic - [DEBUG] found replica for vector: 2
2025-11-18 17:22:49,801 - INFO - MainThread - server_logic - [DEBUG] found replica for vector: 3
2025-11-18 17:22:49,801 - INFO - MainThread - server_logic - [DEBUG] found replica for vector: 4
2025-11-18 17:22:49,801 - INFO - MainThread - server_logic - [DEBUG] found replica for vector: 1
2025-11-18 17:22:49,801 - INFO - MainThread - server_logic - [DEBUG] found replica for vector: 2
2025-11-18 17:22:49,801 - INFO - MainThread - server_logic - [DEBUG] found replica for vector: 3
2025-11-18 17:22:49,801 - INFO - MainThread - server_logic - [DEBUG] found replica for vector: 4
2025-11-18 17:22:49,801 - INFO - MainThread - server_logic - [DEBUG] found replica for vector: 1
2025-11-18 17:22:49,801 - INFO - MainThread - server_logic - [DEBUG] found replica for vector: 2
2025-11-18 17:22:49,801 - INFO - MainThread - server_logic - [DEBUG] found replica for vector: 3
2025-11-18 17:22:49,801 - INFO - MainThread - server_logic - [DEBUG] to me replica for vector: 3
2025-11-18 17:22:49,801 - INFO - MainThread - server_logic - [DEBUG] found replica for vector: 1
2025-11-18 17:22:49,801 - INFO - MainThread - server_logic - [DEBUG] found replica for vector: 2
2025-11-18 17:22:49,801 - INFO - MainThread - server_logic - [DEBUG] found replica for vector: 3
2025-11-18 17:22:49,801 - INFO - MainThread - server_logic - [DEBUG] found replica for vector: 4
2025-11-18 17:22:49,801 - INFO - MainThread - server_logic - [DEBUG] found replica for vector: 1
2025-11-18 17:22:49,801 - INFO - MainThread - server_logic - [DEBUG] found replica for vector: 2
2025-11-18 17:22:49,801 - INFO - MainThread - server_logic - [DEBUG] found replica for vector: 3
2025-11-18 17:22:49,801 - INFO - MainThread - server_logic - [DEBUG] found replica for vector: 4
2025-11-18 17:22:49,801 - INFO - MainThread - server_logic - [DEBUG] found replica for vector: 1
2025-11-18 17:22:49,801 - INFO - MainThread - server_logic - [DEBUG] found replica for vector: 2
2025-11-18 17:22:49,801 - INFO - MainThread - server_logic - [DEBUG] found replica for vector: 3
2025-11-18 17:22:49,801 - INFO - MainThread - server_logic - [DEBUG] found replica for vector: 4
2025-11-18 17:22:49,801 - INFO - MainThread - server_logic - [DEBUG] found replica for vector: 1
2025-11-18 17:22:49,801 - INFO - MainThread - server_logic - [DEBUG] found replica for vector: 2
2025-11-18 17:22:49,801 - INFO - MainThread - server_logic - [DEBUG] found replica for vector: 3
2025-11-18 17:22:49,801 - INFO - MainThread - server_logic - [DEBUG] found replica for vector: 4
2025-11-18 17:22:49,801 - INFO - MainThread - server_logic - [DEBUG] found replica for vector: 1
2025-11-18 17:22:49,801 - INFO - MainThread - server_logic - [DEBUG] found replica for vector: 2
2025-11-18 17:22:49,801 - INFO - MainThread - server_logic - [DEBUG] found replica for vector: 3
2025-11-18 17:22:49,801 - INFO - MainThread - server_logic - [DEBUG] to me replica for vector: 3
2025-11-18 17:22:49,801 - INFO - MainThread - server_logic - [DEBUG] found replica for vector: 1
2025-11-18 17:22:49,801 - INFO - MainThread - server_logic - [DEBUG] found replica for vector: 2
2025-11-18 17:22:49,801 - INFO - MainThread - server_logic - [DEBUG] found replica for vector: 3
2025-11-18 17:22:49,801 - INFO - MainThread - server_logic - [DEBUG] found replica for vector: 4
2025-11-18 17:22:49,801 - INFO - MainThread - server_logic - [DEBUG] found replica for vector: 1
2025-11-18 17:22:49,801 - INFO - MainThread - server_logic - [DEBUG] found replica for vector: 2
2025-11-18 17:22:49,801 - INFO - MainThread - server_logic - [DEBUG] found replica for vector: 3
2025-11-18 17:22:49,801 - INFO - MainThread - server_logic - [DEBUG] found replica for vector: 4
2025-11-18 17:22:49,801 - INFO - MainThread - server_logic - [DEBUG] found replica for vector: 1
2025-11-18 17:22:49,801 - INFO - MainThread - server_logic - [DEBUG] found replica for vector: 2
2025-11-18 17:22:49,801 - INFO - MainThread - server_logic - [DEBUG] found replica for vector: 3
2025-11-18 17:22:49,801 - INFO - MainThread - server_logic - [DEBUG] found replica for vector: 4
2025-11-18 17:22:49,801 - INFO - MainThread - server_logic - [DEBUG] found replica for vector: 1
2025-11-18 17:22:49,801 - INFO - MainThread - server_logic - [DEBUG] found replica for vector: 2
2025-11-18 17:22:49,801 - INFO - MainThread - server_logic - [DEBUG] found replica for vector: 3
2025-11-18 17:22:49,801 - INFO - MainThread - server_logic - [DEBUG] found replica for vector: 4
2025-11-18 17:22:49,802 - INFO - MainThread - server_logic - [DEBUG] found replica for vector: 1
2025-11-18 17:22:49,802 - INFO - MainThread - server_logic - [DEBUG] found replica for vector: 2
2025-11-18 17:22:49,802 - INFO - MainThread - server_logic - [DEBUG] found replica for vector: 3
2025-11-18 17:22:49,802 - INFO - MainThread - server_logic - [DEBUG] to me replica for vector: 3
2025-11-18 17:22:49,802 - INFO - MainThread - server_logic - [DEBUG] found replica for vector: 1
2025-11-18 17:22:49,802 - INFO - MainThread - server_logic - [DEBUG] found replica for vector: 2
2025-11-18 17:22:49,802 - INFO - MainThread - server_logic - [DEBUG] found replica for vector: 3
2025-11-18 17:22:49,802 - INFO - MainThread - server_logic - [DEBUG] found replica for vector: 4
2025-11-18 17:22:49,802 - INFO - MainThread - server_logic - [DEBUG] found replica for vector: 1
2025-11-18 17:22:49,802 - INFO - MainThread - server_logic - [DEBUG] found replica for vector: 2
2025-11-18 17:22:49,802 - INFO - MainThread - server_logic - [DEBUG] found replica for vector: 3
2025-11-18 17:22:49,802 - INFO - MainThread - server_logic - [DEBUG] found replica for vector: 4
2025-11-18 17:22:49,802 - INFO - MainThread - server_logic - [DEBUG] found replica for vector: 1
2025-11-18 17:22:49,802 - INFO - MainThread - server_logic - [DEBUG] found replica for vector: 2
2025-11-18 17:22:49,802 - INFO - MainThread - server_logic - [DEBUG] found replica for vector: 3
2025-11-18 17:22:49,802 - INFO - MainThread - server_logic - [DEBUG] found replica for vector: 4
2025-11-18 17:22:49,802 - INFO - MainThread - server_logic - [DEBUG] found replica for vector: 1
2025-11-18 17:22:49,802 - INFO - MainThread - server_logic - [DEBUG] found replica for vector: 2
2025-11-18 17:22:49,802 - INFO - MainThread - server_logic - [DEBUG] found replica for vector: 3
2025-11-18 17:22:49,802 - INFO - MainThread - server_logic - [DEBUG] found replica for vector: 4
2025-11-18 17:22:49,802 - INFO - MainThread - server_logic - [DEBUG] found replica for vector: 1
2025-11-18 17:22:49,802 - INFO - MainThread - server_logic - [DEBUG] found replica for vector: 2
2025-11-18 17:22:49,802 - INFO - MainThread - server_logic - [DEBUG] found replica for vector: 3
2025-11-18 17:22:49,802 - INFO - MainThread - server_logic - [DEBUG] found replica for vector: 4
2025-11-18 17:22:49,802 - INFO - MainThread - server_logic - [DEBUG] found replica for vector: 1
2025-11-18 17:22:49,802 - INFO - MainThread - server_logic - [DEBUG] found replica for vector: 2
2025-11-18 17:22:49,802 - INFO - MainThread - server_logic - [DEBUG] found replica for vector: 3
2025-11-18 17:22:49,802 - INFO - MainThread - server_logic - [DEBUG] found replica for vector: 4
2025-11-18 17:22:49,802 - INFO - MainThread - server_logic - [DEBUG] found replica for vector: 1
2025-11-18 17:22:49,802 - INFO - MainThread - server_logic - [DEBUG] found replica for vector: 2
2025-11-18 17:22:49,802 - INFO - MainThread - server_logic - [DEBUG] found replica for vector: 3
2025-11-18 17:22:49,802 - INFO - MainThread - server_logic - [DEBUG] to me replica for vector: 3
2025-11-18 17:22:49,802 - INFO - MainThread - server_logic - [DEBUG] found replica for vector: 1
2025-11-18 17:22:49,802 - INFO - MainThread - server_logic - [DEBUG] found replica for vector: 2
2025-11-18 17:22:49,802 - INFO - MainThread - server_logic - [DEBUG] found replica for vector: 3
2025-11-18 17:22:49,802 - INFO - MainThread - server_logic - [DEBUG] found replica for vector: 4
2025-11-18 17:22:49,802 - INFO - MainThread - server_logic - [DEBUG] found replica for vector: 1
2025-11-18 17:22:49,802 - INFO - MainThread - server_logic - [DEBUG] found replica for vector: 2
2025-11-18 17:22:49,802 - INFO - MainThread - server_logic - [DEBUG] found replica for vector: 3
2025-11-18 17:22:49,802 - INFO - MainThread - server_logic - [DEBUG] found replica for vector: 4
2025-11-18 17:22:49,802 - INFO - MainThread - server_logic - [DEBUG] found replica for vector: 1
2025-11-18 17:22:49,802 - INFO - MainThread - server_logic - [DEBUG] found replica for vector: 2
2025-11-18 17:22:49,802 - INFO - MainThread - server_logic - [DEBUG] found replica for vector: 3
2025-11-18 17:22:49,802 - INFO - MainThread - server_logic - [DEBUG] found replica for vector: 4
2025-11-18 17:22:49,802 - INFO - MainThread - server_logic - [DEBUG] found replica for vector: 1
2025-11-18 17:22:49,802 - INFO - MainThread - server_logic - [DEBUG] found replica for vector: 2
2025-11-18 17:22:49,802 - INFO - MainThread - server_logic - [DEBUG] found replica for vector: 3
2025-11-18 17:22:49,802 - INFO - MainThread - server_logic - [DEBUG] found replica for vector: 4
2025-11-18 17:22:49,802 - INFO - MainThread - server_logic - [DEBUG] found replica for vector: 1
2025-11-18 17:22:49,802 - INFO - MainThread - server_logic - [DEBUG] found replica for vector: 2
2025-11-18 17:22:49,802 - INFO - MainThread - server_logic - [DEBUG] found replica for vector: 3
2025-11-18 17:22:49,802 - INFO - MainThread - server_logic - [DEBUG] found replica for vector: 4
2025-11-18 17:22:49,802 - INFO - MainThread - server_logic - [DEBUG] found replica for vector: 1
2025-11-18 17:22:49,802 - INFO - MainThread - server_logic - [DEBUG] found replica for vector: 2
2025-11-18 17:22:49,802 - INFO - MainThread - server_logic - [DEBUG] found replica for vector: 3
2025-11-18 17:22:49,802 - INFO - MainThread - server_logic - [DEBUG] found replica for vector: 4
2025-11-18 17:22:49,802 - INFO - MainThread - server_logic - [DEBUG] found replica for vector: 1
2025-11-18 17:22:49,802 - INFO - MainThread - server_logic - [DEBUG] found replica for vector: 2
2025-11-18 17:22:49,802 - INFO - MainThread - server_logic - [DEBUG] found replica for vector: 3
2025-11-18 17:22:49,802 - INFO - MainThread - server_logic - [DEBUG] found replica for vector: 4
2025-11-18 17:22:49,803 - INFO - MainThread - server_logic - [DEBUG] found replica for vector: 1
2025-11-18 17:22:49,803 - INFO - MainThread - server_logic - [DEBUG] found replica for vector: 2
2025-11-18 17:22:49,803 - INFO - MainThread - server_logic - [DEBUG] found replica for vector: 3
2025-11-18 17:22:49,803 - INFO - MainThread - server_logic - [DEBUG] found replica for vector: 4
2025-11-18 17:22:49,803 - INFO - MainThread - server_logic - [DEBUG] found replica for vector: 1
2025-11-18 17:22:49,803 - INFO - MainThread - server_logic - [DEBUG] found replica for vector: 2
2025-11-18 17:22:49,803 - INFO - MainThread - server_logic - [DEBUG] found replica for vector: 3
2025-11-18 17:22:49,803 - INFO - MainThread - server_logic - [DEBUG] found replica for vector: 4
2025-11-18 17:22:49,803 - INFO - MainThread - server_logic - [DEBUG] found replica for vector: 1
2025-11-18 17:22:49,803 - INFO - MainThread - server_logic - [DEBUG] found replica for vector: 2
2025-11-18 17:22:49,803 - INFO - MainThread - server_logic - [DEBUG] found replica for vector: 3
2025-11-18 17:22:49,803 - INFO - MainThread - server_logic - [DEBUG] found replica for vector: 4
2025-11-18 17:22:49,803 - INFO - MainThread - server_logic - [DEBUG] found replica for vector: 1
2025-11-18 17:22:49,803 - INFO - MainThread - server_logic - [DEBUG] found replica for vector: 2
2025-11-18 17:22:49,803 - INFO - MainThread - server_logic - [DEBUG] found replica for vector: 3
2025-11-18 17:22:49,803 - INFO - MainThread - server_logic - [DEBUG] found replica for vector: 4
2025-11-18 17:22:49,803 - INFO - MainThread - server_logic - [DEBUG] found replica for vector: 1
2025-11-18 17:22:49,803 - INFO - MainThread - server_logic - [DEBUG] found replica for vector: 2
2025-11-18 17:22:49,803 - INFO - MainThread - server_logic - [DEBUG] found replica for vector: 3
2025-11-18 17:22:49,803 - INFO - MainThread - server_logic - [DEBUG] found replica for vector: 4
2025-11-18 17:22:49,803 - INFO - MainThread - server_logic - [DEBUG] found replica for vector: 1
2025-11-18 17:22:49,803 - INFO - MainThread - server_logic - [DEBUG] found replica for vector: 2
2025-11-18 17:22:49,803 - INFO - MainThread - server_logic - [DEBUG] found replica for vector: 3
2025-11-18 17:22:49,803 - INFO - MainThread - server_logic - [DEBUG] found replica for vector: 4
2025-11-18 17:22:49,803 - INFO - MainThread - server_logic - [DEBUG] found replica for vector: 1
2025-11-18 17:22:49,803 - INFO - MainThread - server_logic - [DEBUG] found replica for vector: 2
2025-11-18 17:22:49,803 - INFO - MainThread - server_logic - [DEBUG] found replica for vector: 3
2025-11-18 17:22:49,803 - INFO - MainThread - server_logic - [DEBUG] found replica for vector: 4
2025-11-18 17:22:49,803 - INFO - MainThread - server_logic - [DEBUG] found replica for vector: 1
2025-11-18 17:22:49,803 - INFO - MainThread - server_logic - [DEBUG] found replica for vector: 2
2025-11-18 17:22:49,803 - INFO - MainThread - server_logic - [DEBUG] found replica for vector: 3
2025-11-18 17:22:49,803 - INFO - MainThread - server_logic - [DEBUG] found replica for vector: 4
2025-11-18 17:22:49,803 - INFO - MainThread - server_logic - [DEBUG] found replica for vector: 1
2025-11-18 17:22:49,803 - INFO - MainThread - server_logic - [DEBUG] found replica for vector: 2
2025-11-18 17:22:49,803 - INFO - MainThread - server_logic - [DEBUG] found replica for vector: 3
2025-11-18 17:22:49,803 - INFO - MainThread - server_logic - [DEBUG] found replica for vector: 4
2025-11-18 17:22:49,803 - INFO - MainThread - server_logic - [DEBUG] found replica for vector: 1
2025-11-18 17:22:49,803 - INFO - MainThread - server_logic - [DEBUG] found replica for vector: 2
2025-11-18 17:22:49,803 - INFO - MainThread - server_logic - [DEBUG] found replica for vector: 3
2025-11-18 17:22:49,803 - INFO - MainThread - server_logic - [DEBUG] to me replica for vector: 3
2025-11-18 17:22:49,803 - INFO - MainThread - server_logic - [DEBUG] found replica for vector: 1
2025-11-18 17:22:49,803 - INFO - MainThread - server_logic - [DEBUG] found replica for vector: 2
2025-11-18 17:22:49,803 - INFO - MainThread - server_logic - [DEBUG] found replica for vector: 3
2025-11-18 17:22:49,803 - INFO - MainThread - server_logic - [DEBUG] found replica for vector: 4
2025-11-18 17:22:49,803 - INFO - MainThread - server_logic - [DEBUG] found replica for vector: 1
2025-11-18 17:22:49,803 - INFO - MainThread - server_logic - [DEBUG] found replica for vector: 2
2025-11-18 17:22:49,803 - INFO - MainThread - server_logic - [DEBUG] found replica for vector: 3
2025-11-18 17:22:49,803 - INFO - MainThread - server_logic - [DEBUG] to me replica for vector: 3
2025-11-18 17:22:49,803 - INFO - MainThread - server_logic - [DEBUG] found replica for vector: 1
2025-11-18 17:22:49,803 - INFO - MainThread - server_logic - [DEBUG] found replica for vector: 2
2025-11-18 17:22:49,803 - INFO - MainThread - server_logic - [DEBUG] found replica for vector: 3
2025-11-18 17:22:49,803 - INFO - MainThread - server_logic - [DEBUG] found replica for vector: 4
2025-11-18 17:22:49,803 - INFO - MainThread - server_logic - [DEBUG] found replica for vector: 1
2025-11-18 17:22:49,803 - INFO - MainThread - server_logic - [DEBUG] found replica for vector: 2
2025-11-18 17:22:49,803 - INFO - MainThread - server_logic - [DEBUG] found replica for vector: 3
2025-11-18 17:22:49,803 - INFO - MainThread - server_logic - [DEBUG] found replica for vector: 4
2025-11-18 17:22:49,803 - INFO - MainThread - server_logic - [DEBUG] found replica for vector: 1
2025-11-18 17:22:49,803 - INFO - MainThread - server_logic - [DEBUG] found replica for vector: 2
2025-11-18 17:22:49,804 - INFO - MainThread - server_logic - [DEBUG] found replica for vector: 3
2025-11-18 17:22:49,804 - INFO - MainThread - server_logic - [DEBUG] to me replica for vector: 3
2025-11-18 17:22:49,804 - INFO - MainThread - server_logic - [DEBUG] found replica for vector: 1
2025-11-18 17:22:49,804 - INFO - MainThread - server_logic - [DEBUG] found replica for vector: 2
2025-11-18 17:22:49,804 - INFO - MainThread - server_logic - [DEBUG] found replica for vector: 3
2025-11-18 17:22:49,804 - INFO - MainThread - server_logic - [DEBUG] found replica for vector: 4
2025-11-18 17:22:49,804 - INFO - MainThread - server_logic - [DEBUG] found replica for vector: 1
2025-11-18 17:22:49,804 - INFO - MainThread - server_logic - [DEBUG] found replica for vector: 2
2025-11-18 17:22:49,804 - INFO - MainThread - server_logic - [DEBUG] found replica for vector: 3
2025-11-18 17:22:49,804 - INFO - MainThread - server_logic - [DEBUG] found replica for vector: 4
2025-11-18 17:22:49,804 - INFO - MainThread - server_logic - [DEBUG] found replica for vector: 1
2025-11-18 17:22:49,804 - INFO - MainThread - server_logic - [DEBUG] found replica for vector: 2
2025-11-18 17:22:49,804 - INFO - MainThread - server_logic - [DEBUG] found replica for vector: 3
2025-11-18 17:22:49,804 - INFO - MainThread - server_logic - [DEBUG] found replica for vector: 4
2025-11-18 17:22:49,804 - INFO - MainThread - server_logic - [DEBUG] found replica for vector: 1
2025-11-18 17:22:49,804 - INFO - MainThread - server_logic - [DEBUG] found replica for vector: 2
2025-11-18 17:22:49,804 - INFO - MainThread - server_logic - [DEBUG] found replica for vector: 3
2025-11-18 17:22:49,804 - INFO - MainThread - server_logic - [DEBUG] found replica for vector: 4
2025-11-18 17:22:49,804 - INFO - MainThread - server_logic - [DEBUG] found replica for vector: 1
2025-11-18 17:22:49,804 - INFO - MainThread - server_logic - [DEBUG] found replica for vector: 2
2025-11-18 17:22:49,804 - INFO - MainThread - server_logic - [DEBUG] found replica for vector: 3
2025-11-18 17:22:49,804 - INFO - MainThread - server_logic - [DEBUG] found replica for vector: 4
2025-11-18 17:22:49,804 - INFO - MainThread - server_logic - [DEBUG] found replica for vector: 1
2025-11-18 17:22:49,804 - INFO - MainThread - server_logic - [DEBUG] found replica for vector: 2
2025-11-18 17:22:49,804 - INFO - MainThread - server_logic - [DEBUG] found replica for vector: 3
2025-11-18 17:22:49,804 - INFO - MainThread - server_logic - [DEBUG] found replica for vector: 4
2025-11-18 17:22:49,804 - INFO - MainThread - server_logic - [DEBUG] found replica for vector: 1
2025-11-18 17:22:49,804 - INFO - MainThread - server_logic - [DEBUG] found replica for vector: 2
2025-11-18 17:22:49,804 - INFO - MainThread - server_logic - [DEBUG] found replica for vector: 3
2025-11-18 17:22:49,804 - INFO - MainThread - server_logic - [DEBUG] to me replica for vector: 3
2025-11-18 17:22:49,804 - INFO - MainThread - server_logic - [Router] Distribution: Peer node1: 79, Peer node2: 59, Peer node3: 59, Peer node4: 59, Peer node5: 59, Peer node6: 53, Peer node7: 53, Peer node8: 53, Peer node9: 53, Peer node10: 65, Peer node11: 65, Peer node12: 65, Peer node14: 79, Peer node15: 79, Peer node16: 79, Me (node13): 65
2025-11-18 17:22:49,804 - INFO - MainThread - server_logic - --> [Peer Send] Sending 79 vectors to Peer node1 (localhost:9001) | Status: clustered
2025-11-18 17:22:49,878 - INFO - MainThread - server_logic - --> [Peer Send] Success: Sent vectors to node1
2025-11-18 17:22:49,878 - INFO - MainThread - server_logic - --> [Peer Send] Sending 59 vectors to Peer node2 (localhost:9002) | Status: clustered
2025-11-18 17:22:49,947 - INFO - MainThread - server_logic - --> [Peer Send] Success: Sent vectors to node2
2025-11-18 17:22:49,947 - INFO - MainThread - server_logic - --> [Peer Send] Sending 59 vectors to Peer node3 (localhost:9003) | Status: clustered
2025-11-18 17:22:50,016 - INFO - MainThread - server_logic - --> [Peer Send] Success: Sent vectors to node3
2025-11-18 17:22:50,016 - INFO - MainThread - server_logic - --> [Peer Send] Sending 59 vectors to Peer node4 (localhost:9004) | Status: clustered
2025-11-18 17:22:50,086 - INFO - MainThread - server_logic - --> [Peer Send] Success: Sent vectors to node4
2025-11-18 17:22:50,086 - INFO - MainThread - server_logic - --> [Peer Send] Sending 59 vectors to Peer node5 (localhost:9005) | Status: clustered
2025-11-18 17:22:50,154 - INFO - MainThread - server_logic - --> [Peer Send] Success: Sent vectors to node5
2025-11-18 17:22:50,154 - INFO - MainThread - server_logic - --> [Peer Send] Sending 53 vectors to Peer node6 (localhost:9006) | Status: clustered
2025-11-18 17:22:50,221 - INFO - MainThread - server_logic - --> [Peer Send] Success: Sent vectors to node6
2025-11-18 17:22:50,221 - INFO - MainThread - server_logic - --> [Peer Send] Sending 53 vectors to Peer node7 (localhost:9007) | Status: clustered
2025-11-18 17:22:50,287 - INFO - MainThread - server_logic - --> [Peer Send] Success: Sent vectors to node7
2025-11-18 17:22:50,287 - INFO - MainThread - server_logic - --> [Peer Send] Sending 53 vectors to Peer node8 (localhost:9008) | Status: clustered
2025-11-18 17:22:50,354 - INFO - MainThread - server_logic - --> [Peer Send] Success: Sent vectors to node8
2025-11-18 17:22:50,354 - INFO - MainThread - server_logic - --> [Peer Send] Sending 53 vectors to Peer node9 (localhost:9009) | Status: clustered
2025-11-18 17:22:50,422 - INFO - MainThread - server_logic - --> [Peer Send] Success: Sent vectors to node9
2025-11-18 17:22:50,422 - INFO - MainThread - server_logic - --> [Peer Send] Sending 65 vectors to Peer node10 (localhost:9010) | Status: clustered
2025-11-18 17:22:50,492 - INFO - MainThread - server_logic - --> [Peer Send] Success: Sent vectors to node10
2025-11-18 17:22:50,492 - INFO - MainThread - server_logic - --> [Peer Send] Sending 65 vectors to Peer node11 (localhost:9011) | Status: clustered
2025-11-18 17:22:50,560 - INFO - MainThread - server_logic - --> [Peer Send] Success: Sent vectors to node11
2025-11-18 17:22:50,560 - INFO - MainThread - server_logic - --> [Peer Send] Sending 65 vectors to Peer node12 (localhost:9012) | Status: clustered
2025-11-18 17:22:50,628 - INFO - MainThread - server_logic - --> [Peer Send] Success: Sent vectors to node12
2025-11-18 17:22:50,628 - INFO - MainThread - server_logic - --> [Peer Send] Sending 79 vectors to Peer node14 (localhost:9014) | Status: clustered
2025-11-18 17:22:50,699 - INFO - MainThread - server_logic - --> [Peer Send] Success: Sent vectors to node14
2025-11-18 17:22:50,699 - INFO - MainThread - server_logic - --> [Peer Send] Sending 79 vectors to Peer node15 (localhost:9015) | Status: clustered
2025-11-18 17:22:50,770 - INFO - MainThread - server_logic - --> [Peer Send] Success: Sent vectors to node15
2025-11-18 17:22:50,770 - INFO - MainThread - server_logic - --> [Peer Send] Sending 79 vectors to Peer node16 (localhost:9016) | Status: clustered
2025-11-18 17:22:50,839 - INFO - MainThread - server_logic - --> [Peer Send] Success: Sent vectors to node16
2025-11-18 17:22:50,839 - INFO - MainThread - server_logic - [Add Vectors] Processing 65 vectors. Sender Status: clustered. Current Node Status: clustered
2025-11-18 17:22:50,839 - INFO - MainThread - server_logic - [Add Vectors] Direct Insert: Storing 65 vectors in local Qdrant (Sender is clustered).
2025-11-18 17:22:50,892 - INFO - MainThread - httpx - HTTP Request: GET http://localhost:6357 "HTTP/1.1 200 OK"
2025-11-18 17:22:50,892 - INFO - MainThread - qdrant_module - [Qdrant] Attempting to insert 65 vectors into vectors on http://localhost:6357...
2025-11-18 17:22:50,901 - INFO - MainThread - qdrant_module - [Qdrant] Success: Inserted 65 vectors.
2025-11-18 17:22:50,902 - INFO - MainThread - __main__ - API: /add completed
2025-11-18 17:22:50,903 - INFO - MainThread - uvicorn.access - 127.0.0.1:50395 - "POST /add HTTP/1.1" 200
2025-11-18 17:22:51,836 - INFO - ThreadPoolExecutor-0_0 - grpc_handler - [GRPC IN] ReceiveVectors called. ReqID: 62, Type: clustered, Count: 80
2025-11-18 17:22:51,837 - INFO - ThreadPoolExecutor-0_0 - server_logic - [Add Vectors] Processing 80 vectors. Sender Status: clustered. Current Node Status: clustered
2025-11-18 17:22:51,837 - INFO - ThreadPoolExecutor-0_0 - server_logic - [Add Vectors] Direct Insert: Storing 80 vectors in local Qdrant (Sender is clustered).
2025-11-18 17:22:51,889 - INFO - ThreadPoolExecutor-0_0 - httpx - HTTP Request: GET http://localhost:6357 "HTTP/1.1 200 OK"
2025-11-18 17:22:51,889 - INFO - ThreadPoolExecutor-0_0 - qdrant_module - [Qdrant] Attempting to insert 80 vectors into vectors on http://localhost:6357...
2025-11-18 17:22:51,904 - INFO - ThreadPoolExecutor-0_0 - qdrant_module - [Qdrant] Success: Inserted 80 vectors.
2025-11-18 17:22:51,905 - INFO - ThreadPoolExecutor-0_0 - grpc_handler - [GRPC IN] ReceiveVectors processed successfully.
2025-11-18 17:22:53,053 - INFO - ThreadPoolExecutor-0_0 - grpc_handler - [GRPC IN] ReceiveVectors called. ReqID: 63, Type: clustered, Count: 78
2025-11-18 17:22:53,054 - INFO - ThreadPoolExecutor-0_0 - server_logic - [Add Vectors] Processing 78 vectors. Sender Status: clustered. Current Node Status: clustered
2025-11-18 17:22:53,054 - INFO - ThreadPoolExecutor-0_0 - server_logic - [Add Vectors] Direct Insert: Storing 78 vectors in local Qdrant (Sender is clustered).
2025-11-18 17:22:53,106 - INFO - ThreadPoolExecutor-0_0 - httpx - HTTP Request: GET http://localhost:6357 "HTTP/1.1 200 OK"
2025-11-18 17:22:53,106 - INFO - ThreadPoolExecutor-0_0 - qdrant_module - [Qdrant] Attempting to insert 78 vectors into vectors on http://localhost:6357...
2025-11-18 17:22:53,121 - INFO - ThreadPoolExecutor-0_0 - qdrant_module - [Qdrant] Success: Inserted 78 vectors.
2025-11-18 17:22:53,122 - INFO - ThreadPoolExecutor-0_0 - grpc_handler - [GRPC IN] ReceiveVectors processed successfully.
2025-11-18 17:22:54,254 - INFO - ThreadPoolExecutor-0_0 - grpc_handler - [GRPC IN] ReceiveVectors called. ReqID: 64, Type: clustered, Count: 82
2025-11-18 17:22:54,255 - INFO - ThreadPoolExecutor-0_0 - server_logic - [Add Vectors] Processing 82 vectors. Sender Status: clustered. Current Node Status: clustered
2025-11-18 17:22:54,255 - INFO - ThreadPoolExecutor-0_0 - server_logic - [Add Vectors] Direct Insert: Storing 82 vectors in local Qdrant (Sender is clustered).
2025-11-18 17:22:54,308 - INFO - ThreadPoolExecutor-0_0 - httpx - HTTP Request: GET http://localhost:6357 "HTTP/1.1 200 OK"
2025-11-18 17:22:54,308 - INFO - ThreadPoolExecutor-0_0 - qdrant_module - [Qdrant] Attempting to insert 82 vectors into vectors on http://localhost:6357...
2025-11-18 17:22:54,323 - INFO - ThreadPoolExecutor-0_0 - qdrant_module - [Qdrant] Success: Inserted 82 vectors.
2025-11-18 17:22:54,324 - INFO - ThreadPoolExecutor-0_0 - grpc_handler - [GRPC IN] ReceiveVectors processed successfully.
2025-11-18 17:22:55,400 - INFO - ThreadPoolExecutor-0_0 - grpc_handler - [GRPC IN] ReceiveVectors called. ReqID: 65, Type: clustered, Count: 70
2025-11-18 17:22:55,400 - INFO - ThreadPoolExecutor-0_0 - server_logic - [Add Vectors] Processing 70 vectors. Sender Status: clustered. Current Node Status: clustered
2025-11-18 17:22:55,401 - INFO - ThreadPoolExecutor-0_0 - server_logic - [Add Vectors] Direct Insert: Storing 70 vectors in local Qdrant (Sender is clustered).
2025-11-18 17:22:55,453 - INFO - ThreadPoolExecutor-0_0 - httpx - HTTP Request: GET http://localhost:6357 "HTTP/1.1 200 OK"
2025-11-18 17:22:55,453 - INFO - ThreadPoolExecutor-0_0 - qdrant_module - [Qdrant] Attempting to insert 70 vectors into vectors on http://localhost:6357...
2025-11-18 17:22:55,466 - INFO - ThreadPoolExecutor-0_0 - qdrant_module - [Qdrant] Success: Inserted 70 vectors.
2025-11-18 17:22:55,467 - INFO - ThreadPoolExecutor-0_0 - grpc_handler - [GRPC IN] ReceiveVectors processed successfully.
2025-11-18 17:22:56,603 - INFO - ThreadPoolExecutor-0_0 - grpc_handler - [GRPC IN] ReceiveVectors called. ReqID: 66, Type: clustered, Count: 74
2025-11-18 17:22:56,604 - INFO - ThreadPoolExecutor-0_0 - server_logic - [Add Vectors] Processing 74 vectors. Sender Status: clustered. Current Node Status: clustered
2025-11-18 17:22:56,604 - INFO - ThreadPoolExecutor-0_0 - server_logic - [Add Vectors] Direct Insert: Storing 74 vectors in local Qdrant (Sender is clustered).
2025-11-18 17:22:56,655 - INFO - ThreadPoolExecutor-0_0 - httpx - HTTP Request: GET http://localhost:6357 "HTTP/1.1 200 OK"
2025-11-18 17:22:56,656 - INFO - ThreadPoolExecutor-0_0 - qdrant_module - [Qdrant] Attempting to insert 74 vectors into vectors on http://localhost:6357...
2025-11-18 17:22:56,666 - INFO - ThreadPoolExecutor-0_0 - qdrant_module - [Qdrant] Success: Inserted 74 vectors.
2025-11-18 17:22:56,668 - INFO - ThreadPoolExecutor-0_0 - grpc_handler - [GRPC IN] ReceiveVectors processed successfully.
2025-11-18 17:22:57,816 - INFO - ThreadPoolExecutor-0_0 - grpc_handler - [GRPC IN] ReceiveVectors called. ReqID: 67, Type: clustered, Count: 67
2025-11-18 17:22:57,817 - INFO - ThreadPoolExecutor-0_0 - server_logic - [Add Vectors] Processing 67 vectors. Sender Status: clustered. Current Node Status: clustered
2025-11-18 17:22:57,817 - INFO - ThreadPoolExecutor-0_0 - server_logic - [Add Vectors] Direct Insert: Storing 67 vectors in local Qdrant (Sender is clustered).
2025-11-18 17:22:57,869 - INFO - ThreadPoolExecutor-0_0 - httpx - HTTP Request: GET http://localhost:6357 "HTTP/1.1 200 OK"
2025-11-18 17:22:57,869 - INFO - ThreadPoolExecutor-0_0 - qdrant_module - [Qdrant] Attempting to insert 67 vectors into vectors on http://localhost:6357...
2025-11-18 17:22:57,879 - INFO - ThreadPoolExecutor-0_0 - qdrant_module - [Qdrant] Success: Inserted 67 vectors.
2025-11-18 17:22:57,880 - INFO - ThreadPoolExecutor-0_0 - grpc_handler - [GRPC IN] ReceiveVectors processed successfully.
2025-11-18 17:22:59,006 - INFO - ThreadPoolExecutor-0_0 - grpc_handler - [GRPC IN] ReceiveVectors called. ReqID: 68, Type: clustered, Count: 72
2025-11-18 17:22:59,007 - INFO - ThreadPoolExecutor-0_0 - server_logic - [Add Vectors] Processing 72 vectors. Sender Status: clustered. Current Node Status: clustered
2025-11-18 17:22:59,007 - INFO - ThreadPoolExecutor-0_0 - server_logic - [Add Vectors] Direct Insert: Storing 72 vectors in local Qdrant (Sender is clustered).
2025-11-18 17:22:59,059 - INFO - ThreadPoolExecutor-0_0 - httpx - HTTP Request: GET http://localhost:6357 "HTTP/1.1 200 OK"
2025-11-18 17:22:59,060 - INFO - ThreadPoolExecutor-0_0 - qdrant_module - [Qdrant] Attempting to insert 72 vectors into vectors on http://localhost:6357...
2025-11-18 17:22:59,074 - INFO - ThreadPoolExecutor-0_0 - qdrant_module - [Qdrant] Success: Inserted 72 vectors.
2025-11-18 17:22:59,075 - INFO - ThreadPoolExecutor-0_0 - grpc_handler - [GRPC IN] ReceiveVectors processed successfully.
2025-11-18 17:23:00,210 - INFO - ThreadPoolExecutor-0_0 - grpc_handler - [GRPC IN] ReceiveVectors called. ReqID: 69, Type: clustered, Count: 58
2025-11-18 17:23:00,211 - INFO - ThreadPoolExecutor-0_0 - server_logic - [Add Vectors] Processing 58 vectors. Sender Status: clustered. Current Node Status: clustered
2025-11-18 17:23:00,211 - INFO - ThreadPoolExecutor-0_0 - server_logic - [Add Vectors] Direct Insert: Storing 58 vectors in local Qdrant (Sender is clustered).
2025-11-18 17:23:00,266 - INFO - ThreadPoolExecutor-0_0 - httpx - HTTP Request: GET http://localhost:6357 "HTTP/1.1 200 OK"
2025-11-18 17:23:00,266 - INFO - ThreadPoolExecutor-0_0 - qdrant_module - [Qdrant] Attempting to insert 58 vectors into vectors on http://localhost:6357...
2025-11-18 17:23:00,281 - INFO - ThreadPoolExecutor-0_0 - qdrant_module - [Qdrant] Success: Inserted 58 vectors.
2025-11-18 17:23:00,282 - INFO - ThreadPoolExecutor-0_0 - grpc_handler - [GRPC IN] ReceiveVectors processed successfully.
2025-11-18 17:23:01,431 - INFO - ThreadPoolExecutor-0_0 - grpc_handler - [GRPC IN] ReceiveVectors called. ReqID: 70, Type: clustered, Count: 81
2025-11-18 17:23:01,432 - INFO - ThreadPoolExecutor-0_0 - server_logic - [Add Vectors] Processing 81 vectors. Sender Status: clustered. Current Node Status: clustered
2025-11-18 17:23:01,432 - INFO - ThreadPoolExecutor-0_0 - server_logic - [Add Vectors] Direct Insert: Storing 81 vectors in local Qdrant (Sender is clustered).
2025-11-18 17:23:01,485 - INFO - ThreadPoolExecutor-0_0 - httpx - HTTP Request: GET http://localhost:6357 "HTTP/1.1 200 OK"
2025-11-18 17:23:01,486 - INFO - ThreadPoolExecutor-0_0 - qdrant_module - [Qdrant] Attempting to insert 81 vectors into vectors on http://localhost:6357...
2025-11-18 17:23:01,510 - INFO - ThreadPoolExecutor-0_0 - qdrant_module - [Qdrant] Success: Inserted 81 vectors.
2025-11-18 17:23:01,511 - INFO - ThreadPoolExecutor-0_0 - grpc_handler - [GRPC IN] ReceiveVectors processed successfully.
2025-11-18 17:23:02,648 - INFO - ThreadPoolExecutor-0_0 - grpc_handler - [GRPC IN] ReceiveVectors called. ReqID: 71, Type: clustered, Count: 71
2025-11-18 17:23:02,649 - INFO - ThreadPoolExecutor-0_0 - server_logic - [Add Vectors] Processing 71 vectors. Sender Status: clustered. Current Node Status: clustered
2025-11-18 17:23:02,649 - INFO - ThreadPoolExecutor-0_0 - server_logic - [Add Vectors] Direct Insert: Storing 71 vectors in local Qdrant (Sender is clustered).
2025-11-18 17:23:02,700 - INFO - ThreadPoolExecutor-0_0 - httpx - HTTP Request: GET http://localhost:6357 "HTTP/1.1 200 OK"
2025-11-18 17:23:02,700 - INFO - ThreadPoolExecutor-0_0 - qdrant_module - [Qdrant] Attempting to insert 71 vectors into vectors on http://localhost:6357...
2025-11-18 17:23:02,713 - INFO - ThreadPoolExecutor-0_0 - qdrant_module - [Qdrant] Success: Inserted 71 vectors.
2025-11-18 17:23:02,714 - INFO - ThreadPoolExecutor-0_0 - grpc_handler - [GRPC IN] ReceiveVectors processed successfully.
2025-11-18 17:23:03,872 - INFO - ThreadPoolExecutor-0_0 - grpc_handler - [GRPC IN] ReceiveVectors called. ReqID: 72, Type: clustered, Count: 85
2025-11-18 17:23:03,873 - INFO - ThreadPoolExecutor-0_0 - server_logic - [Add Vectors] Processing 85 vectors. Sender Status: clustered. Current Node Status: clustered
2025-11-18 17:23:03,873 - INFO - ThreadPoolExecutor-0_0 - server_logic - [Add Vectors] Direct Insert: Storing 85 vectors in local Qdrant (Sender is clustered).
2025-11-18 17:23:03,924 - INFO - ThreadPoolExecutor-0_0 - httpx - HTTP Request: GET http://localhost:6357 "HTTP/1.1 200 OK"
2025-11-18 17:23:03,925 - INFO - ThreadPoolExecutor-0_0 - qdrant_module - [Qdrant] Attempting to insert 85 vectors into vectors on http://localhost:6357...
2025-11-18 17:23:03,937 - INFO - ThreadPoolExecutor-0_0 - qdrant_module - [Qdrant] Success: Inserted 85 vectors.
2025-11-18 17:23:03,939 - INFO - ThreadPoolExecutor-0_0 - grpc_handler - [GRPC IN] ReceiveVectors processed successfully.
2025-11-18 17:23:05,079 - INFO - ThreadPoolExecutor-0_0 - grpc_handler - [GRPC IN] ReceiveVectors called. ReqID: 73, Type: clustered, Count: 83
2025-11-18 17:23:05,080 - INFO - ThreadPoolExecutor-0_0 - server_logic - [Add Vectors] Processing 83 vectors. Sender Status: clustered. Current Node Status: clustered
2025-11-18 17:23:05,080 - INFO - ThreadPoolExecutor-0_0 - server_logic - [Add Vectors] Direct Insert: Storing 83 vectors in local Qdrant (Sender is clustered).
2025-11-18 17:23:05,134 - INFO - ThreadPoolExecutor-0_0 - httpx - HTTP Request: GET http://localhost:6357 "HTTP/1.1 200 OK"
2025-11-18 17:23:05,134 - INFO - ThreadPoolExecutor-0_0 - qdrant_module - [Qdrant] Attempting to insert 83 vectors into vectors on http://localhost:6357...
2025-11-18 17:23:05,148 - INFO - ThreadPoolExecutor-0_0 - qdrant_module - [Qdrant] Success: Inserted 83 vectors.
2025-11-18 17:23:05,149 - INFO - ThreadPoolExecutor-0_0 - grpc_handler - [GRPC IN] ReceiveVectors processed successfully.
2025-11-18 17:23:06,342 - INFO - ThreadPoolExecutor-0_0 - grpc_handler - [GRPC IN] ReceiveVectors called. ReqID: 74, Type: clustered, Count: 76
2025-11-18 17:23:06,343 - INFO - ThreadPoolExecutor-0_0 - server_logic - [Add Vectors] Processing 76 vectors. Sender Status: clustered. Current Node Status: clustered
2025-11-18 17:23:06,343 - INFO - ThreadPoolExecutor-0_0 - server_logic - [Add Vectors] Direct Insert: Storing 76 vectors in local Qdrant (Sender is clustered).
2025-11-18 17:23:06,396 - INFO - ThreadPoolExecutor-0_0 - httpx - HTTP Request: GET http://localhost:6357 "HTTP/1.1 200 OK"
2025-11-18 17:23:06,397 - INFO - ThreadPoolExecutor-0_0 - qdrant_module - [Qdrant] Attempting to insert 76 vectors into vectors on http://localhost:6357...
2025-11-18 17:23:06,409 - INFO - ThreadPoolExecutor-0_0 - qdrant_module - [Qdrant] Success: Inserted 76 vectors.
2025-11-18 17:23:06,410 - INFO - ThreadPoolExecutor-0_0 - grpc_handler - [GRPC IN] ReceiveVectors processed successfully.
2025-11-18 17:23:07,553 - INFO - ThreadPoolExecutor-0_0 - grpc_handler - [GRPC IN] ReceiveVectors called. ReqID: 75, Type: clustered, Count: 74
2025-11-18 17:23:07,554 - INFO - ThreadPoolExecutor-0_0 - server_logic - [Add Vectors] Processing 74 vectors. Sender Status: clustered. Current Node Status: clustered
2025-11-18 17:23:07,554 - INFO - ThreadPoolExecutor-0_0 - server_logic - [Add Vectors] Direct Insert: Storing 74 vectors in local Qdrant (Sender is clustered).
2025-11-18 17:23:07,606 - INFO - ThreadPoolExecutor-0_0 - httpx - HTTP Request: GET http://localhost:6357 "HTTP/1.1 200 OK"
2025-11-18 17:23:07,606 - INFO - ThreadPoolExecutor-0_0 - qdrant_module - [Qdrant] Attempting to insert 74 vectors into vectors on http://localhost:6357...
2025-11-18 17:23:07,617 - INFO - ThreadPoolExecutor-0_0 - qdrant_module - [Qdrant] Success: Inserted 74 vectors.
2025-11-18 17:23:07,618 - INFO - ThreadPoolExecutor-0_0 - grpc_handler - [GRPC IN] ReceiveVectors processed successfully.
2025-11-18 17:23:08,754 - INFO - ThreadPoolExecutor-0_0 - grpc_handler - [GRPC IN] ReceiveVectors called. ReqID: 76, Type: clustered, Count: 87
2025-11-18 17:23:08,756 - INFO - ThreadPoolExecutor-0_0 - server_logic - [Add Vectors] Processing 87 vectors. Sender Status: clustered. Current Node Status: clustered
2025-11-18 17:23:08,756 - INFO - ThreadPoolExecutor-0_0 - server_logic - [Add Vectors] Direct Insert: Storing 87 vectors in local Qdrant (Sender is clustered).
2025-11-18 17:23:08,808 - INFO - ThreadPoolExecutor-0_0 - httpx - HTTP Request: GET http://localhost:6357 "HTTP/1.1 200 OK"
2025-11-18 17:23:08,809 - INFO - ThreadPoolExecutor-0_0 - qdrant_module - [Qdrant] Attempting to insert 87 vectors into vectors on http://localhost:6357...
2025-11-18 17:23:08,824 - INFO - ThreadPoolExecutor-0_0 - qdrant_module - [Qdrant] Success: Inserted 87 vectors.
2025-11-18 17:23:08,825 - INFO - ThreadPoolExecutor-0_0 - grpc_handler - [GRPC IN] ReceiveVectors processed successfully.
2025-11-18 17:23:09,197 - INFO - MainThread - __main__ - API: /add called. ReqID: 77, Vectors: 256
2025-11-18 17:23:09,197 - INFO - MainThread - server_logic - [Client Request] Client wants to add 256 vectors. My Status: clustered
2025-11-18 17:23:09,197 - INFO - MainThread - server_logic - [Client Request] System Clustered. Routing vectors to appropriate peers.
2025-11-18 17:23:09,197 - INFO - MainThread - server_logic - [Router] Routing 256 vectors among 16 nodes (Replicas: 4).
2025-11-18 17:23:09,197 - INFO - MainThread - server_logic - [DEBUG] found replica for vector: 1
2025-11-18 17:23:09,197 - INFO - MainThread - server_logic - [DEBUG] found replica for vector: 2
2025-11-18 17:23:09,197 - INFO - MainThread - server_logic - [DEBUG] found replica for vector: 3
2025-11-18 17:23:09,197 - INFO - MainThread - server_logic - [DEBUG] to me replica for vector: 3
2025-11-18 17:23:09,197 - INFO - MainThread - server_logic - [DEBUG] found replica for vector: 1
2025-11-18 17:23:09,197 - INFO - MainThread - server_logic - [DEBUG] found replica for vector: 2
2025-11-18 17:23:09,197 - INFO - MainThread - server_logic - [DEBUG] found replica for vector: 3
2025-11-18 17:23:09,197 - INFO - MainThread - server_logic - [DEBUG] to me replica for vector: 3
2025-11-18 17:23:09,197 - INFO - MainThread - server_logic - [DEBUG] found replica for vector: 1
2025-11-18 17:23:09,197 - INFO - MainThread - server_logic - [DEBUG] found replica for vector: 2
2025-11-18 17:23:09,197 - INFO - MainThread - server_logic - [DEBUG] found replica for vector: 3
2025-11-18 17:23:09,197 - INFO - MainThread - server_logic - [DEBUG] to me replica for vector: 3
2025-11-18 17:23:09,197 - INFO - MainThread - server_logic - [DEBUG] found replica for vector: 1
2025-11-18 17:23:09,197 - INFO - MainThread - server_logic - [DEBUG] found replica for vector: 2
2025-11-18 17:23:09,197 - INFO - MainThread - server_logic - [DEBUG] found replica for vector: 3
2025-11-18 17:23:09,197 - INFO - MainThread - server_logic - [DEBUG] to me replica for vector: 3
2025-11-18 17:23:09,197 - INFO - MainThread - server_logic - [DEBUG] found replica for vector: 1
2025-11-18 17:23:09,197 - INFO - MainThread - server_logic - [DEBUG] found replica for vector: 2
2025-11-18 17:23:09,197 - INFO - MainThread - server_logic - [DEBUG] found replica for vector: 3
2025-11-18 17:23:09,197 - INFO - MainThread - server_logic - [DEBUG] found replica for vector: 4
2025-11-18 17:23:09,197 - INFO - MainThread - server_logic - [DEBUG] found replica for vector: 1
2025-11-18 17:23:09,197 - INFO - MainThread - server_logic - [DEBUG] found replica for vector: 2
2025-11-18 17:23:09,197 - INFO - MainThread - server_logic - [DEBUG] found replica for vector: 3
2025-11-18 17:23:09,197 - INFO - MainThread - server_logic - [DEBUG] found replica for vector: 4
2025-11-18 17:23:09,197 - INFO - MainThread - server_logic - [DEBUG] found replica for vector: 1
2025-11-18 17:23:09,198 - INFO - MainThread - server_logic - [DEBUG] found replica for vector: 2
2025-11-18 17:23:09,198 - INFO - MainThread - server_logic - [DEBUG] found replica for vector: 3
2025-11-18 17:23:09,198 - INFO - MainThread - server_logic - [DEBUG] found replica for vector: 4
2025-11-18 17:23:09,198 - INFO - MainThread - server_logic - [DEBUG] found replica for vector: 1
2025-11-18 17:23:09,198 - INFO - MainThread - server_logic - [DEBUG] found replica for vector: 2
2025-11-18 17:23:09,198 - INFO - MainThread - server_logic - [DEBUG] found replica for vector: 3
2025-11-18 17:23:09,198 - INFO - MainThread - server_logic - [DEBUG] to me replica for vector: 3
2025-11-18 17:23:09,198 - INFO - MainThread - server_logic - [DEBUG] found replica for vector: 1
2025-11-18 17:23:09,198 - INFO - MainThread - server_logic - [DEBUG] found replica for vector: 2
2025-11-18 17:23:09,198 - INFO - MainThread - server_logic - [DEBUG] found replica for vector: 3
2025-11-18 17:23:09,198 - INFO - MainThread - server_logic - [DEBUG] found replica for vector: 4
2025-11-18 17:23:09,198 - INFO - MainThread - server_logic - [DEBUG] found replica for vector: 1
2025-11-18 17:23:09,198 - INFO - MainThread - server_logic - [DEBUG] found replica for vector: 2
2025-11-18 17:23:09,198 - INFO - MainThread - server_logic - [DEBUG] found replica for vector: 3
2025-11-18 17:23:09,198 - INFO - MainThread - server_logic - [DEBUG] found replica for vector: 4
2025-11-18 17:23:09,198 - INFO - MainThread - server_logic - [DEBUG] found replica for vector: 1
2025-11-18 17:23:09,198 - INFO - MainThread - server_logic - [DEBUG] found replica for vector: 2
2025-11-18 17:23:09,198 - INFO - MainThread - server_logic - [DEBUG] found replica for vector: 3
2025-11-18 17:23:09,198 - INFO - MainThread - server_logic - [DEBUG] found replica for vector: 4
2025-11-18 17:23:09,198 - INFO - MainThread - server_logic - [DEBUG] found replica for vector: 1
2025-11-18 17:23:09,198 - INFO - MainThread - server_logic - [DEBUG] found replica for vector: 2
2025-11-18 17:23:09,198 - INFO - MainThread - server_logic - [DEBUG] found replica for vector: 3
2025-11-18 17:23:09,198 - INFO - MainThread - server_logic - [DEBUG] found replica for vector: 4
2025-11-18 17:23:09,198 - INFO - MainThread - server_logic - [DEBUG] found replica for vector: 1
2025-11-18 17:23:09,198 - INFO - MainThread - server_logic - [DEBUG] found replica for vector: 2
2025-11-18 17:23:09,198 - INFO - MainThread - server_logic - [DEBUG] found replica for vector: 3
2025-11-18 17:23:09,198 - INFO - MainThread - server_logic - [DEBUG] found replica for vector: 4
2025-11-18 17:23:09,198 - INFO - MainThread - server_logic - [DEBUG] found replica for vector: 1
2025-11-18 17:23:09,198 - INFO - MainThread - server_logic - [DEBUG] found replica for vector: 2
2025-11-18 17:23:09,198 - INFO - MainThread - server_logic - [DEBUG] found replica for vector: 3
2025-11-18 17:23:09,198 - INFO - MainThread - server_logic - [DEBUG] found replica for vector: 4
2025-11-18 17:23:09,198 - INFO - MainThread - server_logic - [DEBUG] found replica for vector: 1
2025-11-18 17:23:09,198 - INFO - MainThread - server_logic - [DEBUG] found replica for vector: 2
2025-11-18 17:23:09,198 - INFO - MainThread - server_logic - [DEBUG] found replica for vector: 3
2025-11-18 17:23:09,198 - INFO - MainThread - server_logic - [DEBUG] found replica for vector: 4
2025-11-18 17:23:09,198 - INFO - MainThread - server_logic - [DEBUG] found replica for vector: 1
2025-11-18 17:23:09,198 - INFO - MainThread - server_logic - [DEBUG] found replica for vector: 2
2025-11-18 17:23:09,198 - INFO - MainThread - server_logic - [DEBUG] found replica for vector: 3
2025-11-18 17:23:09,198 - INFO - MainThread - server_logic - [DEBUG] to me replica for vector: 3
2025-11-18 17:23:09,198 - INFO - MainThread - server_logic - [DEBUG] found replica for vector: 1
2025-11-18 17:23:09,198 - INFO - MainThread - server_logic - [DEBUG] found replica for vector: 2
2025-11-18 17:23:09,198 - INFO - MainThread - server_logic - [DEBUG] found replica for vector: 3
2025-11-18 17:23:09,198 - INFO - MainThread - server_logic - [DEBUG] found replica for vector: 4
2025-11-18 17:23:09,198 - INFO - MainThread - server_logic - [DEBUG] found replica for vector: 1
2025-11-18 17:23:09,198 - INFO - MainThread - server_logic - [DEBUG] found replica for vector: 2
2025-11-18 17:23:09,198 - INFO - MainThread - server_logic - [DEBUG] found replica for vector: 3
2025-11-18 17:23:09,198 - INFO - MainThread - server_logic - [DEBUG] found replica for vector: 4
2025-11-18 17:23:09,198 - INFO - MainThread - server_logic - [DEBUG] found replica for vector: 1
2025-11-18 17:23:09,198 - INFO - MainThread - server_logic - [DEBUG] found replica for vector: 2
2025-11-18 17:23:09,198 - INFO - MainThread - server_logic - [DEBUG] found replica for vector: 3
2025-11-18 17:23:09,198 - INFO - MainThread - server_logic - [DEBUG] found replica for vector: 4
2025-11-18 17:23:09,198 - INFO - MainThread - server_logic - [DEBUG] found replica for vector: 1
2025-11-18 17:23:09,198 - INFO - MainThread - server_logic - [DEBUG] found replica for vector: 2
2025-11-18 17:23:09,198 - INFO - MainThread - server_logic - [DEBUG] found replica for vector: 3
2025-11-18 17:23:09,198 - INFO - MainThread - server_logic - [DEBUG] to me replica for vector: 3
2025-11-18 17:23:09,199 - INFO - MainThread - server_logic - [DEBUG] found replica for vector: 1
2025-11-18 17:23:09,199 - INFO - MainThread - server_logic - [DEBUG] found replica for vector: 2
2025-11-18 17:23:09,199 - INFO - MainThread - server_logic - [DEBUG] found replica for vector: 3
2025-11-18 17:23:09,199 - INFO - MainThread - server_logic - [DEBUG] found replica for vector: 4
2025-11-18 17:23:09,199 - INFO - MainThread - server_logic - [DEBUG] found replica for vector: 1
2025-11-18 17:23:09,199 - INFO - MainThread - server_logic - [DEBUG] found replica for vector: 2
2025-11-18 17:23:09,199 - INFO - MainThread - server_logic - [DEBUG] found replica for vector: 3
2025-11-18 17:23:09,199 - INFO - MainThread - server_logic - [DEBUG] found replica for vector: 4
2025-11-18 17:23:09,199 - INFO - MainThread - server_logic - [DEBUG] found replica for vector: 1
2025-11-18 17:23:09,199 - INFO - MainThread - server_logic - [DEBUG] found replica for vector: 2
2025-11-18 17:23:09,199 - INFO - MainThread - server_logic - [DEBUG] found replica for vector: 3
2025-11-18 17:23:09,199 - INFO - MainThread - server_logic - [DEBUG] found replica for vector: 4
2025-11-18 17:23:09,199 - INFO - MainThread - server_logic - [DEBUG] found replica for vector: 1
2025-11-18 17:23:09,199 - INFO - MainThread - server_logic - [DEBUG] found replica for vector: 2
2025-11-18 17:23:09,199 - INFO - MainThread - server_logic - [DEBUG] found replica for vector: 3
2025-11-18 17:23:09,199 - INFO - MainThread - server_logic - [DEBUG] found replica for vector: 4
2025-11-18 17:23:09,199 - INFO - MainThread - server_logic - [DEBUG] found replica for vector: 1
2025-11-18 17:23:09,199 - INFO - MainThread - server_logic - [DEBUG] found replica for vector: 2
2025-11-18 17:23:09,199 - INFO - MainThread - server_logic - [DEBUG] found replica for vector: 3
2025-11-18 17:23:09,199 - INFO - MainThread - server_logic - [DEBUG] found replica for vector: 4
2025-11-18 17:23:09,199 - INFO - MainThread - server_logic - [DEBUG] found replica for vector: 1
2025-11-18 17:23:09,199 - INFO - MainThread - server_logic - [DEBUG] found replica for vector: 2
2025-11-18 17:23:09,199 - INFO - MainThread - server_logic - [DEBUG] found replica for vector: 3
2025-11-18 17:23:09,199 - INFO - MainThread - server_logic - [DEBUG] found replica for vector: 4
2025-11-18 17:23:09,199 - INFO - MainThread - server_logic - [DEBUG] found replica for vector: 1
2025-11-18 17:23:09,199 - INFO - MainThread - server_logic - [DEBUG] found replica for vector: 2
2025-11-18 17:23:09,199 - INFO - MainThread - server_logic - [DEBUG] found replica for vector: 3
2025-11-18 17:23:09,199 - INFO - MainThread - server_logic - [DEBUG] found replica for vector: 4
2025-11-18 17:23:09,199 - INFO - MainThread - server_logic - [DEBUG] found replica for vector: 1
2025-11-18 17:23:09,199 - INFO - MainThread - server_logic - [DEBUG] found replica for vector: 2
2025-11-18 17:23:09,199 - INFO - MainThread - server_logic - [DEBUG] found replica for vector: 3
2025-11-18 17:23:09,199 - INFO - MainThread - server_logic - [DEBUG] found replica for vector: 4
2025-11-18 17:23:09,199 - INFO - MainThread - server_logic - [DEBUG] found replica for vector: 1
2025-11-18 17:23:09,199 - INFO - MainThread - server_logic - [DEBUG] found replica for vector: 2
2025-11-18 17:23:09,199 - INFO - MainThread - server_logic - [DEBUG] found replica for vector: 3
2025-11-18 17:23:09,199 - INFO - MainThread - server_logic - [DEBUG] found replica for vector: 4
2025-11-18 17:23:09,199 - INFO - MainThread - server_logic - [DEBUG] found replica for vector: 1
2025-11-18 17:23:09,199 - INFO - MainThread - server_logic - [DEBUG] found replica for vector: 2
2025-11-18 17:23:09,199 - INFO - MainThread - server_logic - [DEBUG] found replica for vector: 3
2025-11-18 17:23:09,199 - INFO - MainThread - server_logic - [DEBUG] to me replica for vector: 3
2025-11-18 17:23:09,199 - INFO - MainThread - server_logic - [DEBUG] found replica for vector: 1
2025-11-18 17:23:09,199 - INFO - MainThread - server_logic - [DEBUG] found replica for vector: 2
2025-11-18 17:23:09,199 - INFO - MainThread - server_logic - [DEBUG] found replica for vector: 3
2025-11-18 17:23:09,199 - INFO - MainThread - server_logic - [DEBUG] to me replica for vector: 3
2025-11-18 17:23:09,199 - INFO - MainThread - server_logic - [DEBUG] found replica for vector: 1
2025-11-18 17:23:09,199 - INFO - MainThread - server_logic - [DEBUG] found replica for vector: 2
2025-11-18 17:23:09,199 - INFO - MainThread - server_logic - [DEBUG] found replica for vector: 3
2025-11-18 17:23:09,199 - INFO - MainThread - server_logic - [DEBUG] to me replica for vector: 3
2025-11-18 17:23:09,199 - INFO - MainThread - server_logic - [DEBUG] found replica for vector: 1
2025-11-18 17:23:09,199 - INFO - MainThread - server_logic - [DEBUG] found replica for vector: 2
2025-11-18 17:23:09,199 - INFO - MainThread - server_logic - [DEBUG] found replica for vector: 3
2025-11-18 17:23:09,199 - INFO - MainThread - server_logic - [DEBUG] to me replica for vector: 3
2025-11-18 17:23:09,199 - INFO - MainThread - server_logic - [DEBUG] found replica for vector: 1
2025-11-18 17:23:09,199 - INFO - MainThread - server_logic - [DEBUG] found replica for vector: 2
2025-11-18 17:23:09,199 - INFO - MainThread - server_logic - [DEBUG] found replica for vector: 3
2025-11-18 17:23:09,200 - INFO - MainThread - server_logic - [DEBUG] found replica for vector: 4
2025-11-18 17:23:09,200 - INFO - MainThread - server_logic - [DEBUG] found replica for vector: 1
2025-11-18 17:23:09,200 - INFO - MainThread - server_logic - [DEBUG] found replica for vector: 2
2025-11-18 17:23:09,200 - INFO - MainThread - server_logic - [DEBUG] found replica for vector: 3
2025-11-18 17:23:09,200 - INFO - MainThread - server_logic - [DEBUG] to me replica for vector: 3
2025-11-18 17:23:09,200 - INFO - MainThread - server_logic - [DEBUG] found replica for vector: 1
2025-11-18 17:23:09,200 - INFO - MainThread - server_logic - [DEBUG] found replica for vector: 2
2025-11-18 17:23:09,200 - INFO - MainThread - server_logic - [DEBUG] found replica for vector: 3
2025-11-18 17:23:09,200 - INFO - MainThread - server_logic - [DEBUG] found replica for vector: 4
2025-11-18 17:23:09,200 - INFO - MainThread - server_logic - [DEBUG] found replica for vector: 1
2025-11-18 17:23:09,200 - INFO - MainThread - server_logic - [DEBUG] found replica for vector: 2
2025-11-18 17:23:09,200 - INFO - MainThread - server_logic - [DEBUG] found replica for vector: 3
2025-11-18 17:23:09,200 - INFO - MainThread - server_logic - [DEBUG] found replica for vector: 4
2025-11-18 17:23:09,200 - INFO - MainThread - server_logic - [DEBUG] found replica for vector: 1
2025-11-18 17:23:09,200 - INFO - MainThread - server_logic - [DEBUG] found replica for vector: 2
2025-11-18 17:23:09,200 - INFO - MainThread - server_logic - [DEBUG] found replica for vector: 3
2025-11-18 17:23:09,200 - INFO - MainThread - server_logic - [DEBUG] found replica for vector: 4
2025-11-18 17:23:09,200 - INFO - MainThread - server_logic - [DEBUG] found replica for vector: 1
2025-11-18 17:23:09,200 - INFO - MainThread - server_logic - [DEBUG] found replica for vector: 2
2025-11-18 17:23:09,200 - INFO - MainThread - server_logic - [DEBUG] found replica for vector: 3
2025-11-18 17:23:09,200 - INFO - MainThread - server_logic - [DEBUG] found replica for vector: 4
2025-11-18 17:23:09,200 - INFO - MainThread - server_logic - [DEBUG] found replica for vector: 1
2025-11-18 17:23:09,200 - INFO - MainThread - server_logic - [DEBUG] found replica for vector: 2
2025-11-18 17:23:09,200 - INFO - MainThread - server_logic - [DEBUG] found replica for vector: 3
2025-11-18 17:23:09,200 - INFO - MainThread - server_logic - [DEBUG] found replica for vector: 4
2025-11-18 17:23:09,200 - INFO - MainThread - server_logic - [DEBUG] found replica for vector: 1
2025-11-18 17:23:09,200 - INFO - MainThread - server_logic - [DEBUG] found replica for vector: 2
2025-11-18 17:23:09,200 - INFO - MainThread - server_logic - [DEBUG] found replica for vector: 3
2025-11-18 17:23:09,200 - INFO - MainThread - server_logic - [DEBUG] found replica for vector: 4
2025-11-18 17:23:09,200 - INFO - MainThread - server_logic - [DEBUG] found replica for vector: 1
2025-11-18 17:23:09,200 - INFO - MainThread - server_logic - [DEBUG] found replica for vector: 2
2025-11-18 17:23:09,200 - INFO - MainThread - server_logic - [DEBUG] found replica for vector: 3
2025-11-18 17:23:09,200 - INFO - MainThread - server_logic - [DEBUG] to me replica for vector: 3
2025-11-18 17:23:09,200 - INFO - MainThread - server_logic - [DEBUG] found replica for vector: 1
2025-11-18 17:23:09,200 - INFO - MainThread - server_logic - [DEBUG] found replica for vector: 2
2025-11-18 17:23:09,200 - INFO - MainThread - server_logic - [DEBUG] found replica for vector: 3
2025-11-18 17:23:09,200 - INFO - MainThread - server_logic - [DEBUG] to me replica for vector: 3
2025-11-18 17:23:09,200 - INFO - MainThread - server_logic - [DEBUG] found replica for vector: 1
2025-11-18 17:23:09,200 - INFO - MainThread - server_logic - [DEBUG] found replica for vector: 2
2025-11-18 17:23:09,200 - INFO - MainThread - server_logic - [DEBUG] found replica for vector: 3
2025-11-18 17:23:09,200 - INFO - MainThread - server_logic - [DEBUG] to me replica for vector: 3
2025-11-18 17:23:09,200 - INFO - MainThread - server_logic - [DEBUG] found replica for vector: 1
2025-11-18 17:23:09,200 - INFO - MainThread - server_logic - [DEBUG] found replica for vector: 2
2025-11-18 17:23:09,200 - INFO - MainThread - server_logic - [DEBUG] found replica for vector: 3
2025-11-18 17:23:09,200 - INFO - MainThread - server_logic - [DEBUG] to me replica for vector: 3
2025-11-18 17:23:09,200 - INFO - MainThread - server_logic - [DEBUG] found replica for vector: 1
2025-11-18 17:23:09,200 - INFO - MainThread - server_logic - [DEBUG] found replica for vector: 2
2025-11-18 17:23:09,200 - INFO - MainThread - server_logic - [DEBUG] found replica for vector: 3
2025-11-18 17:23:09,200 - INFO - MainThread - server_logic - [DEBUG] found replica for vector: 4
2025-11-18 17:23:09,200 - INFO - MainThread - server_logic - [DEBUG] found replica for vector: 1
2025-11-18 17:23:09,200 - INFO - MainThread - server_logic - [DEBUG] found replica for vector: 2
2025-11-18 17:23:09,200 - INFO - MainThread - server_logic - [DEBUG] found replica for vector: 3
2025-11-18 17:23:09,200 - INFO - MainThread - server_logic - [DEBUG] found replica for vector: 4
2025-11-18 17:23:09,200 - INFO - MainThread - server_logic - [DEBUG] found replica for vector: 1
2025-11-18 17:23:09,200 - INFO - MainThread - server_logic - [DEBUG] found replica for vector: 2
2025-11-18 17:23:09,201 - INFO - MainThread - server_logic - [DEBUG] found replica for vector: 3
2025-11-18 17:23:09,201 - INFO - MainThread - server_logic - [DEBUG] found replica for vector: 4
2025-11-18 17:23:09,201 - INFO - MainThread - server_logic - [DEBUG] found replica for vector: 1
2025-11-18 17:23:09,201 - INFO - MainThread - server_logic - [DEBUG] found replica for vector: 2
2025-11-18 17:23:09,201 - INFO - MainThread - server_logic - [DEBUG] found replica for vector: 3
2025-11-18 17:23:09,201 - INFO - MainThread - server_logic - [DEBUG] to me replica for vector: 3
2025-11-18 17:23:09,201 - INFO - MainThread - server_logic - [DEBUG] found replica for vector: 1
2025-11-18 17:23:09,201 - INFO - MainThread - server_logic - [DEBUG] found replica for vector: 2
2025-11-18 17:23:09,201 - INFO - MainThread - server_logic - [DEBUG] found replica for vector: 3
2025-11-18 17:23:09,201 - INFO - MainThread - server_logic - [DEBUG] to me replica for vector: 3
2025-11-18 17:23:09,201 - INFO - MainThread - server_logic - [DEBUG] found replica for vector: 1
2025-11-18 17:23:09,201 - INFO - MainThread - server_logic - [DEBUG] found replica for vector: 2
2025-11-18 17:23:09,201 - INFO - MainThread - server_logic - [DEBUG] found replica for vector: 3
2025-11-18 17:23:09,201 - INFO - MainThread - server_logic - [DEBUG] found replica for vector: 4
2025-11-18 17:23:09,201 - INFO - MainThread - server_logic - [DEBUG] found replica for vector: 1
2025-11-18 17:23:09,201 - INFO - MainThread - server_logic - [DEBUG] found replica for vector: 2
2025-11-18 17:23:09,201 - INFO - MainThread - server_logic - [DEBUG] found replica for vector: 3
2025-11-18 17:23:09,201 - INFO - MainThread - server_logic - [DEBUG] found replica for vector: 4
2025-11-18 17:23:09,201 - INFO - MainThread - server_logic - [DEBUG] found replica for vector: 1
2025-11-18 17:23:09,201 - INFO - MainThread - server_logic - [DEBUG] found replica for vector: 2
2025-11-18 17:23:09,201 - INFO - MainThread - server_logic - [DEBUG] found replica for vector: 3
2025-11-18 17:23:09,201 - INFO - MainThread - server_logic - [DEBUG] found replica for vector: 4
2025-11-18 17:23:09,201 - INFO - MainThread - server_logic - [DEBUG] found replica for vector: 1
2025-11-18 17:23:09,201 - INFO - MainThread - server_logic - [DEBUG] found replica for vector: 2
2025-11-18 17:23:09,201 - INFO - MainThread - server_logic - [DEBUG] found replica for vector: 3
2025-11-18 17:23:09,201 - INFO - MainThread - server_logic - [DEBUG] to me replica for vector: 3
2025-11-18 17:23:09,201 - INFO - MainThread - server_logic - [DEBUG] found replica for vector: 1
2025-11-18 17:23:09,201 - INFO - MainThread - server_logic - [DEBUG] found replica for vector: 2
2025-11-18 17:23:09,201 - INFO - MainThread - server_logic - [DEBUG] found replica for vector: 3
2025-11-18 17:23:09,201 - INFO - MainThread - server_logic - [DEBUG] found replica for vector: 4
2025-11-18 17:23:09,201 - INFO - MainThread - server_logic - [DEBUG] found replica for vector: 1
2025-11-18 17:23:09,201 - INFO - MainThread - server_logic - [DEBUG] found replica for vector: 2
2025-11-18 17:23:09,201 - INFO - MainThread - server_logic - [DEBUG] found replica for vector: 3
2025-11-18 17:23:09,201 - INFO - MainThread - server_logic - [DEBUG] found replica for vector: 4
2025-11-18 17:23:09,201 - INFO - MainThread - server_logic - [DEBUG] found replica for vector: 1
2025-11-18 17:23:09,201 - INFO - MainThread - server_logic - [DEBUG] found replica for vector: 2
2025-11-18 17:23:09,201 - INFO - MainThread - server_logic - [DEBUG] found replica for vector: 3
2025-11-18 17:23:09,201 - INFO - MainThread - server_logic - [DEBUG] found replica for vector: 4
2025-11-18 17:23:09,201 - INFO - MainThread - server_logic - [DEBUG] found replica for vector: 1
2025-11-18 17:23:09,201 - INFO - MainThread - server_logic - [DEBUG] found replica for vector: 2
2025-11-18 17:23:09,201 - INFO - MainThread - server_logic - [DEBUG] found replica for vector: 3
2025-11-18 17:23:09,201 - INFO - MainThread - server_logic - [DEBUG] to me replica for vector: 3
2025-11-18 17:23:09,201 - INFO - MainThread - server_logic - [DEBUG] found replica for vector: 1
2025-11-18 17:23:09,201 - INFO - MainThread - server_logic - [DEBUG] found replica for vector: 2
2025-11-18 17:23:09,201 - INFO - MainThread - server_logic - [DEBUG] found replica for vector: 3
2025-11-18 17:23:09,201 - INFO - MainThread - server_logic - [DEBUG] found replica for vector: 4
2025-11-18 17:23:09,201 - INFO - MainThread - server_logic - [DEBUG] found replica for vector: 1
2025-11-18 17:23:09,201 - INFO - MainThread - server_logic - [DEBUG] found replica for vector: 2
2025-11-18 17:23:09,201 - INFO - MainThread - server_logic - [DEBUG] found replica for vector: 3
2025-11-18 17:23:09,201 - INFO - MainThread - server_logic - [DEBUG] found replica for vector: 4
2025-11-18 17:23:09,201 - INFO - MainThread - server_logic - [DEBUG] found replica for vector: 1
2025-11-18 17:23:09,201 - INFO - MainThread - server_logic - [DEBUG] found replica for vector: 2
2025-11-18 17:23:09,201 - INFO - MainThread - server_logic - [DEBUG] found replica for vector: 3
2025-11-18 17:23:09,201 - INFO - MainThread - server_logic - [DEBUG] to me replica for vector: 3
2025-11-18 17:23:09,202 - INFO - MainThread - server_logic - [DEBUG] found replica for vector: 1
2025-11-18 17:23:09,202 - INFO - MainThread - server_logic - [DEBUG] found replica for vector: 2
2025-11-18 17:23:09,202 - INFO - MainThread - server_logic - [DEBUG] found replica for vector: 3
2025-11-18 17:23:09,202 - INFO - MainThread - server_logic - [DEBUG] to me replica for vector: 3
2025-11-18 17:23:09,202 - INFO - MainThread - server_logic - [DEBUG] found replica for vector: 1
2025-11-18 17:23:09,202 - INFO - MainThread - server_logic - [DEBUG] found replica for vector: 2
2025-11-18 17:23:09,202 - INFO - MainThread - server_logic - [DEBUG] found replica for vector: 3
2025-11-18 17:23:09,202 - INFO - MainThread - server_logic - [DEBUG] to me replica for vector: 3
2025-11-18 17:23:09,202 - INFO - MainThread - server_logic - [DEBUG] found replica for vector: 1
2025-11-18 17:23:09,202 - INFO - MainThread - server_logic - [DEBUG] found replica for vector: 2
2025-11-18 17:23:09,202 - INFO - MainThread - server_logic - [DEBUG] found replica for vector: 3
2025-11-18 17:23:09,202 - INFO - MainThread - server_logic - [DEBUG] found replica for vector: 4
2025-11-18 17:23:09,202 - INFO - MainThread - server_logic - [DEBUG] found replica for vector: 1
2025-11-18 17:23:09,202 - INFO - MainThread - server_logic - [DEBUG] found replica for vector: 2
2025-11-18 17:23:09,202 - INFO - MainThread - server_logic - [DEBUG] found replica for vector: 3
2025-11-18 17:23:09,202 - INFO - MainThread - server_logic - [DEBUG] found replica for vector: 4
2025-11-18 17:23:09,202 - INFO - MainThread - server_logic - [DEBUG] found replica for vector: 1
2025-11-18 17:23:09,202 - INFO - MainThread - server_logic - [DEBUG] found replica for vector: 2
2025-11-18 17:23:09,202 - INFO - MainThread - server_logic - [DEBUG] found replica for vector: 3
2025-11-18 17:23:09,202 - INFO - MainThread - server_logic - [DEBUG] to me replica for vector: 3
2025-11-18 17:23:09,202 - INFO - MainThread - server_logic - [DEBUG] found replica for vector: 1
2025-11-18 17:23:09,202 - INFO - MainThread - server_logic - [DEBUG] found replica for vector: 2
2025-11-18 17:23:09,202 - INFO - MainThread - server_logic - [DEBUG] found replica for vector: 3
2025-11-18 17:23:09,202 - INFO - MainThread - server_logic - [DEBUG] found replica for vector: 4
2025-11-18 17:23:09,202 - INFO - MainThread - server_logic - [DEBUG] found replica for vector: 1
2025-11-18 17:23:09,202 - INFO - MainThread - server_logic - [DEBUG] found replica for vector: 2
2025-11-18 17:23:09,202 - INFO - MainThread - server_logic - [DEBUG] found replica for vector: 3
2025-11-18 17:23:09,202 - INFO - MainThread - server_logic - [DEBUG] found replica for vector: 4
2025-11-18 17:23:09,202 - INFO - MainThread - server_logic - [DEBUG] found replica for vector: 1
2025-11-18 17:23:09,202 - INFO - MainThread - server_logic - [DEBUG] found replica for vector: 2
2025-11-18 17:23:09,202 - INFO - MainThread - server_logic - [DEBUG] found replica for vector: 3
2025-11-18 17:23:09,202 - INFO - MainThread - server_logic - [DEBUG] found replica for vector: 4
2025-11-18 17:23:09,202 - INFO - MainThread - server_logic - [DEBUG] found replica for vector: 1
2025-11-18 17:23:09,202 - INFO - MainThread - server_logic - [DEBUG] found replica for vector: 2
2025-11-18 17:23:09,202 - INFO - MainThread - server_logic - [DEBUG] found replica for vector: 3
2025-11-18 17:23:09,202 - INFO - MainThread - server_logic - [DEBUG] found replica for vector: 4
2025-11-18 17:23:09,202 - INFO - MainThread - server_logic - [DEBUG] found replica for vector: 1
2025-11-18 17:23:09,202 - INFO - MainThread - server_logic - [DEBUG] found replica for vector: 2
2025-11-18 17:23:09,202 - INFO - MainThread - server_logic - [DEBUG] found replica for vector: 3
2025-11-18 17:23:09,202 - INFO - MainThread - server_logic - [DEBUG] found replica for vector: 4
2025-11-18 17:23:09,202 - INFO - MainThread - server_logic - [DEBUG] found replica for vector: 1
2025-11-18 17:23:09,202 - INFO - MainThread - server_logic - [DEBUG] found replica for vector: 2
2025-11-18 17:23:09,202 - INFO - MainThread - server_logic - [DEBUG] found replica for vector: 3
2025-11-18 17:23:09,202 - INFO - MainThread - server_logic - [DEBUG] to me replica for vector: 3
2025-11-18 17:23:09,202 - INFO - MainThread - server_logic - [DEBUG] found replica for vector: 1
2025-11-18 17:23:09,202 - INFO - MainThread - server_logic - [DEBUG] found replica for vector: 2
2025-11-18 17:23:09,202 - INFO - MainThread - server_logic - [DEBUG] found replica for vector: 3
2025-11-18 17:23:09,202 - INFO - MainThread - server_logic - [DEBUG] found replica for vector: 4
2025-11-18 17:23:09,202 - INFO - MainThread - server_logic - [DEBUG] found replica for vector: 1
2025-11-18 17:23:09,202 - INFO - MainThread - server_logic - [DEBUG] found replica for vector: 2
2025-11-18 17:23:09,202 - INFO - MainThread - server_logic - [DEBUG] found replica for vector: 3
2025-11-18 17:23:09,202 - INFO - MainThread - server_logic - [DEBUG] found replica for vector: 4
2025-11-18 17:23:09,202 - INFO - MainThread - server_logic - [DEBUG] found replica for vector: 1
2025-11-18 17:23:09,202 - INFO - MainThread - server_logic - [DEBUG] found replica for vector: 2
2025-11-18 17:23:09,202 - INFO - MainThread - server_logic - [DEBUG] found replica for vector: 3
2025-11-18 17:23:09,202 - INFO - MainThread - server_logic - [DEBUG] found replica for vector: 4
2025-11-18 17:23:09,203 - INFO - MainThread - server_logic - [DEBUG] found replica for vector: 1
2025-11-18 17:23:09,203 - INFO - MainThread - server_logic - [DEBUG] found replica for vector: 2
2025-11-18 17:23:09,203 - INFO - MainThread - server_logic - [DEBUG] found replica for vector: 3
2025-11-18 17:23:09,203 - INFO - MainThread - server_logic - [DEBUG] to me replica for vector: 3
2025-11-18 17:23:09,203 - INFO - MainThread - server_logic - [DEBUG] found replica for vector: 1
2025-11-18 17:23:09,203 - INFO - MainThread - server_logic - [DEBUG] found replica for vector: 2
2025-11-18 17:23:09,203 - INFO - MainThread - server_logic - [DEBUG] found replica for vector: 3
2025-11-18 17:23:09,203 - INFO - MainThread - server_logic - [DEBUG] found replica for vector: 4
2025-11-18 17:23:09,203 - INFO - MainThread - server_logic - [DEBUG] found replica for vector: 1
2025-11-18 17:23:09,203 - INFO - MainThread - server_logic - [DEBUG] found replica for vector: 2
2025-11-18 17:23:09,203 - INFO - MainThread - server_logic - [DEBUG] found replica for vector: 3
2025-11-18 17:23:09,203 - INFO - MainThread - server_logic - [DEBUG] found replica for vector: 4
2025-11-18 17:23:09,203 - INFO - MainThread - server_logic - [DEBUG] found replica for vector: 1
2025-11-18 17:23:09,203 - INFO - MainThread - server_logic - [DEBUG] found replica for vector: 2
2025-11-18 17:23:09,203 - INFO - MainThread - server_logic - [DEBUG] found replica for vector: 3
2025-11-18 17:23:09,203 - INFO - MainThread - server_logic - [DEBUG] found replica for vector: 4
2025-11-18 17:23:09,203 - INFO - MainThread - server_logic - [DEBUG] found replica for vector: 1
2025-11-18 17:23:09,203 - INFO - MainThread - server_logic - [DEBUG] found replica for vector: 2
2025-11-18 17:23:09,203 - INFO - MainThread - server_logic - [DEBUG] found replica for vector: 3
2025-11-18 17:23:09,203 - INFO - MainThread - server_logic - [DEBUG] found replica for vector: 4
2025-11-18 17:23:09,203 - INFO - MainThread - server_logic - [DEBUG] found replica for vector: 1
2025-11-18 17:23:09,203 - INFO - MainThread - server_logic - [DEBUG] found replica for vector: 2
2025-11-18 17:23:09,203 - INFO - MainThread - server_logic - [DEBUG] found replica for vector: 3
2025-11-18 17:23:09,203 - INFO - MainThread - server_logic - [DEBUG] found replica for vector: 4
2025-11-18 17:23:09,203 - INFO - MainThread - server_logic - [DEBUG] found replica for vector: 1
2025-11-18 17:23:09,203 - INFO - MainThread - server_logic - [DEBUG] found replica for vector: 2
2025-11-18 17:23:09,203 - INFO - MainThread - server_logic - [DEBUG] found replica for vector: 3
2025-11-18 17:23:09,203 - INFO - MainThread - server_logic - [DEBUG] found replica for vector: 4
2025-11-18 17:23:09,203 - INFO - MainThread - server_logic - [DEBUG] found replica for vector: 1
2025-11-18 17:23:09,203 - INFO - MainThread - server_logic - [DEBUG] found replica for vector: 2
2025-11-18 17:23:09,203 - INFO - MainThread - server_logic - [DEBUG] found replica for vector: 3
2025-11-18 17:23:09,203 - INFO - MainThread - server_logic - [DEBUG] found replica for vector: 4
2025-11-18 17:23:09,203 - INFO - MainThread - server_logic - [DEBUG] found replica for vector: 1
2025-11-18 17:23:09,203 - INFO - MainThread - server_logic - [DEBUG] found replica for vector: 2
2025-11-18 17:23:09,203 - INFO - MainThread - server_logic - [DEBUG] found replica for vector: 3
2025-11-18 17:23:09,203 - INFO - MainThread - server_logic - [DEBUG] found replica for vector: 4
2025-11-18 17:23:09,203 - INFO - MainThread - server_logic - [DEBUG] found replica for vector: 1
2025-11-18 17:23:09,203 - INFO - MainThread - server_logic - [DEBUG] found replica for vector: 2
2025-11-18 17:23:09,203 - INFO - MainThread - server_logic - [DEBUG] found replica for vector: 3
2025-11-18 17:23:09,203 - INFO - MainThread - server_logic - [DEBUG] found replica for vector: 4
2025-11-18 17:23:09,203 - INFO - MainThread - server_logic - [DEBUG] found replica for vector: 1
2025-11-18 17:23:09,203 - INFO - MainThread - server_logic - [DEBUG] found replica for vector: 2
2025-11-18 17:23:09,203 - INFO - MainThread - server_logic - [DEBUG] found replica for vector: 3
2025-11-18 17:23:09,203 - INFO - MainThread - server_logic - [DEBUG] found replica for vector: 4
2025-11-18 17:23:09,203 - INFO - MainThread - server_logic - [DEBUG] found replica for vector: 1
2025-11-18 17:23:09,203 - INFO - MainThread - server_logic - [DEBUG] found replica for vector: 2
2025-11-18 17:23:09,203 - INFO - MainThread - server_logic - [DEBUG] found replica for vector: 3
2025-11-18 17:23:09,203 - INFO - MainThread - server_logic - [DEBUG] found replica for vector: 4
2025-11-18 17:23:09,203 - INFO - MainThread - server_logic - [DEBUG] found replica for vector: 1
2025-11-18 17:23:09,203 - INFO - MainThread - server_logic - [DEBUG] found replica for vector: 2
2025-11-18 17:23:09,203 - INFO - MainThread - server_logic - [DEBUG] found replica for vector: 3
2025-11-18 17:23:09,203 - INFO - MainThread - server_logic - [DEBUG] to me replica for vector: 3
2025-11-18 17:23:09,203 - INFO - MainThread - server_logic - [DEBUG] found replica for vector: 1
2025-11-18 17:23:09,203 - INFO - MainThread - server_logic - [DEBUG] found replica for vector: 2
2025-11-18 17:23:09,203 - INFO - MainThread - server_logic - [DEBUG] found replica for vector: 3
2025-11-18 17:23:09,203 - INFO - MainThread - server_logic - [DEBUG] to me replica for vector: 3
2025-11-18 17:23:09,204 - INFO - MainThread - server_logic - [DEBUG] found replica for vector: 1
2025-11-18 17:23:09,204 - INFO - MainThread - server_logic - [DEBUG] found replica for vector: 2
2025-11-18 17:23:09,204 - INFO - MainThread - server_logic - [DEBUG] found replica for vector: 3
2025-11-18 17:23:09,204 - INFO - MainThread - server_logic - [DEBUG] to me replica for vector: 3
2025-11-18 17:23:09,204 - INFO - MainThread - server_logic - [DEBUG] found replica for vector: 1
2025-11-18 17:23:09,204 - INFO - MainThread - server_logic - [DEBUG] found replica for vector: 2
2025-11-18 17:23:09,204 - INFO - MainThread - server_logic - [DEBUG] found replica for vector: 3
2025-11-18 17:23:09,204 - INFO - MainThread - server_logic - [DEBUG] found replica for vector: 4
2025-11-18 17:23:09,204 - INFO - MainThread - server_logic - [DEBUG] found replica for vector: 1
2025-11-18 17:23:09,204 - INFO - MainThread - server_logic - [DEBUG] found replica for vector: 2
2025-11-18 17:23:09,204 - INFO - MainThread - server_logic - [DEBUG] found replica for vector: 3
2025-11-18 17:23:09,204 - INFO - MainThread - server_logic - [DEBUG] found replica for vector: 4
2025-11-18 17:23:09,204 - INFO - MainThread - server_logic - [DEBUG] found replica for vector: 1
2025-11-18 17:23:09,204 - INFO - MainThread - server_logic - [DEBUG] found replica for vector: 2
2025-11-18 17:23:09,204 - INFO - MainThread - server_logic - [DEBUG] found replica for vector: 3
2025-11-18 17:23:09,204 - INFO - MainThread - server_logic - [DEBUG] found replica for vector: 4
2025-11-18 17:23:09,204 - INFO - MainThread - server_logic - [DEBUG] found replica for vector: 1
2025-11-18 17:23:09,204 - INFO - MainThread - server_logic - [DEBUG] found replica for vector: 2
2025-11-18 17:23:09,204 - INFO - MainThread - server_logic - [DEBUG] found replica for vector: 3
2025-11-18 17:23:09,204 - INFO - MainThread - server_logic - [DEBUG] found replica for vector: 4
2025-11-18 17:23:09,204 - INFO - MainThread - server_logic - [DEBUG] found replica for vector: 1
2025-11-18 17:23:09,204 - INFO - MainThread - server_logic - [DEBUG] found replica for vector: 2
2025-11-18 17:23:09,204 - INFO - MainThread - server_logic - [DEBUG] found replica for vector: 3
2025-11-18 17:23:09,204 - INFO - MainThread - server_logic - [DEBUG] to me replica for vector: 3
2025-11-18 17:23:09,204 - INFO - MainThread - server_logic - [DEBUG] found replica for vector: 1
2025-11-18 17:23:09,204 - INFO - MainThread - server_logic - [DEBUG] found replica for vector: 2
2025-11-18 17:23:09,204 - INFO - MainThread - server_logic - [DEBUG] found replica for vector: 3
2025-11-18 17:23:09,204 - INFO - MainThread - server_logic - [DEBUG] found replica for vector: 4
2025-11-18 17:23:09,204 - INFO - MainThread - server_logic - [DEBUG] found replica for vector: 1
2025-11-18 17:23:09,204 - INFO - MainThread - server_logic - [DEBUG] found replica for vector: 2
2025-11-18 17:23:09,204 - INFO - MainThread - server_logic - [DEBUG] found replica for vector: 3
2025-11-18 17:23:09,204 - INFO - MainThread - server_logic - [DEBUG] to me replica for vector: 3
2025-11-18 17:23:09,204 - INFO - MainThread - server_logic - [DEBUG] found replica for vector: 1
2025-11-18 17:23:09,204 - INFO - MainThread - server_logic - [DEBUG] found replica for vector: 2
2025-11-18 17:23:09,204 - INFO - MainThread - server_logic - [DEBUG] found replica for vector: 3
2025-11-18 17:23:09,204 - INFO - MainThread - server_logic - [DEBUG] found replica for vector: 4
2025-11-18 17:23:09,204 - INFO - MainThread - server_logic - [DEBUG] found replica for vector: 1
2025-11-18 17:23:09,204 - INFO - MainThread - server_logic - [DEBUG] found replica for vector: 2
2025-11-18 17:23:09,204 - INFO - MainThread - server_logic - [DEBUG] found replica for vector: 3
2025-11-18 17:23:09,204 - INFO - MainThread - server_logic - [DEBUG] found replica for vector: 4
2025-11-18 17:23:09,204 - INFO - MainThread - server_logic - [DEBUG] found replica for vector: 1
2025-11-18 17:23:09,204 - INFO - MainThread - server_logic - [DEBUG] found replica for vector: 2
2025-11-18 17:23:09,204 - INFO - MainThread - server_logic - [DEBUG] found replica for vector: 3
2025-11-18 17:23:09,204 - INFO - MainThread - server_logic - [DEBUG] found replica for vector: 4
2025-11-18 17:23:09,204 - INFO - MainThread - server_logic - [DEBUG] found replica for vector: 1
2025-11-18 17:23:09,204 - INFO - MainThread - server_logic - [DEBUG] found replica for vector: 2
2025-11-18 17:23:09,204 - INFO - MainThread - server_logic - [DEBUG] found replica for vector: 3
2025-11-18 17:23:09,204 - INFO - MainThread - server_logic - [DEBUG] to me replica for vector: 3
2025-11-18 17:23:09,204 - INFO - MainThread - server_logic - [DEBUG] found replica for vector: 1
2025-11-18 17:23:09,204 - INFO - MainThread - server_logic - [DEBUG] found replica for vector: 2
2025-11-18 17:23:09,204 - INFO - MainThread - server_logic - [DEBUG] found replica for vector: 3
2025-11-18 17:23:09,204 - INFO - MainThread - server_logic - [DEBUG] to me replica for vector: 3
2025-11-18 17:23:09,204 - INFO - MainThread - server_logic - [DEBUG] found replica for vector: 1
2025-11-18 17:23:09,204 - INFO - MainThread - server_logic - [DEBUG] found replica for vector: 2
2025-11-18 17:23:09,204 - INFO - MainThread - server_logic - [DEBUG] found replica for vector: 3
2025-11-18 17:23:09,204 - INFO - MainThread - server_logic - [DEBUG] to me replica for vector: 3
2025-11-18 17:23:09,205 - INFO - MainThread - server_logic - [DEBUG] found replica for vector: 1
2025-11-18 17:23:09,205 - INFO - MainThread - server_logic - [DEBUG] found replica for vector: 2
2025-11-18 17:23:09,205 - INFO - MainThread - server_logic - [DEBUG] found replica for vector: 3
2025-11-18 17:23:09,205 - INFO - MainThread - server_logic - [DEBUG] found replica for vector: 4
2025-11-18 17:23:09,205 - INFO - MainThread - server_logic - [DEBUG] found replica for vector: 1
2025-11-18 17:23:09,205 - INFO - MainThread - server_logic - [DEBUG] found replica for vector: 2
2025-11-18 17:23:09,205 - INFO - MainThread - server_logic - [DEBUG] found replica for vector: 3
2025-11-18 17:23:09,205 - INFO - MainThread - server_logic - [DEBUG] found replica for vector: 4
2025-11-18 17:23:09,205 - INFO - MainThread - server_logic - [DEBUG] found replica for vector: 1
2025-11-18 17:23:09,205 - INFO - MainThread - server_logic - [DEBUG] found replica for vector: 2
2025-11-18 17:23:09,205 - INFO - MainThread - server_logic - [DEBUG] found replica for vector: 3
2025-11-18 17:23:09,205 - INFO - MainThread - server_logic - [DEBUG] found replica for vector: 4
2025-11-18 17:23:09,205 - INFO - MainThread - server_logic - [DEBUG] found replica for vector: 1
2025-11-18 17:23:09,205 - INFO - MainThread - server_logic - [DEBUG] found replica for vector: 2
2025-11-18 17:23:09,205 - INFO - MainThread - server_logic - [DEBUG] found replica for vector: 3
2025-11-18 17:23:09,205 - INFO - MainThread - server_logic - [DEBUG] found replica for vector: 4
2025-11-18 17:23:09,205 - INFO - MainThread - server_logic - [DEBUG] found replica for vector: 1
2025-11-18 17:23:09,205 - INFO - MainThread - server_logic - [DEBUG] found replica for vector: 2
2025-11-18 17:23:09,205 - INFO - MainThread - server_logic - [DEBUG] found replica for vector: 3
2025-11-18 17:23:09,205 - INFO - MainThread - server_logic - [DEBUG] found replica for vector: 4
2025-11-18 17:23:09,205 - INFO - MainThread - server_logic - [DEBUG] found replica for vector: 1
2025-11-18 17:23:09,205 - INFO - MainThread - server_logic - [DEBUG] found replica for vector: 2
2025-11-18 17:23:09,205 - INFO - MainThread - server_logic - [DEBUG] found replica for vector: 3
2025-11-18 17:23:09,205 - INFO - MainThread - server_logic - [DEBUG] found replica for vector: 4
2025-11-18 17:23:09,205 - INFO - MainThread - server_logic - [DEBUG] found replica for vector: 1
2025-11-18 17:23:09,205 - INFO - MainThread - server_logic - [DEBUG] found replica for vector: 2
2025-11-18 17:23:09,205 - INFO - MainThread - server_logic - [DEBUG] found replica for vector: 3
2025-11-18 17:23:09,205 - INFO - MainThread - server_logic - [DEBUG] found replica for vector: 4
2025-11-18 17:23:09,205 - INFO - MainThread - server_logic - [DEBUG] found replica for vector: 1
2025-11-18 17:23:09,205 - INFO - MainThread - server_logic - [DEBUG] found replica for vector: 2
2025-11-18 17:23:09,205 - INFO - MainThread - server_logic - [DEBUG] found replica for vector: 3
2025-11-18 17:23:09,205 - INFO - MainThread - server_logic - [DEBUG] to me replica for vector: 3
2025-11-18 17:23:09,205 - INFO - MainThread - server_logic - [DEBUG] found replica for vector: 1
2025-11-18 17:23:09,205 - INFO - MainThread - server_logic - [DEBUG] found replica for vector: 2
2025-11-18 17:23:09,205 - INFO - MainThread - server_logic - [DEBUG] found replica for vector: 3
2025-11-18 17:23:09,205 - INFO - MainThread - server_logic - [DEBUG] found replica for vector: 4
2025-11-18 17:23:09,205 - INFO - MainThread - server_logic - [DEBUG] found replica for vector: 1
2025-11-18 17:23:09,205 - INFO - MainThread - server_logic - [DEBUG] found replica for vector: 2
2025-11-18 17:23:09,205 - INFO - MainThread - server_logic - [DEBUG] found replica for vector: 3
2025-11-18 17:23:09,205 - INFO - MainThread - server_logic - [DEBUG] found replica for vector: 4
2025-11-18 17:23:09,205 - INFO - MainThread - server_logic - [DEBUG] found replica for vector: 1
2025-11-18 17:23:09,205 - INFO - MainThread - server_logic - [DEBUG] found replica for vector: 2
2025-11-18 17:23:09,205 - INFO - MainThread - server_logic - [DEBUG] found replica for vector: 3
2025-11-18 17:23:09,205 - INFO - MainThread - server_logic - [DEBUG] found replica for vector: 4
2025-11-18 17:23:09,205 - INFO - MainThread - server_logic - [DEBUG] found replica for vector: 1
2025-11-18 17:23:09,205 - INFO - MainThread - server_logic - [DEBUG] found replica for vector: 2
2025-11-18 17:23:09,205 - INFO - MainThread - server_logic - [DEBUG] found replica for vector: 3
2025-11-18 17:23:09,205 - INFO - MainThread - server_logic - [DEBUG] found replica for vector: 4
2025-11-18 17:23:09,205 - INFO - MainThread - server_logic - [DEBUG] found replica for vector: 1
2025-11-18 17:23:09,205 - INFO - MainThread - server_logic - [DEBUG] found replica for vector: 2
2025-11-18 17:23:09,205 - INFO - MainThread - server_logic - [DEBUG] found replica for vector: 3
2025-11-18 17:23:09,205 - INFO - MainThread - server_logic - [DEBUG] found replica for vector: 4
2025-11-18 17:23:09,205 - INFO - MainThread - server_logic - [DEBUG] found replica for vector: 1
2025-11-18 17:23:09,205 - INFO - MainThread - server_logic - [DEBUG] found replica for vector: 2
2025-11-18 17:23:09,205 - INFO - MainThread - server_logic - [DEBUG] found replica for vector: 3
2025-11-18 17:23:09,205 - INFO - MainThread - server_logic - [DEBUG] found replica for vector: 4
2025-11-18 17:23:09,206 - INFO - MainThread - server_logic - [DEBUG] found replica for vector: 1
2025-11-18 17:23:09,206 - INFO - MainThread - server_logic - [DEBUG] found replica for vector: 2
2025-11-18 17:23:09,206 - INFO - MainThread - server_logic - [DEBUG] found replica for vector: 3
2025-11-18 17:23:09,206 - INFO - MainThread - server_logic - [DEBUG] found replica for vector: 4
2025-11-18 17:23:09,206 - INFO - MainThread - server_logic - [DEBUG] found replica for vector: 1
2025-11-18 17:23:09,206 - INFO - MainThread - server_logic - [DEBUG] found replica for vector: 2
2025-11-18 17:23:09,206 - INFO - MainThread - server_logic - [DEBUG] found replica for vector: 3
2025-11-18 17:23:09,206 - INFO - MainThread - server_logic - [DEBUG] to me replica for vector: 3
2025-11-18 17:23:09,206 - INFO - MainThread - server_logic - [DEBUG] found replica for vector: 1
2025-11-18 17:23:09,206 - INFO - MainThread - server_logic - [DEBUG] found replica for vector: 2
2025-11-18 17:23:09,206 - INFO - MainThread - server_logic - [DEBUG] found replica for vector: 3
2025-11-18 17:23:09,206 - INFO - MainThread - server_logic - [DEBUG] found replica for vector: 4
2025-11-18 17:23:09,206 - INFO - MainThread - server_logic - [DEBUG] found replica for vector: 1
2025-11-18 17:23:09,206 - INFO - MainThread - server_logic - [DEBUG] found replica for vector: 2
2025-11-18 17:23:09,206 - INFO - MainThread - server_logic - [DEBUG] found replica for vector: 3
2025-11-18 17:23:09,206 - INFO - MainThread - server_logic - [DEBUG] to me replica for vector: 3
2025-11-18 17:23:09,206 - INFO - MainThread - server_logic - [DEBUG] found replica for vector: 1
2025-11-18 17:23:09,206 - INFO - MainThread - server_logic - [DEBUG] found replica for vector: 2
2025-11-18 17:23:09,206 - INFO - MainThread - server_logic - [DEBUG] found replica for vector: 3
2025-11-18 17:23:09,206 - INFO - MainThread - server_logic - [DEBUG] found replica for vector: 4
2025-11-18 17:23:09,206 - INFO - MainThread - server_logic - [DEBUG] found replica for vector: 1
2025-11-18 17:23:09,206 - INFO - MainThread - server_logic - [DEBUG] found replica for vector: 2
2025-11-18 17:23:09,206 - INFO - MainThread - server_logic - [DEBUG] found replica for vector: 3
2025-11-18 17:23:09,206 - INFO - MainThread - server_logic - [DEBUG] found replica for vector: 4
2025-11-18 17:23:09,206 - INFO - MainThread - server_logic - [DEBUG] found replica for vector: 1
2025-11-18 17:23:09,206 - INFO - MainThread - server_logic - [DEBUG] found replica for vector: 2
2025-11-18 17:23:09,206 - INFO - MainThread - server_logic - [DEBUG] found replica for vector: 3
2025-11-18 17:23:09,206 - INFO - MainThread - server_logic - [DEBUG] to me replica for vector: 3
2025-11-18 17:23:09,206 - INFO - MainThread - server_logic - [DEBUG] found replica for vector: 1
2025-11-18 17:23:09,206 - INFO - MainThread - server_logic - [DEBUG] found replica for vector: 2
2025-11-18 17:23:09,206 - INFO - MainThread - server_logic - [DEBUG] found replica for vector: 3
2025-11-18 17:23:09,206 - INFO - MainThread - server_logic - [DEBUG] found replica for vector: 4
2025-11-18 17:23:09,206 - INFO - MainThread - server_logic - [DEBUG] found replica for vector: 1
2025-11-18 17:23:09,206 - INFO - MainThread - server_logic - [DEBUG] found replica for vector: 2
2025-11-18 17:23:09,206 - INFO - MainThread - server_logic - [DEBUG] found replica for vector: 3
2025-11-18 17:23:09,206 - INFO - MainThread - server_logic - [DEBUG] found replica for vector: 4
2025-11-18 17:23:09,206 - INFO - MainThread - server_logic - [DEBUG] found replica for vector: 1
2025-11-18 17:23:09,206 - INFO - MainThread - server_logic - [DEBUG] found replica for vector: 2
2025-11-18 17:23:09,206 - INFO - MainThread - server_logic - [DEBUG] found replica for vector: 3
2025-11-18 17:23:09,206 - INFO - MainThread - server_logic - [DEBUG] to me replica for vector: 3
2025-11-18 17:23:09,206 - INFO - MainThread - server_logic - [DEBUG] found replica for vector: 1
2025-11-18 17:23:09,206 - INFO - MainThread - server_logic - [DEBUG] found replica for vector: 2
2025-11-18 17:23:09,206 - INFO - MainThread - server_logic - [DEBUG] found replica for vector: 3
2025-11-18 17:23:09,206 - INFO - MainThread - server_logic - [DEBUG] found replica for vector: 4
2025-11-18 17:23:09,206 - INFO - MainThread - server_logic - [DEBUG] found replica for vector: 1
2025-11-18 17:23:09,206 - INFO - MainThread - server_logic - [DEBUG] found replica for vector: 2
2025-11-18 17:23:09,206 - INFO - MainThread - server_logic - [DEBUG] found replica for vector: 3
2025-11-18 17:23:09,206 - INFO - MainThread - server_logic - [DEBUG] to me replica for vector: 3
2025-11-18 17:23:09,206 - INFO - MainThread - server_logic - [DEBUG] found replica for vector: 1
2025-11-18 17:23:09,206 - INFO - MainThread - server_logic - [DEBUG] found replica for vector: 2
2025-11-18 17:23:09,206 - INFO - MainThread - server_logic - [DEBUG] found replica for vector: 3
2025-11-18 17:23:09,206 - INFO - MainThread - server_logic - [DEBUG] to me replica for vector: 3
2025-11-18 17:23:09,206 - INFO - MainThread - server_logic - [DEBUG] found replica for vector: 1
2025-11-18 17:23:09,206 - INFO - MainThread - server_logic - [DEBUG] found replica for vector: 2
2025-11-18 17:23:09,206 - INFO - MainThread - server_logic - [DEBUG] found replica for vector: 3
2025-11-18 17:23:09,206 - INFO - MainThread - server_logic - [DEBUG] to me replica for vector: 3
2025-11-18 17:23:09,207 - INFO - MainThread - server_logic - [DEBUG] found replica for vector: 1
2025-11-18 17:23:09,207 - INFO - MainThread - server_logic - [DEBUG] found replica for vector: 2
2025-11-18 17:23:09,207 - INFO - MainThread - server_logic - [DEBUG] found replica for vector: 3
2025-11-18 17:23:09,207 - INFO - MainThread - server_logic - [DEBUG] found replica for vector: 4
2025-11-18 17:23:09,207 - INFO - MainThread - server_logic - [DEBUG] found replica for vector: 1
2025-11-18 17:23:09,207 - INFO - MainThread - server_logic - [DEBUG] found replica for vector: 2
2025-11-18 17:23:09,207 - INFO - MainThread - server_logic - [DEBUG] found replica for vector: 3
2025-11-18 17:23:09,207 - INFO - MainThread - server_logic - [DEBUG] found replica for vector: 4
2025-11-18 17:23:09,207 - INFO - MainThread - server_logic - [DEBUG] found replica for vector: 1
2025-11-18 17:23:09,207 - INFO - MainThread - server_logic - [DEBUG] found replica for vector: 2
2025-11-18 17:23:09,207 - INFO - MainThread - server_logic - [DEBUG] found replica for vector: 3
2025-11-18 17:23:09,207 - INFO - MainThread - server_logic - [DEBUG] found replica for vector: 4
2025-11-18 17:23:09,207 - INFO - MainThread - server_logic - [DEBUG] found replica for vector: 1
2025-11-18 17:23:09,207 - INFO - MainThread - server_logic - [DEBUG] found replica for vector: 2
2025-11-18 17:23:09,207 - INFO - MainThread - server_logic - [DEBUG] found replica for vector: 3
2025-11-18 17:23:09,207 - INFO - MainThread - server_logic - [DEBUG] to me replica for vector: 3
2025-11-18 17:23:09,207 - INFO - MainThread - server_logic - [DEBUG] found replica for vector: 1
2025-11-18 17:23:09,207 - INFO - MainThread - server_logic - [DEBUG] found replica for vector: 2
2025-11-18 17:23:09,207 - INFO - MainThread - server_logic - [DEBUG] found replica for vector: 3
2025-11-18 17:23:09,207 - INFO - MainThread - server_logic - [DEBUG] to me replica for vector: 3
2025-11-18 17:23:09,207 - INFO - MainThread - server_logic - [DEBUG] found replica for vector: 1
2025-11-18 17:23:09,207 - INFO - MainThread - server_logic - [DEBUG] found replica for vector: 2
2025-11-18 17:23:09,207 - INFO - MainThread - server_logic - [DEBUG] found replica for vector: 3
2025-11-18 17:23:09,207 - INFO - MainThread - server_logic - [DEBUG] to me replica for vector: 3
2025-11-18 17:23:09,207 - INFO - MainThread - server_logic - [DEBUG] found replica for vector: 1
2025-11-18 17:23:09,207 - INFO - MainThread - server_logic - [DEBUG] found replica for vector: 2
2025-11-18 17:23:09,207 - INFO - MainThread - server_logic - [DEBUG] found replica for vector: 3
2025-11-18 17:23:09,207 - INFO - MainThread - server_logic - [DEBUG] to me replica for vector: 3
2025-11-18 17:23:09,207 - INFO - MainThread - server_logic - [DEBUG] found replica for vector: 1
2025-11-18 17:23:09,207 - INFO - MainThread - server_logic - [DEBUG] found replica for vector: 2
2025-11-18 17:23:09,207 - INFO - MainThread - server_logic - [DEBUG] found replica for vector: 3
2025-11-18 17:23:09,207 - INFO - MainThread - server_logic - [DEBUG] found replica for vector: 4
2025-11-18 17:23:09,207 - INFO - MainThread - server_logic - [DEBUG] found replica for vector: 1
2025-11-18 17:23:09,207 - INFO - MainThread - server_logic - [DEBUG] found replica for vector: 2
2025-11-18 17:23:09,207 - INFO - MainThread - server_logic - [DEBUG] found replica for vector: 3
2025-11-18 17:23:09,207 - INFO - MainThread - server_logic - [DEBUG] found replica for vector: 4
2025-11-18 17:23:09,207 - INFO - MainThread - server_logic - [DEBUG] found replica for vector: 1
2025-11-18 17:23:09,207 - INFO - MainThread - server_logic - [DEBUG] found replica for vector: 2
2025-11-18 17:23:09,207 - INFO - MainThread - server_logic - [DEBUG] found replica for vector: 3
2025-11-18 17:23:09,207 - INFO - MainThread - server_logic - [DEBUG] to me replica for vector: 3
2025-11-18 17:23:09,207 - INFO - MainThread - server_logic - [DEBUG] found replica for vector: 1
2025-11-18 17:23:09,207 - INFO - MainThread - server_logic - [DEBUG] found replica for vector: 2
2025-11-18 17:23:09,207 - INFO - MainThread - server_logic - [DEBUG] found replica for vector: 3
2025-11-18 17:23:09,207 - INFO - MainThread - server_logic - [DEBUG] found replica for vector: 4
2025-11-18 17:23:09,207 - INFO - MainThread - server_logic - [DEBUG] found replica for vector: 1
2025-11-18 17:23:09,207 - INFO - MainThread - server_logic - [DEBUG] found replica for vector: 2
2025-11-18 17:23:09,207 - INFO - MainThread - server_logic - [DEBUG] found replica for vector: 3
2025-11-18 17:23:09,207 - INFO - MainThread - server_logic - [DEBUG] to me replica for vector: 3
2025-11-18 17:23:09,207 - INFO - MainThread - server_logic - [DEBUG] found replica for vector: 1
2025-11-18 17:23:09,207 - INFO - MainThread - server_logic - [DEBUG] found replica for vector: 2
2025-11-18 17:23:09,207 - INFO - MainThread - server_logic - [DEBUG] found replica for vector: 3
2025-11-18 17:23:09,207 - INFO - MainThread - server_logic - [DEBUG] to me replica for vector: 3
2025-11-18 17:23:09,207 - INFO - MainThread - server_logic - [DEBUG] found replica for vector: 1
2025-11-18 17:23:09,207 - INFO - MainThread - server_logic - [DEBUG] found replica for vector: 2
2025-11-18 17:23:09,207 - INFO - MainThread - server_logic - [DEBUG] found replica for vector: 3
2025-11-18 17:23:09,207 - INFO - MainThread - server_logic - [DEBUG] to me replica for vector: 3
2025-11-18 17:23:09,208 - INFO - MainThread - server_logic - [DEBUG] found replica for vector: 1
2025-11-18 17:23:09,208 - INFO - MainThread - server_logic - [DEBUG] found replica for vector: 2
2025-11-18 17:23:09,208 - INFO - MainThread - server_logic - [DEBUG] found replica for vector: 3
2025-11-18 17:23:09,208 - INFO - MainThread - server_logic - [DEBUG] found replica for vector: 4
2025-11-18 17:23:09,208 - INFO - MainThread - server_logic - [DEBUG] found replica for vector: 1
2025-11-18 17:23:09,208 - INFO - MainThread - server_logic - [DEBUG] found replica for vector: 2
2025-11-18 17:23:09,208 - INFO - MainThread - server_logic - [DEBUG] found replica for vector: 3
2025-11-18 17:23:09,208 - INFO - MainThread - server_logic - [DEBUG] to me replica for vector: 3
2025-11-18 17:23:09,208 - INFO - MainThread - server_logic - [DEBUG] found replica for vector: 1
2025-11-18 17:23:09,208 - INFO - MainThread - server_logic - [DEBUG] found replica for vector: 2
2025-11-18 17:23:09,208 - INFO - MainThread - server_logic - [DEBUG] found replica for vector: 3
2025-11-18 17:23:09,208 - INFO - MainThread - server_logic - [DEBUG] found replica for vector: 4
2025-11-18 17:23:09,208 - INFO - MainThread - server_logic - [DEBUG] found replica for vector: 1
2025-11-18 17:23:09,208 - INFO - MainThread - server_logic - [DEBUG] found replica for vector: 2
2025-11-18 17:23:09,208 - INFO - MainThread - server_logic - [DEBUG] found replica for vector: 3
2025-11-18 17:23:09,208 - INFO - MainThread - server_logic - [DEBUG] found replica for vector: 4
2025-11-18 17:23:09,208 - INFO - MainThread - server_logic - [DEBUG] found replica for vector: 1
2025-11-18 17:23:09,208 - INFO - MainThread - server_logic - [DEBUG] found replica for vector: 2
2025-11-18 17:23:09,208 - INFO - MainThread - server_logic - [DEBUG] found replica for vector: 3
2025-11-18 17:23:09,208 - INFO - MainThread - server_logic - [DEBUG] to me replica for vector: 3
2025-11-18 17:23:09,208 - INFO - MainThread - server_logic - [DEBUG] found replica for vector: 1
2025-11-18 17:23:09,208 - INFO - MainThread - server_logic - [DEBUG] found replica for vector: 2
2025-11-18 17:23:09,208 - INFO - MainThread - server_logic - [DEBUG] found replica for vector: 3
2025-11-18 17:23:09,208 - INFO - MainThread - server_logic - [DEBUG] to me replica for vector: 3
2025-11-18 17:23:09,208 - INFO - MainThread - server_logic - [DEBUG] found replica for vector: 1
2025-11-18 17:23:09,208 - INFO - MainThread - server_logic - [DEBUG] found replica for vector: 2
2025-11-18 17:23:09,208 - INFO - MainThread - server_logic - [DEBUG] found replica for vector: 3
2025-11-18 17:23:09,208 - INFO - MainThread - server_logic - [DEBUG] found replica for vector: 4
2025-11-18 17:23:09,208 - INFO - MainThread - server_logic - [DEBUG] found replica for vector: 1
2025-11-18 17:23:09,208 - INFO - MainThread - server_logic - [DEBUG] found replica for vector: 2
2025-11-18 17:23:09,208 - INFO - MainThread - server_logic - [DEBUG] found replica for vector: 3
2025-11-18 17:23:09,208 - INFO - MainThread - server_logic - [DEBUG] found replica for vector: 4
2025-11-18 17:23:09,208 - INFO - MainThread - server_logic - [DEBUG] found replica for vector: 1
2025-11-18 17:23:09,208 - INFO - MainThread - server_logic - [DEBUG] found replica for vector: 2
2025-11-18 17:23:09,208 - INFO - MainThread - server_logic - [DEBUG] found replica for vector: 3
2025-11-18 17:23:09,208 - INFO - MainThread - server_logic - [DEBUG] found replica for vector: 4
2025-11-18 17:23:09,208 - INFO - MainThread - server_logic - [DEBUG] found replica for vector: 1
2025-11-18 17:23:09,208 - INFO - MainThread - server_logic - [DEBUG] found replica for vector: 2
2025-11-18 17:23:09,208 - INFO - MainThread - server_logic - [DEBUG] found replica for vector: 3
2025-11-18 17:23:09,208 - INFO - MainThread - server_logic - [DEBUG] found replica for vector: 4
2025-11-18 17:23:09,208 - INFO - MainThread - server_logic - [DEBUG] found replica for vector: 1
2025-11-18 17:23:09,208 - INFO - MainThread - server_logic - [DEBUG] found replica for vector: 2
2025-11-18 17:23:09,208 - INFO - MainThread - server_logic - [DEBUG] found replica for vector: 3
2025-11-18 17:23:09,208 - INFO - MainThread - server_logic - [DEBUG] found replica for vector: 4
2025-11-18 17:23:09,208 - INFO - MainThread - server_logic - [DEBUG] found replica for vector: 1
2025-11-18 17:23:09,208 - INFO - MainThread - server_logic - [DEBUG] found replica for vector: 2
2025-11-18 17:23:09,208 - INFO - MainThread - server_logic - [DEBUG] found replica for vector: 3
2025-11-18 17:23:09,208 - INFO - MainThread - server_logic - [DEBUG] found replica for vector: 4
2025-11-18 17:23:09,208 - INFO - MainThread - server_logic - [DEBUG] found replica for vector: 1
2025-11-18 17:23:09,208 - INFO - MainThread - server_logic - [DEBUG] found replica for vector: 2
2025-11-18 17:23:09,208 - INFO - MainThread - server_logic - [DEBUG] found replica for vector: 3
2025-11-18 17:23:09,208 - INFO - MainThread - server_logic - [DEBUG] found replica for vector: 4
2025-11-18 17:23:09,208 - INFO - MainThread - server_logic - [DEBUG] found replica for vector: 1
2025-11-18 17:23:09,208 - INFO - MainThread - server_logic - [DEBUG] found replica for vector: 2
2025-11-18 17:23:09,208 - INFO - MainThread - server_logic - [DEBUG] found replica for vector: 3
2025-11-18 17:23:09,208 - INFO - MainThread - server_logic - [DEBUG] found replica for vector: 4
2025-11-18 17:23:09,208 - INFO - MainThread - server_logic - [DEBUG] found replica for vector: 1
2025-11-18 17:23:09,209 - INFO - MainThread - server_logic - [DEBUG] found replica for vector: 2
2025-11-18 17:23:09,209 - INFO - MainThread - server_logic - [DEBUG] found replica for vector: 3
2025-11-18 17:23:09,209 - INFO - MainThread - server_logic - [DEBUG] found replica for vector: 4
2025-11-18 17:23:09,209 - INFO - MainThread - server_logic - [DEBUG] found replica for vector: 1
2025-11-18 17:23:09,209 - INFO - MainThread - server_logic - [DEBUG] found replica for vector: 2
2025-11-18 17:23:09,209 - INFO - MainThread - server_logic - [DEBUG] found replica for vector: 3
2025-11-18 17:23:09,209 - INFO - MainThread - server_logic - [DEBUG] found replica for vector: 4
2025-11-18 17:23:09,209 - INFO - MainThread - server_logic - [DEBUG] found replica for vector: 1
2025-11-18 17:23:09,209 - INFO - MainThread - server_logic - [DEBUG] found replica for vector: 2
2025-11-18 17:23:09,209 - INFO - MainThread - server_logic - [DEBUG] found replica for vector: 3
2025-11-18 17:23:09,209 - INFO - MainThread - server_logic - [DEBUG] found replica for vector: 4
2025-11-18 17:23:09,209 - INFO - MainThread - server_logic - [DEBUG] found replica for vector: 1
2025-11-18 17:23:09,209 - INFO - MainThread - server_logic - [DEBUG] found replica for vector: 2
2025-11-18 17:23:09,209 - INFO - MainThread - server_logic - [DEBUG] found replica for vector: 3
2025-11-18 17:23:09,209 - INFO - MainThread - server_logic - [DEBUG] to me replica for vector: 3
2025-11-18 17:23:09,209 - INFO - MainThread - server_logic - [DEBUG] found replica for vector: 1
2025-11-18 17:23:09,209 - INFO - MainThread - server_logic - [DEBUG] found replica for vector: 2
2025-11-18 17:23:09,209 - INFO - MainThread - server_logic - [DEBUG] found replica for vector: 3
2025-11-18 17:23:09,209 - INFO - MainThread - server_logic - [DEBUG] found replica for vector: 4
2025-11-18 17:23:09,209 - INFO - MainThread - server_logic - [DEBUG] found replica for vector: 1
2025-11-18 17:23:09,209 - INFO - MainThread - server_logic - [DEBUG] found replica for vector: 2
2025-11-18 17:23:09,209 - INFO - MainThread - server_logic - [DEBUG] found replica for vector: 3
2025-11-18 17:23:09,209 - INFO - MainThread - server_logic - [DEBUG] found replica for vector: 4
2025-11-18 17:23:09,209 - INFO - MainThread - server_logic - [DEBUG] found replica for vector: 1
2025-11-18 17:23:09,209 - INFO - MainThread - server_logic - [DEBUG] found replica for vector: 2
2025-11-18 17:23:09,209 - INFO - MainThread - server_logic - [DEBUG] found replica for vector: 3
2025-11-18 17:23:09,209 - INFO - MainThread - server_logic - [DEBUG] found replica for vector: 4
2025-11-18 17:23:09,209 - INFO - MainThread - server_logic - [DEBUG] found replica for vector: 1
2025-11-18 17:23:09,209 - INFO - MainThread - server_logic - [DEBUG] found replica for vector: 2
2025-11-18 17:23:09,209 - INFO - MainThread - server_logic - [DEBUG] found replica for vector: 3
2025-11-18 17:23:09,209 - INFO - MainThread - server_logic - [DEBUG] to me replica for vector: 3
2025-11-18 17:23:09,209 - INFO - MainThread - server_logic - [DEBUG] found replica for vector: 1
2025-11-18 17:23:09,209 - INFO - MainThread - server_logic - [DEBUG] found replica for vector: 2
2025-11-18 17:23:09,209 - INFO - MainThread - server_logic - [DEBUG] found replica for vector: 3
2025-11-18 17:23:09,209 - INFO - MainThread - server_logic - [DEBUG] found replica for vector: 4
2025-11-18 17:23:09,209 - INFO - MainThread - server_logic - [DEBUG] found replica for vector: 1
2025-11-18 17:23:09,209 - INFO - MainThread - server_logic - [DEBUG] found replica for vector: 2
2025-11-18 17:23:09,209 - INFO - MainThread - server_logic - [DEBUG] found replica for vector: 3
2025-11-18 17:23:09,209 - INFO - MainThread - server_logic - [DEBUG] to me replica for vector: 3
2025-11-18 17:23:09,209 - INFO - MainThread - server_logic - [DEBUG] found replica for vector: 1
2025-11-18 17:23:09,209 - INFO - MainThread - server_logic - [DEBUG] found replica for vector: 2
2025-11-18 17:23:09,209 - INFO - MainThread - server_logic - [DEBUG] found replica for vector: 3
2025-11-18 17:23:09,209 - INFO - MainThread - server_logic - [DEBUG] found replica for vector: 4
2025-11-18 17:23:09,209 - INFO - MainThread - server_logic - [DEBUG] found replica for vector: 1
2025-11-18 17:23:09,209 - INFO - MainThread - server_logic - [DEBUG] found replica for vector: 2
2025-11-18 17:23:09,209 - INFO - MainThread - server_logic - [DEBUG] found replica for vector: 3
2025-11-18 17:23:09,209 - INFO - MainThread - server_logic - [DEBUG] found replica for vector: 4
2025-11-18 17:23:09,209 - INFO - MainThread - server_logic - [DEBUG] found replica for vector: 1
2025-11-18 17:23:09,209 - INFO - MainThread - server_logic - [DEBUG] found replica for vector: 2
2025-11-18 17:23:09,209 - INFO - MainThread - server_logic - [DEBUG] found replica for vector: 3
2025-11-18 17:23:09,209 - INFO - MainThread - server_logic - [DEBUG] found replica for vector: 4
2025-11-18 17:23:09,209 - INFO - MainThread - server_logic - [DEBUG] found replica for vector: 1
2025-11-18 17:23:09,209 - INFO - MainThread - server_logic - [DEBUG] found replica for vector: 2
2025-11-18 17:23:09,209 - INFO - MainThread - server_logic - [DEBUG] found replica for vector: 3
2025-11-18 17:23:09,209 - INFO - MainThread - server_logic - [DEBUG] found replica for vector: 4
2025-11-18 17:23:09,209 - INFO - MainThread - server_logic - [DEBUG] found replica for vector: 1
2025-11-18 17:23:09,210 - INFO - MainThread - server_logic - [DEBUG] found replica for vector: 2
2025-11-18 17:23:09,210 - INFO - MainThread - server_logic - [DEBUG] found replica for vector: 3
2025-11-18 17:23:09,210 - INFO - MainThread - server_logic - [DEBUG] to me replica for vector: 3
2025-11-18 17:23:09,210 - INFO - MainThread - server_logic - [DEBUG] found replica for vector: 1
2025-11-18 17:23:09,210 - INFO - MainThread - server_logic - [DEBUG] found replica for vector: 2
2025-11-18 17:23:09,210 - INFO - MainThread - server_logic - [DEBUG] found replica for vector: 3
2025-11-18 17:23:09,210 - INFO - MainThread - server_logic - [DEBUG] found replica for vector: 4
2025-11-18 17:23:09,210 - INFO - MainThread - server_logic - [DEBUG] found replica for vector: 1
2025-11-18 17:23:09,210 - INFO - MainThread - server_logic - [DEBUG] found replica for vector: 2
2025-11-18 17:23:09,210 - INFO - MainThread - server_logic - [DEBUG] found replica for vector: 3
2025-11-18 17:23:09,210 - INFO - MainThread - server_logic - [DEBUG] to me replica for vector: 3
2025-11-18 17:23:09,210 - INFO - MainThread - server_logic - [DEBUG] found replica for vector: 1
2025-11-18 17:23:09,210 - INFO - MainThread - server_logic - [DEBUG] found replica for vector: 2
2025-11-18 17:23:09,210 - INFO - MainThread - server_logic - [DEBUG] found replica for vector: 3
2025-11-18 17:23:09,210 - INFO - MainThread - server_logic - [DEBUG] found replica for vector: 4
2025-11-18 17:23:09,210 - INFO - MainThread - server_logic - [DEBUG] found replica for vector: 1
2025-11-18 17:23:09,210 - INFO - MainThread - server_logic - [DEBUG] found replica for vector: 2
2025-11-18 17:23:09,210 - INFO - MainThread - server_logic - [DEBUG] found replica for vector: 3
2025-11-18 17:23:09,210 - INFO - MainThread - server_logic - [DEBUG] to me replica for vector: 3
2025-11-18 17:23:09,210 - INFO - MainThread - server_logic - [DEBUG] found replica for vector: 1
2025-11-18 17:23:09,210 - INFO - MainThread - server_logic - [DEBUG] found replica for vector: 2
2025-11-18 17:23:09,210 - INFO - MainThread - server_logic - [DEBUG] found replica for vector: 3
2025-11-18 17:23:09,210 - INFO - MainThread - server_logic - [DEBUG] found replica for vector: 4
2025-11-18 17:23:09,210 - INFO - MainThread - server_logic - [DEBUG] found replica for vector: 1
2025-11-18 17:23:09,210 - INFO - MainThread - server_logic - [DEBUG] found replica for vector: 2
2025-11-18 17:23:09,210 - INFO - MainThread - server_logic - [DEBUG] found replica for vector: 3
2025-11-18 17:23:09,210 - INFO - MainThread - server_logic - [DEBUG] found replica for vector: 4
2025-11-18 17:23:09,210 - INFO - MainThread - server_logic - [DEBUG] found replica for vector: 1
2025-11-18 17:23:09,210 - INFO - MainThread - server_logic - [DEBUG] found replica for vector: 2
2025-11-18 17:23:09,210 - INFO - MainThread - server_logic - [DEBUG] found replica for vector: 3
2025-11-18 17:23:09,210 - INFO - MainThread - server_logic - [DEBUG] found replica for vector: 4
2025-11-18 17:23:09,210 - INFO - MainThread - server_logic - [DEBUG] found replica for vector: 1
2025-11-18 17:23:09,210 - INFO - MainThread - server_logic - [DEBUG] found replica for vector: 2
2025-11-18 17:23:09,210 - INFO - MainThread - server_logic - [DEBUG] found replica for vector: 3
2025-11-18 17:23:09,210 - INFO - MainThread - server_logic - [DEBUG] found replica for vector: 4
2025-11-18 17:23:09,210 - INFO - MainThread - server_logic - [DEBUG] found replica for vector: 1
2025-11-18 17:23:09,210 - INFO - MainThread - server_logic - [DEBUG] found replica for vector: 2
2025-11-18 17:23:09,210 - INFO - MainThread - server_logic - [DEBUG] found replica for vector: 3
2025-11-18 17:23:09,210 - INFO - MainThread - server_logic - [DEBUG] to me replica for vector: 3
2025-11-18 17:23:09,210 - INFO - MainThread - server_logic - [DEBUG] found replica for vector: 1
2025-11-18 17:23:09,210 - INFO - MainThread - server_logic - [DEBUG] found replica for vector: 2
2025-11-18 17:23:09,210 - INFO - MainThread - server_logic - [DEBUG] found replica for vector: 3
2025-11-18 17:23:09,210 - INFO - MainThread - server_logic - [DEBUG] to me replica for vector: 3
2025-11-18 17:23:09,210 - INFO - MainThread - server_logic - [DEBUG] found replica for vector: 1
2025-11-18 17:23:09,210 - INFO - MainThread - server_logic - [DEBUG] found replica for vector: 2
2025-11-18 17:23:09,210 - INFO - MainThread - server_logic - [DEBUG] found replica for vector: 3
2025-11-18 17:23:09,210 - INFO - MainThread - server_logic - [DEBUG] to me replica for vector: 3
2025-11-18 17:23:09,210 - INFO - MainThread - server_logic - [DEBUG] found replica for vector: 1
2025-11-18 17:23:09,210 - INFO - MainThread - server_logic - [DEBUG] found replica for vector: 2
2025-11-18 17:23:09,210 - INFO - MainThread - server_logic - [DEBUG] found replica for vector: 3
2025-11-18 17:23:09,210 - INFO - MainThread - server_logic - [DEBUG] to me replica for vector: 3
2025-11-18 17:23:09,210 - INFO - MainThread - server_logic - [DEBUG] found replica for vector: 1
2025-11-18 17:23:09,210 - INFO - MainThread - server_logic - [DEBUG] found replica for vector: 2
2025-11-18 17:23:09,210 - INFO - MainThread - server_logic - [DEBUG] found replica for vector: 3
2025-11-18 17:23:09,210 - INFO - MainThread - server_logic - [DEBUG] found replica for vector: 4
2025-11-18 17:23:09,210 - INFO - MainThread - server_logic - [DEBUG] found replica for vector: 1
2025-11-18 17:23:09,210 - INFO - MainThread - server_logic - [DEBUG] found replica for vector: 2
2025-11-18 17:23:09,211 - INFO - MainThread - server_logic - [DEBUG] found replica for vector: 3
2025-11-18 17:23:09,211 - INFO - MainThread - server_logic - [DEBUG] to me replica for vector: 3
2025-11-18 17:23:09,211 - INFO - MainThread - server_logic - [DEBUG] found replica for vector: 1
2025-11-18 17:23:09,211 - INFO - MainThread - server_logic - [DEBUG] found replica for vector: 2
2025-11-18 17:23:09,211 - INFO - MainThread - server_logic - [DEBUG] found replica for vector: 3
2025-11-18 17:23:09,211 - INFO - MainThread - server_logic - [DEBUG] found replica for vector: 4
2025-11-18 17:23:09,211 - INFO - MainThread - server_logic - [DEBUG] found replica for vector: 1
2025-11-18 17:23:09,211 - INFO - MainThread - server_logic - [DEBUG] found replica for vector: 2
2025-11-18 17:23:09,211 - INFO - MainThread - server_logic - [DEBUG] found replica for vector: 3
2025-11-18 17:23:09,211 - INFO - MainThread - server_logic - [DEBUG] to me replica for vector: 3
2025-11-18 17:23:09,211 - INFO - MainThread - server_logic - [DEBUG] found replica for vector: 1
2025-11-18 17:23:09,211 - INFO - MainThread - server_logic - [DEBUG] found replica for vector: 2
2025-11-18 17:23:09,211 - INFO - MainThread - server_logic - [DEBUG] found replica for vector: 3
2025-11-18 17:23:09,211 - INFO - MainThread - server_logic - [DEBUG] found replica for vector: 4
2025-11-18 17:23:09,211 - INFO - MainThread - server_logic - [DEBUG] found replica for vector: 1
2025-11-18 17:23:09,211 - INFO - MainThread - server_logic - [DEBUG] found replica for vector: 2
2025-11-18 17:23:09,211 - INFO - MainThread - server_logic - [DEBUG] found replica for vector: 3
2025-11-18 17:23:09,211 - INFO - MainThread - server_logic - [DEBUG] found replica for vector: 4
2025-11-18 17:23:09,211 - INFO - MainThread - server_logic - [DEBUG] found replica for vector: 1
2025-11-18 17:23:09,211 - INFO - MainThread - server_logic - [DEBUG] found replica for vector: 2
2025-11-18 17:23:09,211 - INFO - MainThread - server_logic - [DEBUG] found replica for vector: 3
2025-11-18 17:23:09,211 - INFO - MainThread - server_logic - [DEBUG] to me replica for vector: 3
2025-11-18 17:23:09,211 - INFO - MainThread - server_logic - [DEBUG] found replica for vector: 1
2025-11-18 17:23:09,211 - INFO - MainThread - server_logic - [DEBUG] found replica for vector: 2
2025-11-18 17:23:09,211 - INFO - MainThread - server_logic - [DEBUG] found replica for vector: 3
2025-11-18 17:23:09,211 - INFO - MainThread - server_logic - [DEBUG] to me replica for vector: 3
2025-11-18 17:23:09,211 - INFO - MainThread - server_logic - [DEBUG] found replica for vector: 1
2025-11-18 17:23:09,211 - INFO - MainThread - server_logic - [DEBUG] found replica for vector: 2
2025-11-18 17:23:09,211 - INFO - MainThread - server_logic - [DEBUG] found replica for vector: 3
2025-11-18 17:23:09,211 - INFO - MainThread - server_logic - [DEBUG] to me replica for vector: 3
2025-11-18 17:23:09,211 - INFO - MainThread - server_logic - [DEBUG] found replica for vector: 1
2025-11-18 17:23:09,211 - INFO - MainThread - server_logic - [DEBUG] found replica for vector: 2
2025-11-18 17:23:09,211 - INFO - MainThread - server_logic - [DEBUG] found replica for vector: 3
2025-11-18 17:23:09,211 - INFO - MainThread - server_logic - [DEBUG] to me replica for vector: 3
2025-11-18 17:23:09,211 - INFO - MainThread - server_logic - [DEBUG] found replica for vector: 1
2025-11-18 17:23:09,211 - INFO - MainThread - server_logic - [DEBUG] found replica for vector: 2
2025-11-18 17:23:09,211 - INFO - MainThread - server_logic - [DEBUG] found replica for vector: 3
2025-11-18 17:23:09,211 - INFO - MainThread - server_logic - [DEBUG] found replica for vector: 4
2025-11-18 17:23:09,211 - INFO - MainThread - server_logic - [DEBUG] found replica for vector: 1
2025-11-18 17:23:09,211 - INFO - MainThread - server_logic - [DEBUG] found replica for vector: 2
2025-11-18 17:23:09,211 - INFO - MainThread - server_logic - [DEBUG] found replica for vector: 3
2025-11-18 17:23:09,211 - INFO - MainThread - server_logic - [DEBUG] found replica for vector: 4
2025-11-18 17:23:09,211 - INFO - MainThread - server_logic - [DEBUG] found replica for vector: 1
2025-11-18 17:23:09,211 - INFO - MainThread - server_logic - [DEBUG] found replica for vector: 2
2025-11-18 17:23:09,211 - INFO - MainThread - server_logic - [DEBUG] found replica for vector: 3
2025-11-18 17:23:09,211 - INFO - MainThread - server_logic - [DEBUG] to me replica for vector: 3
2025-11-18 17:23:09,211 - INFO - MainThread - server_logic - [DEBUG] found replica for vector: 1
2025-11-18 17:23:09,211 - INFO - MainThread - server_logic - [DEBUG] found replica for vector: 2
2025-11-18 17:23:09,211 - INFO - MainThread - server_logic - [DEBUG] found replica for vector: 3
2025-11-18 17:23:09,211 - INFO - MainThread - server_logic - [DEBUG] found replica for vector: 4
2025-11-18 17:23:09,211 - INFO - MainThread - server_logic - [DEBUG] found replica for vector: 1
2025-11-18 17:23:09,211 - INFO - MainThread - server_logic - [DEBUG] found replica for vector: 2
2025-11-18 17:23:09,211 - INFO - MainThread - server_logic - [DEBUG] found replica for vector: 3
2025-11-18 17:23:09,211 - INFO - MainThread - server_logic - [DEBUG] found replica for vector: 4
2025-11-18 17:23:09,211 - INFO - MainThread - server_logic - [DEBUG] found replica for vector: 1
2025-11-18 17:23:09,211 - INFO - MainThread - server_logic - [DEBUG] found replica for vector: 2
2025-11-18 17:23:09,211 - INFO - MainThread - server_logic - [DEBUG] found replica for vector: 3
2025-11-18 17:23:09,212 - INFO - MainThread - server_logic - [DEBUG] found replica for vector: 4
2025-11-18 17:23:09,212 - INFO - MainThread - server_logic - [DEBUG] found replica for vector: 1
2025-11-18 17:23:09,212 - INFO - MainThread - server_logic - [DEBUG] found replica for vector: 2
2025-11-18 17:23:09,212 - INFO - MainThread - server_logic - [DEBUG] found replica for vector: 3
2025-11-18 17:23:09,212 - INFO - MainThread - server_logic - [DEBUG] to me replica for vector: 3
2025-11-18 17:23:09,212 - INFO - MainThread - server_logic - [DEBUG] found replica for vector: 1
2025-11-18 17:23:09,212 - INFO - MainThread - server_logic - [DEBUG] found replica for vector: 2
2025-11-18 17:23:09,212 - INFO - MainThread - server_logic - [DEBUG] found replica for vector: 3
2025-11-18 17:23:09,212 - INFO - MainThread - server_logic - [DEBUG] found replica for vector: 4
2025-11-18 17:23:09,212 - INFO - MainThread - server_logic - [DEBUG] found replica for vector: 1
2025-11-18 17:23:09,212 - INFO - MainThread - server_logic - [DEBUG] found replica for vector: 2
2025-11-18 17:23:09,212 - INFO - MainThread - server_logic - [DEBUG] found replica for vector: 3
2025-11-18 17:23:09,212 - INFO - MainThread - server_logic - [DEBUG] found replica for vector: 4
2025-11-18 17:23:09,212 - INFO - MainThread - server_logic - [DEBUG] found replica for vector: 1
2025-11-18 17:23:09,212 - INFO - MainThread - server_logic - [DEBUG] found replica for vector: 2
2025-11-18 17:23:09,212 - INFO - MainThread - server_logic - [DEBUG] found replica for vector: 3
2025-11-18 17:23:09,212 - INFO - MainThread - server_logic - [DEBUG] found replica for vector: 4
2025-11-18 17:23:09,212 - INFO - MainThread - server_logic - [DEBUG] found replica for vector: 1
2025-11-18 17:23:09,212 - INFO - MainThread - server_logic - [DEBUG] found replica for vector: 2
2025-11-18 17:23:09,212 - INFO - MainThread - server_logic - [DEBUG] found replica for vector: 3
2025-11-18 17:23:09,212 - INFO - MainThread - server_logic - [DEBUG] found replica for vector: 4
2025-11-18 17:23:09,212 - INFO - MainThread - server_logic - [DEBUG] found replica for vector: 1
2025-11-18 17:23:09,212 - INFO - MainThread - server_logic - [DEBUG] found replica for vector: 2
2025-11-18 17:23:09,212 - INFO - MainThread - server_logic - [DEBUG] found replica for vector: 3
2025-11-18 17:23:09,212 - INFO - MainThread - server_logic - [DEBUG] found replica for vector: 4
2025-11-18 17:23:09,212 - INFO - MainThread - server_logic - [DEBUG] found replica for vector: 1
2025-11-18 17:23:09,212 - INFO - MainThread - server_logic - [DEBUG] found replica for vector: 2
2025-11-18 17:23:09,212 - INFO - MainThread - server_logic - [DEBUG] found replica for vector: 3
2025-11-18 17:23:09,212 - INFO - MainThread - server_logic - [DEBUG] to me replica for vector: 3
2025-11-18 17:23:09,212 - INFO - MainThread - server_logic - [DEBUG] found replica for vector: 1
2025-11-18 17:23:09,212 - INFO - MainThread - server_logic - [DEBUG] found replica for vector: 2
2025-11-18 17:23:09,212 - INFO - MainThread - server_logic - [DEBUG] found replica for vector: 3
2025-11-18 17:23:09,212 - INFO - MainThread - server_logic - [DEBUG] to me replica for vector: 3
2025-11-18 17:23:09,212 - INFO - MainThread - server_logic - [DEBUG] found replica for vector: 1
2025-11-18 17:23:09,212 - INFO - MainThread - server_logic - [DEBUG] found replica for vector: 2
2025-11-18 17:23:09,212 - INFO - MainThread - server_logic - [DEBUG] found replica for vector: 3
2025-11-18 17:23:09,212 - INFO - MainThread - server_logic - [DEBUG] to me replica for vector: 3
2025-11-18 17:23:09,212 - INFO - MainThread - server_logic - [DEBUG] found replica for vector: 1
2025-11-18 17:23:09,212 - INFO - MainThread - server_logic - [DEBUG] found replica for vector: 2
2025-11-18 17:23:09,212 - INFO - MainThread - server_logic - [DEBUG] found replica for vector: 3
2025-11-18 17:23:09,212 - INFO - MainThread - server_logic - [DEBUG] found replica for vector: 4
2025-11-18 17:23:09,212 - INFO - MainThread - server_logic - [DEBUG] found replica for vector: 1
2025-11-18 17:23:09,212 - INFO - MainThread - server_logic - [DEBUG] found replica for vector: 2
2025-11-18 17:23:09,212 - INFO - MainThread - server_logic - [DEBUG] found replica for vector: 3
2025-11-18 17:23:09,212 - INFO - MainThread - server_logic - [DEBUG] to me replica for vector: 3
2025-11-18 17:23:09,212 - INFO - MainThread - server_logic - [DEBUG] found replica for vector: 1
2025-11-18 17:23:09,212 - INFO - MainThread - server_logic - [DEBUG] found replica for vector: 2
2025-11-18 17:23:09,212 - INFO - MainThread - server_logic - [DEBUG] found replica for vector: 3
2025-11-18 17:23:09,212 - INFO - MainThread - server_logic - [DEBUG] found replica for vector: 4
2025-11-18 17:23:09,212 - INFO - MainThread - server_logic - [DEBUG] found replica for vector: 1
2025-11-18 17:23:09,212 - INFO - MainThread - server_logic - [DEBUG] found replica for vector: 2
2025-11-18 17:23:09,212 - INFO - MainThread - server_logic - [DEBUG] found replica for vector: 3
2025-11-18 17:23:09,212 - INFO - MainThread - server_logic - [DEBUG] to me replica for vector: 3
2025-11-18 17:23:09,212 - INFO - MainThread - server_logic - [DEBUG] found replica for vector: 1
2025-11-18 17:23:09,212 - INFO - MainThread - server_logic - [DEBUG] found replica for vector: 2
2025-11-18 17:23:09,212 - INFO - MainThread - server_logic - [DEBUG] found replica for vector: 3
2025-11-18 17:23:09,212 - INFO - MainThread - server_logic - [DEBUG] found replica for vector: 4
2025-11-18 17:23:09,213 - INFO - MainThread - server_logic - [DEBUG] found replica for vector: 1
2025-11-18 17:23:09,213 - INFO - MainThread - server_logic - [DEBUG] found replica for vector: 2
2025-11-18 17:23:09,213 - INFO - MainThread - server_logic - [DEBUG] found replica for vector: 3
2025-11-18 17:23:09,213 - INFO - MainThread - server_logic - [DEBUG] found replica for vector: 4
2025-11-18 17:23:09,213 - INFO - MainThread - server_logic - [DEBUG] found replica for vector: 1
2025-11-18 17:23:09,213 - INFO - MainThread - server_logic - [DEBUG] found replica for vector: 2
2025-11-18 17:23:09,213 - INFO - MainThread - server_logic - [DEBUG] found replica for vector: 3
2025-11-18 17:23:09,213 - INFO - MainThread - server_logic - [DEBUG] to me replica for vector: 3
2025-11-18 17:23:09,213 - INFO - MainThread - server_logic - [DEBUG] found replica for vector: 1
2025-11-18 17:23:09,213 - INFO - MainThread - server_logic - [DEBUG] found replica for vector: 2
2025-11-18 17:23:09,213 - INFO - MainThread - server_logic - [DEBUG] found replica for vector: 3
2025-11-18 17:23:09,213 - INFO - MainThread - server_logic - [DEBUG] found replica for vector: 4
2025-11-18 17:23:09,213 - INFO - MainThread - server_logic - [DEBUG] found replica for vector: 1
2025-11-18 17:23:09,213 - INFO - MainThread - server_logic - [DEBUG] found replica for vector: 2
2025-11-18 17:23:09,213 - INFO - MainThread - server_logic - [DEBUG] found replica for vector: 3
2025-11-18 17:23:09,213 - INFO - MainThread - server_logic - [DEBUG] to me replica for vector: 3
2025-11-18 17:23:09,213 - INFO - MainThread - server_logic - [DEBUG] found replica for vector: 1
2025-11-18 17:23:09,213 - INFO - MainThread - server_logic - [DEBUG] found replica for vector: 2
2025-11-18 17:23:09,213 - INFO - MainThread - server_logic - [DEBUG] found replica for vector: 3
2025-11-18 17:23:09,213 - INFO - MainThread - server_logic - [DEBUG] found replica for vector: 4
2025-11-18 17:23:09,213 - INFO - MainThread - server_logic - [DEBUG] found replica for vector: 1
2025-11-18 17:23:09,213 - INFO - MainThread - server_logic - [DEBUG] found replica for vector: 2
2025-11-18 17:23:09,213 - INFO - MainThread - server_logic - [DEBUG] found replica for vector: 3
2025-11-18 17:23:09,213 - INFO - MainThread - server_logic - [DEBUG] found replica for vector: 4
2025-11-18 17:23:09,213 - INFO - MainThread - server_logic - [DEBUG] found replica for vector: 1
2025-11-18 17:23:09,213 - INFO - MainThread - server_logic - [DEBUG] found replica for vector: 2
2025-11-18 17:23:09,213 - INFO - MainThread - server_logic - [DEBUG] found replica for vector: 3
2025-11-18 17:23:09,213 - INFO - MainThread - server_logic - [DEBUG] to me replica for vector: 3
2025-11-18 17:23:09,213 - INFO - MainThread - server_logic - [DEBUG] found replica for vector: 1
2025-11-18 17:23:09,213 - INFO - MainThread - server_logic - [DEBUG] found replica for vector: 2
2025-11-18 17:23:09,213 - INFO - MainThread - server_logic - [DEBUG] found replica for vector: 3
2025-11-18 17:23:09,213 - INFO - MainThread - server_logic - [DEBUG] to me replica for vector: 3
2025-11-18 17:23:09,213 - INFO - MainThread - server_logic - [DEBUG] found replica for vector: 1
2025-11-18 17:23:09,213 - INFO - MainThread - server_logic - [DEBUG] found replica for vector: 2
2025-11-18 17:23:09,213 - INFO - MainThread - server_logic - [DEBUG] found replica for vector: 3
2025-11-18 17:23:09,213 - INFO - MainThread - server_logic - [DEBUG] to me replica for vector: 3
2025-11-18 17:23:09,213 - INFO - MainThread - server_logic - [DEBUG] found replica for vector: 1
2025-11-18 17:23:09,213 - INFO - MainThread - server_logic - [DEBUG] found replica for vector: 2
2025-11-18 17:23:09,213 - INFO - MainThread - server_logic - [DEBUG] found replica for vector: 3
2025-11-18 17:23:09,213 - INFO - MainThread - server_logic - [DEBUG] found replica for vector: 4
2025-11-18 17:23:09,213 - INFO - MainThread - server_logic - [DEBUG] found replica for vector: 1
2025-11-18 17:23:09,213 - INFO - MainThread - server_logic - [DEBUG] found replica for vector: 2
2025-11-18 17:23:09,213 - INFO - MainThread - server_logic - [DEBUG] found replica for vector: 3
2025-11-18 17:23:09,213 - INFO - MainThread - server_logic - [DEBUG] to me replica for vector: 3
2025-11-18 17:23:09,213 - INFO - MainThread - server_logic - [DEBUG] found replica for vector: 1
2025-11-18 17:23:09,213 - INFO - MainThread - server_logic - [DEBUG] found replica for vector: 2
2025-11-18 17:23:09,213 - INFO - MainThread - server_logic - [DEBUG] found replica for vector: 3
2025-11-18 17:23:09,213 - INFO - MainThread - server_logic - [DEBUG] to me replica for vector: 3
2025-11-18 17:23:09,213 - INFO - MainThread - server_logic - [DEBUG] found replica for vector: 1
2025-11-18 17:23:09,213 - INFO - MainThread - server_logic - [DEBUG] found replica for vector: 2
2025-11-18 17:23:09,213 - INFO - MainThread - server_logic - [DEBUG] found replica for vector: 3
2025-11-18 17:23:09,213 - INFO - MainThread - server_logic - [DEBUG] found replica for vector: 4
2025-11-18 17:23:09,213 - INFO - MainThread - server_logic - [DEBUG] found replica for vector: 1
2025-11-18 17:23:09,213 - INFO - MainThread - server_logic - [DEBUG] found replica for vector: 2
2025-11-18 17:23:09,213 - INFO - MainThread - server_logic - [DEBUG] found replica for vector: 3
2025-11-18 17:23:09,213 - INFO - MainThread - server_logic - [DEBUG] found replica for vector: 4
2025-11-18 17:23:09,213 - INFO - MainThread - server_logic - [DEBUG] found replica for vector: 1
2025-11-18 17:23:09,213 - INFO - MainThread - server_logic - [DEBUG] found replica for vector: 2
2025-11-18 17:23:09,214 - INFO - MainThread - server_logic - [DEBUG] found replica for vector: 3
2025-11-18 17:23:09,214 - INFO - MainThread - server_logic - [DEBUG] found replica for vector: 4
2025-11-18 17:23:09,214 - INFO - MainThread - server_logic - [DEBUG] found replica for vector: 1
2025-11-18 17:23:09,214 - INFO - MainThread - server_logic - [DEBUG] found replica for vector: 2
2025-11-18 17:23:09,214 - INFO - MainThread - server_logic - [DEBUG] found replica for vector: 3
2025-11-18 17:23:09,214 - INFO - MainThread - server_logic - [DEBUG] to me replica for vector: 3
2025-11-18 17:23:09,214 - INFO - MainThread - server_logic - [DEBUG] found replica for vector: 1
2025-11-18 17:23:09,214 - INFO - MainThread - server_logic - [DEBUG] found replica for vector: 2
2025-11-18 17:23:09,214 - INFO - MainThread - server_logic - [DEBUG] found replica for vector: 3
2025-11-18 17:23:09,214 - INFO - MainThread - server_logic - [DEBUG] found replica for vector: 4
2025-11-18 17:23:09,214 - INFO - MainThread - server_logic - [DEBUG] found replica for vector: 1
2025-11-18 17:23:09,214 - INFO - MainThread - server_logic - [DEBUG] found replica for vector: 2
2025-11-18 17:23:09,214 - INFO - MainThread - server_logic - [DEBUG] found replica for vector: 3
2025-11-18 17:23:09,214 - INFO - MainThread - server_logic - [DEBUG] found replica for vector: 4
2025-11-18 17:23:09,214 - INFO - MainThread - server_logic - [DEBUG] found replica for vector: 1
2025-11-18 17:23:09,214 - INFO - MainThread - server_logic - [DEBUG] found replica for vector: 2
2025-11-18 17:23:09,214 - INFO - MainThread - server_logic - [DEBUG] found replica for vector: 3
2025-11-18 17:23:09,214 - INFO - MainThread - server_logic - [DEBUG] found replica for vector: 4
2025-11-18 17:23:09,214 - INFO - MainThread - server_logic - [DEBUG] found replica for vector: 1
2025-11-18 17:23:09,214 - INFO - MainThread - server_logic - [DEBUG] found replica for vector: 2
2025-11-18 17:23:09,214 - INFO - MainThread - server_logic - [DEBUG] found replica for vector: 3
2025-11-18 17:23:09,214 - INFO - MainThread - server_logic - [DEBUG] found replica for vector: 4
2025-11-18 17:23:09,214 - INFO - MainThread - server_logic - [DEBUG] found replica for vector: 1
2025-11-18 17:23:09,214 - INFO - MainThread - server_logic - [DEBUG] found replica for vector: 2
2025-11-18 17:23:09,214 - INFO - MainThread - server_logic - [DEBUG] found replica for vector: 3
2025-11-18 17:23:09,214 - INFO - MainThread - server_logic - [DEBUG] to me replica for vector: 3
2025-11-18 17:23:09,214 - INFO - MainThread - server_logic - [DEBUG] found replica for vector: 1
2025-11-18 17:23:09,214 - INFO - MainThread - server_logic - [DEBUG] found replica for vector: 2
2025-11-18 17:23:09,214 - INFO - MainThread - server_logic - [DEBUG] found replica for vector: 3
2025-11-18 17:23:09,214 - INFO - MainThread - server_logic - [DEBUG] found replica for vector: 4
2025-11-18 17:23:09,214 - INFO - MainThread - server_logic - [DEBUG] found replica for vector: 1
2025-11-18 17:23:09,214 - INFO - MainThread - server_logic - [DEBUG] found replica for vector: 2
2025-11-18 17:23:09,214 - INFO - MainThread - server_logic - [DEBUG] found replica for vector: 3
2025-11-18 17:23:09,214 - INFO - MainThread - server_logic - [DEBUG] to me replica for vector: 3
2025-11-18 17:23:09,214 - INFO - MainThread - server_logic - [DEBUG] found replica for vector: 1
2025-11-18 17:23:09,214 - INFO - MainThread - server_logic - [DEBUG] found replica for vector: 2
2025-11-18 17:23:09,214 - INFO - MainThread - server_logic - [DEBUG] found replica for vector: 3
2025-11-18 17:23:09,214 - INFO - MainThread - server_logic - [DEBUG] found replica for vector: 4
2025-11-18 17:23:09,214 - INFO - MainThread - server_logic - [DEBUG] found replica for vector: 1
2025-11-18 17:23:09,214 - INFO - MainThread - server_logic - [DEBUG] found replica for vector: 2
2025-11-18 17:23:09,214 - INFO - MainThread - server_logic - [DEBUG] found replica for vector: 3
2025-11-18 17:23:09,214 - INFO - MainThread - server_logic - [DEBUG] found replica for vector: 4
2025-11-18 17:23:09,214 - INFO - MainThread - server_logic - [DEBUG] found replica for vector: 1
2025-11-18 17:23:09,214 - INFO - MainThread - server_logic - [DEBUG] found replica for vector: 2
2025-11-18 17:23:09,214 - INFO - MainThread - server_logic - [DEBUG] found replica for vector: 3
2025-11-18 17:23:09,214 - INFO - MainThread - server_logic - [DEBUG] found replica for vector: 4
2025-11-18 17:23:09,214 - INFO - MainThread - server_logic - [DEBUG] found replica for vector: 1
2025-11-18 17:23:09,214 - INFO - MainThread - server_logic - [DEBUG] found replica for vector: 2
2025-11-18 17:23:09,214 - INFO - MainThread - server_logic - [DEBUG] found replica for vector: 3
2025-11-18 17:23:09,214 - INFO - MainThread - server_logic - [DEBUG] found replica for vector: 4
2025-11-18 17:23:09,214 - INFO - MainThread - server_logic - [DEBUG] found replica for vector: 1
2025-11-18 17:23:09,214 - INFO - MainThread - server_logic - [DEBUG] found replica for vector: 2
2025-11-18 17:23:09,214 - INFO - MainThread - server_logic - [DEBUG] found replica for vector: 3
2025-11-18 17:23:09,214 - INFO - MainThread - server_logic - [DEBUG] to me replica for vector: 3
2025-11-18 17:23:09,214 - INFO - MainThread - server_logic - [DEBUG] found replica for vector: 1
2025-11-18 17:23:09,214 - INFO - MainThread - server_logic - [DEBUG] found replica for vector: 2
2025-11-18 17:23:09,214 - INFO - MainThread - server_logic - [DEBUG] found replica for vector: 3
2025-11-18 17:23:09,214 - INFO - MainThread - server_logic - [DEBUG] to me replica for vector: 3
2025-11-18 17:23:09,215 - INFO - MainThread - server_logic - [DEBUG] found replica for vector: 1
2025-11-18 17:23:09,215 - INFO - MainThread - server_logic - [DEBUG] found replica for vector: 2
2025-11-18 17:23:09,215 - INFO - MainThread - server_logic - [DEBUG] found replica for vector: 3
2025-11-18 17:23:09,215 - INFO - MainThread - server_logic - [DEBUG] found replica for vector: 4
2025-11-18 17:23:09,215 - INFO - MainThread - server_logic - [DEBUG] found replica for vector: 1
2025-11-18 17:23:09,215 - INFO - MainThread - server_logic - [DEBUG] found replica for vector: 2
2025-11-18 17:23:09,215 - INFO - MainThread - server_logic - [DEBUG] found replica for vector: 3
2025-11-18 17:23:09,215 - INFO - MainThread - server_logic - [DEBUG] to me replica for vector: 3
2025-11-18 17:23:09,215 - INFO - MainThread - server_logic - [DEBUG] found replica for vector: 1
2025-11-18 17:23:09,215 - INFO - MainThread - server_logic - [DEBUG] found replica for vector: 2
2025-11-18 17:23:09,215 - INFO - MainThread - server_logic - [DEBUG] found replica for vector: 3
2025-11-18 17:23:09,215 - INFO - MainThread - server_logic - [DEBUG] found replica for vector: 4
2025-11-18 17:23:09,215 - INFO - MainThread - server_logic - [DEBUG] found replica for vector: 1
2025-11-18 17:23:09,215 - INFO - MainThread - server_logic - [DEBUG] found replica for vector: 2
2025-11-18 17:23:09,215 - INFO - MainThread - server_logic - [DEBUG] found replica for vector: 3
2025-11-18 17:23:09,215 - INFO - MainThread - server_logic - [DEBUG] found replica for vector: 4
2025-11-18 17:23:09,215 - INFO - MainThread - server_logic - [DEBUG] found replica for vector: 1
2025-11-18 17:23:09,215 - INFO - MainThread - server_logic - [DEBUG] found replica for vector: 2
2025-11-18 17:23:09,215 - INFO - MainThread - server_logic - [DEBUG] found replica for vector: 3
2025-11-18 17:23:09,215 - INFO - MainThread - server_logic - [DEBUG] found replica for vector: 4
2025-11-18 17:23:09,215 - INFO - MainThread - server_logic - [DEBUG] found replica for vector: 1
2025-11-18 17:23:09,215 - INFO - MainThread - server_logic - [DEBUG] found replica for vector: 2
2025-11-18 17:23:09,215 - INFO - MainThread - server_logic - [DEBUG] found replica for vector: 3
2025-11-18 17:23:09,215 - INFO - MainThread - server_logic - [DEBUG] found replica for vector: 4
2025-11-18 17:23:09,215 - INFO - MainThread - server_logic - [DEBUG] found replica for vector: 1
2025-11-18 17:23:09,215 - INFO - MainThread - server_logic - [DEBUG] found replica for vector: 2
2025-11-18 17:23:09,215 - INFO - MainThread - server_logic - [DEBUG] found replica for vector: 3
2025-11-18 17:23:09,215 - INFO - MainThread - server_logic - [DEBUG] found replica for vector: 4
2025-11-18 17:23:09,215 - INFO - MainThread - server_logic - [DEBUG] found replica for vector: 1
2025-11-18 17:23:09,215 - INFO - MainThread - server_logic - [DEBUG] found replica for vector: 2
2025-11-18 17:23:09,215 - INFO - MainThread - server_logic - [DEBUG] found replica for vector: 3
2025-11-18 17:23:09,215 - INFO - MainThread - server_logic - [DEBUG] to me replica for vector: 3
2025-11-18 17:23:09,215 - INFO - MainThread - server_logic - [DEBUG] found replica for vector: 1
2025-11-18 17:23:09,215 - INFO - MainThread - server_logic - [DEBUG] found replica for vector: 2
2025-11-18 17:23:09,215 - INFO - MainThread - server_logic - [DEBUG] found replica for vector: 3
2025-11-18 17:23:09,215 - INFO - MainThread - server_logic - [DEBUG] to me replica for vector: 3
2025-11-18 17:23:09,215 - INFO - MainThread - server_logic - [DEBUG] found replica for vector: 1
2025-11-18 17:23:09,215 - INFO - MainThread - server_logic - [DEBUG] found replica for vector: 2
2025-11-18 17:23:09,215 - INFO - MainThread - server_logic - [DEBUG] found replica for vector: 3
2025-11-18 17:23:09,215 - INFO - MainThread - server_logic - [DEBUG] found replica for vector: 4
2025-11-18 17:23:09,215 - INFO - MainThread - server_logic - [DEBUG] found replica for vector: 1
2025-11-18 17:23:09,215 - INFO - MainThread - server_logic - [DEBUG] found replica for vector: 2
2025-11-18 17:23:09,215 - INFO - MainThread - server_logic - [DEBUG] found replica for vector: 3
2025-11-18 17:23:09,215 - INFO - MainThread - server_logic - [DEBUG] found replica for vector: 4
2025-11-18 17:23:09,215 - INFO - MainThread - server_logic - [Router] Distribution: Peer node1: 60, Peer node2: 56, Peer node3: 56, Peer node4: 56, Peer node5: 56, Peer node6: 49, Peer node7: 49, Peer node8: 49, Peer node9: 49, Peer node10: 91, Peer node11: 91, Peer node12: 91, Peer node14: 60, Peer node15: 60, Peer node16: 60, Me (node13): 91
2025-11-18 17:23:09,215 - INFO - MainThread - server_logic - --> [Peer Send] Sending 60 vectors to Peer node1 (localhost:9001) | Status: clustered
2025-11-18 17:23:09,283 - INFO - MainThread - server_logic - --> [Peer Send] Success: Sent vectors to node1
2025-11-18 17:23:09,283 - INFO - MainThread - server_logic - --> [Peer Send] Sending 56 vectors to Peer node2 (localhost:9002) | Status: clustered
2025-11-18 17:23:09,353 - INFO - MainThread - server_logic - --> [Peer Send] Success: Sent vectors to node2
2025-11-18 17:23:09,353 - INFO - MainThread - server_logic - --> [Peer Send] Sending 56 vectors to Peer node3 (localhost:9003) | Status: clustered
2025-11-18 17:23:09,422 - INFO - MainThread - server_logic - --> [Peer Send] Success: Sent vectors to node3
2025-11-18 17:23:09,422 - INFO - MainThread - server_logic - --> [Peer Send] Sending 56 vectors to Peer node4 (localhost:9004) | Status: clustered
2025-11-18 17:23:09,489 - INFO - MainThread - server_logic - --> [Peer Send] Success: Sent vectors to node4
2025-11-18 17:23:09,489 - INFO - MainThread - server_logic - --> [Peer Send] Sending 56 vectors to Peer node5 (localhost:9005) | Status: clustered
2025-11-18 17:23:09,556 - INFO - MainThread - server_logic - --> [Peer Send] Success: Sent vectors to node5
2025-11-18 17:23:09,556 - INFO - MainThread - server_logic - --> [Peer Send] Sending 49 vectors to Peer node6 (localhost:9006) | Status: clustered
2025-11-18 17:23:09,624 - INFO - MainThread - server_logic - --> [Peer Send] Success: Sent vectors to node6
2025-11-18 17:23:09,624 - INFO - MainThread - server_logic - --> [Peer Send] Sending 49 vectors to Peer node7 (localhost:9007) | Status: clustered
2025-11-18 17:23:09,691 - INFO - MainThread - server_logic - --> [Peer Send] Success: Sent vectors to node7
2025-11-18 17:23:09,691 - INFO - MainThread - server_logic - --> [Peer Send] Sending 49 vectors to Peer node8 (localhost:9008) | Status: clustered
2025-11-18 17:23:09,758 - INFO - MainThread - server_logic - --> [Peer Send] Success: Sent vectors to node8
2025-11-18 17:23:09,758 - INFO - MainThread - server_logic - --> [Peer Send] Sending 49 vectors to Peer node9 (localhost:9009) | Status: clustered
2025-11-18 17:23:09,827 - INFO - MainThread - server_logic - --> [Peer Send] Success: Sent vectors to node9
2025-11-18 17:23:09,827 - INFO - MainThread - server_logic - --> [Peer Send] Sending 91 vectors to Peer node10 (localhost:9010) | Status: clustered
2025-11-18 17:23:09,897 - INFO - MainThread - server_logic - --> [Peer Send] Success: Sent vectors to node10
2025-11-18 17:23:09,897 - INFO - MainThread - server_logic - --> [Peer Send] Sending 91 vectors to Peer node11 (localhost:9011) | Status: clustered
2025-11-18 17:23:09,968 - INFO - MainThread - server_logic - --> [Peer Send] Success: Sent vectors to node11
2025-11-18 17:23:09,968 - INFO - MainThread - server_logic - --> [Peer Send] Sending 91 vectors to Peer node12 (localhost:9012) | Status: clustered
2025-11-18 17:23:10,042 - INFO - MainThread - server_logic - --> [Peer Send] Success: Sent vectors to node12
2025-11-18 17:23:10,042 - INFO - MainThread - server_logic - --> [Peer Send] Sending 60 vectors to Peer node14 (localhost:9014) | Status: clustered
2025-11-18 17:23:10,112 - INFO - MainThread - server_logic - --> [Peer Send] Success: Sent vectors to node14
2025-11-18 17:23:10,112 - INFO - MainThread - server_logic - --> [Peer Send] Sending 60 vectors to Peer node15 (localhost:9015) | Status: clustered
2025-11-18 17:23:10,181 - INFO - MainThread - server_logic - --> [Peer Send] Success: Sent vectors to node15
2025-11-18 17:23:10,181 - INFO - MainThread - server_logic - --> [Peer Send] Sending 60 vectors to Peer node16 (localhost:9016) | Status: clustered
2025-11-18 17:23:10,248 - INFO - MainThread - server_logic - --> [Peer Send] Success: Sent vectors to node16
2025-11-18 17:23:10,249 - INFO - MainThread - server_logic - [Add Vectors] Processing 91 vectors. Sender Status: clustered. Current Node Status: clustered
2025-11-18 17:23:10,249 - INFO - MainThread - server_logic - [Add Vectors] Direct Insert: Storing 91 vectors in local Qdrant (Sender is clustered).
2025-11-18 17:23:10,302 - INFO - MainThread - httpx - HTTP Request: GET http://localhost:6357 "HTTP/1.1 200 OK"
2025-11-18 17:23:10,302 - INFO - MainThread - qdrant_module - [Qdrant] Attempting to insert 91 vectors into vectors on http://localhost:6357...
2025-11-18 17:23:10,321 - INFO - MainThread - qdrant_module - [Qdrant] Success: Inserted 91 vectors.
2025-11-18 17:23:10,322 - INFO - MainThread - __main__ - API: /add completed
2025-11-18 17:23:10,322 - INFO - MainThread - uvicorn.access - 127.0.0.1:51184 - "POST /add HTTP/1.1" 200
2025-11-18 17:23:11,243 - INFO - ThreadPoolExecutor-0_0 - grpc_handler - [GRPC IN] ReceiveVectors called. ReqID: 78, Type: clustered, Count: 77
2025-11-18 17:23:11,244 - INFO - ThreadPoolExecutor-0_0 - server_logic - [Add Vectors] Processing 77 vectors. Sender Status: clustered. Current Node Status: clustered
2025-11-18 17:23:11,244 - INFO - ThreadPoolExecutor-0_0 - server_logic - [Add Vectors] Direct Insert: Storing 77 vectors in local Qdrant (Sender is clustered).
2025-11-18 17:23:11,297 - INFO - ThreadPoolExecutor-0_0 - httpx - HTTP Request: GET http://localhost:6357 "HTTP/1.1 200 OK"
2025-11-18 17:23:11,297 - INFO - ThreadPoolExecutor-0_0 - qdrant_module - [Qdrant] Attempting to insert 77 vectors into vectors on http://localhost:6357...
2025-11-18 17:23:11,310 - INFO - ThreadPoolExecutor-0_0 - qdrant_module - [Qdrant] Success: Inserted 77 vectors.
2025-11-18 17:23:11,311 - INFO - ThreadPoolExecutor-0_0 - grpc_handler - [GRPC IN] ReceiveVectors processed successfully.
2025-11-18 17:23:12,464 - INFO - ThreadPoolExecutor-0_0 - grpc_handler - [GRPC IN] ReceiveVectors called. ReqID: 79, Type: clustered, Count: 77
2025-11-18 17:23:12,465 - INFO - ThreadPoolExecutor-0_0 - server_logic - [Add Vectors] Processing 77 vectors. Sender Status: clustered. Current Node Status: clustered
2025-11-18 17:23:12,465 - INFO - ThreadPoolExecutor-0_0 - server_logic - [Add Vectors] Direct Insert: Storing 77 vectors in local Qdrant (Sender is clustered).
2025-11-18 17:23:12,517 - INFO - ThreadPoolExecutor-0_0 - httpx - HTTP Request: GET http://localhost:6357 "HTTP/1.1 200 OK"
2025-11-18 17:23:12,518 - INFO - ThreadPoolExecutor-0_0 - qdrant_module - [Qdrant] Attempting to insert 77 vectors into vectors on http://localhost:6357...
2025-11-18 17:23:12,546 - INFO - ThreadPoolExecutor-0_0 - qdrant_module - [Qdrant] Success: Inserted 77 vectors.
2025-11-18 17:23:12,548 - INFO - ThreadPoolExecutor-0_0 - grpc_handler - [GRPC IN] ReceiveVectors processed successfully.
2025-11-18 17:23:13,688 - INFO - ThreadPoolExecutor-0_0 - grpc_handler - [GRPC IN] ReceiveVectors called. ReqID: 80, Type: clustered, Count: 68
2025-11-18 17:23:13,689 - INFO - ThreadPoolExecutor-0_0 - server_logic - [Add Vectors] Processing 68 vectors. Sender Status: clustered. Current Node Status: clustered
2025-11-18 17:23:13,689 - INFO - ThreadPoolExecutor-0_0 - server_logic - [Add Vectors] Direct Insert: Storing 68 vectors in local Qdrant (Sender is clustered).
2025-11-18 17:23:13,741 - INFO - ThreadPoolExecutor-0_0 - httpx - HTTP Request: GET http://localhost:6357 "HTTP/1.1 200 OK"
2025-11-18 17:23:13,741 - INFO - ThreadPoolExecutor-0_0 - qdrant_module - [Qdrant] Attempting to insert 68 vectors into vectors on http://localhost:6357...
2025-11-18 17:23:13,755 - INFO - ThreadPoolExecutor-0_0 - qdrant_module - [Qdrant] Success: Inserted 68 vectors.
2025-11-18 17:23:13,756 - INFO - ThreadPoolExecutor-0_0 - grpc_handler - [GRPC IN] ReceiveVectors processed successfully.
2025-11-18 17:23:14,852 - INFO - ThreadPoolExecutor-0_0 - grpc_handler - [GRPC IN] ReceiveVectors called. ReqID: 81, Type: clustered, Count: 87
2025-11-18 17:23:14,854 - INFO - ThreadPoolExecutor-0_0 - server_logic - [Add Vectors] Processing 87 vectors. Sender Status: clustered. Current Node Status: clustered
2025-11-18 17:23:14,854 - INFO - ThreadPoolExecutor-0_0 - server_logic - [Add Vectors] Direct Insert: Storing 87 vectors in local Qdrant (Sender is clustered).
2025-11-18 17:23:14,906 - INFO - ThreadPoolExecutor-0_0 - httpx - HTTP Request: GET http://localhost:6357 "HTTP/1.1 200 OK"
2025-11-18 17:23:14,906 - INFO - ThreadPoolExecutor-0_0 - qdrant_module - [Qdrant] Attempting to insert 87 vectors into vectors on http://localhost:6357...
2025-11-18 17:23:14,919 - INFO - ThreadPoolExecutor-0_0 - qdrant_module - [Qdrant] Success: Inserted 87 vectors.
2025-11-18 17:23:14,920 - INFO - ThreadPoolExecutor-0_0 - grpc_handler - [GRPC IN] ReceiveVectors processed successfully.
2025-11-18 17:23:16,059 - INFO - ThreadPoolExecutor-0_0 - grpc_handler - [GRPC IN] ReceiveVectors called. ReqID: 82, Type: clustered, Count: 73
2025-11-18 17:23:16,060 - INFO - ThreadPoolExecutor-0_0 - server_logic - [Add Vectors] Processing 73 vectors. Sender Status: clustered. Current Node Status: clustered
2025-11-18 17:23:16,060 - INFO - ThreadPoolExecutor-0_0 - server_logic - [Add Vectors] Direct Insert: Storing 73 vectors in local Qdrant (Sender is clustered).
2025-11-18 17:23:16,113 - INFO - ThreadPoolExecutor-0_0 - httpx - HTTP Request: GET http://localhost:6357 "HTTP/1.1 200 OK"
2025-11-18 17:23:16,114 - INFO - ThreadPoolExecutor-0_0 - qdrant_module - [Qdrant] Attempting to insert 73 vectors into vectors on http://localhost:6357...
2025-11-18 17:23:16,128 - INFO - ThreadPoolExecutor-0_0 - qdrant_module - [Qdrant] Success: Inserted 73 vectors.
2025-11-18 17:23:16,129 - INFO - ThreadPoolExecutor-0_0 - grpc_handler - [GRPC IN] ReceiveVectors processed successfully.
2025-11-18 17:23:17,266 - INFO - ThreadPoolExecutor-0_0 - grpc_handler - [GRPC IN] ReceiveVectors called. ReqID: 83, Type: clustered, Count: 72
2025-11-18 17:23:17,267 - INFO - ThreadPoolExecutor-0_0 - server_logic - [Add Vectors] Processing 72 vectors. Sender Status: clustered. Current Node Status: clustered
2025-11-18 17:23:17,267 - INFO - ThreadPoolExecutor-0_0 - server_logic - [Add Vectors] Direct Insert: Storing 72 vectors in local Qdrant (Sender is clustered).
2025-11-18 17:23:17,319 - INFO - ThreadPoolExecutor-0_0 - httpx - HTTP Request: GET http://localhost:6357 "HTTP/1.1 200 OK"
2025-11-18 17:23:17,320 - INFO - ThreadPoolExecutor-0_0 - qdrant_module - [Qdrant] Attempting to insert 72 vectors into vectors on http://localhost:6357...
2025-11-18 17:23:17,332 - INFO - ThreadPoolExecutor-0_0 - qdrant_module - [Qdrant] Success: Inserted 72 vectors.
2025-11-18 17:23:17,333 - INFO - ThreadPoolExecutor-0_0 - grpc_handler - [GRPC IN] ReceiveVectors processed successfully.
2025-11-18 17:23:18,508 - INFO - ThreadPoolExecutor-0_0 - grpc_handler - [GRPC IN] ReceiveVectors called. ReqID: 84, Type: clustered, Count: 72
2025-11-18 17:23:18,509 - INFO - ThreadPoolExecutor-0_0 - server_logic - [Add Vectors] Processing 72 vectors. Sender Status: clustered. Current Node Status: clustered
2025-11-18 17:23:18,509 - INFO - ThreadPoolExecutor-0_0 - server_logic - [Add Vectors] Direct Insert: Storing 72 vectors in local Qdrant (Sender is clustered).
2025-11-18 17:23:18,561 - INFO - ThreadPoolExecutor-0_0 - httpx - HTTP Request: GET http://localhost:6357 "HTTP/1.1 200 OK"
2025-11-18 17:23:18,562 - INFO - ThreadPoolExecutor-0_0 - qdrant_module - [Qdrant] Attempting to insert 72 vectors into vectors on http://localhost:6357...
2025-11-18 17:23:18,572 - INFO - ThreadPoolExecutor-0_0 - qdrant_module - [Qdrant] Success: Inserted 72 vectors.
2025-11-18 17:23:18,573 - INFO - ThreadPoolExecutor-0_0 - grpc_handler - [GRPC IN] ReceiveVectors processed successfully.
2025-11-18 17:23:19,707 - INFO - ThreadPoolExecutor-0_0 - grpc_handler - [GRPC IN] ReceiveVectors called. ReqID: 85, Type: clustered, Count: 82
2025-11-18 17:23:19,708 - INFO - ThreadPoolExecutor-0_0 - server_logic - [Add Vectors] Processing 82 vectors. Sender Status: clustered. Current Node Status: clustered
2025-11-18 17:23:19,708 - INFO - ThreadPoolExecutor-0_0 - server_logic - [Add Vectors] Direct Insert: Storing 82 vectors in local Qdrant (Sender is clustered).
2025-11-18 17:23:19,760 - INFO - ThreadPoolExecutor-0_0 - httpx - HTTP Request: GET http://localhost:6357 "HTTP/1.1 200 OK"
2025-11-18 17:23:19,761 - INFO - ThreadPoolExecutor-0_0 - qdrant_module - [Qdrant] Attempting to insert 82 vectors into vectors on http://localhost:6357...
2025-11-18 17:23:19,775 - INFO - ThreadPoolExecutor-0_0 - qdrant_module - [Qdrant] Success: Inserted 82 vectors.
2025-11-18 17:23:19,776 - INFO - ThreadPoolExecutor-0_0 - grpc_handler - [GRPC IN] ReceiveVectors processed successfully.
2025-11-18 17:23:20,918 - INFO - ThreadPoolExecutor-0_0 - grpc_handler - [GRPC IN] ReceiveVectors called. ReqID: 86, Type: clustered, Count: 65
2025-11-18 17:23:20,919 - INFO - ThreadPoolExecutor-0_0 - server_logic - [Add Vectors] Processing 65 vectors. Sender Status: clustered. Current Node Status: clustered
2025-11-18 17:23:20,920 - INFO - ThreadPoolExecutor-0_0 - server_logic - [Add Vectors] Direct Insert: Storing 65 vectors in local Qdrant (Sender is clustered).
2025-11-18 17:23:20,972 - INFO - ThreadPoolExecutor-0_0 - httpx - HTTP Request: GET http://localhost:6357 "HTTP/1.1 200 OK"
2025-11-18 17:23:20,972 - INFO - ThreadPoolExecutor-0_0 - qdrant_module - [Qdrant] Attempting to insert 65 vectors into vectors on http://localhost:6357...
2025-11-18 17:23:20,986 - INFO - ThreadPoolExecutor-0_0 - qdrant_module - [Qdrant] Success: Inserted 65 vectors.
2025-11-18 17:23:20,987 - INFO - ThreadPoolExecutor-0_0 - grpc_handler - [GRPC IN] ReceiveVectors processed successfully.
2025-11-18 17:23:22,126 - INFO - ThreadPoolExecutor-0_0 - grpc_handler - [GRPC IN] ReceiveVectors called. ReqID: 87, Type: clustered, Count: 87
2025-11-18 17:23:22,127 - INFO - ThreadPoolExecutor-0_0 - server_logic - [Add Vectors] Processing 87 vectors. Sender Status: clustered. Current Node Status: clustered
2025-11-18 17:23:22,127 - INFO - ThreadPoolExecutor-0_0 - server_logic - [Add Vectors] Direct Insert: Storing 87 vectors in local Qdrant (Sender is clustered).
2025-11-18 17:23:22,181 - INFO - ThreadPoolExecutor-0_0 - httpx - HTTP Request: GET http://localhost:6357 "HTTP/1.1 200 OK"
2025-11-18 17:23:22,181 - INFO - ThreadPoolExecutor-0_0 - qdrant_module - [Qdrant] Attempting to insert 87 vectors into vectors on http://localhost:6357...
2025-11-18 17:23:22,195 - INFO - ThreadPoolExecutor-0_0 - qdrant_module - [Qdrant] Success: Inserted 87 vectors.
2025-11-18 17:23:22,196 - INFO - ThreadPoolExecutor-0_0 - grpc_handler - [GRPC IN] ReceiveVectors processed successfully.
2025-11-18 17:23:23,326 - INFO - ThreadPoolExecutor-0_0 - grpc_handler - [GRPC IN] ReceiveVectors called. ReqID: 88, Type: clustered, Count: 84
2025-11-18 17:23:23,327 - INFO - ThreadPoolExecutor-0_0 - server_logic - [Add Vectors] Processing 84 vectors. Sender Status: clustered. Current Node Status: clustered
2025-11-18 17:23:23,327 - INFO - ThreadPoolExecutor-0_0 - server_logic - [Add Vectors] Direct Insert: Storing 84 vectors in local Qdrant (Sender is clustered).
2025-11-18 17:23:23,378 - INFO - ThreadPoolExecutor-0_0 - httpx - HTTP Request: GET http://localhost:6357 "HTTP/1.1 200 OK"
2025-11-18 17:23:23,379 - INFO - ThreadPoolExecutor-0_0 - qdrant_module - [Qdrant] Attempting to insert 84 vectors into vectors on http://localhost:6357...
2025-11-18 17:23:23,393 - INFO - ThreadPoolExecutor-0_0 - qdrant_module - [Qdrant] Success: Inserted 84 vectors.
2025-11-18 17:23:23,394 - INFO - ThreadPoolExecutor-0_0 - grpc_handler - [GRPC IN] ReceiveVectors processed successfully.
2025-11-18 17:23:24,552 - INFO - ThreadPoolExecutor-0_0 - grpc_handler - [GRPC IN] ReceiveVectors called. ReqID: 89, Type: clustered, Count: 75
2025-11-18 17:23:24,553 - INFO - ThreadPoolExecutor-0_0 - server_logic - [Add Vectors] Processing 75 vectors. Sender Status: clustered. Current Node Status: clustered
2025-11-18 17:23:24,553 - INFO - ThreadPoolExecutor-0_0 - server_logic - [Add Vectors] Direct Insert: Storing 75 vectors in local Qdrant (Sender is clustered).
2025-11-18 17:23:24,606 - INFO - ThreadPoolExecutor-0_0 - httpx - HTTP Request: GET http://localhost:6357 "HTTP/1.1 200 OK"
2025-11-18 17:23:24,606 - INFO - ThreadPoolExecutor-0_0 - qdrant_module - [Qdrant] Attempting to insert 75 vectors into vectors on http://localhost:6357...
2025-11-18 17:23:24,620 - INFO - ThreadPoolExecutor-0_0 - qdrant_module - [Qdrant] Success: Inserted 75 vectors.
2025-11-18 17:23:24,621 - INFO - ThreadPoolExecutor-0_0 - grpc_handler - [GRPC IN] ReceiveVectors processed successfully.
2025-11-18 17:23:25,756 - INFO - ThreadPoolExecutor-0_0 - grpc_handler - [GRPC IN] ReceiveVectors called. ReqID: 90, Type: clustered, Count: 77
2025-11-18 17:23:25,757 - INFO - ThreadPoolExecutor-0_0 - server_logic - [Add Vectors] Processing 77 vectors. Sender Status: clustered. Current Node Status: clustered
2025-11-18 17:23:25,757 - INFO - ThreadPoolExecutor-0_0 - server_logic - [Add Vectors] Direct Insert: Storing 77 vectors in local Qdrant (Sender is clustered).
2025-11-18 17:23:25,809 - INFO - ThreadPoolExecutor-0_0 - httpx - HTTP Request: GET http://localhost:6357 "HTTP/1.1 200 OK"
2025-11-18 17:23:25,810 - INFO - ThreadPoolExecutor-0_0 - qdrant_module - [Qdrant] Attempting to insert 77 vectors into vectors on http://localhost:6357...
2025-11-18 17:23:25,822 - INFO - ThreadPoolExecutor-0_0 - qdrant_module - [Qdrant] Success: Inserted 77 vectors.
2025-11-18 17:23:25,823 - INFO - ThreadPoolExecutor-0_0 - grpc_handler - [GRPC IN] ReceiveVectors processed successfully.
2025-11-18 17:23:26,963 - INFO - ThreadPoolExecutor-0_0 - grpc_handler - [GRPC IN] ReceiveVectors called. ReqID: 91, Type: clustered, Count: 82
2025-11-18 17:23:26,964 - INFO - ThreadPoolExecutor-0_0 - server_logic - [Add Vectors] Processing 82 vectors. Sender Status: clustered. Current Node Status: clustered
2025-11-18 17:23:26,964 - INFO - ThreadPoolExecutor-0_0 - server_logic - [Add Vectors] Direct Insert: Storing 82 vectors in local Qdrant (Sender is clustered).
2025-11-18 17:23:27,015 - INFO - ThreadPoolExecutor-0_0 - httpx - HTTP Request: GET http://localhost:6357 "HTTP/1.1 200 OK"
2025-11-18 17:23:27,015 - INFO - ThreadPoolExecutor-0_0 - qdrant_module - [Qdrant] Attempting to insert 82 vectors into vectors on http://localhost:6357...
2025-11-18 17:23:27,030 - INFO - ThreadPoolExecutor-0_0 - qdrant_module - [Qdrant] Success: Inserted 82 vectors.
2025-11-18 17:23:27,032 - INFO - ThreadPoolExecutor-0_0 - grpc_handler - [GRPC IN] ReceiveVectors processed successfully.
2025-11-18 17:23:28,239 - INFO - ThreadPoolExecutor-0_0 - grpc_handler - [GRPC IN] ReceiveVectors called. ReqID: 92, Type: clustered, Count: 85
2025-11-18 17:23:28,240 - INFO - ThreadPoolExecutor-0_0 - server_logic - [Add Vectors] Processing 85 vectors. Sender Status: clustered. Current Node Status: clustered
2025-11-18 17:23:28,240 - INFO - ThreadPoolExecutor-0_0 - server_logic - [Add Vectors] Direct Insert: Storing 85 vectors in local Qdrant (Sender is clustered).
2025-11-18 17:23:28,291 - INFO - ThreadPoolExecutor-0_0 - httpx - HTTP Request: GET http://localhost:6357 "HTTP/1.1 200 OK"
2025-11-18 17:23:28,291 - INFO - ThreadPoolExecutor-0_0 - qdrant_module - [Qdrant] Attempting to insert 85 vectors into vectors on http://localhost:6357...
2025-11-18 17:23:28,308 - INFO - ThreadPoolExecutor-0_0 - qdrant_module - [Qdrant] Success: Inserted 85 vectors.
2025-11-18 17:23:28,309 - INFO - ThreadPoolExecutor-0_0 - grpc_handler - [GRPC IN] ReceiveVectors processed successfully.
2025-11-18 17:23:28,660 - INFO - MainThread - __main__ - API: /add called. ReqID: 93, Vectors: 256
2025-11-18 17:23:28,660 - INFO - MainThread - server_logic - [Client Request] Client wants to add 256 vectors. My Status: clustered
2025-11-18 17:23:28,660 - INFO - MainThread - server_logic - [Client Request] System Clustered. Routing vectors to appropriate peers.
2025-11-18 17:23:28,661 - INFO - MainThread - server_logic - [Router] Routing 256 vectors among 16 nodes (Replicas: 4).
2025-11-18 17:23:28,661 - INFO - MainThread - server_logic - [DEBUG] found replica for vector: 1
2025-11-18 17:23:28,661 - INFO - MainThread - server_logic - [DEBUG] found replica for vector: 2
2025-11-18 17:23:28,661 - INFO - MainThread - server_logic - [DEBUG] found replica for vector: 3
2025-11-18 17:23:28,661 - INFO - MainThread - server_logic - [DEBUG] found replica for vector: 4
2025-11-18 17:23:28,661 - INFO - MainThread - server_logic - [DEBUG] found replica for vector: 1
2025-11-18 17:23:28,661 - INFO - MainThread - server_logic - [DEBUG] found replica for vector: 2
2025-11-18 17:23:28,661 - INFO - MainThread - server_logic - [DEBUG] found replica for vector: 3
2025-11-18 17:23:28,661 - INFO - MainThread - server_logic - [DEBUG] found replica for vector: 4
2025-11-18 17:23:28,661 - INFO - MainThread - server_logic - [DEBUG] found replica for vector: 1
2025-11-18 17:23:28,661 - INFO - MainThread - server_logic - [DEBUG] found replica for vector: 2
2025-11-18 17:23:28,661 - INFO - MainThread - server_logic - [DEBUG] found replica for vector: 3
2025-11-18 17:23:28,661 - INFO - MainThread - server_logic - [DEBUG] found replica for vector: 4
2025-11-18 17:23:28,661 - INFO - MainThread - server_logic - [DEBUG] found replica for vector: 1
2025-11-18 17:23:28,661 - INFO - MainThread - server_logic - [DEBUG] found replica for vector: 2
2025-11-18 17:23:28,661 - INFO - MainThread - server_logic - [DEBUG] found replica for vector: 3
2025-11-18 17:23:28,661 - INFO - MainThread - server_logic - [DEBUG] to me replica for vector: 3
2025-11-18 17:23:28,661 - INFO - MainThread - server_logic - [DEBUG] found replica for vector: 1
2025-11-18 17:23:28,661 - INFO - MainThread - server_logic - [DEBUG] found replica for vector: 2
2025-11-18 17:23:28,661 - INFO - MainThread - server_logic - [DEBUG] found replica for vector: 3
2025-11-18 17:23:28,661 - INFO - MainThread - server_logic - [DEBUG] found replica for vector: 4
2025-11-18 17:23:28,661 - INFO - MainThread - server_logic - [DEBUG] found replica for vector: 1
2025-11-18 17:23:28,661 - INFO - MainThread - server_logic - [DEBUG] found replica for vector: 2
2025-11-18 17:23:28,661 - INFO - MainThread - server_logic - [DEBUG] found replica for vector: 3
2025-11-18 17:23:28,661 - INFO - MainThread - server_logic - [DEBUG] found replica for vector: 4
2025-11-18 17:23:28,661 - INFO - MainThread - server_logic - [DEBUG] found replica for vector: 1
2025-11-18 17:23:28,661 - INFO - MainThread - server_logic - [DEBUG] found replica for vector: 2
2025-11-18 17:23:28,661 - INFO - MainThread - server_logic - [DEBUG] found replica for vector: 3
2025-11-18 17:23:28,661 - INFO - MainThread - server_logic - [DEBUG] found replica for vector: 4
2025-11-18 17:23:28,661 - INFO - MainThread - server_logic - [DEBUG] found replica for vector: 1
2025-11-18 17:23:28,661 - INFO - MainThread - server_logic - [DEBUG] found replica for vector: 2
2025-11-18 17:23:28,661 - INFO - MainThread - server_logic - [DEBUG] found replica for vector: 3
2025-11-18 17:23:28,661 - INFO - MainThread - server_logic - [DEBUG] to me replica for vector: 3
2025-11-18 17:23:28,661 - INFO - MainThread - server_logic - [DEBUG] found replica for vector: 1
2025-11-18 17:23:28,661 - INFO - MainThread - server_logic - [DEBUG] found replica for vector: 2
2025-11-18 17:23:28,661 - INFO - MainThread - server_logic - [DEBUG] found replica for vector: 3
2025-11-18 17:23:28,661 - INFO - MainThread - server_logic - [DEBUG] found replica for vector: 4
2025-11-18 17:23:28,661 - INFO - MainThread - server_logic - [DEBUG] found replica for vector: 1
2025-11-18 17:23:28,661 - INFO - MainThread - server_logic - [DEBUG] found replica for vector: 2
2025-11-18 17:23:28,661 - INFO - MainThread - server_logic - [DEBUG] found replica for vector: 3
2025-11-18 17:23:28,661 - INFO - MainThread - server_logic - [DEBUG] found replica for vector: 4
2025-11-18 17:23:28,661 - INFO - MainThread - server_logic - [DEBUG] found replica for vector: 1
2025-11-18 17:23:28,661 - INFO - MainThread - server_logic - [DEBUG] found replica for vector: 2
2025-11-18 17:23:28,661 - INFO - MainThread - server_logic - [DEBUG] found replica for vector: 3
2025-11-18 17:23:28,661 - INFO - MainThread - server_logic - [DEBUG] to me replica for vector: 3
2025-11-18 17:23:28,661 - INFO - MainThread - server_logic - [DEBUG] found replica for vector: 1
2025-11-18 17:23:28,661 - INFO - MainThread - server_logic - [DEBUG] found replica for vector: 2
2025-11-18 17:23:28,661 - INFO - MainThread - server_logic - [DEBUG] found replica for vector: 3
2025-11-18 17:23:28,662 - INFO - MainThread - server_logic - [DEBUG] found replica for vector: 4
2025-11-18 17:23:28,662 - INFO - MainThread - server_logic - [DEBUG] found replica for vector: 1
2025-11-18 17:23:28,662 - INFO - MainThread - server_logic - [DEBUG] found replica for vector: 2
2025-11-18 17:23:28,662 - INFO - MainThread - server_logic - [DEBUG] found replica for vector: 3
2025-11-18 17:23:28,662 - INFO - MainThread - server_logic - [DEBUG] found replica for vector: 4
2025-11-18 17:23:28,662 - INFO - MainThread - server_logic - [DEBUG] found replica for vector: 1
2025-11-18 17:23:28,662 - INFO - MainThread - server_logic - [DEBUG] found replica for vector: 2
2025-11-18 17:23:28,662 - INFO - MainThread - server_logic - [DEBUG] found replica for vector: 3
2025-11-18 17:23:28,662 - INFO - MainThread - server_logic - [DEBUG] found replica for vector: 4
2025-11-18 17:23:28,662 - INFO - MainThread - server_logic - [DEBUG] found replica for vector: 1
2025-11-18 17:23:28,662 - INFO - MainThread - server_logic - [DEBUG] found replica for vector: 2
2025-11-18 17:23:28,662 - INFO - MainThread - server_logic - [DEBUG] found replica for vector: 3
2025-11-18 17:23:28,662 - INFO - MainThread - server_logic - [DEBUG] found replica for vector: 4
2025-11-18 17:23:28,662 - INFO - MainThread - server_logic - [DEBUG] found replica for vector: 1
2025-11-18 17:23:28,662 - INFO - MainThread - server_logic - [DEBUG] found replica for vector: 2
2025-11-18 17:23:28,662 - INFO - MainThread - server_logic - [DEBUG] found replica for vector: 3
2025-11-18 17:23:28,662 - INFO - MainThread - server_logic - [DEBUG] to me replica for vector: 3
2025-11-18 17:23:28,662 - INFO - MainThread - server_logic - [DEBUG] found replica for vector: 1
2025-11-18 17:23:28,662 - INFO - MainThread - server_logic - [DEBUG] found replica for vector: 2
2025-11-18 17:23:28,662 - INFO - MainThread - server_logic - [DEBUG] found replica for vector: 3
2025-11-18 17:23:28,662 - INFO - MainThread - server_logic - [DEBUG] found replica for vector: 4
2025-11-18 17:23:28,662 - INFO - MainThread - server_logic - [DEBUG] found replica for vector: 1
2025-11-18 17:23:28,662 - INFO - MainThread - server_logic - [DEBUG] found replica for vector: 2
2025-11-18 17:23:28,662 - INFO - MainThread - server_logic - [DEBUG] found replica for vector: 3
2025-11-18 17:23:28,662 - INFO - MainThread - server_logic - [DEBUG] found replica for vector: 4
2025-11-18 17:23:28,662 - INFO - MainThread - server_logic - [DEBUG] found replica for vector: 1
2025-11-18 17:23:28,662 - INFO - MainThread - server_logic - [DEBUG] found replica for vector: 2
2025-11-18 17:23:28,662 - INFO - MainThread - server_logic - [DEBUG] found replica for vector: 3
2025-11-18 17:23:28,662 - INFO - MainThread - server_logic - [DEBUG] found replica for vector: 4
2025-11-18 17:23:28,662 - INFO - MainThread - server_logic - [DEBUG] found replica for vector: 1
2025-11-18 17:23:28,662 - INFO - MainThread - server_logic - [DEBUG] found replica for vector: 2
2025-11-18 17:23:28,662 - INFO - MainThread - server_logic - [DEBUG] found replica for vector: 3
2025-11-18 17:23:28,662 - INFO - MainThread - server_logic - [DEBUG] found replica for vector: 4
2025-11-18 17:23:28,662 - INFO - MainThread - server_logic - [DEBUG] found replica for vector: 1
2025-11-18 17:23:28,662 - INFO - MainThread - server_logic - [DEBUG] found replica for vector: 2
2025-11-18 17:23:28,662 - INFO - MainThread - server_logic - [DEBUG] found replica for vector: 3
2025-11-18 17:23:28,662 - INFO - MainThread - server_logic - [DEBUG] to me replica for vector: 3
2025-11-18 17:23:28,662 - INFO - MainThread - server_logic - [DEBUG] found replica for vector: 1
2025-11-18 17:23:28,662 - INFO - MainThread - server_logic - [DEBUG] found replica for vector: 2
2025-11-18 17:23:28,662 - INFO - MainThread - server_logic - [DEBUG] found replica for vector: 3
2025-11-18 17:23:28,662 - INFO - MainThread - server_logic - [DEBUG] found replica for vector: 4
2025-11-18 17:23:28,662 - INFO - MainThread - server_logic - [DEBUG] found replica for vector: 1
2025-11-18 17:23:28,662 - INFO - MainThread - server_logic - [DEBUG] found replica for vector: 2
2025-11-18 17:23:28,662 - INFO - MainThread - server_logic - [DEBUG] found replica for vector: 3
2025-11-18 17:23:28,662 - INFO - MainThread - server_logic - [DEBUG] found replica for vector: 4
2025-11-18 17:23:28,662 - INFO - MainThread - server_logic - [DEBUG] found replica for vector: 1
2025-11-18 17:23:28,662 - INFO - MainThread - server_logic - [DEBUG] found replica for vector: 2
2025-11-18 17:23:28,662 - INFO - MainThread - server_logic - [DEBUG] found replica for vector: 3
2025-11-18 17:23:28,662 - INFO - MainThread - server_logic - [DEBUG] found replica for vector: 4
2025-11-18 17:23:28,662 - INFO - MainThread - server_logic - [DEBUG] found replica for vector: 1
2025-11-18 17:23:28,662 - INFO - MainThread - server_logic - [DEBUG] found replica for vector: 2
2025-11-18 17:23:28,662 - INFO - MainThread - server_logic - [DEBUG] found replica for vector: 3
2025-11-18 17:23:28,663 - INFO - MainThread - server_logic - [DEBUG] to me replica for vector: 3
2025-11-18 17:23:28,663 - INFO - MainThread - server_logic - [DEBUG] found replica for vector: 1
2025-11-18 17:23:28,663 - INFO - MainThread - server_logic - [DEBUG] found replica for vector: 2
2025-11-18 17:23:28,663 - INFO - MainThread - server_logic - [DEBUG] found replica for vector: 3
2025-11-18 17:23:28,663 - INFO - MainThread - server_logic - [DEBUG] found replica for vector: 4
2025-11-18 17:23:28,663 - INFO - MainThread - server_logic - [DEBUG] found replica for vector: 1
2025-11-18 17:23:28,663 - INFO - MainThread - server_logic - [DEBUG] found replica for vector: 2
2025-11-18 17:23:28,663 - INFO - MainThread - server_logic - [DEBUG] found replica for vector: 3
2025-11-18 17:23:28,663 - INFO - MainThread - server_logic - [DEBUG] found replica for vector: 4
2025-11-18 17:23:28,663 - INFO - MainThread - server_logic - [DEBUG] found replica for vector: 1
2025-11-18 17:23:28,663 - INFO - MainThread - server_logic - [DEBUG] found replica for vector: 2
2025-11-18 17:23:28,663 - INFO - MainThread - server_logic - [DEBUG] found replica for vector: 3
2025-11-18 17:23:28,663 - INFO - MainThread - server_logic - [DEBUG] to me replica for vector: 3
2025-11-18 17:23:28,663 - INFO - MainThread - server_logic - [DEBUG] found replica for vector: 1
2025-11-18 17:23:28,663 - INFO - MainThread - server_logic - [DEBUG] found replica for vector: 2
2025-11-18 17:23:28,663 - INFO - MainThread - server_logic - [DEBUG] found replica for vector: 3
2025-11-18 17:23:28,663 - INFO - MainThread - server_logic - [DEBUG] found replica for vector: 4
2025-11-18 17:23:28,663 - INFO - MainThread - server_logic - [DEBUG] found replica for vector: 1
2025-11-18 17:23:28,663 - INFO - MainThread - server_logic - [DEBUG] found replica for vector: 2
2025-11-18 17:23:28,663 - INFO - MainThread - server_logic - [DEBUG] found replica for vector: 3
2025-11-18 17:23:28,663 - INFO - MainThread - server_logic - [DEBUG] found replica for vector: 4
2025-11-18 17:23:28,663 - INFO - MainThread - server_logic - [DEBUG] found replica for vector: 1
2025-11-18 17:23:28,663 - INFO - MainThread - server_logic - [DEBUG] found replica for vector: 2
2025-11-18 17:23:28,663 - INFO - MainThread - server_logic - [DEBUG] found replica for vector: 3
2025-11-18 17:23:28,663 - INFO - MainThread - server_logic - [DEBUG] found replica for vector: 4
2025-11-18 17:23:28,663 - INFO - MainThread - server_logic - [DEBUG] found replica for vector: 1
2025-11-18 17:23:28,663 - INFO - MainThread - server_logic - [DEBUG] found replica for vector: 2
2025-11-18 17:23:28,663 - INFO - MainThread - server_logic - [DEBUG] found replica for vector: 3
2025-11-18 17:23:28,663 - INFO - MainThread - server_logic - [DEBUG] found replica for vector: 4
2025-11-18 17:23:28,663 - INFO - MainThread - server_logic - [DEBUG] found replica for vector: 1
2025-11-18 17:23:28,663 - INFO - MainThread - server_logic - [DEBUG] found replica for vector: 2
2025-11-18 17:23:28,663 - INFO - MainThread - server_logic - [DEBUG] found replica for vector: 3
2025-11-18 17:23:28,663 - INFO - MainThread - server_logic - [DEBUG] found replica for vector: 4
2025-11-18 17:23:28,663 - INFO - MainThread - server_logic - [DEBUG] found replica for vector: 1
2025-11-18 17:23:28,663 - INFO - MainThread - server_logic - [DEBUG] found replica for vector: 2
2025-11-18 17:23:28,663 - INFO - MainThread - server_logic - [DEBUG] found replica for vector: 3
2025-11-18 17:23:28,663 - INFO - MainThread - server_logic - [DEBUG] to me replica for vector: 3
2025-11-18 17:23:28,663 - INFO - MainThread - server_logic - [DEBUG] found replica for vector: 1
2025-11-18 17:23:28,663 - INFO - MainThread - server_logic - [DEBUG] found replica for vector: 2
2025-11-18 17:23:28,663 - INFO - MainThread - server_logic - [DEBUG] found replica for vector: 3
2025-11-18 17:23:28,663 - INFO - MainThread - server_logic - [DEBUG] to me replica for vector: 3
2025-11-18 17:23:28,663 - INFO - MainThread - server_logic - [DEBUG] found replica for vector: 1
2025-11-18 17:23:28,663 - INFO - MainThread - server_logic - [DEBUG] found replica for vector: 2
2025-11-18 17:23:28,663 - INFO - MainThread - server_logic - [DEBUG] found replica for vector: 3
2025-11-18 17:23:28,663 - INFO - MainThread - server_logic - [DEBUG] found replica for vector: 4
2025-11-18 17:23:28,663 - INFO - MainThread - server_logic - [DEBUG] found replica for vector: 1
2025-11-18 17:23:28,663 - INFO - MainThread - server_logic - [DEBUG] found replica for vector: 2
2025-11-18 17:23:28,663 - INFO - MainThread - server_logic - [DEBUG] found replica for vector: 3
2025-11-18 17:23:28,663 - INFO - MainThread - server_logic - [DEBUG] found replica for vector: 4
2025-11-18 17:23:28,663 - INFO - MainThread - server_logic - [DEBUG] found replica for vector: 1
2025-11-18 17:23:28,663 - INFO - MainThread - server_logic - [DEBUG] found replica for vector: 2
2025-11-18 17:23:28,663 - INFO - MainThread - server_logic - [DEBUG] found replica for vector: 3
2025-11-18 17:23:28,663 - INFO - MainThread - server_logic - [DEBUG] found replica for vector: 4
2025-11-18 17:23:28,663 - INFO - MainThread - server_logic - [DEBUG] found replica for vector: 1
2025-11-18 17:23:28,663 - INFO - MainThread - server_logic - [DEBUG] found replica for vector: 2
2025-11-18 17:23:28,664 - INFO - MainThread - server_logic - [DEBUG] found replica for vector: 3
2025-11-18 17:23:28,664 - INFO - MainThread - server_logic - [DEBUG] found replica for vector: 4
2025-11-18 17:23:28,664 - INFO - MainThread - server_logic - [DEBUG] found replica for vector: 1
2025-11-18 17:23:28,664 - INFO - MainThread - server_logic - [DEBUG] found replica for vector: 2
2025-11-18 17:23:28,664 - INFO - MainThread - server_logic - [DEBUG] found replica for vector: 3
2025-11-18 17:23:28,664 - INFO - MainThread - server_logic - [DEBUG] to me replica for vector: 3
2025-11-18 17:23:28,664 - INFO - MainThread - server_logic - [DEBUG] found replica for vector: 1
2025-11-18 17:23:28,664 - INFO - MainThread - server_logic - [DEBUG] found replica for vector: 2
2025-11-18 17:23:28,664 - INFO - MainThread - server_logic - [DEBUG] found replica for vector: 3
2025-11-18 17:23:28,664 - INFO - MainThread - server_logic - [DEBUG] found replica for vector: 4
2025-11-18 17:23:28,664 - INFO - MainThread - server_logic - [DEBUG] found replica for vector: 1
2025-11-18 17:23:28,664 - INFO - MainThread - server_logic - [DEBUG] found replica for vector: 2
2025-11-18 17:23:28,664 - INFO - MainThread - server_logic - [DEBUG] found replica for vector: 3
2025-11-18 17:23:28,664 - INFO - MainThread - server_logic - [DEBUG] to me replica for vector: 3
2025-11-18 17:23:28,664 - INFO - MainThread - server_logic - [DEBUG] found replica for vector: 1
2025-11-18 17:23:28,664 - INFO - MainThread - server_logic - [DEBUG] found replica for vector: 2
2025-11-18 17:23:28,664 - INFO - MainThread - server_logic - [DEBUG] found replica for vector: 3
2025-11-18 17:23:28,664 - INFO - MainThread - server_logic - [DEBUG] to me replica for vector: 3
2025-11-18 17:23:28,664 - INFO - MainThread - server_logic - [DEBUG] found replica for vector: 1
2025-11-18 17:23:28,664 - INFO - MainThread - server_logic - [DEBUG] found replica for vector: 2
2025-11-18 17:23:28,664 - INFO - MainThread - server_logic - [DEBUG] found replica for vector: 3
2025-11-18 17:23:28,664 - INFO - MainThread - server_logic - [DEBUG] found replica for vector: 4
2025-11-18 17:23:28,664 - INFO - MainThread - server_logic - [DEBUG] found replica for vector: 1
2025-11-18 17:23:28,664 - INFO - MainThread - server_logic - [DEBUG] found replica for vector: 2
2025-11-18 17:23:28,664 - INFO - MainThread - server_logic - [DEBUG] found replica for vector: 3
2025-11-18 17:23:28,664 - INFO - MainThread - server_logic - [DEBUG] to me replica for vector: 3
2025-11-18 17:23:28,664 - INFO - MainThread - server_logic - [DEBUG] found replica for vector: 1
2025-11-18 17:23:28,664 - INFO - MainThread - server_logic - [DEBUG] found replica for vector: 2
2025-11-18 17:23:28,664 - INFO - MainThread - server_logic - [DEBUG] found replica for vector: 3
2025-11-18 17:23:28,664 - INFO - MainThread - server_logic - [DEBUG] found replica for vector: 4
2025-11-18 17:23:28,664 - INFO - MainThread - server_logic - [DEBUG] found replica for vector: 1
2025-11-18 17:23:28,664 - INFO - MainThread - server_logic - [DEBUG] found replica for vector: 2
2025-11-18 17:23:28,664 - INFO - MainThread - server_logic - [DEBUG] found replica for vector: 3
2025-11-18 17:23:28,664 - INFO - MainThread - server_logic - [DEBUG] found replica for vector: 4
2025-11-18 17:23:28,664 - INFO - MainThread - server_logic - [DEBUG] found replica for vector: 1
2025-11-18 17:23:28,664 - INFO - MainThread - server_logic - [DEBUG] found replica for vector: 2
2025-11-18 17:23:28,664 - INFO - MainThread - server_logic - [DEBUG] found replica for vector: 3
2025-11-18 17:23:28,664 - INFO - MainThread - server_logic - [DEBUG] to me replica for vector: 3
2025-11-18 17:23:28,664 - INFO - MainThread - server_logic - [DEBUG] found replica for vector: 1
2025-11-18 17:23:28,664 - INFO - MainThread - server_logic - [DEBUG] found replica for vector: 2
2025-11-18 17:23:28,664 - INFO - MainThread - server_logic - [DEBUG] found replica for vector: 3
2025-11-18 17:23:28,664 - INFO - MainThread - server_logic - [DEBUG] found replica for vector: 4
2025-11-18 17:23:28,664 - INFO - MainThread - server_logic - [DEBUG] found replica for vector: 1
2025-11-18 17:23:28,664 - INFO - MainThread - server_logic - [DEBUG] found replica for vector: 2
2025-11-18 17:23:28,664 - INFO - MainThread - server_logic - [DEBUG] found replica for vector: 3
2025-11-18 17:23:28,664 - INFO - MainThread - server_logic - [DEBUG] found replica for vector: 4
2025-11-18 17:23:28,664 - INFO - MainThread - server_logic - [DEBUG] found replica for vector: 1
2025-11-18 17:23:28,664 - INFO - MainThread - server_logic - [DEBUG] found replica for vector: 2
2025-11-18 17:23:28,664 - INFO - MainThread - server_logic - [DEBUG] found replica for vector: 3
2025-11-18 17:23:28,664 - INFO - MainThread - server_logic - [DEBUG] found replica for vector: 4
2025-11-18 17:23:28,664 - INFO - MainThread - server_logic - [DEBUG] found replica for vector: 1
2025-11-18 17:23:28,664 - INFO - MainThread - server_logic - [DEBUG] found replica for vector: 2
2025-11-18 17:23:28,664 - INFO - MainThread - server_logic - [DEBUG] found replica for vector: 3
2025-11-18 17:23:28,664 - INFO - MainThread - server_logic - [DEBUG] found replica for vector: 4
2025-11-18 17:23:28,664 - INFO - MainThread - server_logic - [DEBUG] found replica for vector: 1
2025-11-18 17:23:28,664 - INFO - MainThread - server_logic - [DEBUG] found replica for vector: 2
2025-11-18 17:23:28,665 - INFO - MainThread - server_logic - [DEBUG] found replica for vector: 3
2025-11-18 17:23:28,665 - INFO - MainThread - server_logic - [DEBUG] found replica for vector: 4
2025-11-18 17:23:28,665 - INFO - MainThread - server_logic - [DEBUG] found replica for vector: 1
2025-11-18 17:23:28,665 - INFO - MainThread - server_logic - [DEBUG] found replica for vector: 2
2025-11-18 17:23:28,665 - INFO - MainThread - server_logic - [DEBUG] found replica for vector: 3
2025-11-18 17:23:28,665 - INFO - MainThread - server_logic - [DEBUG] to me replica for vector: 3
2025-11-18 17:23:28,665 - INFO - MainThread - server_logic - [DEBUG] found replica for vector: 1
2025-11-18 17:23:28,665 - INFO - MainThread - server_logic - [DEBUG] found replica for vector: 2
2025-11-18 17:23:28,665 - INFO - MainThread - server_logic - [DEBUG] found replica for vector: 3
2025-11-18 17:23:28,665 - INFO - MainThread - server_logic - [DEBUG] found replica for vector: 4
2025-11-18 17:23:28,665 - INFO - MainThread - server_logic - [DEBUG] found replica for vector: 1
2025-11-18 17:23:28,665 - INFO - MainThread - server_logic - [DEBUG] found replica for vector: 2
2025-11-18 17:23:28,665 - INFO - MainThread - server_logic - [DEBUG] found replica for vector: 3
2025-11-18 17:23:28,665 - INFO - MainThread - server_logic - [DEBUG] found replica for vector: 4
2025-11-18 17:23:28,665 - INFO - MainThread - server_logic - [DEBUG] found replica for vector: 1
2025-11-18 17:23:28,665 - INFO - MainThread - server_logic - [DEBUG] found replica for vector: 2
2025-11-18 17:23:28,665 - INFO - MainThread - server_logic - [DEBUG] found replica for vector: 3
2025-11-18 17:23:28,665 - INFO - MainThread - server_logic - [DEBUG] to me replica for vector: 3
2025-11-18 17:23:28,665 - INFO - MainThread - server_logic - [DEBUG] found replica for vector: 1
2025-11-18 17:23:28,665 - INFO - MainThread - server_logic - [DEBUG] found replica for vector: 2
2025-11-18 17:23:28,665 - INFO - MainThread - server_logic - [DEBUG] found replica for vector: 3
2025-11-18 17:23:28,665 - INFO - MainThread - server_logic - [DEBUG] to me replica for vector: 3
2025-11-18 17:23:28,665 - INFO - MainThread - server_logic - [DEBUG] found replica for vector: 1
2025-11-18 17:23:28,665 - INFO - MainThread - server_logic - [DEBUG] found replica for vector: 2
2025-11-18 17:23:28,665 - INFO - MainThread - server_logic - [DEBUG] found replica for vector: 3
2025-11-18 17:23:28,665 - INFO - MainThread - server_logic - [DEBUG] found replica for vector: 4
2025-11-18 17:23:28,665 - INFO - MainThread - server_logic - [DEBUG] found replica for vector: 1
2025-11-18 17:23:28,665 - INFO - MainThread - server_logic - [DEBUG] found replica for vector: 2
2025-11-18 17:23:28,665 - INFO - MainThread - server_logic - [DEBUG] found replica for vector: 3
2025-11-18 17:23:28,665 - INFO - MainThread - server_logic - [DEBUG] found replica for vector: 4
2025-11-18 17:23:28,665 - INFO - MainThread - server_logic - [DEBUG] found replica for vector: 1
2025-11-18 17:23:28,665 - INFO - MainThread - server_logic - [DEBUG] found replica for vector: 2
2025-11-18 17:23:28,665 - INFO - MainThread - server_logic - [DEBUG] found replica for vector: 3
2025-11-18 17:23:28,665 - INFO - MainThread - server_logic - [DEBUG] found replica for vector: 4
2025-11-18 17:23:28,665 - INFO - MainThread - server_logic - [DEBUG] found replica for vector: 1
2025-11-18 17:23:28,665 - INFO - MainThread - server_logic - [DEBUG] found replica for vector: 2
2025-11-18 17:23:28,665 - INFO - MainThread - server_logic - [DEBUG] found replica for vector: 3
2025-11-18 17:23:28,665 - INFO - MainThread - server_logic - [DEBUG] found replica for vector: 4
2025-11-18 17:23:28,665 - INFO - MainThread - server_logic - [DEBUG] found replica for vector: 1
2025-11-18 17:23:28,665 - INFO - MainThread - server_logic - [DEBUG] found replica for vector: 2
2025-11-18 17:23:28,665 - INFO - MainThread - server_logic - [DEBUG] found replica for vector: 3
2025-11-18 17:23:28,665 - INFO - MainThread - server_logic - [DEBUG] found replica for vector: 4
2025-11-18 17:23:28,665 - INFO - MainThread - server_logic - [DEBUG] found replica for vector: 1
2025-11-18 17:23:28,665 - INFO - MainThread - server_logic - [DEBUG] found replica for vector: 2
2025-11-18 17:23:28,665 - INFO - MainThread - server_logic - [DEBUG] found replica for vector: 3
2025-11-18 17:23:28,665 - INFO - MainThread - server_logic - [DEBUG] to me replica for vector: 3
2025-11-18 17:23:28,665 - INFO - MainThread - server_logic - [DEBUG] found replica for vector: 1
2025-11-18 17:23:28,665 - INFO - MainThread - server_logic - [DEBUG] found replica for vector: 2
2025-11-18 17:23:28,665 - INFO - MainThread - server_logic - [DEBUG] found replica for vector: 3
2025-11-18 17:23:28,665 - INFO - MainThread - server_logic - [DEBUG] found replica for vector: 4
2025-11-18 17:23:28,665 - INFO - MainThread - server_logic - [DEBUG] found replica for vector: 1
2025-11-18 17:23:28,665 - INFO - MainThread - server_logic - [DEBUG] found replica for vector: 2
2025-11-18 17:23:28,665 - INFO - MainThread - server_logic - [DEBUG] found replica for vector: 3
2025-11-18 17:23:28,665 - INFO - MainThread - server_logic - [DEBUG] found replica for vector: 4
2025-11-18 17:23:28,665 - INFO - MainThread - server_logic - [DEBUG] found replica for vector: 1
2025-11-18 17:23:28,665 - INFO - MainThread - server_logic - [DEBUG] found replica for vector: 2
2025-11-18 17:23:28,666 - INFO - MainThread - server_logic - [DEBUG] found replica for vector: 3
2025-11-18 17:23:28,666 - INFO - MainThread - server_logic - [DEBUG] found replica for vector: 4
2025-11-18 17:23:28,666 - INFO - MainThread - server_logic - [DEBUG] found replica for vector: 1
2025-11-18 17:23:28,666 - INFO - MainThread - server_logic - [DEBUG] found replica for vector: 2
2025-11-18 17:23:28,666 - INFO - MainThread - server_logic - [DEBUG] found replica for vector: 3
2025-11-18 17:23:28,666 - INFO - MainThread - server_logic - [DEBUG] found replica for vector: 4
2025-11-18 17:23:28,666 - INFO - MainThread - server_logic - [DEBUG] found replica for vector: 1
2025-11-18 17:23:28,666 - INFO - MainThread - server_logic - [DEBUG] found replica for vector: 2
2025-11-18 17:23:28,666 - INFO - MainThread - server_logic - [DEBUG] found replica for vector: 3
2025-11-18 17:23:28,666 - INFO - MainThread - server_logic - [DEBUG] found replica for vector: 4
2025-11-18 17:23:28,666 - INFO - MainThread - server_logic - [DEBUG] found replica for vector: 1
2025-11-18 17:23:28,666 - INFO - MainThread - server_logic - [DEBUG] found replica for vector: 2
2025-11-18 17:23:28,666 - INFO - MainThread - server_logic - [DEBUG] found replica for vector: 3
2025-11-18 17:23:28,666 - INFO - MainThread - server_logic - [DEBUG] to me replica for vector: 3
2025-11-18 17:23:28,666 - INFO - MainThread - server_logic - [DEBUG] found replica for vector: 1
2025-11-18 17:23:28,666 - INFO - MainThread - server_logic - [DEBUG] found replica for vector: 2
2025-11-18 17:23:28,666 - INFO - MainThread - server_logic - [DEBUG] found replica for vector: 3
2025-11-18 17:23:28,666 - INFO - MainThread - server_logic - [DEBUG] found replica for vector: 4
2025-11-18 17:23:28,666 - INFO - MainThread - server_logic - [DEBUG] found replica for vector: 1
2025-11-18 17:23:28,666 - INFO - MainThread - server_logic - [DEBUG] found replica for vector: 2
2025-11-18 17:23:28,666 - INFO - MainThread - server_logic - [DEBUG] found replica for vector: 3
2025-11-18 17:23:28,666 - INFO - MainThread - server_logic - [DEBUG] found replica for vector: 4
2025-11-18 17:23:28,666 - INFO - MainThread - server_logic - [DEBUG] found replica for vector: 1
2025-11-18 17:23:28,666 - INFO - MainThread - server_logic - [DEBUG] found replica for vector: 2
2025-11-18 17:23:28,666 - INFO - MainThread - server_logic - [DEBUG] found replica for vector: 3
2025-11-18 17:23:28,666 - INFO - MainThread - server_logic - [DEBUG] found replica for vector: 4
2025-11-18 17:23:28,666 - INFO - MainThread - server_logic - [DEBUG] found replica for vector: 1
2025-11-18 17:23:28,666 - INFO - MainThread - server_logic - [DEBUG] found replica for vector: 2
2025-11-18 17:23:28,666 - INFO - MainThread - server_logic - [DEBUG] found replica for vector: 3
2025-11-18 17:23:28,666 - INFO - MainThread - server_logic - [DEBUG] to me replica for vector: 3
2025-11-18 17:23:28,666 - INFO - MainThread - server_logic - [DEBUG] found replica for vector: 1
2025-11-18 17:23:28,666 - INFO - MainThread - server_logic - [DEBUG] found replica for vector: 2
2025-11-18 17:23:28,666 - INFO - MainThread - server_logic - [DEBUG] found replica for vector: 3
2025-11-18 17:23:28,666 - INFO - MainThread - server_logic - [DEBUG] to me replica for vector: 3
2025-11-18 17:23:28,666 - INFO - MainThread - server_logic - [DEBUG] found replica for vector: 1
2025-11-18 17:23:28,666 - INFO - MainThread - server_logic - [DEBUG] found replica for vector: 2
2025-11-18 17:23:28,666 - INFO - MainThread - server_logic - [DEBUG] found replica for vector: 3
2025-11-18 17:23:28,666 - INFO - MainThread - server_logic - [DEBUG] found replica for vector: 4
2025-11-18 17:23:28,666 - INFO - MainThread - server_logic - [DEBUG] found replica for vector: 1
2025-11-18 17:23:28,666 - INFO - MainThread - server_logic - [DEBUG] found replica for vector: 2
2025-11-18 17:23:28,666 - INFO - MainThread - server_logic - [DEBUG] found replica for vector: 3
2025-11-18 17:23:28,666 - INFO - MainThread - server_logic - [DEBUG] found replica for vector: 4
2025-11-18 17:23:28,666 - INFO - MainThread - server_logic - [DEBUG] found replica for vector: 1
2025-11-18 17:23:28,666 - INFO - MainThread - server_logic - [DEBUG] found replica for vector: 2
2025-11-18 17:23:28,666 - INFO - MainThread - server_logic - [DEBUG] found replica for vector: 3
2025-11-18 17:23:28,666 - INFO - MainThread - server_logic - [DEBUG] found replica for vector: 4
2025-11-18 17:23:28,666 - INFO - MainThread - server_logic - [DEBUG] found replica for vector: 1
2025-11-18 17:23:28,666 - INFO - MainThread - server_logic - [DEBUG] found replica for vector: 2
2025-11-18 17:23:28,666 - INFO - MainThread - server_logic - [DEBUG] found replica for vector: 3
2025-11-18 17:23:28,666 - INFO - MainThread - server_logic - [DEBUG] found replica for vector: 4
2025-11-18 17:23:28,666 - INFO - MainThread - server_logic - [DEBUG] found replica for vector: 1
2025-11-18 17:23:28,666 - INFO - MainThread - server_logic - [DEBUG] found replica for vector: 2
2025-11-18 17:23:28,666 - INFO - MainThread - server_logic - [DEBUG] found replica for vector: 3
2025-11-18 17:23:28,666 - INFO - MainThread - server_logic - [DEBUG] found replica for vector: 4
2025-11-18 17:23:28,667 - INFO - MainThread - server_logic - [DEBUG] found replica for vector: 1
2025-11-18 17:23:28,667 - INFO - MainThread - server_logic - [DEBUG] found replica for vector: 2
2025-11-18 17:23:28,667 - INFO - MainThread - server_logic - [DEBUG] found replica for vector: 3
2025-11-18 17:23:28,667 - INFO - MainThread - server_logic - [DEBUG] found replica for vector: 4
2025-11-18 17:23:28,667 - INFO - MainThread - server_logic - [DEBUG] found replica for vector: 1
2025-11-18 17:23:28,667 - INFO - MainThread - server_logic - [DEBUG] found replica for vector: 2
2025-11-18 17:23:28,667 - INFO - MainThread - server_logic - [DEBUG] found replica for vector: 3
2025-11-18 17:23:28,667 - INFO - MainThread - server_logic - [DEBUG] to me replica for vector: 3
2025-11-18 17:23:28,667 - INFO - MainThread - server_logic - [DEBUG] found replica for vector: 1
2025-11-18 17:23:28,667 - INFO - MainThread - server_logic - [DEBUG] found replica for vector: 2
2025-11-18 17:23:28,667 - INFO - MainThread - server_logic - [DEBUG] found replica for vector: 3
2025-11-18 17:23:28,667 - INFO - MainThread - server_logic - [DEBUG] found replica for vector: 4
2025-11-18 17:23:28,667 - INFO - MainThread - server_logic - [DEBUG] found replica for vector: 1
2025-11-18 17:23:28,667 - INFO - MainThread - server_logic - [DEBUG] found replica for vector: 2
2025-11-18 17:23:28,667 - INFO - MainThread - server_logic - [DEBUG] found replica for vector: 3
2025-11-18 17:23:28,667 - INFO - MainThread - server_logic - [DEBUG] found replica for vector: 4
2025-11-18 17:23:28,667 - INFO - MainThread - server_logic - [DEBUG] found replica for vector: 1
2025-11-18 17:23:28,667 - INFO - MainThread - server_logic - [DEBUG] found replica for vector: 2
2025-11-18 17:23:28,667 - INFO - MainThread - server_logic - [DEBUG] found replica for vector: 3
2025-11-18 17:23:28,667 - INFO - MainThread - server_logic - [DEBUG] found replica for vector: 4
2025-11-18 17:23:28,667 - INFO - MainThread - server_logic - [DEBUG] found replica for vector: 1
2025-11-18 17:23:28,667 - INFO - MainThread - server_logic - [DEBUG] found replica for vector: 2
2025-11-18 17:23:28,667 - INFO - MainThread - server_logic - [DEBUG] found replica for vector: 3
2025-11-18 17:23:28,667 - INFO - MainThread - server_logic - [DEBUG] found replica for vector: 4
2025-11-18 17:23:28,667 - INFO - MainThread - server_logic - [DEBUG] found replica for vector: 1
2025-11-18 17:23:28,667 - INFO - MainThread - server_logic - [DEBUG] found replica for vector: 2
2025-11-18 17:23:28,667 - INFO - MainThread - server_logic - [DEBUG] found replica for vector: 3
2025-11-18 17:23:28,667 - INFO - MainThread - server_logic - [DEBUG] found replica for vector: 4
2025-11-18 17:23:28,667 - INFO - MainThread - server_logic - [DEBUG] found replica for vector: 1
2025-11-18 17:23:28,667 - INFO - MainThread - server_logic - [DEBUG] found replica for vector: 2
2025-11-18 17:23:28,667 - INFO - MainThread - server_logic - [DEBUG] found replica for vector: 3
2025-11-18 17:23:28,667 - INFO - MainThread - server_logic - [DEBUG] found replica for vector: 4
2025-11-18 17:23:28,667 - INFO - MainThread - server_logic - [DEBUG] found replica for vector: 1
2025-11-18 17:23:28,667 - INFO - MainThread - server_logic - [DEBUG] found replica for vector: 2
2025-11-18 17:23:28,667 - INFO - MainThread - server_logic - [DEBUG] found replica for vector: 3
2025-11-18 17:23:28,667 - INFO - MainThread - server_logic - [DEBUG] found replica for vector: 4
2025-11-18 17:23:28,667 - INFO - MainThread - server_logic - [DEBUG] found replica for vector: 1
2025-11-18 17:23:28,667 - INFO - MainThread - server_logic - [DEBUG] found replica for vector: 2
2025-11-18 17:23:28,667 - INFO - MainThread - server_logic - [DEBUG] found replica for vector: 3
2025-11-18 17:23:28,667 - INFO - MainThread - server_logic - [DEBUG] found replica for vector: 4
2025-11-18 17:23:28,667 - INFO - MainThread - server_logic - [DEBUG] found replica for vector: 1
2025-11-18 17:23:28,667 - INFO - MainThread - server_logic - [DEBUG] found replica for vector: 2
2025-11-18 17:23:28,667 - INFO - MainThread - server_logic - [DEBUG] found replica for vector: 3
2025-11-18 17:23:28,667 - INFO - MainThread - server_logic - [DEBUG] found replica for vector: 4
2025-11-18 17:23:28,667 - INFO - MainThread - server_logic - [DEBUG] found replica for vector: 1
2025-11-18 17:23:28,667 - INFO - MainThread - server_logic - [DEBUG] found replica for vector: 2
2025-11-18 17:23:28,667 - INFO - MainThread - server_logic - [DEBUG] found replica for vector: 3
2025-11-18 17:23:28,667 - INFO - MainThread - server_logic - [DEBUG] found replica for vector: 4
2025-11-18 17:23:28,667 - INFO - MainThread - server_logic - [DEBUG] found replica for vector: 1
2025-11-18 17:23:28,667 - INFO - MainThread - server_logic - [DEBUG] found replica for vector: 2
2025-11-18 17:23:28,667 - INFO - MainThread - server_logic - [DEBUG] found replica for vector: 3
2025-11-18 17:23:28,667 - INFO - MainThread - server_logic - [DEBUG] found replica for vector: 4
2025-11-18 17:23:28,667 - INFO - MainThread - server_logic - [DEBUG] found replica for vector: 1
2025-11-18 17:23:28,668 - INFO - MainThread - server_logic - [DEBUG] found replica for vector: 2
2025-11-18 17:23:28,668 - INFO - MainThread - server_logic - [DEBUG] found replica for vector: 3
2025-11-18 17:23:28,668 - INFO - MainThread - server_logic - [DEBUG] found replica for vector: 4
2025-11-18 17:23:28,668 - INFO - MainThread - server_logic - [DEBUG] found replica for vector: 1
2025-11-18 17:23:28,668 - INFO - MainThread - server_logic - [DEBUG] found replica for vector: 2
2025-11-18 17:23:28,668 - INFO - MainThread - server_logic - [DEBUG] found replica for vector: 3
2025-11-18 17:23:28,668 - INFO - MainThread - server_logic - [DEBUG] to me replica for vector: 3
2025-11-18 17:23:28,668 - INFO - MainThread - server_logic - [DEBUG] found replica for vector: 1
2025-11-18 17:23:28,668 - INFO - MainThread - server_logic - [DEBUG] found replica for vector: 2
2025-11-18 17:23:28,668 - INFO - MainThread - server_logic - [DEBUG] found replica for vector: 3
2025-11-18 17:23:28,668 - INFO - MainThread - server_logic - [DEBUG] found replica for vector: 4
2025-11-18 17:23:28,668 - INFO - MainThread - server_logic - [DEBUG] found replica for vector: 1
2025-11-18 17:23:28,668 - INFO - MainThread - server_logic - [DEBUG] found replica for vector: 2
2025-11-18 17:23:28,668 - INFO - MainThread - server_logic - [DEBUG] found replica for vector: 3
2025-11-18 17:23:28,668 - INFO - MainThread - server_logic - [DEBUG] found replica for vector: 4
2025-11-18 17:23:28,668 - INFO - MainThread - server_logic - [DEBUG] found replica for vector: 1
2025-11-18 17:23:28,668 - INFO - MainThread - server_logic - [DEBUG] found replica for vector: 2
2025-11-18 17:23:28,668 - INFO - MainThread - server_logic - [DEBUG] found replica for vector: 3
2025-11-18 17:23:28,668 - INFO - MainThread - server_logic - [DEBUG] to me replica for vector: 3
2025-11-18 17:23:28,668 - INFO - MainThread - server_logic - [DEBUG] found replica for vector: 1
2025-11-18 17:23:28,668 - INFO - MainThread - server_logic - [DEBUG] found replica for vector: 2
2025-11-18 17:23:28,668 - INFO - MainThread - server_logic - [DEBUG] found replica for vector: 3
2025-11-18 17:23:28,668 - INFO - MainThread - server_logic - [DEBUG] to me replica for vector: 3
2025-11-18 17:23:28,668 - INFO - MainThread - server_logic - [DEBUG] found replica for vector: 1
2025-11-18 17:23:28,668 - INFO - MainThread - server_logic - [DEBUG] found replica for vector: 2
2025-11-18 17:23:28,668 - INFO - MainThread - server_logic - [DEBUG] found replica for vector: 3
2025-11-18 17:23:28,668 - INFO - MainThread - server_logic - [DEBUG] found replica for vector: 4
2025-11-18 17:23:28,668 - INFO - MainThread - server_logic - [DEBUG] found replica for vector: 1
2025-11-18 17:23:28,668 - INFO - MainThread - server_logic - [DEBUG] found replica for vector: 2
2025-11-18 17:23:28,668 - INFO - MainThread - server_logic - [DEBUG] found replica for vector: 3
2025-11-18 17:23:28,668 - INFO - MainThread - server_logic - [DEBUG] found replica for vector: 4
2025-11-18 17:23:28,668 - INFO - MainThread - server_logic - [DEBUG] found replica for vector: 1
2025-11-18 17:23:28,668 - INFO - MainThread - server_logic - [DEBUG] found replica for vector: 2
2025-11-18 17:23:28,668 - INFO - MainThread - server_logic - [DEBUG] found replica for vector: 3
2025-11-18 17:23:28,668 - INFO - MainThread - server_logic - [DEBUG] found replica for vector: 4
2025-11-18 17:23:28,668 - INFO - MainThread - server_logic - [DEBUG] found replica for vector: 1
2025-11-18 17:23:28,668 - INFO - MainThread - server_logic - [DEBUG] found replica for vector: 2
2025-11-18 17:23:28,668 - INFO - MainThread - server_logic - [DEBUG] found replica for vector: 3
2025-11-18 17:23:28,668 - INFO - MainThread - server_logic - [DEBUG] found replica for vector: 4
2025-11-18 17:23:28,668 - INFO - MainThread - server_logic - [DEBUG] found replica for vector: 1
2025-11-18 17:23:28,668 - INFO - MainThread - server_logic - [DEBUG] found replica for vector: 2
2025-11-18 17:23:28,669 - INFO - MainThread - server_logic - [DEBUG] found replica for vector: 3
2025-11-18 17:23:28,669 - INFO - MainThread - server_logic - [DEBUG] found replica for vector: 4
2025-11-18 17:23:28,669 - INFO - MainThread - server_logic - [DEBUG] found replica for vector: 1
2025-11-18 17:23:28,669 - INFO - MainThread - server_logic - [DEBUG] found replica for vector: 2
2025-11-18 17:23:28,669 - INFO - MainThread - server_logic - [DEBUG] found replica for vector: 3
2025-11-18 17:23:28,669 - INFO - MainThread - server_logic - [DEBUG] found replica for vector: 4
2025-11-18 17:23:28,669 - INFO - MainThread - server_logic - [DEBUG] found replica for vector: 1
2025-11-18 17:23:28,669 - INFO - MainThread - server_logic - [DEBUG] found replica for vector: 2
2025-11-18 17:23:28,669 - INFO - MainThread - server_logic - [DEBUG] found replica for vector: 3
2025-11-18 17:23:28,669 - INFO - MainThread - server_logic - [DEBUG] found replica for vector: 4
2025-11-18 17:23:28,669 - INFO - MainThread - server_logic - [DEBUG] found replica for vector: 1
2025-11-18 17:23:28,669 - INFO - MainThread - server_logic - [DEBUG] found replica for vector: 2
2025-11-18 17:23:28,669 - INFO - MainThread - server_logic - [DEBUG] found replica for vector: 3
2025-11-18 17:23:28,669 - INFO - MainThread - server_logic - [DEBUG] to me replica for vector: 3
2025-11-18 17:23:28,669 - INFO - MainThread - server_logic - [DEBUG] found replica for vector: 1
2025-11-18 17:23:28,669 - INFO - MainThread - server_logic - [DEBUG] found replica for vector: 2
2025-11-18 17:23:28,669 - INFO - MainThread - server_logic - [DEBUG] found replica for vector: 3
2025-11-18 17:23:28,669 - INFO - MainThread - server_logic - [DEBUG] found replica for vector: 4
2025-11-18 17:23:28,669 - INFO - MainThread - server_logic - [DEBUG] found replica for vector: 1
2025-11-18 17:23:28,669 - INFO - MainThread - server_logic - [DEBUG] found replica for vector: 2
2025-11-18 17:23:28,669 - INFO - MainThread - server_logic - [DEBUG] found replica for vector: 3
2025-11-18 17:23:28,669 - INFO - MainThread - server_logic - [DEBUG] found replica for vector: 4
2025-11-18 17:23:28,669 - INFO - MainThread - server_logic - [DEBUG] found replica for vector: 1
2025-11-18 17:23:28,669 - INFO - MainThread - server_logic - [DEBUG] found replica for vector: 2
2025-11-18 17:23:28,669 - INFO - MainThread - server_logic - [DEBUG] found replica for vector: 3
2025-11-18 17:23:28,669 - INFO - MainThread - server_logic - [DEBUG] found replica for vector: 4
2025-11-18 17:23:28,669 - INFO - MainThread - server_logic - [DEBUG] found replica for vector: 1
2025-11-18 17:23:28,669 - INFO - MainThread - server_logic - [DEBUG] found replica for vector: 2
2025-11-18 17:23:28,669 - INFO - MainThread - server_logic - [DEBUG] found replica for vector: 3
2025-11-18 17:23:28,669 - INFO - MainThread - server_logic - [DEBUG] found replica for vector: 4
2025-11-18 17:23:28,669 - INFO - MainThread - server_logic - [DEBUG] found replica for vector: 1
2025-11-18 17:23:28,669 - INFO - MainThread - server_logic - [DEBUG] found replica for vector: 2
2025-11-18 17:23:28,669 - INFO - MainThread - server_logic - [DEBUG] found replica for vector: 3
2025-11-18 17:23:28,669 - INFO - MainThread - server_logic - [DEBUG] found replica for vector: 4
2025-11-18 17:23:28,669 - INFO - MainThread - server_logic - [DEBUG] found replica for vector: 1
2025-11-18 17:23:28,669 - INFO - MainThread - server_logic - [DEBUG] found replica for vector: 2
2025-11-18 17:23:28,669 - INFO - MainThread - server_logic - [DEBUG] found replica for vector: 3
2025-11-18 17:23:28,669 - INFO - MainThread - server_logic - [DEBUG] found replica for vector: 4
2025-11-18 17:23:28,669 - INFO - MainThread - server_logic - [DEBUG] found replica for vector: 1
2025-11-18 17:23:28,669 - INFO - MainThread - server_logic - [DEBUG] found replica for vector: 2
2025-11-18 17:23:28,669 - INFO - MainThread - server_logic - [DEBUG] found replica for vector: 3
2025-11-18 17:23:28,669 - INFO - MainThread - server_logic - [DEBUG] to me replica for vector: 3
2025-11-18 17:23:28,669 - INFO - MainThread - server_logic - [DEBUG] found replica for vector: 1
2025-11-18 17:23:28,669 - INFO - MainThread - server_logic - [DEBUG] found replica for vector: 2
2025-11-18 17:23:28,669 - INFO - MainThread - server_logic - [DEBUG] found replica for vector: 3
2025-11-18 17:23:28,669 - INFO - MainThread - server_logic - [DEBUG] found replica for vector: 4
2025-11-18 17:23:28,669 - INFO - MainThread - server_logic - [DEBUG] found replica for vector: 1
2025-11-18 17:23:28,669 - INFO - MainThread - server_logic - [DEBUG] found replica for vector: 2
2025-11-18 17:23:28,669 - INFO - MainThread - server_logic - [DEBUG] found replica for vector: 3
2025-11-18 17:23:28,669 - INFO - MainThread - server_logic - [DEBUG] to me replica for vector: 3
2025-11-18 17:23:28,669 - INFO - MainThread - server_logic - [DEBUG] found replica for vector: 1
2025-11-18 17:23:28,669 - INFO - MainThread - server_logic - [DEBUG] found replica for vector: 2
2025-11-18 17:23:28,669 - INFO - MainThread - server_logic - [DEBUG] found replica for vector: 3
2025-11-18 17:23:28,669 - INFO - MainThread - server_logic - [DEBUG] to me replica for vector: 3
2025-11-18 17:23:28,669 - INFO - MainThread - server_logic - [DEBUG] found replica for vector: 1
2025-11-18 17:23:28,669 - INFO - MainThread - server_logic - [DEBUG] found replica for vector: 2
2025-11-18 17:23:28,670 - INFO - MainThread - server_logic - [DEBUG] found replica for vector: 3
2025-11-18 17:23:28,670 - INFO - MainThread - server_logic - [DEBUG] found replica for vector: 4
2025-11-18 17:23:28,670 - INFO - MainThread - server_logic - [DEBUG] found replica for vector: 1
2025-11-18 17:23:28,670 - INFO - MainThread - server_logic - [DEBUG] found replica for vector: 2
2025-11-18 17:23:28,670 - INFO - MainThread - server_logic - [DEBUG] found replica for vector: 3
2025-11-18 17:23:28,670 - INFO - MainThread - server_logic - [DEBUG] found replica for vector: 4
2025-11-18 17:23:28,670 - INFO - MainThread - server_logic - [DEBUG] found replica for vector: 1
2025-11-18 17:23:28,670 - INFO - MainThread - server_logic - [DEBUG] found replica for vector: 2
2025-11-18 17:23:28,670 - INFO - MainThread - server_logic - [DEBUG] found replica for vector: 3
2025-11-18 17:23:28,670 - INFO - MainThread - server_logic - [DEBUG] found replica for vector: 4
2025-11-18 17:23:28,670 - INFO - MainThread - server_logic - [DEBUG] found replica for vector: 1
2025-11-18 17:23:28,670 - INFO - MainThread - server_logic - [DEBUG] found replica for vector: 2
2025-11-18 17:23:28,670 - INFO - MainThread - server_logic - [DEBUG] found replica for vector: 3
2025-11-18 17:23:28,670 - INFO - MainThread - server_logic - [DEBUG] found replica for vector: 4
2025-11-18 17:23:28,670 - INFO - MainThread - server_logic - [DEBUG] found replica for vector: 1
2025-11-18 17:23:28,670 - INFO - MainThread - server_logic - [DEBUG] found replica for vector: 2
2025-11-18 17:23:28,670 - INFO - MainThread - server_logic - [DEBUG] found replica for vector: 3
2025-11-18 17:23:28,670 - INFO - MainThread - server_logic - [DEBUG] found replica for vector: 4
2025-11-18 17:23:28,670 - INFO - MainThread - server_logic - [DEBUG] found replica for vector: 1
2025-11-18 17:23:28,670 - INFO - MainThread - server_logic - [DEBUG] found replica for vector: 2
2025-11-18 17:23:28,670 - INFO - MainThread - server_logic - [DEBUG] found replica for vector: 3
2025-11-18 17:23:28,670 - INFO - MainThread - server_logic - [DEBUG] found replica for vector: 4
2025-11-18 17:23:28,670 - INFO - MainThread - server_logic - [DEBUG] found replica for vector: 1
2025-11-18 17:23:28,670 - INFO - MainThread - server_logic - [DEBUG] found replica for vector: 2
2025-11-18 17:23:28,670 - INFO - MainThread - server_logic - [DEBUG] found replica for vector: 3
2025-11-18 17:23:28,670 - INFO - MainThread - server_logic - [DEBUG] found replica for vector: 4
2025-11-18 17:23:28,670 - INFO - MainThread - server_logic - [DEBUG] found replica for vector: 1
2025-11-18 17:23:28,670 - INFO - MainThread - server_logic - [DEBUG] found replica for vector: 2
2025-11-18 17:23:28,670 - INFO - MainThread - server_logic - [DEBUG] found replica for vector: 3
2025-11-18 17:23:28,670 - INFO - MainThread - server_logic - [DEBUG] found replica for vector: 4
2025-11-18 17:23:28,670 - INFO - MainThread - server_logic - [DEBUG] found replica for vector: 1
2025-11-18 17:23:28,670 - INFO - MainThread - server_logic - [DEBUG] found replica for vector: 2
2025-11-18 17:23:28,670 - INFO - MainThread - server_logic - [DEBUG] found replica for vector: 3
2025-11-18 17:23:28,670 - INFO - MainThread - server_logic - [DEBUG] found replica for vector: 4
2025-11-18 17:23:28,670 - INFO - MainThread - server_logic - [DEBUG] found replica for vector: 1
2025-11-18 17:23:28,670 - INFO - MainThread - server_logic - [DEBUG] found replica for vector: 2
2025-11-18 17:23:28,670 - INFO - MainThread - server_logic - [DEBUG] found replica for vector: 3
2025-11-18 17:23:28,670 - INFO - MainThread - server_logic - [DEBUG] found replica for vector: 4
2025-11-18 17:23:28,670 - INFO - MainThread - server_logic - [DEBUG] found replica for vector: 1
2025-11-18 17:23:28,670 - INFO - MainThread - server_logic - [DEBUG] found replica for vector: 2
2025-11-18 17:23:28,670 - INFO - MainThread - server_logic - [DEBUG] found replica for vector: 3
2025-11-18 17:23:28,670 - INFO - MainThread - server_logic - [DEBUG] to me replica for vector: 3
2025-11-18 17:23:28,670 - INFO - MainThread - server_logic - [DEBUG] found replica for vector: 1
2025-11-18 17:23:28,670 - INFO - MainThread - server_logic - [DEBUG] found replica for vector: 2
2025-11-18 17:23:28,670 - INFO - MainThread - server_logic - [DEBUG] found replica for vector: 3
2025-11-18 17:23:28,670 - INFO - MainThread - server_logic - [DEBUG] to me replica for vector: 3
2025-11-18 17:23:28,670 - INFO - MainThread - server_logic - [DEBUG] found replica for vector: 1
2025-11-18 17:23:28,670 - INFO - MainThread - server_logic - [DEBUG] found replica for vector: 2
2025-11-18 17:23:28,670 - INFO - MainThread - server_logic - [DEBUG] found replica for vector: 3
2025-11-18 17:23:28,670 - INFO - MainThread - server_logic - [DEBUG] found replica for vector: 4
2025-11-18 17:23:28,670 - INFO - MainThread - server_logic - [DEBUG] found replica for vector: 1
2025-11-18 17:23:28,670 - INFO - MainThread - server_logic - [DEBUG] found replica for vector: 2
2025-11-18 17:23:28,670 - INFO - MainThread - server_logic - [DEBUG] found replica for vector: 3
2025-11-18 17:23:28,670 - INFO - MainThread - server_logic - [DEBUG] found replica for vector: 4
2025-11-18 17:23:28,670 - INFO - MainThread - server_logic - [DEBUG] found replica for vector: 1
2025-11-18 17:23:28,670 - INFO - MainThread - server_logic - [DEBUG] found replica for vector: 2
2025-11-18 17:23:28,670 - INFO - MainThread - server_logic - [DEBUG] found replica for vector: 3
2025-11-18 17:23:28,671 - INFO - MainThread - server_logic - [DEBUG] to me replica for vector: 3
2025-11-18 17:23:28,671 - INFO - MainThread - server_logic - [DEBUG] found replica for vector: 1
2025-11-18 17:23:28,671 - INFO - MainThread - server_logic - [DEBUG] found replica for vector: 2
2025-11-18 17:23:28,671 - INFO - MainThread - server_logic - [DEBUG] found replica for vector: 3
2025-11-18 17:23:28,671 - INFO - MainThread - server_logic - [DEBUG] found replica for vector: 4
2025-11-18 17:23:28,671 - INFO - MainThread - server_logic - [DEBUG] found replica for vector: 1
2025-11-18 17:23:28,671 - INFO - MainThread - server_logic - [DEBUG] found replica for vector: 2
2025-11-18 17:23:28,671 - INFO - MainThread - server_logic - [DEBUG] found replica for vector: 3
2025-11-18 17:23:28,671 - INFO - MainThread - server_logic - [DEBUG] to me replica for vector: 3
2025-11-18 17:23:28,671 - INFO - MainThread - server_logic - [DEBUG] found replica for vector: 1
2025-11-18 17:23:28,671 - INFO - MainThread - server_logic - [DEBUG] found replica for vector: 2
2025-11-18 17:23:28,671 - INFO - MainThread - server_logic - [DEBUG] found replica for vector: 3
2025-11-18 17:23:28,671 - INFO - MainThread - server_logic - [DEBUG] found replica for vector: 4
2025-11-18 17:23:28,671 - INFO - MainThread - server_logic - [DEBUG] found replica for vector: 1
2025-11-18 17:23:28,671 - INFO - MainThread - server_logic - [DEBUG] found replica for vector: 2
2025-11-18 17:23:28,671 - INFO - MainThread - server_logic - [DEBUG] found replica for vector: 3
2025-11-18 17:23:28,671 - INFO - MainThread - server_logic - [DEBUG] to me replica for vector: 3
2025-11-18 17:23:28,671 - INFO - MainThread - server_logic - [DEBUG] found replica for vector: 1
2025-11-18 17:23:28,671 - INFO - MainThread - server_logic - [DEBUG] found replica for vector: 2
2025-11-18 17:23:28,671 - INFO - MainThread - server_logic - [DEBUG] found replica for vector: 3
2025-11-18 17:23:28,671 - INFO - MainThread - server_logic - [DEBUG] found replica for vector: 4
2025-11-18 17:23:28,671 - INFO - MainThread - server_logic - [DEBUG] found replica for vector: 1
2025-11-18 17:23:28,671 - INFO - MainThread - server_logic - [DEBUG] found replica for vector: 2
2025-11-18 17:23:28,671 - INFO - MainThread - server_logic - [DEBUG] found replica for vector: 3
2025-11-18 17:23:28,671 - INFO - MainThread - server_logic - [DEBUG] found replica for vector: 4
2025-11-18 17:23:28,671 - INFO - MainThread - server_logic - [DEBUG] found replica for vector: 1
2025-11-18 17:23:28,671 - INFO - MainThread - server_logic - [DEBUG] found replica for vector: 2
2025-11-18 17:23:28,671 - INFO - MainThread - server_logic - [DEBUG] found replica for vector: 3
2025-11-18 17:23:28,671 - INFO - MainThread - server_logic - [DEBUG] found replica for vector: 4
2025-11-18 17:23:28,671 - INFO - MainThread - server_logic - [DEBUG] found replica for vector: 1
2025-11-18 17:23:28,671 - INFO - MainThread - server_logic - [DEBUG] found replica for vector: 2
2025-11-18 17:23:28,671 - INFO - MainThread - server_logic - [DEBUG] found replica for vector: 3
2025-11-18 17:23:28,671 - INFO - MainThread - server_logic - [DEBUG] found replica for vector: 4
2025-11-18 17:23:28,671 - INFO - MainThread - server_logic - [DEBUG] found replica for vector: 1
2025-11-18 17:23:28,671 - INFO - MainThread - server_logic - [DEBUG] found replica for vector: 2
2025-11-18 17:23:28,671 - INFO - MainThread - server_logic - [DEBUG] found replica for vector: 3
2025-11-18 17:23:28,671 - INFO - MainThread - server_logic - [DEBUG] found replica for vector: 4
2025-11-18 17:23:28,671 - INFO - MainThread - server_logic - [DEBUG] found replica for vector: 1
2025-11-18 17:23:28,671 - INFO - MainThread - server_logic - [DEBUG] found replica for vector: 2
2025-11-18 17:23:28,671 - INFO - MainThread - server_logic - [DEBUG] found replica for vector: 3
2025-11-18 17:23:28,671 - INFO - MainThread - server_logic - [DEBUG] found replica for vector: 4
2025-11-18 17:23:28,671 - INFO - MainThread - server_logic - [DEBUG] found replica for vector: 1
2025-11-18 17:23:28,671 - INFO - MainThread - server_logic - [DEBUG] found replica for vector: 2
2025-11-18 17:23:28,671 - INFO - MainThread - server_logic - [DEBUG] found replica for vector: 3
2025-11-18 17:23:28,671 - INFO - MainThread - server_logic - [DEBUG] to me replica for vector: 3
2025-11-18 17:23:28,671 - INFO - MainThread - server_logic - [DEBUG] found replica for vector: 1
2025-11-18 17:23:28,671 - INFO - MainThread - server_logic - [DEBUG] found replica for vector: 2
2025-11-18 17:23:28,671 - INFO - MainThread - server_logic - [DEBUG] found replica for vector: 3
2025-11-18 17:23:28,671 - INFO - MainThread - server_logic - [DEBUG] found replica for vector: 4
2025-11-18 17:23:28,671 - INFO - MainThread - server_logic - [DEBUG] found replica for vector: 1
2025-11-18 17:23:28,671 - INFO - MainThread - server_logic - [DEBUG] found replica for vector: 2
2025-11-18 17:23:28,671 - INFO - MainThread - server_logic - [DEBUG] found replica for vector: 3
2025-11-18 17:23:28,671 - INFO - MainThread - server_logic - [DEBUG] found replica for vector: 4
2025-11-18 17:23:28,671 - INFO - MainThread - server_logic - [DEBUG] found replica for vector: 1
2025-11-18 17:23:28,672 - INFO - MainThread - server_logic - [DEBUG] found replica for vector: 2
2025-11-18 17:23:28,672 - INFO - MainThread - server_logic - [DEBUG] found replica for vector: 3
2025-11-18 17:23:28,672 - INFO - MainThread - server_logic - [DEBUG] found replica for vector: 4
2025-11-18 17:23:28,672 - INFO - MainThread - server_logic - [DEBUG] found replica for vector: 1
2025-11-18 17:23:28,672 - INFO - MainThread - server_logic - [DEBUG] found replica for vector: 2
2025-11-18 17:23:28,672 - INFO - MainThread - server_logic - [DEBUG] found replica for vector: 3
2025-11-18 17:23:28,672 - INFO - MainThread - server_logic - [DEBUG] found replica for vector: 4
2025-11-18 17:23:28,672 - INFO - MainThread - server_logic - [DEBUG] found replica for vector: 1
2025-11-18 17:23:28,672 - INFO - MainThread - server_logic - [DEBUG] found replica for vector: 2
2025-11-18 17:23:28,672 - INFO - MainThread - server_logic - [DEBUG] found replica for vector: 3
2025-11-18 17:23:28,672 - INFO - MainThread - server_logic - [DEBUG] found replica for vector: 4
2025-11-18 17:23:28,672 - INFO - MainThread - server_logic - [DEBUG] found replica for vector: 1
2025-11-18 17:23:28,672 - INFO - MainThread - server_logic - [DEBUG] found replica for vector: 2
2025-11-18 17:23:28,672 - INFO - MainThread - server_logic - [DEBUG] found replica for vector: 3
2025-11-18 17:23:28,672 - INFO - MainThread - server_logic - [DEBUG] to me replica for vector: 3
2025-11-18 17:23:28,672 - INFO - MainThread - server_logic - [DEBUG] found replica for vector: 1
2025-11-18 17:23:28,672 - INFO - MainThread - server_logic - [DEBUG] found replica for vector: 2
2025-11-18 17:23:28,672 - INFO - MainThread - server_logic - [DEBUG] found replica for vector: 3
2025-11-18 17:23:28,672 - INFO - MainThread - server_logic - [DEBUG] found replica for vector: 4
2025-11-18 17:23:28,672 - INFO - MainThread - server_logic - [DEBUG] found replica for vector: 1
2025-11-18 17:23:28,672 - INFO - MainThread - server_logic - [DEBUG] found replica for vector: 2
2025-11-18 17:23:28,672 - INFO - MainThread - server_logic - [DEBUG] found replica for vector: 3
2025-11-18 17:23:28,672 - INFO - MainThread - server_logic - [DEBUG] found replica for vector: 4
2025-11-18 17:23:28,672 - INFO - MainThread - server_logic - [DEBUG] found replica for vector: 1
2025-11-18 17:23:28,672 - INFO - MainThread - server_logic - [DEBUG] found replica for vector: 2
2025-11-18 17:23:28,672 - INFO - MainThread - server_logic - [DEBUG] found replica for vector: 3
2025-11-18 17:23:28,672 - INFO - MainThread - server_logic - [DEBUG] to me replica for vector: 3
2025-11-18 17:23:28,672 - INFO - MainThread - server_logic - [DEBUG] found replica for vector: 1
2025-11-18 17:23:28,672 - INFO - MainThread - server_logic - [DEBUG] found replica for vector: 2
2025-11-18 17:23:28,672 - INFO - MainThread - server_logic - [DEBUG] found replica for vector: 3
2025-11-18 17:23:28,672 - INFO - MainThread - server_logic - [DEBUG] found replica for vector: 4
2025-11-18 17:23:28,672 - INFO - MainThread - server_logic - [DEBUG] found replica for vector: 1
2025-11-18 17:23:28,672 - INFO - MainThread - server_logic - [DEBUG] found replica for vector: 2
2025-11-18 17:23:28,672 - INFO - MainThread - server_logic - [DEBUG] found replica for vector: 3
2025-11-18 17:23:28,672 - INFO - MainThread - server_logic - [DEBUG] found replica for vector: 4
2025-11-18 17:23:28,672 - INFO - MainThread - server_logic - [DEBUG] found replica for vector: 1
2025-11-18 17:23:28,672 - INFO - MainThread - server_logic - [DEBUG] found replica for vector: 2
2025-11-18 17:23:28,672 - INFO - MainThread - server_logic - [DEBUG] found replica for vector: 3
2025-11-18 17:23:28,672 - INFO - MainThread - server_logic - [DEBUG] to me replica for vector: 3
2025-11-18 17:23:28,672 - INFO - MainThread - server_logic - [DEBUG] found replica for vector: 1
2025-11-18 17:23:28,672 - INFO - MainThread - server_logic - [DEBUG] found replica for vector: 2
2025-11-18 17:23:28,672 - INFO - MainThread - server_logic - [DEBUG] found replica for vector: 3
2025-11-18 17:23:28,672 - INFO - MainThread - server_logic - [DEBUG] found replica for vector: 4
2025-11-18 17:23:28,672 - INFO - MainThread - server_logic - [DEBUG] found replica for vector: 1
2025-11-18 17:23:28,672 - INFO - MainThread - server_logic - [DEBUG] found replica for vector: 2
2025-11-18 17:23:28,672 - INFO - MainThread - server_logic - [DEBUG] found replica for vector: 3
2025-11-18 17:23:28,672 - INFO - MainThread - server_logic - [DEBUG] found replica for vector: 4
2025-11-18 17:23:28,672 - INFO - MainThread - server_logic - [DEBUG] found replica for vector: 1
2025-11-18 17:23:28,672 - INFO - MainThread - server_logic - [DEBUG] found replica for vector: 2
2025-11-18 17:23:28,672 - INFO - MainThread - server_logic - [DEBUG] found replica for vector: 3
2025-11-18 17:23:28,672 - INFO - MainThread - server_logic - [DEBUG] found replica for vector: 4
2025-11-18 17:23:28,672 - INFO - MainThread - server_logic - [DEBUG] found replica for vector: 1
2025-11-18 17:23:28,672 - INFO - MainThread - server_logic - [DEBUG] found replica for vector: 2
2025-11-18 17:23:28,672 - INFO - MainThread - server_logic - [DEBUG] found replica for vector: 3
2025-11-18 17:23:28,672 - INFO - MainThread - server_logic - [DEBUG] found replica for vector: 4
2025-11-18 17:23:28,672 - INFO - MainThread - server_logic - [DEBUG] found replica for vector: 1
2025-11-18 17:23:28,672 - INFO - MainThread - server_logic - [DEBUG] found replica for vector: 2
2025-11-18 17:23:28,672 - INFO - MainThread - server_logic - [DEBUG] found replica for vector: 3
2025-11-18 17:23:28,672 - INFO - MainThread - server_logic - [DEBUG] found replica for vector: 4
2025-11-18 17:23:28,673 - INFO - MainThread - server_logic - [DEBUG] found replica for vector: 1
2025-11-18 17:23:28,673 - INFO - MainThread - server_logic - [DEBUG] found replica for vector: 2
2025-11-18 17:23:28,673 - INFO - MainThread - server_logic - [DEBUG] found replica for vector: 3
2025-11-18 17:23:28,673 - INFO - MainThread - server_logic - [DEBUG] found replica for vector: 4
2025-11-18 17:23:28,673 - INFO - MainThread - server_logic - [DEBUG] found replica for vector: 1
2025-11-18 17:23:28,673 - INFO - MainThread - server_logic - [DEBUG] found replica for vector: 2
2025-11-18 17:23:28,673 - INFO - MainThread - server_logic - [DEBUG] found replica for vector: 3
2025-11-18 17:23:28,673 - INFO - MainThread - server_logic - [DEBUG] found replica for vector: 4
2025-11-18 17:23:28,673 - INFO - MainThread - server_logic - [DEBUG] found replica for vector: 1
2025-11-18 17:23:28,673 - INFO - MainThread - server_logic - [DEBUG] found replica for vector: 2
2025-11-18 17:23:28,673 - INFO - MainThread - server_logic - [DEBUG] found replica for vector: 3
2025-11-18 17:23:28,673 - INFO - MainThread - server_logic - [DEBUG] found replica for vector: 4
2025-11-18 17:23:28,673 - INFO - MainThread - server_logic - [DEBUG] found replica for vector: 1
2025-11-18 17:23:28,673 - INFO - MainThread - server_logic - [DEBUG] found replica for vector: 2
2025-11-18 17:23:28,673 - INFO - MainThread - server_logic - [DEBUG] found replica for vector: 3
2025-11-18 17:23:28,673 - INFO - MainThread - server_logic - [DEBUG] found replica for vector: 4
2025-11-18 17:23:28,673 - INFO - MainThread - server_logic - [DEBUG] found replica for vector: 1
2025-11-18 17:23:28,673 - INFO - MainThread - server_logic - [DEBUG] found replica for vector: 2
2025-11-18 17:23:28,673 - INFO - MainThread - server_logic - [DEBUG] found replica for vector: 3
2025-11-18 17:23:28,673 - INFO - MainThread - server_logic - [DEBUG] to me replica for vector: 3
2025-11-18 17:23:28,673 - INFO - MainThread - server_logic - [DEBUG] found replica for vector: 1
2025-11-18 17:23:28,673 - INFO - MainThread - server_logic - [DEBUG] found replica for vector: 2
2025-11-18 17:23:28,673 - INFO - MainThread - server_logic - [DEBUG] found replica for vector: 3
2025-11-18 17:23:28,673 - INFO - MainThread - server_logic - [DEBUG] found replica for vector: 4
2025-11-18 17:23:28,673 - INFO - MainThread - server_logic - [DEBUG] found replica for vector: 1
2025-11-18 17:23:28,673 - INFO - MainThread - server_logic - [DEBUG] found replica for vector: 2
2025-11-18 17:23:28,673 - INFO - MainThread - server_logic - [DEBUG] found replica for vector: 3
2025-11-18 17:23:28,673 - INFO - MainThread - server_logic - [DEBUG] found replica for vector: 4
2025-11-18 17:23:28,673 - INFO - MainThread - server_logic - [DEBUG] found replica for vector: 1
2025-11-18 17:23:28,673 - INFO - MainThread - server_logic - [DEBUG] found replica for vector: 2
2025-11-18 17:23:28,673 - INFO - MainThread - server_logic - [DEBUG] found replica for vector: 3
2025-11-18 17:23:28,673 - INFO - MainThread - server_logic - [DEBUG] found replica for vector: 4
2025-11-18 17:23:28,673 - INFO - MainThread - server_logic - [DEBUG] found replica for vector: 1
2025-11-18 17:23:28,673 - INFO - MainThread - server_logic - [DEBUG] found replica for vector: 2
2025-11-18 17:23:28,673 - INFO - MainThread - server_logic - [DEBUG] found replica for vector: 3
2025-11-18 17:23:28,673 - INFO - MainThread - server_logic - [DEBUG] to me replica for vector: 3
2025-11-18 17:23:28,673 - INFO - MainThread - server_logic - [DEBUG] found replica for vector: 1
2025-11-18 17:23:28,673 - INFO - MainThread - server_logic - [DEBUG] found replica for vector: 2
2025-11-18 17:23:28,673 - INFO - MainThread - server_logic - [DEBUG] found replica for vector: 3
2025-11-18 17:23:28,673 - INFO - MainThread - server_logic - [DEBUG] found replica for vector: 4
2025-11-18 17:23:28,673 - INFO - MainThread - server_logic - [DEBUG] found replica for vector: 1
2025-11-18 17:23:28,673 - INFO - MainThread - server_logic - [DEBUG] found replica for vector: 2
2025-11-18 17:23:28,673 - INFO - MainThread - server_logic - [DEBUG] found replica for vector: 3
2025-11-18 17:23:28,673 - INFO - MainThread - server_logic - [DEBUG] found replica for vector: 4
2025-11-18 17:23:28,673 - INFO - MainThread - server_logic - [DEBUG] found replica for vector: 1
2025-11-18 17:23:28,673 - INFO - MainThread - server_logic - [DEBUG] found replica for vector: 2
2025-11-18 17:23:28,673 - INFO - MainThread - server_logic - [DEBUG] found replica for vector: 3
2025-11-18 17:23:28,673 - INFO - MainThread - server_logic - [DEBUG] found replica for vector: 4
2025-11-18 17:23:28,673 - INFO - MainThread - server_logic - [DEBUG] found replica for vector: 1
2025-11-18 17:23:28,673 - INFO - MainThread - server_logic - [DEBUG] found replica for vector: 2
2025-11-18 17:23:28,673 - INFO - MainThread - server_logic - [DEBUG] found replica for vector: 3
2025-11-18 17:23:28,673 - INFO - MainThread - server_logic - [DEBUG] found replica for vector: 4
2025-11-18 17:23:28,673 - INFO - MainThread - server_logic - [DEBUG] found replica for vector: 1
2025-11-18 17:23:28,673 - INFO - MainThread - server_logic - [DEBUG] found replica for vector: 2
2025-11-18 17:23:28,674 - INFO - MainThread - server_logic - [DEBUG] found replica for vector: 3
2025-11-18 17:23:28,674 - INFO - MainThread - server_logic - [DEBUG] to me replica for vector: 3
2025-11-18 17:23:28,674 - INFO - MainThread - server_logic - [DEBUG] found replica for vector: 1
2025-11-18 17:23:28,674 - INFO - MainThread - server_logic - [DEBUG] found replica for vector: 2
2025-11-18 17:23:28,674 - INFO - MainThread - server_logic - [DEBUG] found replica for vector: 3
2025-11-18 17:23:28,674 - INFO - MainThread - server_logic - [DEBUG] to me replica for vector: 3
2025-11-18 17:23:28,674 - INFO - MainThread - server_logic - [DEBUG] found replica for vector: 1
2025-11-18 17:23:28,674 - INFO - MainThread - server_logic - [DEBUG] found replica for vector: 2
2025-11-18 17:23:28,674 - INFO - MainThread - server_logic - [DEBUG] found replica for vector: 3
2025-11-18 17:23:28,674 - INFO - MainThread - server_logic - [DEBUG] to me replica for vector: 3
2025-11-18 17:23:28,674 - INFO - MainThread - server_logic - [DEBUG] found replica for vector: 1
2025-11-18 17:23:28,674 - INFO - MainThread - server_logic - [DEBUG] found replica for vector: 2
2025-11-18 17:23:28,674 - INFO - MainThread - server_logic - [DEBUG] found replica for vector: 3
2025-11-18 17:23:28,674 - INFO - MainThread - server_logic - [DEBUG] to me replica for vector: 3
2025-11-18 17:23:28,674 - INFO - MainThread - server_logic - [DEBUG] found replica for vector: 1
2025-11-18 17:23:28,674 - INFO - MainThread - server_logic - [DEBUG] found replica for vector: 2
2025-11-18 17:23:28,674 - INFO - MainThread - server_logic - [DEBUG] found replica for vector: 3
2025-11-18 17:23:28,674 - INFO - MainThread - server_logic - [DEBUG] to me replica for vector: 3
2025-11-18 17:23:28,674 - INFO - MainThread - server_logic - [DEBUG] found replica for vector: 1
2025-11-18 17:23:28,674 - INFO - MainThread - server_logic - [DEBUG] found replica for vector: 2
2025-11-18 17:23:28,674 - INFO - MainThread - server_logic - [DEBUG] found replica for vector: 3
2025-11-18 17:23:28,674 - INFO - MainThread - server_logic - [DEBUG] found replica for vector: 4
2025-11-18 17:23:28,674 - INFO - MainThread - server_logic - [DEBUG] found replica for vector: 1
2025-11-18 17:23:28,674 - INFO - MainThread - server_logic - [DEBUG] found replica for vector: 2
2025-11-18 17:23:28,674 - INFO - MainThread - server_logic - [DEBUG] found replica for vector: 3
2025-11-18 17:23:28,674 - INFO - MainThread - server_logic - [DEBUG] found replica for vector: 4
2025-11-18 17:23:28,674 - INFO - MainThread - server_logic - [DEBUG] found replica for vector: 1
2025-11-18 17:23:28,674 - INFO - MainThread - server_logic - [DEBUG] found replica for vector: 2
2025-11-18 17:23:28,674 - INFO - MainThread - server_logic - [DEBUG] found replica for vector: 3
2025-11-18 17:23:28,674 - INFO - MainThread - server_logic - [DEBUG] found replica for vector: 4
2025-11-18 17:23:28,674 - INFO - MainThread - server_logic - [DEBUG] found replica for vector: 1
2025-11-18 17:23:28,674 - INFO - MainThread - server_logic - [DEBUG] found replica for vector: 2
2025-11-18 17:23:28,674 - INFO - MainThread - server_logic - [DEBUG] found replica for vector: 3
2025-11-18 17:23:28,674 - INFO - MainThread - server_logic - [DEBUG] to me replica for vector: 3
2025-11-18 17:23:28,674 - INFO - MainThread - server_logic - [DEBUG] found replica for vector: 1
2025-11-18 17:23:28,674 - INFO - MainThread - server_logic - [DEBUG] found replica for vector: 2
2025-11-18 17:23:28,674 - INFO - MainThread - server_logic - [DEBUG] found replica for vector: 3
2025-11-18 17:23:28,674 - INFO - MainThread - server_logic - [DEBUG] found replica for vector: 4
2025-11-18 17:23:28,674 - INFO - MainThread - server_logic - [DEBUG] found replica for vector: 1
2025-11-18 17:23:28,674 - INFO - MainThread - server_logic - [DEBUG] found replica for vector: 2
2025-11-18 17:23:28,674 - INFO - MainThread - server_logic - [DEBUG] found replica for vector: 3
2025-11-18 17:23:28,674 - INFO - MainThread - server_logic - [DEBUG] found replica for vector: 4
2025-11-18 17:23:28,674 - INFO - MainThread - server_logic - [DEBUG] found replica for vector: 1
2025-11-18 17:23:28,674 - INFO - MainThread - server_logic - [DEBUG] found replica for vector: 2
2025-11-18 17:23:28,674 - INFO - MainThread - server_logic - [DEBUG] found replica for vector: 3
2025-11-18 17:23:28,674 - INFO - MainThread - server_logic - [DEBUG] found replica for vector: 4
2025-11-18 17:23:28,674 - INFO - MainThread - server_logic - [DEBUG] found replica for vector: 1
2025-11-18 17:23:28,674 - INFO - MainThread - server_logic - [DEBUG] found replica for vector: 2
2025-11-18 17:23:28,674 - INFO - MainThread - server_logic - [DEBUG] found replica for vector: 3
2025-11-18 17:23:28,674 - INFO - MainThread - server_logic - [DEBUG] found replica for vector: 4
2025-11-18 17:23:28,674 - INFO - MainThread - server_logic - [DEBUG] found replica for vector: 1
2025-11-18 17:23:28,674 - INFO - MainThread - server_logic - [DEBUG] found replica for vector: 2
2025-11-18 17:23:28,674 - INFO - MainThread - server_logic - [DEBUG] found replica for vector: 3
2025-11-18 17:23:28,674 - INFO - MainThread - server_logic - [DEBUG] found replica for vector: 4
2025-11-18 17:23:28,674 - INFO - MainThread - server_logic - [DEBUG] found replica for vector: 1
2025-11-18 17:23:28,675 - INFO - MainThread - server_logic - [DEBUG] found replica for vector: 2
2025-11-18 17:23:28,675 - INFO - MainThread - server_logic - [DEBUG] found replica for vector: 3
2025-11-18 17:23:28,675 - INFO - MainThread - server_logic - [DEBUG] to me replica for vector: 3
2025-11-18 17:23:28,675 - INFO - MainThread - server_logic - [DEBUG] found replica for vector: 1
2025-11-18 17:23:28,675 - INFO - MainThread - server_logic - [DEBUG] found replica for vector: 2
2025-11-18 17:23:28,675 - INFO - MainThread - server_logic - [DEBUG] found replica for vector: 3
2025-11-18 17:23:28,675 - INFO - MainThread - server_logic - [DEBUG] to me replica for vector: 3
2025-11-18 17:23:28,675 - INFO - MainThread - server_logic - [DEBUG] found replica for vector: 1
2025-11-18 17:23:28,675 - INFO - MainThread - server_logic - [DEBUG] found replica for vector: 2
2025-11-18 17:23:28,675 - INFO - MainThread - server_logic - [DEBUG] found replica for vector: 3
2025-11-18 17:23:28,675 - INFO - MainThread - server_logic - [DEBUG] found replica for vector: 4
2025-11-18 17:23:28,675 - INFO - MainThread - server_logic - [DEBUG] found replica for vector: 1
2025-11-18 17:23:28,675 - INFO - MainThread - server_logic - [DEBUG] found replica for vector: 2
2025-11-18 17:23:28,675 - INFO - MainThread - server_logic - [DEBUG] found replica for vector: 3
2025-11-18 17:23:28,675 - INFO - MainThread - server_logic - [DEBUG] found replica for vector: 4
2025-11-18 17:23:28,675 - INFO - MainThread - server_logic - [DEBUG] found replica for vector: 1
2025-11-18 17:23:28,675 - INFO - MainThread - server_logic - [DEBUG] found replica for vector: 2
2025-11-18 17:23:28,675 - INFO - MainThread - server_logic - [DEBUG] found replica for vector: 3
2025-11-18 17:23:28,675 - INFO - MainThread - server_logic - [DEBUG] found replica for vector: 4
2025-11-18 17:23:28,675 - INFO - MainThread - server_logic - [DEBUG] found replica for vector: 1
2025-11-18 17:23:28,675 - INFO - MainThread - server_logic - [DEBUG] found replica for vector: 2
2025-11-18 17:23:28,675 - INFO - MainThread - server_logic - [DEBUG] found replica for vector: 3
2025-11-18 17:23:28,675 - INFO - MainThread - server_logic - [DEBUG] found replica for vector: 4
2025-11-18 17:23:28,675 - INFO - MainThread - server_logic - [DEBUG] found replica for vector: 1
2025-11-18 17:23:28,675 - INFO - MainThread - server_logic - [DEBUG] found replica for vector: 2
2025-11-18 17:23:28,675 - INFO - MainThread - server_logic - [DEBUG] found replica for vector: 3
2025-11-18 17:23:28,675 - INFO - MainThread - server_logic - [DEBUG] to me replica for vector: 3
2025-11-18 17:23:28,675 - INFO - MainThread - server_logic - [DEBUG] found replica for vector: 1
2025-11-18 17:23:28,675 - INFO - MainThread - server_logic - [DEBUG] found replica for vector: 2
2025-11-18 17:23:28,675 - INFO - MainThread - server_logic - [DEBUG] found replica for vector: 3
2025-11-18 17:23:28,675 - INFO - MainThread - server_logic - [DEBUG] found replica for vector: 4
2025-11-18 17:23:28,675 - INFO - MainThread - server_logic - [DEBUG] found replica for vector: 1
2025-11-18 17:23:28,675 - INFO - MainThread - server_logic - [DEBUG] found replica for vector: 2
2025-11-18 17:23:28,675 - INFO - MainThread - server_logic - [DEBUG] found replica for vector: 3
2025-11-18 17:23:28,675 - INFO - MainThread - server_logic - [DEBUG] to me replica for vector: 3
2025-11-18 17:23:28,675 - INFO - MainThread - server_logic - [DEBUG] found replica for vector: 1
2025-11-18 17:23:28,675 - INFO - MainThread - server_logic - [DEBUG] found replica for vector: 2
2025-11-18 17:23:28,675 - INFO - MainThread - server_logic - [DEBUG] found replica for vector: 3
2025-11-18 17:23:28,675 - INFO - MainThread - server_logic - [DEBUG] to me replica for vector: 3
2025-11-18 17:23:28,675 - INFO - MainThread - server_logic - [DEBUG] found replica for vector: 1
2025-11-18 17:23:28,675 - INFO - MainThread - server_logic - [DEBUG] found replica for vector: 2
2025-11-18 17:23:28,675 - INFO - MainThread - server_logic - [DEBUG] found replica for vector: 3
2025-11-18 17:23:28,675 - INFO - MainThread - server_logic - [DEBUG] to me replica for vector: 3
2025-11-18 17:23:28,675 - INFO - MainThread - server_logic - [DEBUG] found replica for vector: 1
2025-11-18 17:23:28,675 - INFO - MainThread - server_logic - [DEBUG] found replica for vector: 2
2025-11-18 17:23:28,675 - INFO - MainThread - server_logic - [DEBUG] found replica for vector: 3
2025-11-18 17:23:28,675 - INFO - MainThread - server_logic - [DEBUG] to me replica for vector: 3
2025-11-18 17:23:28,675 - INFO - MainThread - server_logic - [DEBUG] found replica for vector: 1
2025-11-18 17:23:28,675 - INFO - MainThread - server_logic - [DEBUG] found replica for vector: 2
2025-11-18 17:23:28,675 - INFO - MainThread - server_logic - [DEBUG] found replica for vector: 3
2025-11-18 17:23:28,675 - INFO - MainThread - server_logic - [DEBUG] found replica for vector: 4
2025-11-18 17:23:28,675 - INFO - MainThread - server_logic - [DEBUG] found replica for vector: 1
2025-11-18 17:23:28,675 - INFO - MainThread - server_logic - [DEBUG] found replica for vector: 2
2025-11-18 17:23:28,675 - INFO - MainThread - server_logic - [DEBUG] found replica for vector: 3
2025-11-18 17:23:28,675 - INFO - MainThread - server_logic - [DEBUG] found replica for vector: 4
2025-11-18 17:23:28,676 - INFO - MainThread - server_logic - [DEBUG] found replica for vector: 1
2025-11-18 17:23:28,676 - INFO - MainThread - server_logic - [DEBUG] found replica for vector: 2
2025-11-18 17:23:28,676 - INFO - MainThread - server_logic - [DEBUG] found replica for vector: 3
2025-11-18 17:23:28,676 - INFO - MainThread - server_logic - [DEBUG] to me replica for vector: 3
2025-11-18 17:23:28,676 - INFO - MainThread - server_logic - [DEBUG] found replica for vector: 1
2025-11-18 17:23:28,676 - INFO - MainThread - server_logic - [DEBUG] found replica for vector: 2
2025-11-18 17:23:28,676 - INFO - MainThread - server_logic - [DEBUG] found replica for vector: 3
2025-11-18 17:23:28,676 - INFO - MainThread - server_logic - [DEBUG] found replica for vector: 4
2025-11-18 17:23:28,676 - INFO - MainThread - server_logic - [DEBUG] found replica for vector: 1
2025-11-18 17:23:28,676 - INFO - MainThread - server_logic - [DEBUG] found replica for vector: 2
2025-11-18 17:23:28,676 - INFO - MainThread - server_logic - [DEBUG] found replica for vector: 3
2025-11-18 17:23:28,676 - INFO - MainThread - server_logic - [DEBUG] found replica for vector: 4
2025-11-18 17:23:28,676 - INFO - MainThread - server_logic - [DEBUG] found replica for vector: 1
2025-11-18 17:23:28,676 - INFO - MainThread - server_logic - [DEBUG] found replica for vector: 2
2025-11-18 17:23:28,676 - INFO - MainThread - server_logic - [DEBUG] found replica for vector: 3
2025-11-18 17:23:28,676 - INFO - MainThread - server_logic - [DEBUG] found replica for vector: 4
2025-11-18 17:23:28,676 - INFO - MainThread - server_logic - [DEBUG] found replica for vector: 1
2025-11-18 17:23:28,676 - INFO - MainThread - server_logic - [DEBUG] found replica for vector: 2
2025-11-18 17:23:28,676 - INFO - MainThread - server_logic - [DEBUG] found replica for vector: 3
2025-11-18 17:23:28,676 - INFO - MainThread - server_logic - [DEBUG] found replica for vector: 4
2025-11-18 17:23:28,676 - INFO - MainThread - server_logic - [DEBUG] found replica for vector: 1
2025-11-18 17:23:28,676 - INFO - MainThread - server_logic - [DEBUG] found replica for vector: 2
2025-11-18 17:23:28,676 - INFO - MainThread - server_logic - [DEBUG] found replica for vector: 3
2025-11-18 17:23:28,676 - INFO - MainThread - server_logic - [DEBUG] found replica for vector: 4
2025-11-18 17:23:28,676 - INFO - MainThread - server_logic - [DEBUG] found replica for vector: 1
2025-11-18 17:23:28,676 - INFO - MainThread - server_logic - [DEBUG] found replica for vector: 2
2025-11-18 17:23:28,676 - INFO - MainThread - server_logic - [DEBUG] found replica for vector: 3
2025-11-18 17:23:28,676 - INFO - MainThread - server_logic - [DEBUG] found replica for vector: 4
2025-11-18 17:23:28,676 - INFO - MainThread - server_logic - [DEBUG] found replica for vector: 1
2025-11-18 17:23:28,676 - INFO - MainThread - server_logic - [DEBUG] found replica for vector: 2
2025-11-18 17:23:28,676 - INFO - MainThread - server_logic - [DEBUG] found replica for vector: 3
2025-11-18 17:23:28,676 - INFO - MainThread - server_logic - [DEBUG] found replica for vector: 4
2025-11-18 17:23:28,676 - INFO - MainThread - server_logic - [DEBUG] found replica for vector: 1
2025-11-18 17:23:28,676 - INFO - MainThread - server_logic - [DEBUG] found replica for vector: 2
2025-11-18 17:23:28,676 - INFO - MainThread - server_logic - [DEBUG] found replica for vector: 3
2025-11-18 17:23:28,676 - INFO - MainThread - server_logic - [DEBUG] found replica for vector: 4
2025-11-18 17:23:28,676 - INFO - MainThread - server_logic - [DEBUG] found replica for vector: 1
2025-11-18 17:23:28,676 - INFO - MainThread - server_logic - [DEBUG] found replica for vector: 2
2025-11-18 17:23:28,676 - INFO - MainThread - server_logic - [DEBUG] found replica for vector: 3
2025-11-18 17:23:28,676 - INFO - MainThread - server_logic - [DEBUG] to me replica for vector: 3
2025-11-18 17:23:28,676 - INFO - MainThread - server_logic - [DEBUG] found replica for vector: 1
2025-11-18 17:23:28,676 - INFO - MainThread - server_logic - [DEBUG] found replica for vector: 2
2025-11-18 17:23:28,676 - INFO - MainThread - server_logic - [DEBUG] found replica for vector: 3
2025-11-18 17:23:28,676 - INFO - MainThread - server_logic - [DEBUG] found replica for vector: 4
2025-11-18 17:23:28,676 - INFO - MainThread - server_logic - [DEBUG] found replica for vector: 1
2025-11-18 17:23:28,676 - INFO - MainThread - server_logic - [DEBUG] found replica for vector: 2
2025-11-18 17:23:28,676 - INFO - MainThread - server_logic - [DEBUG] found replica for vector: 3
2025-11-18 17:23:28,676 - INFO - MainThread - server_logic - [DEBUG] found replica for vector: 4
2025-11-18 17:23:28,676 - INFO - MainThread - server_logic - [DEBUG] found replica for vector: 1
2025-11-18 17:23:28,676 - INFO - MainThread - server_logic - [DEBUG] found replica for vector: 2
2025-11-18 17:23:28,676 - INFO - MainThread - server_logic - [DEBUG] found replica for vector: 3
2025-11-18 17:23:28,676 - INFO - MainThread - server_logic - [DEBUG] to me replica for vector: 3
2025-11-18 17:23:28,676 - INFO - MainThread - server_logic - [DEBUG] found replica for vector: 1
2025-11-18 17:23:28,676 - INFO - MainThread - server_logic - [DEBUG] found replica for vector: 2
2025-11-18 17:23:28,676 - INFO - MainThread - server_logic - [DEBUG] found replica for vector: 3
2025-11-18 17:23:28,676 - INFO - MainThread - server_logic - [DEBUG] found replica for vector: 4
2025-11-18 17:23:28,676 - INFO - MainThread - server_logic - [DEBUG] found replica for vector: 1
2025-11-18 17:23:28,676 - INFO - MainThread - server_logic - [DEBUG] found replica for vector: 2
2025-11-18 17:23:28,676 - INFO - MainThread - server_logic - [DEBUG] found replica for vector: 3
2025-11-18 17:23:28,677 - INFO - MainThread - server_logic - [DEBUG] to me replica for vector: 3
2025-11-18 17:23:28,677 - INFO - MainThread - server_logic - [DEBUG] found replica for vector: 1
2025-11-18 17:23:28,677 - INFO - MainThread - server_logic - [DEBUG] found replica for vector: 2
2025-11-18 17:23:28,677 - INFO - MainThread - server_logic - [DEBUG] found replica for vector: 3
2025-11-18 17:23:28,677 - INFO - MainThread - server_logic - [DEBUG] found replica for vector: 4
2025-11-18 17:23:28,677 - INFO - MainThread - server_logic - [DEBUG] found replica for vector: 1
2025-11-18 17:23:28,677 - INFO - MainThread - server_logic - [DEBUG] found replica for vector: 2
2025-11-18 17:23:28,677 - INFO - MainThread - server_logic - [DEBUG] found replica for vector: 3
2025-11-18 17:23:28,677 - INFO - MainThread - server_logic - [DEBUG] found replica for vector: 4
2025-11-18 17:23:28,677 - INFO - MainThread - server_logic - [DEBUG] found replica for vector: 1
2025-11-18 17:23:28,677 - INFO - MainThread - server_logic - [DEBUG] found replica for vector: 2
2025-11-18 17:23:28,677 - INFO - MainThread - server_logic - [DEBUG] found replica for vector: 3
2025-11-18 17:23:28,677 - INFO - MainThread - server_logic - [DEBUG] found replica for vector: 4
2025-11-18 17:23:28,677 - INFO - MainThread - server_logic - [DEBUG] found replica for vector: 1
2025-11-18 17:23:28,677 - INFO - MainThread - server_logic - [DEBUG] found replica for vector: 2
2025-11-18 17:23:28,677 - INFO - MainThread - server_logic - [DEBUG] found replica for vector: 3
2025-11-18 17:23:28,677 - INFO - MainThread - server_logic - [DEBUG] to me replica for vector: 3
2025-11-18 17:23:28,677 - INFO - MainThread - server_logic - [DEBUG] found replica for vector: 1
2025-11-18 17:23:28,677 - INFO - MainThread - server_logic - [DEBUG] found replica for vector: 2
2025-11-18 17:23:28,677 - INFO - MainThread - server_logic - [DEBUG] found replica for vector: 3
2025-11-18 17:23:28,677 - INFO - MainThread - server_logic - [DEBUG] found replica for vector: 4
2025-11-18 17:23:28,677 - INFO - MainThread - server_logic - [DEBUG] found replica for vector: 1
2025-11-18 17:23:28,677 - INFO - MainThread - server_logic - [DEBUG] found replica for vector: 2
2025-11-18 17:23:28,677 - INFO - MainThread - server_logic - [DEBUG] found replica for vector: 3
2025-11-18 17:23:28,677 - INFO - MainThread - server_logic - [DEBUG] to me replica for vector: 3
2025-11-18 17:23:28,677 - INFO - MainThread - server_logic - [DEBUG] found replica for vector: 1
2025-11-18 17:23:28,677 - INFO - MainThread - server_logic - [DEBUG] found replica for vector: 2
2025-11-18 17:23:28,677 - INFO - MainThread - server_logic - [DEBUG] found replica for vector: 3
2025-11-18 17:23:28,677 - INFO - MainThread - server_logic - [DEBUG] found replica for vector: 4
2025-11-18 17:23:28,677 - INFO - MainThread - server_logic - [DEBUG] found replica for vector: 1
2025-11-18 17:23:28,677 - INFO - MainThread - server_logic - [DEBUG] found replica for vector: 2
2025-11-18 17:23:28,677 - INFO - MainThread - server_logic - [DEBUG] found replica for vector: 3
2025-11-18 17:23:28,677 - INFO - MainThread - server_logic - [DEBUG] to me replica for vector: 3
2025-11-18 17:23:28,677 - INFO - MainThread - server_logic - [DEBUG] found replica for vector: 1
2025-11-18 17:23:28,677 - INFO - MainThread - server_logic - [DEBUG] found replica for vector: 2
2025-11-18 17:23:28,677 - INFO - MainThread - server_logic - [DEBUG] found replica for vector: 3
2025-11-18 17:23:28,677 - INFO - MainThread - server_logic - [DEBUG] found replica for vector: 4
2025-11-18 17:23:28,677 - INFO - MainThread - server_logic - [DEBUG] found replica for vector: 1
2025-11-18 17:23:28,677 - INFO - MainThread - server_logic - [DEBUG] found replica for vector: 2
2025-11-18 17:23:28,677 - INFO - MainThread - server_logic - [DEBUG] found replica for vector: 3
2025-11-18 17:23:28,677 - INFO - MainThread - server_logic - [DEBUG] found replica for vector: 4
2025-11-18 17:23:28,677 - INFO - MainThread - server_logic - [DEBUG] found replica for vector: 1
2025-11-18 17:23:28,677 - INFO - MainThread - server_logic - [DEBUG] found replica for vector: 2
2025-11-18 17:23:28,677 - INFO - MainThread - server_logic - [DEBUG] found replica for vector: 3
2025-11-18 17:23:28,677 - INFO - MainThread - server_logic - [DEBUG] to me replica for vector: 3
2025-11-18 17:23:28,677 - INFO - MainThread - server_logic - [DEBUG] found replica for vector: 1
2025-11-18 17:23:28,677 - INFO - MainThread - server_logic - [DEBUG] found replica for vector: 2
2025-11-18 17:23:28,677 - INFO - MainThread - server_logic - [DEBUG] found replica for vector: 3
2025-11-18 17:23:28,677 - INFO - MainThread - server_logic - [DEBUG] found replica for vector: 4
2025-11-18 17:23:28,677 - INFO - MainThread - server_logic - [DEBUG] found replica for vector: 1
2025-11-18 17:23:28,677 - INFO - MainThread - server_logic - [DEBUG] found replica for vector: 2
2025-11-18 17:23:28,677 - INFO - MainThread - server_logic - [DEBUG] found replica for vector: 3
2025-11-18 17:23:28,677 - INFO - MainThread - server_logic - [DEBUG] found replica for vector: 4
2025-11-18 17:23:28,677 - INFO - MainThread - server_logic - [DEBUG] found replica for vector: 1
2025-11-18 17:23:28,677 - INFO - MainThread - server_logic - [DEBUG] found replica for vector: 2
2025-11-18 17:23:28,677 - INFO - MainThread - server_logic - [DEBUG] found replica for vector: 3
2025-11-18 17:23:28,677 - INFO - MainThread - server_logic - [DEBUG] to me replica for vector: 3
2025-11-18 17:23:28,678 - INFO - MainThread - server_logic - [DEBUG] found replica for vector: 1
2025-11-18 17:23:28,678 - INFO - MainThread - server_logic - [DEBUG] found replica for vector: 2
2025-11-18 17:23:28,678 - INFO - MainThread - server_logic - [DEBUG] found replica for vector: 3
2025-11-18 17:23:28,678 - INFO - MainThread - server_logic - [DEBUG] found replica for vector: 4
2025-11-18 17:23:28,678 - INFO - MainThread - server_logic - [DEBUG] found replica for vector: 1
2025-11-18 17:23:28,678 - INFO - MainThread - server_logic - [DEBUG] found replica for vector: 2
2025-11-18 17:23:28,678 - INFO - MainThread - server_logic - [DEBUG] found replica for vector: 3
2025-11-18 17:23:28,678 - INFO - MainThread - server_logic - [DEBUG] found replica for vector: 4
2025-11-18 17:23:28,678 - INFO - MainThread - server_logic - [DEBUG] found replica for vector: 1
2025-11-18 17:23:28,678 - INFO - MainThread - server_logic - [DEBUG] found replica for vector: 2
2025-11-18 17:23:28,678 - INFO - MainThread - server_logic - [DEBUG] found replica for vector: 3
2025-11-18 17:23:28,678 - INFO - MainThread - server_logic - [DEBUG] to me replica for vector: 3
2025-11-18 17:23:28,678 - INFO - MainThread - server_logic - [DEBUG] found replica for vector: 1
2025-11-18 17:23:28,678 - INFO - MainThread - server_logic - [DEBUG] found replica for vector: 2
2025-11-18 17:23:28,678 - INFO - MainThread - server_logic - [DEBUG] found replica for vector: 3
2025-11-18 17:23:28,678 - INFO - MainThread - server_logic - [DEBUG] found replica for vector: 4
2025-11-18 17:23:28,678 - INFO - MainThread - server_logic - [DEBUG] found replica for vector: 1
2025-11-18 17:23:28,678 - INFO - MainThread - server_logic - [DEBUG] found replica for vector: 2
2025-11-18 17:23:28,678 - INFO - MainThread - server_logic - [DEBUG] found replica for vector: 3
2025-11-18 17:23:28,678 - INFO - MainThread - server_logic - [DEBUG] found replica for vector: 4
2025-11-18 17:23:28,678 - INFO - MainThread - server_logic - [DEBUG] found replica for vector: 1
2025-11-18 17:23:28,678 - INFO - MainThread - server_logic - [DEBUG] found replica for vector: 2
2025-11-18 17:23:28,678 - INFO - MainThread - server_logic - [DEBUG] found replica for vector: 3
2025-11-18 17:23:28,678 - INFO - MainThread - server_logic - [DEBUG] to me replica for vector: 3
2025-11-18 17:23:28,678 - INFO - MainThread - server_logic - [DEBUG] found replica for vector: 1
2025-11-18 17:23:28,678 - INFO - MainThread - server_logic - [DEBUG] found replica for vector: 2
2025-11-18 17:23:28,678 - INFO - MainThread - server_logic - [DEBUG] found replica for vector: 3
2025-11-18 17:23:28,678 - INFO - MainThread - server_logic - [DEBUG] found replica for vector: 4
2025-11-18 17:23:28,678 - INFO - MainThread - server_logic - [DEBUG] found replica for vector: 1
2025-11-18 17:23:28,678 - INFO - MainThread - server_logic - [DEBUG] found replica for vector: 2
2025-11-18 17:23:28,678 - INFO - MainThread - server_logic - [DEBUG] found replica for vector: 3
2025-11-18 17:23:28,678 - INFO - MainThread - server_logic - [DEBUG] found replica for vector: 4
2025-11-18 17:23:28,678 - INFO - MainThread - server_logic - [DEBUG] found replica for vector: 1
2025-11-18 17:23:28,678 - INFO - MainThread - server_logic - [DEBUG] found replica for vector: 2
2025-11-18 17:23:28,678 - INFO - MainThread - server_logic - [DEBUG] found replica for vector: 3
2025-11-18 17:23:28,678 - INFO - MainThread - server_logic - [DEBUG] found replica for vector: 4
2025-11-18 17:23:28,678 - INFO - MainThread - server_logic - [DEBUG] found replica for vector: 1
2025-11-18 17:23:28,678 - INFO - MainThread - server_logic - [DEBUG] found replica for vector: 2
2025-11-18 17:23:28,678 - INFO - MainThread - server_logic - [DEBUG] found replica for vector: 3
2025-11-18 17:23:28,678 - INFO - MainThread - server_logic - [DEBUG] found replica for vector: 4
2025-11-18 17:23:28,678 - INFO - MainThread - server_logic - [DEBUG] found replica for vector: 1
2025-11-18 17:23:28,678 - INFO - MainThread - server_logic - [DEBUG] found replica for vector: 2
2025-11-18 17:23:28,678 - INFO - MainThread - server_logic - [DEBUG] found replica for vector: 3
2025-11-18 17:23:28,678 - INFO - MainThread - server_logic - [DEBUG] found replica for vector: 4
2025-11-18 17:23:28,678 - INFO - MainThread - server_logic - [DEBUG] found replica for vector: 1
2025-11-18 17:23:28,678 - INFO - MainThread - server_logic - [DEBUG] found replica for vector: 2
2025-11-18 17:23:28,678 - INFO - MainThread - server_logic - [DEBUG] found replica for vector: 3
2025-11-18 17:23:28,678 - INFO - MainThread - server_logic - [DEBUG] found replica for vector: 4
2025-11-18 17:23:28,678 - INFO - MainThread - server_logic - [DEBUG] found replica for vector: 1
2025-11-18 17:23:28,678 - INFO - MainThread - server_logic - [DEBUG] found replica for vector: 2
2025-11-18 17:23:28,678 - INFO - MainThread - server_logic - [DEBUG] found replica for vector: 3
2025-11-18 17:23:28,678 - INFO - MainThread - server_logic - [DEBUG] to me replica for vector: 3
2025-11-18 17:23:28,678 - INFO - MainThread - server_logic - [DEBUG] found replica for vector: 1
2025-11-18 17:23:28,678 - INFO - MainThread - server_logic - [DEBUG] found replica for vector: 2
2025-11-18 17:23:28,678 - INFO - MainThread - server_logic - [DEBUG] found replica for vector: 3
2025-11-18 17:23:28,678 - INFO - MainThread - server_logic - [DEBUG] found replica for vector: 4
2025-11-18 17:23:28,678 - INFO - MainThread - server_logic - [DEBUG] found replica for vector: 1
2025-11-18 17:23:28,678 - INFO - MainThread - server_logic - [DEBUG] found replica for vector: 2
2025-11-18 17:23:28,678 - INFO - MainThread - server_logic - [DEBUG] found replica for vector: 3
2025-11-18 17:23:28,679 - INFO - MainThread - server_logic - [DEBUG] found replica for vector: 4
2025-11-18 17:23:28,679 - INFO - MainThread - server_logic - [DEBUG] found replica for vector: 1
2025-11-18 17:23:28,679 - INFO - MainThread - server_logic - [DEBUG] found replica for vector: 2
2025-11-18 17:23:28,679 - INFO - MainThread - server_logic - [DEBUG] found replica for vector: 3
2025-11-18 17:23:28,679 - INFO - MainThread - server_logic - [DEBUG] found replica for vector: 4
2025-11-18 17:23:28,679 - INFO - MainThread - server_logic - [DEBUG] found replica for vector: 1
2025-11-18 17:23:28,679 - INFO - MainThread - server_logic - [DEBUG] found replica for vector: 2
2025-11-18 17:23:28,679 - INFO - MainThread - server_logic - [DEBUG] found replica for vector: 3
2025-11-18 17:23:28,679 - INFO - MainThread - server_logic - [DEBUG] found replica for vector: 4
2025-11-18 17:23:28,679 - INFO - MainThread - server_logic - [DEBUG] found replica for vector: 1
2025-11-18 17:23:28,679 - INFO - MainThread - server_logic - [DEBUG] found replica for vector: 2
2025-11-18 17:23:28,679 - INFO - MainThread - server_logic - [DEBUG] found replica for vector: 3
2025-11-18 17:23:28,679 - INFO - MainThread - server_logic - [DEBUG] found replica for vector: 4
2025-11-18 17:23:28,679 - INFO - MainThread - server_logic - [DEBUG] found replica for vector: 1
2025-11-18 17:23:28,679 - INFO - MainThread - server_logic - [DEBUG] found replica for vector: 2
2025-11-18 17:23:28,679 - INFO - MainThread - server_logic - [DEBUG] found replica for vector: 3
2025-11-18 17:23:28,679 - INFO - MainThread - server_logic - [DEBUG] to me replica for vector: 3
2025-11-18 17:23:28,679 - INFO - MainThread - server_logic - [DEBUG] found replica for vector: 1
2025-11-18 17:23:28,679 - INFO - MainThread - server_logic - [DEBUG] found replica for vector: 2
2025-11-18 17:23:28,679 - INFO - MainThread - server_logic - [DEBUG] found replica for vector: 3
2025-11-18 17:23:28,679 - INFO - MainThread - server_logic - [DEBUG] to me replica for vector: 3
2025-11-18 17:23:28,679 - INFO - MainThread - server_logic - [DEBUG] found replica for vector: 1
2025-11-18 17:23:28,679 - INFO - MainThread - server_logic - [DEBUG] found replica for vector: 2
2025-11-18 17:23:28,679 - INFO - MainThread - server_logic - [DEBUG] found replica for vector: 3
2025-11-18 17:23:28,679 - INFO - MainThread - server_logic - [DEBUG] found replica for vector: 4
2025-11-18 17:23:28,679 - INFO - MainThread - server_logic - [DEBUG] found replica for vector: 1
2025-11-18 17:23:28,679 - INFO - MainThread - server_logic - [DEBUG] found replica for vector: 2
2025-11-18 17:23:28,679 - INFO - MainThread - server_logic - [DEBUG] found replica for vector: 3
2025-11-18 17:23:28,679 - INFO - MainThread - server_logic - [DEBUG] to me replica for vector: 3
2025-11-18 17:23:28,679 - INFO - MainThread - server_logic - [DEBUG] found replica for vector: 1
2025-11-18 17:23:28,679 - INFO - MainThread - server_logic - [DEBUG] found replica for vector: 2
2025-11-18 17:23:28,679 - INFO - MainThread - server_logic - [DEBUG] found replica for vector: 3
2025-11-18 17:23:28,679 - INFO - MainThread - server_logic - [DEBUG] found replica for vector: 4
2025-11-18 17:23:28,679 - INFO - MainThread - server_logic - [DEBUG] found replica for vector: 1
2025-11-18 17:23:28,679 - INFO - MainThread - server_logic - [DEBUG] found replica for vector: 2
2025-11-18 17:23:28,679 - INFO - MainThread - server_logic - [DEBUG] found replica for vector: 3
2025-11-18 17:23:28,679 - INFO - MainThread - server_logic - [DEBUG] found replica for vector: 4
2025-11-18 17:23:28,679 - INFO - MainThread - server_logic - [DEBUG] found replica for vector: 1
2025-11-18 17:23:28,679 - INFO - MainThread - server_logic - [DEBUG] found replica for vector: 2
2025-11-18 17:23:28,679 - INFO - MainThread - server_logic - [DEBUG] found replica for vector: 3
2025-11-18 17:23:28,679 - INFO - MainThread - server_logic - [DEBUG] found replica for vector: 4
2025-11-18 17:23:28,679 - INFO - MainThread - server_logic - [DEBUG] found replica for vector: 1
2025-11-18 17:23:28,679 - INFO - MainThread - server_logic - [DEBUG] found replica for vector: 2
2025-11-18 17:23:28,679 - INFO - MainThread - server_logic - [DEBUG] found replica for vector: 3
2025-11-18 17:23:28,679 - INFO - MainThread - server_logic - [DEBUG] to me replica for vector: 3
2025-11-18 17:23:28,679 - INFO - MainThread - server_logic - [Router] Distribution: Peer node1: 76, Peer node2: 64, Peer node3: 64, Peer node4: 64, Peer node5: 64, Peer node6: 47, Peer node7: 47, Peer node8: 47, Peer node9: 47, Peer node10: 69, Peer node11: 69, Peer node12: 69, Peer node14: 76, Peer node15: 76, Peer node16: 76, Me (node13): 69
2025-11-18 17:23:28,679 - INFO - MainThread - server_logic - --> [Peer Send] Sending 76 vectors to Peer node1 (localhost:9001) | Status: clustered
2025-11-18 17:23:28,753 - INFO - MainThread - server_logic - --> [Peer Send] Success: Sent vectors to node1
2025-11-18 17:23:28,753 - INFO - MainThread - server_logic - --> [Peer Send] Sending 64 vectors to Peer node2 (localhost:9002) | Status: clustered
2025-11-18 17:23:28,824 - INFO - MainThread - server_logic - --> [Peer Send] Success: Sent vectors to node2
2025-11-18 17:23:28,824 - INFO - MainThread - server_logic - --> [Peer Send] Sending 64 vectors to Peer node3 (localhost:9003) | Status: clustered
2025-11-18 17:23:28,895 - INFO - MainThread - server_logic - --> [Peer Send] Success: Sent vectors to node3
2025-11-18 17:23:28,896 - INFO - MainThread - server_logic - --> [Peer Send] Sending 64 vectors to Peer node4 (localhost:9004) | Status: clustered
2025-11-18 17:23:28,965 - INFO - MainThread - server_logic - --> [Peer Send] Success: Sent vectors to node4
2025-11-18 17:23:28,965 - INFO - MainThread - server_logic - --> [Peer Send] Sending 64 vectors to Peer node5 (localhost:9005) | Status: clustered
2025-11-18 17:23:29,031 - INFO - MainThread - server_logic - --> [Peer Send] Success: Sent vectors to node5
2025-11-18 17:23:29,031 - INFO - MainThread - server_logic - --> [Peer Send] Sending 47 vectors to Peer node6 (localhost:9006) | Status: clustered
2025-11-18 17:23:29,094 - INFO - MainThread - server_logic - --> [Peer Send] Success: Sent vectors to node6
2025-11-18 17:23:29,094 - INFO - MainThread - server_logic - --> [Peer Send] Sending 47 vectors to Peer node7 (localhost:9007) | Status: clustered
2025-11-18 17:23:29,158 - INFO - MainThread - server_logic - --> [Peer Send] Success: Sent vectors to node7
2025-11-18 17:23:29,158 - INFO - MainThread - server_logic - --> [Peer Send] Sending 47 vectors to Peer node8 (localhost:9008) | Status: clustered
2025-11-18 17:23:29,225 - INFO - MainThread - server_logic - --> [Peer Send] Success: Sent vectors to node8
2025-11-18 17:23:29,225 - INFO - MainThread - server_logic - --> [Peer Send] Sending 47 vectors to Peer node9 (localhost:9009) | Status: clustered
2025-11-18 17:23:29,292 - INFO - MainThread - server_logic - --> [Peer Send] Success: Sent vectors to node9
2025-11-18 17:23:29,292 - INFO - MainThread - server_logic - --> [Peer Send] Sending 69 vectors to Peer node10 (localhost:9010) | Status: clustered
2025-11-18 17:23:29,360 - INFO - MainThread - server_logic - --> [Peer Send] Success: Sent vectors to node10
2025-11-18 17:23:29,360 - INFO - MainThread - server_logic - --> [Peer Send] Sending 69 vectors to Peer node11 (localhost:9011) | Status: clustered
2025-11-18 17:23:29,429 - INFO - MainThread - server_logic - --> [Peer Send] Success: Sent vectors to node11
2025-11-18 17:23:29,429 - INFO - MainThread - server_logic - --> [Peer Send] Sending 69 vectors to Peer node12 (localhost:9012) | Status: clustered
2025-11-18 17:23:29,501 - INFO - MainThread - server_logic - --> [Peer Send] Success: Sent vectors to node12
2025-11-18 17:23:29,501 - INFO - MainThread - server_logic - --> [Peer Send] Sending 76 vectors to Peer node14 (localhost:9014) | Status: clustered
2025-11-18 17:23:29,573 - INFO - MainThread - server_logic - --> [Peer Send] Success: Sent vectors to node14
2025-11-18 17:23:29,574 - INFO - MainThread - server_logic - --> [Peer Send] Sending 76 vectors to Peer node15 (localhost:9015) | Status: clustered
2025-11-18 17:23:29,646 - INFO - MainThread - server_logic - --> [Peer Send] Success: Sent vectors to node15
2025-11-18 17:23:29,646 - INFO - MainThread - server_logic - --> [Peer Send] Sending 76 vectors to Peer node16 (localhost:9016) | Status: clustered
2025-11-18 17:23:29,718 - INFO - MainThread - server_logic - --> [Peer Send] Success: Sent vectors to node16
2025-11-18 17:23:29,718 - INFO - MainThread - server_logic - [Add Vectors] Processing 69 vectors. Sender Status: clustered. Current Node Status: clustered
2025-11-18 17:23:29,718 - INFO - MainThread - server_logic - [Add Vectors] Direct Insert: Storing 69 vectors in local Qdrant (Sender is clustered).
2025-11-18 17:23:29,770 - INFO - MainThread - httpx - HTTP Request: GET http://localhost:6357 "HTTP/1.1 200 OK"
2025-11-18 17:23:29,770 - INFO - MainThread - qdrant_module - [Qdrant] Attempting to insert 69 vectors into vectors on http://localhost:6357...
2025-11-18 17:23:29,782 - INFO - MainThread - qdrant_module - [Qdrant] Success: Inserted 69 vectors.
2025-11-18 17:23:29,783 - INFO - MainThread - __main__ - API: /add completed
2025-11-18 17:23:29,784 - INFO - MainThread - uvicorn.access - 127.0.0.1:51968 - "POST /add HTTP/1.1" 200
2025-11-18 17:23:30,731 - INFO - ThreadPoolExecutor-0_0 - grpc_handler - [GRPC IN] ReceiveVectors called. ReqID: 94, Type: clustered, Count: 65
2025-11-18 17:23:30,732 - INFO - ThreadPoolExecutor-0_0 - server_logic - [Add Vectors] Processing 65 vectors. Sender Status: clustered. Current Node Status: clustered
2025-11-18 17:23:30,732 - INFO - ThreadPoolExecutor-0_0 - server_logic - [Add Vectors] Direct Insert: Storing 65 vectors in local Qdrant (Sender is clustered).
2025-11-18 17:23:30,785 - INFO - ThreadPoolExecutor-0_0 - httpx - HTTP Request: GET http://localhost:6357 "HTTP/1.1 200 OK"
2025-11-18 17:23:30,785 - INFO - ThreadPoolExecutor-0_0 - qdrant_module - [Qdrant] Attempting to insert 65 vectors into vectors on http://localhost:6357...
2025-11-18 17:23:30,796 - INFO - ThreadPoolExecutor-0_0 - qdrant_module - [Qdrant] Success: Inserted 65 vectors.
2025-11-18 17:23:30,797 - INFO - ThreadPoolExecutor-0_0 - grpc_handler - [GRPC IN] ReceiveVectors processed successfully.
2025-11-18 17:23:31,927 - INFO - ThreadPoolExecutor-0_0 - grpc_handler - [GRPC IN] ReceiveVectors called. ReqID: 95, Type: clustered, Count: 77
2025-11-18 17:23:31,928 - INFO - ThreadPoolExecutor-0_0 - server_logic - [Add Vectors] Processing 77 vectors. Sender Status: clustered. Current Node Status: clustered
2025-11-18 17:23:31,928 - INFO - ThreadPoolExecutor-0_0 - server_logic - [Add Vectors] Direct Insert: Storing 77 vectors in local Qdrant (Sender is clustered).
2025-11-18 17:23:31,980 - INFO - ThreadPoolExecutor-0_0 - httpx - HTTP Request: GET http://localhost:6357 "HTTP/1.1 200 OK"
2025-11-18 17:23:31,980 - INFO - ThreadPoolExecutor-0_0 - qdrant_module - [Qdrant] Attempting to insert 77 vectors into vectors on http://localhost:6357...
2025-11-18 17:23:31,994 - INFO - ThreadPoolExecutor-0_0 - qdrant_module - [Qdrant] Success: Inserted 77 vectors.
2025-11-18 17:23:31,996 - INFO - ThreadPoolExecutor-0_0 - grpc_handler - [GRPC IN] ReceiveVectors processed successfully.
2025-11-18 17:23:33,149 - INFO - ThreadPoolExecutor-0_0 - grpc_handler - [GRPC IN] ReceiveVectors called. ReqID: 96, Type: clustered, Count: 98
2025-11-18 17:23:33,151 - INFO - ThreadPoolExecutor-0_0 - server_logic - [Add Vectors] Processing 98 vectors. Sender Status: clustered. Current Node Status: clustered
2025-11-18 17:23:33,151 - INFO - ThreadPoolExecutor-0_0 - server_logic - [Add Vectors] Direct Insert: Storing 98 vectors in local Qdrant (Sender is clustered).
2025-11-18 17:23:33,204 - INFO - ThreadPoolExecutor-0_0 - httpx - HTTP Request: GET http://localhost:6357 "HTTP/1.1 200 OK"
2025-11-18 17:23:33,205 - INFO - ThreadPoolExecutor-0_0 - qdrant_module - [Qdrant] Attempting to insert 98 vectors into vectors on http://localhost:6357...
2025-11-18 17:23:33,222 - INFO - ThreadPoolExecutor-0_0 - qdrant_module - [Qdrant] Success: Inserted 98 vectors.
2025-11-18 17:23:33,223 - INFO - ThreadPoolExecutor-0_0 - grpc_handler - [GRPC IN] ReceiveVectors processed successfully.
2025-11-18 17:23:34,293 - INFO - ThreadPoolExecutor-0_0 - grpc_handler - [GRPC IN] ReceiveVectors called. ReqID: 97, Type: clustered, Count: 68
2025-11-18 17:23:34,294 - INFO - ThreadPoolExecutor-0_0 - server_logic - [Add Vectors] Processing 68 vectors. Sender Status: clustered. Current Node Status: clustered
2025-11-18 17:23:34,294 - INFO - ThreadPoolExecutor-0_0 - server_logic - [Add Vectors] Direct Insert: Storing 68 vectors in local Qdrant (Sender is clustered).
2025-11-18 17:23:34,345 - INFO - ThreadPoolExecutor-0_0 - httpx - HTTP Request: GET http://localhost:6357 "HTTP/1.1 200 OK"
2025-11-18 17:23:34,346 - INFO - ThreadPoolExecutor-0_0 - qdrant_module - [Qdrant] Attempting to insert 68 vectors into vectors on http://localhost:6357...
2025-11-18 17:23:34,357 - INFO - ThreadPoolExecutor-0_0 - qdrant_module - [Qdrant] Success: Inserted 68 vectors.
2025-11-18 17:23:34,358 - INFO - ThreadPoolExecutor-0_0 - grpc_handler - [GRPC IN] ReceiveVectors processed successfully.
2025-11-18 17:23:35,508 - INFO - ThreadPoolExecutor-0_0 - grpc_handler - [GRPC IN] ReceiveVectors called. ReqID: 98, Type: clustered, Count: 96
2025-11-18 17:23:35,509 - INFO - ThreadPoolExecutor-0_0 - server_logic - [Add Vectors] Processing 96 vectors. Sender Status: clustered. Current Node Status: clustered
2025-11-18 17:23:35,509 - INFO - ThreadPoolExecutor-0_0 - server_logic - [Add Vectors] Direct Insert: Storing 96 vectors in local Qdrant (Sender is clustered).
2025-11-18 17:23:35,561 - INFO - ThreadPoolExecutor-0_0 - httpx - HTTP Request: GET http://localhost:6357 "HTTP/1.1 200 OK"
2025-11-18 17:23:35,562 - INFO - ThreadPoolExecutor-0_0 - qdrant_module - [Qdrant] Attempting to insert 96 vectors into vectors on http://localhost:6357...
2025-11-18 17:23:35,579 - INFO - ThreadPoolExecutor-0_0 - qdrant_module - [Qdrant] Success: Inserted 96 vectors.
2025-11-18 17:23:35,580 - INFO - ThreadPoolExecutor-0_0 - grpc_handler - [GRPC IN] ReceiveVectors processed successfully.
2025-11-18 17:23:36,721 - INFO - ThreadPoolExecutor-0_0 - grpc_handler - [GRPC IN] ReceiveVectors called. ReqID: 99, Type: clustered, Count: 82
2025-11-18 17:23:36,722 - INFO - ThreadPoolExecutor-0_0 - server_logic - [Add Vectors] Processing 82 vectors. Sender Status: clustered. Current Node Status: clustered
2025-11-18 17:23:36,722 - INFO - ThreadPoolExecutor-0_0 - server_logic - [Add Vectors] Direct Insert: Storing 82 vectors in local Qdrant (Sender is clustered).
2025-11-18 17:23:36,773 - INFO - ThreadPoolExecutor-0_0 - httpx - HTTP Request: GET http://localhost:6357 "HTTP/1.1 200 OK"
2025-11-18 17:23:36,773 - INFO - ThreadPoolExecutor-0_0 - qdrant_module - [Qdrant] Attempting to insert 82 vectors into vectors on http://localhost:6357...
2025-11-18 17:23:36,795 - INFO - ThreadPoolExecutor-0_0 - qdrant_module - [Qdrant] Success: Inserted 82 vectors.
2025-11-18 17:23:36,796 - INFO - ThreadPoolExecutor-0_0 - grpc_handler - [GRPC IN] ReceiveVectors processed successfully.
2025-11-18 17:23:37,940 - INFO - ThreadPoolExecutor-0_0 - grpc_handler - [GRPC IN] ReceiveVectors called. ReqID: 100, Type: clustered, Count: 83
2025-11-18 17:23:37,941 - INFO - ThreadPoolExecutor-0_0 - server_logic - [Add Vectors] Processing 83 vectors. Sender Status: clustered. Current Node Status: clustered
2025-11-18 17:23:37,941 - INFO - ThreadPoolExecutor-0_0 - server_logic - [Add Vectors] Direct Insert: Storing 83 vectors in local Qdrant (Sender is clustered).
2025-11-18 17:23:37,994 - INFO - ThreadPoolExecutor-0_0 - httpx - HTTP Request: GET http://localhost:6357 "HTTP/1.1 200 OK"
2025-11-18 17:23:37,995 - INFO - ThreadPoolExecutor-0_0 - qdrant_module - [Qdrant] Attempting to insert 83 vectors into vectors on http://localhost:6357...
2025-11-18 17:23:38,019 - INFO - ThreadPoolExecutor-0_0 - qdrant_module - [Qdrant] Success: Inserted 83 vectors.
2025-11-18 17:23:38,020 - INFO - ThreadPoolExecutor-0_0 - grpc_handler - [GRPC IN] ReceiveVectors processed successfully.
2025-11-18 17:23:39,142 - INFO - ThreadPoolExecutor-0_0 - grpc_handler - [GRPC IN] ReceiveVectors called. ReqID: 101, Type: clustered, Count: 77
2025-11-18 17:23:39,143 - INFO - ThreadPoolExecutor-0_0 - server_logic - [Add Vectors] Processing 77 vectors. Sender Status: clustered. Current Node Status: clustered
2025-11-18 17:23:39,143 - INFO - ThreadPoolExecutor-0_0 - server_logic - [Add Vectors] Direct Insert: Storing 77 vectors in local Qdrant (Sender is clustered).
2025-11-18 17:23:39,195 - INFO - ThreadPoolExecutor-0_0 - httpx - HTTP Request: GET http://localhost:6357 "HTTP/1.1 200 OK"
2025-11-18 17:23:39,196 - INFO - ThreadPoolExecutor-0_0 - qdrant_module - [Qdrant] Attempting to insert 77 vectors into vectors on http://localhost:6357...
2025-11-18 17:23:39,207 - INFO - ThreadPoolExecutor-0_0 - qdrant_module - [Qdrant] Success: Inserted 77 vectors.
2025-11-18 17:23:39,208 - INFO - ThreadPoolExecutor-0_0 - grpc_handler - [GRPC IN] ReceiveVectors processed successfully.
2025-11-18 17:23:40,367 - INFO - ThreadPoolExecutor-0_0 - grpc_handler - [GRPC IN] ReceiveVectors called. ReqID: 102, Type: clustered, Count: 77
2025-11-18 17:23:40,368 - INFO - ThreadPoolExecutor-0_0 - server_logic - [Add Vectors] Processing 77 vectors. Sender Status: clustered. Current Node Status: clustered
2025-11-18 17:23:40,368 - INFO - ThreadPoolExecutor-0_0 - server_logic - [Add Vectors] Direct Insert: Storing 77 vectors in local Qdrant (Sender is clustered).
2025-11-18 17:23:40,419 - INFO - ThreadPoolExecutor-0_0 - httpx - HTTP Request: GET http://localhost:6357 "HTTP/1.1 200 OK"
2025-11-18 17:23:40,420 - INFO - ThreadPoolExecutor-0_0 - qdrant_module - [Qdrant] Attempting to insert 77 vectors into vectors on http://localhost:6357...
2025-11-18 17:23:40,431 - INFO - ThreadPoolExecutor-0_0 - qdrant_module - [Qdrant] Success: Inserted 77 vectors.
2025-11-18 17:23:40,433 - INFO - ThreadPoolExecutor-0_0 - grpc_handler - [GRPC IN] ReceiveVectors processed successfully.
2025-11-18 17:23:41,577 - INFO - ThreadPoolExecutor-0_0 - grpc_handler - [GRPC IN] ReceiveVectors called. ReqID: 103, Type: clustered, Count: 84
2025-11-18 17:23:41,578 - INFO - ThreadPoolExecutor-0_0 - server_logic - [Add Vectors] Processing 84 vectors. Sender Status: clustered. Current Node Status: clustered
2025-11-18 17:23:41,578 - INFO - ThreadPoolExecutor-0_0 - server_logic - [Add Vectors] Direct Insert: Storing 84 vectors in local Qdrant (Sender is clustered).
2025-11-18 17:23:41,630 - INFO - ThreadPoolExecutor-0_0 - httpx - HTTP Request: GET http://localhost:6357 "HTTP/1.1 200 OK"
2025-11-18 17:23:41,630 - INFO - ThreadPoolExecutor-0_0 - qdrant_module - [Qdrant] Attempting to insert 84 vectors into vectors on http://localhost:6357...
2025-11-18 17:23:41,646 - INFO - ThreadPoolExecutor-0_0 - qdrant_module - [Qdrant] Success: Inserted 84 vectors.
2025-11-18 17:23:41,647 - INFO - ThreadPoolExecutor-0_0 - grpc_handler - [GRPC IN] ReceiveVectors processed successfully.
2025-11-18 17:23:42,790 - INFO - ThreadPoolExecutor-0_0 - grpc_handler - [GRPC IN] ReceiveVectors called. ReqID: 104, Type: clustered, Count: 70
2025-11-18 17:23:42,791 - INFO - ThreadPoolExecutor-0_0 - server_logic - [Add Vectors] Processing 70 vectors. Sender Status: clustered. Current Node Status: clustered
2025-11-18 17:23:42,791 - INFO - ThreadPoolExecutor-0_0 - server_logic - [Add Vectors] Direct Insert: Storing 70 vectors in local Qdrant (Sender is clustered).
2025-11-18 17:23:42,842 - INFO - ThreadPoolExecutor-0_0 - httpx - HTTP Request: GET http://localhost:6357 "HTTP/1.1 200 OK"
2025-11-18 17:23:42,842 - INFO - ThreadPoolExecutor-0_0 - qdrant_module - [Qdrant] Attempting to insert 70 vectors into vectors on http://localhost:6357...
2025-11-18 17:23:42,854 - INFO - ThreadPoolExecutor-0_0 - qdrant_module - [Qdrant] Success: Inserted 70 vectors.
2025-11-18 17:23:42,855 - INFO - ThreadPoolExecutor-0_0 - grpc_handler - [GRPC IN] ReceiveVectors processed successfully.
2025-11-18 17:23:44,212 - INFO - ThreadPoolExecutor-0_0 - grpc_handler - [GRPC IN] ReceiveVectors called. ReqID: 105, Type: clustered, Count: 71
2025-11-18 17:23:44,213 - INFO - ThreadPoolExecutor-0_0 - server_logic - [Add Vectors] Processing 71 vectors. Sender Status: clustered. Current Node Status: clustered
2025-11-18 17:23:44,213 - INFO - ThreadPoolExecutor-0_0 - server_logic - [Add Vectors] Direct Insert: Storing 71 vectors in local Qdrant (Sender is clustered).
2025-11-18 17:23:44,334 - INFO - ThreadPoolExecutor-0_0 - httpx - HTTP Request: GET http://localhost:6357 "HTTP/1.1 200 OK"
2025-11-18 17:23:44,334 - INFO - ThreadPoolExecutor-0_0 - qdrant_module - [Qdrant] Attempting to insert 71 vectors into vectors on http://localhost:6357...
2025-11-18 17:23:44,349 - INFO - ThreadPoolExecutor-0_0 - qdrant_module - [Qdrant] Success: Inserted 71 vectors.
2025-11-18 17:23:44,350 - INFO - ThreadPoolExecutor-0_0 - grpc_handler - [GRPC IN] ReceiveVectors processed successfully.
2025-11-18 17:23:45,481 - INFO - ThreadPoolExecutor-0_0 - grpc_handler - [GRPC IN] ReceiveVectors called. ReqID: 106, Type: clustered, Count: 81
2025-11-18 17:23:45,482 - INFO - ThreadPoolExecutor-0_0 - server_logic - [Add Vectors] Processing 81 vectors. Sender Status: clustered. Current Node Status: clustered
2025-11-18 17:23:45,482 - INFO - ThreadPoolExecutor-0_0 - server_logic - [Add Vectors] Direct Insert: Storing 81 vectors in local Qdrant (Sender is clustered).
2025-11-18 17:23:45,533 - INFO - ThreadPoolExecutor-0_0 - httpx - HTTP Request: GET http://localhost:6357 "HTTP/1.1 200 OK"
2025-11-18 17:23:45,534 - INFO - ThreadPoolExecutor-0_0 - qdrant_module - [Qdrant] Attempting to insert 81 vectors into vectors on http://localhost:6357...
2025-11-18 17:23:45,546 - INFO - ThreadPoolExecutor-0_0 - qdrant_module - [Qdrant] Success: Inserted 81 vectors.
2025-11-18 17:23:45,547 - INFO - ThreadPoolExecutor-0_0 - grpc_handler - [GRPC IN] ReceiveVectors processed successfully.
2025-11-18 17:23:46,687 - INFO - ThreadPoolExecutor-0_0 - grpc_handler - [GRPC IN] ReceiveVectors called. ReqID: 107, Type: clustered, Count: 67
2025-11-18 17:23:46,688 - INFO - ThreadPoolExecutor-0_0 - server_logic - [Add Vectors] Processing 67 vectors. Sender Status: clustered. Current Node Status: clustered
2025-11-18 17:23:46,688 - INFO - ThreadPoolExecutor-0_0 - server_logic - [Add Vectors] Direct Insert: Storing 67 vectors in local Qdrant (Sender is clustered).
2025-11-18 17:23:46,739 - INFO - ThreadPoolExecutor-0_0 - httpx - HTTP Request: GET http://localhost:6357 "HTTP/1.1 200 OK"
2025-11-18 17:23:46,739 - INFO - ThreadPoolExecutor-0_0 - qdrant_module - [Qdrant] Attempting to insert 67 vectors into vectors on http://localhost:6357...
2025-11-18 17:23:46,750 - INFO - ThreadPoolExecutor-0_0 - qdrant_module - [Qdrant] Success: Inserted 67 vectors.
2025-11-18 17:23:46,751 - INFO - ThreadPoolExecutor-0_0 - grpc_handler - [GRPC IN] ReceiveVectors processed successfully.
2025-11-18 17:23:47,893 - INFO - ThreadPoolExecutor-0_0 - grpc_handler - [GRPC IN] ReceiveVectors called. ReqID: 108, Type: clustered, Count: 89
2025-11-18 17:23:47,894 - INFO - ThreadPoolExecutor-0_0 - server_logic - [Add Vectors] Processing 89 vectors. Sender Status: clustered. Current Node Status: clustered
2025-11-18 17:23:47,894 - INFO - ThreadPoolExecutor-0_0 - server_logic - [Add Vectors] Direct Insert: Storing 89 vectors in local Qdrant (Sender is clustered).
2025-11-18 17:23:47,946 - INFO - ThreadPoolExecutor-0_0 - httpx - HTTP Request: GET http://localhost:6357 "HTTP/1.1 200 OK"
2025-11-18 17:23:47,947 - INFO - ThreadPoolExecutor-0_0 - qdrant_module - [Qdrant] Attempting to insert 89 vectors into vectors on http://localhost:6357...
2025-11-18 17:23:47,962 - INFO - ThreadPoolExecutor-0_0 - qdrant_module - [Qdrant] Success: Inserted 89 vectors.
2025-11-18 17:23:47,964 - INFO - ThreadPoolExecutor-0_0 - grpc_handler - [GRPC IN] ReceiveVectors processed successfully.
2025-11-18 17:23:48,321 - INFO - MainThread - __main__ - API: /add called. ReqID: 109, Vectors: 256
2025-11-18 17:23:48,321 - INFO - MainThread - server_logic - [Client Request] Client wants to add 256 vectors. My Status: clustered
2025-11-18 17:23:48,322 - INFO - MainThread - server_logic - [Client Request] System Clustered. Routing vectors to appropriate peers.
2025-11-18 17:23:48,322 - INFO - MainThread - server_logic - [Router] Routing 256 vectors among 16 nodes (Replicas: 4).
2025-11-18 17:23:48,322 - INFO - MainThread - server_logic - [DEBUG] found replica for vector: 1
2025-11-18 17:23:48,322 - INFO - MainThread - server_logic - [DEBUG] found replica for vector: 2
2025-11-18 17:23:48,322 - INFO - MainThread - server_logic - [DEBUG] found replica for vector: 3
2025-11-18 17:23:48,322 - INFO - MainThread - server_logic - [DEBUG] found replica for vector: 4
2025-11-18 17:23:48,322 - INFO - MainThread - server_logic - [DEBUG] found replica for vector: 1
2025-11-18 17:23:48,322 - INFO - MainThread - server_logic - [DEBUG] found replica for vector: 2
2025-11-18 17:23:48,322 - INFO - MainThread - server_logic - [DEBUG] found replica for vector: 3
2025-11-18 17:23:48,322 - INFO - MainThread - server_logic - [DEBUG] found replica for vector: 4
2025-11-18 17:23:48,322 - INFO - MainThread - server_logic - [DEBUG] found replica for vector: 1
2025-11-18 17:23:48,322 - INFO - MainThread - server_logic - [DEBUG] found replica for vector: 2
2025-11-18 17:23:48,322 - INFO - MainThread - server_logic - [DEBUG] found replica for vector: 3
2025-11-18 17:23:48,322 - INFO - MainThread - server_logic - [DEBUG] to me replica for vector: 3
2025-11-18 17:23:48,322 - INFO - MainThread - server_logic - [DEBUG] found replica for vector: 1
2025-11-18 17:23:48,322 - INFO - MainThread - server_logic - [DEBUG] found replica for vector: 2
2025-11-18 17:23:48,322 - INFO - MainThread - server_logic - [DEBUG] found replica for vector: 3
2025-11-18 17:23:48,322 - INFO - MainThread - server_logic - [DEBUG] to me replica for vector: 3
2025-11-18 17:23:48,322 - INFO - MainThread - server_logic - [DEBUG] found replica for vector: 1
2025-11-18 17:23:48,322 - INFO - MainThread - server_logic - [DEBUG] found replica for vector: 2
2025-11-18 17:23:48,322 - INFO - MainThread - server_logic - [DEBUG] found replica for vector: 3
2025-11-18 17:23:48,322 - INFO - MainThread - server_logic - [DEBUG] found replica for vector: 4
2025-11-18 17:23:48,322 - INFO - MainThread - server_logic - [DEBUG] found replica for vector: 1
2025-11-18 17:23:48,322 - INFO - MainThread - server_logic - [DEBUG] found replica for vector: 2
2025-11-18 17:23:48,322 - INFO - MainThread - server_logic - [DEBUG] found replica for vector: 3
2025-11-18 17:23:48,322 - INFO - MainThread - server_logic - [DEBUG] found replica for vector: 4
2025-11-18 17:23:48,322 - INFO - MainThread - server_logic - [DEBUG] found replica for vector: 1
2025-11-18 17:23:48,322 - INFO - MainThread - server_logic - [DEBUG] found replica for vector: 2
2025-11-18 17:23:48,322 - INFO - MainThread - server_logic - [DEBUG] found replica for vector: 3
2025-11-18 17:23:48,322 - INFO - MainThread - server_logic - [DEBUG] found replica for vector: 4
2025-11-18 17:23:48,322 - INFO - MainThread - server_logic - [DEBUG] found replica for vector: 1
2025-11-18 17:23:48,322 - INFO - MainThread - server_logic - [DEBUG] found replica for vector: 2
2025-11-18 17:23:48,322 - INFO - MainThread - server_logic - [DEBUG] found replica for vector: 3
2025-11-18 17:23:48,322 - INFO - MainThread - server_logic - [DEBUG] found replica for vector: 4
2025-11-18 17:23:48,322 - INFO - MainThread - server_logic - [DEBUG] found replica for vector: 1
2025-11-18 17:23:48,323 - INFO - MainThread - server_logic - [DEBUG] found replica for vector: 2
2025-11-18 17:23:48,323 - INFO - MainThread - server_logic - [DEBUG] found replica for vector: 3
2025-11-18 17:23:48,323 - INFO - MainThread - server_logic - [DEBUG] to me replica for vector: 3
2025-11-18 17:23:48,323 - INFO - MainThread - server_logic - [DEBUG] found replica for vector: 1
2025-11-18 17:23:48,323 - INFO - MainThread - server_logic - [DEBUG] found replica for vector: 2
2025-11-18 17:23:48,323 - INFO - MainThread - server_logic - [DEBUG] found replica for vector: 3
2025-11-18 17:23:48,323 - INFO - MainThread - server_logic - [DEBUG] found replica for vector: 4
2025-11-18 17:23:48,323 - INFO - MainThread - server_logic - [DEBUG] found replica for vector: 1
2025-11-18 17:23:48,323 - INFO - MainThread - server_logic - [DEBUG] found replica for vector: 2
2025-11-18 17:23:48,323 - INFO - MainThread - server_logic - [DEBUG] found replica for vector: 3
2025-11-18 17:23:48,323 - INFO - MainThread - server_logic - [DEBUG] found replica for vector: 4
2025-11-18 17:23:48,323 - INFO - MainThread - server_logic - [DEBUG] found replica for vector: 1
2025-11-18 17:23:48,323 - INFO - MainThread - server_logic - [DEBUG] found replica for vector: 2
2025-11-18 17:23:48,323 - INFO - MainThread - server_logic - [DEBUG] found replica for vector: 3
2025-11-18 17:23:48,323 - INFO - MainThread - server_logic - [DEBUG] to me replica for vector: 3
2025-11-18 17:23:48,323 - INFO - MainThread - server_logic - [DEBUG] found replica for vector: 1
2025-11-18 17:23:48,323 - INFO - MainThread - server_logic - [DEBUG] found replica for vector: 2
2025-11-18 17:23:48,323 - INFO - MainThread - server_logic - [DEBUG] found replica for vector: 3
2025-11-18 17:23:48,323 - INFO - MainThread - server_logic - [DEBUG] found replica for vector: 4
2025-11-18 17:23:48,323 - INFO - MainThread - server_logic - [DEBUG] found replica for vector: 1
2025-11-18 17:23:48,323 - INFO - MainThread - server_logic - [DEBUG] found replica for vector: 2
2025-11-18 17:23:48,323 - INFO - MainThread - server_logic - [DEBUG] found replica for vector: 3
2025-11-18 17:23:48,323 - INFO - MainThread - server_logic - [DEBUG] to me replica for vector: 3
2025-11-18 17:23:48,323 - INFO - MainThread - server_logic - [DEBUG] found replica for vector: 1
2025-11-18 17:23:48,323 - INFO - MainThread - server_logic - [DEBUG] found replica for vector: 2
2025-11-18 17:23:48,323 - INFO - MainThread - server_logic - [DEBUG] found replica for vector: 3
2025-11-18 17:23:48,323 - INFO - MainThread - server_logic - [DEBUG] to me replica for vector: 3
2025-11-18 17:23:48,323 - INFO - MainThread - server_logic - [DEBUG] found replica for vector: 1
2025-11-18 17:23:48,323 - INFO - MainThread - server_logic - [DEBUG] found replica for vector: 2
2025-11-18 17:23:48,323 - INFO - MainThread - server_logic - [DEBUG] found replica for vector: 3
2025-11-18 17:23:48,323 - INFO - MainThread - server_logic - [DEBUG] found replica for vector: 4
2025-11-18 17:23:48,323 - INFO - MainThread - server_logic - [DEBUG] found replica for vector: 1
2025-11-18 17:23:48,323 - INFO - MainThread - server_logic - [DEBUG] found replica for vector: 2
2025-11-18 17:23:48,323 - INFO - MainThread - server_logic - [DEBUG] found replica for vector: 3
2025-11-18 17:23:48,323 - INFO - MainThread - server_logic - [DEBUG] found replica for vector: 4
2025-11-18 17:23:48,323 - INFO - MainThread - server_logic - [DEBUG] found replica for vector: 1
2025-11-18 17:23:48,323 - INFO - MainThread - server_logic - [DEBUG] found replica for vector: 2
2025-11-18 17:23:48,323 - INFO - MainThread - server_logic - [DEBUG] found replica for vector: 3
2025-11-18 17:23:48,323 - INFO - MainThread - server_logic - [DEBUG] found replica for vector: 4
2025-11-18 17:23:48,323 - INFO - MainThread - server_logic - [DEBUG] found replica for vector: 1
2025-11-18 17:23:48,323 - INFO - MainThread - server_logic - [DEBUG] found replica for vector: 2
2025-11-18 17:23:48,323 - INFO - MainThread - server_logic - [DEBUG] found replica for vector: 3
2025-11-18 17:23:48,323 - INFO - MainThread - server_logic - [DEBUG] found replica for vector: 4
2025-11-18 17:23:48,323 - INFO - MainThread - server_logic - [DEBUG] found replica for vector: 1
2025-11-18 17:23:48,323 - INFO - MainThread - server_logic - [DEBUG] found replica for vector: 2
2025-11-18 17:23:48,323 - INFO - MainThread - server_logic - [DEBUG] found replica for vector: 3
2025-11-18 17:23:48,323 - INFO - MainThread - server_logic - [DEBUG] found replica for vector: 4
2025-11-18 17:23:48,323 - INFO - MainThread - server_logic - [DEBUG] found replica for vector: 1
2025-11-18 17:23:48,323 - INFO - MainThread - server_logic - [DEBUG] found replica for vector: 2
2025-11-18 17:23:48,323 - INFO - MainThread - server_logic - [DEBUG] found replica for vector: 3
2025-11-18 17:23:48,323 - INFO - MainThread - server_logic - [DEBUG] found replica for vector: 4
2025-11-18 17:23:48,323 - INFO - MainThread - server_logic - [DEBUG] found replica for vector: 1
2025-11-18 17:23:48,323 - INFO - MainThread - server_logic - [DEBUG] found replica for vector: 2
2025-11-18 17:23:48,324 - INFO - MainThread - server_logic - [DEBUG] found replica for vector: 3
2025-11-18 17:23:48,324 - INFO - MainThread - server_logic - [DEBUG] found replica for vector: 4
2025-11-18 17:23:48,324 - INFO - MainThread - server_logic - [DEBUG] found replica for vector: 1
2025-11-18 17:23:48,324 - INFO - MainThread - server_logic - [DEBUG] found replica for vector: 2
2025-11-18 17:23:48,324 - INFO - MainThread - server_logic - [DEBUG] found replica for vector: 3
2025-11-18 17:23:48,324 - INFO - MainThread - server_logic - [DEBUG] found replica for vector: 4
2025-11-18 17:23:48,324 - INFO - MainThread - server_logic - [DEBUG] found replica for vector: 1
2025-11-18 17:23:48,324 - INFO - MainThread - server_logic - [DEBUG] found replica for vector: 2
2025-11-18 17:23:48,324 - INFO - MainThread - server_logic - [DEBUG] found replica for vector: 3
2025-11-18 17:23:48,324 - INFO - MainThread - server_logic - [DEBUG] found replica for vector: 4
2025-11-18 17:23:48,324 - INFO - MainThread - server_logic - [DEBUG] found replica for vector: 1
2025-11-18 17:23:48,324 - INFO - MainThread - server_logic - [DEBUG] found replica for vector: 2
2025-11-18 17:23:48,324 - INFO - MainThread - server_logic - [DEBUG] found replica for vector: 3
2025-11-18 17:23:48,324 - INFO - MainThread - server_logic - [DEBUG] found replica for vector: 4
2025-11-18 17:23:48,324 - INFO - MainThread - server_logic - [DEBUG] found replica for vector: 1
2025-11-18 17:23:48,324 - INFO - MainThread - server_logic - [DEBUG] found replica for vector: 2
2025-11-18 17:23:48,324 - INFO - MainThread - server_logic - [DEBUG] found replica for vector: 3
2025-11-18 17:23:48,324 - INFO - MainThread - server_logic - [DEBUG] found replica for vector: 4
2025-11-18 17:23:48,324 - INFO - MainThread - server_logic - [DEBUG] found replica for vector: 1
2025-11-18 17:23:48,324 - INFO - MainThread - server_logic - [DEBUG] found replica for vector: 2
2025-11-18 17:23:48,324 - INFO - MainThread - server_logic - [DEBUG] found replica for vector: 3
2025-11-18 17:23:48,324 - INFO - MainThread - server_logic - [DEBUG] to me replica for vector: 3
2025-11-18 17:23:48,324 - INFO - MainThread - server_logic - [DEBUG] found replica for vector: 1
2025-11-18 17:23:48,324 - INFO - MainThread - server_logic - [DEBUG] found replica for vector: 2
2025-11-18 17:23:48,324 - INFO - MainThread - server_logic - [DEBUG] found replica for vector: 3
2025-11-18 17:23:48,324 - INFO - MainThread - server_logic - [DEBUG] found replica for vector: 4
2025-11-18 17:23:48,324 - INFO - MainThread - server_logic - [DEBUG] found replica for vector: 1
2025-11-18 17:23:48,324 - INFO - MainThread - server_logic - [DEBUG] found replica for vector: 2
2025-11-18 17:23:48,324 - INFO - MainThread - server_logic - [DEBUG] found replica for vector: 3
2025-11-18 17:23:48,324 - INFO - MainThread - server_logic - [DEBUG] to me replica for vector: 3
2025-11-18 17:23:48,324 - INFO - MainThread - server_logic - [DEBUG] found replica for vector: 1
2025-11-18 17:23:48,324 - INFO - MainThread - server_logic - [DEBUG] found replica for vector: 2
2025-11-18 17:23:48,324 - INFO - MainThread - server_logic - [DEBUG] found replica for vector: 3
2025-11-18 17:23:48,324 - INFO - MainThread - server_logic - [DEBUG] to me replica for vector: 3
2025-11-18 17:23:48,324 - INFO - MainThread - server_logic - [DEBUG] found replica for vector: 1
2025-11-18 17:23:48,324 - INFO - MainThread - server_logic - [DEBUG] found replica for vector: 2
2025-11-18 17:23:48,324 - INFO - MainThread - server_logic - [DEBUG] found replica for vector: 3
2025-11-18 17:23:48,324 - INFO - MainThread - server_logic - [DEBUG] to me replica for vector: 3
2025-11-18 17:23:48,324 - INFO - MainThread - server_logic - [DEBUG] found replica for vector: 1
2025-11-18 17:23:48,324 - INFO - MainThread - server_logic - [DEBUG] found replica for vector: 2
2025-11-18 17:23:48,324 - INFO - MainThread - server_logic - [DEBUG] found replica for vector: 3
2025-11-18 17:23:48,324 - INFO - MainThread - server_logic - [DEBUG] found replica for vector: 4
2025-11-18 17:23:48,324 - INFO - MainThread - server_logic - [DEBUG] found replica for vector: 1
2025-11-18 17:23:48,324 - INFO - MainThread - server_logic - [DEBUG] found replica for vector: 2
2025-11-18 17:23:48,324 - INFO - MainThread - server_logic - [DEBUG] found replica for vector: 3
2025-11-18 17:23:48,324 - INFO - MainThread - server_logic - [DEBUG] found replica for vector: 4
2025-11-18 17:23:48,324 - INFO - MainThread - server_logic - [DEBUG] found replica for vector: 1
2025-11-18 17:23:48,324 - INFO - MainThread - server_logic - [DEBUG] found replica for vector: 2
2025-11-18 17:23:48,324 - INFO - MainThread - server_logic - [DEBUG] found replica for vector: 3
2025-11-18 17:23:48,324 - INFO - MainThread - server_logic - [DEBUG] to me replica for vector: 3
2025-11-18 17:23:48,324 - INFO - MainThread - server_logic - [DEBUG] found replica for vector: 1
2025-11-18 17:23:48,324 - INFO - MainThread - server_logic - [DEBUG] found replica for vector: 2
2025-11-18 17:23:48,325 - INFO - MainThread - server_logic - [DEBUG] found replica for vector: 3
2025-11-18 17:23:48,325 - INFO - MainThread - server_logic - [DEBUG] found replica for vector: 4
2025-11-18 17:23:48,325 - INFO - MainThread - server_logic - [DEBUG] found replica for vector: 1
2025-11-18 17:23:48,325 - INFO - MainThread - server_logic - [DEBUG] found replica for vector: 2
2025-11-18 17:23:48,325 - INFO - MainThread - server_logic - [DEBUG] found replica for vector: 3
2025-11-18 17:23:48,325 - INFO - MainThread - server_logic - [DEBUG] found replica for vector: 4
2025-11-18 17:23:48,325 - INFO - MainThread - server_logic - [DEBUG] found replica for vector: 1
2025-11-18 17:23:48,325 - INFO - MainThread - server_logic - [DEBUG] found replica for vector: 2
2025-11-18 17:23:48,325 - INFO - MainThread - server_logic - [DEBUG] found replica for vector: 3
2025-11-18 17:23:48,325 - INFO - MainThread - server_logic - [DEBUG] found replica for vector: 4
2025-11-18 17:23:48,325 - INFO - MainThread - server_logic - [DEBUG] found replica for vector: 1
2025-11-18 17:23:48,325 - INFO - MainThread - server_logic - [DEBUG] found replica for vector: 2
2025-11-18 17:23:48,325 - INFO - MainThread - server_logic - [DEBUG] found replica for vector: 3
2025-11-18 17:23:48,325 - INFO - MainThread - server_logic - [DEBUG] to me replica for vector: 3
2025-11-18 17:23:48,325 - INFO - MainThread - server_logic - [DEBUG] found replica for vector: 1
2025-11-18 17:23:48,325 - INFO - MainThread - server_logic - [DEBUG] found replica for vector: 2
2025-11-18 17:23:48,325 - INFO - MainThread - server_logic - [DEBUG] found replica for vector: 3
2025-11-18 17:23:48,325 - INFO - MainThread - server_logic - [DEBUG] to me replica for vector: 3
2025-11-18 17:23:48,325 - INFO - MainThread - server_logic - [DEBUG] found replica for vector: 1
2025-11-18 17:23:48,325 - INFO - MainThread - server_logic - [DEBUG] found replica for vector: 2
2025-11-18 17:23:48,325 - INFO - MainThread - server_logic - [DEBUG] found replica for vector: 3
2025-11-18 17:23:48,325 - INFO - MainThread - server_logic - [DEBUG] to me replica for vector: 3
2025-11-18 17:23:48,325 - INFO - MainThread - server_logic - [DEBUG] found replica for vector: 1
2025-11-18 17:23:48,325 - INFO - MainThread - server_logic - [DEBUG] found replica for vector: 2
2025-11-18 17:23:48,325 - INFO - MainThread - server_logic - [DEBUG] found replica for vector: 3
2025-11-18 17:23:48,325 - INFO - MainThread - server_logic - [DEBUG] to me replica for vector: 3
2025-11-18 17:23:48,325 - INFO - MainThread - server_logic - [DEBUG] found replica for vector: 1
2025-11-18 17:23:48,325 - INFO - MainThread - server_logic - [DEBUG] found replica for vector: 2
2025-11-18 17:23:48,325 - INFO - MainThread - server_logic - [DEBUG] found replica for vector: 3
2025-11-18 17:23:48,325 - INFO - MainThread - server_logic - [DEBUG] found replica for vector: 4
2025-11-18 17:23:48,325 - INFO - MainThread - server_logic - [DEBUG] found replica for vector: 1
2025-11-18 17:23:48,325 - INFO - MainThread - server_logic - [DEBUG] found replica for vector: 2
2025-11-18 17:23:48,325 - INFO - MainThread - server_logic - [DEBUG] found replica for vector: 3
2025-11-18 17:23:48,325 - INFO - MainThread - server_logic - [DEBUG] to me replica for vector: 3
2025-11-18 17:23:48,325 - INFO - MainThread - server_logic - [DEBUG] found replica for vector: 1
2025-11-18 17:23:48,325 - INFO - MainThread - server_logic - [DEBUG] found replica for vector: 2
2025-11-18 17:23:48,325 - INFO - MainThread - server_logic - [DEBUG] found replica for vector: 3
2025-11-18 17:23:48,325 - INFO - MainThread - server_logic - [DEBUG] found replica for vector: 4
2025-11-18 17:23:48,325 - INFO - MainThread - server_logic - [DEBUG] found replica for vector: 1
2025-11-18 17:23:48,325 - INFO - MainThread - server_logic - [DEBUG] found replica for vector: 2
2025-11-18 17:23:48,325 - INFO - MainThread - server_logic - [DEBUG] found replica for vector: 3
2025-11-18 17:23:48,325 - INFO - MainThread - server_logic - [DEBUG] found replica for vector: 4
2025-11-18 17:23:48,325 - INFO - MainThread - server_logic - [DEBUG] found replica for vector: 1
2025-11-18 17:23:48,325 - INFO - MainThread - server_logic - [DEBUG] found replica for vector: 2
2025-11-18 17:23:48,325 - INFO - MainThread - server_logic - [DEBUG] found replica for vector: 3
2025-11-18 17:23:48,325 - INFO - MainThread - server_logic - [DEBUG] found replica for vector: 4
2025-11-18 17:23:48,325 - INFO - MainThread - server_logic - [DEBUG] found replica for vector: 1
2025-11-18 17:23:48,325 - INFO - MainThread - server_logic - [DEBUG] found replica for vector: 2
2025-11-18 17:23:48,325 - INFO - MainThread - server_logic - [DEBUG] found replica for vector: 3
2025-11-18 17:23:48,325 - INFO - MainThread - server_logic - [DEBUG] to me replica for vector: 3
2025-11-18 17:23:48,325 - INFO - MainThread - server_logic - [DEBUG] found replica for vector: 1
2025-11-18 17:23:48,325 - INFO - MainThread - server_logic - [DEBUG] found replica for vector: 2
2025-11-18 17:23:48,325 - INFO - MainThread - server_logic - [DEBUG] found replica for vector: 3
2025-11-18 17:23:48,326 - INFO - MainThread - server_logic - [DEBUG] found replica for vector: 4
2025-11-18 17:23:48,326 - INFO - MainThread - server_logic - [DEBUG] found replica for vector: 1
2025-11-18 17:23:48,326 - INFO - MainThread - server_logic - [DEBUG] found replica for vector: 2
2025-11-18 17:23:48,326 - INFO - MainThread - server_logic - [DEBUG] found replica for vector: 3
2025-11-18 17:23:48,326 - INFO - MainThread - server_logic - [DEBUG] found replica for vector: 4
2025-11-18 17:23:48,326 - INFO - MainThread - server_logic - [DEBUG] found replica for vector: 1
2025-11-18 17:23:48,326 - INFO - MainThread - server_logic - [DEBUG] found replica for vector: 2
2025-11-18 17:23:48,326 - INFO - MainThread - server_logic - [DEBUG] found replica for vector: 3
2025-11-18 17:23:48,326 - INFO - MainThread - server_logic - [DEBUG] found replica for vector: 4
2025-11-18 17:23:48,326 - INFO - MainThread - server_logic - [DEBUG] found replica for vector: 1
2025-11-18 17:23:48,326 - INFO - MainThread - server_logic - [DEBUG] found replica for vector: 2
2025-11-18 17:23:48,326 - INFO - MainThread - server_logic - [DEBUG] found replica for vector: 3
2025-11-18 17:23:48,326 - INFO - MainThread - server_logic - [DEBUG] found replica for vector: 4
2025-11-18 17:23:48,326 - INFO - MainThread - server_logic - [DEBUG] found replica for vector: 1
2025-11-18 17:23:48,326 - INFO - MainThread - server_logic - [DEBUG] found replica for vector: 2
2025-11-18 17:23:48,326 - INFO - MainThread - server_logic - [DEBUG] found replica for vector: 3
2025-11-18 17:23:48,326 - INFO - MainThread - server_logic - [DEBUG] found replica for vector: 4
2025-11-18 17:23:48,326 - INFO - MainThread - server_logic - [DEBUG] found replica for vector: 1
2025-11-18 17:23:48,326 - INFO - MainThread - server_logic - [DEBUG] found replica for vector: 2
2025-11-18 17:23:48,326 - INFO - MainThread - server_logic - [DEBUG] found replica for vector: 3
2025-11-18 17:23:48,326 - INFO - MainThread - server_logic - [DEBUG] found replica for vector: 4
2025-11-18 17:23:48,326 - INFO - MainThread - server_logic - [DEBUG] found replica for vector: 1
2025-11-18 17:23:48,326 - INFO - MainThread - server_logic - [DEBUG] found replica for vector: 2
2025-11-18 17:23:48,326 - INFO - MainThread - server_logic - [DEBUG] found replica for vector: 3
2025-11-18 17:23:48,326 - INFO - MainThread - server_logic - [DEBUG] found replica for vector: 4
2025-11-18 17:23:48,326 - INFO - MainThread - server_logic - [DEBUG] found replica for vector: 1
2025-11-18 17:23:48,326 - INFO - MainThread - server_logic - [DEBUG] found replica for vector: 2
2025-11-18 17:23:48,326 - INFO - MainThread - server_logic - [DEBUG] found replica for vector: 3
2025-11-18 17:23:48,326 - INFO - MainThread - server_logic - [DEBUG] to me replica for vector: 3
2025-11-18 17:23:48,326 - INFO - MainThread - server_logic - [DEBUG] found replica for vector: 1
2025-11-18 17:23:48,326 - INFO - MainThread - server_logic - [DEBUG] found replica for vector: 2
2025-11-18 17:23:48,326 - INFO - MainThread - server_logic - [DEBUG] found replica for vector: 3
2025-11-18 17:23:48,326 - INFO - MainThread - server_logic - [DEBUG] to me replica for vector: 3
2025-11-18 17:23:48,326 - INFO - MainThread - server_logic - [DEBUG] found replica for vector: 1
2025-11-18 17:23:48,326 - INFO - MainThread - server_logic - [DEBUG] found replica for vector: 2
2025-11-18 17:23:48,326 - INFO - MainThread - server_logic - [DEBUG] found replica for vector: 3
2025-11-18 17:23:48,326 - INFO - MainThread - server_logic - [DEBUG] found replica for vector: 4
2025-11-18 17:23:48,326 - INFO - MainThread - server_logic - [DEBUG] found replica for vector: 1
2025-11-18 17:23:48,326 - INFO - MainThread - server_logic - [DEBUG] found replica for vector: 2
2025-11-18 17:23:48,326 - INFO - MainThread - server_logic - [DEBUG] found replica for vector: 3
2025-11-18 17:23:48,326 - INFO - MainThread - server_logic - [DEBUG] to me replica for vector: 3
2025-11-18 17:23:48,326 - INFO - MainThread - server_logic - [DEBUG] found replica for vector: 1
2025-11-18 17:23:48,326 - INFO - MainThread - server_logic - [DEBUG] found replica for vector: 2
2025-11-18 17:23:48,326 - INFO - MainThread - server_logic - [DEBUG] found replica for vector: 3
2025-11-18 17:23:48,326 - INFO - MainThread - server_logic - [DEBUG] found replica for vector: 4
2025-11-18 17:23:48,326 - INFO - MainThread - server_logic - [DEBUG] found replica for vector: 1
2025-11-18 17:23:48,326 - INFO - MainThread - server_logic - [DEBUG] found replica for vector: 2
2025-11-18 17:23:48,326 - INFO - MainThread - server_logic - [DEBUG] found replica for vector: 3
2025-11-18 17:23:48,326 - INFO - MainThread - server_logic - [DEBUG] found replica for vector: 4
2025-11-18 17:23:48,326 - INFO - MainThread - server_logic - [DEBUG] found replica for vector: 1
2025-11-18 17:23:48,326 - INFO - MainThread - server_logic - [DEBUG] found replica for vector: 2
2025-11-18 17:23:48,326 - INFO - MainThread - server_logic - [DEBUG] found replica for vector: 3
2025-11-18 17:23:48,326 - INFO - MainThread - server_logic - [DEBUG] found replica for vector: 4
2025-11-18 17:23:48,327 - INFO - MainThread - server_logic - [DEBUG] found replica for vector: 1
2025-11-18 17:23:48,327 - INFO - MainThread - server_logic - [DEBUG] found replica for vector: 2
2025-11-18 17:23:48,327 - INFO - MainThread - server_logic - [DEBUG] found replica for vector: 3
2025-11-18 17:23:48,327 - INFO - MainThread - server_logic - [DEBUG] to me replica for vector: 3
2025-11-18 17:23:48,327 - INFO - MainThread - server_logic - [DEBUG] found replica for vector: 1
2025-11-18 17:23:48,327 - INFO - MainThread - server_logic - [DEBUG] found replica for vector: 2
2025-11-18 17:23:48,327 - INFO - MainThread - server_logic - [DEBUG] found replica for vector: 3
2025-11-18 17:23:48,327 - INFO - MainThread - server_logic - [DEBUG] to me replica for vector: 3
2025-11-18 17:23:48,327 - INFO - MainThread - server_logic - [DEBUG] found replica for vector: 1
2025-11-18 17:23:48,327 - INFO - MainThread - server_logic - [DEBUG] found replica for vector: 2
2025-11-18 17:23:48,327 - INFO - MainThread - server_logic - [DEBUG] found replica for vector: 3
2025-11-18 17:23:48,327 - INFO - MainThread - server_logic - [DEBUG] found replica for vector: 4
2025-11-18 17:23:48,327 - INFO - MainThread - server_logic - [DEBUG] found replica for vector: 1
2025-11-18 17:23:48,327 - INFO - MainThread - server_logic - [DEBUG] found replica for vector: 2
2025-11-18 17:23:48,327 - INFO - MainThread - server_logic - [DEBUG] found replica for vector: 3
2025-11-18 17:23:48,327 - INFO - MainThread - server_logic - [DEBUG] to me replica for vector: 3
2025-11-18 17:23:48,327 - INFO - MainThread - server_logic - [DEBUG] found replica for vector: 1
2025-11-18 17:23:48,327 - INFO - MainThread - server_logic - [DEBUG] found replica for vector: 2
2025-11-18 17:23:48,327 - INFO - MainThread - server_logic - [DEBUG] found replica for vector: 3
2025-11-18 17:23:48,327 - INFO - MainThread - server_logic - [DEBUG] found replica for vector: 4
2025-11-18 17:23:48,327 - INFO - MainThread - server_logic - [DEBUG] found replica for vector: 1
2025-11-18 17:23:48,327 - INFO - MainThread - server_logic - [DEBUG] found replica for vector: 2
2025-11-18 17:23:48,327 - INFO - MainThread - server_logic - [DEBUG] found replica for vector: 3
2025-11-18 17:23:48,327 - INFO - MainThread - server_logic - [DEBUG] to me replica for vector: 3
2025-11-18 17:23:48,327 - INFO - MainThread - server_logic - [DEBUG] found replica for vector: 1
2025-11-18 17:23:48,327 - INFO - MainThread - server_logic - [DEBUG] found replica for vector: 2
2025-11-18 17:23:48,327 - INFO - MainThread - server_logic - [DEBUG] found replica for vector: 3
2025-11-18 17:23:48,327 - INFO - MainThread - server_logic - [DEBUG] found replica for vector: 4
2025-11-18 17:23:48,327 - INFO - MainThread - server_logic - [DEBUG] found replica for vector: 1
2025-11-18 17:23:48,327 - INFO - MainThread - server_logic - [DEBUG] found replica for vector: 2
2025-11-18 17:23:48,327 - INFO - MainThread - server_logic - [DEBUG] found replica for vector: 3
2025-11-18 17:23:48,327 - INFO - MainThread - server_logic - [DEBUG] found replica for vector: 4
2025-11-18 17:23:48,327 - INFO - MainThread - server_logic - [DEBUG] found replica for vector: 1
2025-11-18 17:23:48,327 - INFO - MainThread - server_logic - [DEBUG] found replica for vector: 2
2025-11-18 17:23:48,327 - INFO - MainThread - server_logic - [DEBUG] found replica for vector: 3
2025-11-18 17:23:48,327 - INFO - MainThread - server_logic - [DEBUG] found replica for vector: 4
2025-11-18 17:23:48,327 - INFO - MainThread - server_logic - [DEBUG] found replica for vector: 1
2025-11-18 17:23:48,327 - INFO - MainThread - server_logic - [DEBUG] found replica for vector: 2
2025-11-18 17:23:48,327 - INFO - MainThread - server_logic - [DEBUG] found replica for vector: 3
2025-11-18 17:23:48,327 - INFO - MainThread - server_logic - [DEBUG] to me replica for vector: 3
2025-11-18 17:23:48,327 - INFO - MainThread - server_logic - [DEBUG] found replica for vector: 1
2025-11-18 17:23:48,327 - INFO - MainThread - server_logic - [DEBUG] found replica for vector: 2
2025-11-18 17:23:48,327 - INFO - MainThread - server_logic - [DEBUG] found replica for vector: 3
2025-11-18 17:23:48,327 - INFO - MainThread - server_logic - [DEBUG] found replica for vector: 4
2025-11-18 17:23:48,327 - INFO - MainThread - server_logic - [DEBUG] found replica for vector: 1
2025-11-18 17:23:48,327 - INFO - MainThread - server_logic - [DEBUG] found replica for vector: 2
2025-11-18 17:23:48,327 - INFO - MainThread - server_logic - [DEBUG] found replica for vector: 3
2025-11-18 17:23:48,327 - INFO - MainThread - server_logic - [DEBUG] found replica for vector: 4
2025-11-18 17:23:48,327 - INFO - MainThread - server_logic - [DEBUG] found replica for vector: 1
2025-11-18 17:23:48,327 - INFO - MainThread - server_logic - [DEBUG] found replica for vector: 2
2025-11-18 17:23:48,327 - INFO - MainThread - server_logic - [DEBUG] found replica for vector: 3
2025-11-18 17:23:48,327 - INFO - MainThread - server_logic - [DEBUG] to me replica for vector: 3
2025-11-18 17:23:48,327 - INFO - MainThread - server_logic - [DEBUG] found replica for vector: 1
2025-11-18 17:23:48,327 - INFO - MainThread - server_logic - [DEBUG] found replica for vector: 2
2025-11-18 17:23:48,327 - INFO - MainThread - server_logic - [DEBUG] found replica for vector: 3
2025-11-18 17:23:48,327 - INFO - MainThread - server_logic - [DEBUG] to me replica for vector: 3
2025-11-18 17:23:48,328 - INFO - MainThread - server_logic - [DEBUG] found replica for vector: 1
2025-11-18 17:23:48,328 - INFO - MainThread - server_logic - [DEBUG] found replica for vector: 2
2025-11-18 17:23:48,328 - INFO - MainThread - server_logic - [DEBUG] found replica for vector: 3
2025-11-18 17:23:48,328 - INFO - MainThread - server_logic - [DEBUG] to me replica for vector: 3
2025-11-18 17:23:48,328 - INFO - MainThread - server_logic - [DEBUG] found replica for vector: 1
2025-11-18 17:23:48,328 - INFO - MainThread - server_logic - [DEBUG] found replica for vector: 2
2025-11-18 17:23:48,328 - INFO - MainThread - server_logic - [DEBUG] found replica for vector: 3
2025-11-18 17:23:48,328 - INFO - MainThread - server_logic - [DEBUG] found replica for vector: 4
2025-11-18 17:23:48,328 - INFO - MainThread - server_logic - [DEBUG] found replica for vector: 1
2025-11-18 17:23:48,328 - INFO - MainThread - server_logic - [DEBUG] found replica for vector: 2
2025-11-18 17:23:48,328 - INFO - MainThread - server_logic - [DEBUG] found replica for vector: 3
2025-11-18 17:23:48,328 - INFO - MainThread - server_logic - [DEBUG] to me replica for vector: 3
2025-11-18 17:23:48,328 - INFO - MainThread - server_logic - [DEBUG] found replica for vector: 1
2025-11-18 17:23:48,328 - INFO - MainThread - server_logic - [DEBUG] found replica for vector: 2
2025-11-18 17:23:48,328 - INFO - MainThread - server_logic - [DEBUG] found replica for vector: 3
2025-11-18 17:23:48,328 - INFO - MainThread - server_logic - [DEBUG] found replica for vector: 4
2025-11-18 17:23:48,328 - INFO - MainThread - server_logic - [DEBUG] found replica for vector: 1
2025-11-18 17:23:48,328 - INFO - MainThread - server_logic - [DEBUG] found replica for vector: 2
2025-11-18 17:23:48,328 - INFO - MainThread - server_logic - [DEBUG] found replica for vector: 3
2025-11-18 17:23:48,328 - INFO - MainThread - server_logic - [DEBUG] found replica for vector: 4
2025-11-18 17:23:48,328 - INFO - MainThread - server_logic - [DEBUG] found replica for vector: 1
2025-11-18 17:23:48,328 - INFO - MainThread - server_logic - [DEBUG] found replica for vector: 2
2025-11-18 17:23:48,328 - INFO - MainThread - server_logic - [DEBUG] found replica for vector: 3
2025-11-18 17:23:48,328 - INFO - MainThread - server_logic - [DEBUG] found replica for vector: 4
2025-11-18 17:23:48,328 - INFO - MainThread - server_logic - [DEBUG] found replica for vector: 1
2025-11-18 17:23:48,328 - INFO - MainThread - server_logic - [DEBUG] found replica for vector: 2
2025-11-18 17:23:48,328 - INFO - MainThread - server_logic - [DEBUG] found replica for vector: 3
2025-11-18 17:23:48,328 - INFO - MainThread - server_logic - [DEBUG] found replica for vector: 4
2025-11-18 17:23:48,328 - INFO - MainThread - server_logic - [DEBUG] found replica for vector: 1
2025-11-18 17:23:48,328 - INFO - MainThread - server_logic - [DEBUG] found replica for vector: 2
2025-11-18 17:23:48,328 - INFO - MainThread - server_logic - [DEBUG] found replica for vector: 3
2025-11-18 17:23:48,328 - INFO - MainThread - server_logic - [DEBUG] to me replica for vector: 3
2025-11-18 17:23:48,328 - INFO - MainThread - server_logic - [DEBUG] found replica for vector: 1
2025-11-18 17:23:48,328 - INFO - MainThread - server_logic - [DEBUG] found replica for vector: 2
2025-11-18 17:23:48,328 - INFO - MainThread - server_logic - [DEBUG] found replica for vector: 3
2025-11-18 17:23:48,328 - INFO - MainThread - server_logic - [DEBUG] found replica for vector: 4
2025-11-18 17:23:48,328 - INFO - MainThread - server_logic - [DEBUG] found replica for vector: 1
2025-11-18 17:23:48,328 - INFO - MainThread - server_logic - [DEBUG] found replica for vector: 2
2025-11-18 17:23:48,328 - INFO - MainThread - server_logic - [DEBUG] found replica for vector: 3
2025-11-18 17:23:48,328 - INFO - MainThread - server_logic - [DEBUG] found replica for vector: 4
2025-11-18 17:23:48,328 - INFO - MainThread - server_logic - [DEBUG] found replica for vector: 1
2025-11-18 17:23:48,328 - INFO - MainThread - server_logic - [DEBUG] found replica for vector: 2
2025-11-18 17:23:48,328 - INFO - MainThread - server_logic - [DEBUG] found replica for vector: 3
2025-11-18 17:23:48,328 - INFO - MainThread - server_logic - [DEBUG] found replica for vector: 4
2025-11-18 17:23:48,328 - INFO - MainThread - server_logic - [DEBUG] found replica for vector: 1
2025-11-18 17:23:48,328 - INFO - MainThread - server_logic - [DEBUG] found replica for vector: 2
2025-11-18 17:23:48,328 - INFO - MainThread - server_logic - [DEBUG] found replica for vector: 3
2025-11-18 17:23:48,328 - INFO - MainThread - server_logic - [DEBUG] to me replica for vector: 3
2025-11-18 17:23:48,328 - INFO - MainThread - server_logic - [DEBUG] found replica for vector: 1
2025-11-18 17:23:48,328 - INFO - MainThread - server_logic - [DEBUG] found replica for vector: 2
2025-11-18 17:23:48,328 - INFO - MainThread - server_logic - [DEBUG] found replica for vector: 3
2025-11-18 17:23:48,328 - INFO - MainThread - server_logic - [DEBUG] to me replica for vector: 3
2025-11-18 17:23:48,328 - INFO - MainThread - server_logic - [DEBUG] found replica for vector: 1
2025-11-18 17:23:48,328 - INFO - MainThread - server_logic - [DEBUG] found replica for vector: 2
2025-11-18 17:23:48,328 - INFO - MainThread - server_logic - [DEBUG] found replica for vector: 3
2025-11-18 17:23:48,328 - INFO - MainThread - server_logic - [DEBUG] to me replica for vector: 3
2025-11-18 17:23:48,329 - INFO - MainThread - server_logic - [DEBUG] found replica for vector: 1
2025-11-18 17:23:48,329 - INFO - MainThread - server_logic - [DEBUG] found replica for vector: 2
2025-11-18 17:23:48,329 - INFO - MainThread - server_logic - [DEBUG] found replica for vector: 3
2025-11-18 17:23:48,329 - INFO - MainThread - server_logic - [DEBUG] found replica for vector: 4
2025-11-18 17:23:48,329 - INFO - MainThread - server_logic - [DEBUG] found replica for vector: 1
2025-11-18 17:23:48,329 - INFO - MainThread - server_logic - [DEBUG] found replica for vector: 2
2025-11-18 17:23:48,329 - INFO - MainThread - server_logic - [DEBUG] found replica for vector: 3
2025-11-18 17:23:48,329 - INFO - MainThread - server_logic - [DEBUG] found replica for vector: 4
2025-11-18 17:23:48,329 - INFO - MainThread - server_logic - [DEBUG] found replica for vector: 1
2025-11-18 17:23:48,329 - INFO - MainThread - server_logic - [DEBUG] found replica for vector: 2
2025-11-18 17:23:48,329 - INFO - MainThread - server_logic - [DEBUG] found replica for vector: 3
2025-11-18 17:23:48,329 - INFO - MainThread - server_logic - [DEBUG] found replica for vector: 4
2025-11-18 17:23:48,329 - INFO - MainThread - server_logic - [DEBUG] found replica for vector: 1
2025-11-18 17:23:48,329 - INFO - MainThread - server_logic - [DEBUG] found replica for vector: 2
2025-11-18 17:23:48,329 - INFO - MainThread - server_logic - [DEBUG] found replica for vector: 3
2025-11-18 17:23:48,329 - INFO - MainThread - server_logic - [DEBUG] found replica for vector: 4
2025-11-18 17:23:48,329 - INFO - MainThread - server_logic - [DEBUG] found replica for vector: 1
2025-11-18 17:23:48,329 - INFO - MainThread - server_logic - [DEBUG] found replica for vector: 2
2025-11-18 17:23:48,329 - INFO - MainThread - server_logic - [DEBUG] found replica for vector: 3
2025-11-18 17:23:48,329 - INFO - MainThread - server_logic - [DEBUG] found replica for vector: 4
2025-11-18 17:23:48,329 - INFO - MainThread - server_logic - [DEBUG] found replica for vector: 1
2025-11-18 17:23:48,329 - INFO - MainThread - server_logic - [DEBUG] found replica for vector: 2
2025-11-18 17:23:48,329 - INFO - MainThread - server_logic - [DEBUG] found replica for vector: 3
2025-11-18 17:23:48,329 - INFO - MainThread - server_logic - [DEBUG] found replica for vector: 4
2025-11-18 17:23:48,329 - INFO - MainThread - server_logic - [DEBUG] found replica for vector: 1
2025-11-18 17:23:48,329 - INFO - MainThread - server_logic - [DEBUG] found replica for vector: 2
2025-11-18 17:23:48,329 - INFO - MainThread - server_logic - [DEBUG] found replica for vector: 3
2025-11-18 17:23:48,329 - INFO - MainThread - server_logic - [DEBUG] found replica for vector: 4
2025-11-18 17:23:48,329 - INFO - MainThread - server_logic - [DEBUG] found replica for vector: 1
2025-11-18 17:23:48,329 - INFO - MainThread - server_logic - [DEBUG] found replica for vector: 2
2025-11-18 17:23:48,329 - INFO - MainThread - server_logic - [DEBUG] found replica for vector: 3
2025-11-18 17:23:48,329 - INFO - MainThread - server_logic - [DEBUG] found replica for vector: 4
2025-11-18 17:23:48,329 - INFO - MainThread - server_logic - [DEBUG] found replica for vector: 1
2025-11-18 17:23:48,329 - INFO - MainThread - server_logic - [DEBUG] found replica for vector: 2
2025-11-18 17:23:48,329 - INFO - MainThread - server_logic - [DEBUG] found replica for vector: 3
2025-11-18 17:23:48,329 - INFO - MainThread - server_logic - [DEBUG] found replica for vector: 4
2025-11-18 17:23:48,329 - INFO - MainThread - server_logic - [DEBUG] found replica for vector: 1
2025-11-18 17:23:48,329 - INFO - MainThread - server_logic - [DEBUG] found replica for vector: 2
2025-11-18 17:23:48,329 - INFO - MainThread - server_logic - [DEBUG] found replica for vector: 3
2025-11-18 17:23:48,329 - INFO - MainThread - server_logic - [DEBUG] to me replica for vector: 3
2025-11-18 17:23:48,329 - INFO - MainThread - server_logic - [DEBUG] found replica for vector: 1
2025-11-18 17:23:48,329 - INFO - MainThread - server_logic - [DEBUG] found replica for vector: 2
2025-11-18 17:23:48,329 - INFO - MainThread - server_logic - [DEBUG] found replica for vector: 3
2025-11-18 17:23:48,329 - INFO - MainThread - server_logic - [DEBUG] found replica for vector: 4
2025-11-18 17:23:48,329 - INFO - MainThread - server_logic - [DEBUG] found replica for vector: 1
2025-11-18 17:23:48,329 - INFO - MainThread - server_logic - [DEBUG] found replica for vector: 2
2025-11-18 17:23:48,329 - INFO - MainThread - server_logic - [DEBUG] found replica for vector: 3
2025-11-18 17:23:48,329 - INFO - MainThread - server_logic - [DEBUG] found replica for vector: 4
2025-11-18 17:23:48,329 - INFO - MainThread - server_logic - [DEBUG] found replica for vector: 1
2025-11-18 17:23:48,329 - INFO - MainThread - server_logic - [DEBUG] found replica for vector: 2
2025-11-18 17:23:48,329 - INFO - MainThread - server_logic - [DEBUG] found replica for vector: 3
2025-11-18 17:23:48,329 - INFO - MainThread - server_logic - [DEBUG] to me replica for vector: 3
2025-11-18 17:23:48,329 - INFO - MainThread - server_logic - [DEBUG] found replica for vector: 1
2025-11-18 17:23:48,329 - INFO - MainThread - server_logic - [DEBUG] found replica for vector: 2
2025-11-18 17:23:48,329 - INFO - MainThread - server_logic - [DEBUG] found replica for vector: 3
2025-11-18 17:23:48,329 - INFO - MainThread - server_logic - [DEBUG] to me replica for vector: 3
2025-11-18 17:23:48,330 - INFO - MainThread - server_logic - [DEBUG] found replica for vector: 1
2025-11-18 17:23:48,330 - INFO - MainThread - server_logic - [DEBUG] found replica for vector: 2
2025-11-18 17:23:48,330 - INFO - MainThread - server_logic - [DEBUG] found replica for vector: 3
2025-11-18 17:23:48,330 - INFO - MainThread - server_logic - [DEBUG] to me replica for vector: 3
2025-11-18 17:23:48,330 - INFO - MainThread - server_logic - [DEBUG] found replica for vector: 1
2025-11-18 17:23:48,330 - INFO - MainThread - server_logic - [DEBUG] found replica for vector: 2
2025-11-18 17:23:48,330 - INFO - MainThread - server_logic - [DEBUG] found replica for vector: 3
2025-11-18 17:23:48,330 - INFO - MainThread - server_logic - [DEBUG] found replica for vector: 4
2025-11-18 17:23:48,330 - INFO - MainThread - server_logic - [DEBUG] found replica for vector: 1
2025-11-18 17:23:48,330 - INFO - MainThread - server_logic - [DEBUG] found replica for vector: 2
2025-11-18 17:23:48,330 - INFO - MainThread - server_logic - [DEBUG] found replica for vector: 3
2025-11-18 17:23:48,330 - INFO - MainThread - server_logic - [DEBUG] found replica for vector: 4
2025-11-18 17:23:48,330 - INFO - MainThread - server_logic - [DEBUG] found replica for vector: 1
2025-11-18 17:23:48,330 - INFO - MainThread - server_logic - [DEBUG] found replica for vector: 2
2025-11-18 17:23:48,330 - INFO - MainThread - server_logic - [DEBUG] found replica for vector: 3
2025-11-18 17:23:48,330 - INFO - MainThread - server_logic - [DEBUG] found replica for vector: 4
2025-11-18 17:23:48,330 - INFO - MainThread - server_logic - [DEBUG] found replica for vector: 1
2025-11-18 17:23:48,330 - INFO - MainThread - server_logic - [DEBUG] found replica for vector: 2
2025-11-18 17:23:48,330 - INFO - MainThread - server_logic - [DEBUG] found replica for vector: 3
2025-11-18 17:23:48,330 - INFO - MainThread - server_logic - [DEBUG] to me replica for vector: 3
2025-11-18 17:23:48,330 - INFO - MainThread - server_logic - [DEBUG] found replica for vector: 1
2025-11-18 17:23:48,330 - INFO - MainThread - server_logic - [DEBUG] found replica for vector: 2
2025-11-18 17:23:48,330 - INFO - MainThread - server_logic - [DEBUG] found replica for vector: 3
2025-11-18 17:23:48,330 - INFO - MainThread - server_logic - [DEBUG] found replica for vector: 4
2025-11-18 17:23:48,330 - INFO - MainThread - server_logic - [DEBUG] found replica for vector: 1
2025-11-18 17:23:48,330 - INFO - MainThread - server_logic - [DEBUG] found replica for vector: 2
2025-11-18 17:23:48,330 - INFO - MainThread - server_logic - [DEBUG] found replica for vector: 3
2025-11-18 17:23:48,330 - INFO - MainThread - server_logic - [DEBUG] found replica for vector: 4
2025-11-18 17:23:48,330 - INFO - MainThread - server_logic - [DEBUG] found replica for vector: 1
2025-11-18 17:23:48,330 - INFO - MainThread - server_logic - [DEBUG] found replica for vector: 2
2025-11-18 17:23:48,330 - INFO - MainThread - server_logic - [DEBUG] found replica for vector: 3
2025-11-18 17:23:48,330 - INFO - MainThread - server_logic - [DEBUG] found replica for vector: 4
2025-11-18 17:23:48,330 - INFO - MainThread - server_logic - [DEBUG] found replica for vector: 1
2025-11-18 17:23:48,330 - INFO - MainThread - server_logic - [DEBUG] found replica for vector: 2
2025-11-18 17:23:48,330 - INFO - MainThread - server_logic - [DEBUG] found replica for vector: 3
2025-11-18 17:23:48,330 - INFO - MainThread - server_logic - [DEBUG] to me replica for vector: 3
2025-11-18 17:23:48,330 - INFO - MainThread - server_logic - [DEBUG] found replica for vector: 1
2025-11-18 17:23:48,330 - INFO - MainThread - server_logic - [DEBUG] found replica for vector: 2
2025-11-18 17:23:48,330 - INFO - MainThread - server_logic - [DEBUG] found replica for vector: 3
2025-11-18 17:23:48,330 - INFO - MainThread - server_logic - [DEBUG] found replica for vector: 4
2025-11-18 17:23:48,330 - INFO - MainThread - server_logic - [DEBUG] found replica for vector: 1
2025-11-18 17:23:48,330 - INFO - MainThread - server_logic - [DEBUG] found replica for vector: 2
2025-11-18 17:23:48,330 - INFO - MainThread - server_logic - [DEBUG] found replica for vector: 3
2025-11-18 17:23:48,330 - INFO - MainThread - server_logic - [DEBUG] found replica for vector: 4
2025-11-18 17:23:48,330 - INFO - MainThread - server_logic - [DEBUG] found replica for vector: 1
2025-11-18 17:23:48,330 - INFO - MainThread - server_logic - [DEBUG] found replica for vector: 2
2025-11-18 17:23:48,330 - INFO - MainThread - server_logic - [DEBUG] found replica for vector: 3
2025-11-18 17:23:48,330 - INFO - MainThread - server_logic - [DEBUG] to me replica for vector: 3
2025-11-18 17:23:48,330 - INFO - MainThread - server_logic - [DEBUG] found replica for vector: 1
2025-11-18 17:23:48,330 - INFO - MainThread - server_logic - [DEBUG] found replica for vector: 2
2025-11-18 17:23:48,330 - INFO - MainThread - server_logic - [DEBUG] found replica for vector: 3
2025-11-18 17:23:48,330 - INFO - MainThread - server_logic - [DEBUG] found replica for vector: 4
2025-11-18 17:23:48,330 - INFO - MainThread - server_logic - [DEBUG] found replica for vector: 1
2025-11-18 17:23:48,330 - INFO - MainThread - server_logic - [DEBUG] found replica for vector: 2
2025-11-18 17:23:48,330 - INFO - MainThread - server_logic - [DEBUG] found replica for vector: 3
2025-11-18 17:23:48,330 - INFO - MainThread - server_logic - [DEBUG] found replica for vector: 4
2025-11-18 17:23:48,331 - INFO - MainThread - server_logic - [DEBUG] found replica for vector: 1
2025-11-18 17:23:48,331 - INFO - MainThread - server_logic - [DEBUG] found replica for vector: 2
2025-11-18 17:23:48,331 - INFO - MainThread - server_logic - [DEBUG] found replica for vector: 3
2025-11-18 17:23:48,331 - INFO - MainThread - server_logic - [DEBUG] found replica for vector: 4
2025-11-18 17:23:48,331 - INFO - MainThread - server_logic - [DEBUG] found replica for vector: 1
2025-11-18 17:23:48,331 - INFO - MainThread - server_logic - [DEBUG] found replica for vector: 2
2025-11-18 17:23:48,331 - INFO - MainThread - server_logic - [DEBUG] found replica for vector: 3
2025-11-18 17:23:48,331 - INFO - MainThread - server_logic - [DEBUG] found replica for vector: 4
2025-11-18 17:23:48,331 - INFO - MainThread - server_logic - [DEBUG] found replica for vector: 1
2025-11-18 17:23:48,331 - INFO - MainThread - server_logic - [DEBUG] found replica for vector: 2
2025-11-18 17:23:48,331 - INFO - MainThread - server_logic - [DEBUG] found replica for vector: 3
2025-11-18 17:23:48,331 - INFO - MainThread - server_logic - [DEBUG] found replica for vector: 4
2025-11-18 17:23:48,331 - INFO - MainThread - server_logic - [DEBUG] found replica for vector: 1
2025-11-18 17:23:48,331 - INFO - MainThread - server_logic - [DEBUG] found replica for vector: 2
2025-11-18 17:23:48,331 - INFO - MainThread - server_logic - [DEBUG] found replica for vector: 3
2025-11-18 17:23:48,331 - INFO - MainThread - server_logic - [DEBUG] to me replica for vector: 3
2025-11-18 17:23:48,331 - INFO - MainThread - server_logic - [DEBUG] found replica for vector: 1
2025-11-18 17:23:48,331 - INFO - MainThread - server_logic - [DEBUG] found replica for vector: 2
2025-11-18 17:23:48,331 - INFO - MainThread - server_logic - [DEBUG] found replica for vector: 3
2025-11-18 17:23:48,331 - INFO - MainThread - server_logic - [DEBUG] to me replica for vector: 3
2025-11-18 17:23:48,331 - INFO - MainThread - server_logic - [DEBUG] found replica for vector: 1
2025-11-18 17:23:48,331 - INFO - MainThread - server_logic - [DEBUG] found replica for vector: 2
2025-11-18 17:23:48,331 - INFO - MainThread - server_logic - [DEBUG] found replica for vector: 3
2025-11-18 17:23:48,331 - INFO - MainThread - server_logic - [DEBUG] found replica for vector: 4
2025-11-18 17:23:48,331 - INFO - MainThread - server_logic - [DEBUG] found replica for vector: 1
2025-11-18 17:23:48,331 - INFO - MainThread - server_logic - [DEBUG] found replica for vector: 2
2025-11-18 17:23:48,331 - INFO - MainThread - server_logic - [DEBUG] found replica for vector: 3
2025-11-18 17:23:48,331 - INFO - MainThread - server_logic - [DEBUG] found replica for vector: 4
2025-11-18 17:23:48,331 - INFO - MainThread - server_logic - [DEBUG] found replica for vector: 1
2025-11-18 17:23:48,331 - INFO - MainThread - server_logic - [DEBUG] found replica for vector: 2
2025-11-18 17:23:48,331 - INFO - MainThread - server_logic - [DEBUG] found replica for vector: 3
2025-11-18 17:23:48,331 - INFO - MainThread - server_logic - [DEBUG] found replica for vector: 4
2025-11-18 17:23:48,331 - INFO - MainThread - server_logic - [DEBUG] found replica for vector: 1
2025-11-18 17:23:48,331 - INFO - MainThread - server_logic - [DEBUG] found replica for vector: 2
2025-11-18 17:23:48,331 - INFO - MainThread - server_logic - [DEBUG] found replica for vector: 3
2025-11-18 17:23:48,331 - INFO - MainThread - server_logic - [DEBUG] found replica for vector: 4
2025-11-18 17:23:48,331 - INFO - MainThread - server_logic - [DEBUG] found replica for vector: 1
2025-11-18 17:23:48,331 - INFO - MainThread - server_logic - [DEBUG] found replica for vector: 2
2025-11-18 17:23:48,331 - INFO - MainThread - server_logic - [DEBUG] found replica for vector: 3
2025-11-18 17:23:48,331 - INFO - MainThread - server_logic - [DEBUG] found replica for vector: 4
2025-11-18 17:23:48,331 - INFO - MainThread - server_logic - [DEBUG] found replica for vector: 1
2025-11-18 17:23:48,331 - INFO - MainThread - server_logic - [DEBUG] found replica for vector: 2
2025-11-18 17:23:48,331 - INFO - MainThread - server_logic - [DEBUG] found replica for vector: 3
2025-11-18 17:23:48,331 - INFO - MainThread - server_logic - [DEBUG] found replica for vector: 4
2025-11-18 17:23:48,331 - INFO - MainThread - server_logic - [DEBUG] found replica for vector: 1
2025-11-18 17:23:48,331 - INFO - MainThread - server_logic - [DEBUG] found replica for vector: 2
2025-11-18 17:23:48,331 - INFO - MainThread - server_logic - [DEBUG] found replica for vector: 3
2025-11-18 17:23:48,331 - INFO - MainThread - server_logic - [DEBUG] found replica for vector: 4
2025-11-18 17:23:48,331 - INFO - MainThread - server_logic - [DEBUG] found replica for vector: 1
2025-11-18 17:23:48,331 - INFO - MainThread - server_logic - [DEBUG] found replica for vector: 2
2025-11-18 17:23:48,331 - INFO - MainThread - server_logic - [DEBUG] found replica for vector: 3
2025-11-18 17:23:48,331 - INFO - MainThread - server_logic - [DEBUG] to me replica for vector: 3
2025-11-18 17:23:48,331 - INFO - MainThread - server_logic - [DEBUG] found replica for vector: 1
2025-11-18 17:23:48,331 - INFO - MainThread - server_logic - [DEBUG] found replica for vector: 2
2025-11-18 17:23:48,331 - INFO - MainThread - server_logic - [DEBUG] found replica for vector: 3
2025-11-18 17:23:48,331 - INFO - MainThread - server_logic - [DEBUG] found replica for vector: 4
2025-11-18 17:23:48,332 - INFO - MainThread - server_logic - [DEBUG] found replica for vector: 1
2025-11-18 17:23:48,332 - INFO - MainThread - server_logic - [DEBUG] found replica for vector: 2
2025-11-18 17:23:48,332 - INFO - MainThread - server_logic - [DEBUG] found replica for vector: 3
2025-11-18 17:23:48,332 - INFO - MainThread - server_logic - [DEBUG] to me replica for vector: 3
2025-11-18 17:23:48,332 - INFO - MainThread - server_logic - [DEBUG] found replica for vector: 1
2025-11-18 17:23:48,332 - INFO - MainThread - server_logic - [DEBUG] found replica for vector: 2
2025-11-18 17:23:48,332 - INFO - MainThread - server_logic - [DEBUG] found replica for vector: 3
2025-11-18 17:23:48,332 - INFO - MainThread - server_logic - [DEBUG] found replica for vector: 4
2025-11-18 17:23:48,332 - INFO - MainThread - server_logic - [DEBUG] found replica for vector: 1
2025-11-18 17:23:48,332 - INFO - MainThread - server_logic - [DEBUG] found replica for vector: 2
2025-11-18 17:23:48,332 - INFO - MainThread - server_logic - [DEBUG] found replica for vector: 3
2025-11-18 17:23:48,332 - INFO - MainThread - server_logic - [DEBUG] found replica for vector: 4
2025-11-18 17:23:48,332 - INFO - MainThread - server_logic - [DEBUG] found replica for vector: 1
2025-11-18 17:23:48,332 - INFO - MainThread - server_logic - [DEBUG] found replica for vector: 2
2025-11-18 17:23:48,332 - INFO - MainThread - server_logic - [DEBUG] found replica for vector: 3
2025-11-18 17:23:48,332 - INFO - MainThread - server_logic - [DEBUG] to me replica for vector: 3
2025-11-18 17:23:48,332 - INFO - MainThread - server_logic - [DEBUG] found replica for vector: 1
2025-11-18 17:23:48,332 - INFO - MainThread - server_logic - [DEBUG] found replica for vector: 2
2025-11-18 17:23:48,332 - INFO - MainThread - server_logic - [DEBUG] found replica for vector: 3
2025-11-18 17:23:48,332 - INFO - MainThread - server_logic - [DEBUG] found replica for vector: 4
2025-11-18 17:23:48,332 - INFO - MainThread - server_logic - [DEBUG] found replica for vector: 1
2025-11-18 17:23:48,332 - INFO - MainThread - server_logic - [DEBUG] found replica for vector: 2
2025-11-18 17:23:48,332 - INFO - MainThread - server_logic - [DEBUG] found replica for vector: 3
2025-11-18 17:23:48,332 - INFO - MainThread - server_logic - [DEBUG] found replica for vector: 4
2025-11-18 17:23:48,332 - INFO - MainThread - server_logic - [DEBUG] found replica for vector: 1
2025-11-18 17:23:48,332 - INFO - MainThread - server_logic - [DEBUG] found replica for vector: 2
2025-11-18 17:23:48,332 - INFO - MainThread - server_logic - [DEBUG] found replica for vector: 3
2025-11-18 17:23:48,332 - INFO - MainThread - server_logic - [DEBUG] found replica for vector: 4
2025-11-18 17:23:48,332 - INFO - MainThread - server_logic - [DEBUG] found replica for vector: 1
2025-11-18 17:23:48,332 - INFO - MainThread - server_logic - [DEBUG] found replica for vector: 2
2025-11-18 17:23:48,332 - INFO - MainThread - server_logic - [DEBUG] found replica for vector: 3
2025-11-18 17:23:48,332 - INFO - MainThread - server_logic - [DEBUG] to me replica for vector: 3
2025-11-18 17:23:48,332 - INFO - MainThread - server_logic - [DEBUG] found replica for vector: 1
2025-11-18 17:23:48,332 - INFO - MainThread - server_logic - [DEBUG] found replica for vector: 2
2025-11-18 17:23:48,332 - INFO - MainThread - server_logic - [DEBUG] found replica for vector: 3
2025-11-18 17:23:48,332 - INFO - MainThread - server_logic - [DEBUG] found replica for vector: 4
2025-11-18 17:23:48,332 - INFO - MainThread - server_logic - [DEBUG] found replica for vector: 1
2025-11-18 17:23:48,332 - INFO - MainThread - server_logic - [DEBUG] found replica for vector: 2
2025-11-18 17:23:48,332 - INFO - MainThread - server_logic - [DEBUG] found replica for vector: 3
2025-11-18 17:23:48,332 - INFO - MainThread - server_logic - [DEBUG] found replica for vector: 4
2025-11-18 17:23:48,332 - INFO - MainThread - server_logic - [DEBUG] found replica for vector: 1
2025-11-18 17:23:48,332 - INFO - MainThread - server_logic - [DEBUG] found replica for vector: 2
2025-11-18 17:23:48,332 - INFO - MainThread - server_logic - [DEBUG] found replica for vector: 3
2025-11-18 17:23:48,332 - INFO - MainThread - server_logic - [DEBUG] found replica for vector: 4
2025-11-18 17:23:48,332 - INFO - MainThread - server_logic - [DEBUG] found replica for vector: 1
2025-11-18 17:23:48,332 - INFO - MainThread - server_logic - [DEBUG] found replica for vector: 2
2025-11-18 17:23:48,332 - INFO - MainThread - server_logic - [DEBUG] found replica for vector: 3
2025-11-18 17:23:48,332 - INFO - MainThread - server_logic - [DEBUG] found replica for vector: 4
2025-11-18 17:23:48,332 - INFO - MainThread - server_logic - [DEBUG] found replica for vector: 1
2025-11-18 17:23:48,332 - INFO - MainThread - server_logic - [DEBUG] found replica for vector: 2
2025-11-18 17:23:48,332 - INFO - MainThread - server_logic - [DEBUG] found replica for vector: 3
2025-11-18 17:23:48,332 - INFO - MainThread - server_logic - [DEBUG] found replica for vector: 4
2025-11-18 17:23:48,332 - INFO - MainThread - server_logic - [DEBUG] found replica for vector: 1
2025-11-18 17:23:48,332 - INFO - MainThread - server_logic - [DEBUG] found replica for vector: 2
2025-11-18 17:23:48,332 - INFO - MainThread - server_logic - [DEBUG] found replica for vector: 3
2025-11-18 17:23:48,332 - INFO - MainThread - server_logic - [DEBUG] found replica for vector: 4
2025-11-18 17:23:48,333 - INFO - MainThread - server_logic - [DEBUG] found replica for vector: 1
2025-11-18 17:23:48,333 - INFO - MainThread - server_logic - [DEBUG] found replica for vector: 2
2025-11-18 17:23:48,333 - INFO - MainThread - server_logic - [DEBUG] found replica for vector: 3
2025-11-18 17:23:48,333 - INFO - MainThread - server_logic - [DEBUG] to me replica for vector: 3
2025-11-18 17:23:48,333 - INFO - MainThread - server_logic - [DEBUG] found replica for vector: 1
2025-11-18 17:23:48,333 - INFO - MainThread - server_logic - [DEBUG] found replica for vector: 2
2025-11-18 17:23:48,333 - INFO - MainThread - server_logic - [DEBUG] found replica for vector: 3
2025-11-18 17:23:48,333 - INFO - MainThread - server_logic - [DEBUG] found replica for vector: 4
2025-11-18 17:23:48,333 - INFO - MainThread - server_logic - [DEBUG] found replica for vector: 1
2025-11-18 17:23:48,333 - INFO - MainThread - server_logic - [DEBUG] found replica for vector: 2
2025-11-18 17:23:48,333 - INFO - MainThread - server_logic - [DEBUG] found replica for vector: 3
2025-11-18 17:23:48,333 - INFO - MainThread - server_logic - [DEBUG] found replica for vector: 4
2025-11-18 17:23:48,333 - INFO - MainThread - server_logic - [DEBUG] found replica for vector: 1
2025-11-18 17:23:48,333 - INFO - MainThread - server_logic - [DEBUG] found replica for vector: 2
2025-11-18 17:23:48,333 - INFO - MainThread - server_logic - [DEBUG] found replica for vector: 3
2025-11-18 17:23:48,333 - INFO - MainThread - server_logic - [DEBUG] found replica for vector: 4
2025-11-18 17:23:48,333 - INFO - MainThread - server_logic - [DEBUG] found replica for vector: 1
2025-11-18 17:23:48,333 - INFO - MainThread - server_logic - [DEBUG] found replica for vector: 2
2025-11-18 17:23:48,333 - INFO - MainThread - server_logic - [DEBUG] found replica for vector: 3
2025-11-18 17:23:48,333 - INFO - MainThread - server_logic - [DEBUG] found replica for vector: 4
2025-11-18 17:23:48,333 - INFO - MainThread - server_logic - [DEBUG] found replica for vector: 1
2025-11-18 17:23:48,333 - INFO - MainThread - server_logic - [DEBUG] found replica for vector: 2
2025-11-18 17:23:48,333 - INFO - MainThread - server_logic - [DEBUG] found replica for vector: 3
2025-11-18 17:23:48,333 - INFO - MainThread - server_logic - [DEBUG] to me replica for vector: 3
2025-11-18 17:23:48,333 - INFO - MainThread - server_logic - [DEBUG] found replica for vector: 1
2025-11-18 17:23:48,333 - INFO - MainThread - server_logic - [DEBUG] found replica for vector: 2
2025-11-18 17:23:48,333 - INFO - MainThread - server_logic - [DEBUG] found replica for vector: 3
2025-11-18 17:23:48,333 - INFO - MainThread - server_logic - [DEBUG] found replica for vector: 4
2025-11-18 17:23:48,333 - INFO - MainThread - server_logic - [DEBUG] found replica for vector: 1
2025-11-18 17:23:48,333 - INFO - MainThread - server_logic - [DEBUG] found replica for vector: 2
2025-11-18 17:23:48,333 - INFO - MainThread - server_logic - [DEBUG] found replica for vector: 3
2025-11-18 17:23:48,333 - INFO - MainThread - server_logic - [DEBUG] found replica for vector: 4
2025-11-18 17:23:48,333 - INFO - MainThread - server_logic - [DEBUG] found replica for vector: 1
2025-11-18 17:23:48,333 - INFO - MainThread - server_logic - [DEBUG] found replica for vector: 2
2025-11-18 17:23:48,333 - INFO - MainThread - server_logic - [DEBUG] found replica for vector: 3
2025-11-18 17:23:48,333 - INFO - MainThread - server_logic - [DEBUG] to me replica for vector: 3
2025-11-18 17:23:48,333 - INFO - MainThread - server_logic - [DEBUG] found replica for vector: 1
2025-11-18 17:23:48,333 - INFO - MainThread - server_logic - [DEBUG] found replica for vector: 2
2025-11-18 17:23:48,333 - INFO - MainThread - server_logic - [DEBUG] found replica for vector: 3
2025-11-18 17:23:48,333 - INFO - MainThread - server_logic - [DEBUG] found replica for vector: 4
2025-11-18 17:23:48,333 - INFO - MainThread - server_logic - [DEBUG] found replica for vector: 1
2025-11-18 17:23:48,333 - INFO - MainThread - server_logic - [DEBUG] found replica for vector: 2
2025-11-18 17:23:48,333 - INFO - MainThread - server_logic - [DEBUG] found replica for vector: 3
2025-11-18 17:23:48,333 - INFO - MainThread - server_logic - [DEBUG] to me replica for vector: 3
2025-11-18 17:23:48,333 - INFO - MainThread - server_logic - [DEBUG] found replica for vector: 1
2025-11-18 17:23:48,333 - INFO - MainThread - server_logic - [DEBUG] found replica for vector: 2
2025-11-18 17:23:48,333 - INFO - MainThread - server_logic - [DEBUG] found replica for vector: 3
2025-11-18 17:23:48,333 - INFO - MainThread - server_logic - [DEBUG] found replica for vector: 4
2025-11-18 17:23:48,333 - INFO - MainThread - server_logic - [DEBUG] found replica for vector: 1
2025-11-18 17:23:48,333 - INFO - MainThread - server_logic - [DEBUG] found replica for vector: 2
2025-11-18 17:23:48,333 - INFO - MainThread - server_logic - [DEBUG] found replica for vector: 3
2025-11-18 17:23:48,333 - INFO - MainThread - server_logic - [DEBUG] found replica for vector: 4
2025-11-18 17:23:48,333 - INFO - MainThread - server_logic - [DEBUG] found replica for vector: 1
2025-11-18 17:23:48,333 - INFO - MainThread - server_logic - [DEBUG] found replica for vector: 2
2025-11-18 17:23:48,333 - INFO - MainThread - server_logic - [DEBUG] found replica for vector: 3
2025-11-18 17:23:48,333 - INFO - MainThread - server_logic - [DEBUG] to me replica for vector: 3
2025-11-18 17:23:48,333 - INFO - MainThread - server_logic - [DEBUG] found replica for vector: 1
2025-11-18 17:23:48,334 - INFO - MainThread - server_logic - [DEBUG] found replica for vector: 2
2025-11-18 17:23:48,334 - INFO - MainThread - server_logic - [DEBUG] found replica for vector: 3
2025-11-18 17:23:48,334 - INFO - MainThread - server_logic - [DEBUG] found replica for vector: 4
2025-11-18 17:23:48,334 - INFO - MainThread - server_logic - [DEBUG] found replica for vector: 1
2025-11-18 17:23:48,334 - INFO - MainThread - server_logic - [DEBUG] found replica for vector: 2
2025-11-18 17:23:48,334 - INFO - MainThread - server_logic - [DEBUG] found replica for vector: 3
2025-11-18 17:23:48,334 - INFO - MainThread - server_logic - [DEBUG] found replica for vector: 4
2025-11-18 17:23:48,334 - INFO - MainThread - server_logic - [DEBUG] found replica for vector: 1
2025-11-18 17:23:48,334 - INFO - MainThread - server_logic - [DEBUG] found replica for vector: 2
2025-11-18 17:23:48,334 - INFO - MainThread - server_logic - [DEBUG] found replica for vector: 3
2025-11-18 17:23:48,334 - INFO - MainThread - server_logic - [DEBUG] to me replica for vector: 3
2025-11-18 17:23:48,334 - INFO - MainThread - server_logic - [DEBUG] found replica for vector: 1
2025-11-18 17:23:48,334 - INFO - MainThread - server_logic - [DEBUG] found replica for vector: 2
2025-11-18 17:23:48,334 - INFO - MainThread - server_logic - [DEBUG] found replica for vector: 3
2025-11-18 17:23:48,334 - INFO - MainThread - server_logic - [DEBUG] found replica for vector: 4
2025-11-18 17:23:48,334 - INFO - MainThread - server_logic - [DEBUG] found replica for vector: 1
2025-11-18 17:23:48,334 - INFO - MainThread - server_logic - [DEBUG] found replica for vector: 2
2025-11-18 17:23:48,334 - INFO - MainThread - server_logic - [DEBUG] found replica for vector: 3
2025-11-18 17:23:48,334 - INFO - MainThread - server_logic - [DEBUG] found replica for vector: 4
2025-11-18 17:23:48,334 - INFO - MainThread - server_logic - [DEBUG] found replica for vector: 1
2025-11-18 17:23:48,334 - INFO - MainThread - server_logic - [DEBUG] found replica for vector: 2
2025-11-18 17:23:48,334 - INFO - MainThread - server_logic - [DEBUG] found replica for vector: 3
2025-11-18 17:23:48,334 - INFO - MainThread - server_logic - [DEBUG] to me replica for vector: 3
2025-11-18 17:23:48,334 - INFO - MainThread - server_logic - [DEBUG] found replica for vector: 1
2025-11-18 17:23:48,334 - INFO - MainThread - server_logic - [DEBUG] found replica for vector: 2
2025-11-18 17:23:48,334 - INFO - MainThread - server_logic - [DEBUG] found replica for vector: 3
2025-11-18 17:23:48,334 - INFO - MainThread - server_logic - [DEBUG] found replica for vector: 4
2025-11-18 17:23:48,334 - INFO - MainThread - server_logic - [DEBUG] found replica for vector: 1
2025-11-18 17:23:48,334 - INFO - MainThread - server_logic - [DEBUG] found replica for vector: 2
2025-11-18 17:23:48,334 - INFO - MainThread - server_logic - [DEBUG] found replica for vector: 3
2025-11-18 17:23:48,334 - INFO - MainThread - server_logic - [DEBUG] found replica for vector: 4
2025-11-18 17:23:48,334 - INFO - MainThread - server_logic - [DEBUG] found replica for vector: 1
2025-11-18 17:23:48,334 - INFO - MainThread - server_logic - [DEBUG] found replica for vector: 2
2025-11-18 17:23:48,334 - INFO - MainThread - server_logic - [DEBUG] found replica for vector: 3
2025-11-18 17:23:48,334 - INFO - MainThread - server_logic - [DEBUG] to me replica for vector: 3
2025-11-18 17:23:48,334 - INFO - MainThread - server_logic - [DEBUG] found replica for vector: 1
2025-11-18 17:23:48,334 - INFO - MainThread - server_logic - [DEBUG] found replica for vector: 2
2025-11-18 17:23:48,334 - INFO - MainThread - server_logic - [DEBUG] found replica for vector: 3
2025-11-18 17:23:48,334 - INFO - MainThread - server_logic - [DEBUG] found replica for vector: 4
2025-11-18 17:23:48,334 - INFO - MainThread - server_logic - [DEBUG] found replica for vector: 1
2025-11-18 17:23:48,334 - INFO - MainThread - server_logic - [DEBUG] found replica for vector: 2
2025-11-18 17:23:48,334 - INFO - MainThread - server_logic - [DEBUG] found replica for vector: 3
2025-11-18 17:23:48,334 - INFO - MainThread - server_logic - [DEBUG] found replica for vector: 4
2025-11-18 17:23:48,334 - INFO - MainThread - server_logic - [DEBUG] found replica for vector: 1
2025-11-18 17:23:48,334 - INFO - MainThread - server_logic - [DEBUG] found replica for vector: 2
2025-11-18 17:23:48,334 - INFO - MainThread - server_logic - [DEBUG] found replica for vector: 3
2025-11-18 17:23:48,334 - INFO - MainThread - server_logic - [DEBUG] found replica for vector: 4
2025-11-18 17:23:48,334 - INFO - MainThread - server_logic - [DEBUG] found replica for vector: 1
2025-11-18 17:23:48,334 - INFO - MainThread - server_logic - [DEBUG] found replica for vector: 2
2025-11-18 17:23:48,334 - INFO - MainThread - server_logic - [DEBUG] found replica for vector: 3
2025-11-18 17:23:48,334 - INFO - MainThread - server_logic - [DEBUG] found replica for vector: 4
2025-11-18 17:23:48,334 - INFO - MainThread - server_logic - [DEBUG] found replica for vector: 1
2025-11-18 17:23:48,334 - INFO - MainThread - server_logic - [DEBUG] found replica for vector: 2
2025-11-18 17:23:48,334 - INFO - MainThread - server_logic - [DEBUG] found replica for vector: 3
2025-11-18 17:23:48,334 - INFO - MainThread - server_logic - [DEBUG] found replica for vector: 4
2025-11-18 17:23:48,334 - INFO - MainThread - server_logic - [DEBUG] found replica for vector: 1
2025-11-18 17:23:48,334 - INFO - MainThread - server_logic - [DEBUG] found replica for vector: 2
2025-11-18 17:23:48,335 - INFO - MainThread - server_logic - [DEBUG] found replica for vector: 3
2025-11-18 17:23:48,335 - INFO - MainThread - server_logic - [DEBUG] found replica for vector: 4
2025-11-18 17:23:48,335 - INFO - MainThread - server_logic - [DEBUG] found replica for vector: 1
2025-11-18 17:23:48,335 - INFO - MainThread - server_logic - [DEBUG] found replica for vector: 2
2025-11-18 17:23:48,335 - INFO - MainThread - server_logic - [DEBUG] found replica for vector: 3
2025-11-18 17:23:48,335 - INFO - MainThread - server_logic - [DEBUG] found replica for vector: 4
2025-11-18 17:23:48,335 - INFO - MainThread - server_logic - [DEBUG] found replica for vector: 1
2025-11-18 17:23:48,335 - INFO - MainThread - server_logic - [DEBUG] found replica for vector: 2
2025-11-18 17:23:48,335 - INFO - MainThread - server_logic - [DEBUG] found replica for vector: 3
2025-11-18 17:23:48,335 - INFO - MainThread - server_logic - [DEBUG] found replica for vector: 4
2025-11-18 17:23:48,335 - INFO - MainThread - server_logic - [DEBUG] found replica for vector: 1
2025-11-18 17:23:48,335 - INFO - MainThread - server_logic - [DEBUG] found replica for vector: 2
2025-11-18 17:23:48,335 - INFO - MainThread - server_logic - [DEBUG] found replica for vector: 3
2025-11-18 17:23:48,335 - INFO - MainThread - server_logic - [DEBUG] found replica for vector: 4
2025-11-18 17:23:48,335 - INFO - MainThread - server_logic - [DEBUG] found replica for vector: 1
2025-11-18 17:23:48,335 - INFO - MainThread - server_logic - [DEBUG] found replica for vector: 2
2025-11-18 17:23:48,335 - INFO - MainThread - server_logic - [DEBUG] found replica for vector: 3
2025-11-18 17:23:48,335 - INFO - MainThread - server_logic - [DEBUG] found replica for vector: 4
2025-11-18 17:23:48,335 - INFO - MainThread - server_logic - [DEBUG] found replica for vector: 1
2025-11-18 17:23:48,335 - INFO - MainThread - server_logic - [DEBUG] found replica for vector: 2
2025-11-18 17:23:48,335 - INFO - MainThread - server_logic - [DEBUG] found replica for vector: 3
2025-11-18 17:23:48,335 - INFO - MainThread - server_logic - [DEBUG] to me replica for vector: 3
2025-11-18 17:23:48,335 - INFO - MainThread - server_logic - [DEBUG] found replica for vector: 1
2025-11-18 17:23:48,335 - INFO - MainThread - server_logic - [DEBUG] found replica for vector: 2
2025-11-18 17:23:48,335 - INFO - MainThread - server_logic - [DEBUG] found replica for vector: 3
2025-11-18 17:23:48,335 - INFO - MainThread - server_logic - [DEBUG] to me replica for vector: 3
2025-11-18 17:23:48,335 - INFO - MainThread - server_logic - [DEBUG] found replica for vector: 1
2025-11-18 17:23:48,335 - INFO - MainThread - server_logic - [DEBUG] found replica for vector: 2
2025-11-18 17:23:48,335 - INFO - MainThread - server_logic - [DEBUG] found replica for vector: 3
2025-11-18 17:23:48,335 - INFO - MainThread - server_logic - [DEBUG] to me replica for vector: 3
2025-11-18 17:23:48,335 - INFO - MainThread - server_logic - [DEBUG] found replica for vector: 1
2025-11-18 17:23:48,335 - INFO - MainThread - server_logic - [DEBUG] found replica for vector: 2
2025-11-18 17:23:48,335 - INFO - MainThread - server_logic - [DEBUG] found replica for vector: 3
2025-11-18 17:23:48,335 - INFO - MainThread - server_logic - [DEBUG] found replica for vector: 4
2025-11-18 17:23:48,335 - INFO - MainThread - server_logic - [DEBUG] found replica for vector: 1
2025-11-18 17:23:48,335 - INFO - MainThread - server_logic - [DEBUG] found replica for vector: 2
2025-11-18 17:23:48,335 - INFO - MainThread - server_logic - [DEBUG] found replica for vector: 3
2025-11-18 17:23:48,335 - INFO - MainThread - server_logic - [DEBUG] found replica for vector: 4
2025-11-18 17:23:48,335 - INFO - MainThread - server_logic - [DEBUG] found replica for vector: 1
2025-11-18 17:23:48,335 - INFO - MainThread - server_logic - [DEBUG] found replica for vector: 2
2025-11-18 17:23:48,335 - INFO - MainThread - server_logic - [DEBUG] found replica for vector: 3
2025-11-18 17:23:48,335 - INFO - MainThread - server_logic - [DEBUG] to me replica for vector: 3
2025-11-18 17:23:48,335 - INFO - MainThread - server_logic - [DEBUG] found replica for vector: 1
2025-11-18 17:23:48,335 - INFO - MainThread - server_logic - [DEBUG] found replica for vector: 2
2025-11-18 17:23:48,335 - INFO - MainThread - server_logic - [DEBUG] found replica for vector: 3
2025-11-18 17:23:48,335 - INFO - MainThread - server_logic - [DEBUG] found replica for vector: 4
2025-11-18 17:23:48,335 - INFO - MainThread - server_logic - [DEBUG] found replica for vector: 1
2025-11-18 17:23:48,335 - INFO - MainThread - server_logic - [DEBUG] found replica for vector: 2
2025-11-18 17:23:48,335 - INFO - MainThread - server_logic - [DEBUG] found replica for vector: 3
2025-11-18 17:23:48,335 - INFO - MainThread - server_logic - [DEBUG] found replica for vector: 4
2025-11-18 17:23:48,335 - INFO - MainThread - server_logic - [DEBUG] found replica for vector: 1
2025-11-18 17:23:48,335 - INFO - MainThread - server_logic - [DEBUG] found replica for vector: 2
2025-11-18 17:23:48,335 - INFO - MainThread - server_logic - [DEBUG] found replica for vector: 3
2025-11-18 17:23:48,335 - INFO - MainThread - server_logic - [DEBUG] to me replica for vector: 3
2025-11-18 17:23:48,335 - INFO - MainThread - server_logic - [DEBUG] found replica for vector: 1
2025-11-18 17:23:48,335 - INFO - MainThread - server_logic - [DEBUG] found replica for vector: 2
2025-11-18 17:23:48,336 - INFO - MainThread - server_logic - [DEBUG] found replica for vector: 3
2025-11-18 17:23:48,336 - INFO - MainThread - server_logic - [DEBUG] found replica for vector: 4
2025-11-18 17:23:48,336 - INFO - MainThread - server_logic - [DEBUG] found replica for vector: 1
2025-11-18 17:23:48,336 - INFO - MainThread - server_logic - [DEBUG] found replica for vector: 2
2025-11-18 17:23:48,336 - INFO - MainThread - server_logic - [DEBUG] found replica for vector: 3
2025-11-18 17:23:48,336 - INFO - MainThread - server_logic - [DEBUG] found replica for vector: 4
2025-11-18 17:23:48,336 - INFO - MainThread - server_logic - [DEBUG] found replica for vector: 1
2025-11-18 17:23:48,336 - INFO - MainThread - server_logic - [DEBUG] found replica for vector: 2
2025-11-18 17:23:48,336 - INFO - MainThread - server_logic - [DEBUG] found replica for vector: 3
2025-11-18 17:23:48,336 - INFO - MainThread - server_logic - [DEBUG] found replica for vector: 4
2025-11-18 17:23:48,336 - INFO - MainThread - server_logic - [DEBUG] found replica for vector: 1
2025-11-18 17:23:48,336 - INFO - MainThread - server_logic - [DEBUG] found replica for vector: 2
2025-11-18 17:23:48,336 - INFO - MainThread - server_logic - [DEBUG] found replica for vector: 3
2025-11-18 17:23:48,336 - INFO - MainThread - server_logic - [DEBUG] found replica for vector: 4
2025-11-18 17:23:48,336 - INFO - MainThread - server_logic - [DEBUG] found replica for vector: 1
2025-11-18 17:23:48,336 - INFO - MainThread - server_logic - [DEBUG] found replica for vector: 2
2025-11-18 17:23:48,336 - INFO - MainThread - server_logic - [DEBUG] found replica for vector: 3
2025-11-18 17:23:48,336 - INFO - MainThread - server_logic - [DEBUG] to me replica for vector: 3
2025-11-18 17:23:48,336 - INFO - MainThread - server_logic - [DEBUG] found replica for vector: 1
2025-11-18 17:23:48,336 - INFO - MainThread - server_logic - [DEBUG] found replica for vector: 2
2025-11-18 17:23:48,336 - INFO - MainThread - server_logic - [DEBUG] found replica for vector: 3
2025-11-18 17:23:48,336 - INFO - MainThread - server_logic - [DEBUG] found replica for vector: 4
2025-11-18 17:23:48,336 - INFO - MainThread - server_logic - [DEBUG] found replica for vector: 1
2025-11-18 17:23:48,336 - INFO - MainThread - server_logic - [DEBUG] found replica for vector: 2
2025-11-18 17:23:48,336 - INFO - MainThread - server_logic - [DEBUG] found replica for vector: 3
2025-11-18 17:23:48,336 - INFO - MainThread - server_logic - [DEBUG] found replica for vector: 4
2025-11-18 17:23:48,336 - INFO - MainThread - server_logic - [DEBUG] found replica for vector: 1
2025-11-18 17:23:48,336 - INFO - MainThread - server_logic - [DEBUG] found replica for vector: 2
2025-11-18 17:23:48,336 - INFO - MainThread - server_logic - [DEBUG] found replica for vector: 3
2025-11-18 17:23:48,336 - INFO - MainThread - server_logic - [DEBUG] found replica for vector: 4
2025-11-18 17:23:48,336 - INFO - MainThread - server_logic - [DEBUG] found replica for vector: 1
2025-11-18 17:23:48,336 - INFO - MainThread - server_logic - [DEBUG] found replica for vector: 2
2025-11-18 17:23:48,336 - INFO - MainThread - server_logic - [DEBUG] found replica for vector: 3
2025-11-18 17:23:48,336 - INFO - MainThread - server_logic - [DEBUG] to me replica for vector: 3
2025-11-18 17:23:48,336 - INFO - MainThread - server_logic - [DEBUG] found replica for vector: 1
2025-11-18 17:23:48,336 - INFO - MainThread - server_logic - [DEBUG] found replica for vector: 2
2025-11-18 17:23:48,336 - INFO - MainThread - server_logic - [DEBUG] found replica for vector: 3
2025-11-18 17:23:48,336 - INFO - MainThread - server_logic - [DEBUG] to me replica for vector: 3
2025-11-18 17:23:48,336 - INFO - MainThread - server_logic - [DEBUG] found replica for vector: 1
2025-11-18 17:23:48,336 - INFO - MainThread - server_logic - [DEBUG] found replica for vector: 2
2025-11-18 17:23:48,336 - INFO - MainThread - server_logic - [DEBUG] found replica for vector: 3
2025-11-18 17:23:48,336 - INFO - MainThread - server_logic - [DEBUG] to me replica for vector: 3
2025-11-18 17:23:48,336 - INFO - MainThread - server_logic - [DEBUG] found replica for vector: 1
2025-11-18 17:23:48,336 - INFO - MainThread - server_logic - [DEBUG] found replica for vector: 2
2025-11-18 17:23:48,336 - INFO - MainThread - server_logic - [DEBUG] found replica for vector: 3
2025-11-18 17:23:48,336 - INFO - MainThread - server_logic - [DEBUG] to me replica for vector: 3
2025-11-18 17:23:48,336 - INFO - MainThread - server_logic - [DEBUG] found replica for vector: 1
2025-11-18 17:23:48,336 - INFO - MainThread - server_logic - [DEBUG] found replica for vector: 2
2025-11-18 17:23:48,336 - INFO - MainThread - server_logic - [DEBUG] found replica for vector: 3
2025-11-18 17:23:48,336 - INFO - MainThread - server_logic - [DEBUG] found replica for vector: 4
2025-11-18 17:23:48,336 - INFO - MainThread - server_logic - [DEBUG] found replica for vector: 1
2025-11-18 17:23:48,336 - INFO - MainThread - server_logic - [DEBUG] found replica for vector: 2
2025-11-18 17:23:48,336 - INFO - MainThread - server_logic - [DEBUG] found replica for vector: 3
2025-11-18 17:23:48,336 - INFO - MainThread - server_logic - [DEBUG] to me replica for vector: 3
2025-11-18 17:23:48,336 - INFO - MainThread - server_logic - [DEBUG] found replica for vector: 1
2025-11-18 17:23:48,336 - INFO - MainThread - server_logic - [DEBUG] found replica for vector: 2
2025-11-18 17:23:48,337 - INFO - MainThread - server_logic - [DEBUG] found replica for vector: 3
2025-11-18 17:23:48,337 - INFO - MainThread - server_logic - [DEBUG] found replica for vector: 4
2025-11-18 17:23:48,337 - INFO - MainThread - server_logic - [DEBUG] found replica for vector: 1
2025-11-18 17:23:48,337 - INFO - MainThread - server_logic - [DEBUG] found replica for vector: 2
2025-11-18 17:23:48,337 - INFO - MainThread - server_logic - [DEBUG] found replica for vector: 3
2025-11-18 17:23:48,337 - INFO - MainThread - server_logic - [DEBUG] found replica for vector: 4
2025-11-18 17:23:48,337 - INFO - MainThread - server_logic - [DEBUG] found replica for vector: 1
2025-11-18 17:23:48,337 - INFO - MainThread - server_logic - [DEBUG] found replica for vector: 2
2025-11-18 17:23:48,337 - INFO - MainThread - server_logic - [DEBUG] found replica for vector: 3
2025-11-18 17:23:48,337 - INFO - MainThread - server_logic - [DEBUG] to me replica for vector: 3
2025-11-18 17:23:48,337 - INFO - MainThread - server_logic - [DEBUG] found replica for vector: 1
2025-11-18 17:23:48,337 - INFO - MainThread - server_logic - [DEBUG] found replica for vector: 2
2025-11-18 17:23:48,337 - INFO - MainThread - server_logic - [DEBUG] found replica for vector: 3
2025-11-18 17:23:48,337 - INFO - MainThread - server_logic - [DEBUG] to me replica for vector: 3
2025-11-18 17:23:48,337 - INFO - MainThread - server_logic - [DEBUG] found replica for vector: 1
2025-11-18 17:23:48,337 - INFO - MainThread - server_logic - [DEBUG] found replica for vector: 2
2025-11-18 17:23:48,337 - INFO - MainThread - server_logic - [DEBUG] found replica for vector: 3
2025-11-18 17:23:48,337 - INFO - MainThread - server_logic - [DEBUG] found replica for vector: 4
2025-11-18 17:23:48,337 - INFO - MainThread - server_logic - [DEBUG] found replica for vector: 1
2025-11-18 17:23:48,337 - INFO - MainThread - server_logic - [DEBUG] found replica for vector: 2
2025-11-18 17:23:48,337 - INFO - MainThread - server_logic - [DEBUG] found replica for vector: 3
2025-11-18 17:23:48,337 - INFO - MainThread - server_logic - [DEBUG] found replica for vector: 4
2025-11-18 17:23:48,337 - INFO - MainThread - server_logic - [DEBUG] found replica for vector: 1
2025-11-18 17:23:48,337 - INFO - MainThread - server_logic - [DEBUG] found replica for vector: 2
2025-11-18 17:23:48,337 - INFO - MainThread - server_logic - [DEBUG] found replica for vector: 3
2025-11-18 17:23:48,337 - INFO - MainThread - server_logic - [DEBUG] found replica for vector: 4
2025-11-18 17:23:48,337 - INFO - MainThread - server_logic - [DEBUG] found replica for vector: 1
2025-11-18 17:23:48,337 - INFO - MainThread - server_logic - [DEBUG] found replica for vector: 2
2025-11-18 17:23:48,337 - INFO - MainThread - server_logic - [DEBUG] found replica for vector: 3
2025-11-18 17:23:48,337 - INFO - MainThread - server_logic - [DEBUG] found replica for vector: 4
2025-11-18 17:23:48,337 - INFO - MainThread - server_logic - [DEBUG] found replica for vector: 1
2025-11-18 17:23:48,337 - INFO - MainThread - server_logic - [DEBUG] found replica for vector: 2
2025-11-18 17:23:48,337 - INFO - MainThread - server_logic - [DEBUG] found replica for vector: 3
2025-11-18 17:23:48,337 - INFO - MainThread - server_logic - [DEBUG] to me replica for vector: 3
2025-11-18 17:23:48,337 - INFO - MainThread - server_logic - [DEBUG] found replica for vector: 1
2025-11-18 17:23:48,337 - INFO - MainThread - server_logic - [DEBUG] found replica for vector: 2
2025-11-18 17:23:48,337 - INFO - MainThread - server_logic - [DEBUG] found replica for vector: 3
2025-11-18 17:23:48,337 - INFO - MainThread - server_logic - [DEBUG] found replica for vector: 4
2025-11-18 17:23:48,337 - INFO - MainThread - server_logic - [DEBUG] found replica for vector: 1
2025-11-18 17:23:48,337 - INFO - MainThread - server_logic - [DEBUG] found replica for vector: 2
2025-11-18 17:23:48,337 - INFO - MainThread - server_logic - [DEBUG] found replica for vector: 3
2025-11-18 17:23:48,337 - INFO - MainThread - server_logic - [DEBUG] to me replica for vector: 3
2025-11-18 17:23:48,337 - INFO - MainThread - server_logic - [DEBUG] found replica for vector: 1
2025-11-18 17:23:48,337 - INFO - MainThread - server_logic - [DEBUG] found replica for vector: 2
2025-11-18 17:23:48,337 - INFO - MainThread - server_logic - [DEBUG] found replica for vector: 3
2025-11-18 17:23:48,337 - INFO - MainThread - server_logic - [DEBUG] found replica for vector: 4
2025-11-18 17:23:48,337 - INFO - MainThread - server_logic - [DEBUG] found replica for vector: 1
2025-11-18 17:23:48,337 - INFO - MainThread - server_logic - [DEBUG] found replica for vector: 2
2025-11-18 17:23:48,337 - INFO - MainThread - server_logic - [DEBUG] found replica for vector: 3
2025-11-18 17:23:48,337 - INFO - MainThread - server_logic - [DEBUG] found replica for vector: 4
2025-11-18 17:23:48,337 - INFO - MainThread - server_logic - [DEBUG] found replica for vector: 1
2025-11-18 17:23:48,337 - INFO - MainThread - server_logic - [DEBUG] found replica for vector: 2
2025-11-18 17:23:48,337 - INFO - MainThread - server_logic - [DEBUG] found replica for vector: 3
2025-11-18 17:23:48,337 - INFO - MainThread - server_logic - [DEBUG] to me replica for vector: 3
2025-11-18 17:23:48,337 - INFO - MainThread - server_logic - [DEBUG] found replica for vector: 1
2025-11-18 17:23:48,337 - INFO - MainThread - server_logic - [DEBUG] found replica for vector: 2
2025-11-18 17:23:48,337 - INFO - MainThread - server_logic - [DEBUG] found replica for vector: 3
2025-11-18 17:23:48,338 - INFO - MainThread - server_logic - [DEBUG] found replica for vector: 4
2025-11-18 17:23:48,338 - INFO - MainThread - server_logic - [DEBUG] found replica for vector: 1
2025-11-18 17:23:48,338 - INFO - MainThread - server_logic - [DEBUG] found replica for vector: 2
2025-11-18 17:23:48,338 - INFO - MainThread - server_logic - [DEBUG] found replica for vector: 3
2025-11-18 17:23:48,338 - INFO - MainThread - server_logic - [DEBUG] found replica for vector: 4
2025-11-18 17:23:48,338 - INFO - MainThread - server_logic - [DEBUG] found replica for vector: 1
2025-11-18 17:23:48,338 - INFO - MainThread - server_logic - [DEBUG] found replica for vector: 2
2025-11-18 17:23:48,338 - INFO - MainThread - server_logic - [DEBUG] found replica for vector: 3
2025-11-18 17:23:48,338 - INFO - MainThread - server_logic - [DEBUG] found replica for vector: 4
2025-11-18 17:23:48,338 - INFO - MainThread - server_logic - [DEBUG] found replica for vector: 1
2025-11-18 17:23:48,338 - INFO - MainThread - server_logic - [DEBUG] found replica for vector: 2
2025-11-18 17:23:48,338 - INFO - MainThread - server_logic - [DEBUG] found replica for vector: 3
2025-11-18 17:23:48,338 - INFO - MainThread - server_logic - [DEBUG] to me replica for vector: 3
2025-11-18 17:23:48,338 - INFO - MainThread - server_logic - [DEBUG] found replica for vector: 1
2025-11-18 17:23:48,338 - INFO - MainThread - server_logic - [DEBUG] found replica for vector: 2
2025-11-18 17:23:48,338 - INFO - MainThread - server_logic - [DEBUG] found replica for vector: 3
2025-11-18 17:23:48,338 - INFO - MainThread - server_logic - [DEBUG] found replica for vector: 4
2025-11-18 17:23:48,338 - INFO - MainThread - server_logic - [DEBUG] found replica for vector: 1
2025-11-18 17:23:48,338 - INFO - MainThread - server_logic - [DEBUG] found replica for vector: 2
2025-11-18 17:23:48,338 - INFO - MainThread - server_logic - [DEBUG] found replica for vector: 3
2025-11-18 17:23:48,338 - INFO - MainThread - server_logic - [DEBUG] to me replica for vector: 3
2025-11-18 17:23:48,338 - INFO - MainThread - server_logic - [DEBUG] found replica for vector: 1
2025-11-18 17:23:48,338 - INFO - MainThread - server_logic - [DEBUG] found replica for vector: 2
2025-11-18 17:23:48,338 - INFO - MainThread - server_logic - [DEBUG] found replica for vector: 3
2025-11-18 17:23:48,338 - INFO - MainThread - server_logic - [DEBUG] found replica for vector: 4
2025-11-18 17:23:48,338 - INFO - MainThread - server_logic - [DEBUG] found replica for vector: 1
2025-11-18 17:23:48,338 - INFO - MainThread - server_logic - [DEBUG] found replica for vector: 2
2025-11-18 17:23:48,338 - INFO - MainThread - server_logic - [DEBUG] found replica for vector: 3
2025-11-18 17:23:48,338 - INFO - MainThread - server_logic - [DEBUG] to me replica for vector: 3
2025-11-18 17:23:48,338 - INFO - MainThread - server_logic - [DEBUG] found replica for vector: 1
2025-11-18 17:23:48,338 - INFO - MainThread - server_logic - [DEBUG] found replica for vector: 2
2025-11-18 17:23:48,338 - INFO - MainThread - server_logic - [DEBUG] found replica for vector: 3
2025-11-18 17:23:48,338 - INFO - MainThread - server_logic - [DEBUG] found replica for vector: 4
2025-11-18 17:23:48,338 - INFO - MainThread - server_logic - [DEBUG] found replica for vector: 1
2025-11-18 17:23:48,338 - INFO - MainThread - server_logic - [DEBUG] found replica for vector: 2
2025-11-18 17:23:48,338 - INFO - MainThread - server_logic - [DEBUG] found replica for vector: 3
2025-11-18 17:23:48,338 - INFO - MainThread - server_logic - [DEBUG] to me replica for vector: 3
2025-11-18 17:23:48,338 - INFO - MainThread - server_logic - [DEBUG] found replica for vector: 1
2025-11-18 17:23:48,338 - INFO - MainThread - server_logic - [DEBUG] found replica for vector: 2
2025-11-18 17:23:48,338 - INFO - MainThread - server_logic - [DEBUG] found replica for vector: 3
2025-11-18 17:23:48,338 - INFO - MainThread - server_logic - [DEBUG] found replica for vector: 4
2025-11-18 17:23:48,338 - INFO - MainThread - server_logic - [DEBUG] found replica for vector: 1
2025-11-18 17:23:48,338 - INFO - MainThread - server_logic - [DEBUG] found replica for vector: 2
2025-11-18 17:23:48,338 - INFO - MainThread - server_logic - [DEBUG] found replica for vector: 3
2025-11-18 17:23:48,338 - INFO - MainThread - server_logic - [DEBUG] found replica for vector: 4
2025-11-18 17:23:48,338 - INFO - MainThread - server_logic - [DEBUG] found replica for vector: 1
2025-11-18 17:23:48,338 - INFO - MainThread - server_logic - [DEBUG] found replica for vector: 2
2025-11-18 17:23:48,338 - INFO - MainThread - server_logic - [DEBUG] found replica for vector: 3
2025-11-18 17:23:48,338 - INFO - MainThread - server_logic - [DEBUG] to me replica for vector: 3
2025-11-18 17:23:48,338 - INFO - MainThread - server_logic - [DEBUG] found replica for vector: 1
2025-11-18 17:23:48,338 - INFO - MainThread - server_logic - [DEBUG] found replica for vector: 2
2025-11-18 17:23:48,338 - INFO - MainThread - server_logic - [DEBUG] found replica for vector: 3
2025-11-18 17:23:48,338 - INFO - MainThread - server_logic - [DEBUG] to me replica for vector: 3
2025-11-18 17:23:48,338 - INFO - MainThread - server_logic - [DEBUG] found replica for vector: 1
2025-11-18 17:23:48,338 - INFO - MainThread - server_logic - [DEBUG] found replica for vector: 2
2025-11-18 17:23:48,338 - INFO - MainThread - server_logic - [DEBUG] found replica for vector: 3
2025-11-18 17:23:48,339 - INFO - MainThread - server_logic - [DEBUG] found replica for vector: 4
2025-11-18 17:23:48,339 - INFO - MainThread - server_logic - [DEBUG] found replica for vector: 1
2025-11-18 17:23:48,339 - INFO - MainThread - server_logic - [DEBUG] found replica for vector: 2
2025-11-18 17:23:48,339 - INFO - MainThread - server_logic - [DEBUG] found replica for vector: 3
2025-11-18 17:23:48,339 - INFO - MainThread - server_logic - [DEBUG] found replica for vector: 4
2025-11-18 17:23:48,339 - INFO - MainThread - server_logic - [DEBUG] found replica for vector: 1
2025-11-18 17:23:48,339 - INFO - MainThread - server_logic - [DEBUG] found replica for vector: 2
2025-11-18 17:23:48,339 - INFO - MainThread - server_logic - [DEBUG] found replica for vector: 3
2025-11-18 17:23:48,339 - INFO - MainThread - server_logic - [DEBUG] found replica for vector: 4
2025-11-18 17:23:48,339 - INFO - MainThread - server_logic - [DEBUG] found replica for vector: 1
2025-11-18 17:23:48,339 - INFO - MainThread - server_logic - [DEBUG] found replica for vector: 2
2025-11-18 17:23:48,339 - INFO - MainThread - server_logic - [DEBUG] found replica for vector: 3
2025-11-18 17:23:48,339 - INFO - MainThread - server_logic - [DEBUG] found replica for vector: 4
2025-11-18 17:23:48,339 - INFO - MainThread - server_logic - [DEBUG] found replica for vector: 1
2025-11-18 17:23:48,339 - INFO - MainThread - server_logic - [DEBUG] found replica for vector: 2
2025-11-18 17:23:48,339 - INFO - MainThread - server_logic - [DEBUG] found replica for vector: 3
2025-11-18 17:23:48,339 - INFO - MainThread - server_logic - [DEBUG] found replica for vector: 4
2025-11-18 17:23:48,339 - INFO - MainThread - server_logic - [DEBUG] found replica for vector: 1
2025-11-18 17:23:48,339 - INFO - MainThread - server_logic - [DEBUG] found replica for vector: 2
2025-11-18 17:23:48,339 - INFO - MainThread - server_logic - [DEBUG] found replica for vector: 3
2025-11-18 17:23:48,339 - INFO - MainThread - server_logic - [DEBUG] found replica for vector: 4
2025-11-18 17:23:48,339 - INFO - MainThread - server_logic - [DEBUG] found replica for vector: 1
2025-11-18 17:23:48,339 - INFO - MainThread - server_logic - [DEBUG] found replica for vector: 2
2025-11-18 17:23:48,339 - INFO - MainThread - server_logic - [DEBUG] found replica for vector: 3
2025-11-18 17:23:48,339 - INFO - MainThread - server_logic - [DEBUG] found replica for vector: 4
2025-11-18 17:23:48,339 - INFO - MainThread - server_logic - [DEBUG] found replica for vector: 1
2025-11-18 17:23:48,339 - INFO - MainThread - server_logic - [DEBUG] found replica for vector: 2
2025-11-18 17:23:48,339 - INFO - MainThread - server_logic - [DEBUG] found replica for vector: 3
2025-11-18 17:23:48,339 - INFO - MainThread - server_logic - [DEBUG] to me replica for vector: 3
2025-11-18 17:23:48,339 - INFO - MainThread - server_logic - [DEBUG] found replica for vector: 1
2025-11-18 17:23:48,339 - INFO - MainThread - server_logic - [DEBUG] found replica for vector: 2
2025-11-18 17:23:48,339 - INFO - MainThread - server_logic - [DEBUG] found replica for vector: 3
2025-11-18 17:23:48,339 - INFO - MainThread - server_logic - [DEBUG] found replica for vector: 4
2025-11-18 17:23:48,339 - INFO - MainThread - server_logic - [DEBUG] found replica for vector: 1
2025-11-18 17:23:48,339 - INFO - MainThread - server_logic - [DEBUG] found replica for vector: 2
2025-11-18 17:23:48,339 - INFO - MainThread - server_logic - [DEBUG] found replica for vector: 3
2025-11-18 17:23:48,339 - INFO - MainThread - server_logic - [DEBUG] found replica for vector: 4
2025-11-18 17:23:48,339 - INFO - MainThread - server_logic - [DEBUG] found replica for vector: 1
2025-11-18 17:23:48,339 - INFO - MainThread - server_logic - [DEBUG] found replica for vector: 2
2025-11-18 17:23:48,339 - INFO - MainThread - server_logic - [DEBUG] found replica for vector: 3
2025-11-18 17:23:48,339 - INFO - MainThread - server_logic - [DEBUG] to me replica for vector: 3
2025-11-18 17:23:48,339 - INFO - MainThread - server_logic - [DEBUG] found replica for vector: 1
2025-11-18 17:23:48,339 - INFO - MainThread - server_logic - [DEBUG] found replica for vector: 2
2025-11-18 17:23:48,339 - INFO - MainThread - server_logic - [DEBUG] found replica for vector: 3
2025-11-18 17:23:48,339 - INFO - MainThread - server_logic - [DEBUG] found replica for vector: 4
2025-11-18 17:23:48,339 - INFO - MainThread - server_logic - [DEBUG] found replica for vector: 1
2025-11-18 17:23:48,339 - INFO - MainThread - server_logic - [DEBUG] found replica for vector: 2
2025-11-18 17:23:48,339 - INFO - MainThread - server_logic - [DEBUG] found replica for vector: 3
2025-11-18 17:23:48,339 - INFO - MainThread - server_logic - [DEBUG] found replica for vector: 4
2025-11-18 17:23:48,339 - INFO - MainThread - server_logic - [DEBUG] found replica for vector: 1
2025-11-18 17:23:48,339 - INFO - MainThread - server_logic - [DEBUG] found replica for vector: 2
2025-11-18 17:23:48,339 - INFO - MainThread - server_logic - [DEBUG] found replica for vector: 3
2025-11-18 17:23:48,339 - INFO - MainThread - server_logic - [DEBUG] to me replica for vector: 3
2025-11-18 17:23:48,339 - INFO - MainThread - server_logic - [DEBUG] found replica for vector: 1
2025-11-18 17:23:48,339 - INFO - MainThread - server_logic - [DEBUG] found replica for vector: 2
2025-11-18 17:23:48,339 - INFO - MainThread - server_logic - [DEBUG] found replica for vector: 3
2025-11-18 17:23:48,339 - INFO - MainThread - server_logic - [DEBUG] found replica for vector: 4
2025-11-18 17:23:48,340 - INFO - MainThread - server_logic - [DEBUG] found replica for vector: 1
2025-11-18 17:23:48,340 - INFO - MainThread - server_logic - [DEBUG] found replica for vector: 2
2025-11-18 17:23:48,340 - INFO - MainThread - server_logic - [DEBUG] found replica for vector: 3
2025-11-18 17:23:48,340 - INFO - MainThread - server_logic - [DEBUG] to me replica for vector: 3
2025-11-18 17:23:48,340 - INFO - MainThread - server_logic - [DEBUG] found replica for vector: 1
2025-11-18 17:23:48,340 - INFO - MainThread - server_logic - [DEBUG] found replica for vector: 2
2025-11-18 17:23:48,340 - INFO - MainThread - server_logic - [DEBUG] found replica for vector: 3
2025-11-18 17:23:48,340 - INFO - MainThread - server_logic - [DEBUG] to me replica for vector: 3
2025-11-18 17:23:48,340 - INFO - MainThread - server_logic - [DEBUG] found replica for vector: 1
2025-11-18 17:23:48,340 - INFO - MainThread - server_logic - [DEBUG] found replica for vector: 2
2025-11-18 17:23:48,340 - INFO - MainThread - server_logic - [DEBUG] found replica for vector: 3
2025-11-18 17:23:48,340 - INFO - MainThread - server_logic - [DEBUG] found replica for vector: 4
2025-11-18 17:23:48,340 - INFO - MainThread - server_logic - [DEBUG] found replica for vector: 1
2025-11-18 17:23:48,340 - INFO - MainThread - server_logic - [DEBUG] found replica for vector: 2
2025-11-18 17:23:48,340 - INFO - MainThread - server_logic - [DEBUG] found replica for vector: 3
2025-11-18 17:23:48,340 - INFO - MainThread - server_logic - [DEBUG] found replica for vector: 4
2025-11-18 17:23:48,340 - INFO - MainThread - server_logic - [DEBUG] found replica for vector: 1
2025-11-18 17:23:48,340 - INFO - MainThread - server_logic - [DEBUG] found replica for vector: 2
2025-11-18 17:23:48,340 - INFO - MainThread - server_logic - [DEBUG] found replica for vector: 3
2025-11-18 17:23:48,340 - INFO - MainThread - server_logic - [DEBUG] found replica for vector: 4
2025-11-18 17:23:48,340 - INFO - MainThread - server_logic - [DEBUG] found replica for vector: 1
2025-11-18 17:23:48,340 - INFO - MainThread - server_logic - [DEBUG] found replica for vector: 2
2025-11-18 17:23:48,340 - INFO - MainThread - server_logic - [DEBUG] found replica for vector: 3
2025-11-18 17:23:48,340 - INFO - MainThread - server_logic - [DEBUG] to me replica for vector: 3
2025-11-18 17:23:48,340 - INFO - MainThread - server_logic - [DEBUG] found replica for vector: 1
2025-11-18 17:23:48,340 - INFO - MainThread - server_logic - [DEBUG] found replica for vector: 2
2025-11-18 17:23:48,340 - INFO - MainThread - server_logic - [DEBUG] found replica for vector: 3
2025-11-18 17:23:48,340 - INFO - MainThread - server_logic - [DEBUG] found replica for vector: 4
2025-11-18 17:23:48,340 - INFO - MainThread - server_logic - [DEBUG] found replica for vector: 1
2025-11-18 17:23:48,340 - INFO - MainThread - server_logic - [DEBUG] found replica for vector: 2
2025-11-18 17:23:48,340 - INFO - MainThread - server_logic - [DEBUG] found replica for vector: 3
2025-11-18 17:23:48,340 - INFO - MainThread - server_logic - [DEBUG] found replica for vector: 4
2025-11-18 17:23:48,340 - INFO - MainThread - server_logic - [DEBUG] found replica for vector: 1
2025-11-18 17:23:48,340 - INFO - MainThread - server_logic - [DEBUG] found replica for vector: 2
2025-11-18 17:23:48,340 - INFO - MainThread - server_logic - [DEBUG] found replica for vector: 3
2025-11-18 17:23:48,340 - INFO - MainThread - server_logic - [DEBUG] found replica for vector: 4
2025-11-18 17:23:48,340 - INFO - MainThread - server_logic - [DEBUG] found replica for vector: 1
2025-11-18 17:23:48,340 - INFO - MainThread - server_logic - [DEBUG] found replica for vector: 2
2025-11-18 17:23:48,340 - INFO - MainThread - server_logic - [DEBUG] found replica for vector: 3
2025-11-18 17:23:48,340 - INFO - MainThread - server_logic - [DEBUG] to me replica for vector: 3
2025-11-18 17:23:48,340 - INFO - MainThread - server_logic - [DEBUG] found replica for vector: 1
2025-11-18 17:23:48,340 - INFO - MainThread - server_logic - [DEBUG] found replica for vector: 2
2025-11-18 17:23:48,340 - INFO - MainThread - server_logic - [DEBUG] found replica for vector: 3
2025-11-18 17:23:48,340 - INFO - MainThread - server_logic - [DEBUG] to me replica for vector: 3
2025-11-18 17:23:48,340 - INFO - MainThread - server_logic - [DEBUG] found replica for vector: 1
2025-11-18 17:23:48,340 - INFO - MainThread - server_logic - [DEBUG] found replica for vector: 2
2025-11-18 17:23:48,340 - INFO - MainThread - server_logic - [DEBUG] found replica for vector: 3
2025-11-18 17:23:48,340 - INFO - MainThread - server_logic - [DEBUG] found replica for vector: 4
2025-11-18 17:23:48,340 - INFO - MainThread - server_logic - [Router] Distribution: Peer node1: 67, Peer node2: 45, Peer node3: 45, Peer node4: 45, Peer node5: 45, Peer node6: 60, Peer node7: 60, Peer node8: 60, Peer node9: 60, Peer node10: 84, Peer node11: 84, Peer node12: 84, Peer node14: 67, Peer node15: 67, Peer node16: 67, Me (node13): 84
2025-11-18 17:23:48,340 - INFO - MainThread - server_logic - --> [Peer Send] Sending 67 vectors to Peer node1 (localhost:9001) | Status: clustered
2025-11-18 17:23:48,411 - INFO - MainThread - server_logic - --> [Peer Send] Success: Sent vectors to node1
2025-11-18 17:23:48,411 - INFO - MainThread - server_logic - --> [Peer Send] Sending 45 vectors to Peer node2 (localhost:9002) | Status: clustered
2025-11-18 17:23:48,481 - INFO - MainThread - server_logic - --> [Peer Send] Success: Sent vectors to node2
2025-11-18 17:23:48,481 - INFO - MainThread - server_logic - --> [Peer Send] Sending 45 vectors to Peer node3 (localhost:9003) | Status: clustered
2025-11-18 17:23:48,554 - INFO - MainThread - server_logic - --> [Peer Send] Success: Sent vectors to node3
2025-11-18 17:23:48,554 - INFO - MainThread - server_logic - --> [Peer Send] Sending 45 vectors to Peer node4 (localhost:9004) | Status: clustered
2025-11-18 17:23:48,624 - INFO - MainThread - server_logic - --> [Peer Send] Success: Sent vectors to node4
2025-11-18 17:23:48,624 - INFO - MainThread - server_logic - --> [Peer Send] Sending 45 vectors to Peer node5 (localhost:9005) | Status: clustered
2025-11-18 17:23:48,691 - INFO - MainThread - server_logic - --> [Peer Send] Success: Sent vectors to node5
2025-11-18 17:23:48,691 - INFO - MainThread - server_logic - --> [Peer Send] Sending 60 vectors to Peer node6 (localhost:9006) | Status: clustered
2025-11-18 17:23:48,756 - INFO - MainThread - server_logic - --> [Peer Send] Success: Sent vectors to node6
2025-11-18 17:23:48,756 - INFO - MainThread - server_logic - --> [Peer Send] Sending 60 vectors to Peer node7 (localhost:9007) | Status: clustered
2025-11-18 17:23:48,822 - INFO - MainThread - server_logic - --> [Peer Send] Success: Sent vectors to node7
2025-11-18 17:23:48,823 - INFO - MainThread - server_logic - --> [Peer Send] Sending 60 vectors to Peer node8 (localhost:9008) | Status: clustered
2025-11-18 17:23:48,891 - INFO - MainThread - server_logic - --> [Peer Send] Success: Sent vectors to node8
2025-11-18 17:23:48,891 - INFO - MainThread - server_logic - --> [Peer Send] Sending 60 vectors to Peer node9 (localhost:9009) | Status: clustered
2025-11-18 17:23:48,959 - INFO - MainThread - server_logic - --> [Peer Send] Success: Sent vectors to node9
2025-11-18 17:23:48,959 - INFO - MainThread - server_logic - --> [Peer Send] Sending 84 vectors to Peer node10 (localhost:9010) | Status: clustered
2025-11-18 17:23:49,031 - INFO - MainThread - server_logic - --> [Peer Send] Success: Sent vectors to node10
2025-11-18 17:23:49,031 - INFO - MainThread - server_logic - --> [Peer Send] Sending 84 vectors to Peer node11 (localhost:9011) | Status: clustered
2025-11-18 17:23:49,119 - INFO - MainThread - server_logic - --> [Peer Send] Success: Sent vectors to node11
2025-11-18 17:23:49,119 - INFO - MainThread - server_logic - --> [Peer Send] Sending 84 vectors to Peer node12 (localhost:9012) | Status: clustered
2025-11-18 17:23:49,190 - INFO - MainThread - server_logic - --> [Peer Send] Success: Sent vectors to node12
2025-11-18 17:23:49,190 - INFO - MainThread - server_logic - --> [Peer Send] Sending 67 vectors to Peer node14 (localhost:9014) | Status: clustered
2025-11-18 17:23:49,259 - INFO - MainThread - server_logic - --> [Peer Send] Success: Sent vectors to node14
2025-11-18 17:23:49,259 - INFO - MainThread - server_logic - --> [Peer Send] Sending 67 vectors to Peer node15 (localhost:9015) | Status: clustered
2025-11-18 17:23:49,330 - INFO - MainThread - server_logic - --> [Peer Send] Success: Sent vectors to node15
2025-11-18 17:23:49,330 - INFO - MainThread - server_logic - --> [Peer Send] Sending 67 vectors to Peer node16 (localhost:9016) | Status: clustered
2025-11-18 17:23:49,395 - INFO - MainThread - server_logic - --> [Peer Send] Success: Sent vectors to node16
2025-11-18 17:23:49,395 - INFO - MainThread - server_logic - [Add Vectors] Processing 84 vectors. Sender Status: clustered. Current Node Status: clustered
2025-11-18 17:23:49,395 - INFO - MainThread - server_logic - [Add Vectors] Direct Insert: Storing 84 vectors in local Qdrant (Sender is clustered).
2025-11-18 17:23:49,447 - INFO - MainThread - httpx - HTTP Request: GET http://localhost:6357 "HTTP/1.1 200 OK"
2025-11-18 17:23:49,447 - INFO - MainThread - qdrant_module - [Qdrant] Attempting to insert 84 vectors into vectors on http://localhost:6357...
2025-11-18 17:23:49,459 - INFO - MainThread - qdrant_module - [Qdrant] Success: Inserted 84 vectors.
2025-11-18 17:23:49,460 - INFO - MainThread - __main__ - API: /add completed
2025-11-18 17:23:49,460 - INFO - MainThread - uvicorn.access - 127.0.0.1:52752 - "POST /add HTTP/1.1" 200
2025-11-18 17:23:50,394 - INFO - ThreadPoolExecutor-0_0 - grpc_handler - [GRPC IN] ReceiveVectors called. ReqID: 110, Type: clustered, Count: 88
2025-11-18 17:23:50,395 - INFO - ThreadPoolExecutor-0_0 - server_logic - [Add Vectors] Processing 88 vectors. Sender Status: clustered. Current Node Status: clustered
2025-11-18 17:23:50,395 - INFO - ThreadPoolExecutor-0_0 - server_logic - [Add Vectors] Direct Insert: Storing 88 vectors in local Qdrant (Sender is clustered).
2025-11-18 17:23:50,447 - INFO - ThreadPoolExecutor-0_0 - httpx - HTTP Request: GET http://localhost:6357 "HTTP/1.1 200 OK"
2025-11-18 17:23:50,448 - INFO - ThreadPoolExecutor-0_0 - qdrant_module - [Qdrant] Attempting to insert 88 vectors into vectors on http://localhost:6357...
2025-11-18 17:23:50,464 - INFO - ThreadPoolExecutor-0_0 - qdrant_module - [Qdrant] Success: Inserted 88 vectors.
2025-11-18 17:23:50,465 - INFO - ThreadPoolExecutor-0_0 - grpc_handler - [GRPC IN] ReceiveVectors processed successfully.
2025-11-18 17:23:51,585 - INFO - ThreadPoolExecutor-0_0 - grpc_handler - [GRPC IN] ReceiveVectors called. ReqID: 111, Type: clustered, Count: 73
2025-11-18 17:23:51,586 - INFO - ThreadPoolExecutor-0_0 - server_logic - [Add Vectors] Processing 73 vectors. Sender Status: clustered. Current Node Status: clustered
2025-11-18 17:23:51,586 - INFO - ThreadPoolExecutor-0_0 - server_logic - [Add Vectors] Direct Insert: Storing 73 vectors in local Qdrant (Sender is clustered).
2025-11-18 17:23:51,638 - INFO - ThreadPoolExecutor-0_0 - httpx - HTTP Request: GET http://localhost:6357 "HTTP/1.1 200 OK"
2025-11-18 17:23:51,638 - INFO - ThreadPoolExecutor-0_0 - qdrant_module - [Qdrant] Attempting to insert 73 vectors into vectors on http://localhost:6357...
2025-11-18 17:23:51,650 - INFO - ThreadPoolExecutor-0_0 - qdrant_module - [Qdrant] Success: Inserted 73 vectors.
2025-11-18 17:23:51,652 - INFO - ThreadPoolExecutor-0_0 - grpc_handler - [GRPC IN] ReceiveVectors processed successfully.
2025-11-18 17:23:52,824 - INFO - ThreadPoolExecutor-0_0 - grpc_handler - [GRPC IN] ReceiveVectors called. ReqID: 112, Type: clustered, Count: 68
2025-11-18 17:23:52,825 - INFO - ThreadPoolExecutor-0_0 - server_logic - [Add Vectors] Processing 68 vectors. Sender Status: clustered. Current Node Status: clustered
2025-11-18 17:23:52,825 - INFO - ThreadPoolExecutor-0_0 - server_logic - [Add Vectors] Direct Insert: Storing 68 vectors in local Qdrant (Sender is clustered).
2025-11-18 17:23:52,880 - INFO - ThreadPoolExecutor-0_0 - httpx - HTTP Request: GET http://localhost:6357 "HTTP/1.1 200 OK"
2025-11-18 17:23:52,881 - INFO - ThreadPoolExecutor-0_0 - qdrant_module - [Qdrant] Attempting to insert 68 vectors into vectors on http://localhost:6357...
2025-11-18 17:23:52,893 - INFO - ThreadPoolExecutor-0_0 - qdrant_module - [Qdrant] Success: Inserted 68 vectors.
2025-11-18 17:23:52,895 - INFO - ThreadPoolExecutor-0_0 - grpc_handler - [GRPC IN] ReceiveVectors processed successfully.
2025-11-18 17:23:53,973 - INFO - ThreadPoolExecutor-0_0 - grpc_handler - [GRPC IN] ReceiveVectors called. ReqID: 113, Type: clustered, Count: 79
2025-11-18 17:23:53,974 - INFO - ThreadPoolExecutor-0_0 - server_logic - [Add Vectors] Processing 79 vectors. Sender Status: clustered. Current Node Status: clustered
2025-11-18 17:23:53,974 - INFO - ThreadPoolExecutor-0_0 - server_logic - [Add Vectors] Direct Insert: Storing 79 vectors in local Qdrant (Sender is clustered).
2025-11-18 17:23:54,026 - INFO - ThreadPoolExecutor-0_0 - httpx - HTTP Request: GET http://localhost:6357 "HTTP/1.1 200 OK"
2025-11-18 17:23:54,026 - INFO - ThreadPoolExecutor-0_0 - qdrant_module - [Qdrant] Attempting to insert 79 vectors into vectors on http://localhost:6357...
2025-11-18 17:23:54,041 - INFO - ThreadPoolExecutor-0_0 - qdrant_module - [Qdrant] Success: Inserted 79 vectors.
2025-11-18 17:23:54,042 - INFO - ThreadPoolExecutor-0_0 - grpc_handler - [GRPC IN] ReceiveVectors processed successfully.
2025-11-18 17:23:55,177 - INFO - ThreadPoolExecutor-0_0 - grpc_handler - [GRPC IN] ReceiveVectors called. ReqID: 114, Type: clustered, Count: 87
2025-11-18 17:23:55,178 - INFO - ThreadPoolExecutor-0_0 - server_logic - [Add Vectors] Processing 87 vectors. Sender Status: clustered. Current Node Status: clustered
2025-11-18 17:23:55,178 - INFO - ThreadPoolExecutor-0_0 - server_logic - [Add Vectors] Direct Insert: Storing 87 vectors in local Qdrant (Sender is clustered).
2025-11-18 17:23:55,230 - INFO - ThreadPoolExecutor-0_0 - httpx - HTTP Request: GET http://localhost:6357 "HTTP/1.1 200 OK"
2025-11-18 17:23:55,231 - INFO - ThreadPoolExecutor-0_0 - qdrant_module - [Qdrant] Attempting to insert 87 vectors into vectors on http://localhost:6357...
2025-11-18 17:23:55,247 - INFO - ThreadPoolExecutor-0_0 - qdrant_module - [Qdrant] Success: Inserted 87 vectors.
2025-11-18 17:23:55,249 - INFO - ThreadPoolExecutor-0_0 - grpc_handler - [GRPC IN] ReceiveVectors processed successfully.
2025-11-18 17:23:56,386 - INFO - ThreadPoolExecutor-0_0 - grpc_handler - [GRPC IN] ReceiveVectors called. ReqID: 115, Type: clustered, Count: 76
2025-11-18 17:23:56,387 - INFO - ThreadPoolExecutor-0_0 - server_logic - [Add Vectors] Processing 76 vectors. Sender Status: clustered. Current Node Status: clustered
2025-11-18 17:23:56,387 - INFO - ThreadPoolExecutor-0_0 - server_logic - [Add Vectors] Direct Insert: Storing 76 vectors in local Qdrant (Sender is clustered).
2025-11-18 17:23:56,438 - INFO - ThreadPoolExecutor-0_0 - httpx - HTTP Request: GET http://localhost:6357 "HTTP/1.1 200 OK"
2025-11-18 17:23:56,439 - INFO - ThreadPoolExecutor-0_0 - qdrant_module - [Qdrant] Attempting to insert 76 vectors into vectors on http://localhost:6357...
2025-11-18 17:23:56,453 - INFO - ThreadPoolExecutor-0_0 - qdrant_module - [Qdrant] Success: Inserted 76 vectors.
2025-11-18 17:23:56,454 - INFO - ThreadPoolExecutor-0_0 - grpc_handler - [GRPC IN] ReceiveVectors processed successfully.
2025-11-18 17:23:57,580 - INFO - ThreadPoolExecutor-0_0 - grpc_handler - [GRPC IN] ReceiveVectors called. ReqID: 116, Type: clustered, Count: 78
2025-11-18 17:23:57,581 - INFO - ThreadPoolExecutor-0_0 - server_logic - [Add Vectors] Processing 78 vectors. Sender Status: clustered. Current Node Status: clustered
2025-11-18 17:23:57,581 - INFO - ThreadPoolExecutor-0_0 - server_logic - [Add Vectors] Direct Insert: Storing 78 vectors in local Qdrant (Sender is clustered).
2025-11-18 17:23:57,634 - INFO - ThreadPoolExecutor-0_0 - httpx - HTTP Request: GET http://localhost:6357 "HTTP/1.1 200 OK"
2025-11-18 17:23:57,635 - INFO - ThreadPoolExecutor-0_0 - qdrant_module - [Qdrant] Attempting to insert 78 vectors into vectors on http://localhost:6357...
2025-11-18 17:23:57,649 - INFO - ThreadPoolExecutor-0_0 - qdrant_module - [Qdrant] Success: Inserted 78 vectors.
2025-11-18 17:23:57,650 - INFO - ThreadPoolExecutor-0_0 - grpc_handler - [GRPC IN] ReceiveVectors processed successfully.
2025-11-18 17:23:58,950 - INFO - ThreadPoolExecutor-0_0 - grpc_handler - [GRPC IN] ReceiveVectors called. ReqID: 117, Type: clustered, Count: 81
2025-11-18 17:23:58,951 - INFO - ThreadPoolExecutor-0_0 - server_logic - [Add Vectors] Processing 81 vectors. Sender Status: clustered. Current Node Status: clustered
2025-11-18 17:23:58,951 - INFO - ThreadPoolExecutor-0_0 - server_logic - [Add Vectors] Direct Insert: Storing 81 vectors in local Qdrant (Sender is clustered).
2025-11-18 17:23:59,004 - INFO - ThreadPoolExecutor-0_0 - httpx - HTTP Request: GET http://localhost:6357 "HTTP/1.1 200 OK"
2025-11-18 17:23:59,005 - INFO - ThreadPoolExecutor-0_0 - qdrant_module - [Qdrant] Attempting to insert 81 vectors into vectors on http://localhost:6357...
2025-11-18 17:23:59,020 - INFO - ThreadPoolExecutor-0_0 - qdrant_module - [Qdrant] Success: Inserted 81 vectors.
2025-11-18 17:23:59,021 - INFO - ThreadPoolExecutor-0_0 - grpc_handler - [GRPC IN] ReceiveVectors processed successfully.
2025-11-18 17:24:00,173 - INFO - ThreadPoolExecutor-0_0 - grpc_handler - [GRPC IN] ReceiveVectors called. ReqID: 118, Type: clustered, Count: 83
2025-11-18 17:24:00,174 - INFO - ThreadPoolExecutor-0_0 - server_logic - [Add Vectors] Processing 83 vectors. Sender Status: clustered. Current Node Status: clustered
2025-11-18 17:24:00,174 - INFO - ThreadPoolExecutor-0_0 - server_logic - [Add Vectors] Direct Insert: Storing 83 vectors in local Qdrant (Sender is clustered).
2025-11-18 17:24:00,227 - INFO - ThreadPoolExecutor-0_0 - httpx - HTTP Request: GET http://localhost:6357 "HTTP/1.1 200 OK"
2025-11-18 17:24:00,227 - INFO - ThreadPoolExecutor-0_0 - qdrant_module - [Qdrant] Attempting to insert 83 vectors into vectors on http://localhost:6357...
2025-11-18 17:24:00,241 - INFO - ThreadPoolExecutor-0_0 - qdrant_module - [Qdrant] Success: Inserted 83 vectors.
2025-11-18 17:24:00,243 - INFO - ThreadPoolExecutor-0_0 - grpc_handler - [GRPC IN] ReceiveVectors processed successfully.
2025-11-18 17:24:01,365 - INFO - ThreadPoolExecutor-0_0 - grpc_handler - [GRPC IN] ReceiveVectors called. ReqID: 119, Type: clustered, Count: 70
2025-11-18 17:24:01,366 - INFO - ThreadPoolExecutor-0_0 - server_logic - [Add Vectors] Processing 70 vectors. Sender Status: clustered. Current Node Status: clustered
2025-11-18 17:24:01,366 - INFO - ThreadPoolExecutor-0_0 - server_logic - [Add Vectors] Direct Insert: Storing 70 vectors in local Qdrant (Sender is clustered).
2025-11-18 17:24:01,418 - INFO - ThreadPoolExecutor-0_0 - httpx - HTTP Request: GET http://localhost:6357 "HTTP/1.1 200 OK"
2025-11-18 17:24:01,419 - INFO - ThreadPoolExecutor-0_0 - qdrant_module - [Qdrant] Attempting to insert 70 vectors into vectors on http://localhost:6357...
2025-11-18 17:24:01,431 - INFO - ThreadPoolExecutor-0_0 - qdrant_module - [Qdrant] Success: Inserted 70 vectors.
2025-11-18 17:24:01,433 - INFO - ThreadPoolExecutor-0_0 - grpc_handler - [GRPC IN] ReceiveVectors processed successfully.
2025-11-18 17:24:02,669 - INFO - ThreadPoolExecutor-0_0 - grpc_handler - [GRPC IN] ReceiveVectors called. ReqID: 120, Type: clustered, Count: 86
2025-11-18 17:24:02,670 - INFO - ThreadPoolExecutor-0_0 - server_logic - [Add Vectors] Processing 86 vectors. Sender Status: clustered. Current Node Status: clustered
2025-11-18 17:24:02,670 - INFO - ThreadPoolExecutor-0_0 - server_logic - [Add Vectors] Direct Insert: Storing 86 vectors in local Qdrant (Sender is clustered).
2025-11-18 17:24:02,722 - INFO - ThreadPoolExecutor-0_0 - httpx - HTTP Request: GET http://localhost:6357 "HTTP/1.1 200 OK"
2025-11-18 17:24:02,722 - INFO - ThreadPoolExecutor-0_0 - qdrant_module - [Qdrant] Attempting to insert 86 vectors into vectors on http://localhost:6357...
2025-11-18 17:24:02,739 - INFO - ThreadPoolExecutor-0_0 - qdrant_module - [Qdrant] Success: Inserted 86 vectors.
2025-11-18 17:24:02,740 - INFO - ThreadPoolExecutor-0_0 - grpc_handler - [GRPC IN] ReceiveVectors processed successfully.
2025-11-18 17:24:03,935 - INFO - ThreadPoolExecutor-0_0 - grpc_handler - [GRPC IN] ReceiveVectors called. ReqID: 121, Type: clustered, Count: 85
2025-11-18 17:24:03,936 - INFO - ThreadPoolExecutor-0_0 - server_logic - [Add Vectors] Processing 85 vectors. Sender Status: clustered. Current Node Status: clustered
2025-11-18 17:24:03,936 - INFO - ThreadPoolExecutor-0_0 - server_logic - [Add Vectors] Direct Insert: Storing 85 vectors in local Qdrant (Sender is clustered).
2025-11-18 17:24:03,989 - INFO - ThreadPoolExecutor-0_0 - httpx - HTTP Request: GET http://localhost:6357 "HTTP/1.1 200 OK"
2025-11-18 17:24:03,989 - INFO - ThreadPoolExecutor-0_0 - qdrant_module - [Qdrant] Attempting to insert 85 vectors into vectors on http://localhost:6357...
2025-11-18 17:24:04,006 - INFO - ThreadPoolExecutor-0_0 - qdrant_module - [Qdrant] Success: Inserted 85 vectors.
2025-11-18 17:24:04,007 - INFO - ThreadPoolExecutor-0_0 - grpc_handler - [GRPC IN] ReceiveVectors processed successfully.
2025-11-18 17:24:05,135 - INFO - ThreadPoolExecutor-0_0 - grpc_handler - [GRPC IN] ReceiveVectors called. ReqID: 122, Type: clustered, Count: 72
2025-11-18 17:24:05,136 - INFO - ThreadPoolExecutor-0_0 - server_logic - [Add Vectors] Processing 72 vectors. Sender Status: clustered. Current Node Status: clustered
2025-11-18 17:24:05,136 - INFO - ThreadPoolExecutor-0_0 - server_logic - [Add Vectors] Direct Insert: Storing 72 vectors in local Qdrant (Sender is clustered).
2025-11-18 17:24:05,188 - INFO - ThreadPoolExecutor-0_0 - httpx - HTTP Request: GET http://localhost:6357 "HTTP/1.1 200 OK"
2025-11-18 17:24:05,188 - INFO - ThreadPoolExecutor-0_0 - qdrant_module - [Qdrant] Attempting to insert 72 vectors into vectors on http://localhost:6357...
2025-11-18 17:24:05,205 - INFO - ThreadPoolExecutor-0_0 - qdrant_module - [Qdrant] Success: Inserted 72 vectors.
2025-11-18 17:24:05,206 - INFO - ThreadPoolExecutor-0_0 - grpc_handler - [GRPC IN] ReceiveVectors processed successfully.
2025-11-18 17:24:06,443 - INFO - ThreadPoolExecutor-0_0 - grpc_handler - [GRPC IN] ReceiveVectors called. ReqID: 123, Type: clustered, Count: 81
2025-11-18 17:24:06,444 - INFO - ThreadPoolExecutor-0_0 - server_logic - [Add Vectors] Processing 81 vectors. Sender Status: clustered. Current Node Status: clustered
2025-11-18 17:24:06,444 - INFO - ThreadPoolExecutor-0_0 - server_logic - [Add Vectors] Direct Insert: Storing 81 vectors in local Qdrant (Sender is clustered).
2025-11-18 17:24:06,496 - INFO - ThreadPoolExecutor-0_0 - httpx - HTTP Request: GET http://localhost:6357 "HTTP/1.1 200 OK"
2025-11-18 17:24:06,497 - INFO - ThreadPoolExecutor-0_0 - qdrant_module - [Qdrant] Attempting to insert 81 vectors into vectors on http://localhost:6357...
2025-11-18 17:24:06,512 - INFO - ThreadPoolExecutor-0_0 - qdrant_module - [Qdrant] Success: Inserted 81 vectors.
2025-11-18 17:24:06,514 - INFO - ThreadPoolExecutor-0_0 - grpc_handler - [GRPC IN] ReceiveVectors processed successfully.
2025-11-18 17:24:07,652 - INFO - ThreadPoolExecutor-0_0 - grpc_handler - [GRPC IN] ReceiveVectors called. ReqID: 124, Type: clustered, Count: 65
2025-11-18 17:24:07,653 - INFO - ThreadPoolExecutor-0_0 - server_logic - [Add Vectors] Processing 65 vectors. Sender Status: clustered. Current Node Status: clustered
2025-11-18 17:24:07,653 - INFO - ThreadPoolExecutor-0_0 - server_logic - [Add Vectors] Direct Insert: Storing 65 vectors in local Qdrant (Sender is clustered).
2025-11-18 17:24:07,705 - INFO - ThreadPoolExecutor-0_0 - httpx - HTTP Request: GET http://localhost:6357 "HTTP/1.1 200 OK"
2025-11-18 17:24:07,705 - INFO - ThreadPoolExecutor-0_0 - qdrant_module - [Qdrant] Attempting to insert 65 vectors into vectors on http://localhost:6357...
2025-11-18 17:24:07,720 - INFO - ThreadPoolExecutor-0_0 - qdrant_module - [Qdrant] Success: Inserted 65 vectors.
2025-11-18 17:24:07,721 - INFO - ThreadPoolExecutor-0_0 - grpc_handler - [GRPC IN] ReceiveVectors processed successfully.
2025-11-18 17:24:08,074 - INFO - MainThread - __main__ - API: /add called. ReqID: 125, Vectors: 256
2025-11-18 17:24:08,074 - INFO - MainThread - server_logic - [Client Request] Client wants to add 256 vectors. My Status: clustered
2025-11-18 17:24:08,074 - INFO - MainThread - server_logic - [Client Request] System Clustered. Routing vectors to appropriate peers.
2025-11-18 17:24:08,074 - INFO - MainThread - server_logic - [Router] Routing 256 vectors among 16 nodes (Replicas: 4).
2025-11-18 17:24:08,074 - INFO - MainThread - server_logic - [DEBUG] found replica for vector: 1
2025-11-18 17:24:08,074 - INFO - MainThread - server_logic - [DEBUG] found replica for vector: 2
2025-11-18 17:24:08,074 - INFO - MainThread - server_logic - [DEBUG] found replica for vector: 3
2025-11-18 17:24:08,074 - INFO - MainThread - server_logic - [DEBUG] found replica for vector: 4
2025-11-18 17:24:08,074 - INFO - MainThread - server_logic - [DEBUG] found replica for vector: 1
2025-11-18 17:24:08,074 - INFO - MainThread - server_logic - [DEBUG] found replica for vector: 2
2025-11-18 17:24:08,074 - INFO - MainThread - server_logic - [DEBUG] found replica for vector: 3
2025-11-18 17:24:08,074 - INFO - MainThread - server_logic - [DEBUG] found replica for vector: 4
2025-11-18 17:24:08,074 - INFO - MainThread - server_logic - [DEBUG] found replica for vector: 1
2025-11-18 17:24:08,074 - INFO - MainThread - server_logic - [DEBUG] found replica for vector: 2
2025-11-18 17:24:08,074 - INFO - MainThread - server_logic - [DEBUG] found replica for vector: 3
2025-11-18 17:24:08,074 - INFO - MainThread - server_logic - [DEBUG] to me replica for vector: 3
2025-11-18 17:24:08,075 - INFO - MainThread - server_logic - [DEBUG] found replica for vector: 1
2025-11-18 17:24:08,075 - INFO - MainThread - server_logic - [DEBUG] found replica for vector: 2
2025-11-18 17:24:08,075 - INFO - MainThread - server_logic - [DEBUG] found replica for vector: 3
2025-11-18 17:24:08,075 - INFO - MainThread - server_logic - [DEBUG] found replica for vector: 4
2025-11-18 17:24:08,075 - INFO - MainThread - server_logic - [DEBUG] found replica for vector: 1
2025-11-18 17:24:08,075 - INFO - MainThread - server_logic - [DEBUG] found replica for vector: 2
2025-11-18 17:24:08,075 - INFO - MainThread - server_logic - [DEBUG] found replica for vector: 3
2025-11-18 17:24:08,075 - INFO - MainThread - server_logic - [DEBUG] found replica for vector: 4
2025-11-18 17:24:08,075 - INFO - MainThread - server_logic - [DEBUG] found replica for vector: 1
2025-11-18 17:24:08,075 - INFO - MainThread - server_logic - [DEBUG] found replica for vector: 2
2025-11-18 17:24:08,075 - INFO - MainThread - server_logic - [DEBUG] found replica for vector: 3
2025-11-18 17:24:08,075 - INFO - MainThread - server_logic - [DEBUG] to me replica for vector: 3
2025-11-18 17:24:08,075 - INFO - MainThread - server_logic - [DEBUG] found replica for vector: 1
2025-11-18 17:24:08,075 - INFO - MainThread - server_logic - [DEBUG] found replica for vector: 2
2025-11-18 17:24:08,075 - INFO - MainThread - server_logic - [DEBUG] found replica for vector: 3
2025-11-18 17:24:08,075 - INFO - MainThread - server_logic - [DEBUG] to me replica for vector: 3
2025-11-18 17:24:08,075 - INFO - MainThread - server_logic - [DEBUG] found replica for vector: 1
2025-11-18 17:24:08,075 - INFO - MainThread - server_logic - [DEBUG] found replica for vector: 2
2025-11-18 17:24:08,075 - INFO - MainThread - server_logic - [DEBUG] found replica for vector: 3
2025-11-18 17:24:08,075 - INFO - MainThread - server_logic - [DEBUG] found replica for vector: 4
2025-11-18 17:24:08,075 - INFO - MainThread - server_logic - [DEBUG] found replica for vector: 1
2025-11-18 17:24:08,075 - INFO - MainThread - server_logic - [DEBUG] found replica for vector: 2
2025-11-18 17:24:08,075 - INFO - MainThread - server_logic - [DEBUG] found replica for vector: 3
2025-11-18 17:24:08,075 - INFO - MainThread - server_logic - [DEBUG] found replica for vector: 4
2025-11-18 17:24:08,075 - INFO - MainThread - server_logic - [DEBUG] found replica for vector: 1
2025-11-18 17:24:08,075 - INFO - MainThread - server_logic - [DEBUG] found replica for vector: 2
2025-11-18 17:24:08,075 - INFO - MainThread - server_logic - [DEBUG] found replica for vector: 3
2025-11-18 17:24:08,075 - INFO - MainThread - server_logic - [DEBUG] found replica for vector: 4
2025-11-18 17:24:08,075 - INFO - MainThread - server_logic - [DEBUG] found replica for vector: 1
2025-11-18 17:24:08,075 - INFO - MainThread - server_logic - [DEBUG] found replica for vector: 2
2025-11-18 17:24:08,075 - INFO - MainThread - server_logic - [DEBUG] found replica for vector: 3
2025-11-18 17:24:08,075 - INFO - MainThread - server_logic - [DEBUG] to me replica for vector: 3
2025-11-18 17:24:08,075 - INFO - MainThread - server_logic - [DEBUG] found replica for vector: 1
2025-11-18 17:24:08,075 - INFO - MainThread - server_logic - [DEBUG] found replica for vector: 2
2025-11-18 17:24:08,075 - INFO - MainThread - server_logic - [DEBUG] found replica for vector: 3
2025-11-18 17:24:08,075 - INFO - MainThread - server_logic - [DEBUG] found replica for vector: 4
2025-11-18 17:24:08,075 - INFO - MainThread - server_logic - [DEBUG] found replica for vector: 1
2025-11-18 17:24:08,075 - INFO - MainThread - server_logic - [DEBUG] found replica for vector: 2
2025-11-18 17:24:08,075 - INFO - MainThread - server_logic - [DEBUG] found replica for vector: 3
2025-11-18 17:24:08,075 - INFO - MainThread - server_logic - [DEBUG] found replica for vector: 4
2025-11-18 17:24:08,075 - INFO - MainThread - server_logic - [DEBUG] found replica for vector: 1
2025-11-18 17:24:08,075 - INFO - MainThread - server_logic - [DEBUG] found replica for vector: 2
2025-11-18 17:24:08,075 - INFO - MainThread - server_logic - [DEBUG] found replica for vector: 3
2025-11-18 17:24:08,075 - INFO - MainThread - server_logic - [DEBUG] found replica for vector: 4
2025-11-18 17:24:08,075 - INFO - MainThread - server_logic - [DEBUG] found replica for vector: 1
2025-11-18 17:24:08,075 - INFO - MainThread - server_logic - [DEBUG] found replica for vector: 2
2025-11-18 17:24:08,075 - INFO - MainThread - server_logic - [DEBUG] found replica for vector: 3
2025-11-18 17:24:08,075 - INFO - MainThread - server_logic - [DEBUG] found replica for vector: 4
2025-11-18 17:24:08,075 - INFO - MainThread - server_logic - [DEBUG] found replica for vector: 1
2025-11-18 17:24:08,075 - INFO - MainThread - server_logic - [DEBUG] found replica for vector: 2
2025-11-18 17:24:08,075 - INFO - MainThread - server_logic - [DEBUG] found replica for vector: 3
2025-11-18 17:24:08,075 - INFO - MainThread - server_logic - [DEBUG] found replica for vector: 4
2025-11-18 17:24:08,076 - INFO - MainThread - server_logic - [DEBUG] found replica for vector: 1
2025-11-18 17:24:08,076 - INFO - MainThread - server_logic - [DEBUG] found replica for vector: 2
2025-11-18 17:24:08,076 - INFO - MainThread - server_logic - [DEBUG] found replica for vector: 3
2025-11-18 17:24:08,076 - INFO - MainThread - server_logic - [DEBUG] found replica for vector: 4
2025-11-18 17:24:08,076 - INFO - MainThread - server_logic - [DEBUG] found replica for vector: 1
2025-11-18 17:24:08,076 - INFO - MainThread - server_logic - [DEBUG] found replica for vector: 2
2025-11-18 17:24:08,076 - INFO - MainThread - server_logic - [DEBUG] found replica for vector: 3
2025-11-18 17:24:08,076 - INFO - MainThread - server_logic - [DEBUG] found replica for vector: 4
2025-11-18 17:24:08,076 - INFO - MainThread - server_logic - [DEBUG] found replica for vector: 1
2025-11-18 17:24:08,076 - INFO - MainThread - server_logic - [DEBUG] found replica for vector: 2
2025-11-18 17:24:08,076 - INFO - MainThread - server_logic - [DEBUG] found replica for vector: 3
2025-11-18 17:24:08,076 - INFO - MainThread - server_logic - [DEBUG] to me replica for vector: 3
2025-11-18 17:24:08,076 - INFO - MainThread - server_logic - [DEBUG] found replica for vector: 1
2025-11-18 17:24:08,076 - INFO - MainThread - server_logic - [DEBUG] found replica for vector: 2
2025-11-18 17:24:08,076 - INFO - MainThread - server_logic - [DEBUG] found replica for vector: 3
2025-11-18 17:24:08,076 - INFO - MainThread - server_logic - [DEBUG] found replica for vector: 4
2025-11-18 17:24:08,076 - INFO - MainThread - server_logic - [DEBUG] found replica for vector: 1
2025-11-18 17:24:08,076 - INFO - MainThread - server_logic - [DEBUG] found replica for vector: 2
2025-11-18 17:24:08,076 - INFO - MainThread - server_logic - [DEBUG] found replica for vector: 3
2025-11-18 17:24:08,076 - INFO - MainThread - server_logic - [DEBUG] to me replica for vector: 3
2025-11-18 17:24:08,076 - INFO - MainThread - server_logic - [DEBUG] found replica for vector: 1
2025-11-18 17:24:08,076 - INFO - MainThread - server_logic - [DEBUG] found replica for vector: 2
2025-11-18 17:24:08,076 - INFO - MainThread - server_logic - [DEBUG] found replica for vector: 3
2025-11-18 17:24:08,076 - INFO - MainThread - server_logic - [DEBUG] found replica for vector: 4
2025-11-18 17:24:08,076 - INFO - MainThread - server_logic - [DEBUG] found replica for vector: 1
2025-11-18 17:24:08,076 - INFO - MainThread - server_logic - [DEBUG] found replica for vector: 2
2025-11-18 17:24:08,076 - INFO - MainThread - server_logic - [DEBUG] found replica for vector: 3
2025-11-18 17:24:08,076 - INFO - MainThread - server_logic - [DEBUG] found replica for vector: 4
2025-11-18 17:24:08,076 - INFO - MainThread - server_logic - [DEBUG] found replica for vector: 1
2025-11-18 17:24:08,076 - INFO - MainThread - server_logic - [DEBUG] found replica for vector: 2
2025-11-18 17:24:08,076 - INFO - MainThread - server_logic - [DEBUG] found replica for vector: 3
2025-11-18 17:24:08,076 - INFO - MainThread - server_logic - [DEBUG] found replica for vector: 4
2025-11-18 17:24:08,076 - INFO - MainThread - server_logic - [DEBUG] found replica for vector: 1
2025-11-18 17:24:08,076 - INFO - MainThread - server_logic - [DEBUG] found replica for vector: 2
2025-11-18 17:24:08,076 - INFO - MainThread - server_logic - [DEBUG] found replica for vector: 3
2025-11-18 17:24:08,076 - INFO - MainThread - server_logic - [DEBUG] to me replica for vector: 3
2025-11-18 17:24:08,076 - INFO - MainThread - server_logic - [DEBUG] found replica for vector: 1
2025-11-18 17:24:08,076 - INFO - MainThread - server_logic - [DEBUG] found replica for vector: 2
2025-11-18 17:24:08,076 - INFO - MainThread - server_logic - [DEBUG] found replica for vector: 3
2025-11-18 17:24:08,076 - INFO - MainThread - server_logic - [DEBUG] to me replica for vector: 3
2025-11-18 17:24:08,076 - INFO - MainThread - server_logic - [DEBUG] found replica for vector: 1
2025-11-18 17:24:08,076 - INFO - MainThread - server_logic - [DEBUG] found replica for vector: 2
2025-11-18 17:24:08,076 - INFO - MainThread - server_logic - [DEBUG] found replica for vector: 3
2025-11-18 17:24:08,076 - INFO - MainThread - server_logic - [DEBUG] found replica for vector: 4
2025-11-18 17:24:08,076 - INFO - MainThread - server_logic - [DEBUG] found replica for vector: 1
2025-11-18 17:24:08,076 - INFO - MainThread - server_logic - [DEBUG] found replica for vector: 2
2025-11-18 17:24:08,076 - INFO - MainThread - server_logic - [DEBUG] found replica for vector: 3
2025-11-18 17:24:08,076 - INFO - MainThread - server_logic - [DEBUG] found replica for vector: 4
2025-11-18 17:24:08,076 - INFO - MainThread - server_logic - [DEBUG] found replica for vector: 1
2025-11-18 17:24:08,076 - INFO - MainThread - server_logic - [DEBUG] found replica for vector: 2
2025-11-18 17:24:08,076 - INFO - MainThread - server_logic - [DEBUG] found replica for vector: 3
2025-11-18 17:24:08,076 - INFO - MainThread - server_logic - [DEBUG] found replica for vector: 4
2025-11-18 17:24:08,077 - INFO - MainThread - server_logic - [DEBUG] found replica for vector: 1
2025-11-18 17:24:08,077 - INFO - MainThread - server_logic - [DEBUG] found replica for vector: 2
2025-11-18 17:24:08,077 - INFO - MainThread - server_logic - [DEBUG] found replica for vector: 3
2025-11-18 17:24:08,077 - INFO - MainThread - server_logic - [DEBUG] found replica for vector: 4
2025-11-18 17:24:08,077 - INFO - MainThread - server_logic - [DEBUG] found replica for vector: 1
2025-11-18 17:24:08,077 - INFO - MainThread - server_logic - [DEBUG] found replica for vector: 2
2025-11-18 17:24:08,077 - INFO - MainThread - server_logic - [DEBUG] found replica for vector: 3
2025-11-18 17:24:08,077 - INFO - MainThread - server_logic - [DEBUG] found replica for vector: 4
2025-11-18 17:24:08,077 - INFO - MainThread - server_logic - [DEBUG] found replica for vector: 1
2025-11-18 17:24:08,077 - INFO - MainThread - server_logic - [DEBUG] found replica for vector: 2
2025-11-18 17:24:08,077 - INFO - MainThread - server_logic - [DEBUG] found replica for vector: 3
2025-11-18 17:24:08,077 - INFO - MainThread - server_logic - [DEBUG] to me replica for vector: 3
2025-11-18 17:24:08,077 - INFO - MainThread - server_logic - [DEBUG] found replica for vector: 1
2025-11-18 17:24:08,077 - INFO - MainThread - server_logic - [DEBUG] found replica for vector: 2
2025-11-18 17:24:08,077 - INFO - MainThread - server_logic - [DEBUG] found replica for vector: 3
2025-11-18 17:24:08,077 - INFO - MainThread - server_logic - [DEBUG] to me replica for vector: 3
2025-11-18 17:24:08,077 - INFO - MainThread - server_logic - [DEBUG] found replica for vector: 1
2025-11-18 17:24:08,077 - INFO - MainThread - server_logic - [DEBUG] found replica for vector: 2
2025-11-18 17:24:08,077 - INFO - MainThread - server_logic - [DEBUG] found replica for vector: 3
2025-11-18 17:24:08,077 - INFO - MainThread - server_logic - [DEBUG] found replica for vector: 4
2025-11-18 17:24:08,077 - INFO - MainThread - server_logic - [DEBUG] found replica for vector: 1
2025-11-18 17:24:08,077 - INFO - MainThread - server_logic - [DEBUG] found replica for vector: 2
2025-11-18 17:24:08,077 - INFO - MainThread - server_logic - [DEBUG] found replica for vector: 3
2025-11-18 17:24:08,077 - INFO - MainThread - server_logic - [DEBUG] found replica for vector: 4
2025-11-18 17:24:08,077 - INFO - MainThread - server_logic - [DEBUG] found replica for vector: 1
2025-11-18 17:24:08,077 - INFO - MainThread - server_logic - [DEBUG] found replica for vector: 2
2025-11-18 17:24:08,077 - INFO - MainThread - server_logic - [DEBUG] found replica for vector: 3
2025-11-18 17:24:08,077 - INFO - MainThread - server_logic - [DEBUG] found replica for vector: 4
2025-11-18 17:24:08,077 - INFO - MainThread - server_logic - [DEBUG] found replica for vector: 1
2025-11-18 17:24:08,077 - INFO - MainThread - server_logic - [DEBUG] found replica for vector: 2
2025-11-18 17:24:08,077 - INFO - MainThread - server_logic - [DEBUG] found replica for vector: 3
2025-11-18 17:24:08,077 - INFO - MainThread - server_logic - [DEBUG] found replica for vector: 4
2025-11-18 17:24:08,077 - INFO - MainThread - server_logic - [DEBUG] found replica for vector: 1
2025-11-18 17:24:08,077 - INFO - MainThread - server_logic - [DEBUG] found replica for vector: 2
2025-11-18 17:24:08,077 - INFO - MainThread - server_logic - [DEBUG] found replica for vector: 3
2025-11-18 17:24:08,077 - INFO - MainThread - server_logic - [DEBUG] found replica for vector: 4
2025-11-18 17:24:08,077 - INFO - MainThread - server_logic - [DEBUG] found replica for vector: 1
2025-11-18 17:24:08,077 - INFO - MainThread - server_logic - [DEBUG] found replica for vector: 2
2025-11-18 17:24:08,077 - INFO - MainThread - server_logic - [DEBUG] found replica for vector: 3
2025-11-18 17:24:08,077 - INFO - MainThread - server_logic - [DEBUG] to me replica for vector: 3
2025-11-18 17:24:08,077 - INFO - MainThread - server_logic - [DEBUG] found replica for vector: 1
2025-11-18 17:24:08,077 - INFO - MainThread - server_logic - [DEBUG] found replica for vector: 2
2025-11-18 17:24:08,077 - INFO - MainThread - server_logic - [DEBUG] found replica for vector: 3
2025-11-18 17:24:08,077 - INFO - MainThread - server_logic - [DEBUG] to me replica for vector: 3
2025-11-18 17:24:08,077 - INFO - MainThread - server_logic - [DEBUG] found replica for vector: 1
2025-11-18 17:24:08,077 - INFO - MainThread - server_logic - [DEBUG] found replica for vector: 2
2025-11-18 17:24:08,077 - INFO - MainThread - server_logic - [DEBUG] found replica for vector: 3
2025-11-18 17:24:08,077 - INFO - MainThread - server_logic - [DEBUG] to me replica for vector: 3
2025-11-18 17:24:08,077 - INFO - MainThread - server_logic - [DEBUG] found replica for vector: 1
2025-11-18 17:24:08,077 - INFO - MainThread - server_logic - [DEBUG] found replica for vector: 2
2025-11-18 17:24:08,077 - INFO - MainThread - server_logic - [DEBUG] found replica for vector: 3
2025-11-18 17:24:08,077 - INFO - MainThread - server_logic - [DEBUG] found replica for vector: 4
2025-11-18 17:24:08,078 - INFO - MainThread - server_logic - [DEBUG] found replica for vector: 1
2025-11-18 17:24:08,078 - INFO - MainThread - server_logic - [DEBUG] found replica for vector: 2
2025-11-18 17:24:08,078 - INFO - MainThread - server_logic - [DEBUG] found replica for vector: 3
2025-11-18 17:24:08,078 - INFO - MainThread - server_logic - [DEBUG] to me replica for vector: 3
2025-11-18 17:24:08,078 - INFO - MainThread - server_logic - [DEBUG] found replica for vector: 1
2025-11-18 17:24:08,078 - INFO - MainThread - server_logic - [DEBUG] found replica for vector: 2
2025-11-18 17:24:08,078 - INFO - MainThread - server_logic - [DEBUG] found replica for vector: 3
2025-11-18 17:24:08,078 - INFO - MainThread - server_logic - [DEBUG] found replica for vector: 4
2025-11-18 17:24:08,078 - INFO - MainThread - server_logic - [DEBUG] found replica for vector: 1
2025-11-18 17:24:08,078 - INFO - MainThread - server_logic - [DEBUG] found replica for vector: 2
2025-11-18 17:24:08,078 - INFO - MainThread - server_logic - [DEBUG] found replica for vector: 3
2025-11-18 17:24:08,078 - INFO - MainThread - server_logic - [DEBUG] to me replica for vector: 3
2025-11-18 17:24:08,078 - INFO - MainThread - server_logic - [DEBUG] found replica for vector: 1
2025-11-18 17:24:08,078 - INFO - MainThread - server_logic - [DEBUG] found replica for vector: 2
2025-11-18 17:24:08,078 - INFO - MainThread - server_logic - [DEBUG] found replica for vector: 3
2025-11-18 17:24:08,078 - INFO - MainThread - server_logic - [DEBUG] found replica for vector: 4
2025-11-18 17:24:08,078 - INFO - MainThread - server_logic - [DEBUG] found replica for vector: 1
2025-11-18 17:24:08,078 - INFO - MainThread - server_logic - [DEBUG] found replica for vector: 2
2025-11-18 17:24:08,078 - INFO - MainThread - server_logic - [DEBUG] found replica for vector: 3
2025-11-18 17:24:08,078 - INFO - MainThread - server_logic - [DEBUG] found replica for vector: 4
2025-11-18 17:24:08,078 - INFO - MainThread - server_logic - [DEBUG] found replica for vector: 1
2025-11-18 17:24:08,078 - INFO - MainThread - server_logic - [DEBUG] found replica for vector: 2
2025-11-18 17:24:08,078 - INFO - MainThread - server_logic - [DEBUG] found replica for vector: 3
2025-11-18 17:24:08,078 - INFO - MainThread - server_logic - [DEBUG] found replica for vector: 4
2025-11-18 17:24:08,078 - INFO - MainThread - server_logic - [DEBUG] found replica for vector: 1
2025-11-18 17:24:08,078 - INFO - MainThread - server_logic - [DEBUG] found replica for vector: 2
2025-11-18 17:24:08,078 - INFO - MainThread - server_logic - [DEBUG] found replica for vector: 3
2025-11-18 17:24:08,078 - INFO - MainThread - server_logic - [DEBUG] to me replica for vector: 3
2025-11-18 17:24:08,078 - INFO - MainThread - server_logic - [DEBUG] found replica for vector: 1
2025-11-18 17:24:08,078 - INFO - MainThread - server_logic - [DEBUG] found replica for vector: 2
2025-11-18 17:24:08,078 - INFO - MainThread - server_logic - [DEBUG] found replica for vector: 3
2025-11-18 17:24:08,078 - INFO - MainThread - server_logic - [DEBUG] found replica for vector: 4
2025-11-18 17:24:08,078 - INFO - MainThread - server_logic - [DEBUG] found replica for vector: 1
2025-11-18 17:24:08,078 - INFO - MainThread - server_logic - [DEBUG] found replica for vector: 2
2025-11-18 17:24:08,078 - INFO - MainThread - server_logic - [DEBUG] found replica for vector: 3
2025-11-18 17:24:08,078 - INFO - MainThread - server_logic - [DEBUG] found replica for vector: 4
2025-11-18 17:24:08,078 - INFO - MainThread - server_logic - [DEBUG] found replica for vector: 1
2025-11-18 17:24:08,078 - INFO - MainThread - server_logic - [DEBUG] found replica for vector: 2
2025-11-18 17:24:08,078 - INFO - MainThread - server_logic - [DEBUG] found replica for vector: 3
2025-11-18 17:24:08,078 - INFO - MainThread - server_logic - [DEBUG] found replica for vector: 4
2025-11-18 17:24:08,078 - INFO - MainThread - server_logic - [DEBUG] found replica for vector: 1
2025-11-18 17:24:08,078 - INFO - MainThread - server_logic - [DEBUG] found replica for vector: 2
2025-11-18 17:24:08,078 - INFO - MainThread - server_logic - [DEBUG] found replica for vector: 3
2025-11-18 17:24:08,078 - INFO - MainThread - server_logic - [DEBUG] found replica for vector: 4
2025-11-18 17:24:08,078 - INFO - MainThread - server_logic - [DEBUG] found replica for vector: 1
2025-11-18 17:24:08,078 - INFO - MainThread - server_logic - [DEBUG] found replica for vector: 2
2025-11-18 17:24:08,078 - INFO - MainThread - server_logic - [DEBUG] found replica for vector: 3
2025-11-18 17:24:08,078 - INFO - MainThread - server_logic - [DEBUG] found replica for vector: 4
2025-11-18 17:24:08,078 - INFO - MainThread - server_logic - [DEBUG] found replica for vector: 1
2025-11-18 17:24:08,078 - INFO - MainThread - server_logic - [DEBUG] found replica for vector: 2
2025-11-18 17:24:08,078 - INFO - MainThread - server_logic - [DEBUG] found replica for vector: 3
2025-11-18 17:24:08,078 - INFO - MainThread - server_logic - [DEBUG] found replica for vector: 4
2025-11-18 17:24:08,079 - INFO - MainThread - server_logic - [DEBUG] found replica for vector: 1
2025-11-18 17:24:08,079 - INFO - MainThread - server_logic - [DEBUG] found replica for vector: 2
2025-11-18 17:24:08,079 - INFO - MainThread - server_logic - [DEBUG] found replica for vector: 3
2025-11-18 17:24:08,079 - INFO - MainThread - server_logic - [DEBUG] found replica for vector: 4
2025-11-18 17:24:08,079 - INFO - MainThread - server_logic - [DEBUG] found replica for vector: 1
2025-11-18 17:24:08,079 - INFO - MainThread - server_logic - [DEBUG] found replica for vector: 2
2025-11-18 17:24:08,079 - INFO - MainThread - server_logic - [DEBUG] found replica for vector: 3
2025-11-18 17:24:08,079 - INFO - MainThread - server_logic - [DEBUG] found replica for vector: 4
2025-11-18 17:24:08,079 - INFO - MainThread - server_logic - [DEBUG] found replica for vector: 1
2025-11-18 17:24:08,079 - INFO - MainThread - server_logic - [DEBUG] found replica for vector: 2
2025-11-18 17:24:08,079 - INFO - MainThread - server_logic - [DEBUG] found replica for vector: 3
2025-11-18 17:24:08,079 - INFO - MainThread - server_logic - [DEBUG] to me replica for vector: 3
2025-11-18 17:24:08,079 - INFO - MainThread - server_logic - [DEBUG] found replica for vector: 1
2025-11-18 17:24:08,079 - INFO - MainThread - server_logic - [DEBUG] found replica for vector: 2
2025-11-18 17:24:08,079 - INFO - MainThread - server_logic - [DEBUG] found replica for vector: 3
2025-11-18 17:24:08,079 - INFO - MainThread - server_logic - [DEBUG] found replica for vector: 4
2025-11-18 17:24:08,079 - INFO - MainThread - server_logic - [DEBUG] found replica for vector: 1
2025-11-18 17:24:08,079 - INFO - MainThread - server_logic - [DEBUG] found replica for vector: 2
2025-11-18 17:24:08,079 - INFO - MainThread - server_logic - [DEBUG] found replica for vector: 3
2025-11-18 17:24:08,079 - INFO - MainThread - server_logic - [DEBUG] to me replica for vector: 3
2025-11-18 17:24:08,079 - INFO - MainThread - server_logic - [DEBUG] found replica for vector: 1
2025-11-18 17:24:08,079 - INFO - MainThread - server_logic - [DEBUG] found replica for vector: 2
2025-11-18 17:24:08,079 - INFO - MainThread - server_logic - [DEBUG] found replica for vector: 3
2025-11-18 17:24:08,079 - INFO - MainThread - server_logic - [DEBUG] found replica for vector: 4
2025-11-18 17:24:08,079 - INFO - MainThread - server_logic - [DEBUG] found replica for vector: 1
2025-11-18 17:24:08,079 - INFO - MainThread - server_logic - [DEBUG] found replica for vector: 2
2025-11-18 17:24:08,079 - INFO - MainThread - server_logic - [DEBUG] found replica for vector: 3
2025-11-18 17:24:08,079 - INFO - MainThread - server_logic - [DEBUG] found replica for vector: 4
2025-11-18 17:24:08,079 - INFO - MainThread - server_logic - [DEBUG] found replica for vector: 1
2025-11-18 17:24:08,079 - INFO - MainThread - server_logic - [DEBUG] found replica for vector: 2
2025-11-18 17:24:08,079 - INFO - MainThread - server_logic - [DEBUG] found replica for vector: 3
2025-11-18 17:24:08,079 - INFO - MainThread - server_logic - [DEBUG] to me replica for vector: 3
2025-11-18 17:24:08,079 - INFO - MainThread - server_logic - [DEBUG] found replica for vector: 1
2025-11-18 17:24:08,079 - INFO - MainThread - server_logic - [DEBUG] found replica for vector: 2
2025-11-18 17:24:08,079 - INFO - MainThread - server_logic - [DEBUG] found replica for vector: 3
2025-11-18 17:24:08,079 - INFO - MainThread - server_logic - [DEBUG] found replica for vector: 4
2025-11-18 17:24:08,079 - INFO - MainThread - server_logic - [DEBUG] found replica for vector: 1
2025-11-18 17:24:08,079 - INFO - MainThread - server_logic - [DEBUG] found replica for vector: 2
2025-11-18 17:24:08,079 - INFO - MainThread - server_logic - [DEBUG] found replica for vector: 3
2025-11-18 17:24:08,079 - INFO - MainThread - server_logic - [DEBUG] found replica for vector: 4
2025-11-18 17:24:08,079 - INFO - MainThread - server_logic - [DEBUG] found replica for vector: 1
2025-11-18 17:24:08,079 - INFO - MainThread - server_logic - [DEBUG] found replica for vector: 2
2025-11-18 17:24:08,079 - INFO - MainThread - server_logic - [DEBUG] found replica for vector: 3
2025-11-18 17:24:08,079 - INFO - MainThread - server_logic - [DEBUG] found replica for vector: 4
2025-11-18 17:24:08,079 - INFO - MainThread - server_logic - [DEBUG] found replica for vector: 1
2025-11-18 17:24:08,079 - INFO - MainThread - server_logic - [DEBUG] found replica for vector: 2
2025-11-18 17:24:08,079 - INFO - MainThread - server_logic - [DEBUG] found replica for vector: 3
2025-11-18 17:24:08,079 - INFO - MainThread - server_logic - [DEBUG] to me replica for vector: 3
2025-11-18 17:24:08,079 - INFO - MainThread - server_logic - [DEBUG] found replica for vector: 1
2025-11-18 17:24:08,079 - INFO - MainThread - server_logic - [DEBUG] found replica for vector: 2
2025-11-18 17:24:08,079 - INFO - MainThread - server_logic - [DEBUG] found replica for vector: 3
2025-11-18 17:24:08,079 - INFO - MainThread - server_logic - [DEBUG] found replica for vector: 4
2025-11-18 17:24:08,079 - INFO - MainThread - server_logic - [DEBUG] found replica for vector: 1
2025-11-18 17:24:08,080 - INFO - MainThread - server_logic - [DEBUG] found replica for vector: 2
2025-11-18 17:24:08,080 - INFO - MainThread - server_logic - [DEBUG] found replica for vector: 3
2025-11-18 17:24:08,080 - INFO - MainThread - server_logic - [DEBUG] found replica for vector: 4
2025-11-18 17:24:08,080 - INFO - MainThread - server_logic - [DEBUG] found replica for vector: 1
2025-11-18 17:24:08,080 - INFO - MainThread - server_logic - [DEBUG] found replica for vector: 2
2025-11-18 17:24:08,080 - INFO - MainThread - server_logic - [DEBUG] found replica for vector: 3
2025-11-18 17:24:08,080 - INFO - MainThread - server_logic - [DEBUG] to me replica for vector: 3
2025-11-18 17:24:08,080 - INFO - MainThread - server_logic - [DEBUG] found replica for vector: 1
2025-11-18 17:24:08,080 - INFO - MainThread - server_logic - [DEBUG] found replica for vector: 2
2025-11-18 17:24:08,080 - INFO - MainThread - server_logic - [DEBUG] found replica for vector: 3
2025-11-18 17:24:08,080 - INFO - MainThread - server_logic - [DEBUG] found replica for vector: 4
2025-11-18 17:24:08,080 - INFO - MainThread - server_logic - [DEBUG] found replica for vector: 1
2025-11-18 17:24:08,080 - INFO - MainThread - server_logic - [DEBUG] found replica for vector: 2
2025-11-18 17:24:08,080 - INFO - MainThread - server_logic - [DEBUG] found replica for vector: 3
2025-11-18 17:24:08,080 - INFO - MainThread - server_logic - [DEBUG] found replica for vector: 4
2025-11-18 17:24:08,080 - INFO - MainThread - server_logic - [DEBUG] found replica for vector: 1
2025-11-18 17:24:08,080 - INFO - MainThread - server_logic - [DEBUG] found replica for vector: 2
2025-11-18 17:24:08,080 - INFO - MainThread - server_logic - [DEBUG] found replica for vector: 3
2025-11-18 17:24:08,080 - INFO - MainThread - server_logic - [DEBUG] found replica for vector: 4
2025-11-18 17:24:08,080 - INFO - MainThread - server_logic - [DEBUG] found replica for vector: 1
2025-11-18 17:24:08,080 - INFO - MainThread - server_logic - [DEBUG] found replica for vector: 2
2025-11-18 17:24:08,080 - INFO - MainThread - server_logic - [DEBUG] found replica for vector: 3
2025-11-18 17:24:08,080 - INFO - MainThread - server_logic - [DEBUG] to me replica for vector: 3
2025-11-18 17:24:08,080 - INFO - MainThread - server_logic - [DEBUG] found replica for vector: 1
2025-11-18 17:24:08,080 - INFO - MainThread - server_logic - [DEBUG] found replica for vector: 2
2025-11-18 17:24:08,080 - INFO - MainThread - server_logic - [DEBUG] found replica for vector: 3
2025-11-18 17:24:08,080 - INFO - MainThread - server_logic - [DEBUG] found replica for vector: 4
2025-11-18 17:24:08,080 - INFO - MainThread - server_logic - [DEBUG] found replica for vector: 1
2025-11-18 17:24:08,080 - INFO - MainThread - server_logic - [DEBUG] found replica for vector: 2
2025-11-18 17:24:08,080 - INFO - MainThread - server_logic - [DEBUG] found replica for vector: 3
2025-11-18 17:24:08,080 - INFO - MainThread - server_logic - [DEBUG] to me replica for vector: 3
2025-11-18 17:24:08,080 - INFO - MainThread - server_logic - [DEBUG] found replica for vector: 1
2025-11-18 17:24:08,080 - INFO - MainThread - server_logic - [DEBUG] found replica for vector: 2
2025-11-18 17:24:08,080 - INFO - MainThread - server_logic - [DEBUG] found replica for vector: 3
2025-11-18 17:24:08,080 - INFO - MainThread - server_logic - [DEBUG] found replica for vector: 4
2025-11-18 17:24:08,080 - INFO - MainThread - server_logic - [DEBUG] found replica for vector: 1
2025-11-18 17:24:08,080 - INFO - MainThread - server_logic - [DEBUG] found replica for vector: 2
2025-11-18 17:24:08,080 - INFO - MainThread - server_logic - [DEBUG] found replica for vector: 3
2025-11-18 17:24:08,080 - INFO - MainThread - server_logic - [DEBUG] found replica for vector: 4
2025-11-18 17:24:08,080 - INFO - MainThread - server_logic - [DEBUG] found replica for vector: 1
2025-11-18 17:24:08,080 - INFO - MainThread - server_logic - [DEBUG] found replica for vector: 2
2025-11-18 17:24:08,080 - INFO - MainThread - server_logic - [DEBUG] found replica for vector: 3
2025-11-18 17:24:08,080 - INFO - MainThread - server_logic - [DEBUG] to me replica for vector: 3
2025-11-18 17:24:08,080 - INFO - MainThread - server_logic - [DEBUG] found replica for vector: 1
2025-11-18 17:24:08,080 - INFO - MainThread - server_logic - [DEBUG] found replica for vector: 2
2025-11-18 17:24:08,080 - INFO - MainThread - server_logic - [DEBUG] found replica for vector: 3
2025-11-18 17:24:08,080 - INFO - MainThread - server_logic - [DEBUG] found replica for vector: 4
2025-11-18 17:24:08,080 - INFO - MainThread - server_logic - [DEBUG] found replica for vector: 1
2025-11-18 17:24:08,080 - INFO - MainThread - server_logic - [DEBUG] found replica for vector: 2
2025-11-18 17:24:08,080 - INFO - MainThread - server_logic - [DEBUG] found replica for vector: 3
2025-11-18 17:24:08,080 - INFO - MainThread - server_logic - [DEBUG] found replica for vector: 4
2025-11-18 17:24:08,080 - INFO - MainThread - server_logic - [DEBUG] found replica for vector: 1
2025-11-18 17:24:08,080 - INFO - MainThread - server_logic - [DEBUG] found replica for vector: 2
2025-11-18 17:24:08,081 - INFO - MainThread - server_logic - [DEBUG] found replica for vector: 3
2025-11-18 17:24:08,081 - INFO - MainThread - server_logic - [DEBUG] found replica for vector: 4
2025-11-18 17:24:08,081 - INFO - MainThread - server_logic - [DEBUG] found replica for vector: 1
2025-11-18 17:24:08,081 - INFO - MainThread - server_logic - [DEBUG] found replica for vector: 2
2025-11-18 17:24:08,081 - INFO - MainThread - server_logic - [DEBUG] found replica for vector: 3
2025-11-18 17:24:08,081 - INFO - MainThread - server_logic - [DEBUG] found replica for vector: 4
2025-11-18 17:24:08,081 - INFO - MainThread - server_logic - [DEBUG] found replica for vector: 1
2025-11-18 17:24:08,081 - INFO - MainThread - server_logic - [DEBUG] found replica for vector: 2
2025-11-18 17:24:08,081 - INFO - MainThread - server_logic - [DEBUG] found replica for vector: 3
2025-11-18 17:24:08,081 - INFO - MainThread - server_logic - [DEBUG] found replica for vector: 4
2025-11-18 17:24:08,081 - INFO - MainThread - server_logic - [DEBUG] found replica for vector: 1
2025-11-18 17:24:08,081 - INFO - MainThread - server_logic - [DEBUG] found replica for vector: 2
2025-11-18 17:24:08,081 - INFO - MainThread - server_logic - [DEBUG] found replica for vector: 3
2025-11-18 17:24:08,081 - INFO - MainThread - server_logic - [DEBUG] found replica for vector: 4
2025-11-18 17:24:08,081 - INFO - MainThread - server_logic - [DEBUG] found replica for vector: 1
2025-11-18 17:24:08,081 - INFO - MainThread - server_logic - [DEBUG] found replica for vector: 2
2025-11-18 17:24:08,081 - INFO - MainThread - server_logic - [DEBUG] found replica for vector: 3
2025-11-18 17:24:08,081 - INFO - MainThread - server_logic - [DEBUG] found replica for vector: 4
2025-11-18 17:24:08,081 - INFO - MainThread - server_logic - [DEBUG] found replica for vector: 1
2025-11-18 17:24:08,081 - INFO - MainThread - server_logic - [DEBUG] found replica for vector: 2
2025-11-18 17:24:08,081 - INFO - MainThread - server_logic - [DEBUG] found replica for vector: 3
2025-11-18 17:24:08,081 - INFO - MainThread - server_logic - [DEBUG] found replica for vector: 4
2025-11-18 17:24:08,081 - INFO - MainThread - server_logic - [DEBUG] found replica for vector: 1
2025-11-18 17:24:08,081 - INFO - MainThread - server_logic - [DEBUG] found replica for vector: 2
2025-11-18 17:24:08,081 - INFO - MainThread - server_logic - [DEBUG] found replica for vector: 3
2025-11-18 17:24:08,081 - INFO - MainThread - server_logic - [DEBUG] found replica for vector: 4
2025-11-18 17:24:08,081 - INFO - MainThread - server_logic - [DEBUG] found replica for vector: 1
2025-11-18 17:24:08,081 - INFO - MainThread - server_logic - [DEBUG] found replica for vector: 2
2025-11-18 17:24:08,081 - INFO - MainThread - server_logic - [DEBUG] found replica for vector: 3
2025-11-18 17:24:08,081 - INFO - MainThread - server_logic - [DEBUG] found replica for vector: 4
2025-11-18 17:24:08,081 - INFO - MainThread - server_logic - [DEBUG] found replica for vector: 1
2025-11-18 17:24:08,081 - INFO - MainThread - server_logic - [DEBUG] found replica for vector: 2
2025-11-18 17:24:08,081 - INFO - MainThread - server_logic - [DEBUG] found replica for vector: 3
2025-11-18 17:24:08,081 - INFO - MainThread - server_logic - [DEBUG] to me replica for vector: 3
2025-11-18 17:24:08,081 - INFO - MainThread - server_logic - [DEBUG] found replica for vector: 1
2025-11-18 17:24:08,081 - INFO - MainThread - server_logic - [DEBUG] found replica for vector: 2
2025-11-18 17:24:08,081 - INFO - MainThread - server_logic - [DEBUG] found replica for vector: 3
2025-11-18 17:24:08,081 - INFO - MainThread - server_logic - [DEBUG] found replica for vector: 4
2025-11-18 17:24:08,081 - INFO - MainThread - server_logic - [DEBUG] found replica for vector: 1
2025-11-18 17:24:08,081 - INFO - MainThread - server_logic - [DEBUG] found replica for vector: 2
2025-11-18 17:24:08,081 - INFO - MainThread - server_logic - [DEBUG] found replica for vector: 3
2025-11-18 17:24:08,081 - INFO - MainThread - server_logic - [DEBUG] found replica for vector: 4
2025-11-18 17:24:08,081 - INFO - MainThread - server_logic - [DEBUG] found replica for vector: 1
2025-11-18 17:24:08,081 - INFO - MainThread - server_logic - [DEBUG] found replica for vector: 2
2025-11-18 17:24:08,081 - INFO - MainThread - server_logic - [DEBUG] found replica for vector: 3
2025-11-18 17:24:08,081 - INFO - MainThread - server_logic - [DEBUG] found replica for vector: 4
2025-11-18 17:24:08,081 - INFO - MainThread - server_logic - [DEBUG] found replica for vector: 1
2025-11-18 17:24:08,081 - INFO - MainThread - server_logic - [DEBUG] found replica for vector: 2
2025-11-18 17:24:08,081 - INFO - MainThread - server_logic - [DEBUG] found replica for vector: 3
2025-11-18 17:24:08,081 - INFO - MainThread - server_logic - [DEBUG] found replica for vector: 4
2025-11-18 17:24:08,081 - INFO - MainThread - server_logic - [DEBUG] found replica for vector: 1
2025-11-18 17:24:08,081 - INFO - MainThread - server_logic - [DEBUG] found replica for vector: 2
2025-11-18 17:24:08,081 - INFO - MainThread - server_logic - [DEBUG] found replica for vector: 3
2025-11-18 17:24:08,081 - INFO - MainThread - server_logic - [DEBUG] to me replica for vector: 3
2025-11-18 17:24:08,082 - INFO - MainThread - server_logic - [DEBUG] found replica for vector: 1
2025-11-18 17:24:08,082 - INFO - MainThread - server_logic - [DEBUG] found replica for vector: 2
2025-11-18 17:24:08,082 - INFO - MainThread - server_logic - [DEBUG] found replica for vector: 3
2025-11-18 17:24:08,082 - INFO - MainThread - server_logic - [DEBUG] found replica for vector: 4
2025-11-18 17:24:08,082 - INFO - MainThread - server_logic - [DEBUG] found replica for vector: 1
2025-11-18 17:24:08,082 - INFO - MainThread - server_logic - [DEBUG] found replica for vector: 2
2025-11-18 17:24:08,082 - INFO - MainThread - server_logic - [DEBUG] found replica for vector: 3
2025-11-18 17:24:08,082 - INFO - MainThread - server_logic - [DEBUG] found replica for vector: 4
2025-11-18 17:24:08,082 - INFO - MainThread - server_logic - [DEBUG] found replica for vector: 1
2025-11-18 17:24:08,082 - INFO - MainThread - server_logic - [DEBUG] found replica for vector: 2
2025-11-18 17:24:08,082 - INFO - MainThread - server_logic - [DEBUG] found replica for vector: 3
2025-11-18 17:24:08,082 - INFO - MainThread - server_logic - [DEBUG] found replica for vector: 4
2025-11-18 17:24:08,082 - INFO - MainThread - server_logic - [DEBUG] found replica for vector: 1
2025-11-18 17:24:08,082 - INFO - MainThread - server_logic - [DEBUG] found replica for vector: 2
2025-11-18 17:24:08,082 - INFO - MainThread - server_logic - [DEBUG] found replica for vector: 3
2025-11-18 17:24:08,082 - INFO - MainThread - server_logic - [DEBUG] found replica for vector: 4
2025-11-18 17:24:08,082 - INFO - MainThread - server_logic - [DEBUG] found replica for vector: 1
2025-11-18 17:24:08,082 - INFO - MainThread - server_logic - [DEBUG] found replica for vector: 2
2025-11-18 17:24:08,082 - INFO - MainThread - server_logic - [DEBUG] found replica for vector: 3
2025-11-18 17:24:08,082 - INFO - MainThread - server_logic - [DEBUG] found replica for vector: 4
2025-11-18 17:24:08,082 - INFO - MainThread - server_logic - [DEBUG] found replica for vector: 1
2025-11-18 17:24:08,082 - INFO - MainThread - server_logic - [DEBUG] found replica for vector: 2
2025-11-18 17:24:08,082 - INFO - MainThread - server_logic - [DEBUG] found replica for vector: 3
2025-11-18 17:24:08,082 - INFO - MainThread - server_logic - [DEBUG] found replica for vector: 4
2025-11-18 17:24:08,082 - INFO - MainThread - server_logic - [DEBUG] found replica for vector: 1
2025-11-18 17:24:08,082 - INFO - MainThread - server_logic - [DEBUG] found replica for vector: 2
2025-11-18 17:24:08,082 - INFO - MainThread - server_logic - [DEBUG] found replica for vector: 3
2025-11-18 17:24:08,082 - INFO - MainThread - server_logic - [DEBUG] found replica for vector: 4
2025-11-18 17:24:08,082 - INFO - MainThread - server_logic - [DEBUG] found replica for vector: 1
2025-11-18 17:24:08,082 - INFO - MainThread - server_logic - [DEBUG] found replica for vector: 2
2025-11-18 17:24:08,082 - INFO - MainThread - server_logic - [DEBUG] found replica for vector: 3
2025-11-18 17:24:08,082 - INFO - MainThread - server_logic - [DEBUG] to me replica for vector: 3
2025-11-18 17:24:08,082 - INFO - MainThread - server_logic - [DEBUG] found replica for vector: 1
2025-11-18 17:24:08,082 - INFO - MainThread - server_logic - [DEBUG] found replica for vector: 2
2025-11-18 17:24:08,082 - INFO - MainThread - server_logic - [DEBUG] found replica for vector: 3
2025-11-18 17:24:08,082 - INFO - MainThread - server_logic - [DEBUG] found replica for vector: 4
2025-11-18 17:24:08,082 - INFO - MainThread - server_logic - [DEBUG] found replica for vector: 1
2025-11-18 17:24:08,082 - INFO - MainThread - server_logic - [DEBUG] found replica for vector: 2
2025-11-18 17:24:08,082 - INFO - MainThread - server_logic - [DEBUG] found replica for vector: 3
2025-11-18 17:24:08,082 - INFO - MainThread - server_logic - [DEBUG] found replica for vector: 4
2025-11-18 17:24:08,082 - INFO - MainThread - server_logic - [DEBUG] found replica for vector: 1
2025-11-18 17:24:08,082 - INFO - MainThread - server_logic - [DEBUG] found replica for vector: 2
2025-11-18 17:24:08,082 - INFO - MainThread - server_logic - [DEBUG] found replica for vector: 3
2025-11-18 17:24:08,082 - INFO - MainThread - server_logic - [DEBUG] to me replica for vector: 3
2025-11-18 17:24:08,082 - INFO - MainThread - server_logic - [DEBUG] found replica for vector: 1
2025-11-18 17:24:08,082 - INFO - MainThread - server_logic - [DEBUG] found replica for vector: 2
2025-11-18 17:24:08,082 - INFO - MainThread - server_logic - [DEBUG] found replica for vector: 3
2025-11-18 17:24:08,082 - INFO - MainThread - server_logic - [DEBUG] to me replica for vector: 3
2025-11-18 17:24:08,082 - INFO - MainThread - server_logic - [DEBUG] found replica for vector: 1
2025-11-18 17:24:08,082 - INFO - MainThread - server_logic - [DEBUG] found replica for vector: 2
2025-11-18 17:24:08,082 - INFO - MainThread - server_logic - [DEBUG] found replica for vector: 3
2025-11-18 17:24:08,082 - INFO - MainThread - server_logic - [DEBUG] found replica for vector: 4
2025-11-18 17:24:08,082 - INFO - MainThread - server_logic - [DEBUG] found replica for vector: 1
2025-11-18 17:24:08,082 - INFO - MainThread - server_logic - [DEBUG] found replica for vector: 2
2025-11-18 17:24:08,082 - INFO - MainThread - server_logic - [DEBUG] found replica for vector: 3
2025-11-18 17:24:08,082 - INFO - MainThread - server_logic - [DEBUG] found replica for vector: 4
2025-11-18 17:24:08,083 - INFO - MainThread - server_logic - [DEBUG] found replica for vector: 1
2025-11-18 17:24:08,083 - INFO - MainThread - server_logic - [DEBUG] found replica for vector: 2
2025-11-18 17:24:08,083 - INFO - MainThread - server_logic - [DEBUG] found replica for vector: 3
2025-11-18 17:24:08,083 - INFO - MainThread - server_logic - [DEBUG] found replica for vector: 4
2025-11-18 17:24:08,083 - INFO - MainThread - server_logic - [DEBUG] found replica for vector: 1
2025-11-18 17:24:08,083 - INFO - MainThread - server_logic - [DEBUG] found replica for vector: 2
2025-11-18 17:24:08,083 - INFO - MainThread - server_logic - [DEBUG] found replica for vector: 3
2025-11-18 17:24:08,083 - INFO - MainThread - server_logic - [DEBUG] to me replica for vector: 3
2025-11-18 17:24:08,083 - INFO - MainThread - server_logic - [DEBUG] found replica for vector: 1
2025-11-18 17:24:08,083 - INFO - MainThread - server_logic - [DEBUG] found replica for vector: 2
2025-11-18 17:24:08,083 - INFO - MainThread - server_logic - [DEBUG] found replica for vector: 3
2025-11-18 17:24:08,083 - INFO - MainThread - server_logic - [DEBUG] found replica for vector: 4
2025-11-18 17:24:08,083 - INFO - MainThread - server_logic - [DEBUG] found replica for vector: 1
2025-11-18 17:24:08,083 - INFO - MainThread - server_logic - [DEBUG] found replica for vector: 2
2025-11-18 17:24:08,083 - INFO - MainThread - server_logic - [DEBUG] found replica for vector: 3
2025-11-18 17:24:08,083 - INFO - MainThread - server_logic - [DEBUG] to me replica for vector: 3
2025-11-18 17:24:08,083 - INFO - MainThread - server_logic - [DEBUG] found replica for vector: 1
2025-11-18 17:24:08,083 - INFO - MainThread - server_logic - [DEBUG] found replica for vector: 2
2025-11-18 17:24:08,083 - INFO - MainThread - server_logic - [DEBUG] found replica for vector: 3
2025-11-18 17:24:08,083 - INFO - MainThread - server_logic - [DEBUG] found replica for vector: 4
2025-11-18 17:24:08,083 - INFO - MainThread - server_logic - [DEBUG] found replica for vector: 1
2025-11-18 17:24:08,083 - INFO - MainThread - server_logic - [DEBUG] found replica for vector: 2
2025-11-18 17:24:08,083 - INFO - MainThread - server_logic - [DEBUG] found replica for vector: 3
2025-11-18 17:24:08,083 - INFO - MainThread - server_logic - [DEBUG] to me replica for vector: 3
2025-11-18 17:24:08,083 - INFO - MainThread - server_logic - [DEBUG] found replica for vector: 1
2025-11-18 17:24:08,083 - INFO - MainThread - server_logic - [DEBUG] found replica for vector: 2
2025-11-18 17:24:08,083 - INFO - MainThread - server_logic - [DEBUG] found replica for vector: 3
2025-11-18 17:24:08,083 - INFO - MainThread - server_logic - [DEBUG] found replica for vector: 4
2025-11-18 17:24:08,083 - INFO - MainThread - server_logic - [DEBUG] found replica for vector: 1
2025-11-18 17:24:08,083 - INFO - MainThread - server_logic - [DEBUG] found replica for vector: 2
2025-11-18 17:24:08,083 - INFO - MainThread - server_logic - [DEBUG] found replica for vector: 3
2025-11-18 17:24:08,083 - INFO - MainThread - server_logic - [DEBUG] found replica for vector: 4
2025-11-18 17:24:08,083 - INFO - MainThread - server_logic - [DEBUG] found replica for vector: 1
2025-11-18 17:24:08,083 - INFO - MainThread - server_logic - [DEBUG] found replica for vector: 2
2025-11-18 17:24:08,083 - INFO - MainThread - server_logic - [DEBUG] found replica for vector: 3
2025-11-18 17:24:08,083 - INFO - MainThread - server_logic - [DEBUG] to me replica for vector: 3
2025-11-18 17:24:08,083 - INFO - MainThread - server_logic - [DEBUG] found replica for vector: 1
2025-11-18 17:24:08,083 - INFO - MainThread - server_logic - [DEBUG] found replica for vector: 2
2025-11-18 17:24:08,083 - INFO - MainThread - server_logic - [DEBUG] found replica for vector: 3
2025-11-18 17:24:08,083 - INFO - MainThread - server_logic - [DEBUG] found replica for vector: 4
2025-11-18 17:24:08,083 - INFO - MainThread - server_logic - [DEBUG] found replica for vector: 1
2025-11-18 17:24:08,083 - INFO - MainThread - server_logic - [DEBUG] found replica for vector: 2
2025-11-18 17:24:08,083 - INFO - MainThread - server_logic - [DEBUG] found replica for vector: 3
2025-11-18 17:24:08,083 - INFO - MainThread - server_logic - [DEBUG] found replica for vector: 4
2025-11-18 17:24:08,083 - INFO - MainThread - server_logic - [DEBUG] found replica for vector: 1
2025-11-18 17:24:08,083 - INFO - MainThread - server_logic - [DEBUG] found replica for vector: 2
2025-11-18 17:24:08,083 - INFO - MainThread - server_logic - [DEBUG] found replica for vector: 3
2025-11-18 17:24:08,083 - INFO - MainThread - server_logic - [DEBUG] found replica for vector: 4
2025-11-18 17:24:08,083 - INFO - MainThread - server_logic - [DEBUG] found replica for vector: 1
2025-11-18 17:24:08,083 - INFO - MainThread - server_logic - [DEBUG] found replica for vector: 2
2025-11-18 17:24:08,083 - INFO - MainThread - server_logic - [DEBUG] found replica for vector: 3
2025-11-18 17:24:08,083 - INFO - MainThread - server_logic - [DEBUG] found replica for vector: 4
2025-11-18 17:24:08,083 - INFO - MainThread - server_logic - [DEBUG] found replica for vector: 1
2025-11-18 17:24:08,083 - INFO - MainThread - server_logic - [DEBUG] found replica for vector: 2
2025-11-18 17:24:08,083 - INFO - MainThread - server_logic - [DEBUG] found replica for vector: 3
2025-11-18 17:24:08,083 - INFO - MainThread - server_logic - [DEBUG] found replica for vector: 4
2025-11-18 17:24:08,084 - INFO - MainThread - server_logic - [DEBUG] found replica for vector: 1
2025-11-18 17:24:08,084 - INFO - MainThread - server_logic - [DEBUG] found replica for vector: 2
2025-11-18 17:24:08,084 - INFO - MainThread - server_logic - [DEBUG] found replica for vector: 3
2025-11-18 17:24:08,084 - INFO - MainThread - server_logic - [DEBUG] to me replica for vector: 3
2025-11-18 17:24:08,084 - INFO - MainThread - server_logic - [DEBUG] found replica for vector: 1
2025-11-18 17:24:08,084 - INFO - MainThread - server_logic - [DEBUG] found replica for vector: 2
2025-11-18 17:24:08,084 - INFO - MainThread - server_logic - [DEBUG] found replica for vector: 3
2025-11-18 17:24:08,084 - INFO - MainThread - server_logic - [DEBUG] found replica for vector: 4
2025-11-18 17:24:08,084 - INFO - MainThread - server_logic - [DEBUG] found replica for vector: 1
2025-11-18 17:24:08,084 - INFO - MainThread - server_logic - [DEBUG] found replica for vector: 2
2025-11-18 17:24:08,084 - INFO - MainThread - server_logic - [DEBUG] found replica for vector: 3
2025-11-18 17:24:08,084 - INFO - MainThread - server_logic - [DEBUG] found replica for vector: 4
2025-11-18 17:24:08,084 - INFO - MainThread - server_logic - [DEBUG] found replica for vector: 1
2025-11-18 17:24:08,084 - INFO - MainThread - server_logic - [DEBUG] found replica for vector: 2
2025-11-18 17:24:08,084 - INFO - MainThread - server_logic - [DEBUG] found replica for vector: 3
2025-11-18 17:24:08,084 - INFO - MainThread - server_logic - [DEBUG] found replica for vector: 4
2025-11-18 17:24:08,084 - INFO - MainThread - server_logic - [DEBUG] found replica for vector: 1
2025-11-18 17:24:08,084 - INFO - MainThread - server_logic - [DEBUG] found replica for vector: 2
2025-11-18 17:24:08,084 - INFO - MainThread - server_logic - [DEBUG] found replica for vector: 3
2025-11-18 17:24:08,084 - INFO - MainThread - server_logic - [DEBUG] found replica for vector: 4
2025-11-18 17:24:08,084 - INFO - MainThread - server_logic - [DEBUG] found replica for vector: 1
2025-11-18 17:24:08,084 - INFO - MainThread - server_logic - [DEBUG] found replica for vector: 2
2025-11-18 17:24:08,084 - INFO - MainThread - server_logic - [DEBUG] found replica for vector: 3
2025-11-18 17:24:08,084 - INFO - MainThread - server_logic - [DEBUG] found replica for vector: 4
2025-11-18 17:24:08,084 - INFO - MainThread - server_logic - [DEBUG] found replica for vector: 1
2025-11-18 17:24:08,084 - INFO - MainThread - server_logic - [DEBUG] found replica for vector: 2
2025-11-18 17:24:08,084 - INFO - MainThread - server_logic - [DEBUG] found replica for vector: 3
2025-11-18 17:24:08,084 - INFO - MainThread - server_logic - [DEBUG] to me replica for vector: 3
2025-11-18 17:24:08,084 - INFO - MainThread - server_logic - [DEBUG] found replica for vector: 1
2025-11-18 17:24:08,084 - INFO - MainThread - server_logic - [DEBUG] found replica for vector: 2
2025-11-18 17:24:08,084 - INFO - MainThread - server_logic - [DEBUG] found replica for vector: 3
2025-11-18 17:24:08,084 - INFO - MainThread - server_logic - [DEBUG] found replica for vector: 4
2025-11-18 17:24:08,084 - INFO - MainThread - server_logic - [DEBUG] found replica for vector: 1
2025-11-18 17:24:08,084 - INFO - MainThread - server_logic - [DEBUG] found replica for vector: 2
2025-11-18 17:24:08,084 - INFO - MainThread - server_logic - [DEBUG] found replica for vector: 3
2025-11-18 17:24:08,084 - INFO - MainThread - server_logic - [DEBUG] found replica for vector: 4
2025-11-18 17:24:08,084 - INFO - MainThread - server_logic - [DEBUG] found replica for vector: 1
2025-11-18 17:24:08,084 - INFO - MainThread - server_logic - [DEBUG] found replica for vector: 2
2025-11-18 17:24:08,084 - INFO - MainThread - server_logic - [DEBUG] found replica for vector: 3
2025-11-18 17:24:08,084 - INFO - MainThread - server_logic - [DEBUG] found replica for vector: 4
2025-11-18 17:24:08,084 - INFO - MainThread - server_logic - [DEBUG] found replica for vector: 1
2025-11-18 17:24:08,084 - INFO - MainThread - server_logic - [DEBUG] found replica for vector: 2
2025-11-18 17:24:08,084 - INFO - MainThread - server_logic - [DEBUG] found replica for vector: 3
2025-11-18 17:24:08,084 - INFO - MainThread - server_logic - [DEBUG] found replica for vector: 4
2025-11-18 17:24:08,084 - INFO - MainThread - server_logic - [DEBUG] found replica for vector: 1
2025-11-18 17:24:08,084 - INFO - MainThread - server_logic - [DEBUG] found replica for vector: 2
2025-11-18 17:24:08,084 - INFO - MainThread - server_logic - [DEBUG] found replica for vector: 3
2025-11-18 17:24:08,084 - INFO - MainThread - server_logic - [DEBUG] to me replica for vector: 3
2025-11-18 17:24:08,084 - INFO - MainThread - server_logic - [DEBUG] found replica for vector: 1
2025-11-18 17:24:08,084 - INFO - MainThread - server_logic - [DEBUG] found replica for vector: 2
2025-11-18 17:24:08,084 - INFO - MainThread - server_logic - [DEBUG] found replica for vector: 3
2025-11-18 17:24:08,084 - INFO - MainThread - server_logic - [DEBUG] to me replica for vector: 3
2025-11-18 17:24:08,084 - INFO - MainThread - server_logic - [DEBUG] found replica for vector: 1
2025-11-18 17:24:08,084 - INFO - MainThread - server_logic - [DEBUG] found replica for vector: 2
2025-11-18 17:24:08,084 - INFO - MainThread - server_logic - [DEBUG] found replica for vector: 3
2025-11-18 17:24:08,084 - INFO - MainThread - server_logic - [DEBUG] found replica for vector: 4
2025-11-18 17:24:08,084 - INFO - MainThread - server_logic - [DEBUG] found replica for vector: 1
2025-11-18 17:24:08,085 - INFO - MainThread - server_logic - [DEBUG] found replica for vector: 2
2025-11-18 17:24:08,085 - INFO - MainThread - server_logic - [DEBUG] found replica for vector: 3
2025-11-18 17:24:08,085 - INFO - MainThread - server_logic - [DEBUG] found replica for vector: 4
2025-11-18 17:24:08,085 - INFO - MainThread - server_logic - [DEBUG] found replica for vector: 1
2025-11-18 17:24:08,085 - INFO - MainThread - server_logic - [DEBUG] found replica for vector: 2
2025-11-18 17:24:08,085 - INFO - MainThread - server_logic - [DEBUG] found replica for vector: 3
2025-11-18 17:24:08,085 - INFO - MainThread - server_logic - [DEBUG] found replica for vector: 4
2025-11-18 17:24:08,085 - INFO - MainThread - server_logic - [DEBUG] found replica for vector: 1
2025-11-18 17:24:08,085 - INFO - MainThread - server_logic - [DEBUG] found replica for vector: 2
2025-11-18 17:24:08,085 - INFO - MainThread - server_logic - [DEBUG] found replica for vector: 3
2025-11-18 17:24:08,085 - INFO - MainThread - server_logic - [DEBUG] found replica for vector: 4
2025-11-18 17:24:08,085 - INFO - MainThread - server_logic - [DEBUG] found replica for vector: 1
2025-11-18 17:24:08,085 - INFO - MainThread - server_logic - [DEBUG] found replica for vector: 2
2025-11-18 17:24:08,085 - INFO - MainThread - server_logic - [DEBUG] found replica for vector: 3
2025-11-18 17:24:08,085 - INFO - MainThread - server_logic - [DEBUG] found replica for vector: 4
2025-11-18 17:24:08,085 - INFO - MainThread - server_logic - [DEBUG] found replica for vector: 1
2025-11-18 17:24:08,085 - INFO - MainThread - server_logic - [DEBUG] found replica for vector: 2
2025-11-18 17:24:08,085 - INFO - MainThread - server_logic - [DEBUG] found replica for vector: 3
2025-11-18 17:24:08,085 - INFO - MainThread - server_logic - [DEBUG] found replica for vector: 4
2025-11-18 17:24:08,085 - INFO - MainThread - server_logic - [DEBUG] found replica for vector: 1
2025-11-18 17:24:08,085 - INFO - MainThread - server_logic - [DEBUG] found replica for vector: 2
2025-11-18 17:24:08,085 - INFO - MainThread - server_logic - [DEBUG] found replica for vector: 3
2025-11-18 17:24:08,085 - INFO - MainThread - server_logic - [DEBUG] found replica for vector: 4
2025-11-18 17:24:08,085 - INFO - MainThread - server_logic - [DEBUG] found replica for vector: 1
2025-11-18 17:24:08,085 - INFO - MainThread - server_logic - [DEBUG] found replica for vector: 2
2025-11-18 17:24:08,085 - INFO - MainThread - server_logic - [DEBUG] found replica for vector: 3
2025-11-18 17:24:08,085 - INFO - MainThread - server_logic - [DEBUG] found replica for vector: 4
2025-11-18 17:24:08,085 - INFO - MainThread - server_logic - [DEBUG] found replica for vector: 1
2025-11-18 17:24:08,085 - INFO - MainThread - server_logic - [DEBUG] found replica for vector: 2
2025-11-18 17:24:08,085 - INFO - MainThread - server_logic - [DEBUG] found replica for vector: 3
2025-11-18 17:24:08,085 - INFO - MainThread - server_logic - [DEBUG] found replica for vector: 4
2025-11-18 17:24:08,085 - INFO - MainThread - server_logic - [DEBUG] found replica for vector: 1
2025-11-18 17:24:08,085 - INFO - MainThread - server_logic - [DEBUG] found replica for vector: 2
2025-11-18 17:24:08,085 - INFO - MainThread - server_logic - [DEBUG] found replica for vector: 3
2025-11-18 17:24:08,085 - INFO - MainThread - server_logic - [DEBUG] to me replica for vector: 3
2025-11-18 17:24:08,085 - INFO - MainThread - server_logic - [DEBUG] found replica for vector: 1
2025-11-18 17:24:08,085 - INFO - MainThread - server_logic - [DEBUG] found replica for vector: 2
2025-11-18 17:24:08,085 - INFO - MainThread - server_logic - [DEBUG] found replica for vector: 3
2025-11-18 17:24:08,085 - INFO - MainThread - server_logic - [DEBUG] found replica for vector: 4
2025-11-18 17:24:08,085 - INFO - MainThread - server_logic - [DEBUG] found replica for vector: 1
2025-11-18 17:24:08,085 - INFO - MainThread - server_logic - [DEBUG] found replica for vector: 2
2025-11-18 17:24:08,085 - INFO - MainThread - server_logic - [DEBUG] found replica for vector: 3
2025-11-18 17:24:08,085 - INFO - MainThread - server_logic - [DEBUG] to me replica for vector: 3
2025-11-18 17:24:08,085 - INFO - MainThread - server_logic - [DEBUG] found replica for vector: 1
2025-11-18 17:24:08,085 - INFO - MainThread - server_logic - [DEBUG] found replica for vector: 2
2025-11-18 17:24:08,085 - INFO - MainThread - server_logic - [DEBUG] found replica for vector: 3
2025-11-18 17:24:08,085 - INFO - MainThread - server_logic - [DEBUG] found replica for vector: 4
2025-11-18 17:24:08,085 - INFO - MainThread - server_logic - [DEBUG] found replica for vector: 1
2025-11-18 17:24:08,085 - INFO - MainThread - server_logic - [DEBUG] found replica for vector: 2
2025-11-18 17:24:08,085 - INFO - MainThread - server_logic - [DEBUG] found replica for vector: 3
2025-11-18 17:24:08,085 - INFO - MainThread - server_logic - [DEBUG] found replica for vector: 4
2025-11-18 17:24:08,085 - INFO - MainThread - server_logic - [DEBUG] found replica for vector: 1
2025-11-18 17:24:08,085 - INFO - MainThread - server_logic - [DEBUG] found replica for vector: 2
2025-11-18 17:24:08,085 - INFO - MainThread - server_logic - [DEBUG] found replica for vector: 3
2025-11-18 17:24:08,085 - INFO - MainThread - server_logic - [DEBUG] to me replica for vector: 3
2025-11-18 17:24:08,085 - INFO - MainThread - server_logic - [DEBUG] found replica for vector: 1
2025-11-18 17:24:08,085 - INFO - MainThread - server_logic - [DEBUG] found replica for vector: 2
2025-11-18 17:24:08,086 - INFO - MainThread - server_logic - [DEBUG] found replica for vector: 3
2025-11-18 17:24:08,086 - INFO - MainThread - server_logic - [DEBUG] found replica for vector: 4
2025-11-18 17:24:08,086 - INFO - MainThread - server_logic - [DEBUG] found replica for vector: 1
2025-11-18 17:24:08,086 - INFO - MainThread - server_logic - [DEBUG] found replica for vector: 2
2025-11-18 17:24:08,086 - INFO - MainThread - server_logic - [DEBUG] found replica for vector: 3
2025-11-18 17:24:08,086 - INFO - MainThread - server_logic - [DEBUG] to me replica for vector: 3
2025-11-18 17:24:08,086 - INFO - MainThread - server_logic - [DEBUG] found replica for vector: 1
2025-11-18 17:24:08,086 - INFO - MainThread - server_logic - [DEBUG] found replica for vector: 2
2025-11-18 17:24:08,086 - INFO - MainThread - server_logic - [DEBUG] found replica for vector: 3
2025-11-18 17:24:08,086 - INFO - MainThread - server_logic - [DEBUG] found replica for vector: 4
2025-11-18 17:24:08,086 - INFO - MainThread - server_logic - [DEBUG] found replica for vector: 1
2025-11-18 17:24:08,086 - INFO - MainThread - server_logic - [DEBUG] found replica for vector: 2
2025-11-18 17:24:08,086 - INFO - MainThread - server_logic - [DEBUG] found replica for vector: 3
2025-11-18 17:24:08,086 - INFO - MainThread - server_logic - [DEBUG] found replica for vector: 4
2025-11-18 17:24:08,086 - INFO - MainThread - server_logic - [DEBUG] found replica for vector: 1
2025-11-18 17:24:08,086 - INFO - MainThread - server_logic - [DEBUG] found replica for vector: 2
2025-11-18 17:24:08,086 - INFO - MainThread - server_logic - [DEBUG] found replica for vector: 3
2025-11-18 17:24:08,086 - INFO - MainThread - server_logic - [DEBUG] to me replica for vector: 3
2025-11-18 17:24:08,086 - INFO - MainThread - server_logic - [DEBUG] found replica for vector: 1
2025-11-18 17:24:08,086 - INFO - MainThread - server_logic - [DEBUG] found replica for vector: 2
2025-11-18 17:24:08,086 - INFO - MainThread - server_logic - [DEBUG] found replica for vector: 3
2025-11-18 17:24:08,086 - INFO - MainThread - server_logic - [DEBUG] found replica for vector: 4
2025-11-18 17:24:08,086 - INFO - MainThread - server_logic - [DEBUG] found replica for vector: 1
2025-11-18 17:24:08,086 - INFO - MainThread - server_logic - [DEBUG] found replica for vector: 2
2025-11-18 17:24:08,086 - INFO - MainThread - server_logic - [DEBUG] found replica for vector: 3
2025-11-18 17:24:08,086 - INFO - MainThread - server_logic - [DEBUG] to me replica for vector: 3
2025-11-18 17:24:08,086 - INFO - MainThread - server_logic - [DEBUG] found replica for vector: 1
2025-11-18 17:24:08,086 - INFO - MainThread - server_logic - [DEBUG] found replica for vector: 2
2025-11-18 17:24:08,086 - INFO - MainThread - server_logic - [DEBUG] found replica for vector: 3
2025-11-18 17:24:08,086 - INFO - MainThread - server_logic - [DEBUG] found replica for vector: 4
2025-11-18 17:24:08,086 - INFO - MainThread - server_logic - [DEBUG] found replica for vector: 1
2025-11-18 17:24:08,086 - INFO - MainThread - server_logic - [DEBUG] found replica for vector: 2
2025-11-18 17:24:08,086 - INFO - MainThread - server_logic - [DEBUG] found replica for vector: 3
2025-11-18 17:24:08,086 - INFO - MainThread - server_logic - [DEBUG] found replica for vector: 4
2025-11-18 17:24:08,086 - INFO - MainThread - server_logic - [DEBUG] found replica for vector: 1
2025-11-18 17:24:08,086 - INFO - MainThread - server_logic - [DEBUG] found replica for vector: 2
2025-11-18 17:24:08,086 - INFO - MainThread - server_logic - [DEBUG] found replica for vector: 3
2025-11-18 17:24:08,086 - INFO - MainThread - server_logic - [DEBUG] found replica for vector: 4
2025-11-18 17:24:08,086 - INFO - MainThread - server_logic - [DEBUG] found replica for vector: 1
2025-11-18 17:24:08,086 - INFO - MainThread - server_logic - [DEBUG] found replica for vector: 2
2025-11-18 17:24:08,086 - INFO - MainThread - server_logic - [DEBUG] found replica for vector: 3
2025-11-18 17:24:08,086 - INFO - MainThread - server_logic - [DEBUG] to me replica for vector: 3
2025-11-18 17:24:08,086 - INFO - MainThread - server_logic - [DEBUG] found replica for vector: 1
2025-11-18 17:24:08,086 - INFO - MainThread - server_logic - [DEBUG] found replica for vector: 2
2025-11-18 17:24:08,086 - INFO - MainThread - server_logic - [DEBUG] found replica for vector: 3
2025-11-18 17:24:08,086 - INFO - MainThread - server_logic - [DEBUG] found replica for vector: 4
2025-11-18 17:24:08,086 - INFO - MainThread - server_logic - [DEBUG] found replica for vector: 1
2025-11-18 17:24:08,086 - INFO - MainThread - server_logic - [DEBUG] found replica for vector: 2
2025-11-18 17:24:08,086 - INFO - MainThread - server_logic - [DEBUG] found replica for vector: 3
2025-11-18 17:24:08,086 - INFO - MainThread - server_logic - [DEBUG] found replica for vector: 4
2025-11-18 17:24:08,086 - INFO - MainThread - server_logic - [DEBUG] found replica for vector: 1
2025-11-18 17:24:08,086 - INFO - MainThread - server_logic - [DEBUG] found replica for vector: 2
2025-11-18 17:24:08,086 - INFO - MainThread - server_logic - [DEBUG] found replica for vector: 3
2025-11-18 17:24:08,086 - INFO - MainThread - server_logic - [DEBUG] to me replica for vector: 3
2025-11-18 17:24:08,086 - INFO - MainThread - server_logic - [DEBUG] found replica for vector: 1
2025-11-18 17:24:08,086 - INFO - MainThread - server_logic - [DEBUG] found replica for vector: 2
2025-11-18 17:24:08,086 - INFO - MainThread - server_logic - [DEBUG] found replica for vector: 3
2025-11-18 17:24:08,087 - INFO - MainThread - server_logic - [DEBUG] to me replica for vector: 3
2025-11-18 17:24:08,087 - INFO - MainThread - server_logic - [DEBUG] found replica for vector: 1
2025-11-18 17:24:08,087 - INFO - MainThread - server_logic - [DEBUG] found replica for vector: 2
2025-11-18 17:24:08,087 - INFO - MainThread - server_logic - [DEBUG] found replica for vector: 3
2025-11-18 17:24:08,087 - INFO - MainThread - server_logic - [DEBUG] found replica for vector: 4
2025-11-18 17:24:08,087 - INFO - MainThread - server_logic - [DEBUG] found replica for vector: 1
2025-11-18 17:24:08,087 - INFO - MainThread - server_logic - [DEBUG] found replica for vector: 2
2025-11-18 17:24:08,087 - INFO - MainThread - server_logic - [DEBUG] found replica for vector: 3
2025-11-18 17:24:08,087 - INFO - MainThread - server_logic - [DEBUG] found replica for vector: 4
2025-11-18 17:24:08,087 - INFO - MainThread - server_logic - [DEBUG] found replica for vector: 1
2025-11-18 17:24:08,087 - INFO - MainThread - server_logic - [DEBUG] found replica for vector: 2
2025-11-18 17:24:08,087 - INFO - MainThread - server_logic - [DEBUG] found replica for vector: 3
2025-11-18 17:24:08,087 - INFO - MainThread - server_logic - [DEBUG] found replica for vector: 4
2025-11-18 17:24:08,087 - INFO - MainThread - server_logic - [DEBUG] found replica for vector: 1
2025-11-18 17:24:08,087 - INFO - MainThread - server_logic - [DEBUG] found replica for vector: 2
2025-11-18 17:24:08,087 - INFO - MainThread - server_logic - [DEBUG] found replica for vector: 3
2025-11-18 17:24:08,087 - INFO - MainThread - server_logic - [DEBUG] to me replica for vector: 3
2025-11-18 17:24:08,087 - INFO - MainThread - server_logic - [DEBUG] found replica for vector: 1
2025-11-18 17:24:08,087 - INFO - MainThread - server_logic - [DEBUG] found replica for vector: 2
2025-11-18 17:24:08,087 - INFO - MainThread - server_logic - [DEBUG] found replica for vector: 3
2025-11-18 17:24:08,087 - INFO - MainThread - server_logic - [DEBUG] to me replica for vector: 3
2025-11-18 17:24:08,087 - INFO - MainThread - server_logic - [DEBUG] found replica for vector: 1
2025-11-18 17:24:08,087 - INFO - MainThread - server_logic - [DEBUG] found replica for vector: 2
2025-11-18 17:24:08,087 - INFO - MainThread - server_logic - [DEBUG] found replica for vector: 3
2025-11-18 17:24:08,087 - INFO - MainThread - server_logic - [DEBUG] to me replica for vector: 3
2025-11-18 17:24:08,087 - INFO - MainThread - server_logic - [DEBUG] found replica for vector: 1
2025-11-18 17:24:08,087 - INFO - MainThread - server_logic - [DEBUG] found replica for vector: 2
2025-11-18 17:24:08,087 - INFO - MainThread - server_logic - [DEBUG] found replica for vector: 3
2025-11-18 17:24:08,087 - INFO - MainThread - server_logic - [DEBUG] found replica for vector: 4
2025-11-18 17:24:08,087 - INFO - MainThread - server_logic - [DEBUG] found replica for vector: 1
2025-11-18 17:24:08,087 - INFO - MainThread - server_logic - [DEBUG] found replica for vector: 2
2025-11-18 17:24:08,087 - INFO - MainThread - server_logic - [DEBUG] found replica for vector: 3
2025-11-18 17:24:08,087 - INFO - MainThread - server_logic - [DEBUG] found replica for vector: 4
2025-11-18 17:24:08,087 - INFO - MainThread - server_logic - [DEBUG] found replica for vector: 1
2025-11-18 17:24:08,087 - INFO - MainThread - server_logic - [DEBUG] found replica for vector: 2
2025-11-18 17:24:08,087 - INFO - MainThread - server_logic - [DEBUG] found replica for vector: 3
2025-11-18 17:24:08,087 - INFO - MainThread - server_logic - [DEBUG] found replica for vector: 4
2025-11-18 17:24:08,087 - INFO - MainThread - server_logic - [DEBUG] found replica for vector: 1
2025-11-18 17:24:08,087 - INFO - MainThread - server_logic - [DEBUG] found replica for vector: 2
2025-11-18 17:24:08,087 - INFO - MainThread - server_logic - [DEBUG] found replica for vector: 3
2025-11-18 17:24:08,087 - INFO - MainThread - server_logic - [DEBUG] found replica for vector: 4
2025-11-18 17:24:08,087 - INFO - MainThread - server_logic - [DEBUG] found replica for vector: 1
2025-11-18 17:24:08,087 - INFO - MainThread - server_logic - [DEBUG] found replica for vector: 2
2025-11-18 17:24:08,087 - INFO - MainThread - server_logic - [DEBUG] found replica for vector: 3
2025-11-18 17:24:08,087 - INFO - MainThread - server_logic - [DEBUG] to me replica for vector: 3
2025-11-18 17:24:08,087 - INFO - MainThread - server_logic - [DEBUG] found replica for vector: 1
2025-11-18 17:24:08,087 - INFO - MainThread - server_logic - [DEBUG] found replica for vector: 2
2025-11-18 17:24:08,087 - INFO - MainThread - server_logic - [DEBUG] found replica for vector: 3
2025-11-18 17:24:08,087 - INFO - MainThread - server_logic - [DEBUG] found replica for vector: 4
2025-11-18 17:24:08,087 - INFO - MainThread - server_logic - [DEBUG] found replica for vector: 1
2025-11-18 17:24:08,087 - INFO - MainThread - server_logic - [DEBUG] found replica for vector: 2
2025-11-18 17:24:08,088 - INFO - MainThread - server_logic - [DEBUG] found replica for vector: 3
2025-11-18 17:24:08,088 - INFO - MainThread - server_logic - [DEBUG] found replica for vector: 4
2025-11-18 17:24:08,088 - INFO - MainThread - server_logic - [DEBUG] found replica for vector: 1
2025-11-18 17:24:08,088 - INFO - MainThread - server_logic - [DEBUG] found replica for vector: 2
2025-11-18 17:24:08,088 - INFO - MainThread - server_logic - [DEBUG] found replica for vector: 3
2025-11-18 17:24:08,088 - INFO - MainThread - server_logic - [DEBUG] found replica for vector: 4
2025-11-18 17:24:08,088 - INFO - MainThread - server_logic - [DEBUG] found replica for vector: 1
2025-11-18 17:24:08,088 - INFO - MainThread - server_logic - [DEBUG] found replica for vector: 2
2025-11-18 17:24:08,088 - INFO - MainThread - server_logic - [DEBUG] found replica for vector: 3
2025-11-18 17:24:08,088 - INFO - MainThread - server_logic - [DEBUG] found replica for vector: 4
2025-11-18 17:24:08,088 - INFO - MainThread - server_logic - [DEBUG] found replica for vector: 1
2025-11-18 17:24:08,088 - INFO - MainThread - server_logic - [DEBUG] found replica for vector: 2
2025-11-18 17:24:08,088 - INFO - MainThread - server_logic - [DEBUG] found replica for vector: 3
2025-11-18 17:24:08,088 - INFO - MainThread - server_logic - [DEBUG] found replica for vector: 4
2025-11-18 17:24:08,088 - INFO - MainThread - server_logic - [DEBUG] found replica for vector: 1
2025-11-18 17:24:08,088 - INFO - MainThread - server_logic - [DEBUG] found replica for vector: 2
2025-11-18 17:24:08,088 - INFO - MainThread - server_logic - [DEBUG] found replica for vector: 3
2025-11-18 17:24:08,088 - INFO - MainThread - server_logic - [DEBUG] to me replica for vector: 3
2025-11-18 17:24:08,088 - INFO - MainThread - server_logic - [DEBUG] found replica for vector: 1
2025-11-18 17:24:08,088 - INFO - MainThread - server_logic - [DEBUG] found replica for vector: 2
2025-11-18 17:24:08,088 - INFO - MainThread - server_logic - [DEBUG] found replica for vector: 3
2025-11-18 17:24:08,088 - INFO - MainThread - server_logic - [DEBUG] found replica for vector: 4
2025-11-18 17:24:08,088 - INFO - MainThread - server_logic - [DEBUG] found replica for vector: 1
2025-11-18 17:24:08,088 - INFO - MainThread - server_logic - [DEBUG] found replica for vector: 2
2025-11-18 17:24:08,088 - INFO - MainThread - server_logic - [DEBUG] found replica for vector: 3
2025-11-18 17:24:08,088 - INFO - MainThread - server_logic - [DEBUG] found replica for vector: 4
2025-11-18 17:24:08,088 - INFO - MainThread - server_logic - [DEBUG] found replica for vector: 1
2025-11-18 17:24:08,088 - INFO - MainThread - server_logic - [DEBUG] found replica for vector: 2
2025-11-18 17:24:08,088 - INFO - MainThread - server_logic - [DEBUG] found replica for vector: 3
2025-11-18 17:24:08,088 - INFO - MainThread - server_logic - [DEBUG] found replica for vector: 4
2025-11-18 17:24:08,088 - INFO - MainThread - server_logic - [DEBUG] found replica for vector: 1
2025-11-18 17:24:08,088 - INFO - MainThread - server_logic - [DEBUG] found replica for vector: 2
2025-11-18 17:24:08,088 - INFO - MainThread - server_logic - [DEBUG] found replica for vector: 3
2025-11-18 17:24:08,088 - INFO - MainThread - server_logic - [DEBUG] found replica for vector: 4
2025-11-18 17:24:08,088 - INFO - MainThread - server_logic - [DEBUG] found replica for vector: 1
2025-11-18 17:24:08,088 - INFO - MainThread - server_logic - [DEBUG] found replica for vector: 2
2025-11-18 17:24:08,088 - INFO - MainThread - server_logic - [DEBUG] found replica for vector: 3
2025-11-18 17:24:08,088 - INFO - MainThread - server_logic - [DEBUG] to me replica for vector: 3
2025-11-18 17:24:08,088 - INFO - MainThread - server_logic - [DEBUG] found replica for vector: 1
2025-11-18 17:24:08,088 - INFO - MainThread - server_logic - [DEBUG] found replica for vector: 2
2025-11-18 17:24:08,088 - INFO - MainThread - server_logic - [DEBUG] found replica for vector: 3
2025-11-18 17:24:08,088 - INFO - MainThread - server_logic - [DEBUG] found replica for vector: 4
2025-11-18 17:24:08,088 - INFO - MainThread - server_logic - [DEBUG] found replica for vector: 1
2025-11-18 17:24:08,088 - INFO - MainThread - server_logic - [DEBUG] found replica for vector: 2
2025-11-18 17:24:08,088 - INFO - MainThread - server_logic - [DEBUG] found replica for vector: 3
2025-11-18 17:24:08,088 - INFO - MainThread - server_logic - [DEBUG] to me replica for vector: 3
2025-11-18 17:24:08,088 - INFO - MainThread - server_logic - [DEBUG] found replica for vector: 1
2025-11-18 17:24:08,088 - INFO - MainThread - server_logic - [DEBUG] found replica for vector: 2
2025-11-18 17:24:08,088 - INFO - MainThread - server_logic - [DEBUG] found replica for vector: 3
2025-11-18 17:24:08,088 - INFO - MainThread - server_logic - [DEBUG] found replica for vector: 4
2025-11-18 17:24:08,088 - INFO - MainThread - server_logic - [DEBUG] found replica for vector: 1
2025-11-18 17:24:08,088 - INFO - MainThread - server_logic - [DEBUG] found replica for vector: 2
2025-11-18 17:24:08,088 - INFO - MainThread - server_logic - [DEBUG] found replica for vector: 3
2025-11-18 17:24:08,088 - INFO - MainThread - server_logic - [DEBUG] to me replica for vector: 3
2025-11-18 17:24:08,088 - INFO - MainThread - server_logic - [DEBUG] found replica for vector: 1
2025-11-18 17:24:08,088 - INFO - MainThread - server_logic - [DEBUG] found replica for vector: 2
2025-11-18 17:24:08,089 - INFO - MainThread - server_logic - [DEBUG] found replica for vector: 3
2025-11-18 17:24:08,089 - INFO - MainThread - server_logic - [DEBUG] to me replica for vector: 3
2025-11-18 17:24:08,089 - INFO - MainThread - server_logic - [DEBUG] found replica for vector: 1
2025-11-18 17:24:08,089 - INFO - MainThread - server_logic - [DEBUG] found replica for vector: 2
2025-11-18 17:24:08,089 - INFO - MainThread - server_logic - [DEBUG] found replica for vector: 3
2025-11-18 17:24:08,089 - INFO - MainThread - server_logic - [DEBUG] to me replica for vector: 3
2025-11-18 17:24:08,089 - INFO - MainThread - server_logic - [DEBUG] found replica for vector: 1
2025-11-18 17:24:08,089 - INFO - MainThread - server_logic - [DEBUG] found replica for vector: 2
2025-11-18 17:24:08,089 - INFO - MainThread - server_logic - [DEBUG] found replica for vector: 3
2025-11-18 17:24:08,089 - INFO - MainThread - server_logic - [DEBUG] found replica for vector: 4
2025-11-18 17:24:08,089 - INFO - MainThread - server_logic - [DEBUG] found replica for vector: 1
2025-11-18 17:24:08,089 - INFO - MainThread - server_logic - [DEBUG] found replica for vector: 2
2025-11-18 17:24:08,089 - INFO - MainThread - server_logic - [DEBUG] found replica for vector: 3
2025-11-18 17:24:08,089 - INFO - MainThread - server_logic - [DEBUG] found replica for vector: 4
2025-11-18 17:24:08,089 - INFO - MainThread - server_logic - [DEBUG] found replica for vector: 1
2025-11-18 17:24:08,089 - INFO - MainThread - server_logic - [DEBUG] found replica for vector: 2
2025-11-18 17:24:08,089 - INFO - MainThread - server_logic - [DEBUG] found replica for vector: 3
2025-11-18 17:24:08,089 - INFO - MainThread - server_logic - [DEBUG] found replica for vector: 4
2025-11-18 17:24:08,089 - INFO - MainThread - server_logic - [DEBUG] found replica for vector: 1
2025-11-18 17:24:08,089 - INFO - MainThread - server_logic - [DEBUG] found replica for vector: 2
2025-11-18 17:24:08,089 - INFO - MainThread - server_logic - [DEBUG] found replica for vector: 3
2025-11-18 17:24:08,089 - INFO - MainThread - server_logic - [DEBUG] to me replica for vector: 3
2025-11-18 17:24:08,089 - INFO - MainThread - server_logic - [DEBUG] found replica for vector: 1
2025-11-18 17:24:08,089 - INFO - MainThread - server_logic - [DEBUG] found replica for vector: 2
2025-11-18 17:24:08,089 - INFO - MainThread - server_logic - [DEBUG] found replica for vector: 3
2025-11-18 17:24:08,089 - INFO - MainThread - server_logic - [DEBUG] to me replica for vector: 3
2025-11-18 17:24:08,089 - INFO - MainThread - server_logic - [DEBUG] found replica for vector: 1
2025-11-18 17:24:08,089 - INFO - MainThread - server_logic - [DEBUG] found replica for vector: 2
2025-11-18 17:24:08,089 - INFO - MainThread - server_logic - [DEBUG] found replica for vector: 3
2025-11-18 17:24:08,089 - INFO - MainThread - server_logic - [DEBUG] found replica for vector: 4
2025-11-18 17:24:08,089 - INFO - MainThread - server_logic - [DEBUG] found replica for vector: 1
2025-11-18 17:24:08,089 - INFO - MainThread - server_logic - [DEBUG] found replica for vector: 2
2025-11-18 17:24:08,089 - INFO - MainThread - server_logic - [DEBUG] found replica for vector: 3
2025-11-18 17:24:08,089 - INFO - MainThread - server_logic - [DEBUG] to me replica for vector: 3
2025-11-18 17:24:08,089 - INFO - MainThread - server_logic - [DEBUG] found replica for vector: 1
2025-11-18 17:24:08,089 - INFO - MainThread - server_logic - [DEBUG] found replica for vector: 2
2025-11-18 17:24:08,089 - INFO - MainThread - server_logic - [DEBUG] found replica for vector: 3
2025-11-18 17:24:08,089 - INFO - MainThread - server_logic - [DEBUG] found replica for vector: 4
2025-11-18 17:24:08,089 - INFO - MainThread - server_logic - [DEBUG] found replica for vector: 1
2025-11-18 17:24:08,089 - INFO - MainThread - server_logic - [DEBUG] found replica for vector: 2
2025-11-18 17:24:08,089 - INFO - MainThread - server_logic - [DEBUG] found replica for vector: 3
2025-11-18 17:24:08,089 - INFO - MainThread - server_logic - [DEBUG] found replica for vector: 4
2025-11-18 17:24:08,089 - INFO - MainThread - server_logic - [DEBUG] found replica for vector: 1
2025-11-18 17:24:08,089 - INFO - MainThread - server_logic - [DEBUG] found replica for vector: 2
2025-11-18 17:24:08,089 - INFO - MainThread - server_logic - [DEBUG] found replica for vector: 3
2025-11-18 17:24:08,089 - INFO - MainThread - server_logic - [DEBUG] found replica for vector: 4
2025-11-18 17:24:08,089 - INFO - MainThread - server_logic - [DEBUG] found replica for vector: 1
2025-11-18 17:24:08,089 - INFO - MainThread - server_logic - [DEBUG] found replica for vector: 2
2025-11-18 17:24:08,089 - INFO - MainThread - server_logic - [DEBUG] found replica for vector: 3
2025-11-18 17:24:08,089 - INFO - MainThread - server_logic - [DEBUG] to me replica for vector: 3
2025-11-18 17:24:08,089 - INFO - MainThread - server_logic - [DEBUG] found replica for vector: 1
2025-11-18 17:24:08,089 - INFO - MainThread - server_logic - [DEBUG] found replica for vector: 2
2025-11-18 17:24:08,089 - INFO - MainThread - server_logic - [DEBUG] found replica for vector: 3
2025-11-18 17:24:08,089 - INFO - MainThread - server_logic - [DEBUG] found replica for vector: 4
2025-11-18 17:24:08,089 - INFO - MainThread - server_logic - [DEBUG] found replica for vector: 1
2025-11-18 17:24:08,089 - INFO - MainThread - server_logic - [DEBUG] found replica for vector: 2
2025-11-18 17:24:08,089 - INFO - MainThread - server_logic - [DEBUG] found replica for vector: 3
2025-11-18 17:24:08,089 - INFO - MainThread - server_logic - [DEBUG] to me replica for vector: 3
2025-11-18 17:24:08,090 - INFO - MainThread - server_logic - [DEBUG] found replica for vector: 1
2025-11-18 17:24:08,090 - INFO - MainThread - server_logic - [DEBUG] found replica for vector: 2
2025-11-18 17:24:08,090 - INFO - MainThread - server_logic - [DEBUG] found replica for vector: 3
2025-11-18 17:24:08,090 - INFO - MainThread - server_logic - [DEBUG] to me replica for vector: 3
2025-11-18 17:24:08,090 - INFO - MainThread - server_logic - [DEBUG] found replica for vector: 1
2025-11-18 17:24:08,090 - INFO - MainThread - server_logic - [DEBUG] found replica for vector: 2
2025-11-18 17:24:08,090 - INFO - MainThread - server_logic - [DEBUG] found replica for vector: 3
2025-11-18 17:24:08,090 - INFO - MainThread - server_logic - [DEBUG] found replica for vector: 4
2025-11-18 17:24:08,090 - INFO - MainThread - server_logic - [DEBUG] found replica for vector: 1
2025-11-18 17:24:08,090 - INFO - MainThread - server_logic - [DEBUG] found replica for vector: 2
2025-11-18 17:24:08,090 - INFO - MainThread - server_logic - [DEBUG] found replica for vector: 3
2025-11-18 17:24:08,090 - INFO - MainThread - server_logic - [DEBUG] found replica for vector: 4
2025-11-18 17:24:08,090 - INFO - MainThread - server_logic - [DEBUG] found replica for vector: 1
2025-11-18 17:24:08,090 - INFO - MainThread - server_logic - [DEBUG] found replica for vector: 2
2025-11-18 17:24:08,090 - INFO - MainThread - server_logic - [DEBUG] found replica for vector: 3
2025-11-18 17:24:08,090 - INFO - MainThread - server_logic - [DEBUG] found replica for vector: 4
2025-11-18 17:24:08,090 - INFO - MainThread - server_logic - [DEBUG] found replica for vector: 1
2025-11-18 17:24:08,090 - INFO - MainThread - server_logic - [DEBUG] found replica for vector: 2
2025-11-18 17:24:08,090 - INFO - MainThread - server_logic - [DEBUG] found replica for vector: 3
2025-11-18 17:24:08,090 - INFO - MainThread - server_logic - [DEBUG] found replica for vector: 4
2025-11-18 17:24:08,090 - INFO - MainThread - server_logic - [DEBUG] found replica for vector: 1
2025-11-18 17:24:08,090 - INFO - MainThread - server_logic - [DEBUG] found replica for vector: 2
2025-11-18 17:24:08,090 - INFO - MainThread - server_logic - [DEBUG] found replica for vector: 3
2025-11-18 17:24:08,090 - INFO - MainThread - server_logic - [DEBUG] found replica for vector: 4
2025-11-18 17:24:08,090 - INFO - MainThread - server_logic - [DEBUG] found replica for vector: 1
2025-11-18 17:24:08,090 - INFO - MainThread - server_logic - [DEBUG] found replica for vector: 2
2025-11-18 17:24:08,090 - INFO - MainThread - server_logic - [DEBUG] found replica for vector: 3
2025-11-18 17:24:08,090 - INFO - MainThread - server_logic - [DEBUG] found replica for vector: 4
2025-11-18 17:24:08,090 - INFO - MainThread - server_logic - [DEBUG] found replica for vector: 1
2025-11-18 17:24:08,090 - INFO - MainThread - server_logic - [DEBUG] found replica for vector: 2
2025-11-18 17:24:08,090 - INFO - MainThread - server_logic - [DEBUG] found replica for vector: 3
2025-11-18 17:24:08,090 - INFO - MainThread - server_logic - [DEBUG] found replica for vector: 4
2025-11-18 17:24:08,090 - INFO - MainThread - server_logic - [DEBUG] found replica for vector: 1
2025-11-18 17:24:08,090 - INFO - MainThread - server_logic - [DEBUG] found replica for vector: 2
2025-11-18 17:24:08,090 - INFO - MainThread - server_logic - [DEBUG] found replica for vector: 3
2025-11-18 17:24:08,090 - INFO - MainThread - server_logic - [DEBUG] found replica for vector: 4
2025-11-18 17:24:08,090 - INFO - MainThread - server_logic - [DEBUG] found replica for vector: 1
2025-11-18 17:24:08,090 - INFO - MainThread - server_logic - [DEBUG] found replica for vector: 2
2025-11-18 17:24:08,090 - INFO - MainThread - server_logic - [DEBUG] found replica for vector: 3
2025-11-18 17:24:08,090 - INFO - MainThread - server_logic - [DEBUG] found replica for vector: 4
2025-11-18 17:24:08,090 - INFO - MainThread - server_logic - [DEBUG] found replica for vector: 1
2025-11-18 17:24:08,090 - INFO - MainThread - server_logic - [DEBUG] found replica for vector: 2
2025-11-18 17:24:08,090 - INFO - MainThread - server_logic - [DEBUG] found replica for vector: 3
2025-11-18 17:24:08,090 - INFO - MainThread - server_logic - [DEBUG] to me replica for vector: 3
2025-11-18 17:24:08,090 - INFO - MainThread - server_logic - [DEBUG] found replica for vector: 1
2025-11-18 17:24:08,090 - INFO - MainThread - server_logic - [DEBUG] found replica for vector: 2
2025-11-18 17:24:08,090 - INFO - MainThread - server_logic - [DEBUG] found replica for vector: 3
2025-11-18 17:24:08,090 - INFO - MainThread - server_logic - [DEBUG] found replica for vector: 4
2025-11-18 17:24:08,090 - INFO - MainThread - server_logic - [DEBUG] found replica for vector: 1
2025-11-18 17:24:08,090 - INFO - MainThread - server_logic - [DEBUG] found replica for vector: 2
2025-11-18 17:24:08,090 - INFO - MainThread - server_logic - [DEBUG] found replica for vector: 3
2025-11-18 17:24:08,090 - INFO - MainThread - server_logic - [DEBUG] to me replica for vector: 3
2025-11-18 17:24:08,090 - INFO - MainThread - server_logic - [DEBUG] found replica for vector: 1
2025-11-18 17:24:08,090 - INFO - MainThread - server_logic - [DEBUG] found replica for vector: 2
2025-11-18 17:24:08,090 - INFO - MainThread - server_logic - [DEBUG] found replica for vector: 3
2025-11-18 17:24:08,090 - INFO - MainThread - server_logic - [DEBUG] found replica for vector: 4
2025-11-18 17:24:08,091 - INFO - MainThread - server_logic - [DEBUG] found replica for vector: 1
2025-11-18 17:24:08,091 - INFO - MainThread - server_logic - [DEBUG] found replica for vector: 2
2025-11-18 17:24:08,091 - INFO - MainThread - server_logic - [DEBUG] found replica for vector: 3
2025-11-18 17:24:08,091 - INFO - MainThread - server_logic - [DEBUG] to me replica for vector: 3
2025-11-18 17:24:08,091 - INFO - MainThread - server_logic - [DEBUG] found replica for vector: 1
2025-11-18 17:24:08,091 - INFO - MainThread - server_logic - [DEBUG] found replica for vector: 2
2025-11-18 17:24:08,091 - INFO - MainThread - server_logic - [DEBUG] found replica for vector: 3
2025-11-18 17:24:08,091 - INFO - MainThread - server_logic - [DEBUG] found replica for vector: 4
2025-11-18 17:24:08,091 - INFO - MainThread - server_logic - [DEBUG] found replica for vector: 1
2025-11-18 17:24:08,091 - INFO - MainThread - server_logic - [DEBUG] found replica for vector: 2
2025-11-18 17:24:08,091 - INFO - MainThread - server_logic - [DEBUG] found replica for vector: 3
2025-11-18 17:24:08,091 - INFO - MainThread - server_logic - [DEBUG] found replica for vector: 4
2025-11-18 17:24:08,091 - INFO - MainThread - server_logic - [DEBUG] found replica for vector: 1
2025-11-18 17:24:08,091 - INFO - MainThread - server_logic - [DEBUG] found replica for vector: 2
2025-11-18 17:24:08,091 - INFO - MainThread - server_logic - [DEBUG] found replica for vector: 3
2025-11-18 17:24:08,091 - INFO - MainThread - server_logic - [DEBUG] found replica for vector: 4
2025-11-18 17:24:08,091 - INFO - MainThread - server_logic - [DEBUG] found replica for vector: 1
2025-11-18 17:24:08,091 - INFO - MainThread - server_logic - [DEBUG] found replica for vector: 2
2025-11-18 17:24:08,091 - INFO - MainThread - server_logic - [DEBUG] found replica for vector: 3
2025-11-18 17:24:08,091 - INFO - MainThread - server_logic - [DEBUG] found replica for vector: 4
2025-11-18 17:24:08,091 - INFO - MainThread - server_logic - [DEBUG] found replica for vector: 1
2025-11-18 17:24:08,091 - INFO - MainThread - server_logic - [DEBUG] found replica for vector: 2
2025-11-18 17:24:08,091 - INFO - MainThread - server_logic - [DEBUG] found replica for vector: 3
2025-11-18 17:24:08,091 - INFO - MainThread - server_logic - [DEBUG] found replica for vector: 4
2025-11-18 17:24:08,091 - INFO - MainThread - server_logic - [DEBUG] found replica for vector: 1
2025-11-18 17:24:08,091 - INFO - MainThread - server_logic - [DEBUG] found replica for vector: 2
2025-11-18 17:24:08,091 - INFO - MainThread - server_logic - [DEBUG] found replica for vector: 3
2025-11-18 17:24:08,091 - INFO - MainThread - server_logic - [DEBUG] to me replica for vector: 3
2025-11-18 17:24:08,091 - INFO - MainThread - server_logic - [DEBUG] found replica for vector: 1
2025-11-18 17:24:08,091 - INFO - MainThread - server_logic - [DEBUG] found replica for vector: 2
2025-11-18 17:24:08,091 - INFO - MainThread - server_logic - [DEBUG] found replica for vector: 3
2025-11-18 17:24:08,091 - INFO - MainThread - server_logic - [DEBUG] found replica for vector: 4
2025-11-18 17:24:08,091 - INFO - MainThread - server_logic - [DEBUG] found replica for vector: 1
2025-11-18 17:24:08,091 - INFO - MainThread - server_logic - [DEBUG] found replica for vector: 2
2025-11-18 17:24:08,091 - INFO - MainThread - server_logic - [DEBUG] found replica for vector: 3
2025-11-18 17:24:08,091 - INFO - MainThread - server_logic - [DEBUG] found replica for vector: 4
2025-11-18 17:24:08,091 - INFO - MainThread - server_logic - [DEBUG] found replica for vector: 1
2025-11-18 17:24:08,091 - INFO - MainThread - server_logic - [DEBUG] found replica for vector: 2
2025-11-18 17:24:08,091 - INFO - MainThread - server_logic - [DEBUG] found replica for vector: 3
2025-11-18 17:24:08,091 - INFO - MainThread - server_logic - [DEBUG] found replica for vector: 4
2025-11-18 17:24:08,091 - INFO - MainThread - server_logic - [DEBUG] found replica for vector: 1
2025-11-18 17:24:08,091 - INFO - MainThread - server_logic - [DEBUG] found replica for vector: 2
2025-11-18 17:24:08,091 - INFO - MainThread - server_logic - [DEBUG] found replica for vector: 3
2025-11-18 17:24:08,091 - INFO - MainThread - server_logic - [DEBUG] found replica for vector: 4
2025-11-18 17:24:08,091 - INFO - MainThread - server_logic - [DEBUG] found replica for vector: 1
2025-11-18 17:24:08,091 - INFO - MainThread - server_logic - [DEBUG] found replica for vector: 2
2025-11-18 17:24:08,091 - INFO - MainThread - server_logic - [DEBUG] found replica for vector: 3
2025-11-18 17:24:08,091 - INFO - MainThread - server_logic - [DEBUG] found replica for vector: 4
2025-11-18 17:24:08,091 - INFO - MainThread - server_logic - [DEBUG] found replica for vector: 1
2025-11-18 17:24:08,091 - INFO - MainThread - server_logic - [DEBUG] found replica for vector: 2
2025-11-18 17:24:08,091 - INFO - MainThread - server_logic - [DEBUG] found replica for vector: 3
2025-11-18 17:24:08,091 - INFO - MainThread - server_logic - [DEBUG] to me replica for vector: 3
2025-11-18 17:24:08,091 - INFO - MainThread - server_logic - [DEBUG] found replica for vector: 1
2025-11-18 17:24:08,091 - INFO - MainThread - server_logic - [DEBUG] found replica for vector: 2
2025-11-18 17:24:08,091 - INFO - MainThread - server_logic - [DEBUG] found replica for vector: 3
2025-11-18 17:24:08,091 - INFO - MainThread - server_logic - [DEBUG] found replica for vector: 4
2025-11-18 17:24:08,091 - INFO - MainThread - server_logic - [DEBUG] found replica for vector: 1
2025-11-18 17:24:08,091 - INFO - MainThread - server_logic - [DEBUG] found replica for vector: 2
2025-11-18 17:24:08,091 - INFO - MainThread - server_logic - [DEBUG] found replica for vector: 3
2025-11-18 17:24:08,092 - INFO - MainThread - server_logic - [DEBUG] to me replica for vector: 3
2025-11-18 17:24:08,092 - INFO - MainThread - server_logic - [DEBUG] found replica for vector: 1
2025-11-18 17:24:08,092 - INFO - MainThread - server_logic - [DEBUG] found replica for vector: 2
2025-11-18 17:24:08,092 - INFO - MainThread - server_logic - [DEBUG] found replica for vector: 3
2025-11-18 17:24:08,092 - INFO - MainThread - server_logic - [DEBUG] found replica for vector: 4
2025-11-18 17:24:08,092 - INFO - MainThread - server_logic - [DEBUG] found replica for vector: 1
2025-11-18 17:24:08,092 - INFO - MainThread - server_logic - [DEBUG] found replica for vector: 2
2025-11-18 17:24:08,092 - INFO - MainThread - server_logic - [DEBUG] found replica for vector: 3
2025-11-18 17:24:08,092 - INFO - MainThread - server_logic - [DEBUG] found replica for vector: 4
2025-11-18 17:24:08,092 - INFO - MainThread - server_logic - [DEBUG] found replica for vector: 1
2025-11-18 17:24:08,092 - INFO - MainThread - server_logic - [DEBUG] found replica for vector: 2
2025-11-18 17:24:08,092 - INFO - MainThread - server_logic - [DEBUG] found replica for vector: 3
2025-11-18 17:24:08,092 - INFO - MainThread - server_logic - [DEBUG] found replica for vector: 4
2025-11-18 17:24:08,092 - INFO - MainThread - server_logic - [DEBUG] found replica for vector: 1
2025-11-18 17:24:08,092 - INFO - MainThread - server_logic - [DEBUG] found replica for vector: 2
2025-11-18 17:24:08,092 - INFO - MainThread - server_logic - [DEBUG] found replica for vector: 3
2025-11-18 17:24:08,092 - INFO - MainThread - server_logic - [DEBUG] to me replica for vector: 3
2025-11-18 17:24:08,092 - INFO - MainThread - server_logic - [DEBUG] found replica for vector: 1
2025-11-18 17:24:08,092 - INFO - MainThread - server_logic - [DEBUG] found replica for vector: 2
2025-11-18 17:24:08,092 - INFO - MainThread - server_logic - [DEBUG] found replica for vector: 3
2025-11-18 17:24:08,092 - INFO - MainThread - server_logic - [DEBUG] to me replica for vector: 3
2025-11-18 17:24:08,092 - INFO - MainThread - server_logic - [DEBUG] found replica for vector: 1
2025-11-18 17:24:08,092 - INFO - MainThread - server_logic - [DEBUG] found replica for vector: 2
2025-11-18 17:24:08,092 - INFO - MainThread - server_logic - [DEBUG] found replica for vector: 3
2025-11-18 17:24:08,092 - INFO - MainThread - server_logic - [DEBUG] found replica for vector: 4
2025-11-18 17:24:08,092 - INFO - MainThread - server_logic - [DEBUG] found replica for vector: 1
2025-11-18 17:24:08,092 - INFO - MainThread - server_logic - [DEBUG] found replica for vector: 2
2025-11-18 17:24:08,092 - INFO - MainThread - server_logic - [DEBUG] found replica for vector: 3
2025-11-18 17:24:08,092 - INFO - MainThread - server_logic - [DEBUG] to me replica for vector: 3
2025-11-18 17:24:08,092 - INFO - MainThread - server_logic - [DEBUG] found replica for vector: 1
2025-11-18 17:24:08,092 - INFO - MainThread - server_logic - [DEBUG] found replica for vector: 2
2025-11-18 17:24:08,092 - INFO - MainThread - server_logic - [DEBUG] found replica for vector: 3
2025-11-18 17:24:08,092 - INFO - MainThread - server_logic - [DEBUG] found replica for vector: 4
2025-11-18 17:24:08,092 - INFO - MainThread - server_logic - [DEBUG] found replica for vector: 1
2025-11-18 17:24:08,092 - INFO - MainThread - server_logic - [DEBUG] found replica for vector: 2
2025-11-18 17:24:08,092 - INFO - MainThread - server_logic - [DEBUG] found replica for vector: 3
2025-11-18 17:24:08,092 - INFO - MainThread - server_logic - [DEBUG] found replica for vector: 4
2025-11-18 17:24:08,092 - INFO - MainThread - server_logic - [DEBUG] found replica for vector: 1
2025-11-18 17:24:08,092 - INFO - MainThread - server_logic - [DEBUG] found replica for vector: 2
2025-11-18 17:24:08,092 - INFO - MainThread - server_logic - [DEBUG] found replica for vector: 3
2025-11-18 17:24:08,092 - INFO - MainThread - server_logic - [DEBUG] to me replica for vector: 3
2025-11-18 17:24:08,092 - INFO - MainThread - server_logic - [DEBUG] found replica for vector: 1
2025-11-18 17:24:08,092 - INFO - MainThread - server_logic - [DEBUG] found replica for vector: 2
2025-11-18 17:24:08,092 - INFO - MainThread - server_logic - [DEBUG] found replica for vector: 3
2025-11-18 17:24:08,092 - INFO - MainThread - server_logic - [DEBUG] to me replica for vector: 3
2025-11-18 17:24:08,092 - INFO - MainThread - server_logic - [DEBUG] found replica for vector: 1
2025-11-18 17:24:08,092 - INFO - MainThread - server_logic - [DEBUG] found replica for vector: 2
2025-11-18 17:24:08,092 - INFO - MainThread - server_logic - [DEBUG] found replica for vector: 3
2025-11-18 17:24:08,092 - INFO - MainThread - server_logic - [DEBUG] found replica for vector: 4
2025-11-18 17:24:08,092 - INFO - MainThread - server_logic - [DEBUG] found replica for vector: 1
2025-11-18 17:24:08,092 - INFO - MainThread - server_logic - [DEBUG] found replica for vector: 2
2025-11-18 17:24:08,092 - INFO - MainThread - server_logic - [DEBUG] found replica for vector: 3
2025-11-18 17:24:08,092 - INFO - MainThread - server_logic - [DEBUG] to me replica for vector: 3
2025-11-18 17:24:08,092 - INFO - MainThread - server_logic - [DEBUG] found replica for vector: 1
2025-11-18 17:24:08,092 - INFO - MainThread - server_logic - [DEBUG] found replica for vector: 2
2025-11-18 17:24:08,092 - INFO - MainThread - server_logic - [DEBUG] found replica for vector: 3
2025-11-18 17:24:08,092 - INFO - MainThread - server_logic - [DEBUG] found replica for vector: 4
2025-11-18 17:24:08,093 - INFO - MainThread - server_logic - [DEBUG] found replica for vector: 1
2025-11-18 17:24:08,093 - INFO - MainThread - server_logic - [DEBUG] found replica for vector: 2
2025-11-18 17:24:08,093 - INFO - MainThread - server_logic - [DEBUG] found replica for vector: 3
2025-11-18 17:24:08,093 - INFO - MainThread - server_logic - [DEBUG] found replica for vector: 4
2025-11-18 17:24:08,093 - INFO - MainThread - server_logic - [DEBUG] found replica for vector: 1
2025-11-18 17:24:08,093 - INFO - MainThread - server_logic - [DEBUG] found replica for vector: 2
2025-11-18 17:24:08,093 - INFO - MainThread - server_logic - [DEBUG] found replica for vector: 3
2025-11-18 17:24:08,093 - INFO - MainThread - server_logic - [DEBUG] found replica for vector: 4
2025-11-18 17:24:08,093 - INFO - MainThread - server_logic - [DEBUG] found replica for vector: 1
2025-11-18 17:24:08,093 - INFO - MainThread - server_logic - [DEBUG] found replica for vector: 2
2025-11-18 17:24:08,093 - INFO - MainThread - server_logic - [DEBUG] found replica for vector: 3
2025-11-18 17:24:08,093 - INFO - MainThread - server_logic - [DEBUG] found replica for vector: 4
2025-11-18 17:24:08,093 - INFO - MainThread - server_logic - [DEBUG] found replica for vector: 1
2025-11-18 17:24:08,093 - INFO - MainThread - server_logic - [DEBUG] found replica for vector: 2
2025-11-18 17:24:08,093 - INFO - MainThread - server_logic - [DEBUG] found replica for vector: 3
2025-11-18 17:24:08,093 - INFO - MainThread - server_logic - [DEBUG] found replica for vector: 4
2025-11-18 17:24:08,093 - INFO - MainThread - server_logic - [DEBUG] found replica for vector: 1
2025-11-18 17:24:08,093 - INFO - MainThread - server_logic - [DEBUG] found replica for vector: 2
2025-11-18 17:24:08,093 - INFO - MainThread - server_logic - [DEBUG] found replica for vector: 3
2025-11-18 17:24:08,093 - INFO - MainThread - server_logic - [DEBUG] found replica for vector: 4
2025-11-18 17:24:08,093 - INFO - MainThread - server_logic - [DEBUG] found replica for vector: 1
2025-11-18 17:24:08,093 - INFO - MainThread - server_logic - [DEBUG] found replica for vector: 2
2025-11-18 17:24:08,093 - INFO - MainThread - server_logic - [DEBUG] found replica for vector: 3
2025-11-18 17:24:08,093 - INFO - MainThread - server_logic - [DEBUG] found replica for vector: 4
2025-11-18 17:24:08,093 - INFO - MainThread - server_logic - [Router] Distribution: Peer node1: 75, Peer node2: 62, Peer node3: 62, Peer node4: 62, Peer node5: 62, Peer node6: 45, Peer node7: 45, Peer node8: 45, Peer node9: 45, Peer node10: 74, Peer node11: 74, Peer node12: 74, Peer node14: 75, Peer node15: 75, Peer node16: 75, Me (node13): 74
2025-11-18 17:24:08,093 - INFO - MainThread - server_logic - --> [Peer Send] Sending 75 vectors to Peer node1 (localhost:9001) | Status: clustered
2025-11-18 17:24:08,161 - INFO - MainThread - server_logic - --> [Peer Send] Success: Sent vectors to node1
2025-11-18 17:24:08,161 - INFO - MainThread - server_logic - --> [Peer Send] Sending 62 vectors to Peer node2 (localhost:9002) | Status: clustered
2025-11-18 17:24:08,234 - INFO - MainThread - server_logic - --> [Peer Send] Success: Sent vectors to node2
2025-11-18 17:24:08,234 - INFO - MainThread - server_logic - --> [Peer Send] Sending 62 vectors to Peer node3 (localhost:9003) | Status: clustered
2025-11-18 17:24:08,309 - INFO - MainThread - server_logic - --> [Peer Send] Success: Sent vectors to node3
2025-11-18 17:24:08,309 - INFO - MainThread - server_logic - --> [Peer Send] Sending 62 vectors to Peer node4 (localhost:9004) | Status: clustered
2025-11-18 17:24:08,381 - INFO - MainThread - server_logic - --> [Peer Send] Success: Sent vectors to node4
2025-11-18 17:24:08,381 - INFO - MainThread - server_logic - --> [Peer Send] Sending 62 vectors to Peer node5 (localhost:9005) | Status: clustered
2025-11-18 17:24:08,448 - INFO - MainThread - server_logic - --> [Peer Send] Success: Sent vectors to node5
2025-11-18 17:24:08,448 - INFO - MainThread - server_logic - --> [Peer Send] Sending 45 vectors to Peer node6 (localhost:9006) | Status: clustered
2025-11-18 17:24:08,516 - INFO - MainThread - server_logic - --> [Peer Send] Success: Sent vectors to node6
2025-11-18 17:24:08,516 - INFO - MainThread - server_logic - --> [Peer Send] Sending 45 vectors to Peer node7 (localhost:9007) | Status: clustered
2025-11-18 17:24:08,584 - INFO - MainThread - server_logic - --> [Peer Send] Success: Sent vectors to node7
2025-11-18 17:24:08,584 - INFO - MainThread - server_logic - --> [Peer Send] Sending 45 vectors to Peer node8 (localhost:9008) | Status: clustered
2025-11-18 17:24:08,651 - INFO - MainThread - server_logic - --> [Peer Send] Success: Sent vectors to node8
2025-11-18 17:24:08,651 - INFO - MainThread - server_logic - --> [Peer Send] Sending 45 vectors to Peer node9 (localhost:9009) | Status: clustered
2025-11-18 17:24:08,719 - INFO - MainThread - server_logic - --> [Peer Send] Success: Sent vectors to node9
2025-11-18 17:24:08,719 - INFO - MainThread - server_logic - --> [Peer Send] Sending 74 vectors to Peer node10 (localhost:9010) | Status: clustered
2025-11-18 17:24:08,804 - INFO - MainThread - server_logic - --> [Peer Send] Success: Sent vectors to node10
2025-11-18 17:24:08,804 - INFO - MainThread - server_logic - --> [Peer Send] Sending 74 vectors to Peer node11 (localhost:9011) | Status: clustered
2025-11-18 17:24:08,873 - INFO - MainThread - server_logic - --> [Peer Send] Success: Sent vectors to node11
2025-11-18 17:24:08,873 - INFO - MainThread - server_logic - --> [Peer Send] Sending 74 vectors to Peer node12 (localhost:9012) | Status: clustered
2025-11-18 17:24:08,944 - INFO - MainThread - server_logic - --> [Peer Send] Success: Sent vectors to node12
2025-11-18 17:24:08,945 - INFO - MainThread - server_logic - --> [Peer Send] Sending 75 vectors to Peer node14 (localhost:9014) | Status: clustered
2025-11-18 17:24:09,017 - INFO - MainThread - server_logic - --> [Peer Send] Success: Sent vectors to node14
2025-11-18 17:24:09,018 - INFO - MainThread - server_logic - --> [Peer Send] Sending 75 vectors to Peer node15 (localhost:9015) | Status: clustered
2025-11-18 17:24:09,091 - INFO - MainThread - server_logic - --> [Peer Send] Success: Sent vectors to node15
2025-11-18 17:24:09,091 - INFO - MainThread - server_logic - --> [Peer Send] Sending 75 vectors to Peer node16 (localhost:9016) | Status: clustered
2025-11-18 17:24:09,162 - INFO - MainThread - server_logic - --> [Peer Send] Success: Sent vectors to node16
2025-11-18 17:24:09,162 - INFO - MainThread - server_logic - [Add Vectors] Processing 74 vectors. Sender Status: clustered. Current Node Status: clustered
2025-11-18 17:24:09,162 - INFO - MainThread - server_logic - [Add Vectors] Direct Insert: Storing 74 vectors in local Qdrant (Sender is clustered).
2025-11-18 17:24:09,215 - INFO - MainThread - httpx - HTTP Request: GET http://localhost:6357 "HTTP/1.1 200 OK"
2025-11-18 17:24:09,216 - INFO - MainThread - qdrant_module - [Qdrant] Attempting to insert 74 vectors into vectors on http://localhost:6357...
2025-11-18 17:24:09,233 - INFO - MainThread - qdrant_module - [Qdrant] Success: Inserted 74 vectors.
2025-11-18 17:24:09,235 - INFO - MainThread - __main__ - API: /add completed
2025-11-18 17:24:09,235 - INFO - MainThread - uvicorn.access - 127.0.0.1:53537 - "POST /add HTTP/1.1" 200
2025-11-18 17:24:10,463 - INFO - ThreadPoolExecutor-0_0 - grpc_handler - [GRPC IN] ReceiveVectors called. ReqID: 126, Type: clustered, Count: 86
2025-11-18 17:24:10,464 - INFO - ThreadPoolExecutor-0_0 - server_logic - [Add Vectors] Processing 86 vectors. Sender Status: clustered. Current Node Status: clustered
2025-11-18 17:24:10,464 - INFO - ThreadPoolExecutor-0_0 - server_logic - [Add Vectors] Direct Insert: Storing 86 vectors in local Qdrant (Sender is clustered).
2025-11-18 17:24:10,521 - INFO - ThreadPoolExecutor-0_0 - httpx - HTTP Request: GET http://localhost:6357 "HTTP/1.1 200 OK"
2025-11-18 17:24:10,522 - INFO - ThreadPoolExecutor-0_0 - qdrant_module - [Qdrant] Attempting to insert 86 vectors into vectors on http://localhost:6357...
2025-11-18 17:24:10,548 - INFO - ThreadPoolExecutor-0_0 - qdrant_module - [Qdrant] Success: Inserted 86 vectors.
2025-11-18 17:24:10,549 - INFO - ThreadPoolExecutor-0_0 - grpc_handler - [GRPC IN] ReceiveVectors processed successfully.
2025-11-18 17:24:11,668 - INFO - ThreadPoolExecutor-0_0 - grpc_handler - [GRPC IN] ReceiveVectors called. ReqID: 127, Type: clustered, Count: 84
2025-11-18 17:24:11,669 - INFO - ThreadPoolExecutor-0_0 - server_logic - [Add Vectors] Processing 84 vectors. Sender Status: clustered. Current Node Status: clustered
2025-11-18 17:24:11,669 - INFO - ThreadPoolExecutor-0_0 - server_logic - [Add Vectors] Direct Insert: Storing 84 vectors in local Qdrant (Sender is clustered).
2025-11-18 17:24:11,699 - INFO - ThreadPoolExecutor-0_0 - httpx - HTTP Request: GET http://localhost:6357 "HTTP/1.1 200 OK"
2025-11-18 17:24:11,699 - INFO - ThreadPoolExecutor-0_0 - qdrant_module - [Qdrant] Attempting to insert 84 vectors into vectors on http://localhost:6357...
2025-11-18 17:24:11,711 - INFO - ThreadPoolExecutor-0_0 - qdrant_module - [Qdrant] Success: Inserted 84 vectors.
2025-11-18 17:24:11,712 - INFO - ThreadPoolExecutor-0_0 - grpc_handler - [GRPC IN] ReceiveVectors processed successfully.
2025-11-18 17:24:12,434 - INFO - ThreadPoolExecutor-0_0 - grpc_handler - [GRPC IN] ReceiveVectors called. ReqID: 128, Type: clustered, Count: 73
2025-11-18 17:24:12,435 - INFO - ThreadPoolExecutor-0_0 - server_logic - [Add Vectors] Processing 73 vectors. Sender Status: clustered. Current Node Status: clustered
2025-11-18 17:24:12,435 - INFO - ThreadPoolExecutor-0_0 - server_logic - [Add Vectors] Direct Insert: Storing 73 vectors in local Qdrant (Sender is clustered).
2025-11-18 17:24:12,466 - INFO - ThreadPoolExecutor-0_0 - httpx - HTTP Request: GET http://localhost:6357 "HTTP/1.1 200 OK"
2025-11-18 17:24:12,466 - INFO - ThreadPoolExecutor-0_0 - qdrant_module - [Qdrant] Attempting to insert 73 vectors into vectors on http://localhost:6357...
2025-11-18 17:24:12,484 - INFO - ThreadPoolExecutor-0_0 - qdrant_module - [Qdrant] Success: Inserted 73 vectors.
2025-11-18 17:24:12,485 - INFO - ThreadPoolExecutor-0_0 - grpc_handler - [GRPC IN] ReceiveVectors processed successfully.
2025-11-18 17:24:13,195 - INFO - ThreadPoolExecutor-0_0 - grpc_handler - [GRPC IN] ReceiveVectors called. ReqID: 129, Type: clustered, Count: 67
2025-11-18 17:24:13,195 - INFO - ThreadPoolExecutor-0_0 - server_logic - [Add Vectors] Processing 67 vectors. Sender Status: clustered. Current Node Status: clustered
2025-11-18 17:24:13,195 - INFO - ThreadPoolExecutor-0_0 - server_logic - [Add Vectors] Direct Insert: Storing 67 vectors in local Qdrant (Sender is clustered).
2025-11-18 17:24:13,225 - INFO - ThreadPoolExecutor-0_0 - httpx - HTTP Request: GET http://localhost:6357 "HTTP/1.1 200 OK"
2025-11-18 17:24:13,225 - INFO - ThreadPoolExecutor-0_0 - qdrant_module - [Qdrant] Attempting to insert 67 vectors into vectors on http://localhost:6357...
2025-11-18 17:24:13,234 - INFO - ThreadPoolExecutor-0_0 - qdrant_module - [Qdrant] Success: Inserted 67 vectors.
2025-11-18 17:24:13,234 - INFO - ThreadPoolExecutor-0_0 - grpc_handler - [GRPC IN] ReceiveVectors processed successfully.
2025-11-18 17:24:14,042 - INFO - ThreadPoolExecutor-0_0 - grpc_handler - [GRPC IN] ReceiveVectors called. ReqID: 130, Type: clustered, Count: 82
2025-11-18 17:24:14,042 - INFO - ThreadPoolExecutor-0_0 - server_logic - [Add Vectors] Processing 82 vectors. Sender Status: clustered. Current Node Status: clustered
2025-11-18 17:24:14,042 - INFO - ThreadPoolExecutor-0_0 - server_logic - [Add Vectors] Direct Insert: Storing 82 vectors in local Qdrant (Sender is clustered).
2025-11-18 17:24:14,073 - INFO - ThreadPoolExecutor-0_0 - httpx - HTTP Request: GET http://localhost:6357 "HTTP/1.1 200 OK"
2025-11-18 17:24:14,073 - INFO - ThreadPoolExecutor-0_0 - qdrant_module - [Qdrant] Attempting to insert 82 vectors into vectors on http://localhost:6357...
2025-11-18 17:24:14,086 - INFO - ThreadPoolExecutor-0_0 - qdrant_module - [Qdrant] Success: Inserted 82 vectors.
2025-11-18 17:24:14,086 - INFO - ThreadPoolExecutor-0_0 - grpc_handler - [GRPC IN] ReceiveVectors processed successfully.
2025-11-18 17:24:14,879 - INFO - ThreadPoolExecutor-0_0 - grpc_handler - [GRPC IN] ReceiveVectors called. ReqID: 131, Type: clustered, Count: 86
2025-11-18 17:24:14,880 - INFO - ThreadPoolExecutor-0_0 - server_logic - [Add Vectors] Processing 86 vectors. Sender Status: clustered. Current Node Status: clustered
2025-11-18 17:24:14,880 - INFO - ThreadPoolExecutor-0_0 - server_logic - [Add Vectors] Direct Insert: Storing 86 vectors in local Qdrant (Sender is clustered).
2025-11-18 17:24:14,910 - INFO - ThreadPoolExecutor-0_0 - httpx - HTTP Request: GET http://localhost:6357 "HTTP/1.1 200 OK"
2025-11-18 17:24:14,910 - INFO - ThreadPoolExecutor-0_0 - qdrant_module - [Qdrant] Attempting to insert 86 vectors into vectors on http://localhost:6357...
2025-11-18 17:24:14,924 - INFO - ThreadPoolExecutor-0_0 - qdrant_module - [Qdrant] Success: Inserted 86 vectors.
2025-11-18 17:24:14,924 - INFO - ThreadPoolExecutor-0_0 - grpc_handler - [GRPC IN] ReceiveVectors processed successfully.
2025-11-18 17:24:15,654 - INFO - ThreadPoolExecutor-0_0 - grpc_handler - [GRPC IN] ReceiveVectors called. ReqID: 132, Type: clustered, Count: 78
2025-11-18 17:24:15,654 - INFO - ThreadPoolExecutor-0_0 - server_logic - [Add Vectors] Processing 78 vectors. Sender Status: clustered. Current Node Status: clustered
2025-11-18 17:24:15,654 - INFO - ThreadPoolExecutor-0_0 - server_logic - [Add Vectors] Direct Insert: Storing 78 vectors in local Qdrant (Sender is clustered).
2025-11-18 17:24:15,685 - INFO - ThreadPoolExecutor-0_0 - httpx - HTTP Request: GET http://localhost:6357 "HTTP/1.1 200 OK"
2025-11-18 17:24:15,685 - INFO - ThreadPoolExecutor-0_0 - qdrant_module - [Qdrant] Attempting to insert 78 vectors into vectors on http://localhost:6357...
2025-11-18 17:24:15,696 - INFO - ThreadPoolExecutor-0_0 - qdrant_module - [Qdrant] Success: Inserted 78 vectors.
2025-11-18 17:24:15,696 - INFO - ThreadPoolExecutor-0_0 - grpc_handler - [GRPC IN] ReceiveVectors processed successfully.
2025-11-18 17:24:16,425 - INFO - ThreadPoolExecutor-0_0 - grpc_handler - [GRPC IN] ReceiveVectors called. ReqID: 133, Type: clustered, Count: 87
2025-11-18 17:24:16,426 - INFO - ThreadPoolExecutor-0_0 - server_logic - [Add Vectors] Processing 87 vectors. Sender Status: clustered. Current Node Status: clustered
2025-11-18 17:24:16,426 - INFO - ThreadPoolExecutor-0_0 - server_logic - [Add Vectors] Direct Insert: Storing 87 vectors in local Qdrant (Sender is clustered).
2025-11-18 17:24:16,458 - INFO - ThreadPoolExecutor-0_0 - httpx - HTTP Request: GET http://localhost:6357 "HTTP/1.1 200 OK"
2025-11-18 17:24:16,458 - INFO - ThreadPoolExecutor-0_0 - qdrant_module - [Qdrant] Attempting to insert 87 vectors into vectors on http://localhost:6357...
2025-11-18 17:24:16,469 - INFO - ThreadPoolExecutor-0_0 - qdrant_module - [Qdrant] Success: Inserted 87 vectors.
2025-11-18 17:24:16,470 - INFO - ThreadPoolExecutor-0_0 - grpc_handler - [GRPC IN] ReceiveVectors processed successfully.
2025-11-18 17:24:17,576 - INFO - ThreadPoolExecutor-0_0 - grpc_handler - [GRPC IN] ReceiveVectors called. ReqID: 134, Type: clustered, Count: 74
2025-11-18 17:24:17,577 - INFO - ThreadPoolExecutor-0_0 - server_logic - [Add Vectors] Processing 74 vectors. Sender Status: clustered. Current Node Status: clustered
2025-11-18 17:24:17,577 - INFO - ThreadPoolExecutor-0_0 - server_logic - [Add Vectors] Direct Insert: Storing 74 vectors in local Qdrant (Sender is clustered).
2025-11-18 17:24:17,629 - INFO - ThreadPoolExecutor-0_0 - httpx - HTTP Request: GET http://localhost:6357 "HTTP/1.1 200 OK"
2025-11-18 17:24:17,629 - INFO - ThreadPoolExecutor-0_0 - qdrant_module - [Qdrant] Attempting to insert 74 vectors into vectors on http://localhost:6357...
2025-11-18 17:24:17,643 - INFO - ThreadPoolExecutor-0_0 - qdrant_module - [Qdrant] Success: Inserted 74 vectors.
2025-11-18 17:24:17,645 - INFO - ThreadPoolExecutor-0_0 - grpc_handler - [GRPC IN] ReceiveVectors processed successfully.
2025-11-18 17:24:18,809 - INFO - ThreadPoolExecutor-0_0 - grpc_handler - [GRPC IN] ReceiveVectors called. ReqID: 135, Type: clustered, Count: 85
2025-11-18 17:24:18,810 - INFO - ThreadPoolExecutor-0_0 - server_logic - [Add Vectors] Processing 85 vectors. Sender Status: clustered. Current Node Status: clustered
2025-11-18 17:24:18,810 - INFO - ThreadPoolExecutor-0_0 - server_logic - [Add Vectors] Direct Insert: Storing 85 vectors in local Qdrant (Sender is clustered).
2025-11-18 17:24:18,862 - INFO - ThreadPoolExecutor-0_0 - httpx - HTTP Request: GET http://localhost:6357 "HTTP/1.1 200 OK"
2025-11-18 17:24:18,862 - INFO - ThreadPoolExecutor-0_0 - qdrant_module - [Qdrant] Attempting to insert 85 vectors into vectors on http://localhost:6357...
2025-11-18 17:24:18,874 - INFO - ThreadPoolExecutor-0_0 - qdrant_module - [Qdrant] Success: Inserted 85 vectors.
2025-11-18 17:24:18,875 - INFO - ThreadPoolExecutor-0_0 - grpc_handler - [GRPC IN] ReceiveVectors processed successfully.
2025-11-18 17:24:20,152 - INFO - ThreadPoolExecutor-0_0 - grpc_handler - [GRPC IN] ReceiveVectors called. ReqID: 136, Type: clustered, Count: 80
2025-11-18 17:24:20,153 - INFO - ThreadPoolExecutor-0_0 - server_logic - [Add Vectors] Processing 80 vectors. Sender Status: clustered. Current Node Status: clustered
2025-11-18 17:24:20,153 - INFO - ThreadPoolExecutor-0_0 - server_logic - [Add Vectors] Direct Insert: Storing 80 vectors in local Qdrant (Sender is clustered).
2025-11-18 17:24:20,206 - INFO - ThreadPoolExecutor-0_0 - httpx - HTTP Request: GET http://localhost:6357 "HTTP/1.1 200 OK"
2025-11-18 17:24:20,206 - INFO - ThreadPoolExecutor-0_0 - qdrant_module - [Qdrant] Attempting to insert 80 vectors into vectors on http://localhost:6357...
2025-11-18 17:24:20,219 - INFO - ThreadPoolExecutor-0_0 - qdrant_module - [Qdrant] Success: Inserted 80 vectors.
2025-11-18 17:24:20,220 - INFO - ThreadPoolExecutor-0_0 - grpc_handler - [GRPC IN] ReceiveVectors processed successfully.
2025-11-18 17:24:21,400 - INFO - ThreadPoolExecutor-0_0 - grpc_handler - [GRPC IN] ReceiveVectors called. ReqID: 137, Type: clustered, Count: 72
2025-11-18 17:24:21,401 - INFO - ThreadPoolExecutor-0_0 - server_logic - [Add Vectors] Processing 72 vectors. Sender Status: clustered. Current Node Status: clustered
2025-11-18 17:24:21,401 - INFO - ThreadPoolExecutor-0_0 - server_logic - [Add Vectors] Direct Insert: Storing 72 vectors in local Qdrant (Sender is clustered).
2025-11-18 17:24:21,456 - INFO - ThreadPoolExecutor-0_0 - httpx - HTTP Request: GET http://localhost:6357 "HTTP/1.1 200 OK"
2025-11-18 17:24:21,456 - INFO - ThreadPoolExecutor-0_0 - qdrant_module - [Qdrant] Attempting to insert 72 vectors into vectors on http://localhost:6357...
2025-11-18 17:24:21,470 - INFO - ThreadPoolExecutor-0_0 - qdrant_module - [Qdrant] Success: Inserted 72 vectors.
2025-11-18 17:24:21,471 - INFO - ThreadPoolExecutor-0_0 - grpc_handler - [GRPC IN] ReceiveVectors processed successfully.
2025-11-18 17:24:22,610 - INFO - ThreadPoolExecutor-0_0 - grpc_handler - [GRPC IN] ReceiveVectors called. ReqID: 138, Type: clustered, Count: 66
2025-11-18 17:24:22,611 - INFO - ThreadPoolExecutor-0_0 - server_logic - [Add Vectors] Processing 66 vectors. Sender Status: clustered. Current Node Status: clustered
2025-11-18 17:24:22,611 - INFO - ThreadPoolExecutor-0_0 - server_logic - [Add Vectors] Direct Insert: Storing 66 vectors in local Qdrant (Sender is clustered).
2025-11-18 17:24:22,664 - INFO - ThreadPoolExecutor-0_0 - httpx - HTTP Request: GET http://localhost:6357 "HTTP/1.1 200 OK"
2025-11-18 17:24:22,664 - INFO - ThreadPoolExecutor-0_0 - qdrant_module - [Qdrant] Attempting to insert 66 vectors into vectors on http://localhost:6357...
2025-11-18 17:24:22,676 - INFO - ThreadPoolExecutor-0_0 - qdrant_module - [Qdrant] Success: Inserted 66 vectors.
2025-11-18 17:24:22,678 - INFO - ThreadPoolExecutor-0_0 - grpc_handler - [GRPC IN] ReceiveVectors processed successfully.
2025-11-18 17:24:23,812 - INFO - ThreadPoolExecutor-0_0 - grpc_handler - [GRPC IN] ReceiveVectors called. ReqID: 139, Type: clustered, Count: 87
2025-11-18 17:24:23,813 - INFO - ThreadPoolExecutor-0_0 - server_logic - [Add Vectors] Processing 87 vectors. Sender Status: clustered. Current Node Status: clustered
2025-11-18 17:24:23,813 - INFO - ThreadPoolExecutor-0_0 - server_logic - [Add Vectors] Direct Insert: Storing 87 vectors in local Qdrant (Sender is clustered).
2025-11-18 17:24:23,865 - INFO - ThreadPoolExecutor-0_0 - httpx - HTTP Request: GET http://localhost:6357 "HTTP/1.1 200 OK"
2025-11-18 17:24:23,865 - INFO - ThreadPoolExecutor-0_0 - qdrant_module - [Qdrant] Attempting to insert 87 vectors into vectors on http://localhost:6357...
2025-11-18 17:24:23,903 - INFO - ThreadPoolExecutor-0_0 - qdrant_module - [Qdrant] Success: Inserted 87 vectors.
2025-11-18 17:24:23,906 - INFO - ThreadPoolExecutor-0_0 - grpc_handler - [GRPC IN] ReceiveVectors processed successfully.
2025-11-18 17:24:25,028 - INFO - ThreadPoolExecutor-0_0 - grpc_handler - [GRPC IN] ReceiveVectors called. ReqID: 140, Type: clustered, Count: 83
2025-11-18 17:24:25,029 - INFO - ThreadPoolExecutor-0_0 - server_logic - [Add Vectors] Processing 83 vectors. Sender Status: clustered. Current Node Status: clustered
2025-11-18 17:24:25,029 - INFO - ThreadPoolExecutor-0_0 - server_logic - [Add Vectors] Direct Insert: Storing 83 vectors in local Qdrant (Sender is clustered).
2025-11-18 17:24:25,081 - INFO - ThreadPoolExecutor-0_0 - httpx - HTTP Request: GET http://localhost:6357 "HTTP/1.1 200 OK"
2025-11-18 17:24:25,082 - INFO - ThreadPoolExecutor-0_0 - qdrant_module - [Qdrant] Attempting to insert 83 vectors into vectors on http://localhost:6357...
2025-11-18 17:24:25,096 - INFO - ThreadPoolExecutor-0_0 - qdrant_module - [Qdrant] Success: Inserted 83 vectors.
2025-11-18 17:24:25,097 - INFO - ThreadPoolExecutor-0_0 - grpc_handler - [GRPC IN] ReceiveVectors processed successfully.
2025-11-18 17:24:25,443 - INFO - MainThread - __main__ - API: /add called. ReqID: 141, Vectors: 256
2025-11-18 17:24:25,443 - INFO - MainThread - server_logic - [Client Request] Client wants to add 256 vectors. My Status: clustered
2025-11-18 17:24:25,443 - INFO - MainThread - server_logic - [Client Request] System Clustered. Routing vectors to appropriate peers.
2025-11-18 17:24:25,443 - INFO - MainThread - server_logic - [Router] Routing 256 vectors among 16 nodes (Replicas: 4).
2025-11-18 17:24:25,443 - INFO - MainThread - server_logic - [DEBUG] found replica for vector: 1
2025-11-18 17:24:25,443 - INFO - MainThread - server_logic - [DEBUG] found replica for vector: 2
2025-11-18 17:24:25,443 - INFO - MainThread - server_logic - [DEBUG] found replica for vector: 3
2025-11-18 17:24:25,443 - INFO - MainThread - server_logic - [DEBUG] to me replica for vector: 3
2025-11-18 17:24:25,443 - INFO - MainThread - server_logic - [DEBUG] found replica for vector: 1
2025-11-18 17:24:25,444 - INFO - MainThread - server_logic - [DEBUG] found replica for vector: 2
2025-11-18 17:24:25,444 - INFO - MainThread - server_logic - [DEBUG] found replica for vector: 3
2025-11-18 17:24:25,444 - INFO - MainThread - server_logic - [DEBUG] found replica for vector: 4
2025-11-18 17:24:25,444 - INFO - MainThread - server_logic - [DEBUG] found replica for vector: 1
2025-11-18 17:24:25,444 - INFO - MainThread - server_logic - [DEBUG] found replica for vector: 2
2025-11-18 17:24:25,444 - INFO - MainThread - server_logic - [DEBUG] found replica for vector: 3
2025-11-18 17:24:25,444 - INFO - MainThread - server_logic - [DEBUG] found replica for vector: 4
2025-11-18 17:24:25,444 - INFO - MainThread - server_logic - [DEBUG] found replica for vector: 1
2025-11-18 17:24:25,444 - INFO - MainThread - server_logic - [DEBUG] found replica for vector: 2
2025-11-18 17:24:25,444 - INFO - MainThread - server_logic - [DEBUG] found replica for vector: 3
2025-11-18 17:24:25,444 - INFO - MainThread - server_logic - [DEBUG] found replica for vector: 4
2025-11-18 17:24:25,444 - INFO - MainThread - server_logic - [DEBUG] found replica for vector: 1
2025-11-18 17:24:25,444 - INFO - MainThread - server_logic - [DEBUG] found replica for vector: 2
2025-11-18 17:24:25,444 - INFO - MainThread - server_logic - [DEBUG] found replica for vector: 3
2025-11-18 17:24:25,444 - INFO - MainThread - server_logic - [DEBUG] found replica for vector: 4
2025-11-18 17:24:25,444 - INFO - MainThread - server_logic - [DEBUG] found replica for vector: 1
2025-11-18 17:24:25,444 - INFO - MainThread - server_logic - [DEBUG] found replica for vector: 2
2025-11-18 17:24:25,444 - INFO - MainThread - server_logic - [DEBUG] found replica for vector: 3
2025-11-18 17:24:25,444 - INFO - MainThread - server_logic - [DEBUG] found replica for vector: 4
2025-11-18 17:24:25,444 - INFO - MainThread - server_logic - [DEBUG] found replica for vector: 1
2025-11-18 17:24:25,444 - INFO - MainThread - server_logic - [DEBUG] found replica for vector: 2
2025-11-18 17:24:25,444 - INFO - MainThread - server_logic - [DEBUG] found replica for vector: 3
2025-11-18 17:24:25,444 - INFO - MainThread - server_logic - [DEBUG] to me replica for vector: 3
2025-11-18 17:24:25,444 - INFO - MainThread - server_logic - [DEBUG] found replica for vector: 1
2025-11-18 17:24:25,444 - INFO - MainThread - server_logic - [DEBUG] found replica for vector: 2
2025-11-18 17:24:25,444 - INFO - MainThread - server_logic - [DEBUG] found replica for vector: 3
2025-11-18 17:24:25,444 - INFO - MainThread - server_logic - [DEBUG] to me replica for vector: 3
2025-11-18 17:24:25,444 - INFO - MainThread - server_logic - [DEBUG] found replica for vector: 1
2025-11-18 17:24:25,444 - INFO - MainThread - server_logic - [DEBUG] found replica for vector: 2
2025-11-18 17:24:25,444 - INFO - MainThread - server_logic - [DEBUG] found replica for vector: 3
2025-11-18 17:24:25,444 - INFO - MainThread - server_logic - [DEBUG] to me replica for vector: 3
2025-11-18 17:24:25,444 - INFO - MainThread - server_logic - [DEBUG] found replica for vector: 1
2025-11-18 17:24:25,444 - INFO - MainThread - server_logic - [DEBUG] found replica for vector: 2
2025-11-18 17:24:25,444 - INFO - MainThread - server_logic - [DEBUG] found replica for vector: 3
2025-11-18 17:24:25,444 - INFO - MainThread - server_logic - [DEBUG] found replica for vector: 4
2025-11-18 17:24:25,444 - INFO - MainThread - server_logic - [DEBUG] found replica for vector: 1
2025-11-18 17:24:25,444 - INFO - MainThread - server_logic - [DEBUG] found replica for vector: 2
2025-11-18 17:24:25,444 - INFO - MainThread - server_logic - [DEBUG] found replica for vector: 3
2025-11-18 17:24:25,444 - INFO - MainThread - server_logic - [DEBUG] found replica for vector: 4
2025-11-18 17:24:25,444 - INFO - MainThread - server_logic - [DEBUG] found replica for vector: 1
2025-11-18 17:24:25,444 - INFO - MainThread - server_logic - [DEBUG] found replica for vector: 2
2025-11-18 17:24:25,444 - INFO - MainThread - server_logic - [DEBUG] found replica for vector: 3
2025-11-18 17:24:25,444 - INFO - MainThread - server_logic - [DEBUG] found replica for vector: 4
2025-11-18 17:24:25,444 - INFO - MainThread - server_logic - [DEBUG] found replica for vector: 1
2025-11-18 17:24:25,444 - INFO - MainThread - server_logic - [DEBUG] found replica for vector: 2
2025-11-18 17:24:25,444 - INFO - MainThread - server_logic - [DEBUG] found replica for vector: 3
2025-11-18 17:24:25,444 - INFO - MainThread - server_logic - [DEBUG] found replica for vector: 4
2025-11-18 17:24:25,444 - INFO - MainThread - server_logic - [DEBUG] found replica for vector: 1
2025-11-18 17:24:25,444 - INFO - MainThread - server_logic - [DEBUG] found replica for vector: 2
2025-11-18 17:24:25,444 - INFO - MainThread - server_logic - [DEBUG] found replica for vector: 3
2025-11-18 17:24:25,444 - INFO - MainThread - server_logic - [DEBUG] found replica for vector: 4
2025-11-18 17:24:25,444 - INFO - MainThread - server_logic - [DEBUG] found replica for vector: 1
2025-11-18 17:24:25,444 - INFO - MainThread - server_logic - [DEBUG] found replica for vector: 2
2025-11-18 17:24:25,444 - INFO - MainThread - server_logic - [DEBUG] found replica for vector: 3
2025-11-18 17:24:25,445 - INFO - MainThread - server_logic - [DEBUG] to me replica for vector: 3
2025-11-18 17:24:25,445 - INFO - MainThread - server_logic - [DEBUG] found replica for vector: 1
2025-11-18 17:24:25,445 - INFO - MainThread - server_logic - [DEBUG] found replica for vector: 2
2025-11-18 17:24:25,445 - INFO - MainThread - server_logic - [DEBUG] found replica for vector: 3
2025-11-18 17:24:25,445 - INFO - MainThread - server_logic - [DEBUG] to me replica for vector: 3
2025-11-18 17:24:25,445 - INFO - MainThread - server_logic - [DEBUG] found replica for vector: 1
2025-11-18 17:24:25,445 - INFO - MainThread - server_logic - [DEBUG] found replica for vector: 2
2025-11-18 17:24:25,445 - INFO - MainThread - server_logic - [DEBUG] found replica for vector: 3
2025-11-18 17:24:25,445 - INFO - MainThread - server_logic - [DEBUG] found replica for vector: 4
2025-11-18 17:24:25,445 - INFO - MainThread - server_logic - [DEBUG] found replica for vector: 1
2025-11-18 17:24:25,445 - INFO - MainThread - server_logic - [DEBUG] found replica for vector: 2
2025-11-18 17:24:25,445 - INFO - MainThread - server_logic - [DEBUG] found replica for vector: 3
2025-11-18 17:24:25,445 - INFO - MainThread - server_logic - [DEBUG] found replica for vector: 4
2025-11-18 17:24:25,445 - INFO - MainThread - server_logic - [DEBUG] found replica for vector: 1
2025-11-18 17:24:25,445 - INFO - MainThread - server_logic - [DEBUG] found replica for vector: 2
2025-11-18 17:24:25,445 - INFO - MainThread - server_logic - [DEBUG] found replica for vector: 3
2025-11-18 17:24:25,445 - INFO - MainThread - server_logic - [DEBUG] found replica for vector: 4
2025-11-18 17:24:25,445 - INFO - MainThread - server_logic - [DEBUG] found replica for vector: 1
2025-11-18 17:24:25,445 - INFO - MainThread - server_logic - [DEBUG] found replica for vector: 2
2025-11-18 17:24:25,445 - INFO - MainThread - server_logic - [DEBUG] found replica for vector: 3
2025-11-18 17:24:25,445 - INFO - MainThread - server_logic - [DEBUG] found replica for vector: 4
2025-11-18 17:24:25,445 - INFO - MainThread - server_logic - [DEBUG] found replica for vector: 1
2025-11-18 17:24:25,445 - INFO - MainThread - server_logic - [DEBUG] found replica for vector: 2
2025-11-18 17:24:25,445 - INFO - MainThread - server_logic - [DEBUG] found replica for vector: 3
2025-11-18 17:24:25,445 - INFO - MainThread - server_logic - [DEBUG] found replica for vector: 4
2025-11-18 17:24:25,445 - INFO - MainThread - server_logic - [DEBUG] found replica for vector: 1
2025-11-18 17:24:25,445 - INFO - MainThread - server_logic - [DEBUG] found replica for vector: 2
2025-11-18 17:24:25,445 - INFO - MainThread - server_logic - [DEBUG] found replica for vector: 3
2025-11-18 17:24:25,445 - INFO - MainThread - server_logic - [DEBUG] to me replica for vector: 3
2025-11-18 17:24:25,445 - INFO - MainThread - server_logic - [DEBUG] found replica for vector: 1
2025-11-18 17:24:25,445 - INFO - MainThread - server_logic - [DEBUG] found replica for vector: 2
2025-11-18 17:24:25,445 - INFO - MainThread - server_logic - [DEBUG] found replica for vector: 3
2025-11-18 17:24:25,445 - INFO - MainThread - server_logic - [DEBUG] found replica for vector: 4
2025-11-18 17:24:25,445 - INFO - MainThread - server_logic - [DEBUG] found replica for vector: 1
2025-11-18 17:24:25,445 - INFO - MainThread - server_logic - [DEBUG] found replica for vector: 2
2025-11-18 17:24:25,445 - INFO - MainThread - server_logic - [DEBUG] found replica for vector: 3
2025-11-18 17:24:25,445 - INFO - MainThread - server_logic - [DEBUG] found replica for vector: 4
2025-11-18 17:24:25,445 - INFO - MainThread - server_logic - [DEBUG] found replica for vector: 1
2025-11-18 17:24:25,445 - INFO - MainThread - server_logic - [DEBUG] found replica for vector: 2
2025-11-18 17:24:25,445 - INFO - MainThread - server_logic - [DEBUG] found replica for vector: 3
2025-11-18 17:24:25,445 - INFO - MainThread - server_logic - [DEBUG] found replica for vector: 4
2025-11-18 17:24:25,445 - INFO - MainThread - server_logic - [DEBUG] found replica for vector: 1
2025-11-18 17:24:25,445 - INFO - MainThread - server_logic - [DEBUG] found replica for vector: 2
2025-11-18 17:24:25,445 - INFO - MainThread - server_logic - [DEBUG] found replica for vector: 3
2025-11-18 17:24:25,445 - INFO - MainThread - server_logic - [DEBUG] found replica for vector: 4
2025-11-18 17:24:25,445 - INFO - MainThread - server_logic - [DEBUG] found replica for vector: 1
2025-11-18 17:24:25,445 - INFO - MainThread - server_logic - [DEBUG] found replica for vector: 2
2025-11-18 17:24:25,445 - INFO - MainThread - server_logic - [DEBUG] found replica for vector: 3
2025-11-18 17:24:25,445 - INFO - MainThread - server_logic - [DEBUG] found replica for vector: 4
2025-11-18 17:24:25,445 - INFO - MainThread - server_logic - [DEBUG] found replica for vector: 1
2025-11-18 17:24:25,445 - INFO - MainThread - server_logic - [DEBUG] found replica for vector: 2
2025-11-18 17:24:25,445 - INFO - MainThread - server_logic - [DEBUG] found replica for vector: 3
2025-11-18 17:24:25,445 - INFO - MainThread - server_logic - [DEBUG] found replica for vector: 4
2025-11-18 17:24:25,446 - INFO - MainThread - server_logic - [DEBUG] found replica for vector: 1
2025-11-18 17:24:25,446 - INFO - MainThread - server_logic - [DEBUG] found replica for vector: 2
2025-11-18 17:24:25,446 - INFO - MainThread - server_logic - [DEBUG] found replica for vector: 3
2025-11-18 17:24:25,446 - INFO - MainThread - server_logic - [DEBUG] found replica for vector: 4
2025-11-18 17:24:25,446 - INFO - MainThread - server_logic - [DEBUG] found replica for vector: 1
2025-11-18 17:24:25,446 - INFO - MainThread - server_logic - [DEBUG] found replica for vector: 2
2025-11-18 17:24:25,446 - INFO - MainThread - server_logic - [DEBUG] found replica for vector: 3
2025-11-18 17:24:25,446 - INFO - MainThread - server_logic - [DEBUG] to me replica for vector: 3
2025-11-18 17:24:25,446 - INFO - MainThread - server_logic - [DEBUG] found replica for vector: 1
2025-11-18 17:24:25,446 - INFO - MainThread - server_logic - [DEBUG] found replica for vector: 2
2025-11-18 17:24:25,446 - INFO - MainThread - server_logic - [DEBUG] found replica for vector: 3
2025-11-18 17:24:25,446 - INFO - MainThread - server_logic - [DEBUG] found replica for vector: 4
2025-11-18 17:24:25,446 - INFO - MainThread - server_logic - [DEBUG] found replica for vector: 1
2025-11-18 17:24:25,446 - INFO - MainThread - server_logic - [DEBUG] found replica for vector: 2
2025-11-18 17:24:25,446 - INFO - MainThread - server_logic - [DEBUG] found replica for vector: 3
2025-11-18 17:24:25,446 - INFO - MainThread - server_logic - [DEBUG] found replica for vector: 4
2025-11-18 17:24:25,446 - INFO - MainThread - server_logic - [DEBUG] found replica for vector: 1
2025-11-18 17:24:25,446 - INFO - MainThread - server_logic - [DEBUG] found replica for vector: 2
2025-11-18 17:24:25,446 - INFO - MainThread - server_logic - [DEBUG] found replica for vector: 3
2025-11-18 17:24:25,446 - INFO - MainThread - server_logic - [DEBUG] to me replica for vector: 3
2025-11-18 17:24:25,446 - INFO - MainThread - server_logic - [DEBUG] found replica for vector: 1
2025-11-18 17:24:25,446 - INFO - MainThread - server_logic - [DEBUG] found replica for vector: 2
2025-11-18 17:24:25,446 - INFO - MainThread - server_logic - [DEBUG] found replica for vector: 3
2025-11-18 17:24:25,446 - INFO - MainThread - server_logic - [DEBUG] found replica for vector: 4
2025-11-18 17:24:25,446 - INFO - MainThread - server_logic - [DEBUG] found replica for vector: 1
2025-11-18 17:24:25,446 - INFO - MainThread - server_logic - [DEBUG] found replica for vector: 2
2025-11-18 17:24:25,446 - INFO - MainThread - server_logic - [DEBUG] found replica for vector: 3
2025-11-18 17:24:25,446 - INFO - MainThread - server_logic - [DEBUG] to me replica for vector: 3
2025-11-18 17:24:25,446 - INFO - MainThread - server_logic - [DEBUG] found replica for vector: 1
2025-11-18 17:24:25,446 - INFO - MainThread - server_logic - [DEBUG] found replica for vector: 2
2025-11-18 17:24:25,446 - INFO - MainThread - server_logic - [DEBUG] found replica for vector: 3
2025-11-18 17:24:25,446 - INFO - MainThread - server_logic - [DEBUG] to me replica for vector: 3
2025-11-18 17:24:25,446 - INFO - MainThread - server_logic - [DEBUG] found replica for vector: 1
2025-11-18 17:24:25,446 - INFO - MainThread - server_logic - [DEBUG] found replica for vector: 2
2025-11-18 17:24:25,446 - INFO - MainThread - server_logic - [DEBUG] found replica for vector: 3
2025-11-18 17:24:25,446 - INFO - MainThread - server_logic - [DEBUG] found replica for vector: 4
2025-11-18 17:24:25,446 - INFO - MainThread - server_logic - [DEBUG] found replica for vector: 1
2025-11-18 17:24:25,446 - INFO - MainThread - server_logic - [DEBUG] found replica for vector: 2
2025-11-18 17:24:25,446 - INFO - MainThread - server_logic - [DEBUG] found replica for vector: 3
2025-11-18 17:24:25,446 - INFO - MainThread - server_logic - [DEBUG] found replica for vector: 4
2025-11-18 17:24:25,446 - INFO - MainThread - server_logic - [DEBUG] found replica for vector: 1
2025-11-18 17:24:25,446 - INFO - MainThread - server_logic - [DEBUG] found replica for vector: 2
2025-11-18 17:24:25,446 - INFO - MainThread - server_logic - [DEBUG] found replica for vector: 3
2025-11-18 17:24:25,446 - INFO - MainThread - server_logic - [DEBUG] found replica for vector: 4
2025-11-18 17:24:25,446 - INFO - MainThread - server_logic - [DEBUG] found replica for vector: 1
2025-11-18 17:24:25,446 - INFO - MainThread - server_logic - [DEBUG] found replica for vector: 2
2025-11-18 17:24:25,446 - INFO - MainThread - server_logic - [DEBUG] found replica for vector: 3
2025-11-18 17:24:25,446 - INFO - MainThread - server_logic - [DEBUG] found replica for vector: 4
2025-11-18 17:24:25,446 - INFO - MainThread - server_logic - [DEBUG] found replica for vector: 1
2025-11-18 17:24:25,446 - INFO - MainThread - server_logic - [DEBUG] found replica for vector: 2
2025-11-18 17:24:25,446 - INFO - MainThread - server_logic - [DEBUG] found replica for vector: 3
2025-11-18 17:24:25,446 - INFO - MainThread - server_logic - [DEBUG] found replica for vector: 4
2025-11-18 17:24:25,446 - INFO - MainThread - server_logic - [DEBUG] found replica for vector: 1
2025-11-18 17:24:25,446 - INFO - MainThread - server_logic - [DEBUG] found replica for vector: 2
2025-11-18 17:24:25,446 - INFO - MainThread - server_logic - [DEBUG] found replica for vector: 3
2025-11-18 17:24:25,446 - INFO - MainThread - server_logic - [DEBUG] found replica for vector: 4
2025-11-18 17:24:25,447 - INFO - MainThread - server_logic - [DEBUG] found replica for vector: 1
2025-11-18 17:24:25,447 - INFO - MainThread - server_logic - [DEBUG] found replica for vector: 2
2025-11-18 17:24:25,447 - INFO - MainThread - server_logic - [DEBUG] found replica for vector: 3
2025-11-18 17:24:25,447 - INFO - MainThread - server_logic - [DEBUG] found replica for vector: 4
2025-11-18 17:24:25,447 - INFO - MainThread - server_logic - [DEBUG] found replica for vector: 1
2025-11-18 17:24:25,447 - INFO - MainThread - server_logic - [DEBUG] found replica for vector: 2
2025-11-18 17:24:25,447 - INFO - MainThread - server_logic - [DEBUG] found replica for vector: 3
2025-11-18 17:24:25,447 - INFO - MainThread - server_logic - [DEBUG] found replica for vector: 4
2025-11-18 17:24:25,447 - INFO - MainThread - server_logic - [DEBUG] found replica for vector: 1
2025-11-18 17:24:25,447 - INFO - MainThread - server_logic - [DEBUG] found replica for vector: 2
2025-11-18 17:24:25,447 - INFO - MainThread - server_logic - [DEBUG] found replica for vector: 3
2025-11-18 17:24:25,447 - INFO - MainThread - server_logic - [DEBUG] to me replica for vector: 3
2025-11-18 17:24:25,447 - INFO - MainThread - server_logic - [DEBUG] found replica for vector: 1
2025-11-18 17:24:25,447 - INFO - MainThread - server_logic - [DEBUG] found replica for vector: 2
2025-11-18 17:24:25,447 - INFO - MainThread - server_logic - [DEBUG] found replica for vector: 3
2025-11-18 17:24:25,447 - INFO - MainThread - server_logic - [DEBUG] found replica for vector: 4
2025-11-18 17:24:25,447 - INFO - MainThread - server_logic - [DEBUG] found replica for vector: 1
2025-11-18 17:24:25,447 - INFO - MainThread - server_logic - [DEBUG] found replica for vector: 2
2025-11-18 17:24:25,447 - INFO - MainThread - server_logic - [DEBUG] found replica for vector: 3
2025-11-18 17:24:25,447 - INFO - MainThread - server_logic - [DEBUG] to me replica for vector: 3
2025-11-18 17:24:25,447 - INFO - MainThread - server_logic - [DEBUG] found replica for vector: 1
2025-11-18 17:24:25,447 - INFO - MainThread - server_logic - [DEBUG] found replica for vector: 2
2025-11-18 17:24:25,447 - INFO - MainThread - server_logic - [DEBUG] found replica for vector: 3
2025-11-18 17:24:25,447 - INFO - MainThread - server_logic - [DEBUG] found replica for vector: 4
2025-11-18 17:24:25,447 - INFO - MainThread - server_logic - [DEBUG] found replica for vector: 1
2025-11-18 17:24:25,447 - INFO - MainThread - server_logic - [DEBUG] found replica for vector: 2
2025-11-18 17:24:25,447 - INFO - MainThread - server_logic - [DEBUG] found replica for vector: 3
2025-11-18 17:24:25,447 - INFO - MainThread - server_logic - [DEBUG] found replica for vector: 4
2025-11-18 17:24:25,447 - INFO - MainThread - server_logic - [DEBUG] found replica for vector: 1
2025-11-18 17:24:25,447 - INFO - MainThread - server_logic - [DEBUG] found replica for vector: 2
2025-11-18 17:24:25,447 - INFO - MainThread - server_logic - [DEBUG] found replica for vector: 3
2025-11-18 17:24:25,447 - INFO - MainThread - server_logic - [DEBUG] found replica for vector: 4
2025-11-18 17:24:25,447 - INFO - MainThread - server_logic - [DEBUG] found replica for vector: 1
2025-11-18 17:24:25,447 - INFO - MainThread - server_logic - [DEBUG] found replica for vector: 2
2025-11-18 17:24:25,447 - INFO - MainThread - server_logic - [DEBUG] found replica for vector: 3
2025-11-18 17:24:25,447 - INFO - MainThread - server_logic - [DEBUG] found replica for vector: 4
2025-11-18 17:24:25,447 - INFO - MainThread - server_logic - [DEBUG] found replica for vector: 1
2025-11-18 17:24:25,447 - INFO - MainThread - server_logic - [DEBUG] found replica for vector: 2
2025-11-18 17:24:25,447 - INFO - MainThread - server_logic - [DEBUG] found replica for vector: 3
2025-11-18 17:24:25,447 - INFO - MainThread - server_logic - [DEBUG] found replica for vector: 4
2025-11-18 17:24:25,447 - INFO - MainThread - server_logic - [DEBUG] found replica for vector: 1
2025-11-18 17:24:25,447 - INFO - MainThread - server_logic - [DEBUG] found replica for vector: 2
2025-11-18 17:24:25,447 - INFO - MainThread - server_logic - [DEBUG] found replica for vector: 3
2025-11-18 17:24:25,447 - INFO - MainThread - server_logic - [DEBUG] found replica for vector: 4
2025-11-18 17:24:25,447 - INFO - MainThread - server_logic - [DEBUG] found replica for vector: 1
2025-11-18 17:24:25,447 - INFO - MainThread - server_logic - [DEBUG] found replica for vector: 2
2025-11-18 17:24:25,447 - INFO - MainThread - server_logic - [DEBUG] found replica for vector: 3
2025-11-18 17:24:25,447 - INFO - MainThread - server_logic - [DEBUG] to me replica for vector: 3
2025-11-18 17:24:25,447 - INFO - MainThread - server_logic - [DEBUG] found replica for vector: 1
2025-11-18 17:24:25,447 - INFO - MainThread - server_logic - [DEBUG] found replica for vector: 2
2025-11-18 17:24:25,447 - INFO - MainThread - server_logic - [DEBUG] found replica for vector: 3
2025-11-18 17:24:25,447 - INFO - MainThread - server_logic - [DEBUG] found replica for vector: 4
2025-11-18 17:24:25,447 - INFO - MainThread - server_logic - [DEBUG] found replica for vector: 1
2025-11-18 17:24:25,447 - INFO - MainThread - server_logic - [DEBUG] found replica for vector: 2
2025-11-18 17:24:25,448 - INFO - MainThread - server_logic - [DEBUG] found replica for vector: 3
2025-11-18 17:24:25,448 - INFO - MainThread - server_logic - [DEBUG] found replica for vector: 4
2025-11-18 17:24:25,448 - INFO - MainThread - server_logic - [DEBUG] found replica for vector: 1
2025-11-18 17:24:25,448 - INFO - MainThread - server_logic - [DEBUG] found replica for vector: 2
2025-11-18 17:24:25,448 - INFO - MainThread - server_logic - [DEBUG] found replica for vector: 3
2025-11-18 17:24:25,448 - INFO - MainThread - server_logic - [DEBUG] found replica for vector: 4
2025-11-18 17:24:25,448 - INFO - MainThread - server_logic - [DEBUG] found replica for vector: 1
2025-11-18 17:24:25,448 - INFO - MainThread - server_logic - [DEBUG] found replica for vector: 2
2025-11-18 17:24:25,448 - INFO - MainThread - server_logic - [DEBUG] found replica for vector: 3
2025-11-18 17:24:25,448 - INFO - MainThread - server_logic - [DEBUG] to me replica for vector: 3
2025-11-18 17:24:25,448 - INFO - MainThread - server_logic - [DEBUG] found replica for vector: 1
2025-11-18 17:24:25,448 - INFO - MainThread - server_logic - [DEBUG] found replica for vector: 2
2025-11-18 17:24:25,448 - INFO - MainThread - server_logic - [DEBUG] found replica for vector: 3
2025-11-18 17:24:25,448 - INFO - MainThread - server_logic - [DEBUG] found replica for vector: 4
2025-11-18 17:24:25,448 - INFO - MainThread - server_logic - [DEBUG] found replica for vector: 1
2025-11-18 17:24:25,448 - INFO - MainThread - server_logic - [DEBUG] found replica for vector: 2
2025-11-18 17:24:25,448 - INFO - MainThread - server_logic - [DEBUG] found replica for vector: 3
2025-11-18 17:24:25,448 - INFO - MainThread - server_logic - [DEBUG] found replica for vector: 4
2025-11-18 17:24:25,448 - INFO - MainThread - server_logic - [DEBUG] found replica for vector: 1
2025-11-18 17:24:25,448 - INFO - MainThread - server_logic - [DEBUG] found replica for vector: 2
2025-11-18 17:24:25,448 - INFO - MainThread - server_logic - [DEBUG] found replica for vector: 3
2025-11-18 17:24:25,448 - INFO - MainThread - server_logic - [DEBUG] to me replica for vector: 3
2025-11-18 17:24:25,448 - INFO - MainThread - server_logic - [DEBUG] found replica for vector: 1
2025-11-18 17:24:25,448 - INFO - MainThread - server_logic - [DEBUG] found replica for vector: 2
2025-11-18 17:24:25,448 - INFO - MainThread - server_logic - [DEBUG] found replica for vector: 3
2025-11-18 17:24:25,448 - INFO - MainThread - server_logic - [DEBUG] found replica for vector: 4
2025-11-18 17:24:25,448 - INFO - MainThread - server_logic - [DEBUG] found replica for vector: 1
2025-11-18 17:24:25,448 - INFO - MainThread - server_logic - [DEBUG] found replica for vector: 2
2025-11-18 17:24:25,448 - INFO - MainThread - server_logic - [DEBUG] found replica for vector: 3
2025-11-18 17:24:25,448 - INFO - MainThread - server_logic - [DEBUG] to me replica for vector: 3
2025-11-18 17:24:25,448 - INFO - MainThread - server_logic - [DEBUG] found replica for vector: 1
2025-11-18 17:24:25,448 - INFO - MainThread - server_logic - [DEBUG] found replica for vector: 2
2025-11-18 17:24:25,448 - INFO - MainThread - server_logic - [DEBUG] found replica for vector: 3
2025-11-18 17:24:25,448 - INFO - MainThread - server_logic - [DEBUG] to me replica for vector: 3
2025-11-18 17:24:25,448 - INFO - MainThread - server_logic - [DEBUG] found replica for vector: 1
2025-11-18 17:24:25,448 - INFO - MainThread - server_logic - [DEBUG] found replica for vector: 2
2025-11-18 17:24:25,448 - INFO - MainThread - server_logic - [DEBUG] found replica for vector: 3
2025-11-18 17:24:25,448 - INFO - MainThread - server_logic - [DEBUG] found replica for vector: 4
2025-11-18 17:24:25,448 - INFO - MainThread - server_logic - [DEBUG] found replica for vector: 1
2025-11-18 17:24:25,448 - INFO - MainThread - server_logic - [DEBUG] found replica for vector: 2
2025-11-18 17:24:25,448 - INFO - MainThread - server_logic - [DEBUG] found replica for vector: 3
2025-11-18 17:24:25,448 - INFO - MainThread - server_logic - [DEBUG] to me replica for vector: 3
2025-11-18 17:24:25,448 - INFO - MainThread - server_logic - [DEBUG] found replica for vector: 1
2025-11-18 17:24:25,448 - INFO - MainThread - server_logic - [DEBUG] found replica for vector: 2
2025-11-18 17:24:25,448 - INFO - MainThread - server_logic - [DEBUG] found replica for vector: 3
2025-11-18 17:24:25,448 - INFO - MainThread - server_logic - [DEBUG] found replica for vector: 4
2025-11-18 17:24:25,448 - INFO - MainThread - server_logic - [DEBUG] found replica for vector: 1
2025-11-18 17:24:25,448 - INFO - MainThread - server_logic - [DEBUG] found replica for vector: 2
2025-11-18 17:24:25,448 - INFO - MainThread - server_logic - [DEBUG] found replica for vector: 3
2025-11-18 17:24:25,448 - INFO - MainThread - server_logic - [DEBUG] found replica for vector: 4
2025-11-18 17:24:25,448 - INFO - MainThread - server_logic - [DEBUG] found replica for vector: 1
2025-11-18 17:24:25,448 - INFO - MainThread - server_logic - [DEBUG] found replica for vector: 2
2025-11-18 17:24:25,448 - INFO - MainThread - server_logic - [DEBUG] found replica for vector: 3
2025-11-18 17:24:25,448 - INFO - MainThread - server_logic - [DEBUG] to me replica for vector: 3
2025-11-18 17:24:25,449 - INFO - MainThread - server_logic - [DEBUG] found replica for vector: 1
2025-11-18 17:24:25,449 - INFO - MainThread - server_logic - [DEBUG] found replica for vector: 2
2025-11-18 17:24:25,449 - INFO - MainThread - server_logic - [DEBUG] found replica for vector: 3
2025-11-18 17:24:25,449 - INFO - MainThread - server_logic - [DEBUG] found replica for vector: 4
2025-11-18 17:24:25,449 - INFO - MainThread - server_logic - [DEBUG] found replica for vector: 1
2025-11-18 17:24:25,449 - INFO - MainThread - server_logic - [DEBUG] found replica for vector: 2
2025-11-18 17:24:25,449 - INFO - MainThread - server_logic - [DEBUG] found replica for vector: 3
2025-11-18 17:24:25,449 - INFO - MainThread - server_logic - [DEBUG] to me replica for vector: 3
2025-11-18 17:24:25,449 - INFO - MainThread - server_logic - [DEBUG] found replica for vector: 1
2025-11-18 17:24:25,449 - INFO - MainThread - server_logic - [DEBUG] found replica for vector: 2
2025-11-18 17:24:25,449 - INFO - MainThread - server_logic - [DEBUG] found replica for vector: 3
2025-11-18 17:24:25,449 - INFO - MainThread - server_logic - [DEBUG] found replica for vector: 4
2025-11-18 17:24:25,449 - INFO - MainThread - server_logic - [DEBUG] found replica for vector: 1
2025-11-18 17:24:25,449 - INFO - MainThread - server_logic - [DEBUG] found replica for vector: 2
2025-11-18 17:24:25,449 - INFO - MainThread - server_logic - [DEBUG] found replica for vector: 3
2025-11-18 17:24:25,449 - INFO - MainThread - server_logic - [DEBUG] found replica for vector: 4
2025-11-18 17:24:25,449 - INFO - MainThread - server_logic - [DEBUG] found replica for vector: 1
2025-11-18 17:24:25,449 - INFO - MainThread - server_logic - [DEBUG] found replica for vector: 2
2025-11-18 17:24:25,449 - INFO - MainThread - server_logic - [DEBUG] found replica for vector: 3
2025-11-18 17:24:25,449 - INFO - MainThread - server_logic - [DEBUG] found replica for vector: 4
2025-11-18 17:24:25,449 - INFO - MainThread - server_logic - [DEBUG] found replica for vector: 1
2025-11-18 17:24:25,449 - INFO - MainThread - server_logic - [DEBUG] found replica for vector: 2
2025-11-18 17:24:25,449 - INFO - MainThread - server_logic - [DEBUG] found replica for vector: 3
2025-11-18 17:24:25,449 - INFO - MainThread - server_logic - [DEBUG] found replica for vector: 4
2025-11-18 17:24:25,449 - INFO - MainThread - server_logic - [DEBUG] found replica for vector: 1
2025-11-18 17:24:25,449 - INFO - MainThread - server_logic - [DEBUG] found replica for vector: 2
2025-11-18 17:24:25,449 - INFO - MainThread - server_logic - [DEBUG] found replica for vector: 3
2025-11-18 17:24:25,449 - INFO - MainThread - server_logic - [DEBUG] found replica for vector: 4
2025-11-18 17:24:25,449 - INFO - MainThread - server_logic - [DEBUG] found replica for vector: 1
2025-11-18 17:24:25,449 - INFO - MainThread - server_logic - [DEBUG] found replica for vector: 2
2025-11-18 17:24:25,449 - INFO - MainThread - server_logic - [DEBUG] found replica for vector: 3
2025-11-18 17:24:25,449 - INFO - MainThread - server_logic - [DEBUG] to me replica for vector: 3
2025-11-18 17:24:25,449 - INFO - MainThread - server_logic - [DEBUG] found replica for vector: 1
2025-11-18 17:24:25,449 - INFO - MainThread - server_logic - [DEBUG] found replica for vector: 2
2025-11-18 17:24:25,449 - INFO - MainThread - server_logic - [DEBUG] found replica for vector: 3
2025-11-18 17:24:25,449 - INFO - MainThread - server_logic - [DEBUG] found replica for vector: 4
2025-11-18 17:24:25,449 - INFO - MainThread - server_logic - [DEBUG] found replica for vector: 1
2025-11-18 17:24:25,449 - INFO - MainThread - server_logic - [DEBUG] found replica for vector: 2
2025-11-18 17:24:25,449 - INFO - MainThread - server_logic - [DEBUG] found replica for vector: 3
2025-11-18 17:24:25,449 - INFO - MainThread - server_logic - [DEBUG] found replica for vector: 4
2025-11-18 17:24:25,449 - INFO - MainThread - server_logic - [DEBUG] found replica for vector: 1
2025-11-18 17:24:25,449 - INFO - MainThread - server_logic - [DEBUG] found replica for vector: 2
2025-11-18 17:24:25,449 - INFO - MainThread - server_logic - [DEBUG] found replica for vector: 3
2025-11-18 17:24:25,449 - INFO - MainThread - server_logic - [DEBUG] to me replica for vector: 3
2025-11-18 17:24:25,449 - INFO - MainThread - server_logic - [DEBUG] found replica for vector: 1
2025-11-18 17:24:25,449 - INFO - MainThread - server_logic - [DEBUG] found replica for vector: 2
2025-11-18 17:24:25,449 - INFO - MainThread - server_logic - [DEBUG] found replica for vector: 3
2025-11-18 17:24:25,449 - INFO - MainThread - server_logic - [DEBUG] found replica for vector: 4
2025-11-18 17:24:25,449 - INFO - MainThread - server_logic - [DEBUG] found replica for vector: 1
2025-11-18 17:24:25,449 - INFO - MainThread - server_logic - [DEBUG] found replica for vector: 2
2025-11-18 17:24:25,449 - INFO - MainThread - server_logic - [DEBUG] found replica for vector: 3
2025-11-18 17:24:25,449 - INFO - MainThread - server_logic - [DEBUG] found replica for vector: 4
2025-11-18 17:24:25,449 - INFO - MainThread - server_logic - [DEBUG] found replica for vector: 1
2025-11-18 17:24:25,449 - INFO - MainThread - server_logic - [DEBUG] found replica for vector: 2
2025-11-18 17:24:25,449 - INFO - MainThread - server_logic - [DEBUG] found replica for vector: 3
2025-11-18 17:24:25,450 - INFO - MainThread - server_logic - [DEBUG] to me replica for vector: 3
2025-11-18 17:24:25,450 - INFO - MainThread - server_logic - [DEBUG] found replica for vector: 1
2025-11-18 17:24:25,450 - INFO - MainThread - server_logic - [DEBUG] found replica for vector: 2
2025-11-18 17:24:25,450 - INFO - MainThread - server_logic - [DEBUG] found replica for vector: 3
2025-11-18 17:24:25,450 - INFO - MainThread - server_logic - [DEBUG] found replica for vector: 4
2025-11-18 17:24:25,450 - INFO - MainThread - server_logic - [DEBUG] found replica for vector: 1
2025-11-18 17:24:25,450 - INFO - MainThread - server_logic - [DEBUG] found replica for vector: 2
2025-11-18 17:24:25,450 - INFO - MainThread - server_logic - [DEBUG] found replica for vector: 3
2025-11-18 17:24:25,450 - INFO - MainThread - server_logic - [DEBUG] found replica for vector: 4
2025-11-18 17:24:25,450 - INFO - MainThread - server_logic - [DEBUG] found replica for vector: 1
2025-11-18 17:24:25,450 - INFO - MainThread - server_logic - [DEBUG] found replica for vector: 2
2025-11-18 17:24:25,450 - INFO - MainThread - server_logic - [DEBUG] found replica for vector: 3
2025-11-18 17:24:25,450 - INFO - MainThread - server_logic - [DEBUG] found replica for vector: 4
2025-11-18 17:24:25,450 - INFO - MainThread - server_logic - [DEBUG] found replica for vector: 1
2025-11-18 17:24:25,450 - INFO - MainThread - server_logic - [DEBUG] found replica for vector: 2
2025-11-18 17:24:25,450 - INFO - MainThread - server_logic - [DEBUG] found replica for vector: 3
2025-11-18 17:24:25,450 - INFO - MainThread - server_logic - [DEBUG] found replica for vector: 4
2025-11-18 17:24:25,450 - INFO - MainThread - server_logic - [DEBUG] found replica for vector: 1
2025-11-18 17:24:25,450 - INFO - MainThread - server_logic - [DEBUG] found replica for vector: 2
2025-11-18 17:24:25,450 - INFO - MainThread - server_logic - [DEBUG] found replica for vector: 3
2025-11-18 17:24:25,450 - INFO - MainThread - server_logic - [DEBUG] to me replica for vector: 3
2025-11-18 17:24:25,450 - INFO - MainThread - server_logic - [DEBUG] found replica for vector: 1
2025-11-18 17:24:25,450 - INFO - MainThread - server_logic - [DEBUG] found replica for vector: 2
2025-11-18 17:24:25,450 - INFO - MainThread - server_logic - [DEBUG] found replica for vector: 3
2025-11-18 17:24:25,450 - INFO - MainThread - server_logic - [DEBUG] found replica for vector: 4
2025-11-18 17:24:25,450 - INFO - MainThread - server_logic - [DEBUG] found replica for vector: 1
2025-11-18 17:24:25,450 - INFO - MainThread - server_logic - [DEBUG] found replica for vector: 2
2025-11-18 17:24:25,450 - INFO - MainThread - server_logic - [DEBUG] found replica for vector: 3
2025-11-18 17:24:25,450 - INFO - MainThread - server_logic - [DEBUG] found replica for vector: 4
2025-11-18 17:24:25,450 - INFO - MainThread - server_logic - [DEBUG] found replica for vector: 1
2025-11-18 17:24:25,450 - INFO - MainThread - server_logic - [DEBUG] found replica for vector: 2
2025-11-18 17:24:25,450 - INFO - MainThread - server_logic - [DEBUG] found replica for vector: 3
2025-11-18 17:24:25,450 - INFO - MainThread - server_logic - [DEBUG] found replica for vector: 4
2025-11-18 17:24:25,450 - INFO - MainThread - server_logic - [DEBUG] found replica for vector: 1
2025-11-18 17:24:25,450 - INFO - MainThread - server_logic - [DEBUG] found replica for vector: 2
2025-11-18 17:24:25,450 - INFO - MainThread - server_logic - [DEBUG] found replica for vector: 3
2025-11-18 17:24:25,450 - INFO - MainThread - server_logic - [DEBUG] found replica for vector: 4
2025-11-18 17:24:25,450 - INFO - MainThread - server_logic - [DEBUG] found replica for vector: 1
2025-11-18 17:24:25,450 - INFO - MainThread - server_logic - [DEBUG] found replica for vector: 2
2025-11-18 17:24:25,450 - INFO - MainThread - server_logic - [DEBUG] found replica for vector: 3
2025-11-18 17:24:25,450 - INFO - MainThread - server_logic - [DEBUG] to me replica for vector: 3
2025-11-18 17:24:25,450 - INFO - MainThread - server_logic - [DEBUG] found replica for vector: 1
2025-11-18 17:24:25,450 - INFO - MainThread - server_logic - [DEBUG] found replica for vector: 2
2025-11-18 17:24:25,450 - INFO - MainThread - server_logic - [DEBUG] found replica for vector: 3
2025-11-18 17:24:25,450 - INFO - MainThread - server_logic - [DEBUG] found replica for vector: 4
2025-11-18 17:24:25,450 - INFO - MainThread - server_logic - [DEBUG] found replica for vector: 1
2025-11-18 17:24:25,450 - INFO - MainThread - server_logic - [DEBUG] found replica for vector: 2
2025-11-18 17:24:25,450 - INFO - MainThread - server_logic - [DEBUG] found replica for vector: 3
2025-11-18 17:24:25,450 - INFO - MainThread - server_logic - [DEBUG] found replica for vector: 4
2025-11-18 17:24:25,450 - INFO - MainThread - server_logic - [DEBUG] found replica for vector: 1
2025-11-18 17:24:25,450 - INFO - MainThread - server_logic - [DEBUG] found replica for vector: 2
2025-11-18 17:24:25,450 - INFO - MainThread - server_logic - [DEBUG] found replica for vector: 3
2025-11-18 17:24:25,450 - INFO - MainThread - server_logic - [DEBUG] to me replica for vector: 3
2025-11-18 17:24:25,450 - INFO - MainThread - server_logic - [DEBUG] found replica for vector: 1
2025-11-18 17:24:25,451 - INFO - MainThread - server_logic - [DEBUG] found replica for vector: 2
2025-11-18 17:24:25,451 - INFO - MainThread - server_logic - [DEBUG] found replica for vector: 3
2025-11-18 17:24:25,451 - INFO - MainThread - server_logic - [DEBUG] found replica for vector: 4
2025-11-18 17:24:25,451 - INFO - MainThread - server_logic - [DEBUG] found replica for vector: 1
2025-11-18 17:24:25,451 - INFO - MainThread - server_logic - [DEBUG] found replica for vector: 2
2025-11-18 17:24:25,451 - INFO - MainThread - server_logic - [DEBUG] found replica for vector: 3
2025-11-18 17:24:25,451 - INFO - MainThread - server_logic - [DEBUG] to me replica for vector: 3
2025-11-18 17:24:25,451 - INFO - MainThread - server_logic - [DEBUG] found replica for vector: 1
2025-11-18 17:24:25,451 - INFO - MainThread - server_logic - [DEBUG] found replica for vector: 2
2025-11-18 17:24:25,451 - INFO - MainThread - server_logic - [DEBUG] found replica for vector: 3
2025-11-18 17:24:25,451 - INFO - MainThread - server_logic - [DEBUG] found replica for vector: 4
2025-11-18 17:24:25,451 - INFO - MainThread - server_logic - [DEBUG] found replica for vector: 1
2025-11-18 17:24:25,451 - INFO - MainThread - server_logic - [DEBUG] found replica for vector: 2
2025-11-18 17:24:25,451 - INFO - MainThread - server_logic - [DEBUG] found replica for vector: 3
2025-11-18 17:24:25,451 - INFO - MainThread - server_logic - [DEBUG] to me replica for vector: 3
2025-11-18 17:24:25,451 - INFO - MainThread - server_logic - [DEBUG] found replica for vector: 1
2025-11-18 17:24:25,451 - INFO - MainThread - server_logic - [DEBUG] found replica for vector: 2
2025-11-18 17:24:25,451 - INFO - MainThread - server_logic - [DEBUG] found replica for vector: 3
2025-11-18 17:24:25,451 - INFO - MainThread - server_logic - [DEBUG] found replica for vector: 4
2025-11-18 17:24:25,451 - INFO - MainThread - server_logic - [DEBUG] found replica for vector: 1
2025-11-18 17:24:25,451 - INFO - MainThread - server_logic - [DEBUG] found replica for vector: 2
2025-11-18 17:24:25,451 - INFO - MainThread - server_logic - [DEBUG] found replica for vector: 3
2025-11-18 17:24:25,451 - INFO - MainThread - server_logic - [DEBUG] found replica for vector: 4
2025-11-18 17:24:25,451 - INFO - MainThread - server_logic - [DEBUG] found replica for vector: 1
2025-11-18 17:24:25,451 - INFO - MainThread - server_logic - [DEBUG] found replica for vector: 2
2025-11-18 17:24:25,451 - INFO - MainThread - server_logic - [DEBUG] found replica for vector: 3
2025-11-18 17:24:25,451 - INFO - MainThread - server_logic - [DEBUG] to me replica for vector: 3
2025-11-18 17:24:25,451 - INFO - MainThread - server_logic - [DEBUG] found replica for vector: 1
2025-11-18 17:24:25,451 - INFO - MainThread - server_logic - [DEBUG] found replica for vector: 2
2025-11-18 17:24:25,451 - INFO - MainThread - server_logic - [DEBUG] found replica for vector: 3
2025-11-18 17:24:25,451 - INFO - MainThread - server_logic - [DEBUG] found replica for vector: 4
2025-11-18 17:24:25,451 - INFO - MainThread - server_logic - [DEBUG] found replica for vector: 1
2025-11-18 17:24:25,451 - INFO - MainThread - server_logic - [DEBUG] found replica for vector: 2
2025-11-18 17:24:25,451 - INFO - MainThread - server_logic - [DEBUG] found replica for vector: 3
2025-11-18 17:24:25,451 - INFO - MainThread - server_logic - [DEBUG] found replica for vector: 4
2025-11-18 17:24:25,451 - INFO - MainThread - server_logic - [DEBUG] found replica for vector: 1
2025-11-18 17:24:25,451 - INFO - MainThread - server_logic - [DEBUG] found replica for vector: 2
2025-11-18 17:24:25,451 - INFO - MainThread - server_logic - [DEBUG] found replica for vector: 3
2025-11-18 17:24:25,451 - INFO - MainThread - server_logic - [DEBUG] found replica for vector: 4
2025-11-18 17:24:25,451 - INFO - MainThread - server_logic - [DEBUG] found replica for vector: 1
2025-11-18 17:24:25,451 - INFO - MainThread - server_logic - [DEBUG] found replica for vector: 2
2025-11-18 17:24:25,451 - INFO - MainThread - server_logic - [DEBUG] found replica for vector: 3
2025-11-18 17:24:25,451 - INFO - MainThread - server_logic - [DEBUG] found replica for vector: 4
2025-11-18 17:24:25,451 - INFO - MainThread - server_logic - [DEBUG] found replica for vector: 1
2025-11-18 17:24:25,451 - INFO - MainThread - server_logic - [DEBUG] found replica for vector: 2
2025-11-18 17:24:25,451 - INFO - MainThread - server_logic - [DEBUG] found replica for vector: 3
2025-11-18 17:24:25,451 - INFO - MainThread - server_logic - [DEBUG] to me replica for vector: 3
2025-11-18 17:24:25,451 - INFO - MainThread - server_logic - [DEBUG] found replica for vector: 1
2025-11-18 17:24:25,451 - INFO - MainThread - server_logic - [DEBUG] found replica for vector: 2
2025-11-18 17:24:25,451 - INFO - MainThread - server_logic - [DEBUG] found replica for vector: 3
2025-11-18 17:24:25,451 - INFO - MainThread - server_logic - [DEBUG] found replica for vector: 4
2025-11-18 17:24:25,451 - INFO - MainThread - server_logic - [DEBUG] found replica for vector: 1
2025-11-18 17:24:25,451 - INFO - MainThread - server_logic - [DEBUG] found replica for vector: 2
2025-11-18 17:24:25,451 - INFO - MainThread - server_logic - [DEBUG] found replica for vector: 3
2025-11-18 17:24:25,451 - INFO - MainThread - server_logic - [DEBUG] to me replica for vector: 3
2025-11-18 17:24:25,452 - INFO - MainThread - server_logic - [DEBUG] found replica for vector: 1
2025-11-18 17:24:25,452 - INFO - MainThread - server_logic - [DEBUG] found replica for vector: 2
2025-11-18 17:24:25,452 - INFO - MainThread - server_logic - [DEBUG] found replica for vector: 3
2025-11-18 17:24:25,452 - INFO - MainThread - server_logic - [DEBUG] to me replica for vector: 3
2025-11-18 17:24:25,452 - INFO - MainThread - server_logic - [DEBUG] found replica for vector: 1
2025-11-18 17:24:25,452 - INFO - MainThread - server_logic - [DEBUG] found replica for vector: 2
2025-11-18 17:24:25,452 - INFO - MainThread - server_logic - [DEBUG] found replica for vector: 3
2025-11-18 17:24:25,452 - INFO - MainThread - server_logic - [DEBUG] found replica for vector: 4
2025-11-18 17:24:25,452 - INFO - MainThread - server_logic - [DEBUG] found replica for vector: 1
2025-11-18 17:24:25,452 - INFO - MainThread - server_logic - [DEBUG] found replica for vector: 2
2025-11-18 17:24:25,452 - INFO - MainThread - server_logic - [DEBUG] found replica for vector: 3
2025-11-18 17:24:25,452 - INFO - MainThread - server_logic - [DEBUG] to me replica for vector: 3
2025-11-18 17:24:25,452 - INFO - MainThread - server_logic - [DEBUG] found replica for vector: 1
2025-11-18 17:24:25,452 - INFO - MainThread - server_logic - [DEBUG] found replica for vector: 2
2025-11-18 17:24:25,452 - INFO - MainThread - server_logic - [DEBUG] found replica for vector: 3
2025-11-18 17:24:25,452 - INFO - MainThread - server_logic - [DEBUG] found replica for vector: 4
2025-11-18 17:24:25,452 - INFO - MainThread - server_logic - [DEBUG] found replica for vector: 1
2025-11-18 17:24:25,452 - INFO - MainThread - server_logic - [DEBUG] found replica for vector: 2
2025-11-18 17:24:25,452 - INFO - MainThread - server_logic - [DEBUG] found replica for vector: 3
2025-11-18 17:24:25,452 - INFO - MainThread - server_logic - [DEBUG] found replica for vector: 4
2025-11-18 17:24:25,452 - INFO - MainThread - server_logic - [DEBUG] found replica for vector: 1
2025-11-18 17:24:25,452 - INFO - MainThread - server_logic - [DEBUG] found replica for vector: 2
2025-11-18 17:24:25,452 - INFO - MainThread - server_logic - [DEBUG] found replica for vector: 3
2025-11-18 17:24:25,452 - INFO - MainThread - server_logic - [DEBUG] to me replica for vector: 3
2025-11-18 17:24:25,452 - INFO - MainThread - server_logic - [DEBUG] found replica for vector: 1
2025-11-18 17:24:25,452 - INFO - MainThread - server_logic - [DEBUG] found replica for vector: 2
2025-11-18 17:24:25,452 - INFO - MainThread - server_logic - [DEBUG] found replica for vector: 3
2025-11-18 17:24:25,452 - INFO - MainThread - server_logic - [DEBUG] to me replica for vector: 3
2025-11-18 17:24:25,452 - INFO - MainThread - server_logic - [DEBUG] found replica for vector: 1
2025-11-18 17:24:25,452 - INFO - MainThread - server_logic - [DEBUG] found replica for vector: 2
2025-11-18 17:24:25,452 - INFO - MainThread - server_logic - [DEBUG] found replica for vector: 3
2025-11-18 17:24:25,452 - INFO - MainThread - server_logic - [DEBUG] to me replica for vector: 3
2025-11-18 17:24:25,452 - INFO - MainThread - server_logic - [DEBUG] found replica for vector: 1
2025-11-18 17:24:25,452 - INFO - MainThread - server_logic - [DEBUG] found replica for vector: 2
2025-11-18 17:24:25,452 - INFO - MainThread - server_logic - [DEBUG] found replica for vector: 3
2025-11-18 17:24:25,452 - INFO - MainThread - server_logic - [DEBUG] found replica for vector: 4
2025-11-18 17:24:25,452 - INFO - MainThread - server_logic - [DEBUG] found replica for vector: 1
2025-11-18 17:24:25,452 - INFO - MainThread - server_logic - [DEBUG] found replica for vector: 2
2025-11-18 17:24:25,452 - INFO - MainThread - server_logic - [DEBUG] found replica for vector: 3
2025-11-18 17:24:25,452 - INFO - MainThread - server_logic - [DEBUG] found replica for vector: 4
2025-11-18 17:24:25,452 - INFO - MainThread - server_logic - [DEBUG] found replica for vector: 1
2025-11-18 17:24:25,452 - INFO - MainThread - server_logic - [DEBUG] found replica for vector: 2
2025-11-18 17:24:25,452 - INFO - MainThread - server_logic - [DEBUG] found replica for vector: 3
2025-11-18 17:24:25,452 - INFO - MainThread - server_logic - [DEBUG] found replica for vector: 4
2025-11-18 17:24:25,452 - INFO - MainThread - server_logic - [DEBUG] found replica for vector: 1
2025-11-18 17:24:25,452 - INFO - MainThread - server_logic - [DEBUG] found replica for vector: 2
2025-11-18 17:24:25,452 - INFO - MainThread - server_logic - [DEBUG] found replica for vector: 3
2025-11-18 17:24:25,452 - INFO - MainThread - server_logic - [DEBUG] found replica for vector: 4
2025-11-18 17:24:25,452 - INFO - MainThread - server_logic - [DEBUG] found replica for vector: 1
2025-11-18 17:24:25,452 - INFO - MainThread - server_logic - [DEBUG] found replica for vector: 2
2025-11-18 17:24:25,452 - INFO - MainThread - server_logic - [DEBUG] found replica for vector: 3
2025-11-18 17:24:25,452 - INFO - MainThread - server_logic - [DEBUG] found replica for vector: 4
2025-11-18 17:24:25,452 - INFO - MainThread - server_logic - [DEBUG] found replica for vector: 1
2025-11-18 17:24:25,452 - INFO - MainThread - server_logic - [DEBUG] found replica for vector: 2
2025-11-18 17:24:25,452 - INFO - MainThread - server_logic - [DEBUG] found replica for vector: 3
2025-11-18 17:24:25,452 - INFO - MainThread - server_logic - [DEBUG] to me replica for vector: 3
2025-11-18 17:24:25,453 - INFO - MainThread - server_logic - [DEBUG] found replica for vector: 1
2025-11-18 17:24:25,453 - INFO - MainThread - server_logic - [DEBUG] found replica for vector: 2
2025-11-18 17:24:25,453 - INFO - MainThread - server_logic - [DEBUG] found replica for vector: 3
2025-11-18 17:24:25,453 - INFO - MainThread - server_logic - [DEBUG] found replica for vector: 4
2025-11-18 17:24:25,453 - INFO - MainThread - server_logic - [DEBUG] found replica for vector: 1
2025-11-18 17:24:25,453 - INFO - MainThread - server_logic - [DEBUG] found replica for vector: 2
2025-11-18 17:24:25,453 - INFO - MainThread - server_logic - [DEBUG] found replica for vector: 3
2025-11-18 17:24:25,453 - INFO - MainThread - server_logic - [DEBUG] to me replica for vector: 3
2025-11-18 17:24:25,453 - INFO - MainThread - server_logic - [DEBUG] found replica for vector: 1
2025-11-18 17:24:25,453 - INFO - MainThread - server_logic - [DEBUG] found replica for vector: 2
2025-11-18 17:24:25,453 - INFO - MainThread - server_logic - [DEBUG] found replica for vector: 3
2025-11-18 17:24:25,453 - INFO - MainThread - server_logic - [DEBUG] found replica for vector: 4
2025-11-18 17:24:25,453 - INFO - MainThread - server_logic - [DEBUG] found replica for vector: 1
2025-11-18 17:24:25,453 - INFO - MainThread - server_logic - [DEBUG] found replica for vector: 2
2025-11-18 17:24:25,453 - INFO - MainThread - server_logic - [DEBUG] found replica for vector: 3
2025-11-18 17:24:25,453 - INFO - MainThread - server_logic - [DEBUG] to me replica for vector: 3
2025-11-18 17:24:25,453 - INFO - MainThread - server_logic - [DEBUG] found replica for vector: 1
2025-11-18 17:24:25,453 - INFO - MainThread - server_logic - [DEBUG] found replica for vector: 2
2025-11-18 17:24:25,453 - INFO - MainThread - server_logic - [DEBUG] found replica for vector: 3
2025-11-18 17:24:25,453 - INFO - MainThread - server_logic - [DEBUG] found replica for vector: 4
2025-11-18 17:24:25,453 - INFO - MainThread - server_logic - [DEBUG] found replica for vector: 1
2025-11-18 17:24:25,453 - INFO - MainThread - server_logic - [DEBUG] found replica for vector: 2
2025-11-18 17:24:25,453 - INFO - MainThread - server_logic - [DEBUG] found replica for vector: 3
2025-11-18 17:24:25,453 - INFO - MainThread - server_logic - [DEBUG] found replica for vector: 4
2025-11-18 17:24:25,453 - INFO - MainThread - server_logic - [DEBUG] found replica for vector: 1
2025-11-18 17:24:25,453 - INFO - MainThread - server_logic - [DEBUG] found replica for vector: 2
2025-11-18 17:24:25,453 - INFO - MainThread - server_logic - [DEBUG] found replica for vector: 3
2025-11-18 17:24:25,453 - INFO - MainThread - server_logic - [DEBUG] to me replica for vector: 3
2025-11-18 17:24:25,453 - INFO - MainThread - server_logic - [DEBUG] found replica for vector: 1
2025-11-18 17:24:25,453 - INFO - MainThread - server_logic - [DEBUG] found replica for vector: 2
2025-11-18 17:24:25,453 - INFO - MainThread - server_logic - [DEBUG] found replica for vector: 3
2025-11-18 17:24:25,453 - INFO - MainThread - server_logic - [DEBUG] to me replica for vector: 3
2025-11-18 17:24:25,453 - INFO - MainThread - server_logic - [DEBUG] found replica for vector: 1
2025-11-18 17:24:25,453 - INFO - MainThread - server_logic - [DEBUG] found replica for vector: 2
2025-11-18 17:24:25,453 - INFO - MainThread - server_logic - [DEBUG] found replica for vector: 3
2025-11-18 17:24:25,453 - INFO - MainThread - server_logic - [DEBUG] found replica for vector: 4
2025-11-18 17:24:25,453 - INFO - MainThread - server_logic - [DEBUG] found replica for vector: 1
2025-11-18 17:24:25,453 - INFO - MainThread - server_logic - [DEBUG] found replica for vector: 2
2025-11-18 17:24:25,453 - INFO - MainThread - server_logic - [DEBUG] found replica for vector: 3
2025-11-18 17:24:25,453 - INFO - MainThread - server_logic - [DEBUG] found replica for vector: 4
2025-11-18 17:24:25,453 - INFO - MainThread - server_logic - [DEBUG] found replica for vector: 1
2025-11-18 17:24:25,453 - INFO - MainThread - server_logic - [DEBUG] found replica for vector: 2
2025-11-18 17:24:25,453 - INFO - MainThread - server_logic - [DEBUG] found replica for vector: 3
2025-11-18 17:24:25,453 - INFO - MainThread - server_logic - [DEBUG] found replica for vector: 4
2025-11-18 17:24:25,453 - INFO - MainThread - server_logic - [DEBUG] found replica for vector: 1
2025-11-18 17:24:25,453 - INFO - MainThread - server_logic - [DEBUG] found replica for vector: 2
2025-11-18 17:24:25,453 - INFO - MainThread - server_logic - [DEBUG] found replica for vector: 3
2025-11-18 17:24:25,453 - INFO - MainThread - server_logic - [DEBUG] found replica for vector: 4
2025-11-18 17:24:25,453 - INFO - MainThread - server_logic - [DEBUG] found replica for vector: 1
2025-11-18 17:24:25,453 - INFO - MainThread - server_logic - [DEBUG] found replica for vector: 2
2025-11-18 17:24:25,453 - INFO - MainThread - server_logic - [DEBUG] found replica for vector: 3
2025-11-18 17:24:25,453 - INFO - MainThread - server_logic - [DEBUG] found replica for vector: 4
2025-11-18 17:24:25,453 - INFO - MainThread - server_logic - [DEBUG] found replica for vector: 1
2025-11-18 17:24:25,453 - INFO - MainThread - server_logic - [DEBUG] found replica for vector: 2
2025-11-18 17:24:25,453 - INFO - MainThread - server_logic - [DEBUG] found replica for vector: 3
2025-11-18 17:24:25,453 - INFO - MainThread - server_logic - [DEBUG] to me replica for vector: 3
2025-11-18 17:24:25,453 - INFO - MainThread - server_logic - [DEBUG] found replica for vector: 1
2025-11-18 17:24:25,453 - INFO - MainThread - server_logic - [DEBUG] found replica for vector: 2
2025-11-18 17:24:25,454 - INFO - MainThread - server_logic - [DEBUG] found replica for vector: 3
2025-11-18 17:24:25,454 - INFO - MainThread - server_logic - [DEBUG] found replica for vector: 4
2025-11-18 17:24:25,454 - INFO - MainThread - server_logic - [DEBUG] found replica for vector: 1
2025-11-18 17:24:25,454 - INFO - MainThread - server_logic - [DEBUG] found replica for vector: 2
2025-11-18 17:24:25,454 - INFO - MainThread - server_logic - [DEBUG] found replica for vector: 3
2025-11-18 17:24:25,454 - INFO - MainThread - server_logic - [DEBUG] found replica for vector: 4
2025-11-18 17:24:25,454 - INFO - MainThread - server_logic - [DEBUG] found replica for vector: 1
2025-11-18 17:24:25,454 - INFO - MainThread - server_logic - [DEBUG] found replica for vector: 2
2025-11-18 17:24:25,454 - INFO - MainThread - server_logic - [DEBUG] found replica for vector: 3
2025-11-18 17:24:25,454 - INFO - MainThread - server_logic - [DEBUG] found replica for vector: 4
2025-11-18 17:24:25,454 - INFO - MainThread - server_logic - [DEBUG] found replica for vector: 1
2025-11-18 17:24:25,454 - INFO - MainThread - server_logic - [DEBUG] found replica for vector: 2
2025-11-18 17:24:25,454 - INFO - MainThread - server_logic - [DEBUG] found replica for vector: 3
2025-11-18 17:24:25,454 - INFO - MainThread - server_logic - [DEBUG] to me replica for vector: 3
2025-11-18 17:24:25,454 - INFO - MainThread - server_logic - [DEBUG] found replica for vector: 1
2025-11-18 17:24:25,454 - INFO - MainThread - server_logic - [DEBUG] found replica for vector: 2
2025-11-18 17:24:25,454 - INFO - MainThread - server_logic - [DEBUG] found replica for vector: 3
2025-11-18 17:24:25,454 - INFO - MainThread - server_logic - [DEBUG] found replica for vector: 4
2025-11-18 17:24:25,454 - INFO - MainThread - server_logic - [DEBUG] found replica for vector: 1
2025-11-18 17:24:25,454 - INFO - MainThread - server_logic - [DEBUG] found replica for vector: 2
2025-11-18 17:24:25,454 - INFO - MainThread - server_logic - [DEBUG] found replica for vector: 3
2025-11-18 17:24:25,454 - INFO - MainThread - server_logic - [DEBUG] to me replica for vector: 3
2025-11-18 17:24:25,454 - INFO - MainThread - server_logic - [DEBUG] found replica for vector: 1
2025-11-18 17:24:25,454 - INFO - MainThread - server_logic - [DEBUG] found replica for vector: 2
2025-11-18 17:24:25,454 - INFO - MainThread - server_logic - [DEBUG] found replica for vector: 3
2025-11-18 17:24:25,454 - INFO - MainThread - server_logic - [DEBUG] found replica for vector: 4
2025-11-18 17:24:25,454 - INFO - MainThread - server_logic - [DEBUG] found replica for vector: 1
2025-11-18 17:24:25,454 - INFO - MainThread - server_logic - [DEBUG] found replica for vector: 2
2025-11-18 17:24:25,454 - INFO - MainThread - server_logic - [DEBUG] found replica for vector: 3
2025-11-18 17:24:25,454 - INFO - MainThread - server_logic - [DEBUG] found replica for vector: 4
2025-11-18 17:24:25,454 - INFO - MainThread - server_logic - [DEBUG] found replica for vector: 1
2025-11-18 17:24:25,454 - INFO - MainThread - server_logic - [DEBUG] found replica for vector: 2
2025-11-18 17:24:25,454 - INFO - MainThread - server_logic - [DEBUG] found replica for vector: 3
2025-11-18 17:24:25,454 - INFO - MainThread - server_logic - [DEBUG] found replica for vector: 4
2025-11-18 17:24:25,454 - INFO - MainThread - server_logic - [DEBUG] found replica for vector: 1
2025-11-18 17:24:25,454 - INFO - MainThread - server_logic - [DEBUG] found replica for vector: 2
2025-11-18 17:24:25,454 - INFO - MainThread - server_logic - [DEBUG] found replica for vector: 3
2025-11-18 17:24:25,454 - INFO - MainThread - server_logic - [DEBUG] to me replica for vector: 3
2025-11-18 17:24:25,454 - INFO - MainThread - server_logic - [DEBUG] found replica for vector: 1
2025-11-18 17:24:25,454 - INFO - MainThread - server_logic - [DEBUG] found replica for vector: 2
2025-11-18 17:24:25,454 - INFO - MainThread - server_logic - [DEBUG] found replica for vector: 3
2025-11-18 17:24:25,454 - INFO - MainThread - server_logic - [DEBUG] found replica for vector: 4
2025-11-18 17:24:25,454 - INFO - MainThread - server_logic - [DEBUG] found replica for vector: 1
2025-11-18 17:24:25,454 - INFO - MainThread - server_logic - [DEBUG] found replica for vector: 2
2025-11-18 17:24:25,454 - INFO - MainThread - server_logic - [DEBUG] found replica for vector: 3
2025-11-18 17:24:25,454 - INFO - MainThread - server_logic - [DEBUG] to me replica for vector: 3
2025-11-18 17:24:25,454 - INFO - MainThread - server_logic - [DEBUG] found replica for vector: 1
2025-11-18 17:24:25,454 - INFO - MainThread - server_logic - [DEBUG] found replica for vector: 2
2025-11-18 17:24:25,454 - INFO - MainThread - server_logic - [DEBUG] found replica for vector: 3
2025-11-18 17:24:25,454 - INFO - MainThread - server_logic - [DEBUG] found replica for vector: 4
2025-11-18 17:24:25,454 - INFO - MainThread - server_logic - [DEBUG] found replica for vector: 1
2025-11-18 17:24:25,454 - INFO - MainThread - server_logic - [DEBUG] found replica for vector: 2
2025-11-18 17:24:25,454 - INFO - MainThread - server_logic - [DEBUG] found replica for vector: 3
2025-11-18 17:24:25,454 - INFO - MainThread - server_logic - [DEBUG] found replica for vector: 4
2025-11-18 17:24:25,454 - INFO - MainThread - server_logic - [DEBUG] found replica for vector: 1
2025-11-18 17:24:25,454 - INFO - MainThread - server_logic - [DEBUG] found replica for vector: 2
2025-11-18 17:24:25,454 - INFO - MainThread - server_logic - [DEBUG] found replica for vector: 3
2025-11-18 17:24:25,454 - INFO - MainThread - server_logic - [DEBUG] found replica for vector: 4
2025-11-18 17:24:25,455 - INFO - MainThread - server_logic - [DEBUG] found replica for vector: 1
2025-11-18 17:24:25,455 - INFO - MainThread - server_logic - [DEBUG] found replica for vector: 2
2025-11-18 17:24:25,455 - INFO - MainThread - server_logic - [DEBUG] found replica for vector: 3
2025-11-18 17:24:25,455 - INFO - MainThread - server_logic - [DEBUG] to me replica for vector: 3
2025-11-18 17:24:25,455 - INFO - MainThread - server_logic - [DEBUG] found replica for vector: 1
2025-11-18 17:24:25,455 - INFO - MainThread - server_logic - [DEBUG] found replica for vector: 2
2025-11-18 17:24:25,455 - INFO - MainThread - server_logic - [DEBUG] found replica for vector: 3
2025-11-18 17:24:25,455 - INFO - MainThread - server_logic - [DEBUG] found replica for vector: 4
2025-11-18 17:24:25,455 - INFO - MainThread - server_logic - [DEBUG] found replica for vector: 1
2025-11-18 17:24:25,455 - INFO - MainThread - server_logic - [DEBUG] found replica for vector: 2
2025-11-18 17:24:25,455 - INFO - MainThread - server_logic - [DEBUG] found replica for vector: 3
2025-11-18 17:24:25,455 - INFO - MainThread - server_logic - [DEBUG] found replica for vector: 4
2025-11-18 17:24:25,455 - INFO - MainThread - server_logic - [DEBUG] found replica for vector: 1
2025-11-18 17:24:25,455 - INFO - MainThread - server_logic - [DEBUG] found replica for vector: 2
2025-11-18 17:24:25,455 - INFO - MainThread - server_logic - [DEBUG] found replica for vector: 3
2025-11-18 17:24:25,455 - INFO - MainThread - server_logic - [DEBUG] found replica for vector: 4
2025-11-18 17:24:25,455 - INFO - MainThread - server_logic - [DEBUG] found replica for vector: 1
2025-11-18 17:24:25,455 - INFO - MainThread - server_logic - [DEBUG] found replica for vector: 2
2025-11-18 17:24:25,455 - INFO - MainThread - server_logic - [DEBUG] found replica for vector: 3
2025-11-18 17:24:25,455 - INFO - MainThread - server_logic - [DEBUG] found replica for vector: 4
2025-11-18 17:24:25,455 - INFO - MainThread - server_logic - [DEBUG] found replica for vector: 1
2025-11-18 17:24:25,455 - INFO - MainThread - server_logic - [DEBUG] found replica for vector: 2
2025-11-18 17:24:25,455 - INFO - MainThread - server_logic - [DEBUG] found replica for vector: 3
2025-11-18 17:24:25,455 - INFO - MainThread - server_logic - [DEBUG] found replica for vector: 4
2025-11-18 17:24:25,455 - INFO - MainThread - server_logic - [DEBUG] found replica for vector: 1
2025-11-18 17:24:25,455 - INFO - MainThread - server_logic - [DEBUG] found replica for vector: 2
2025-11-18 17:24:25,455 - INFO - MainThread - server_logic - [DEBUG] found replica for vector: 3
2025-11-18 17:24:25,455 - INFO - MainThread - server_logic - [DEBUG] found replica for vector: 4
2025-11-18 17:24:25,455 - INFO - MainThread - server_logic - [DEBUG] found replica for vector: 1
2025-11-18 17:24:25,455 - INFO - MainThread - server_logic - [DEBUG] found replica for vector: 2
2025-11-18 17:24:25,455 - INFO - MainThread - server_logic - [DEBUG] found replica for vector: 3
2025-11-18 17:24:25,455 - INFO - MainThread - server_logic - [DEBUG] found replica for vector: 4
2025-11-18 17:24:25,455 - INFO - MainThread - server_logic - [DEBUG] found replica for vector: 1
2025-11-18 17:24:25,455 - INFO - MainThread - server_logic - [DEBUG] found replica for vector: 2
2025-11-18 17:24:25,455 - INFO - MainThread - server_logic - [DEBUG] found replica for vector: 3
2025-11-18 17:24:25,455 - INFO - MainThread - server_logic - [DEBUG] found replica for vector: 4
2025-11-18 17:24:25,455 - INFO - MainThread - server_logic - [DEBUG] found replica for vector: 1
2025-11-18 17:24:25,455 - INFO - MainThread - server_logic - [DEBUG] found replica for vector: 2
2025-11-18 17:24:25,455 - INFO - MainThread - server_logic - [DEBUG] found replica for vector: 3
2025-11-18 17:24:25,455 - INFO - MainThread - server_logic - [DEBUG] found replica for vector: 4
2025-11-18 17:24:25,455 - INFO - MainThread - server_logic - [DEBUG] found replica for vector: 1
2025-11-18 17:24:25,455 - INFO - MainThread - server_logic - [DEBUG] found replica for vector: 2
2025-11-18 17:24:25,455 - INFO - MainThread - server_logic - [DEBUG] found replica for vector: 3
2025-11-18 17:24:25,455 - INFO - MainThread - server_logic - [DEBUG] found replica for vector: 4
2025-11-18 17:24:25,455 - INFO - MainThread - server_logic - [DEBUG] found replica for vector: 1
2025-11-18 17:24:25,455 - INFO - MainThread - server_logic - [DEBUG] found replica for vector: 2
2025-11-18 17:24:25,455 - INFO - MainThread - server_logic - [DEBUG] found replica for vector: 3
2025-11-18 17:24:25,455 - INFO - MainThread - server_logic - [DEBUG] found replica for vector: 4
2025-11-18 17:24:25,455 - INFO - MainThread - server_logic - [DEBUG] found replica for vector: 1
2025-11-18 17:24:25,455 - INFO - MainThread - server_logic - [DEBUG] found replica for vector: 2
2025-11-18 17:24:25,455 - INFO - MainThread - server_logic - [DEBUG] found replica for vector: 3
2025-11-18 17:24:25,455 - INFO - MainThread - server_logic - [DEBUG] found replica for vector: 4
2025-11-18 17:24:25,455 - INFO - MainThread - server_logic - [DEBUG] found replica for vector: 1
2025-11-18 17:24:25,455 - INFO - MainThread - server_logic - [DEBUG] found replica for vector: 2
2025-11-18 17:24:25,455 - INFO - MainThread - server_logic - [DEBUG] found replica for vector: 3
2025-11-18 17:24:25,455 - INFO - MainThread - server_logic - [DEBUG] to me replica for vector: 3
2025-11-18 17:24:25,455 - INFO - MainThread - server_logic - [DEBUG] found replica for vector: 1
2025-11-18 17:24:25,455 - INFO - MainThread - server_logic - [DEBUG] found replica for vector: 2
2025-11-18 17:24:25,455 - INFO - MainThread - server_logic - [DEBUG] found replica for vector: 3
2025-11-18 17:24:25,456 - INFO - MainThread - server_logic - [DEBUG] found replica for vector: 4
2025-11-18 17:24:25,456 - INFO - MainThread - server_logic - [DEBUG] found replica for vector: 1
2025-11-18 17:24:25,456 - INFO - MainThread - server_logic - [DEBUG] found replica for vector: 2
2025-11-18 17:24:25,456 - INFO - MainThread - server_logic - [DEBUG] found replica for vector: 3
2025-11-18 17:24:25,456 - INFO - MainThread - server_logic - [DEBUG] to me replica for vector: 3
2025-11-18 17:24:25,456 - INFO - MainThread - server_logic - [DEBUG] found replica for vector: 1
2025-11-18 17:24:25,456 - INFO - MainThread - server_logic - [DEBUG] found replica for vector: 2
2025-11-18 17:24:25,456 - INFO - MainThread - server_logic - [DEBUG] found replica for vector: 3
2025-11-18 17:24:25,456 - INFO - MainThread - server_logic - [DEBUG] found replica for vector: 4
2025-11-18 17:24:25,456 - INFO - MainThread - server_logic - [DEBUG] found replica for vector: 1
2025-11-18 17:24:25,456 - INFO - MainThread - server_logic - [DEBUG] found replica for vector: 2
2025-11-18 17:24:25,456 - INFO - MainThread - server_logic - [DEBUG] found replica for vector: 3
2025-11-18 17:24:25,456 - INFO - MainThread - server_logic - [DEBUG] found replica for vector: 4
2025-11-18 17:24:25,456 - INFO - MainThread - server_logic - [DEBUG] found replica for vector: 1
2025-11-18 17:24:25,456 - INFO - MainThread - server_logic - [DEBUG] found replica for vector: 2
2025-11-18 17:24:25,456 - INFO - MainThread - server_logic - [DEBUG] found replica for vector: 3
2025-11-18 17:24:25,456 - INFO - MainThread - server_logic - [DEBUG] found replica for vector: 4
2025-11-18 17:24:25,456 - INFO - MainThread - server_logic - [DEBUG] found replica for vector: 1
2025-11-18 17:24:25,456 - INFO - MainThread - server_logic - [DEBUG] found replica for vector: 2
2025-11-18 17:24:25,456 - INFO - MainThread - server_logic - [DEBUG] found replica for vector: 3
2025-11-18 17:24:25,456 - INFO - MainThread - server_logic - [DEBUG] found replica for vector: 4
2025-11-18 17:24:25,456 - INFO - MainThread - server_logic - [DEBUG] found replica for vector: 1
2025-11-18 17:24:25,456 - INFO - MainThread - server_logic - [DEBUG] found replica for vector: 2
2025-11-18 17:24:25,456 - INFO - MainThread - server_logic - [DEBUG] found replica for vector: 3
2025-11-18 17:24:25,456 - INFO - MainThread - server_logic - [DEBUG] found replica for vector: 4
2025-11-18 17:24:25,456 - INFO - MainThread - server_logic - [DEBUG] found replica for vector: 1
2025-11-18 17:24:25,456 - INFO - MainThread - server_logic - [DEBUG] found replica for vector: 2
2025-11-18 17:24:25,456 - INFO - MainThread - server_logic - [DEBUG] found replica for vector: 3
2025-11-18 17:24:25,456 - INFO - MainThread - server_logic - [DEBUG] found replica for vector: 4
2025-11-18 17:24:25,456 - INFO - MainThread - server_logic - [DEBUG] found replica for vector: 1
2025-11-18 17:24:25,456 - INFO - MainThread - server_logic - [DEBUG] found replica for vector: 2
2025-11-18 17:24:25,456 - INFO - MainThread - server_logic - [DEBUG] found replica for vector: 3
2025-11-18 17:24:25,456 - INFO - MainThread - server_logic - [DEBUG] found replica for vector: 4
2025-11-18 17:24:25,456 - INFO - MainThread - server_logic - [DEBUG] found replica for vector: 1
2025-11-18 17:24:25,456 - INFO - MainThread - server_logic - [DEBUG] found replica for vector: 2
2025-11-18 17:24:25,456 - INFO - MainThread - server_logic - [DEBUG] found replica for vector: 3
2025-11-18 17:24:25,456 - INFO - MainThread - server_logic - [DEBUG] found replica for vector: 4
2025-11-18 17:24:25,456 - INFO - MainThread - server_logic - [DEBUG] found replica for vector: 1
2025-11-18 17:24:25,456 - INFO - MainThread - server_logic - [DEBUG] found replica for vector: 2
2025-11-18 17:24:25,456 - INFO - MainThread - server_logic - [DEBUG] found replica for vector: 3
2025-11-18 17:24:25,456 - INFO - MainThread - server_logic - [DEBUG] found replica for vector: 4
2025-11-18 17:24:25,456 - INFO - MainThread - server_logic - [DEBUG] found replica for vector: 1
2025-11-18 17:24:25,456 - INFO - MainThread - server_logic - [DEBUG] found replica for vector: 2
2025-11-18 17:24:25,456 - INFO - MainThread - server_logic - [DEBUG] found replica for vector: 3
2025-11-18 17:24:25,456 - INFO - MainThread - server_logic - [DEBUG] found replica for vector: 4
2025-11-18 17:24:25,456 - INFO - MainThread - server_logic - [DEBUG] found replica for vector: 1
2025-11-18 17:24:25,456 - INFO - MainThread - server_logic - [DEBUG] found replica for vector: 2
2025-11-18 17:24:25,456 - INFO - MainThread - server_logic - [DEBUG] found replica for vector: 3
2025-11-18 17:24:25,456 - INFO - MainThread - server_logic - [DEBUG] found replica for vector: 4
2025-11-18 17:24:25,456 - INFO - MainThread - server_logic - [DEBUG] found replica for vector: 1
2025-11-18 17:24:25,456 - INFO - MainThread - server_logic - [DEBUG] found replica for vector: 2
2025-11-18 17:24:25,456 - INFO - MainThread - server_logic - [DEBUG] found replica for vector: 3
2025-11-18 17:24:25,456 - INFO - MainThread - server_logic - [DEBUG] found replica for vector: 4
2025-11-18 17:24:25,456 - INFO - MainThread - server_logic - [DEBUG] found replica for vector: 1
2025-11-18 17:24:25,456 - INFO - MainThread - server_logic - [DEBUG] found replica for vector: 2
2025-11-18 17:24:25,456 - INFO - MainThread - server_logic - [DEBUG] found replica for vector: 3
2025-11-18 17:24:25,456 - INFO - MainThread - server_logic - [DEBUG] found replica for vector: 4
2025-11-18 17:24:25,457 - INFO - MainThread - server_logic - [DEBUG] found replica for vector: 1
2025-11-18 17:24:25,457 - INFO - MainThread - server_logic - [DEBUG] found replica for vector: 2
2025-11-18 17:24:25,457 - INFO - MainThread - server_logic - [DEBUG] found replica for vector: 3
2025-11-18 17:24:25,457 - INFO - MainThread - server_logic - [DEBUG] found replica for vector: 4
2025-11-18 17:24:25,457 - INFO - MainThread - server_logic - [DEBUG] found replica for vector: 1
2025-11-18 17:24:25,457 - INFO - MainThread - server_logic - [DEBUG] found replica for vector: 2
2025-11-18 17:24:25,457 - INFO - MainThread - server_logic - [DEBUG] found replica for vector: 3
2025-11-18 17:24:25,457 - INFO - MainThread - server_logic - [DEBUG] found replica for vector: 4
2025-11-18 17:24:25,457 - INFO - MainThread - server_logic - [DEBUG] found replica for vector: 1
2025-11-18 17:24:25,457 - INFO - MainThread - server_logic - [DEBUG] found replica for vector: 2
2025-11-18 17:24:25,457 - INFO - MainThread - server_logic - [DEBUG] found replica for vector: 3
2025-11-18 17:24:25,457 - INFO - MainThread - server_logic - [DEBUG] found replica for vector: 4
2025-11-18 17:24:25,457 - INFO - MainThread - server_logic - [DEBUG] found replica for vector: 1
2025-11-18 17:24:25,457 - INFO - MainThread - server_logic - [DEBUG] found replica for vector: 2
2025-11-18 17:24:25,457 - INFO - MainThread - server_logic - [DEBUG] found replica for vector: 3
2025-11-18 17:24:25,457 - INFO - MainThread - server_logic - [DEBUG] found replica for vector: 4
2025-11-18 17:24:25,457 - INFO - MainThread - server_logic - [DEBUG] found replica for vector: 1
2025-11-18 17:24:25,457 - INFO - MainThread - server_logic - [DEBUG] found replica for vector: 2
2025-11-18 17:24:25,457 - INFO - MainThread - server_logic - [DEBUG] found replica for vector: 3
2025-11-18 17:24:25,457 - INFO - MainThread - server_logic - [DEBUG] found replica for vector: 4
2025-11-18 17:24:25,457 - INFO - MainThread - server_logic - [DEBUG] found replica for vector: 1
2025-11-18 17:24:25,457 - INFO - MainThread - server_logic - [DEBUG] found replica for vector: 2
2025-11-18 17:24:25,457 - INFO - MainThread - server_logic - [DEBUG] found replica for vector: 3
2025-11-18 17:24:25,457 - INFO - MainThread - server_logic - [DEBUG] to me replica for vector: 3
2025-11-18 17:24:25,457 - INFO - MainThread - server_logic - [DEBUG] found replica for vector: 1
2025-11-18 17:24:25,457 - INFO - MainThread - server_logic - [DEBUG] found replica for vector: 2
2025-11-18 17:24:25,457 - INFO - MainThread - server_logic - [DEBUG] found replica for vector: 3
2025-11-18 17:24:25,457 - INFO - MainThread - server_logic - [DEBUG] found replica for vector: 4
2025-11-18 17:24:25,457 - INFO - MainThread - server_logic - [DEBUG] found replica for vector: 1
2025-11-18 17:24:25,457 - INFO - MainThread - server_logic - [DEBUG] found replica for vector: 2
2025-11-18 17:24:25,457 - INFO - MainThread - server_logic - [DEBUG] found replica for vector: 3
2025-11-18 17:24:25,457 - INFO - MainThread - server_logic - [DEBUG] found replica for vector: 4
2025-11-18 17:24:25,457 - INFO - MainThread - server_logic - [DEBUG] found replica for vector: 1
2025-11-18 17:24:25,457 - INFO - MainThread - server_logic - [DEBUG] found replica for vector: 2
2025-11-18 17:24:25,457 - INFO - MainThread - server_logic - [DEBUG] found replica for vector: 3
2025-11-18 17:24:25,457 - INFO - MainThread - server_logic - [DEBUG] found replica for vector: 4
2025-11-18 17:24:25,457 - INFO - MainThread - server_logic - [DEBUG] found replica for vector: 1
2025-11-18 17:24:25,457 - INFO - MainThread - server_logic - [DEBUG] found replica for vector: 2
2025-11-18 17:24:25,457 - INFO - MainThread - server_logic - [DEBUG] found replica for vector: 3
2025-11-18 17:24:25,457 - INFO - MainThread - server_logic - [DEBUG] found replica for vector: 4
2025-11-18 17:24:25,457 - INFO - MainThread - server_logic - [DEBUG] found replica for vector: 1
2025-11-18 17:24:25,457 - INFO - MainThread - server_logic - [DEBUG] found replica for vector: 2
2025-11-18 17:24:25,457 - INFO - MainThread - server_logic - [DEBUG] found replica for vector: 3
2025-11-18 17:24:25,457 - INFO - MainThread - server_logic - [DEBUG] found replica for vector: 4
2025-11-18 17:24:25,457 - INFO - MainThread - server_logic - [DEBUG] found replica for vector: 1
2025-11-18 17:24:25,457 - INFO - MainThread - server_logic - [DEBUG] found replica for vector: 2
2025-11-18 17:24:25,457 - INFO - MainThread - server_logic - [DEBUG] found replica for vector: 3
2025-11-18 17:24:25,457 - INFO - MainThread - server_logic - [DEBUG] found replica for vector: 4
2025-11-18 17:24:25,457 - INFO - MainThread - server_logic - [DEBUG] found replica for vector: 1
2025-11-18 17:24:25,457 - INFO - MainThread - server_logic - [DEBUG] found replica for vector: 2
2025-11-18 17:24:25,457 - INFO - MainThread - server_logic - [DEBUG] found replica for vector: 3
2025-11-18 17:24:25,457 - INFO - MainThread - server_logic - [DEBUG] found replica for vector: 4
2025-11-18 17:24:25,457 - INFO - MainThread - server_logic - [DEBUG] found replica for vector: 1
2025-11-18 17:24:25,457 - INFO - MainThread - server_logic - [DEBUG] found replica for vector: 2
2025-11-18 17:24:25,457 - INFO - MainThread - server_logic - [DEBUG] found replica for vector: 3
2025-11-18 17:24:25,457 - INFO - MainThread - server_logic - [DEBUG] to me replica for vector: 3
2025-11-18 17:24:25,457 - INFO - MainThread - server_logic - [DEBUG] found replica for vector: 1
2025-11-18 17:24:25,457 - INFO - MainThread - server_logic - [DEBUG] found replica for vector: 2
2025-11-18 17:24:25,457 - INFO - MainThread - server_logic - [DEBUG] found replica for vector: 3
2025-11-18 17:24:25,458 - INFO - MainThread - server_logic - [DEBUG] found replica for vector: 4
2025-11-18 17:24:25,458 - INFO - MainThread - server_logic - [DEBUG] found replica for vector: 1
2025-11-18 17:24:25,458 - INFO - MainThread - server_logic - [DEBUG] found replica for vector: 2
2025-11-18 17:24:25,458 - INFO - MainThread - server_logic - [DEBUG] found replica for vector: 3
2025-11-18 17:24:25,458 - INFO - MainThread - server_logic - [DEBUG] found replica for vector: 4
2025-11-18 17:24:25,458 - INFO - MainThread - server_logic - [DEBUG] found replica for vector: 1
2025-11-18 17:24:25,458 - INFO - MainThread - server_logic - [DEBUG] found replica for vector: 2
2025-11-18 17:24:25,458 - INFO - MainThread - server_logic - [DEBUG] found replica for vector: 3
2025-11-18 17:24:25,458 - INFO - MainThread - server_logic - [DEBUG] to me replica for vector: 3
2025-11-18 17:24:25,458 - INFO - MainThread - server_logic - [DEBUG] found replica for vector: 1
2025-11-18 17:24:25,458 - INFO - MainThread - server_logic - [DEBUG] found replica for vector: 2
2025-11-18 17:24:25,458 - INFO - MainThread - server_logic - [DEBUG] found replica for vector: 3
2025-11-18 17:24:25,458 - INFO - MainThread - server_logic - [DEBUG] found replica for vector: 4
2025-11-18 17:24:25,458 - INFO - MainThread - server_logic - [DEBUG] found replica for vector: 1
2025-11-18 17:24:25,458 - INFO - MainThread - server_logic - [DEBUG] found replica for vector: 2
2025-11-18 17:24:25,458 - INFO - MainThread - server_logic - [DEBUG] found replica for vector: 3
2025-11-18 17:24:25,458 - INFO - MainThread - server_logic - [DEBUG] found replica for vector: 4
2025-11-18 17:24:25,458 - INFO - MainThread - server_logic - [DEBUG] found replica for vector: 1
2025-11-18 17:24:25,458 - INFO - MainThread - server_logic - [DEBUG] found replica for vector: 2
2025-11-18 17:24:25,458 - INFO - MainThread - server_logic - [DEBUG] found replica for vector: 3
2025-11-18 17:24:25,458 - INFO - MainThread - server_logic - [DEBUG] found replica for vector: 4
2025-11-18 17:24:25,458 - INFO - MainThread - server_logic - [DEBUG] found replica for vector: 1
2025-11-18 17:24:25,458 - INFO - MainThread - server_logic - [DEBUG] found replica for vector: 2
2025-11-18 17:24:25,458 - INFO - MainThread - server_logic - [DEBUG] found replica for vector: 3
2025-11-18 17:24:25,458 - INFO - MainThread - server_logic - [DEBUG] found replica for vector: 4
2025-11-18 17:24:25,458 - INFO - MainThread - server_logic - [DEBUG] found replica for vector: 1
2025-11-18 17:24:25,458 - INFO - MainThread - server_logic - [DEBUG] found replica for vector: 2
2025-11-18 17:24:25,458 - INFO - MainThread - server_logic - [DEBUG] found replica for vector: 3
2025-11-18 17:24:25,458 - INFO - MainThread - server_logic - [DEBUG] found replica for vector: 4
2025-11-18 17:24:25,458 - INFO - MainThread - server_logic - [DEBUG] found replica for vector: 1
2025-11-18 17:24:25,458 - INFO - MainThread - server_logic - [DEBUG] found replica for vector: 2
2025-11-18 17:24:25,458 - INFO - MainThread - server_logic - [DEBUG] found replica for vector: 3
2025-11-18 17:24:25,458 - INFO - MainThread - server_logic - [DEBUG] found replica for vector: 4
2025-11-18 17:24:25,458 - INFO - MainThread - server_logic - [DEBUG] found replica for vector: 1
2025-11-18 17:24:25,458 - INFO - MainThread - server_logic - [DEBUG] found replica for vector: 2
2025-11-18 17:24:25,458 - INFO - MainThread - server_logic - [DEBUG] found replica for vector: 3
2025-11-18 17:24:25,458 - INFO - MainThread - server_logic - [DEBUG] found replica for vector: 4
2025-11-18 17:24:25,458 - INFO - MainThread - server_logic - [DEBUG] found replica for vector: 1
2025-11-18 17:24:25,458 - INFO - MainThread - server_logic - [DEBUG] found replica for vector: 2
2025-11-18 17:24:25,458 - INFO - MainThread - server_logic - [DEBUG] found replica for vector: 3
2025-11-18 17:24:25,458 - INFO - MainThread - server_logic - [DEBUG] found replica for vector: 4
2025-11-18 17:24:25,458 - INFO - MainThread - server_logic - [DEBUG] found replica for vector: 1
2025-11-18 17:24:25,458 - INFO - MainThread - server_logic - [DEBUG] found replica for vector: 2
2025-11-18 17:24:25,458 - INFO - MainThread - server_logic - [DEBUG] found replica for vector: 3
2025-11-18 17:24:25,458 - INFO - MainThread - server_logic - [DEBUG] to me replica for vector: 3
2025-11-18 17:24:25,458 - INFO - MainThread - server_logic - [DEBUG] found replica for vector: 1
2025-11-18 17:24:25,458 - INFO - MainThread - server_logic - [DEBUG] found replica for vector: 2
2025-11-18 17:24:25,458 - INFO - MainThread - server_logic - [DEBUG] found replica for vector: 3
2025-11-18 17:24:25,458 - INFO - MainThread - server_logic - [DEBUG] found replica for vector: 4
2025-11-18 17:24:25,458 - INFO - MainThread - server_logic - [DEBUG] found replica for vector: 1
2025-11-18 17:24:25,458 - INFO - MainThread - server_logic - [DEBUG] found replica for vector: 2
2025-11-18 17:24:25,458 - INFO - MainThread - server_logic - [DEBUG] found replica for vector: 3
2025-11-18 17:24:25,458 - INFO - MainThread - server_logic - [DEBUG] found replica for vector: 4
2025-11-18 17:24:25,458 - INFO - MainThread - server_logic - [DEBUG] found replica for vector: 1
2025-11-18 17:24:25,458 - INFO - MainThread - server_logic - [DEBUG] found replica for vector: 2
2025-11-18 17:24:25,458 - INFO - MainThread - server_logic - [DEBUG] found replica for vector: 3
2025-11-18 17:24:25,458 - INFO - MainThread - server_logic - [DEBUG] found replica for vector: 4
2025-11-18 17:24:25,458 - INFO - MainThread - server_logic - [DEBUG] found replica for vector: 1
2025-11-18 17:24:25,459 - INFO - MainThread - server_logic - [DEBUG] found replica for vector: 2
2025-11-18 17:24:25,459 - INFO - MainThread - server_logic - [DEBUG] found replica for vector: 3
2025-11-18 17:24:25,459 - INFO - MainThread - server_logic - [DEBUG] found replica for vector: 4
2025-11-18 17:24:25,459 - INFO - MainThread - server_logic - [DEBUG] found replica for vector: 1
2025-11-18 17:24:25,459 - INFO - MainThread - server_logic - [DEBUG] found replica for vector: 2
2025-11-18 17:24:25,459 - INFO - MainThread - server_logic - [DEBUG] found replica for vector: 3
2025-11-18 17:24:25,459 - INFO - MainThread - server_logic - [DEBUG] found replica for vector: 4
2025-11-18 17:24:25,459 - INFO - MainThread - server_logic - [DEBUG] found replica for vector: 1
2025-11-18 17:24:25,459 - INFO - MainThread - server_logic - [DEBUG] found replica for vector: 2
2025-11-18 17:24:25,459 - INFO - MainThread - server_logic - [DEBUG] found replica for vector: 3
2025-11-18 17:24:25,459 - INFO - MainThread - server_logic - [DEBUG] found replica for vector: 4
2025-11-18 17:24:25,459 - INFO - MainThread - server_logic - [DEBUG] found replica for vector: 1
2025-11-18 17:24:25,459 - INFO - MainThread - server_logic - [DEBUG] found replica for vector: 2
2025-11-18 17:24:25,459 - INFO - MainThread - server_logic - [DEBUG] found replica for vector: 3
2025-11-18 17:24:25,459 - INFO - MainThread - server_logic - [DEBUG] found replica for vector: 4
2025-11-18 17:24:25,459 - INFO - MainThread - server_logic - [DEBUG] found replica for vector: 1
2025-11-18 17:24:25,459 - INFO - MainThread - server_logic - [DEBUG] found replica for vector: 2
2025-11-18 17:24:25,459 - INFO - MainThread - server_logic - [DEBUG] found replica for vector: 3
2025-11-18 17:24:25,459 - INFO - MainThread - server_logic - [DEBUG] found replica for vector: 4
2025-11-18 17:24:25,459 - INFO - MainThread - server_logic - [DEBUG] found replica for vector: 1
2025-11-18 17:24:25,459 - INFO - MainThread - server_logic - [DEBUG] found replica for vector: 2
2025-11-18 17:24:25,459 - INFO - MainThread - server_logic - [DEBUG] found replica for vector: 3
2025-11-18 17:24:25,459 - INFO - MainThread - server_logic - [DEBUG] found replica for vector: 4
2025-11-18 17:24:25,459 - INFO - MainThread - server_logic - [DEBUG] found replica for vector: 1
2025-11-18 17:24:25,459 - INFO - MainThread - server_logic - [DEBUG] found replica for vector: 2
2025-11-18 17:24:25,459 - INFO - MainThread - server_logic - [DEBUG] found replica for vector: 3
2025-11-18 17:24:25,459 - INFO - MainThread - server_logic - [DEBUG] found replica for vector: 4
2025-11-18 17:24:25,459 - INFO - MainThread - server_logic - [DEBUG] found replica for vector: 1
2025-11-18 17:24:25,459 - INFO - MainThread - server_logic - [DEBUG] found replica for vector: 2
2025-11-18 17:24:25,459 - INFO - MainThread - server_logic - [DEBUG] found replica for vector: 3
2025-11-18 17:24:25,459 - INFO - MainThread - server_logic - [DEBUG] found replica for vector: 4
2025-11-18 17:24:25,459 - INFO - MainThread - server_logic - [DEBUG] found replica for vector: 1
2025-11-18 17:24:25,459 - INFO - MainThread - server_logic - [DEBUG] found replica for vector: 2
2025-11-18 17:24:25,459 - INFO - MainThread - server_logic - [DEBUG] found replica for vector: 3
2025-11-18 17:24:25,459 - INFO - MainThread - server_logic - [DEBUG] to me replica for vector: 3
2025-11-18 17:24:25,459 - INFO - MainThread - server_logic - [DEBUG] found replica for vector: 1
2025-11-18 17:24:25,459 - INFO - MainThread - server_logic - [DEBUG] found replica for vector: 2
2025-11-18 17:24:25,459 - INFO - MainThread - server_logic - [DEBUG] found replica for vector: 3
2025-11-18 17:24:25,459 - INFO - MainThread - server_logic - [DEBUG] to me replica for vector: 3
2025-11-18 17:24:25,459 - INFO - MainThread - server_logic - [DEBUG] found replica for vector: 1
2025-11-18 17:24:25,459 - INFO - MainThread - server_logic - [DEBUG] found replica for vector: 2
2025-11-18 17:24:25,459 - INFO - MainThread - server_logic - [DEBUG] found replica for vector: 3
2025-11-18 17:24:25,459 - INFO - MainThread - server_logic - [DEBUG] found replica for vector: 4
2025-11-18 17:24:25,459 - INFO - MainThread - server_logic - [DEBUG] found replica for vector: 1
2025-11-18 17:24:25,459 - INFO - MainThread - server_logic - [DEBUG] found replica for vector: 2
2025-11-18 17:24:25,459 - INFO - MainThread - server_logic - [DEBUG] found replica for vector: 3
2025-11-18 17:24:25,459 - INFO - MainThread - server_logic - [DEBUG] found replica for vector: 4
2025-11-18 17:24:25,459 - INFO - MainThread - server_logic - [DEBUG] found replica for vector: 1
2025-11-18 17:24:25,459 - INFO - MainThread - server_logic - [DEBUG] found replica for vector: 2
2025-11-18 17:24:25,459 - INFO - MainThread - server_logic - [DEBUG] found replica for vector: 3
2025-11-18 17:24:25,459 - INFO - MainThread - server_logic - [DEBUG] found replica for vector: 4
2025-11-18 17:24:25,459 - INFO - MainThread - server_logic - [DEBUG] found replica for vector: 1
2025-11-18 17:24:25,459 - INFO - MainThread - server_logic - [DEBUG] found replica for vector: 2
2025-11-18 17:24:25,459 - INFO - MainThread - server_logic - [DEBUG] found replica for vector: 3
2025-11-18 17:24:25,459 - INFO - MainThread - server_logic - [DEBUG] to me replica for vector: 3
2025-11-18 17:24:25,459 - INFO - MainThread - server_logic - [DEBUG] found replica for vector: 1
2025-11-18 17:24:25,459 - INFO - MainThread - server_logic - [DEBUG] found replica for vector: 2
2025-11-18 17:24:25,459 - INFO - MainThread - server_logic - [DEBUG] found replica for vector: 3
2025-11-18 17:24:25,459 - INFO - MainThread - server_logic - [DEBUG] found replica for vector: 4
2025-11-18 17:24:25,460 - INFO - MainThread - server_logic - [DEBUG] found replica for vector: 1
2025-11-18 17:24:25,460 - INFO - MainThread - server_logic - [DEBUG] found replica for vector: 2
2025-11-18 17:24:25,460 - INFO - MainThread - server_logic - [DEBUG] found replica for vector: 3
2025-11-18 17:24:25,460 - INFO - MainThread - server_logic - [DEBUG] found replica for vector: 4
2025-11-18 17:24:25,460 - INFO - MainThread - server_logic - [DEBUG] found replica for vector: 1
2025-11-18 17:24:25,460 - INFO - MainThread - server_logic - [DEBUG] found replica for vector: 2
2025-11-18 17:24:25,460 - INFO - MainThread - server_logic - [DEBUG] found replica for vector: 3
2025-11-18 17:24:25,460 - INFO - MainThread - server_logic - [DEBUG] found replica for vector: 4
2025-11-18 17:24:25,460 - INFO - MainThread - server_logic - [DEBUG] found replica for vector: 1
2025-11-18 17:24:25,460 - INFO - MainThread - server_logic - [DEBUG] found replica for vector: 2
2025-11-18 17:24:25,460 - INFO - MainThread - server_logic - [DEBUG] found replica for vector: 3
2025-11-18 17:24:25,460 - INFO - MainThread - server_logic - [DEBUG] found replica for vector: 4
2025-11-18 17:24:25,460 - INFO - MainThread - server_logic - [DEBUG] found replica for vector: 1
2025-11-18 17:24:25,460 - INFO - MainThread - server_logic - [DEBUG] found replica for vector: 2
2025-11-18 17:24:25,460 - INFO - MainThread - server_logic - [DEBUG] found replica for vector: 3
2025-11-18 17:24:25,460 - INFO - MainThread - server_logic - [DEBUG] to me replica for vector: 3
2025-11-18 17:24:25,460 - INFO - MainThread - server_logic - [DEBUG] found replica for vector: 1
2025-11-18 17:24:25,460 - INFO - MainThread - server_logic - [DEBUG] found replica for vector: 2
2025-11-18 17:24:25,460 - INFO - MainThread - server_logic - [DEBUG] found replica for vector: 3
2025-11-18 17:24:25,460 - INFO - MainThread - server_logic - [DEBUG] to me replica for vector: 3
2025-11-18 17:24:25,460 - INFO - MainThread - server_logic - [DEBUG] found replica for vector: 1
2025-11-18 17:24:25,460 - INFO - MainThread - server_logic - [DEBUG] found replica for vector: 2
2025-11-18 17:24:25,460 - INFO - MainThread - server_logic - [DEBUG] found replica for vector: 3
2025-11-18 17:24:25,460 - INFO - MainThread - server_logic - [DEBUG] found replica for vector: 4
2025-11-18 17:24:25,460 - INFO - MainThread - server_logic - [DEBUG] found replica for vector: 1
2025-11-18 17:24:25,460 - INFO - MainThread - server_logic - [DEBUG] found replica for vector: 2
2025-11-18 17:24:25,460 - INFO - MainThread - server_logic - [DEBUG] found replica for vector: 3
2025-11-18 17:24:25,460 - INFO - MainThread - server_logic - [DEBUG] to me replica for vector: 3
2025-11-18 17:24:25,460 - INFO - MainThread - server_logic - [DEBUG] found replica for vector: 1
2025-11-18 17:24:25,460 - INFO - MainThread - server_logic - [DEBUG] found replica for vector: 2
2025-11-18 17:24:25,460 - INFO - MainThread - server_logic - [DEBUG] found replica for vector: 3
2025-11-18 17:24:25,460 - INFO - MainThread - server_logic - [DEBUG] found replica for vector: 4
2025-11-18 17:24:25,460 - INFO - MainThread - server_logic - [DEBUG] found replica for vector: 1
2025-11-18 17:24:25,460 - INFO - MainThread - server_logic - [DEBUG] found replica for vector: 2
2025-11-18 17:24:25,460 - INFO - MainThread - server_logic - [DEBUG] found replica for vector: 3
2025-11-18 17:24:25,460 - INFO - MainThread - server_logic - [DEBUG] found replica for vector: 4
2025-11-18 17:24:25,460 - INFO - MainThread - server_logic - [DEBUG] found replica for vector: 1
2025-11-18 17:24:25,460 - INFO - MainThread - server_logic - [DEBUG] found replica for vector: 2
2025-11-18 17:24:25,460 - INFO - MainThread - server_logic - [DEBUG] found replica for vector: 3
2025-11-18 17:24:25,460 - INFO - MainThread - server_logic - [DEBUG] to me replica for vector: 3
2025-11-18 17:24:25,460 - INFO - MainThread - server_logic - [DEBUG] found replica for vector: 1
2025-11-18 17:24:25,460 - INFO - MainThread - server_logic - [DEBUG] found replica for vector: 2
2025-11-18 17:24:25,460 - INFO - MainThread - server_logic - [DEBUG] found replica for vector: 3
2025-11-18 17:24:25,460 - INFO - MainThread - server_logic - [DEBUG] found replica for vector: 4
2025-11-18 17:24:25,460 - INFO - MainThread - server_logic - [DEBUG] found replica for vector: 1
2025-11-18 17:24:25,460 - INFO - MainThread - server_logic - [DEBUG] found replica for vector: 2
2025-11-18 17:24:25,460 - INFO - MainThread - server_logic - [DEBUG] found replica for vector: 3
2025-11-18 17:24:25,460 - INFO - MainThread - server_logic - [DEBUG] found replica for vector: 4
2025-11-18 17:24:25,460 - INFO - MainThread - server_logic - [DEBUG] found replica for vector: 1
2025-11-18 17:24:25,460 - INFO - MainThread - server_logic - [DEBUG] found replica for vector: 2
2025-11-18 17:24:25,460 - INFO - MainThread - server_logic - [DEBUG] found replica for vector: 3
2025-11-18 17:24:25,460 - INFO - MainThread - server_logic - [DEBUG] found replica for vector: 4
2025-11-18 17:24:25,460 - INFO - MainThread - server_logic - [DEBUG] found replica for vector: 1
2025-11-18 17:24:25,460 - INFO - MainThread - server_logic - [DEBUG] found replica for vector: 2
2025-11-18 17:24:25,460 - INFO - MainThread - server_logic - [DEBUG] found replica for vector: 3
2025-11-18 17:24:25,460 - INFO - MainThread - server_logic - [DEBUG] found replica for vector: 4
2025-11-18 17:24:25,460 - INFO - MainThread - server_logic - [DEBUG] found replica for vector: 1
2025-11-18 17:24:25,460 - INFO - MainThread - server_logic - [DEBUG] found replica for vector: 2
2025-11-18 17:24:25,460 - INFO - MainThread - server_logic - [DEBUG] found replica for vector: 3
2025-11-18 17:24:25,461 - INFO - MainThread - server_logic - [DEBUG] found replica for vector: 4
2025-11-18 17:24:25,461 - INFO - MainThread - server_logic - [DEBUG] found replica for vector: 1
2025-11-18 17:24:25,461 - INFO - MainThread - server_logic - [DEBUG] found replica for vector: 2
2025-11-18 17:24:25,461 - INFO - MainThread - server_logic - [DEBUG] found replica for vector: 3
2025-11-18 17:24:25,461 - INFO - MainThread - server_logic - [DEBUG] found replica for vector: 4
2025-11-18 17:24:25,461 - INFO - MainThread - server_logic - [DEBUG] found replica for vector: 1
2025-11-18 17:24:25,461 - INFO - MainThread - server_logic - [DEBUG] found replica for vector: 2
2025-11-18 17:24:25,461 - INFO - MainThread - server_logic - [DEBUG] found replica for vector: 3
2025-11-18 17:24:25,461 - INFO - MainThread - server_logic - [DEBUG] found replica for vector: 4
2025-11-18 17:24:25,461 - INFO - MainThread - server_logic - [DEBUG] found replica for vector: 1
2025-11-18 17:24:25,461 - INFO - MainThread - server_logic - [DEBUG] found replica for vector: 2
2025-11-18 17:24:25,461 - INFO - MainThread - server_logic - [DEBUG] found replica for vector: 3
2025-11-18 17:24:25,461 - INFO - MainThread - server_logic - [DEBUG] to me replica for vector: 3
2025-11-18 17:24:25,461 - INFO - MainThread - server_logic - [DEBUG] found replica for vector: 1
2025-11-18 17:24:25,461 - INFO - MainThread - server_logic - [DEBUG] found replica for vector: 2
2025-11-18 17:24:25,461 - INFO - MainThread - server_logic - [DEBUG] found replica for vector: 3
2025-11-18 17:24:25,461 - INFO - MainThread - server_logic - [DEBUG] found replica for vector: 4
2025-11-18 17:24:25,461 - INFO - MainThread - server_logic - [DEBUG] found replica for vector: 1
2025-11-18 17:24:25,461 - INFO - MainThread - server_logic - [DEBUG] found replica for vector: 2
2025-11-18 17:24:25,461 - INFO - MainThread - server_logic - [DEBUG] found replica for vector: 3
2025-11-18 17:24:25,461 - INFO - MainThread - server_logic - [DEBUG] found replica for vector: 4
2025-11-18 17:24:25,461 - INFO - MainThread - server_logic - [DEBUG] found replica for vector: 1
2025-11-18 17:24:25,461 - INFO - MainThread - server_logic - [DEBUG] found replica for vector: 2
2025-11-18 17:24:25,461 - INFO - MainThread - server_logic - [DEBUG] found replica for vector: 3
2025-11-18 17:24:25,461 - INFO - MainThread - server_logic - [DEBUG] found replica for vector: 4
2025-11-18 17:24:25,461 - INFO - MainThread - server_logic - [DEBUG] found replica for vector: 1
2025-11-18 17:24:25,461 - INFO - MainThread - server_logic - [DEBUG] found replica for vector: 2
2025-11-18 17:24:25,461 - INFO - MainThread - server_logic - [DEBUG] found replica for vector: 3
2025-11-18 17:24:25,461 - INFO - MainThread - server_logic - [DEBUG] to me replica for vector: 3
2025-11-18 17:24:25,461 - INFO - MainThread - server_logic - [DEBUG] found replica for vector: 1
2025-11-18 17:24:25,461 - INFO - MainThread - server_logic - [DEBUG] found replica for vector: 2
2025-11-18 17:24:25,461 - INFO - MainThread - server_logic - [DEBUG] found replica for vector: 3
2025-11-18 17:24:25,461 - INFO - MainThread - server_logic - [DEBUG] to me replica for vector: 3
2025-11-18 17:24:25,461 - INFO - MainThread - server_logic - [DEBUG] found replica for vector: 1
2025-11-18 17:24:25,461 - INFO - MainThread - server_logic - [DEBUG] found replica for vector: 2
2025-11-18 17:24:25,461 - INFO - MainThread - server_logic - [DEBUG] found replica for vector: 3
2025-11-18 17:24:25,461 - INFO - MainThread - server_logic - [DEBUG] found replica for vector: 4
2025-11-18 17:24:25,461 - INFO - MainThread - server_logic - [DEBUG] found replica for vector: 1
2025-11-18 17:24:25,461 - INFO - MainThread - server_logic - [DEBUG] found replica for vector: 2
2025-11-18 17:24:25,461 - INFO - MainThread - server_logic - [DEBUG] found replica for vector: 3
2025-11-18 17:24:25,461 - INFO - MainThread - server_logic - [DEBUG] found replica for vector: 4
2025-11-18 17:24:25,461 - INFO - MainThread - server_logic - [DEBUG] found replica for vector: 1
2025-11-18 17:24:25,461 - INFO - MainThread - server_logic - [DEBUG] found replica for vector: 2
2025-11-18 17:24:25,461 - INFO - MainThread - server_logic - [DEBUG] found replica for vector: 3
2025-11-18 17:24:25,461 - INFO - MainThread - server_logic - [DEBUG] found replica for vector: 4
2025-11-18 17:24:25,461 - INFO - MainThread - server_logic - [DEBUG] found replica for vector: 1
2025-11-18 17:24:25,461 - INFO - MainThread - server_logic - [DEBUG] found replica for vector: 2
2025-11-18 17:24:25,461 - INFO - MainThread - server_logic - [DEBUG] found replica for vector: 3
2025-11-18 17:24:25,461 - INFO - MainThread - server_logic - [DEBUG] found replica for vector: 4
2025-11-18 17:24:25,461 - INFO - MainThread - server_logic - [DEBUG] found replica for vector: 1
2025-11-18 17:24:25,461 - INFO - MainThread - server_logic - [DEBUG] found replica for vector: 2
2025-11-18 17:24:25,461 - INFO - MainThread - server_logic - [DEBUG] found replica for vector: 3
2025-11-18 17:24:25,461 - INFO - MainThread - server_logic - [DEBUG] found replica for vector: 4
2025-11-18 17:24:25,461 - INFO - MainThread - server_logic - [DEBUG] found replica for vector: 1
2025-11-18 17:24:25,461 - INFO - MainThread - server_logic - [DEBUG] found replica for vector: 2
2025-11-18 17:24:25,461 - INFO - MainThread - server_logic - [DEBUG] found replica for vector: 3
2025-11-18 17:24:25,461 - INFO - MainThread - server_logic - [DEBUG] found replica for vector: 4
2025-11-18 17:24:25,461 - INFO - MainThread - server_logic - [DEBUG] found replica for vector: 1
2025-11-18 17:24:25,462 - INFO - MainThread - server_logic - [DEBUG] found replica for vector: 2
2025-11-18 17:24:25,462 - INFO - MainThread - server_logic - [DEBUG] found replica for vector: 3
2025-11-18 17:24:25,462 - INFO - MainThread - server_logic - [DEBUG] found replica for vector: 4
2025-11-18 17:24:25,462 - INFO - MainThread - server_logic - [Router] Distribution: Peer node1: 60, Peer node2: 66, Peer node3: 66, Peer node4: 66, Peer node5: 66, Peer node6: 66, Peer node7: 66, Peer node8: 66, Peer node9: 66, Peer node10: 64, Peer node11: 64, Peer node12: 64, Peer node14: 60, Peer node15: 60, Peer node16: 60, Me (node13): 64
2025-11-18 17:24:25,462 - INFO - MainThread - server_logic - --> [Peer Send] Sending 60 vectors to Peer node1 (localhost:9001) | Status: clustered
2025-11-18 17:24:25,531 - INFO - MainThread - server_logic - --> [Peer Send] Success: Sent vectors to node1
2025-11-18 17:24:25,531 - INFO - MainThread - server_logic - --> [Peer Send] Sending 66 vectors to Peer node2 (localhost:9002) | Status: clustered
2025-11-18 17:24:25,636 - INFO - MainThread - server_logic - --> [Peer Send] Success: Sent vectors to node2
2025-11-18 17:24:25,637 - INFO - MainThread - server_logic - --> [Peer Send] Sending 66 vectors to Peer node3 (localhost:9003) | Status: clustered
2025-11-18 17:24:25,714 - INFO - MainThread - server_logic - --> [Peer Send] Success: Sent vectors to node3
2025-11-18 17:24:25,714 - INFO - MainThread - server_logic - --> [Peer Send] Sending 66 vectors to Peer node4 (localhost:9004) | Status: clustered
2025-11-18 17:24:25,786 - INFO - MainThread - server_logic - --> [Peer Send] Success: Sent vectors to node4
2025-11-18 17:24:25,786 - INFO - MainThread - server_logic - --> [Peer Send] Sending 66 vectors to Peer node5 (localhost:9005) | Status: clustered
2025-11-18 17:24:25,859 - INFO - MainThread - server_logic - --> [Peer Send] Success: Sent vectors to node5
2025-11-18 17:24:25,859 - INFO - MainThread - server_logic - --> [Peer Send] Sending 66 vectors to Peer node6 (localhost:9006) | Status: clustered
2025-11-18 17:24:25,931 - INFO - MainThread - server_logic - --> [Peer Send] Success: Sent vectors to node6
2025-11-18 17:24:25,931 - INFO - MainThread - server_logic - --> [Peer Send] Sending 66 vectors to Peer node7 (localhost:9007) | Status: clustered
2025-11-18 17:24:26,001 - INFO - MainThread - server_logic - --> [Peer Send] Success: Sent vectors to node7
2025-11-18 17:24:26,001 - INFO - MainThread - server_logic - --> [Peer Send] Sending 66 vectors to Peer node8 (localhost:9008) | Status: clustered
2025-11-18 17:24:26,073 - INFO - MainThread - server_logic - --> [Peer Send] Success: Sent vectors to node8
2025-11-18 17:24:26,073 - INFO - MainThread - server_logic - --> [Peer Send] Sending 66 vectors to Peer node9 (localhost:9009) | Status: clustered
2025-11-18 17:24:26,145 - INFO - MainThread - server_logic - --> [Peer Send] Success: Sent vectors to node9
2025-11-18 17:24:26,145 - INFO - MainThread - server_logic - --> [Peer Send] Sending 64 vectors to Peer node10 (localhost:9010) | Status: clustered
2025-11-18 17:24:26,216 - INFO - MainThread - server_logic - --> [Peer Send] Success: Sent vectors to node10
2025-11-18 17:24:26,216 - INFO - MainThread - server_logic - --> [Peer Send] Sending 64 vectors to Peer node11 (localhost:9011) | Status: clustered
2025-11-18 17:24:26,284 - INFO - MainThread - server_logic - --> [Peer Send] Success: Sent vectors to node11
2025-11-18 17:24:26,284 - INFO - MainThread - server_logic - --> [Peer Send] Sending 64 vectors to Peer node12 (localhost:9012) | Status: clustered
2025-11-18 17:24:26,356 - INFO - MainThread - server_logic - --> [Peer Send] Success: Sent vectors to node12
2025-11-18 17:24:26,356 - INFO - MainThread - server_logic - --> [Peer Send] Sending 60 vectors to Peer node14 (localhost:9014) | Status: clustered
2025-11-18 17:24:26,425 - INFO - MainThread - server_logic - --> [Peer Send] Success: Sent vectors to node14
2025-11-18 17:24:26,425 - INFO - MainThread - server_logic - --> [Peer Send] Sending 60 vectors to Peer node15 (localhost:9015) | Status: clustered
2025-11-18 17:24:26,491 - INFO - MainThread - server_logic - --> [Peer Send] Success: Sent vectors to node15
2025-11-18 17:24:26,491 - INFO - MainThread - server_logic - --> [Peer Send] Sending 60 vectors to Peer node16 (localhost:9016) | Status: clustered
2025-11-18 17:24:26,559 - INFO - MainThread - server_logic - --> [Peer Send] Success: Sent vectors to node16
2025-11-18 17:24:26,559 - INFO - MainThread - server_logic - [Add Vectors] Processing 64 vectors. Sender Status: clustered. Current Node Status: clustered
2025-11-18 17:24:26,559 - INFO - MainThread - server_logic - [Add Vectors] Direct Insert: Storing 64 vectors in local Qdrant (Sender is clustered).
2025-11-18 17:24:26,612 - INFO - MainThread - httpx - HTTP Request: GET http://localhost:6357 "HTTP/1.1 200 OK"
2025-11-18 17:24:26,612 - INFO - MainThread - qdrant_module - [Qdrant] Attempting to insert 64 vectors into vectors on http://localhost:6357...
2025-11-18 17:24:26,624 - INFO - MainThread - qdrant_module - [Qdrant] Success: Inserted 64 vectors.
2025-11-18 17:24:26,625 - INFO - MainThread - __main__ - API: /add completed
2025-11-18 17:24:26,626 - INFO - MainThread - uvicorn.access - 127.0.0.1:54322 - "POST /add HTTP/1.1" 200
2025-11-18 17:24:27,556 - INFO - ThreadPoolExecutor-0_0 - grpc_handler - [GRPC IN] ReceiveVectors called. ReqID: 142, Type: clustered, Count: 78
2025-11-18 17:24:27,557 - INFO - ThreadPoolExecutor-0_0 - server_logic - [Add Vectors] Processing 78 vectors. Sender Status: clustered. Current Node Status: clustered
2025-11-18 17:24:27,557 - INFO - ThreadPoolExecutor-0_0 - server_logic - [Add Vectors] Direct Insert: Storing 78 vectors in local Qdrant (Sender is clustered).
2025-11-18 17:24:27,610 - INFO - ThreadPoolExecutor-0_0 - httpx - HTTP Request: GET http://localhost:6357 "HTTP/1.1 200 OK"
2025-11-18 17:24:27,611 - INFO - ThreadPoolExecutor-0_0 - qdrant_module - [Qdrant] Attempting to insert 78 vectors into vectors on http://localhost:6357...
2025-11-18 17:24:27,624 - INFO - ThreadPoolExecutor-0_0 - qdrant_module - [Qdrant] Success: Inserted 78 vectors.
2025-11-18 17:24:27,625 - INFO - ThreadPoolExecutor-0_0 - grpc_handler - [GRPC IN] ReceiveVectors processed successfully.
2025-11-18 17:24:28,773 - INFO - ThreadPoolExecutor-0_0 - grpc_handler - [GRPC IN] ReceiveVectors called. ReqID: 143, Type: clustered, Count: 81
2025-11-18 17:24:28,774 - INFO - ThreadPoolExecutor-0_0 - server_logic - [Add Vectors] Processing 81 vectors. Sender Status: clustered. Current Node Status: clustered
2025-11-18 17:24:28,775 - INFO - ThreadPoolExecutor-0_0 - server_logic - [Add Vectors] Direct Insert: Storing 81 vectors in local Qdrant (Sender is clustered).
2025-11-18 17:24:28,826 - INFO - ThreadPoolExecutor-0_0 - httpx - HTTP Request: GET http://localhost:6357 "HTTP/1.1 200 OK"
2025-11-18 17:24:28,826 - INFO - ThreadPoolExecutor-0_0 - qdrant_module - [Qdrant] Attempting to insert 81 vectors into vectors on http://localhost:6357...
2025-11-18 17:24:28,841 - INFO - ThreadPoolExecutor-0_0 - qdrant_module - [Qdrant] Success: Inserted 81 vectors.
2025-11-18 17:24:28,842 - INFO - ThreadPoolExecutor-0_0 - grpc_handler - [GRPC IN] ReceiveVectors processed successfully.
2025-11-18 17:24:30,001 - INFO - ThreadPoolExecutor-0_0 - grpc_handler - [GRPC IN] ReceiveVectors called. ReqID: 144, Type: clustered, Count: 74
2025-11-18 17:24:30,002 - INFO - ThreadPoolExecutor-0_0 - server_logic - [Add Vectors] Processing 74 vectors. Sender Status: clustered. Current Node Status: clustered
2025-11-18 17:24:30,002 - INFO - ThreadPoolExecutor-0_0 - server_logic - [Add Vectors] Direct Insert: Storing 74 vectors in local Qdrant (Sender is clustered).
2025-11-18 17:24:30,062 - INFO - ThreadPoolExecutor-0_0 - httpx - HTTP Request: GET http://localhost:6357 "HTTP/1.1 200 OK"
2025-11-18 17:24:30,062 - INFO - ThreadPoolExecutor-0_0 - qdrant_module - [Qdrant] Attempting to insert 74 vectors into vectors on http://localhost:6357...
2025-11-18 17:24:30,076 - INFO - ThreadPoolExecutor-0_0 - qdrant_module - [Qdrant] Success: Inserted 74 vectors.
2025-11-18 17:24:30,079 - INFO - ThreadPoolExecutor-0_0 - grpc_handler - [GRPC IN] ReceiveVectors processed successfully.
2025-11-18 17:24:31,807 - INFO - ThreadPoolExecutor-0_0 - grpc_handler - [GRPC IN] QueryPeer called. ReqID: 145, TopK: 5, Vectors: 2
2025-11-18 17:24:31,807 - INFO - ThreadPoolExecutor-0_0 - server_logic - [Local Query] Querying local Qdrant for 2 vectors.
2025-11-18 17:24:31,860 - INFO - ThreadPoolExecutor-0_0 - httpx - HTTP Request: GET http://localhost:6357 "HTTP/1.1 200 OK"
2025-11-18 17:24:31,861 - INFO - ThreadPoolExecutor-0_0 - qdrant_module - [Qdrant] Executing batch search for 2 vectors on http://localhost:6357...
2025-11-18 17:24:31,871 - INFO - ThreadPoolExecutor-0_0 - qdrant_module - [Qdrant] Success: found 10 results
2025-11-18 17:24:31,873 - INFO - ThreadPoolExecutor-0_0 - grpc_handler - [GRPC IN] QueryPeer returning 10 results.
2025-11-18 17:24:35,386 - INFO - MainThread - httpx - HTTP Request: GET http://localhost:6357 "HTTP/1.1 200 OK"
2025-11-18 17:24:35,396 - INFO - MainThread - uvicorn.access - 127.0.0.1:54591 - "GET /count_peer HTTP/1.1" 200
2025-11-18 17:24:39,043 - INFO - MainThread - uvicorn.error - Shutting down
2025-11-18 17:24:39,145 - INFO - MainThread - uvicorn.error - Waiting for application shutdown.
2025-11-18 17:24:39,145 - INFO - MainThread - uvicorn.error - Application shutdown complete.
2025-11-18 17:24:39,145 - INFO - MainThread - uvicorn.error - Finished server process [62130]
