2025-11-18 17:22:09,339 - INFO - MainThread - __main__ - *** SERVER STARTUP: node12 ***
2025-11-18 17:22:09,339 - INFO - MainThread - __main__ - Config: URL=http://localhost:8012, GRPC=localhost:9012, Qdrant=http://localhost:6355
2025-11-18 17:22:09,339 - INFO - MainThread - server_logic - ServerApp initialized: ID=node12, URL=http://localhost:8012, Coords=http://localhost:8001
2025-11-18 17:22:09,339 - INFO - MainThread - __main__ - Starting Uvicorn HTTP server on port 8012
2025-11-18 17:22:09,345 - INFO - GRPC-Thread - __main__ - gRPC server started on port 9012
2025-11-18 17:22:09,359 - INFO - MainThread - uvicorn.error - Started server process [62129]
2025-11-18 17:22:09,359 - INFO - MainThread - uvicorn.error - Waiting for application startup.
2025-11-18 17:22:09,360 - INFO - MainThread - uvicorn.error - Application startup complete.
2025-11-18 17:22:09,360 - INFO - MainThread - uvicorn.error - Uvicorn running on http://0.0.0.0:8012 (Press CTRL+C to quit)
2025-11-18 17:22:09,860 - INFO - MainThread - uvicorn.access - 127.0.0.1:49584 - "GET / HTTP/1.1" 200
2025-11-18 17:22:30,430 - INFO - MainThread - server_logic - [Add Peers] Adding 15 peers: [('node1', 'http://localhost:8001', 'localhost:9001'), ('node2', 'http://localhost:8002', 'localhost:9002'), ('node3', 'http://localhost:8003', 'localhost:9003'), ('node4', 'http://localhost:8004', 'localhost:9004'), ('node5', 'http://localhost:8005', 'localhost:9005'), ('node6', 'http://localhost:8006', 'localhost:9006'), ('node7', 'http://localhost:8007', 'localhost:9007'), ('node8', 'http://localhost:8008', 'localhost:9008'), ('node9', 'http://localhost:8009', 'localhost:9009'), ('node10', 'http://localhost:8010', 'localhost:9010'), ('node11', 'http://localhost:8011', 'localhost:9011'), ('node13', 'http://localhost:8013', 'localhost:9013'), ('node14', 'http://localhost:8014', 'localhost:9014'), ('node15', 'http://localhost:8015', 'localhost:9015'), ('node16', 'http://localhost:8016', 'localhost:9016')]
2025-11-18 17:22:30,430 - INFO - MainThread - uvicorn.access - 127.0.0.1:49627 - "POST /register_peers HTTP/1.1" 200
2025-11-18 17:22:31,622 - INFO - MainThread - __main__ - API: /add called. ReqID: 28, Vectors: 256
2025-11-18 17:22:31,622 - INFO - MainThread - server_logic - [Client Request] Client wants to add 256 vectors. My Status: bootstrap
2025-11-18 17:22:31,622 - INFO - MainThread - server_logic - [Client Request] Forwarding 256 vectors to Coordinator node1.
2025-11-18 17:22:31,622 - INFO - MainThread - server_logic - --> [Peer Send] Sending 256 vectors to Peer node1 (localhost:9001) | Status: bootstrap
2025-11-18 17:22:31,649 - INFO - MainThread - server_logic - --> [Peer Send] Success: Sent vectors to node1
2025-11-18 17:22:31,650 - INFO - MainThread - __main__ - API: /add completed
2025-11-18 17:22:31,650 - INFO - MainThread - uvicorn.access - 127.0.0.1:49669 - "POST /add HTTP/1.1" 200
2025-11-18 17:22:33,989 - INFO - MainThread - __main__ - API: /add called. ReqID: 44, Vectors: 256
2025-11-18 17:22:33,990 - INFO - MainThread - server_logic - [Client Request] Client wants to add 256 vectors. My Status: bootstrap
2025-11-18 17:22:33,990 - INFO - MainThread - server_logic - [Client Request] Forwarding 256 vectors to Coordinator node1.
2025-11-18 17:22:33,990 - INFO - MainThread - server_logic - --> [Peer Send] Sending 256 vectors to Peer node1 (localhost:9001) | Status: bootstrap
2025-11-18 17:22:34,144 - INFO - MainThread - server_logic - --> [Peer Send] Success: Sent vectors to node1
2025-11-18 17:22:34,145 - INFO - MainThread - __main__ - API: /add completed
2025-11-18 17:22:34,145 - INFO - MainThread - uvicorn.access - 127.0.0.1:49716 - "POST /add HTTP/1.1" 200
2025-11-18 17:22:36,672 - INFO - ThreadPoolExecutor-0_0 - grpc_handler - [GRPC IN] ReceiveVectors called. ReqID: 50, Type: clustered, Count: 60
2025-11-18 17:22:36,675 - INFO - ThreadPoolExecutor-0_0 - server_logic - [Add Vectors] Processing 60 vectors. Sender Status: clustered. Current Node Status: bootstrap
2025-11-18 17:22:36,676 - INFO - ThreadPoolExecutor-0_0 - server_logic - [Add Vectors] Direct Insert: Storing 60 vectors in local Qdrant (Sender is clustered).
2025-11-18 17:22:36,770 - INFO - ThreadPoolExecutor-0_0 - httpx - HTTP Request: GET http://localhost:6355 "HTTP/1.1 200 OK"
2025-11-18 17:22:36,771 - INFO - ThreadPoolExecutor-0_0 - qdrant_module - [Qdrant] Attempting to insert 60 vectors into vectors on http://localhost:6355...
2025-11-18 17:22:36,787 - INFO - ThreadPoolExecutor-0_0 - qdrant_module - [Qdrant] Success: Inserted 60 vectors.
2025-11-18 17:22:36,788 - INFO - ThreadPoolExecutor-0_0 - grpc_handler - [GRPC IN] ReceiveVectors processed successfully.
2025-11-18 17:22:37,365 - INFO - ThreadPoolExecutor-0_0 - grpc_handler - [GRPC IN] SetClusters called. ReqID: 24
2025-11-18 17:22:37,369 - INFO - ThreadPoolExecutor-0_0 - server_logic - [Set Clusters] Received assignment (ReqID: 24).
2025-11-18 17:22:37,372 - INFO - ThreadPoolExecutor-0_0 - server_logic - [Set Clusters] Storing 537 assigned vectors locally.
2025-11-18 17:22:37,372 - INFO - ThreadPoolExecutor-0_0 - server_logic - [Add Vectors] Processing 537 vectors. Sender Status: clustered. Current Node Status: clustered
2025-11-18 17:22:37,372 - INFO - ThreadPoolExecutor-0_0 - server_logic - [Add Vectors] Direct Insert: Storing 537 vectors in local Qdrant (Sender is clustered).
2025-11-18 17:22:37,430 - INFO - ThreadPoolExecutor-0_0 - httpx - HTTP Request: GET http://localhost:6355 "HTTP/1.1 200 OK"
2025-11-18 17:22:37,431 - INFO - ThreadPoolExecutor-0_0 - qdrant_module - [Qdrant] Attempting to insert 537 vectors into vectors on http://localhost:6355...
2025-11-18 17:22:37,488 - INFO - ThreadPoolExecutor-0_0 - qdrant_module - [Qdrant] Success: Inserted 537 vectors.
2025-11-18 17:22:37,541 - INFO - ThreadPoolExecutor-0_0 - httpx - HTTP Request: GET http://localhost:6355 "HTTP/1.1 200 OK"
2025-11-18 17:22:37,546 - INFO - ThreadPoolExecutor-0_0 - server_logic - [Set Clusters] Complete. My Total Count: 597
2025-11-18 17:22:37,546 - INFO - ThreadPoolExecutor-0_0 - grpc_handler - [GRPC IN] SetClusters applied successfully.
2025-11-18 17:22:38,182 - INFO - ThreadPoolExecutor-0_0 - grpc_handler - [GRPC IN] ReceiveVectors called. ReqID: 51, Type: clustered, Count: 74
2025-11-18 17:22:38,183 - INFO - ThreadPoolExecutor-0_0 - server_logic - [Add Vectors] Processing 74 vectors. Sender Status: clustered. Current Node Status: clustered
2025-11-18 17:22:38,183 - INFO - ThreadPoolExecutor-0_0 - server_logic - [Add Vectors] Direct Insert: Storing 74 vectors in local Qdrant (Sender is clustered).
2025-11-18 17:22:38,245 - INFO - ThreadPoolExecutor-0_0 - httpx - HTTP Request: GET http://localhost:6355 "HTTP/1.1 200 OK"
2025-11-18 17:22:38,245 - INFO - ThreadPoolExecutor-0_0 - qdrant_module - [Qdrant] Attempting to insert 74 vectors into vectors on http://localhost:6355...
2025-11-18 17:22:38,262 - INFO - ThreadPoolExecutor-0_0 - qdrant_module - [Qdrant] Success: Inserted 74 vectors.
2025-11-18 17:22:38,264 - INFO - ThreadPoolExecutor-0_0 - grpc_handler - [GRPC IN] ReceiveVectors processed successfully.
2025-11-18 17:22:39,435 - INFO - ThreadPoolExecutor-0_0 - grpc_handler - [GRPC IN] ReceiveVectors called. ReqID: 52, Type: clustered, Count: 80
2025-11-18 17:22:39,436 - INFO - ThreadPoolExecutor-0_0 - server_logic - [Add Vectors] Processing 80 vectors. Sender Status: clustered. Current Node Status: clustered
2025-11-18 17:22:39,436 - INFO - ThreadPoolExecutor-0_0 - server_logic - [Add Vectors] Direct Insert: Storing 80 vectors in local Qdrant (Sender is clustered).
2025-11-18 17:22:39,489 - INFO - ThreadPoolExecutor-0_0 - httpx - HTTP Request: GET http://localhost:6355 "HTTP/1.1 200 OK"
2025-11-18 17:22:39,489 - INFO - ThreadPoolExecutor-0_0 - qdrant_module - [Qdrant] Attempting to insert 80 vectors into vectors on http://localhost:6355...
2025-11-18 17:22:39,500 - INFO - ThreadPoolExecutor-0_0 - qdrant_module - [Qdrant] Success: Inserted 80 vectors.
2025-11-18 17:22:39,502 - INFO - ThreadPoolExecutor-0_0 - grpc_handler - [GRPC IN] ReceiveVectors processed successfully.
2025-11-18 17:22:40,787 - INFO - ThreadPoolExecutor-0_0 - grpc_handler - [GRPC IN] ReceiveVectors called. ReqID: 53, Type: clustered, Count: 68
2025-11-18 17:22:40,788 - INFO - ThreadPoolExecutor-0_0 - server_logic - [Add Vectors] Processing 68 vectors. Sender Status: clustered. Current Node Status: clustered
2025-11-18 17:22:40,788 - INFO - ThreadPoolExecutor-0_0 - server_logic - [Add Vectors] Direct Insert: Storing 68 vectors in local Qdrant (Sender is clustered).
2025-11-18 17:22:40,841 - INFO - ThreadPoolExecutor-0_0 - httpx - HTTP Request: GET http://localhost:6355 "HTTP/1.1 200 OK"
2025-11-18 17:22:40,841 - INFO - ThreadPoolExecutor-0_0 - qdrant_module - [Qdrant] Attempting to insert 68 vectors into vectors on http://localhost:6355...
2025-11-18 17:22:40,850 - INFO - ThreadPoolExecutor-0_0 - qdrant_module - [Qdrant] Success: Inserted 68 vectors.
2025-11-18 17:22:40,851 - INFO - ThreadPoolExecutor-0_0 - grpc_handler - [GRPC IN] ReceiveVectors processed successfully.
2025-11-18 17:22:41,386 - INFO - ThreadPoolExecutor-0_0 - grpc_handler - [GRPC IN] ReceiveVectors called. ReqID: 24, Type: clustered, Count: 1899
2025-11-18 17:22:41,418 - INFO - ThreadPoolExecutor-0_0 - server_logic - [Add Vectors] Processing 1899 vectors. Sender Status: clustered. Current Node Status: clustered
2025-11-18 17:22:41,418 - INFO - ThreadPoolExecutor-0_0 - server_logic - [Add Vectors] Direct Insert: Storing 1899 vectors in local Qdrant (Sender is clustered).
2025-11-18 17:22:41,472 - INFO - ThreadPoolExecutor-0_0 - httpx - HTTP Request: GET http://localhost:6355 "HTTP/1.1 200 OK"
2025-11-18 17:22:41,473 - INFO - ThreadPoolExecutor-0_0 - qdrant_module - [Qdrant] Attempting to insert 1899 vectors into vectors on http://localhost:6355...
2025-11-18 17:22:41,641 - INFO - ThreadPoolExecutor-0_0 - qdrant_module - [Qdrant] Success: Inserted 1899 vectors.
2025-11-18 17:22:41,644 - INFO - ThreadPoolExecutor-0_0 - grpc_handler - [GRPC IN] ReceiveVectors processed successfully.
2025-11-18 17:22:41,964 - INFO - ThreadPoolExecutor-0_0 - grpc_handler - [GRPC IN] ReceiveVectors called. ReqID: 54, Type: clustered, Count: 75
2025-11-18 17:22:41,965 - INFO - ThreadPoolExecutor-0_0 - server_logic - [Add Vectors] Processing 75 vectors. Sender Status: clustered. Current Node Status: clustered
2025-11-18 17:22:41,965 - INFO - ThreadPoolExecutor-0_0 - server_logic - [Add Vectors] Direct Insert: Storing 75 vectors in local Qdrant (Sender is clustered).
2025-11-18 17:22:42,016 - INFO - ThreadPoolExecutor-0_0 - httpx - HTTP Request: GET http://localhost:6355 "HTTP/1.1 200 OK"
2025-11-18 17:22:42,017 - INFO - ThreadPoolExecutor-0_0 - qdrant_module - [Qdrant] Attempting to insert 75 vectors into vectors on http://localhost:6355...
2025-11-18 17:22:42,026 - INFO - ThreadPoolExecutor-0_0 - qdrant_module - [Qdrant] Success: Inserted 75 vectors.
2025-11-18 17:22:42,027 - INFO - ThreadPoolExecutor-0_0 - grpc_handler - [GRPC IN] ReceiveVectors processed successfully.
2025-11-18 17:22:43,196 - INFO - ThreadPoolExecutor-0_0 - grpc_handler - [GRPC IN] ReceiveVectors called. ReqID: 55, Type: clustered, Count: 86
2025-11-18 17:22:43,197 - INFO - ThreadPoolExecutor-0_0 - server_logic - [Add Vectors] Processing 86 vectors. Sender Status: clustered. Current Node Status: clustered
2025-11-18 17:22:43,197 - INFO - ThreadPoolExecutor-0_0 - server_logic - [Add Vectors] Direct Insert: Storing 86 vectors in local Qdrant (Sender is clustered).
2025-11-18 17:22:43,249 - INFO - ThreadPoolExecutor-0_0 - httpx - HTTP Request: GET http://localhost:6355 "HTTP/1.1 200 OK"
2025-11-18 17:22:43,249 - INFO - ThreadPoolExecutor-0_0 - qdrant_module - [Qdrant] Attempting to insert 86 vectors into vectors on http://localhost:6355...
2025-11-18 17:22:43,264 - INFO - ThreadPoolExecutor-0_0 - qdrant_module - [Qdrant] Success: Inserted 86 vectors.
2025-11-18 17:22:43,265 - INFO - ThreadPoolExecutor-0_0 - grpc_handler - [GRPC IN] ReceiveVectors processed successfully.
2025-11-18 17:22:44,403 - INFO - ThreadPoolExecutor-0_0 - grpc_handler - [GRPC IN] ReceiveVectors called. ReqID: 56, Type: clustered, Count: 68
2025-11-18 17:22:44,404 - INFO - ThreadPoolExecutor-0_0 - server_logic - [Add Vectors] Processing 68 vectors. Sender Status: clustered. Current Node Status: clustered
2025-11-18 17:22:44,404 - INFO - ThreadPoolExecutor-0_0 - server_logic - [Add Vectors] Direct Insert: Storing 68 vectors in local Qdrant (Sender is clustered).
2025-11-18 17:22:44,455 - INFO - ThreadPoolExecutor-0_0 - httpx - HTTP Request: GET http://localhost:6355 "HTTP/1.1 200 OK"
2025-11-18 17:22:44,455 - INFO - ThreadPoolExecutor-0_0 - qdrant_module - [Qdrant] Attempting to insert 68 vectors into vectors on http://localhost:6355...
2025-11-18 17:22:44,468 - INFO - ThreadPoolExecutor-0_0 - qdrant_module - [Qdrant] Success: Inserted 68 vectors.
2025-11-18 17:22:44,469 - INFO - ThreadPoolExecutor-0_0 - grpc_handler - [GRPC IN] ReceiveVectors processed successfully.
2025-11-18 17:22:45,617 - INFO - ThreadPoolExecutor-0_0 - grpc_handler - [GRPC IN] ReceiveVectors called. ReqID: 57, Type: clustered, Count: 83
2025-11-18 17:22:45,618 - INFO - ThreadPoolExecutor-0_0 - server_logic - [Add Vectors] Processing 83 vectors. Sender Status: clustered. Current Node Status: clustered
2025-11-18 17:22:45,618 - INFO - ThreadPoolExecutor-0_0 - server_logic - [Add Vectors] Direct Insert: Storing 83 vectors in local Qdrant (Sender is clustered).
2025-11-18 17:22:45,670 - INFO - ThreadPoolExecutor-0_0 - httpx - HTTP Request: GET http://localhost:6355 "HTTP/1.1 200 OK"
2025-11-18 17:22:45,670 - INFO - ThreadPoolExecutor-0_0 - qdrant_module - [Qdrant] Attempting to insert 83 vectors into vectors on http://localhost:6355...
2025-11-18 17:22:45,683 - INFO - ThreadPoolExecutor-0_0 - qdrant_module - [Qdrant] Success: Inserted 83 vectors.
2025-11-18 17:22:45,685 - INFO - ThreadPoolExecutor-0_0 - grpc_handler - [GRPC IN] ReceiveVectors processed successfully.
2025-11-18 17:22:46,822 - INFO - ThreadPoolExecutor-0_0 - grpc_handler - [GRPC IN] ReceiveVectors called. ReqID: 58, Type: clustered, Count: 91
2025-11-18 17:22:46,823 - INFO - ThreadPoolExecutor-0_0 - server_logic - [Add Vectors] Processing 91 vectors. Sender Status: clustered. Current Node Status: clustered
2025-11-18 17:22:46,823 - INFO - ThreadPoolExecutor-0_0 - server_logic - [Add Vectors] Direct Insert: Storing 91 vectors in local Qdrant (Sender is clustered).
2025-11-18 17:22:46,874 - INFO - ThreadPoolExecutor-0_0 - httpx - HTTP Request: GET http://localhost:6355 "HTTP/1.1 200 OK"
2025-11-18 17:22:46,874 - INFO - ThreadPoolExecutor-0_0 - qdrant_module - [Qdrant] Attempting to insert 91 vectors into vectors on http://localhost:6355...
2025-11-18 17:22:46,890 - INFO - ThreadPoolExecutor-0_0 - qdrant_module - [Qdrant] Success: Inserted 91 vectors.
2025-11-18 17:22:46,891 - INFO - ThreadPoolExecutor-0_0 - grpc_handler - [GRPC IN] ReceiveVectors processed successfully.
2025-11-18 17:22:48,049 - INFO - ThreadPoolExecutor-0_0 - grpc_handler - [GRPC IN] ReceiveVectors called. ReqID: 59, Type: clustered, Count: 69
2025-11-18 17:22:48,050 - INFO - ThreadPoolExecutor-0_0 - server_logic - [Add Vectors] Processing 69 vectors. Sender Status: clustered. Current Node Status: clustered
2025-11-18 17:22:48,050 - INFO - ThreadPoolExecutor-0_0 - server_logic - [Add Vectors] Direct Insert: Storing 69 vectors in local Qdrant (Sender is clustered).
2025-11-18 17:22:48,102 - INFO - ThreadPoolExecutor-0_0 - httpx - HTTP Request: GET http://localhost:6355 "HTTP/1.1 200 OK"
2025-11-18 17:22:48,102 - INFO - ThreadPoolExecutor-0_0 - qdrant_module - [Qdrant] Attempting to insert 69 vectors into vectors on http://localhost:6355...
2025-11-18 17:22:48,114 - INFO - ThreadPoolExecutor-0_0 - qdrant_module - [Qdrant] Success: Inserted 69 vectors.
2025-11-18 17:22:48,115 - INFO - ThreadPoolExecutor-0_0 - grpc_handler - [GRPC IN] ReceiveVectors processed successfully.
2025-11-18 17:22:48,539 - INFO - MainThread - __main__ - API: /add called. ReqID: 60, Vectors: 256
2025-11-18 17:22:48,539 - INFO - MainThread - server_logic - [Client Request] Client wants to add 256 vectors. My Status: clustered
2025-11-18 17:22:48,540 - INFO - MainThread - server_logic - [Client Request] System Clustered. Routing vectors to appropriate peers.
2025-11-18 17:22:48,540 - INFO - MainThread - server_logic - [Router] Routing 256 vectors among 16 nodes (Replicas: 4).
2025-11-18 17:22:48,540 - INFO - MainThread - server_logic - [DEBUG] found replica for vector: 1
2025-11-18 17:22:48,540 - INFO - MainThread - server_logic - [DEBUG] found replica for vector: 2
2025-11-18 17:22:48,540 - INFO - MainThread - server_logic - [DEBUG] found replica for vector: 3
2025-11-18 17:22:48,540 - INFO - MainThread - server_logic - [DEBUG] found replica for vector: 4
2025-11-18 17:22:48,540 - INFO - MainThread - server_logic - [DEBUG] found replica for vector: 1
2025-11-18 17:22:48,540 - INFO - MainThread - server_logic - [DEBUG] found replica for vector: 2
2025-11-18 17:22:48,540 - INFO - MainThread - server_logic - [DEBUG] found replica for vector: 3
2025-11-18 17:22:48,540 - INFO - MainThread - server_logic - [DEBUG] found replica for vector: 4
2025-11-18 17:22:48,540 - INFO - MainThread - server_logic - [DEBUG] found replica for vector: 1
2025-11-18 17:22:48,540 - INFO - MainThread - server_logic - [DEBUG] found replica for vector: 2
2025-11-18 17:22:48,540 - INFO - MainThread - server_logic - [DEBUG] found replica for vector: 3
2025-11-18 17:22:48,540 - INFO - MainThread - server_logic - [DEBUG] found replica for vector: 4
2025-11-18 17:22:48,540 - INFO - MainThread - server_logic - [DEBUG] found replica for vector: 1
2025-11-18 17:22:48,540 - INFO - MainThread - server_logic - [DEBUG] found replica for vector: 2
2025-11-18 17:22:48,540 - INFO - MainThread - server_logic - [DEBUG] found replica for vector: 3
2025-11-18 17:22:48,540 - INFO - MainThread - server_logic - [DEBUG] to me replica for vector: 3
2025-11-18 17:22:48,540 - INFO - MainThread - server_logic - [DEBUG] found replica for vector: 1
2025-11-18 17:22:48,540 - INFO - MainThread - server_logic - [DEBUG] found replica for vector: 2
2025-11-18 17:22:48,540 - INFO - MainThread - server_logic - [DEBUG] found replica for vector: 3
2025-11-18 17:22:48,540 - INFO - MainThread - server_logic - [DEBUG] found replica for vector: 4
2025-11-18 17:22:48,540 - INFO - MainThread - server_logic - [DEBUG] found replica for vector: 1
2025-11-18 17:22:48,540 - INFO - MainThread - server_logic - [DEBUG] found replica for vector: 2
2025-11-18 17:22:48,540 - INFO - MainThread - server_logic - [DEBUG] found replica for vector: 3
2025-11-18 17:22:48,540 - INFO - MainThread - server_logic - [DEBUG] to me replica for vector: 3
2025-11-18 17:22:48,540 - INFO - MainThread - server_logic - [DEBUG] found replica for vector: 1
2025-11-18 17:22:48,540 - INFO - MainThread - server_logic - [DEBUG] found replica for vector: 2
2025-11-18 17:22:48,540 - INFO - MainThread - server_logic - [DEBUG] found replica for vector: 3
2025-11-18 17:22:48,540 - INFO - MainThread - server_logic - [DEBUG] found replica for vector: 4
2025-11-18 17:22:48,540 - INFO - MainThread - server_logic - [DEBUG] found replica for vector: 1
2025-11-18 17:22:48,540 - INFO - MainThread - server_logic - [DEBUG] found replica for vector: 2
2025-11-18 17:22:48,540 - INFO - MainThread - server_logic - [DEBUG] found replica for vector: 3
2025-11-18 17:22:48,540 - INFO - MainThread - server_logic - [DEBUG] found replica for vector: 4
2025-11-18 17:22:48,540 - INFO - MainThread - server_logic - [DEBUG] found replica for vector: 1
2025-11-18 17:22:48,540 - INFO - MainThread - server_logic - [DEBUG] found replica for vector: 2
2025-11-18 17:22:48,540 - INFO - MainThread - server_logic - [DEBUG] found replica for vector: 3
2025-11-18 17:22:48,540 - INFO - MainThread - server_logic - [DEBUG] to me replica for vector: 3
2025-11-18 17:22:48,540 - INFO - MainThread - server_logic - [DEBUG] found replica for vector: 1
2025-11-18 17:22:48,540 - INFO - MainThread - server_logic - [DEBUG] found replica for vector: 2
2025-11-18 17:22:48,540 - INFO - MainThread - server_logic - [DEBUG] found replica for vector: 3
2025-11-18 17:22:48,540 - INFO - MainThread - server_logic - [DEBUG] to me replica for vector: 3
2025-11-18 17:22:48,540 - INFO - MainThread - server_logic - [DEBUG] found replica for vector: 1
2025-11-18 17:22:48,541 - INFO - MainThread - server_logic - [DEBUG] found replica for vector: 2
2025-11-18 17:22:48,541 - INFO - MainThread - server_logic - [DEBUG] found replica for vector: 3
2025-11-18 17:22:48,541 - INFO - MainThread - server_logic - [DEBUG] found replica for vector: 4
2025-11-18 17:22:48,541 - INFO - MainThread - server_logic - [DEBUG] found replica for vector: 1
2025-11-18 17:22:48,541 - INFO - MainThread - server_logic - [DEBUG] found replica for vector: 2
2025-11-18 17:22:48,541 - INFO - MainThread - server_logic - [DEBUG] found replica for vector: 3
2025-11-18 17:22:48,541 - INFO - MainThread - server_logic - [DEBUG] found replica for vector: 4
2025-11-18 17:22:48,541 - INFO - MainThread - server_logic - [DEBUG] found replica for vector: 1
2025-11-18 17:22:48,541 - INFO - MainThread - server_logic - [DEBUG] found replica for vector: 2
2025-11-18 17:22:48,541 - INFO - MainThread - server_logic - [DEBUG] found replica for vector: 3
2025-11-18 17:22:48,541 - INFO - MainThread - server_logic - [DEBUG] to me replica for vector: 3
2025-11-18 17:22:48,541 - INFO - MainThread - server_logic - [DEBUG] found replica for vector: 1
2025-11-18 17:22:48,541 - INFO - MainThread - server_logic - [DEBUG] found replica for vector: 2
2025-11-18 17:22:48,541 - INFO - MainThread - server_logic - [DEBUG] found replica for vector: 3
2025-11-18 17:22:48,541 - INFO - MainThread - server_logic - [DEBUG] found replica for vector: 4
2025-11-18 17:22:48,541 - INFO - MainThread - server_logic - [DEBUG] found replica for vector: 1
2025-11-18 17:22:48,541 - INFO - MainThread - server_logic - [DEBUG] found replica for vector: 2
2025-11-18 17:22:48,541 - INFO - MainThread - server_logic - [DEBUG] found replica for vector: 3
2025-11-18 17:22:48,541 - INFO - MainThread - server_logic - [DEBUG] found replica for vector: 4
2025-11-18 17:22:48,541 - INFO - MainThread - server_logic - [DEBUG] found replica for vector: 1
2025-11-18 17:22:48,541 - INFO - MainThread - server_logic - [DEBUG] found replica for vector: 2
2025-11-18 17:22:48,541 - INFO - MainThread - server_logic - [DEBUG] found replica for vector: 3
2025-11-18 17:22:48,541 - INFO - MainThread - server_logic - [DEBUG] to me replica for vector: 3
2025-11-18 17:22:48,541 - INFO - MainThread - server_logic - [DEBUG] found replica for vector: 1
2025-11-18 17:22:48,541 - INFO - MainThread - server_logic - [DEBUG] found replica for vector: 2
2025-11-18 17:22:48,541 - INFO - MainThread - server_logic - [DEBUG] found replica for vector: 3
2025-11-18 17:22:48,541 - INFO - MainThread - server_logic - [DEBUG] found replica for vector: 4
2025-11-18 17:22:48,541 - INFO - MainThread - server_logic - [DEBUG] found replica for vector: 1
2025-11-18 17:22:48,541 - INFO - MainThread - server_logic - [DEBUG] found replica for vector: 2
2025-11-18 17:22:48,541 - INFO - MainThread - server_logic - [DEBUG] found replica for vector: 3
2025-11-18 17:22:48,541 - INFO - MainThread - server_logic - [DEBUG] to me replica for vector: 3
2025-11-18 17:22:48,541 - INFO - MainThread - server_logic - [DEBUG] found replica for vector: 1
2025-11-18 17:22:48,541 - INFO - MainThread - server_logic - [DEBUG] found replica for vector: 2
2025-11-18 17:22:48,541 - INFO - MainThread - server_logic - [DEBUG] found replica for vector: 3
2025-11-18 17:22:48,541 - INFO - MainThread - server_logic - [DEBUG] found replica for vector: 4
2025-11-18 17:22:48,541 - INFO - MainThread - server_logic - [DEBUG] found replica for vector: 1
2025-11-18 17:22:48,541 - INFO - MainThread - server_logic - [DEBUG] found replica for vector: 2
2025-11-18 17:22:48,541 - INFO - MainThread - server_logic - [DEBUG] found replica for vector: 3
2025-11-18 17:22:48,541 - INFO - MainThread - server_logic - [DEBUG] found replica for vector: 4
2025-11-18 17:22:48,541 - INFO - MainThread - server_logic - [DEBUG] found replica for vector: 1
2025-11-18 17:22:48,541 - INFO - MainThread - server_logic - [DEBUG] found replica for vector: 2
2025-11-18 17:22:48,541 - INFO - MainThread - server_logic - [DEBUG] found replica for vector: 3
2025-11-18 17:22:48,541 - INFO - MainThread - server_logic - [DEBUG] found replica for vector: 4
2025-11-18 17:22:48,541 - INFO - MainThread - server_logic - [DEBUG] found replica for vector: 1
2025-11-18 17:22:48,541 - INFO - MainThread - server_logic - [DEBUG] found replica for vector: 2
2025-11-18 17:22:48,541 - INFO - MainThread - server_logic - [DEBUG] found replica for vector: 3
2025-11-18 17:22:48,541 - INFO - MainThread - server_logic - [DEBUG] found replica for vector: 4
2025-11-18 17:22:48,541 - INFO - MainThread - server_logic - [DEBUG] found replica for vector: 1
2025-11-18 17:22:48,541 - INFO - MainThread - server_logic - [DEBUG] found replica for vector: 2
2025-11-18 17:22:48,541 - INFO - MainThread - server_logic - [DEBUG] found replica for vector: 3
2025-11-18 17:22:48,541 - INFO - MainThread - server_logic - [DEBUG] to me replica for vector: 3
2025-11-18 17:22:48,541 - INFO - MainThread - server_logic - [DEBUG] found replica for vector: 1
2025-11-18 17:22:48,541 - INFO - MainThread - server_logic - [DEBUG] found replica for vector: 2
2025-11-18 17:22:48,541 - INFO - MainThread - server_logic - [DEBUG] found replica for vector: 3
2025-11-18 17:22:48,541 - INFO - MainThread - server_logic - [DEBUG] to me replica for vector: 3
2025-11-18 17:22:48,541 - INFO - MainThread - server_logic - [DEBUG] found replica for vector: 1
2025-11-18 17:22:48,542 - INFO - MainThread - server_logic - [DEBUG] found replica for vector: 2
2025-11-18 17:22:48,542 - INFO - MainThread - server_logic - [DEBUG] found replica for vector: 3
2025-11-18 17:22:48,542 - INFO - MainThread - server_logic - [DEBUG] found replica for vector: 4
2025-11-18 17:22:48,542 - INFO - MainThread - server_logic - [DEBUG] found replica for vector: 1
2025-11-18 17:22:48,542 - INFO - MainThread - server_logic - [DEBUG] found replica for vector: 2
2025-11-18 17:22:48,542 - INFO - MainThread - server_logic - [DEBUG] found replica for vector: 3
2025-11-18 17:22:48,542 - INFO - MainThread - server_logic - [DEBUG] to me replica for vector: 3
2025-11-18 17:22:48,542 - INFO - MainThread - server_logic - [DEBUG] found replica for vector: 1
2025-11-18 17:22:48,542 - INFO - MainThread - server_logic - [DEBUG] found replica for vector: 2
2025-11-18 17:22:48,542 - INFO - MainThread - server_logic - [DEBUG] found replica for vector: 3
2025-11-18 17:22:48,542 - INFO - MainThread - server_logic - [DEBUG] found replica for vector: 4
2025-11-18 17:22:48,542 - INFO - MainThread - server_logic - [DEBUG] found replica for vector: 1
2025-11-18 17:22:48,542 - INFO - MainThread - server_logic - [DEBUG] found replica for vector: 2
2025-11-18 17:22:48,542 - INFO - MainThread - server_logic - [DEBUG] found replica for vector: 3
2025-11-18 17:22:48,542 - INFO - MainThread - server_logic - [DEBUG] found replica for vector: 4
2025-11-18 17:22:48,542 - INFO - MainThread - server_logic - [DEBUG] found replica for vector: 1
2025-11-18 17:22:48,542 - INFO - MainThread - server_logic - [DEBUG] found replica for vector: 2
2025-11-18 17:22:48,542 - INFO - MainThread - server_logic - [DEBUG] found replica for vector: 3
2025-11-18 17:22:48,542 - INFO - MainThread - server_logic - [DEBUG] found replica for vector: 4
2025-11-18 17:22:48,542 - INFO - MainThread - server_logic - [DEBUG] found replica for vector: 1
2025-11-18 17:22:48,542 - INFO - MainThread - server_logic - [DEBUG] found replica for vector: 2
2025-11-18 17:22:48,542 - INFO - MainThread - server_logic - [DEBUG] found replica for vector: 3
2025-11-18 17:22:48,542 - INFO - MainThread - server_logic - [DEBUG] found replica for vector: 4
2025-11-18 17:22:48,542 - INFO - MainThread - server_logic - [DEBUG] found replica for vector: 1
2025-11-18 17:22:48,542 - INFO - MainThread - server_logic - [DEBUG] found replica for vector: 2
2025-11-18 17:22:48,542 - INFO - MainThread - server_logic - [DEBUG] found replica for vector: 3
2025-11-18 17:22:48,542 - INFO - MainThread - server_logic - [DEBUG] found replica for vector: 4
2025-11-18 17:22:48,542 - INFO - MainThread - server_logic - [DEBUG] found replica for vector: 1
2025-11-18 17:22:48,542 - INFO - MainThread - server_logic - [DEBUG] found replica for vector: 2
2025-11-18 17:22:48,542 - INFO - MainThread - server_logic - [DEBUG] found replica for vector: 3
2025-11-18 17:22:48,542 - INFO - MainThread - server_logic - [DEBUG] found replica for vector: 4
2025-11-18 17:22:48,542 - INFO - MainThread - server_logic - [DEBUG] found replica for vector: 1
2025-11-18 17:22:48,542 - INFO - MainThread - server_logic - [DEBUG] found replica for vector: 2
2025-11-18 17:22:48,542 - INFO - MainThread - server_logic - [DEBUG] found replica for vector: 3
2025-11-18 17:22:48,542 - INFO - MainThread - server_logic - [DEBUG] found replica for vector: 4
2025-11-18 17:22:48,542 - INFO - MainThread - server_logic - [DEBUG] found replica for vector: 1
2025-11-18 17:22:48,542 - INFO - MainThread - server_logic - [DEBUG] found replica for vector: 2
2025-11-18 17:22:48,542 - INFO - MainThread - server_logic - [DEBUG] found replica for vector: 3
2025-11-18 17:22:48,542 - INFO - MainThread - server_logic - [DEBUG] found replica for vector: 4
2025-11-18 17:22:48,542 - INFO - MainThread - server_logic - [DEBUG] found replica for vector: 1
2025-11-18 17:22:48,542 - INFO - MainThread - server_logic - [DEBUG] found replica for vector: 2
2025-11-18 17:22:48,542 - INFO - MainThread - server_logic - [DEBUG] found replica for vector: 3
2025-11-18 17:22:48,542 - INFO - MainThread - server_logic - [DEBUG] found replica for vector: 4
2025-11-18 17:22:48,542 - INFO - MainThread - server_logic - [DEBUG] found replica for vector: 1
2025-11-18 17:22:48,542 - INFO - MainThread - server_logic - [DEBUG] found replica for vector: 2
2025-11-18 17:22:48,542 - INFO - MainThread - server_logic - [DEBUG] found replica for vector: 3
2025-11-18 17:22:48,542 - INFO - MainThread - server_logic - [DEBUG] found replica for vector: 4
2025-11-18 17:22:48,542 - INFO - MainThread - server_logic - [DEBUG] found replica for vector: 1
2025-11-18 17:22:48,542 - INFO - MainThread - server_logic - [DEBUG] found replica for vector: 2
2025-11-18 17:22:48,542 - INFO - MainThread - server_logic - [DEBUG] found replica for vector: 3
2025-11-18 17:22:48,542 - INFO - MainThread - server_logic - [DEBUG] to me replica for vector: 3
2025-11-18 17:22:48,542 - INFO - MainThread - server_logic - [DEBUG] found replica for vector: 1
2025-11-18 17:22:48,542 - INFO - MainThread - server_logic - [DEBUG] found replica for vector: 2
2025-11-18 17:22:48,542 - INFO - MainThread - server_logic - [DEBUG] found replica for vector: 3
2025-11-18 17:22:48,542 - INFO - MainThread - server_logic - [DEBUG] found replica for vector: 4
2025-11-18 17:22:48,542 - INFO - MainThread - server_logic - [DEBUG] found replica for vector: 1
2025-11-18 17:22:48,542 - INFO - MainThread - server_logic - [DEBUG] found replica for vector: 2
2025-11-18 17:22:48,542 - INFO - MainThread - server_logic - [DEBUG] found replica for vector: 3
2025-11-18 17:22:48,543 - INFO - MainThread - server_logic - [DEBUG] found replica for vector: 4
2025-11-18 17:22:48,543 - INFO - MainThread - server_logic - [DEBUG] found replica for vector: 1
2025-11-18 17:22:48,543 - INFO - MainThread - server_logic - [DEBUG] found replica for vector: 2
2025-11-18 17:22:48,543 - INFO - MainThread - server_logic - [DEBUG] found replica for vector: 3
2025-11-18 17:22:48,543 - INFO - MainThread - server_logic - [DEBUG] found replica for vector: 4
2025-11-18 17:22:48,543 - INFO - MainThread - server_logic - [DEBUG] found replica for vector: 1
2025-11-18 17:22:48,543 - INFO - MainThread - server_logic - [DEBUG] found replica for vector: 2
2025-11-18 17:22:48,543 - INFO - MainThread - server_logic - [DEBUG] found replica for vector: 3
2025-11-18 17:22:48,543 - INFO - MainThread - server_logic - [DEBUG] to me replica for vector: 3
2025-11-18 17:22:48,543 - INFO - MainThread - server_logic - [DEBUG] found replica for vector: 1
2025-11-18 17:22:48,543 - INFO - MainThread - server_logic - [DEBUG] found replica for vector: 2
2025-11-18 17:22:48,543 - INFO - MainThread - server_logic - [DEBUG] found replica for vector: 3
2025-11-18 17:22:48,543 - INFO - MainThread - server_logic - [DEBUG] found replica for vector: 4
2025-11-18 17:22:48,543 - INFO - MainThread - server_logic - [DEBUG] found replica for vector: 1
2025-11-18 17:22:48,543 - INFO - MainThread - server_logic - [DEBUG] found replica for vector: 2
2025-11-18 17:22:48,543 - INFO - MainThread - server_logic - [DEBUG] found replica for vector: 3
2025-11-18 17:22:48,543 - INFO - MainThread - server_logic - [DEBUG] found replica for vector: 4
2025-11-18 17:22:48,543 - INFO - MainThread - server_logic - [DEBUG] found replica for vector: 1
2025-11-18 17:22:48,543 - INFO - MainThread - server_logic - [DEBUG] found replica for vector: 2
2025-11-18 17:22:48,543 - INFO - MainThread - server_logic - [DEBUG] found replica for vector: 3
2025-11-18 17:22:48,543 - INFO - MainThread - server_logic - [DEBUG] found replica for vector: 4
2025-11-18 17:22:48,543 - INFO - MainThread - server_logic - [DEBUG] found replica for vector: 1
2025-11-18 17:22:48,543 - INFO - MainThread - server_logic - [DEBUG] found replica for vector: 2
2025-11-18 17:22:48,543 - INFO - MainThread - server_logic - [DEBUG] found replica for vector: 3
2025-11-18 17:22:48,543 - INFO - MainThread - server_logic - [DEBUG] to me replica for vector: 3
2025-11-18 17:22:48,543 - INFO - MainThread - server_logic - [DEBUG] found replica for vector: 1
2025-11-18 17:22:48,543 - INFO - MainThread - server_logic - [DEBUG] found replica for vector: 2
2025-11-18 17:22:48,543 - INFO - MainThread - server_logic - [DEBUG] found replica for vector: 3
2025-11-18 17:22:48,543 - INFO - MainThread - server_logic - [DEBUG] found replica for vector: 4
2025-11-18 17:22:48,543 - INFO - MainThread - server_logic - [DEBUG] found replica for vector: 1
2025-11-18 17:22:48,543 - INFO - MainThread - server_logic - [DEBUG] found replica for vector: 2
2025-11-18 17:22:48,543 - INFO - MainThread - server_logic - [DEBUG] found replica for vector: 3
2025-11-18 17:22:48,543 - INFO - MainThread - server_logic - [DEBUG] to me replica for vector: 3
2025-11-18 17:22:48,543 - INFO - MainThread - server_logic - [DEBUG] found replica for vector: 1
2025-11-18 17:22:48,543 - INFO - MainThread - server_logic - [DEBUG] found replica for vector: 2
2025-11-18 17:22:48,543 - INFO - MainThread - server_logic - [DEBUG] found replica for vector: 3
2025-11-18 17:22:48,543 - INFO - MainThread - server_logic - [DEBUG] to me replica for vector: 3
2025-11-18 17:22:48,543 - INFO - MainThread - server_logic - [DEBUG] found replica for vector: 1
2025-11-18 17:22:48,543 - INFO - MainThread - server_logic - [DEBUG] found replica for vector: 2
2025-11-18 17:22:48,543 - INFO - MainThread - server_logic - [DEBUG] found replica for vector: 3
2025-11-18 17:22:48,543 - INFO - MainThread - server_logic - [DEBUG] found replica for vector: 4
2025-11-18 17:22:48,543 - INFO - MainThread - server_logic - [DEBUG] found replica for vector: 1
2025-11-18 17:22:48,543 - INFO - MainThread - server_logic - [DEBUG] found replica for vector: 2
2025-11-18 17:22:48,543 - INFO - MainThread - server_logic - [DEBUG] found replica for vector: 3
2025-11-18 17:22:48,543 - INFO - MainThread - server_logic - [DEBUG] found replica for vector: 4
2025-11-18 17:22:48,543 - INFO - MainThread - server_logic - [DEBUG] found replica for vector: 1
2025-11-18 17:22:48,543 - INFO - MainThread - server_logic - [DEBUG] found replica for vector: 2
2025-11-18 17:22:48,543 - INFO - MainThread - server_logic - [DEBUG] found replica for vector: 3
2025-11-18 17:22:48,543 - INFO - MainThread - server_logic - [DEBUG] found replica for vector: 4
2025-11-18 17:22:48,543 - INFO - MainThread - server_logic - [DEBUG] found replica for vector: 1
2025-11-18 17:22:48,543 - INFO - MainThread - server_logic - [DEBUG] found replica for vector: 2
2025-11-18 17:22:48,543 - INFO - MainThread - server_logic - [DEBUG] found replica for vector: 3
2025-11-18 17:22:48,543 - INFO - MainThread - server_logic - [DEBUG] found replica for vector: 4
2025-11-18 17:22:48,543 - INFO - MainThread - server_logic - [DEBUG] found replica for vector: 1
2025-11-18 17:22:48,543 - INFO - MainThread - server_logic - [DEBUG] found replica for vector: 2
2025-11-18 17:22:48,543 - INFO - MainThread - server_logic - [DEBUG] found replica for vector: 3
2025-11-18 17:22:48,543 - INFO - MainThread - server_logic - [DEBUG] found replica for vector: 4
2025-11-18 17:22:48,544 - INFO - MainThread - server_logic - [DEBUG] found replica for vector: 1
2025-11-18 17:22:48,544 - INFO - MainThread - server_logic - [DEBUG] found replica for vector: 2
2025-11-18 17:22:48,544 - INFO - MainThread - server_logic - [DEBUG] found replica for vector: 3
2025-11-18 17:22:48,544 - INFO - MainThread - server_logic - [DEBUG] to me replica for vector: 3
2025-11-18 17:22:48,544 - INFO - MainThread - server_logic - [DEBUG] found replica for vector: 1
2025-11-18 17:22:48,544 - INFO - MainThread - server_logic - [DEBUG] found replica for vector: 2
2025-11-18 17:22:48,544 - INFO - MainThread - server_logic - [DEBUG] found replica for vector: 3
2025-11-18 17:22:48,544 - INFO - MainThread - server_logic - [DEBUG] to me replica for vector: 3
2025-11-18 17:22:48,544 - INFO - MainThread - server_logic - [DEBUG] found replica for vector: 1
2025-11-18 17:22:48,544 - INFO - MainThread - server_logic - [DEBUG] found replica for vector: 2
2025-11-18 17:22:48,544 - INFO - MainThread - server_logic - [DEBUG] found replica for vector: 3
2025-11-18 17:22:48,544 - INFO - MainThread - server_logic - [DEBUG] to me replica for vector: 3
2025-11-18 17:22:48,544 - INFO - MainThread - server_logic - [DEBUG] found replica for vector: 1
2025-11-18 17:22:48,544 - INFO - MainThread - server_logic - [DEBUG] found replica for vector: 2
2025-11-18 17:22:48,544 - INFO - MainThread - server_logic - [DEBUG] found replica for vector: 3
2025-11-18 17:22:48,544 - INFO - MainThread - server_logic - [DEBUG] found replica for vector: 4
2025-11-18 17:22:48,544 - INFO - MainThread - server_logic - [DEBUG] found replica for vector: 1
2025-11-18 17:22:48,544 - INFO - MainThread - server_logic - [DEBUG] found replica for vector: 2
2025-11-18 17:22:48,544 - INFO - MainThread - server_logic - [DEBUG] found replica for vector: 3
2025-11-18 17:22:48,544 - INFO - MainThread - server_logic - [DEBUG] found replica for vector: 4
2025-11-18 17:22:48,544 - INFO - MainThread - server_logic - [DEBUG] found replica for vector: 1
2025-11-18 17:22:48,544 - INFO - MainThread - server_logic - [DEBUG] found replica for vector: 2
2025-11-18 17:22:48,544 - INFO - MainThread - server_logic - [DEBUG] found replica for vector: 3
2025-11-18 17:22:48,544 - INFO - MainThread - server_logic - [DEBUG] found replica for vector: 4
2025-11-18 17:22:48,544 - INFO - MainThread - server_logic - [DEBUG] found replica for vector: 1
2025-11-18 17:22:48,544 - INFO - MainThread - server_logic - [DEBUG] found replica for vector: 2
2025-11-18 17:22:48,544 - INFO - MainThread - server_logic - [DEBUG] found replica for vector: 3
2025-11-18 17:22:48,544 - INFO - MainThread - server_logic - [DEBUG] found replica for vector: 4
2025-11-18 17:22:48,544 - INFO - MainThread - server_logic - [DEBUG] found replica for vector: 1
2025-11-18 17:22:48,544 - INFO - MainThread - server_logic - [DEBUG] found replica for vector: 2
2025-11-18 17:22:48,544 - INFO - MainThread - server_logic - [DEBUG] found replica for vector: 3
2025-11-18 17:22:48,544 - INFO - MainThread - server_logic - [DEBUG] found replica for vector: 4
2025-11-18 17:22:48,544 - INFO - MainThread - server_logic - [DEBUG] found replica for vector: 1
2025-11-18 17:22:48,544 - INFO - MainThread - server_logic - [DEBUG] found replica for vector: 2
2025-11-18 17:22:48,544 - INFO - MainThread - server_logic - [DEBUG] found replica for vector: 3
2025-11-18 17:22:48,544 - INFO - MainThread - server_logic - [DEBUG] found replica for vector: 4
2025-11-18 17:22:48,544 - INFO - MainThread - server_logic - [DEBUG] found replica for vector: 1
2025-11-18 17:22:48,544 - INFO - MainThread - server_logic - [DEBUG] found replica for vector: 2
2025-11-18 17:22:48,544 - INFO - MainThread - server_logic - [DEBUG] found replica for vector: 3
2025-11-18 17:22:48,544 - INFO - MainThread - server_logic - [DEBUG] found replica for vector: 4
2025-11-18 17:22:48,544 - INFO - MainThread - server_logic - [DEBUG] found replica for vector: 1
2025-11-18 17:22:48,544 - INFO - MainThread - server_logic - [DEBUG] found replica for vector: 2
2025-11-18 17:22:48,544 - INFO - MainThread - server_logic - [DEBUG] found replica for vector: 3
2025-11-18 17:22:48,544 - INFO - MainThread - server_logic - [DEBUG] to me replica for vector: 3
2025-11-18 17:22:48,544 - INFO - MainThread - server_logic - [DEBUG] found replica for vector: 1
2025-11-18 17:22:48,544 - INFO - MainThread - server_logic - [DEBUG] found replica for vector: 2
2025-11-18 17:22:48,544 - INFO - MainThread - server_logic - [DEBUG] found replica for vector: 3
2025-11-18 17:22:48,544 - INFO - MainThread - server_logic - [DEBUG] found replica for vector: 4
2025-11-18 17:22:48,544 - INFO - MainThread - server_logic - [DEBUG] found replica for vector: 1
2025-11-18 17:22:48,544 - INFO - MainThread - server_logic - [DEBUG] found replica for vector: 2
2025-11-18 17:22:48,544 - INFO - MainThread - server_logic - [DEBUG] found replica for vector: 3
2025-11-18 17:22:48,544 - INFO - MainThread - server_logic - [DEBUG] found replica for vector: 4
2025-11-18 17:22:48,544 - INFO - MainThread - server_logic - [DEBUG] found replica for vector: 1
2025-11-18 17:22:48,544 - INFO - MainThread - server_logic - [DEBUG] found replica for vector: 2
2025-11-18 17:22:48,544 - INFO - MainThread - server_logic - [DEBUG] found replica for vector: 3
2025-11-18 17:22:48,544 - INFO - MainThread - server_logic - [DEBUG] to me replica for vector: 3
2025-11-18 17:22:48,544 - INFO - MainThread - server_logic - [DEBUG] found replica for vector: 1
2025-11-18 17:22:48,544 - INFO - MainThread - server_logic - [DEBUG] found replica for vector: 2
2025-11-18 17:22:48,545 - INFO - MainThread - server_logic - [DEBUG] found replica for vector: 3
2025-11-18 17:22:48,545 - INFO - MainThread - server_logic - [DEBUG] found replica for vector: 4
2025-11-18 17:22:48,545 - INFO - MainThread - server_logic - [DEBUG] found replica for vector: 1
2025-11-18 17:22:48,545 - INFO - MainThread - server_logic - [DEBUG] found replica for vector: 2
2025-11-18 17:22:48,545 - INFO - MainThread - server_logic - [DEBUG] found replica for vector: 3
2025-11-18 17:22:48,545 - INFO - MainThread - server_logic - [DEBUG] found replica for vector: 4
2025-11-18 17:22:48,545 - INFO - MainThread - server_logic - [DEBUG] found replica for vector: 1
2025-11-18 17:22:48,545 - INFO - MainThread - server_logic - [DEBUG] found replica for vector: 2
2025-11-18 17:22:48,545 - INFO - MainThread - server_logic - [DEBUG] found replica for vector: 3
2025-11-18 17:22:48,545 - INFO - MainThread - server_logic - [DEBUG] found replica for vector: 4
2025-11-18 17:22:48,545 - INFO - MainThread - server_logic - [DEBUG] found replica for vector: 1
2025-11-18 17:22:48,545 - INFO - MainThread - server_logic - [DEBUG] found replica for vector: 2
2025-11-18 17:22:48,545 - INFO - MainThread - server_logic - [DEBUG] found replica for vector: 3
2025-11-18 17:22:48,545 - INFO - MainThread - server_logic - [DEBUG] found replica for vector: 4
2025-11-18 17:22:48,545 - INFO - MainThread - server_logic - [DEBUG] found replica for vector: 1
2025-11-18 17:22:48,545 - INFO - MainThread - server_logic - [DEBUG] found replica for vector: 2
2025-11-18 17:22:48,545 - INFO - MainThread - server_logic - [DEBUG] found replica for vector: 3
2025-11-18 17:22:48,545 - INFO - MainThread - server_logic - [DEBUG] found replica for vector: 4
2025-11-18 17:22:48,545 - INFO - MainThread - server_logic - [DEBUG] found replica for vector: 1
2025-11-18 17:22:48,545 - INFO - MainThread - server_logic - [DEBUG] found replica for vector: 2
2025-11-18 17:22:48,545 - INFO - MainThread - server_logic - [DEBUG] found replica for vector: 3
2025-11-18 17:22:48,545 - INFO - MainThread - server_logic - [DEBUG] found replica for vector: 4
2025-11-18 17:22:48,545 - INFO - MainThread - server_logic - [DEBUG] found replica for vector: 1
2025-11-18 17:22:48,545 - INFO - MainThread - server_logic - [DEBUG] found replica for vector: 2
2025-11-18 17:22:48,545 - INFO - MainThread - server_logic - [DEBUG] found replica for vector: 3
2025-11-18 17:22:48,545 - INFO - MainThread - server_logic - [DEBUG] to me replica for vector: 3
2025-11-18 17:22:48,545 - INFO - MainThread - server_logic - [DEBUG] found replica for vector: 1
2025-11-18 17:22:48,545 - INFO - MainThread - server_logic - [DEBUG] found replica for vector: 2
2025-11-18 17:22:48,545 - INFO - MainThread - server_logic - [DEBUG] found replica for vector: 3
2025-11-18 17:22:48,545 - INFO - MainThread - server_logic - [DEBUG] found replica for vector: 4
2025-11-18 17:22:48,545 - INFO - MainThread - server_logic - [DEBUG] found replica for vector: 1
2025-11-18 17:22:48,545 - INFO - MainThread - server_logic - [DEBUG] found replica for vector: 2
2025-11-18 17:22:48,545 - INFO - MainThread - server_logic - [DEBUG] found replica for vector: 3
2025-11-18 17:22:48,545 - INFO - MainThread - server_logic - [DEBUG] found replica for vector: 4
2025-11-18 17:22:48,545 - INFO - MainThread - server_logic - [DEBUG] found replica for vector: 1
2025-11-18 17:22:48,545 - INFO - MainThread - server_logic - [DEBUG] found replica for vector: 2
2025-11-18 17:22:48,545 - INFO - MainThread - server_logic - [DEBUG] found replica for vector: 3
2025-11-18 17:22:48,545 - INFO - MainThread - server_logic - [DEBUG] to me replica for vector: 3
2025-11-18 17:22:48,545 - INFO - MainThread - server_logic - [DEBUG] found replica for vector: 1
2025-11-18 17:22:48,545 - INFO - MainThread - server_logic - [DEBUG] found replica for vector: 2
2025-11-18 17:22:48,545 - INFO - MainThread - server_logic - [DEBUG] found replica for vector: 3
2025-11-18 17:22:48,545 - INFO - MainThread - server_logic - [DEBUG] found replica for vector: 4
2025-11-18 17:22:48,545 - INFO - MainThread - server_logic - [DEBUG] found replica for vector: 1
2025-11-18 17:22:48,545 - INFO - MainThread - server_logic - [DEBUG] found replica for vector: 2
2025-11-18 17:22:48,545 - INFO - MainThread - server_logic - [DEBUG] found replica for vector: 3
2025-11-18 17:22:48,545 - INFO - MainThread - server_logic - [DEBUG] found replica for vector: 4
2025-11-18 17:22:48,545 - INFO - MainThread - server_logic - [DEBUG] found replica for vector: 1
2025-11-18 17:22:48,545 - INFO - MainThread - server_logic - [DEBUG] found replica for vector: 2
2025-11-18 17:22:48,545 - INFO - MainThread - server_logic - [DEBUG] found replica for vector: 3
2025-11-18 17:22:48,545 - INFO - MainThread - server_logic - [DEBUG] found replica for vector: 4
2025-11-18 17:22:48,545 - INFO - MainThread - server_logic - [DEBUG] found replica for vector: 1
2025-11-18 17:22:48,545 - INFO - MainThread - server_logic - [DEBUG] found replica for vector: 2
2025-11-18 17:22:48,545 - INFO - MainThread - server_logic - [DEBUG] found replica for vector: 3
2025-11-18 17:22:48,545 - INFO - MainThread - server_logic - [DEBUG] to me replica for vector: 3
2025-11-18 17:22:48,545 - INFO - MainThread - server_logic - [DEBUG] found replica for vector: 1
2025-11-18 17:22:48,545 - INFO - MainThread - server_logic - [DEBUG] found replica for vector: 2
2025-11-18 17:22:48,545 - INFO - MainThread - server_logic - [DEBUG] found replica for vector: 3
2025-11-18 17:22:48,545 - INFO - MainThread - server_logic - [DEBUG] to me replica for vector: 3
2025-11-18 17:22:48,546 - INFO - MainThread - server_logic - [DEBUG] found replica for vector: 1
2025-11-18 17:22:48,546 - INFO - MainThread - server_logic - [DEBUG] found replica for vector: 2
2025-11-18 17:22:48,546 - INFO - MainThread - server_logic - [DEBUG] found replica for vector: 3
2025-11-18 17:22:48,546 - INFO - MainThread - server_logic - [DEBUG] to me replica for vector: 3
2025-11-18 17:22:48,546 - INFO - MainThread - server_logic - [DEBUG] found replica for vector: 1
2025-11-18 17:22:48,546 - INFO - MainThread - server_logic - [DEBUG] found replica for vector: 2
2025-11-18 17:22:48,546 - INFO - MainThread - server_logic - [DEBUG] found replica for vector: 3
2025-11-18 17:22:48,546 - INFO - MainThread - server_logic - [DEBUG] found replica for vector: 4
2025-11-18 17:22:48,546 - INFO - MainThread - server_logic - [DEBUG] found replica for vector: 1
2025-11-18 17:22:48,546 - INFO - MainThread - server_logic - [DEBUG] found replica for vector: 2
2025-11-18 17:22:48,546 - INFO - MainThread - server_logic - [DEBUG] found replica for vector: 3
2025-11-18 17:22:48,546 - INFO - MainThread - server_logic - [DEBUG] found replica for vector: 4
2025-11-18 17:22:48,546 - INFO - MainThread - server_logic - [DEBUG] found replica for vector: 1
2025-11-18 17:22:48,546 - INFO - MainThread - server_logic - [DEBUG] found replica for vector: 2
2025-11-18 17:22:48,546 - INFO - MainThread - server_logic - [DEBUG] found replica for vector: 3
2025-11-18 17:22:48,546 - INFO - MainThread - server_logic - [DEBUG] to me replica for vector: 3
2025-11-18 17:22:48,546 - INFO - MainThread - server_logic - [DEBUG] found replica for vector: 1
2025-11-18 17:22:48,546 - INFO - MainThread - server_logic - [DEBUG] found replica for vector: 2
2025-11-18 17:22:48,546 - INFO - MainThread - server_logic - [DEBUG] found replica for vector: 3
2025-11-18 17:22:48,546 - INFO - MainThread - server_logic - [DEBUG] found replica for vector: 4
2025-11-18 17:22:48,546 - INFO - MainThread - server_logic - [DEBUG] found replica for vector: 1
2025-11-18 17:22:48,546 - INFO - MainThread - server_logic - [DEBUG] found replica for vector: 2
2025-11-18 17:22:48,546 - INFO - MainThread - server_logic - [DEBUG] found replica for vector: 3
2025-11-18 17:22:48,546 - INFO - MainThread - server_logic - [DEBUG] found replica for vector: 4
2025-11-18 17:22:48,546 - INFO - MainThread - server_logic - [DEBUG] found replica for vector: 1
2025-11-18 17:22:48,546 - INFO - MainThread - server_logic - [DEBUG] found replica for vector: 2
2025-11-18 17:22:48,546 - INFO - MainThread - server_logic - [DEBUG] found replica for vector: 3
2025-11-18 17:22:48,546 - INFO - MainThread - server_logic - [DEBUG] found replica for vector: 4
2025-11-18 17:22:48,546 - INFO - MainThread - server_logic - [DEBUG] found replica for vector: 1
2025-11-18 17:22:48,546 - INFO - MainThread - server_logic - [DEBUG] found replica for vector: 2
2025-11-18 17:22:48,546 - INFO - MainThread - server_logic - [DEBUG] found replica for vector: 3
2025-11-18 17:22:48,546 - INFO - MainThread - server_logic - [DEBUG] found replica for vector: 4
2025-11-18 17:22:48,546 - INFO - MainThread - server_logic - [DEBUG] found replica for vector: 1
2025-11-18 17:22:48,546 - INFO - MainThread - server_logic - [DEBUG] found replica for vector: 2
2025-11-18 17:22:48,546 - INFO - MainThread - server_logic - [DEBUG] found replica for vector: 3
2025-11-18 17:22:48,546 - INFO - MainThread - server_logic - [DEBUG] to me replica for vector: 3
2025-11-18 17:22:48,546 - INFO - MainThread - server_logic - [DEBUG] found replica for vector: 1
2025-11-18 17:22:48,546 - INFO - MainThread - server_logic - [DEBUG] found replica for vector: 2
2025-11-18 17:22:48,546 - INFO - MainThread - server_logic - [DEBUG] found replica for vector: 3
2025-11-18 17:22:48,546 - INFO - MainThread - server_logic - [DEBUG] found replica for vector: 4
2025-11-18 17:22:48,546 - INFO - MainThread - server_logic - [DEBUG] found replica for vector: 1
2025-11-18 17:22:48,546 - INFO - MainThread - server_logic - [DEBUG] found replica for vector: 2
2025-11-18 17:22:48,546 - INFO - MainThread - server_logic - [DEBUG] found replica for vector: 3
2025-11-18 17:22:48,546 - INFO - MainThread - server_logic - [DEBUG] found replica for vector: 4
2025-11-18 17:22:48,546 - INFO - MainThread - server_logic - [DEBUG] found replica for vector: 1
2025-11-18 17:22:48,546 - INFO - MainThread - server_logic - [DEBUG] found replica for vector: 2
2025-11-18 17:22:48,546 - INFO - MainThread - server_logic - [DEBUG] found replica for vector: 3
2025-11-18 17:22:48,546 - INFO - MainThread - server_logic - [DEBUG] found replica for vector: 4
2025-11-18 17:22:48,546 - INFO - MainThread - server_logic - [DEBUG] found replica for vector: 1
2025-11-18 17:22:48,546 - INFO - MainThread - server_logic - [DEBUG] found replica for vector: 2
2025-11-18 17:22:48,546 - INFO - MainThread - server_logic - [DEBUG] found replica for vector: 3
2025-11-18 17:22:48,546 - INFO - MainThread - server_logic - [DEBUG] found replica for vector: 4
2025-11-18 17:22:48,546 - INFO - MainThread - server_logic - [DEBUG] found replica for vector: 1
2025-11-18 17:22:48,546 - INFO - MainThread - server_logic - [DEBUG] found replica for vector: 2
2025-11-18 17:22:48,546 - INFO - MainThread - server_logic - [DEBUG] found replica for vector: 3
2025-11-18 17:22:48,546 - INFO - MainThread - server_logic - [DEBUG] found replica for vector: 4
2025-11-18 17:22:48,546 - INFO - MainThread - server_logic - [DEBUG] found replica for vector: 1
2025-11-18 17:22:48,546 - INFO - MainThread - server_logic - [DEBUG] found replica for vector: 2
2025-11-18 17:22:48,547 - INFO - MainThread - server_logic - [DEBUG] found replica for vector: 3
2025-11-18 17:22:48,547 - INFO - MainThread - server_logic - [DEBUG] found replica for vector: 4
2025-11-18 17:22:48,547 - INFO - MainThread - server_logic - [DEBUG] found replica for vector: 1
2025-11-18 17:22:48,547 - INFO - MainThread - server_logic - [DEBUG] found replica for vector: 2
2025-11-18 17:22:48,547 - INFO - MainThread - server_logic - [DEBUG] found replica for vector: 3
2025-11-18 17:22:48,547 - INFO - MainThread - server_logic - [DEBUG] found replica for vector: 4
2025-11-18 17:22:48,547 - INFO - MainThread - server_logic - [DEBUG] found replica for vector: 1
2025-11-18 17:22:48,547 - INFO - MainThread - server_logic - [DEBUG] found replica for vector: 2
2025-11-18 17:22:48,547 - INFO - MainThread - server_logic - [DEBUG] found replica for vector: 3
2025-11-18 17:22:48,547 - INFO - MainThread - server_logic - [DEBUG] found replica for vector: 4
2025-11-18 17:22:48,547 - INFO - MainThread - server_logic - [DEBUG] found replica for vector: 1
2025-11-18 17:22:48,547 - INFO - MainThread - server_logic - [DEBUG] found replica for vector: 2
2025-11-18 17:22:48,547 - INFO - MainThread - server_logic - [DEBUG] found replica for vector: 3
2025-11-18 17:22:48,547 - INFO - MainThread - server_logic - [DEBUG] to me replica for vector: 3
2025-11-18 17:22:48,547 - INFO - MainThread - server_logic - [DEBUG] found replica for vector: 1
2025-11-18 17:22:48,547 - INFO - MainThread - server_logic - [DEBUG] found replica for vector: 2
2025-11-18 17:22:48,547 - INFO - MainThread - server_logic - [DEBUG] found replica for vector: 3
2025-11-18 17:22:48,547 - INFO - MainThread - server_logic - [DEBUG] found replica for vector: 4
2025-11-18 17:22:48,547 - INFO - MainThread - server_logic - [DEBUG] found replica for vector: 1
2025-11-18 17:22:48,547 - INFO - MainThread - server_logic - [DEBUG] found replica for vector: 2
2025-11-18 17:22:48,547 - INFO - MainThread - server_logic - [DEBUG] found replica for vector: 3
2025-11-18 17:22:48,547 - INFO - MainThread - server_logic - [DEBUG] found replica for vector: 4
2025-11-18 17:22:48,547 - INFO - MainThread - server_logic - [DEBUG] found replica for vector: 1
2025-11-18 17:22:48,547 - INFO - MainThread - server_logic - [DEBUG] found replica for vector: 2
2025-11-18 17:22:48,547 - INFO - MainThread - server_logic - [DEBUG] found replica for vector: 3
2025-11-18 17:22:48,547 - INFO - MainThread - server_logic - [DEBUG] found replica for vector: 4
2025-11-18 17:22:48,547 - INFO - MainThread - server_logic - [DEBUG] found replica for vector: 1
2025-11-18 17:22:48,547 - INFO - MainThread - server_logic - [DEBUG] found replica for vector: 2
2025-11-18 17:22:48,547 - INFO - MainThread - server_logic - [DEBUG] found replica for vector: 3
2025-11-18 17:22:48,547 - INFO - MainThread - server_logic - [DEBUG] found replica for vector: 4
2025-11-18 17:22:48,547 - INFO - MainThread - server_logic - [DEBUG] found replica for vector: 1
2025-11-18 17:22:48,547 - INFO - MainThread - server_logic - [DEBUG] found replica for vector: 2
2025-11-18 17:22:48,547 - INFO - MainThread - server_logic - [DEBUG] found replica for vector: 3
2025-11-18 17:22:48,547 - INFO - MainThread - server_logic - [DEBUG] found replica for vector: 4
2025-11-18 17:22:48,547 - INFO - MainThread - server_logic - [DEBUG] found replica for vector: 1
2025-11-18 17:22:48,547 - INFO - MainThread - server_logic - [DEBUG] found replica for vector: 2
2025-11-18 17:22:48,547 - INFO - MainThread - server_logic - [DEBUG] found replica for vector: 3
2025-11-18 17:22:48,547 - INFO - MainThread - server_logic - [DEBUG] to me replica for vector: 3
2025-11-18 17:22:48,547 - INFO - MainThread - server_logic - [DEBUG] found replica for vector: 1
2025-11-18 17:22:48,547 - INFO - MainThread - server_logic - [DEBUG] found replica for vector: 2
2025-11-18 17:22:48,547 - INFO - MainThread - server_logic - [DEBUG] found replica for vector: 3
2025-11-18 17:22:48,547 - INFO - MainThread - server_logic - [DEBUG] found replica for vector: 4
2025-11-18 17:22:48,547 - INFO - MainThread - server_logic - [DEBUG] found replica for vector: 1
2025-11-18 17:22:48,547 - INFO - MainThread - server_logic - [DEBUG] found replica for vector: 2
2025-11-18 17:22:48,547 - INFO - MainThread - server_logic - [DEBUG] found replica for vector: 3
2025-11-18 17:22:48,547 - INFO - MainThread - server_logic - [DEBUG] found replica for vector: 4
2025-11-18 17:22:48,547 - INFO - MainThread - server_logic - [DEBUG] found replica for vector: 1
2025-11-18 17:22:48,547 - INFO - MainThread - server_logic - [DEBUG] found replica for vector: 2
2025-11-18 17:22:48,547 - INFO - MainThread - server_logic - [DEBUG] found replica for vector: 3
2025-11-18 17:22:48,547 - INFO - MainThread - server_logic - [DEBUG] to me replica for vector: 3
2025-11-18 17:22:48,547 - INFO - MainThread - server_logic - [DEBUG] found replica for vector: 1
2025-11-18 17:22:48,547 - INFO - MainThread - server_logic - [DEBUG] found replica for vector: 2
2025-11-18 17:22:48,547 - INFO - MainThread - server_logic - [DEBUG] found replica for vector: 3
2025-11-18 17:22:48,547 - INFO - MainThread - server_logic - [DEBUG] found replica for vector: 4
2025-11-18 17:22:48,547 - INFO - MainThread - server_logic - [DEBUG] found replica for vector: 1
2025-11-18 17:22:48,547 - INFO - MainThread - server_logic - [DEBUG] found replica for vector: 2
2025-11-18 17:22:48,547 - INFO - MainThread - server_logic - [DEBUG] found replica for vector: 3
2025-11-18 17:22:48,547 - INFO - MainThread - server_logic - [DEBUG] found replica for vector: 4
2025-11-18 17:22:48,548 - INFO - MainThread - server_logic - [DEBUG] found replica for vector: 1
2025-11-18 17:22:48,548 - INFO - MainThread - server_logic - [DEBUG] found replica for vector: 2
2025-11-18 17:22:48,548 - INFO - MainThread - server_logic - [DEBUG] found replica for vector: 3
2025-11-18 17:22:48,548 - INFO - MainThread - server_logic - [DEBUG] found replica for vector: 4
2025-11-18 17:22:48,548 - INFO - MainThread - server_logic - [DEBUG] found replica for vector: 1
2025-11-18 17:22:48,548 - INFO - MainThread - server_logic - [DEBUG] found replica for vector: 2
2025-11-18 17:22:48,548 - INFO - MainThread - server_logic - [DEBUG] found replica for vector: 3
2025-11-18 17:22:48,548 - INFO - MainThread - server_logic - [DEBUG] found replica for vector: 4
2025-11-18 17:22:48,548 - INFO - MainThread - server_logic - [DEBUG] found replica for vector: 1
2025-11-18 17:22:48,548 - INFO - MainThread - server_logic - [DEBUG] found replica for vector: 2
2025-11-18 17:22:48,548 - INFO - MainThread - server_logic - [DEBUG] found replica for vector: 3
2025-11-18 17:22:48,548 - INFO - MainThread - server_logic - [DEBUG] found replica for vector: 4
2025-11-18 17:22:48,548 - INFO - MainThread - server_logic - [DEBUG] found replica for vector: 1
2025-11-18 17:22:48,548 - INFO - MainThread - server_logic - [DEBUG] found replica for vector: 2
2025-11-18 17:22:48,548 - INFO - MainThread - server_logic - [DEBUG] found replica for vector: 3
2025-11-18 17:22:48,548 - INFO - MainThread - server_logic - [DEBUG] found replica for vector: 4
2025-11-18 17:22:48,548 - INFO - MainThread - server_logic - [DEBUG] found replica for vector: 1
2025-11-18 17:22:48,548 - INFO - MainThread - server_logic - [DEBUG] found replica for vector: 2
2025-11-18 17:22:48,548 - INFO - MainThread - server_logic - [DEBUG] found replica for vector: 3
2025-11-18 17:22:48,548 - INFO - MainThread - server_logic - [DEBUG] found replica for vector: 4
2025-11-18 17:22:48,548 - INFO - MainThread - server_logic - [DEBUG] found replica for vector: 1
2025-11-18 17:22:48,548 - INFO - MainThread - server_logic - [DEBUG] found replica for vector: 2
2025-11-18 17:22:48,548 - INFO - MainThread - server_logic - [DEBUG] found replica for vector: 3
2025-11-18 17:22:48,548 - INFO - MainThread - server_logic - [DEBUG] found replica for vector: 4
2025-11-18 17:22:48,548 - INFO - MainThread - server_logic - [DEBUG] found replica for vector: 1
2025-11-18 17:22:48,548 - INFO - MainThread - server_logic - [DEBUG] found replica for vector: 2
2025-11-18 17:22:48,548 - INFO - MainThread - server_logic - [DEBUG] found replica for vector: 3
2025-11-18 17:22:48,548 - INFO - MainThread - server_logic - [DEBUG] to me replica for vector: 3
2025-11-18 17:22:48,548 - INFO - MainThread - server_logic - [DEBUG] found replica for vector: 1
2025-11-18 17:22:48,548 - INFO - MainThread - server_logic - [DEBUG] found replica for vector: 2
2025-11-18 17:22:48,548 - INFO - MainThread - server_logic - [DEBUG] found replica for vector: 3
2025-11-18 17:22:48,548 - INFO - MainThread - server_logic - [DEBUG] to me replica for vector: 3
2025-11-18 17:22:48,548 - INFO - MainThread - server_logic - [DEBUG] found replica for vector: 1
2025-11-18 17:22:48,548 - INFO - MainThread - server_logic - [DEBUG] found replica for vector: 2
2025-11-18 17:22:48,548 - INFO - MainThread - server_logic - [DEBUG] found replica for vector: 3
2025-11-18 17:22:48,548 - INFO - MainThread - server_logic - [DEBUG] found replica for vector: 4
2025-11-18 17:22:48,548 - INFO - MainThread - server_logic - [DEBUG] found replica for vector: 1
2025-11-18 17:22:48,548 - INFO - MainThread - server_logic - [DEBUG] found replica for vector: 2
2025-11-18 17:22:48,548 - INFO - MainThread - server_logic - [DEBUG] found replica for vector: 3
2025-11-18 17:22:48,548 - INFO - MainThread - server_logic - [DEBUG] to me replica for vector: 3
2025-11-18 17:22:48,548 - INFO - MainThread - server_logic - [DEBUG] found replica for vector: 1
2025-11-18 17:22:48,548 - INFO - MainThread - server_logic - [DEBUG] found replica for vector: 2
2025-11-18 17:22:48,548 - INFO - MainThread - server_logic - [DEBUG] found replica for vector: 3
2025-11-18 17:22:48,548 - INFO - MainThread - server_logic - [DEBUG] to me replica for vector: 3
2025-11-18 17:22:48,548 - INFO - MainThread - server_logic - [DEBUG] found replica for vector: 1
2025-11-18 17:22:48,548 - INFO - MainThread - server_logic - [DEBUG] found replica for vector: 2
2025-11-18 17:22:48,548 - INFO - MainThread - server_logic - [DEBUG] found replica for vector: 3
2025-11-18 17:22:48,548 - INFO - MainThread - server_logic - [DEBUG] found replica for vector: 4
2025-11-18 17:22:48,548 - INFO - MainThread - server_logic - [DEBUG] found replica for vector: 1
2025-11-18 17:22:48,548 - INFO - MainThread - server_logic - [DEBUG] found replica for vector: 2
2025-11-18 17:22:48,548 - INFO - MainThread - server_logic - [DEBUG] found replica for vector: 3
2025-11-18 17:22:48,548 - INFO - MainThread - server_logic - [DEBUG] found replica for vector: 4
2025-11-18 17:22:48,548 - INFO - MainThread - server_logic - [DEBUG] found replica for vector: 1
2025-11-18 17:22:48,548 - INFO - MainThread - server_logic - [DEBUG] found replica for vector: 2
2025-11-18 17:22:48,548 - INFO - MainThread - server_logic - [DEBUG] found replica for vector: 3
2025-11-18 17:22:48,548 - INFO - MainThread - server_logic - [DEBUG] found replica for vector: 4
2025-11-18 17:22:48,548 - INFO - MainThread - server_logic - [DEBUG] found replica for vector: 1
2025-11-18 17:22:48,548 - INFO - MainThread - server_logic - [DEBUG] found replica for vector: 2
2025-11-18 17:22:48,548 - INFO - MainThread - server_logic - [DEBUG] found replica for vector: 3
2025-11-18 17:22:48,549 - INFO - MainThread - server_logic - [DEBUG] found replica for vector: 4
2025-11-18 17:22:48,549 - INFO - MainThread - server_logic - [DEBUG] found replica for vector: 1
2025-11-18 17:22:48,549 - INFO - MainThread - server_logic - [DEBUG] found replica for vector: 2
2025-11-18 17:22:48,549 - INFO - MainThread - server_logic - [DEBUG] found replica for vector: 3
2025-11-18 17:22:48,549 - INFO - MainThread - server_logic - [DEBUG] found replica for vector: 4
2025-11-18 17:22:48,549 - INFO - MainThread - server_logic - [DEBUG] found replica for vector: 1
2025-11-18 17:22:48,549 - INFO - MainThread - server_logic - [DEBUG] found replica for vector: 2
2025-11-18 17:22:48,549 - INFO - MainThread - server_logic - [DEBUG] found replica for vector: 3
2025-11-18 17:22:48,549 - INFO - MainThread - server_logic - [DEBUG] to me replica for vector: 3
2025-11-18 17:22:48,549 - INFO - MainThread - server_logic - [DEBUG] found replica for vector: 1
2025-11-18 17:22:48,549 - INFO - MainThread - server_logic - [DEBUG] found replica for vector: 2
2025-11-18 17:22:48,549 - INFO - MainThread - server_logic - [DEBUG] found replica for vector: 3
2025-11-18 17:22:48,549 - INFO - MainThread - server_logic - [DEBUG] to me replica for vector: 3
2025-11-18 17:22:48,549 - INFO - MainThread - server_logic - [DEBUG] found replica for vector: 1
2025-11-18 17:22:48,549 - INFO - MainThread - server_logic - [DEBUG] found replica for vector: 2
2025-11-18 17:22:48,549 - INFO - MainThread - server_logic - [DEBUG] found replica for vector: 3
2025-11-18 17:22:48,549 - INFO - MainThread - server_logic - [DEBUG] found replica for vector: 4
2025-11-18 17:22:48,549 - INFO - MainThread - server_logic - [DEBUG] found replica for vector: 1
2025-11-18 17:22:48,549 - INFO - MainThread - server_logic - [DEBUG] found replica for vector: 2
2025-11-18 17:22:48,549 - INFO - MainThread - server_logic - [DEBUG] found replica for vector: 3
2025-11-18 17:22:48,549 - INFO - MainThread - server_logic - [DEBUG] found replica for vector: 4
2025-11-18 17:22:48,549 - INFO - MainThread - server_logic - [DEBUG] found replica for vector: 1
2025-11-18 17:22:48,549 - INFO - MainThread - server_logic - [DEBUG] found replica for vector: 2
2025-11-18 17:22:48,549 - INFO - MainThread - server_logic - [DEBUG] found replica for vector: 3
2025-11-18 17:22:48,549 - INFO - MainThread - server_logic - [DEBUG] to me replica for vector: 3
2025-11-18 17:22:48,549 - INFO - MainThread - server_logic - [DEBUG] found replica for vector: 1
2025-11-18 17:22:48,549 - INFO - MainThread - server_logic - [DEBUG] found replica for vector: 2
2025-11-18 17:22:48,549 - INFO - MainThread - server_logic - [DEBUG] found replica for vector: 3
2025-11-18 17:22:48,549 - INFO - MainThread - server_logic - [DEBUG] found replica for vector: 4
2025-11-18 17:22:48,549 - INFO - MainThread - server_logic - [DEBUG] found replica for vector: 1
2025-11-18 17:22:48,549 - INFO - MainThread - server_logic - [DEBUG] found replica for vector: 2
2025-11-18 17:22:48,549 - INFO - MainThread - server_logic - [DEBUG] found replica for vector: 3
2025-11-18 17:22:48,549 - INFO - MainThread - server_logic - [DEBUG] to me replica for vector: 3
2025-11-18 17:22:48,549 - INFO - MainThread - server_logic - [DEBUG] found replica for vector: 1
2025-11-18 17:22:48,549 - INFO - MainThread - server_logic - [DEBUG] found replica for vector: 2
2025-11-18 17:22:48,549 - INFO - MainThread - server_logic - [DEBUG] found replica for vector: 3
2025-11-18 17:22:48,549 - INFO - MainThread - server_logic - [DEBUG] found replica for vector: 4
2025-11-18 17:22:48,549 - INFO - MainThread - server_logic - [DEBUG] found replica for vector: 1
2025-11-18 17:22:48,549 - INFO - MainThread - server_logic - [DEBUG] found replica for vector: 2
2025-11-18 17:22:48,549 - INFO - MainThread - server_logic - [DEBUG] found replica for vector: 3
2025-11-18 17:22:48,549 - INFO - MainThread - server_logic - [DEBUG] found replica for vector: 4
2025-11-18 17:22:48,549 - INFO - MainThread - server_logic - [DEBUG] found replica for vector: 1
2025-11-18 17:22:48,549 - INFO - MainThread - server_logic - [DEBUG] found replica for vector: 2
2025-11-18 17:22:48,549 - INFO - MainThread - server_logic - [DEBUG] found replica for vector: 3
2025-11-18 17:22:48,549 - INFO - MainThread - server_logic - [DEBUG] found replica for vector: 4
2025-11-18 17:22:48,549 - INFO - MainThread - server_logic - [DEBUG] found replica for vector: 1
2025-11-18 17:22:48,549 - INFO - MainThread - server_logic - [DEBUG] found replica for vector: 2
2025-11-18 17:22:48,549 - INFO - MainThread - server_logic - [DEBUG] found replica for vector: 3
2025-11-18 17:22:48,549 - INFO - MainThread - server_logic - [DEBUG] to me replica for vector: 3
2025-11-18 17:22:48,549 - INFO - MainThread - server_logic - [DEBUG] found replica for vector: 1
2025-11-18 17:22:48,549 - INFO - MainThread - server_logic - [DEBUG] found replica for vector: 2
2025-11-18 17:22:48,549 - INFO - MainThread - server_logic - [DEBUG] found replica for vector: 3
2025-11-18 17:22:48,549 - INFO - MainThread - server_logic - [DEBUG] found replica for vector: 4
2025-11-18 17:22:48,549 - INFO - MainThread - server_logic - [DEBUG] found replica for vector: 1
2025-11-18 17:22:48,549 - INFO - MainThread - server_logic - [DEBUG] found replica for vector: 2
2025-11-18 17:22:48,549 - INFO - MainThread - server_logic - [DEBUG] found replica for vector: 3
2025-11-18 17:22:48,549 - INFO - MainThread - server_logic - [DEBUG] to me replica for vector: 3
2025-11-18 17:22:48,550 - INFO - MainThread - server_logic - [DEBUG] found replica for vector: 1
2025-11-18 17:22:48,550 - INFO - MainThread - server_logic - [DEBUG] found replica for vector: 2
2025-11-18 17:22:48,550 - INFO - MainThread - server_logic - [DEBUG] found replica for vector: 3
2025-11-18 17:22:48,550 - INFO - MainThread - server_logic - [DEBUG] to me replica for vector: 3
2025-11-18 17:22:48,550 - INFO - MainThread - server_logic - [DEBUG] found replica for vector: 1
2025-11-18 17:22:48,550 - INFO - MainThread - server_logic - [DEBUG] found replica for vector: 2
2025-11-18 17:22:48,550 - INFO - MainThread - server_logic - [DEBUG] found replica for vector: 3
2025-11-18 17:22:48,550 - INFO - MainThread - server_logic - [DEBUG] found replica for vector: 4
2025-11-18 17:22:48,550 - INFO - MainThread - server_logic - [DEBUG] found replica for vector: 1
2025-11-18 17:22:48,550 - INFO - MainThread - server_logic - [DEBUG] found replica for vector: 2
2025-11-18 17:22:48,550 - INFO - MainThread - server_logic - [DEBUG] found replica for vector: 3
2025-11-18 17:22:48,550 - INFO - MainThread - server_logic - [DEBUG] found replica for vector: 4
2025-11-18 17:22:48,550 - INFO - MainThread - server_logic - [DEBUG] found replica for vector: 1
2025-11-18 17:22:48,550 - INFO - MainThread - server_logic - [DEBUG] found replica for vector: 2
2025-11-18 17:22:48,550 - INFO - MainThread - server_logic - [DEBUG] found replica for vector: 3
2025-11-18 17:22:48,550 - INFO - MainThread - server_logic - [DEBUG] found replica for vector: 4
2025-11-18 17:22:48,550 - INFO - MainThread - server_logic - [DEBUG] found replica for vector: 1
2025-11-18 17:22:48,550 - INFO - MainThread - server_logic - [DEBUG] found replica for vector: 2
2025-11-18 17:22:48,550 - INFO - MainThread - server_logic - [DEBUG] found replica for vector: 3
2025-11-18 17:22:48,550 - INFO - MainThread - server_logic - [DEBUG] found replica for vector: 4
2025-11-18 17:22:48,550 - INFO - MainThread - server_logic - [DEBUG] found replica for vector: 1
2025-11-18 17:22:48,550 - INFO - MainThread - server_logic - [DEBUG] found replica for vector: 2
2025-11-18 17:22:48,550 - INFO - MainThread - server_logic - [DEBUG] found replica for vector: 3
2025-11-18 17:22:48,550 - INFO - MainThread - server_logic - [DEBUG] found replica for vector: 4
2025-11-18 17:22:48,550 - INFO - MainThread - server_logic - [DEBUG] found replica for vector: 1
2025-11-18 17:22:48,550 - INFO - MainThread - server_logic - [DEBUG] found replica for vector: 2
2025-11-18 17:22:48,550 - INFO - MainThread - server_logic - [DEBUG] found replica for vector: 3
2025-11-18 17:22:48,550 - INFO - MainThread - server_logic - [DEBUG] found replica for vector: 4
2025-11-18 17:22:48,550 - INFO - MainThread - server_logic - [DEBUG] found replica for vector: 1
2025-11-18 17:22:48,550 - INFO - MainThread - server_logic - [DEBUG] found replica for vector: 2
2025-11-18 17:22:48,550 - INFO - MainThread - server_logic - [DEBUG] found replica for vector: 3
2025-11-18 17:22:48,550 - INFO - MainThread - server_logic - [DEBUG] found replica for vector: 4
2025-11-18 17:22:48,550 - INFO - MainThread - server_logic - [DEBUG] found replica for vector: 1
2025-11-18 17:22:48,550 - INFO - MainThread - server_logic - [DEBUG] found replica for vector: 2
2025-11-18 17:22:48,550 - INFO - MainThread - server_logic - [DEBUG] found replica for vector: 3
2025-11-18 17:22:48,550 - INFO - MainThread - server_logic - [DEBUG] found replica for vector: 4
2025-11-18 17:22:48,550 - INFO - MainThread - server_logic - [DEBUG] found replica for vector: 1
2025-11-18 17:22:48,550 - INFO - MainThread - server_logic - [DEBUG] found replica for vector: 2
2025-11-18 17:22:48,550 - INFO - MainThread - server_logic - [DEBUG] found replica for vector: 3
2025-11-18 17:22:48,550 - INFO - MainThread - server_logic - [DEBUG] to me replica for vector: 3
2025-11-18 17:22:48,550 - INFO - MainThread - server_logic - [DEBUG] found replica for vector: 1
2025-11-18 17:22:48,550 - INFO - MainThread - server_logic - [DEBUG] found replica for vector: 2
2025-11-18 17:22:48,550 - INFO - MainThread - server_logic - [DEBUG] found replica for vector: 3
2025-11-18 17:22:48,550 - INFO - MainThread - server_logic - [DEBUG] found replica for vector: 4
2025-11-18 17:22:48,550 - INFO - MainThread - server_logic - [DEBUG] found replica for vector: 1
2025-11-18 17:22:48,550 - INFO - MainThread - server_logic - [DEBUG] found replica for vector: 2
2025-11-18 17:22:48,550 - INFO - MainThread - server_logic - [DEBUG] found replica for vector: 3
2025-11-18 17:22:48,550 - INFO - MainThread - server_logic - [DEBUG] found replica for vector: 4
2025-11-18 17:22:48,550 - INFO - MainThread - server_logic - [DEBUG] found replica for vector: 1
2025-11-18 17:22:48,550 - INFO - MainThread - server_logic - [DEBUG] found replica for vector: 2
2025-11-18 17:22:48,550 - INFO - MainThread - server_logic - [DEBUG] found replica for vector: 3
2025-11-18 17:22:48,550 - INFO - MainThread - server_logic - [DEBUG] to me replica for vector: 3
2025-11-18 17:22:48,550 - INFO - MainThread - server_logic - [DEBUG] found replica for vector: 1
2025-11-18 17:22:48,550 - INFO - MainThread - server_logic - [DEBUG] found replica for vector: 2
2025-11-18 17:22:48,550 - INFO - MainThread - server_logic - [DEBUG] found replica for vector: 3
2025-11-18 17:22:48,550 - INFO - MainThread - server_logic - [DEBUG] found replica for vector: 4
2025-11-18 17:22:48,550 - INFO - MainThread - server_logic - [DEBUG] found replica for vector: 1
2025-11-18 17:22:48,550 - INFO - MainThread - server_logic - [DEBUG] found replica for vector: 2
2025-11-18 17:22:48,550 - INFO - MainThread - server_logic - [DEBUG] found replica for vector: 3
2025-11-18 17:22:48,550 - INFO - MainThread - server_logic - [DEBUG] found replica for vector: 4
2025-11-18 17:22:48,551 - INFO - MainThread - server_logic - [DEBUG] found replica for vector: 1
2025-11-18 17:22:48,551 - INFO - MainThread - server_logic - [DEBUG] found replica for vector: 2
2025-11-18 17:22:48,551 - INFO - MainThread - server_logic - [DEBUG] found replica for vector: 3
2025-11-18 17:22:48,551 - INFO - MainThread - server_logic - [DEBUG] found replica for vector: 4
2025-11-18 17:22:48,551 - INFO - MainThread - server_logic - [DEBUG] found replica for vector: 1
2025-11-18 17:22:48,551 - INFO - MainThread - server_logic - [DEBUG] found replica for vector: 2
2025-11-18 17:22:48,551 - INFO - MainThread - server_logic - [DEBUG] found replica for vector: 3
2025-11-18 17:22:48,551 - INFO - MainThread - server_logic - [DEBUG] found replica for vector: 4
2025-11-18 17:22:48,551 - INFO - MainThread - server_logic - [DEBUG] found replica for vector: 1
2025-11-18 17:22:48,551 - INFO - MainThread - server_logic - [DEBUG] found replica for vector: 2
2025-11-18 17:22:48,551 - INFO - MainThread - server_logic - [DEBUG] found replica for vector: 3
2025-11-18 17:22:48,551 - INFO - MainThread - server_logic - [DEBUG] found replica for vector: 4
2025-11-18 17:22:48,551 - INFO - MainThread - server_logic - [DEBUG] found replica for vector: 1
2025-11-18 17:22:48,551 - INFO - MainThread - server_logic - [DEBUG] found replica for vector: 2
2025-11-18 17:22:48,551 - INFO - MainThread - server_logic - [DEBUG] found replica for vector: 3
2025-11-18 17:22:48,551 - INFO - MainThread - server_logic - [DEBUG] found replica for vector: 4
2025-11-18 17:22:48,551 - INFO - MainThread - server_logic - [DEBUG] found replica for vector: 1
2025-11-18 17:22:48,551 - INFO - MainThread - server_logic - [DEBUG] found replica for vector: 2
2025-11-18 17:22:48,551 - INFO - MainThread - server_logic - [DEBUG] found replica for vector: 3
2025-11-18 17:22:48,551 - INFO - MainThread - server_logic - [DEBUG] to me replica for vector: 3
2025-11-18 17:22:48,551 - INFO - MainThread - server_logic - [DEBUG] found replica for vector: 1
2025-11-18 17:22:48,551 - INFO - MainThread - server_logic - [DEBUG] found replica for vector: 2
2025-11-18 17:22:48,551 - INFO - MainThread - server_logic - [DEBUG] found replica for vector: 3
2025-11-18 17:22:48,551 - INFO - MainThread - server_logic - [DEBUG] to me replica for vector: 3
2025-11-18 17:22:48,551 - INFO - MainThread - server_logic - [DEBUG] found replica for vector: 1
2025-11-18 17:22:48,551 - INFO - MainThread - server_logic - [DEBUG] found replica for vector: 2
2025-11-18 17:22:48,551 - INFO - MainThread - server_logic - [DEBUG] found replica for vector: 3
2025-11-18 17:22:48,551 - INFO - MainThread - server_logic - [DEBUG] found replica for vector: 4
2025-11-18 17:22:48,551 - INFO - MainThread - server_logic - [DEBUG] found replica for vector: 1
2025-11-18 17:22:48,551 - INFO - MainThread - server_logic - [DEBUG] found replica for vector: 2
2025-11-18 17:22:48,551 - INFO - MainThread - server_logic - [DEBUG] found replica for vector: 3
2025-11-18 17:22:48,551 - INFO - MainThread - server_logic - [DEBUG] found replica for vector: 4
2025-11-18 17:22:48,551 - INFO - MainThread - server_logic - [DEBUG] found replica for vector: 1
2025-11-18 17:22:48,551 - INFO - MainThread - server_logic - [DEBUG] found replica for vector: 2
2025-11-18 17:22:48,551 - INFO - MainThread - server_logic - [DEBUG] found replica for vector: 3
2025-11-18 17:22:48,551 - INFO - MainThread - server_logic - [DEBUG] found replica for vector: 4
2025-11-18 17:22:48,551 - INFO - MainThread - server_logic - [DEBUG] found replica for vector: 1
2025-11-18 17:22:48,551 - INFO - MainThread - server_logic - [DEBUG] found replica for vector: 2
2025-11-18 17:22:48,551 - INFO - MainThread - server_logic - [DEBUG] found replica for vector: 3
2025-11-18 17:22:48,551 - INFO - MainThread - server_logic - [DEBUG] to me replica for vector: 3
2025-11-18 17:22:48,551 - INFO - MainThread - server_logic - [DEBUG] found replica for vector: 1
2025-11-18 17:22:48,551 - INFO - MainThread - server_logic - [DEBUG] found replica for vector: 2
2025-11-18 17:22:48,551 - INFO - MainThread - server_logic - [DEBUG] found replica for vector: 3
2025-11-18 17:22:48,551 - INFO - MainThread - server_logic - [DEBUG] to me replica for vector: 3
2025-11-18 17:22:48,551 - INFO - MainThread - server_logic - [DEBUG] found replica for vector: 1
2025-11-18 17:22:48,551 - INFO - MainThread - server_logic - [DEBUG] found replica for vector: 2
2025-11-18 17:22:48,551 - INFO - MainThread - server_logic - [DEBUG] found replica for vector: 3
2025-11-18 17:22:48,551 - INFO - MainThread - server_logic - [DEBUG] found replica for vector: 4
2025-11-18 17:22:48,551 - INFO - MainThread - server_logic - [DEBUG] found replica for vector: 1
2025-11-18 17:22:48,551 - INFO - MainThread - server_logic - [DEBUG] found replica for vector: 2
2025-11-18 17:22:48,551 - INFO - MainThread - server_logic - [DEBUG] found replica for vector: 3
2025-11-18 17:22:48,551 - INFO - MainThread - server_logic - [DEBUG] found replica for vector: 4
2025-11-18 17:22:48,551 - INFO - MainThread - server_logic - [DEBUG] found replica for vector: 1
2025-11-18 17:22:48,551 - INFO - MainThread - server_logic - [DEBUG] found replica for vector: 2
2025-11-18 17:22:48,551 - INFO - MainThread - server_logic - [DEBUG] found replica for vector: 3
2025-11-18 17:22:48,551 - INFO - MainThread - server_logic - [DEBUG] found replica for vector: 4
2025-11-18 17:22:48,551 - INFO - MainThread - server_logic - [DEBUG] found replica for vector: 1
2025-11-18 17:22:48,551 - INFO - MainThread - server_logic - [DEBUG] found replica for vector: 2
2025-11-18 17:22:48,552 - INFO - MainThread - server_logic - [DEBUG] found replica for vector: 3
2025-11-18 17:22:48,552 - INFO - MainThread - server_logic - [DEBUG] found replica for vector: 4
2025-11-18 17:22:48,552 - INFO - MainThread - server_logic - [DEBUG] found replica for vector: 1
2025-11-18 17:22:48,552 - INFO - MainThread - server_logic - [DEBUG] found replica for vector: 2
2025-11-18 17:22:48,552 - INFO - MainThread - server_logic - [DEBUG] found replica for vector: 3
2025-11-18 17:22:48,552 - INFO - MainThread - server_logic - [DEBUG] found replica for vector: 4
2025-11-18 17:22:48,552 - INFO - MainThread - server_logic - [DEBUG] found replica for vector: 1
2025-11-18 17:22:48,552 - INFO - MainThread - server_logic - [DEBUG] found replica for vector: 2
2025-11-18 17:22:48,552 - INFO - MainThread - server_logic - [DEBUG] found replica for vector: 3
2025-11-18 17:22:48,552 - INFO - MainThread - server_logic - [DEBUG] to me replica for vector: 3
2025-11-18 17:22:48,552 - INFO - MainThread - server_logic - [DEBUG] found replica for vector: 1
2025-11-18 17:22:48,552 - INFO - MainThread - server_logic - [DEBUG] found replica for vector: 2
2025-11-18 17:22:48,552 - INFO - MainThread - server_logic - [DEBUG] found replica for vector: 3
2025-11-18 17:22:48,552 - INFO - MainThread - server_logic - [DEBUG] found replica for vector: 4
2025-11-18 17:22:48,552 - INFO - MainThread - server_logic - [DEBUG] found replica for vector: 1
2025-11-18 17:22:48,552 - INFO - MainThread - server_logic - [DEBUG] found replica for vector: 2
2025-11-18 17:22:48,552 - INFO - MainThread - server_logic - [DEBUG] found replica for vector: 3
2025-11-18 17:22:48,552 - INFO - MainThread - server_logic - [DEBUG] found replica for vector: 4
2025-11-18 17:22:48,552 - INFO - MainThread - server_logic - [DEBUG] found replica for vector: 1
2025-11-18 17:22:48,552 - INFO - MainThread - server_logic - [DEBUG] found replica for vector: 2
2025-11-18 17:22:48,552 - INFO - MainThread - server_logic - [DEBUG] found replica for vector: 3
2025-11-18 17:22:48,552 - INFO - MainThread - server_logic - [DEBUG] found replica for vector: 4
2025-11-18 17:22:48,552 - INFO - MainThread - server_logic - [DEBUG] found replica for vector: 1
2025-11-18 17:22:48,552 - INFO - MainThread - server_logic - [DEBUG] found replica for vector: 2
2025-11-18 17:22:48,552 - INFO - MainThread - server_logic - [DEBUG] found replica for vector: 3
2025-11-18 17:22:48,552 - INFO - MainThread - server_logic - [DEBUG] found replica for vector: 4
2025-11-18 17:22:48,552 - INFO - MainThread - server_logic - [DEBUG] found replica for vector: 1
2025-11-18 17:22:48,552 - INFO - MainThread - server_logic - [DEBUG] found replica for vector: 2
2025-11-18 17:22:48,552 - INFO - MainThread - server_logic - [DEBUG] found replica for vector: 3
2025-11-18 17:22:48,552 - INFO - MainThread - server_logic - [DEBUG] to me replica for vector: 3
2025-11-18 17:22:48,552 - INFO - MainThread - server_logic - [DEBUG] found replica for vector: 1
2025-11-18 17:22:48,552 - INFO - MainThread - server_logic - [DEBUG] found replica for vector: 2
2025-11-18 17:22:48,552 - INFO - MainThread - server_logic - [DEBUG] found replica for vector: 3
2025-11-18 17:22:48,552 - INFO - MainThread - server_logic - [DEBUG] found replica for vector: 4
2025-11-18 17:22:48,552 - INFO - MainThread - server_logic - [DEBUG] found replica for vector: 1
2025-11-18 17:22:48,552 - INFO - MainThread - server_logic - [DEBUG] found replica for vector: 2
2025-11-18 17:22:48,552 - INFO - MainThread - server_logic - [DEBUG] found replica for vector: 3
2025-11-18 17:22:48,552 - INFO - MainThread - server_logic - [DEBUG] to me replica for vector: 3
2025-11-18 17:22:48,552 - INFO - MainThread - server_logic - [DEBUG] found replica for vector: 1
2025-11-18 17:22:48,552 - INFO - MainThread - server_logic - [DEBUG] found replica for vector: 2
2025-11-18 17:22:48,552 - INFO - MainThread - server_logic - [DEBUG] found replica for vector: 3
2025-11-18 17:22:48,552 - INFO - MainThread - server_logic - [DEBUG] found replica for vector: 4
2025-11-18 17:22:48,552 - INFO - MainThread - server_logic - [DEBUG] found replica for vector: 1
2025-11-18 17:22:48,552 - INFO - MainThread - server_logic - [DEBUG] found replica for vector: 2
2025-11-18 17:22:48,552 - INFO - MainThread - server_logic - [DEBUG] found replica for vector: 3
2025-11-18 17:22:48,552 - INFO - MainThread - server_logic - [DEBUG] found replica for vector: 4
2025-11-18 17:22:48,552 - INFO - MainThread - server_logic - [DEBUG] found replica for vector: 1
2025-11-18 17:22:48,552 - INFO - MainThread - server_logic - [DEBUG] found replica for vector: 2
2025-11-18 17:22:48,552 - INFO - MainThread - server_logic - [DEBUG] found replica for vector: 3
2025-11-18 17:22:48,552 - INFO - MainThread - server_logic - [DEBUG] found replica for vector: 4
2025-11-18 17:22:48,552 - INFO - MainThread - server_logic - [DEBUG] found replica for vector: 1
2025-11-18 17:22:48,552 - INFO - MainThread - server_logic - [DEBUG] found replica for vector: 2
2025-11-18 17:22:48,552 - INFO - MainThread - server_logic - [DEBUG] found replica for vector: 3
2025-11-18 17:22:48,552 - INFO - MainThread - server_logic - [DEBUG] found replica for vector: 4
2025-11-18 17:22:48,552 - INFO - MainThread - server_logic - [DEBUG] found replica for vector: 1
2025-11-18 17:22:48,552 - INFO - MainThread - server_logic - [DEBUG] found replica for vector: 2
2025-11-18 17:22:48,552 - INFO - MainThread - server_logic - [DEBUG] found replica for vector: 3
2025-11-18 17:22:48,552 - INFO - MainThread - server_logic - [DEBUG] to me replica for vector: 3
2025-11-18 17:22:48,553 - INFO - MainThread - server_logic - [DEBUG] found replica for vector: 1
2025-11-18 17:22:48,553 - INFO - MainThread - server_logic - [DEBUG] found replica for vector: 2
2025-11-18 17:22:48,553 - INFO - MainThread - server_logic - [DEBUG] found replica for vector: 3
2025-11-18 17:22:48,553 - INFO - MainThread - server_logic - [DEBUG] to me replica for vector: 3
2025-11-18 17:22:48,553 - INFO - MainThread - server_logic - [DEBUG] found replica for vector: 1
2025-11-18 17:22:48,553 - INFO - MainThread - server_logic - [DEBUG] found replica for vector: 2
2025-11-18 17:22:48,553 - INFO - MainThread - server_logic - [DEBUG] found replica for vector: 3
2025-11-18 17:22:48,553 - INFO - MainThread - server_logic - [DEBUG] found replica for vector: 4
2025-11-18 17:22:48,553 - INFO - MainThread - server_logic - [DEBUG] found replica for vector: 1
2025-11-18 17:22:48,553 - INFO - MainThread - server_logic - [DEBUG] found replica for vector: 2
2025-11-18 17:22:48,553 - INFO - MainThread - server_logic - [DEBUG] found replica for vector: 3
2025-11-18 17:22:48,553 - INFO - MainThread - server_logic - [DEBUG] to me replica for vector: 3
2025-11-18 17:22:48,553 - INFO - MainThread - server_logic - [DEBUG] found replica for vector: 1
2025-11-18 17:22:48,553 - INFO - MainThread - server_logic - [DEBUG] found replica for vector: 2
2025-11-18 17:22:48,553 - INFO - MainThread - server_logic - [DEBUG] found replica for vector: 3
2025-11-18 17:22:48,553 - INFO - MainThread - server_logic - [DEBUG] found replica for vector: 4
2025-11-18 17:22:48,553 - INFO - MainThread - server_logic - [DEBUG] found replica for vector: 1
2025-11-18 17:22:48,553 - INFO - MainThread - server_logic - [DEBUG] found replica for vector: 2
2025-11-18 17:22:48,553 - INFO - MainThread - server_logic - [DEBUG] found replica for vector: 3
2025-11-18 17:22:48,553 - INFO - MainThread - server_logic - [DEBUG] found replica for vector: 4
2025-11-18 17:22:48,553 - INFO - MainThread - server_logic - [DEBUG] found replica for vector: 1
2025-11-18 17:22:48,553 - INFO - MainThread - server_logic - [DEBUG] found replica for vector: 2
2025-11-18 17:22:48,553 - INFO - MainThread - server_logic - [DEBUG] found replica for vector: 3
2025-11-18 17:22:48,553 - INFO - MainThread - server_logic - [DEBUG] found replica for vector: 4
2025-11-18 17:22:48,553 - INFO - MainThread - server_logic - [DEBUG] found replica for vector: 1
2025-11-18 17:22:48,553 - INFO - MainThread - server_logic - [DEBUG] found replica for vector: 2
2025-11-18 17:22:48,553 - INFO - MainThread - server_logic - [DEBUG] found replica for vector: 3
2025-11-18 17:22:48,553 - INFO - MainThread - server_logic - [DEBUG] found replica for vector: 4
2025-11-18 17:22:48,553 - INFO - MainThread - server_logic - [DEBUG] found replica for vector: 1
2025-11-18 17:22:48,553 - INFO - MainThread - server_logic - [DEBUG] found replica for vector: 2
2025-11-18 17:22:48,553 - INFO - MainThread - server_logic - [DEBUG] found replica for vector: 3
2025-11-18 17:22:48,553 - INFO - MainThread - server_logic - [DEBUG] to me replica for vector: 3
2025-11-18 17:22:48,553 - INFO - MainThread - server_logic - [DEBUG] found replica for vector: 1
2025-11-18 17:22:48,553 - INFO - MainThread - server_logic - [DEBUG] found replica for vector: 2
2025-11-18 17:22:48,553 - INFO - MainThread - server_logic - [DEBUG] found replica for vector: 3
2025-11-18 17:22:48,553 - INFO - MainThread - server_logic - [DEBUG] found replica for vector: 4
2025-11-18 17:22:48,553 - INFO - MainThread - server_logic - [DEBUG] found replica for vector: 1
2025-11-18 17:22:48,553 - INFO - MainThread - server_logic - [DEBUG] found replica for vector: 2
2025-11-18 17:22:48,553 - INFO - MainThread - server_logic - [DEBUG] found replica for vector: 3
2025-11-18 17:22:48,553 - INFO - MainThread - server_logic - [DEBUG] to me replica for vector: 3
2025-11-18 17:22:48,553 - INFO - MainThread - server_logic - [DEBUG] found replica for vector: 1
2025-11-18 17:22:48,553 - INFO - MainThread - server_logic - [DEBUG] found replica for vector: 2
2025-11-18 17:22:48,553 - INFO - MainThread - server_logic - [DEBUG] found replica for vector: 3
2025-11-18 17:22:48,553 - INFO - MainThread - server_logic - [DEBUG] found replica for vector: 4
2025-11-18 17:22:48,553 - INFO - MainThread - server_logic - [DEBUG] found replica for vector: 1
2025-11-18 17:22:48,553 - INFO - MainThread - server_logic - [DEBUG] found replica for vector: 2
2025-11-18 17:22:48,553 - INFO - MainThread - server_logic - [DEBUG] found replica for vector: 3
2025-11-18 17:22:48,553 - INFO - MainThread - server_logic - [DEBUG] to me replica for vector: 3
2025-11-18 17:22:48,553 - INFO - MainThread - server_logic - [DEBUG] found replica for vector: 1
2025-11-18 17:22:48,553 - INFO - MainThread - server_logic - [DEBUG] found replica for vector: 2
2025-11-18 17:22:48,553 - INFO - MainThread - server_logic - [DEBUG] found replica for vector: 3
2025-11-18 17:22:48,553 - INFO - MainThread - server_logic - [DEBUG] found replica for vector: 4
2025-11-18 17:22:48,553 - INFO - MainThread - server_logic - [DEBUG] found replica for vector: 1
2025-11-18 17:22:48,553 - INFO - MainThread - server_logic - [DEBUG] found replica for vector: 2
2025-11-18 17:22:48,553 - INFO - MainThread - server_logic - [DEBUG] found replica for vector: 3
2025-11-18 17:22:48,553 - INFO - MainThread - server_logic - [DEBUG] found replica for vector: 4
2025-11-18 17:22:48,553 - INFO - MainThread - server_logic - [DEBUG] found replica for vector: 1
2025-11-18 17:22:48,553 - INFO - MainThread - server_logic - [DEBUG] found replica for vector: 2
2025-11-18 17:22:48,553 - INFO - MainThread - server_logic - [DEBUG] found replica for vector: 3
2025-11-18 17:22:48,553 - INFO - MainThread - server_logic - [DEBUG] found replica for vector: 4
2025-11-18 17:22:48,554 - INFO - MainThread - server_logic - [DEBUG] found replica for vector: 1
2025-11-18 17:22:48,554 - INFO - MainThread - server_logic - [DEBUG] found replica for vector: 2
2025-11-18 17:22:48,554 - INFO - MainThread - server_logic - [DEBUG] found replica for vector: 3
2025-11-18 17:22:48,554 - INFO - MainThread - server_logic - [DEBUG] found replica for vector: 4
2025-11-18 17:22:48,554 - INFO - MainThread - server_logic - [DEBUG] found replica for vector: 1
2025-11-18 17:22:48,554 - INFO - MainThread - server_logic - [DEBUG] found replica for vector: 2
2025-11-18 17:22:48,554 - INFO - MainThread - server_logic - [DEBUG] found replica for vector: 3
2025-11-18 17:22:48,554 - INFO - MainThread - server_logic - [DEBUG] found replica for vector: 4
2025-11-18 17:22:48,554 - INFO - MainThread - server_logic - [DEBUG] found replica for vector: 1
2025-11-18 17:22:48,554 - INFO - MainThread - server_logic - [DEBUG] found replica for vector: 2
2025-11-18 17:22:48,554 - INFO - MainThread - server_logic - [DEBUG] found replica for vector: 3
2025-11-18 17:22:48,554 - INFO - MainThread - server_logic - [DEBUG] found replica for vector: 4
2025-11-18 17:22:48,554 - INFO - MainThread - server_logic - [DEBUG] found replica for vector: 1
2025-11-18 17:22:48,554 - INFO - MainThread - server_logic - [DEBUG] found replica for vector: 2
2025-11-18 17:22:48,554 - INFO - MainThread - server_logic - [DEBUG] found replica for vector: 3
2025-11-18 17:22:48,554 - INFO - MainThread - server_logic - [DEBUG] found replica for vector: 4
2025-11-18 17:22:48,554 - INFO - MainThread - server_logic - [DEBUG] found replica for vector: 1
2025-11-18 17:22:48,554 - INFO - MainThread - server_logic - [DEBUG] found replica for vector: 2
2025-11-18 17:22:48,554 - INFO - MainThread - server_logic - [DEBUG] found replica for vector: 3
2025-11-18 17:22:48,554 - INFO - MainThread - server_logic - [DEBUG] found replica for vector: 4
2025-11-18 17:22:48,554 - INFO - MainThread - server_logic - [DEBUG] found replica for vector: 1
2025-11-18 17:22:48,554 - INFO - MainThread - server_logic - [DEBUG] found replica for vector: 2
2025-11-18 17:22:48,554 - INFO - MainThread - server_logic - [DEBUG] found replica for vector: 3
2025-11-18 17:22:48,554 - INFO - MainThread - server_logic - [DEBUG] found replica for vector: 4
2025-11-18 17:22:48,554 - INFO - MainThread - server_logic - [DEBUG] found replica for vector: 1
2025-11-18 17:22:48,554 - INFO - MainThread - server_logic - [DEBUG] found replica for vector: 2
2025-11-18 17:22:48,554 - INFO - MainThread - server_logic - [DEBUG] found replica for vector: 3
2025-11-18 17:22:48,554 - INFO - MainThread - server_logic - [DEBUG] found replica for vector: 4
2025-11-18 17:22:48,554 - INFO - MainThread - server_logic - [DEBUG] found replica for vector: 1
2025-11-18 17:22:48,554 - INFO - MainThread - server_logic - [DEBUG] found replica for vector: 2
2025-11-18 17:22:48,554 - INFO - MainThread - server_logic - [DEBUG] found replica for vector: 3
2025-11-18 17:22:48,554 - INFO - MainThread - server_logic - [DEBUG] to me replica for vector: 3
2025-11-18 17:22:48,554 - INFO - MainThread - server_logic - [DEBUG] found replica for vector: 1
2025-11-18 17:22:48,554 - INFO - MainThread - server_logic - [DEBUG] found replica for vector: 2
2025-11-18 17:22:48,554 - INFO - MainThread - server_logic - [DEBUG] found replica for vector: 3
2025-11-18 17:22:48,554 - INFO - MainThread - server_logic - [DEBUG] to me replica for vector: 3
2025-11-18 17:22:48,554 - INFO - MainThread - server_logic - [DEBUG] found replica for vector: 1
2025-11-18 17:22:48,554 - INFO - MainThread - server_logic - [DEBUG] found replica for vector: 2
2025-11-18 17:22:48,554 - INFO - MainThread - server_logic - [DEBUG] found replica for vector: 3
2025-11-18 17:22:48,554 - INFO - MainThread - server_logic - [DEBUG] found replica for vector: 4
2025-11-18 17:22:48,554 - INFO - MainThread - server_logic - [DEBUG] found replica for vector: 1
2025-11-18 17:22:48,554 - INFO - MainThread - server_logic - [DEBUG] found replica for vector: 2
2025-11-18 17:22:48,554 - INFO - MainThread - server_logic - [DEBUG] found replica for vector: 3
2025-11-18 17:22:48,554 - INFO - MainThread - server_logic - [DEBUG] to me replica for vector: 3
2025-11-18 17:22:48,554 - INFO - MainThread - server_logic - [DEBUG] found replica for vector: 1
2025-11-18 17:22:48,554 - INFO - MainThread - server_logic - [DEBUG] found replica for vector: 2
2025-11-18 17:22:48,554 - INFO - MainThread - server_logic - [DEBUG] found replica for vector: 3
2025-11-18 17:22:48,554 - INFO - MainThread - server_logic - [DEBUG] found replica for vector: 4
2025-11-18 17:22:48,554 - INFO - MainThread - server_logic - [DEBUG] found replica for vector: 1
2025-11-18 17:22:48,554 - INFO - MainThread - server_logic - [DEBUG] found replica for vector: 2
2025-11-18 17:22:48,554 - INFO - MainThread - server_logic - [DEBUG] found replica for vector: 3
2025-11-18 17:22:48,554 - INFO - MainThread - server_logic - [DEBUG] found replica for vector: 4
2025-11-18 17:22:48,554 - INFO - MainThread - server_logic - [DEBUG] found replica for vector: 1
2025-11-18 17:22:48,554 - INFO - MainThread - server_logic - [DEBUG] found replica for vector: 2
2025-11-18 17:22:48,554 - INFO - MainThread - server_logic - [DEBUG] found replica for vector: 3
2025-11-18 17:22:48,554 - INFO - MainThread - server_logic - [DEBUG] to me replica for vector: 3
2025-11-18 17:22:48,554 - INFO - MainThread - server_logic - [DEBUG] found replica for vector: 1
2025-11-18 17:22:48,554 - INFO - MainThread - server_logic - [DEBUG] found replica for vector: 2
2025-11-18 17:22:48,555 - INFO - MainThread - server_logic - [DEBUG] found replica for vector: 3
2025-11-18 17:22:48,555 - INFO - MainThread - server_logic - [DEBUG] found replica for vector: 4
2025-11-18 17:22:48,555 - INFO - MainThread - server_logic - [DEBUG] found replica for vector: 1
2025-11-18 17:22:48,555 - INFO - MainThread - server_logic - [DEBUG] found replica for vector: 2
2025-11-18 17:22:48,555 - INFO - MainThread - server_logic - [DEBUG] found replica for vector: 3
2025-11-18 17:22:48,555 - INFO - MainThread - server_logic - [DEBUG] found replica for vector: 4
2025-11-18 17:22:48,555 - INFO - MainThread - server_logic - [DEBUG] found replica for vector: 1
2025-11-18 17:22:48,555 - INFO - MainThread - server_logic - [DEBUG] found replica for vector: 2
2025-11-18 17:22:48,555 - INFO - MainThread - server_logic - [DEBUG] found replica for vector: 3
2025-11-18 17:22:48,555 - INFO - MainThread - server_logic - [DEBUG] found replica for vector: 4
2025-11-18 17:22:48,555 - INFO - MainThread - server_logic - [DEBUG] found replica for vector: 1
2025-11-18 17:22:48,555 - INFO - MainThread - server_logic - [DEBUG] found replica for vector: 2
2025-11-18 17:22:48,555 - INFO - MainThread - server_logic - [DEBUG] found replica for vector: 3
2025-11-18 17:22:48,555 - INFO - MainThread - server_logic - [DEBUG] found replica for vector: 4
2025-11-18 17:22:48,555 - INFO - MainThread - server_logic - [DEBUG] found replica for vector: 1
2025-11-18 17:22:48,555 - INFO - MainThread - server_logic - [DEBUG] found replica for vector: 2
2025-11-18 17:22:48,555 - INFO - MainThread - server_logic - [DEBUG] found replica for vector: 3
2025-11-18 17:22:48,555 - INFO - MainThread - server_logic - [DEBUG] found replica for vector: 4
2025-11-18 17:22:48,555 - INFO - MainThread - server_logic - [DEBUG] found replica for vector: 1
2025-11-18 17:22:48,555 - INFO - MainThread - server_logic - [DEBUG] found replica for vector: 2
2025-11-18 17:22:48,555 - INFO - MainThread - server_logic - [DEBUG] found replica for vector: 3
2025-11-18 17:22:48,555 - INFO - MainThread - server_logic - [DEBUG] found replica for vector: 4
2025-11-18 17:22:48,555 - INFO - MainThread - server_logic - [DEBUG] found replica for vector: 1
2025-11-18 17:22:48,555 - INFO - MainThread - server_logic - [DEBUG] found replica for vector: 2
2025-11-18 17:22:48,555 - INFO - MainThread - server_logic - [DEBUG] found replica for vector: 3
2025-11-18 17:22:48,555 - INFO - MainThread - server_logic - [DEBUG] found replica for vector: 4
2025-11-18 17:22:48,555 - INFO - MainThread - server_logic - [DEBUG] found replica for vector: 1
2025-11-18 17:22:48,555 - INFO - MainThread - server_logic - [DEBUG] found replica for vector: 2
2025-11-18 17:22:48,555 - INFO - MainThread - server_logic - [DEBUG] found replica for vector: 3
2025-11-18 17:22:48,555 - INFO - MainThread - server_logic - [DEBUG] found replica for vector: 4
2025-11-18 17:22:48,555 - INFO - MainThread - server_logic - [DEBUG] found replica for vector: 1
2025-11-18 17:22:48,555 - INFO - MainThread - server_logic - [DEBUG] found replica for vector: 2
2025-11-18 17:22:48,555 - INFO - MainThread - server_logic - [DEBUG] found replica for vector: 3
2025-11-18 17:22:48,555 - INFO - MainThread - server_logic - [DEBUG] found replica for vector: 4
2025-11-18 17:22:48,555 - INFO - MainThread - server_logic - [DEBUG] found replica for vector: 1
2025-11-18 17:22:48,555 - INFO - MainThread - server_logic - [DEBUG] found replica for vector: 2
2025-11-18 17:22:48,555 - INFO - MainThread - server_logic - [DEBUG] found replica for vector: 3
2025-11-18 17:22:48,555 - INFO - MainThread - server_logic - [DEBUG] to me replica for vector: 3
2025-11-18 17:22:48,555 - INFO - MainThread - server_logic - [DEBUG] found replica for vector: 1
2025-11-18 17:22:48,555 - INFO - MainThread - server_logic - [DEBUG] found replica for vector: 2
2025-11-18 17:22:48,555 - INFO - MainThread - server_logic - [DEBUG] found replica for vector: 3
2025-11-18 17:22:48,555 - INFO - MainThread - server_logic - [DEBUG] to me replica for vector: 3
2025-11-18 17:22:48,555 - INFO - MainThread - server_logic - [DEBUG] found replica for vector: 1
2025-11-18 17:22:48,555 - INFO - MainThread - server_logic - [DEBUG] found replica for vector: 2
2025-11-18 17:22:48,555 - INFO - MainThread - server_logic - [DEBUG] found replica for vector: 3
2025-11-18 17:22:48,555 - INFO - MainThread - server_logic - [DEBUG] found replica for vector: 4
2025-11-18 17:22:48,555 - INFO - MainThread - server_logic - [DEBUG] found replica for vector: 1
2025-11-18 17:22:48,555 - INFO - MainThread - server_logic - [DEBUG] found replica for vector: 2
2025-11-18 17:22:48,555 - INFO - MainThread - server_logic - [DEBUG] found replica for vector: 3
2025-11-18 17:22:48,555 - INFO - MainThread - server_logic - [DEBUG] found replica for vector: 4
2025-11-18 17:22:48,555 - INFO - MainThread - server_logic - [DEBUG] found replica for vector: 1
2025-11-18 17:22:48,555 - INFO - MainThread - server_logic - [DEBUG] found replica for vector: 2
2025-11-18 17:22:48,555 - INFO - MainThread - server_logic - [DEBUG] found replica for vector: 3
2025-11-18 17:22:48,555 - INFO - MainThread - server_logic - [DEBUG] to me replica for vector: 3
2025-11-18 17:22:48,555 - INFO - MainThread - server_logic - [DEBUG] found replica for vector: 1
2025-11-18 17:22:48,555 - INFO - MainThread - server_logic - [DEBUG] found replica for vector: 2
2025-11-18 17:22:48,555 - INFO - MainThread - server_logic - [DEBUG] found replica for vector: 3
2025-11-18 17:22:48,555 - INFO - MainThread - server_logic - [DEBUG] found replica for vector: 4
2025-11-18 17:22:48,556 - INFO - MainThread - server_logic - [DEBUG] found replica for vector: 1
2025-11-18 17:22:48,556 - INFO - MainThread - server_logic - [DEBUG] found replica for vector: 2
2025-11-18 17:22:48,556 - INFO - MainThread - server_logic - [DEBUG] found replica for vector: 3
2025-11-18 17:22:48,556 - INFO - MainThread - server_logic - [DEBUG] to me replica for vector: 3
2025-11-18 17:22:48,556 - INFO - MainThread - server_logic - [DEBUG] found replica for vector: 1
2025-11-18 17:22:48,556 - INFO - MainThread - server_logic - [DEBUG] found replica for vector: 2
2025-11-18 17:22:48,556 - INFO - MainThread - server_logic - [DEBUG] found replica for vector: 3
2025-11-18 17:22:48,556 - INFO - MainThread - server_logic - [DEBUG] found replica for vector: 4
2025-11-18 17:22:48,556 - INFO - MainThread - server_logic - [DEBUG] found replica for vector: 1
2025-11-18 17:22:48,556 - INFO - MainThread - server_logic - [DEBUG] found replica for vector: 2
2025-11-18 17:22:48,556 - INFO - MainThread - server_logic - [DEBUG] found replica for vector: 3
2025-11-18 17:22:48,556 - INFO - MainThread - server_logic - [DEBUG] found replica for vector: 4
2025-11-18 17:22:48,556 - INFO - MainThread - server_logic - [DEBUG] found replica for vector: 1
2025-11-18 17:22:48,556 - INFO - MainThread - server_logic - [DEBUG] found replica for vector: 2
2025-11-18 17:22:48,556 - INFO - MainThread - server_logic - [DEBUG] found replica for vector: 3
2025-11-18 17:22:48,556 - INFO - MainThread - server_logic - [DEBUG] found replica for vector: 4
2025-11-18 17:22:48,556 - INFO - MainThread - server_logic - [DEBUG] found replica for vector: 1
2025-11-18 17:22:48,556 - INFO - MainThread - server_logic - [DEBUG] found replica for vector: 2
2025-11-18 17:22:48,556 - INFO - MainThread - server_logic - [DEBUG] found replica for vector: 3
2025-11-18 17:22:48,556 - INFO - MainThread - server_logic - [DEBUG] found replica for vector: 4
2025-11-18 17:22:48,556 - INFO - MainThread - server_logic - [DEBUG] found replica for vector: 1
2025-11-18 17:22:48,556 - INFO - MainThread - server_logic - [DEBUG] found replica for vector: 2
2025-11-18 17:22:48,556 - INFO - MainThread - server_logic - [DEBUG] found replica for vector: 3
2025-11-18 17:22:48,556 - INFO - MainThread - server_logic - [DEBUG] found replica for vector: 4
2025-11-18 17:22:48,556 - INFO - MainThread - server_logic - [DEBUG] found replica for vector: 1
2025-11-18 17:22:48,556 - INFO - MainThread - server_logic - [DEBUG] found replica for vector: 2
2025-11-18 17:22:48,556 - INFO - MainThread - server_logic - [DEBUG] found replica for vector: 3
2025-11-18 17:22:48,556 - INFO - MainThread - server_logic - [DEBUG] found replica for vector: 4
2025-11-18 17:22:48,556 - INFO - MainThread - server_logic - [DEBUG] found replica for vector: 1
2025-11-18 17:22:48,556 - INFO - MainThread - server_logic - [DEBUG] found replica for vector: 2
2025-11-18 17:22:48,556 - INFO - MainThread - server_logic - [DEBUG] found replica for vector: 3
2025-11-18 17:22:48,556 - INFO - MainThread - server_logic - [DEBUG] found replica for vector: 4
2025-11-18 17:22:48,556 - INFO - MainThread - server_logic - [DEBUG] found replica for vector: 1
2025-11-18 17:22:48,556 - INFO - MainThread - server_logic - [DEBUG] found replica for vector: 2
2025-11-18 17:22:48,556 - INFO - MainThread - server_logic - [DEBUG] found replica for vector: 3
2025-11-18 17:22:48,556 - INFO - MainThread - server_logic - [DEBUG] to me replica for vector: 3
2025-11-18 17:22:48,556 - INFO - MainThread - server_logic - [DEBUG] found replica for vector: 1
2025-11-18 17:22:48,556 - INFO - MainThread - server_logic - [DEBUG] found replica for vector: 2
2025-11-18 17:22:48,556 - INFO - MainThread - server_logic - [DEBUG] found replica for vector: 3
2025-11-18 17:22:48,556 - INFO - MainThread - server_logic - [DEBUG] found replica for vector: 4
2025-11-18 17:22:48,556 - INFO - MainThread - server_logic - [DEBUG] found replica for vector: 1
2025-11-18 17:22:48,556 - INFO - MainThread - server_logic - [DEBUG] found replica for vector: 2
2025-11-18 17:22:48,556 - INFO - MainThread - server_logic - [DEBUG] found replica for vector: 3
2025-11-18 17:22:48,556 - INFO - MainThread - server_logic - [DEBUG] to me replica for vector: 3
2025-11-18 17:22:48,556 - INFO - MainThread - server_logic - [DEBUG] found replica for vector: 1
2025-11-18 17:22:48,556 - INFO - MainThread - server_logic - [DEBUG] found replica for vector: 2
2025-11-18 17:22:48,556 - INFO - MainThread - server_logic - [DEBUG] found replica for vector: 3
2025-11-18 17:22:48,556 - INFO - MainThread - server_logic - [DEBUG] found replica for vector: 4
2025-11-18 17:22:48,556 - INFO - MainThread - server_logic - [DEBUG] found replica for vector: 1
2025-11-18 17:22:48,556 - INFO - MainThread - server_logic - [DEBUG] found replica for vector: 2
2025-11-18 17:22:48,556 - INFO - MainThread - server_logic - [DEBUG] found replica for vector: 3
2025-11-18 17:22:48,556 - INFO - MainThread - server_logic - [DEBUG] to me replica for vector: 3
2025-11-18 17:22:48,556 - INFO - MainThread - server_logic - [DEBUG] found replica for vector: 1
2025-11-18 17:22:48,556 - INFO - MainThread - server_logic - [DEBUG] found replica for vector: 2
2025-11-18 17:22:48,556 - INFO - MainThread - server_logic - [DEBUG] found replica for vector: 3
2025-11-18 17:22:48,556 - INFO - MainThread - server_logic - [DEBUG] found replica for vector: 4
2025-11-18 17:22:48,556 - INFO - MainThread - server_logic - [DEBUG] found replica for vector: 1
2025-11-18 17:22:48,556 - INFO - MainThread - server_logic - [DEBUG] found replica for vector: 2
2025-11-18 17:22:48,556 - INFO - MainThread - server_logic - [DEBUG] found replica for vector: 3
2025-11-18 17:22:48,556 - INFO - MainThread - server_logic - [DEBUG] found replica for vector: 4
2025-11-18 17:22:48,557 - INFO - MainThread - server_logic - [DEBUG] found replica for vector: 1
2025-11-18 17:22:48,557 - INFO - MainThread - server_logic - [DEBUG] found replica for vector: 2
2025-11-18 17:22:48,557 - INFO - MainThread - server_logic - [DEBUG] found replica for vector: 3
2025-11-18 17:22:48,557 - INFO - MainThread - server_logic - [DEBUG] found replica for vector: 4
2025-11-18 17:22:48,557 - INFO - MainThread - server_logic - [DEBUG] found replica for vector: 1
2025-11-18 17:22:48,557 - INFO - MainThread - server_logic - [DEBUG] found replica for vector: 2
2025-11-18 17:22:48,557 - INFO - MainThread - server_logic - [DEBUG] found replica for vector: 3
2025-11-18 17:22:48,557 - INFO - MainThread - server_logic - [DEBUG] found replica for vector: 4
2025-11-18 17:22:48,557 - INFO - MainThread - server_logic - [DEBUG] found replica for vector: 1
2025-11-18 17:22:48,557 - INFO - MainThread - server_logic - [DEBUG] found replica for vector: 2
2025-11-18 17:22:48,557 - INFO - MainThread - server_logic - [DEBUG] found replica for vector: 3
2025-11-18 17:22:48,557 - INFO - MainThread - server_logic - [DEBUG] found replica for vector: 4
2025-11-18 17:22:48,557 - INFO - MainThread - server_logic - [DEBUG] found replica for vector: 1
2025-11-18 17:22:48,557 - INFO - MainThread - server_logic - [DEBUG] found replica for vector: 2
2025-11-18 17:22:48,557 - INFO - MainThread - server_logic - [DEBUG] found replica for vector: 3
2025-11-18 17:22:48,557 - INFO - MainThread - server_logic - [DEBUG] found replica for vector: 4
2025-11-18 17:22:48,557 - INFO - MainThread - server_logic - [DEBUG] found replica for vector: 1
2025-11-18 17:22:48,557 - INFO - MainThread - server_logic - [DEBUG] found replica for vector: 2
2025-11-18 17:22:48,557 - INFO - MainThread - server_logic - [DEBUG] found replica for vector: 3
2025-11-18 17:22:48,557 - INFO - MainThread - server_logic - [DEBUG] found replica for vector: 4
2025-11-18 17:22:48,557 - INFO - MainThread - server_logic - [DEBUG] found replica for vector: 1
2025-11-18 17:22:48,557 - INFO - MainThread - server_logic - [DEBUG] found replica for vector: 2
2025-11-18 17:22:48,557 - INFO - MainThread - server_logic - [DEBUG] found replica for vector: 3
2025-11-18 17:22:48,557 - INFO - MainThread - server_logic - [DEBUG] found replica for vector: 4
2025-11-18 17:22:48,557 - INFO - MainThread - server_logic - [DEBUG] found replica for vector: 1
2025-11-18 17:22:48,557 - INFO - MainThread - server_logic - [DEBUG] found replica for vector: 2
2025-11-18 17:22:48,557 - INFO - MainThread - server_logic - [DEBUG] found replica for vector: 3
2025-11-18 17:22:48,557 - INFO - MainThread - server_logic - [DEBUG] found replica for vector: 4
2025-11-18 17:22:48,557 - INFO - MainThread - server_logic - [DEBUG] found replica for vector: 1
2025-11-18 17:22:48,557 - INFO - MainThread - server_logic - [DEBUG] found replica for vector: 2
2025-11-18 17:22:48,557 - INFO - MainThread - server_logic - [DEBUG] found replica for vector: 3
2025-11-18 17:22:48,557 - INFO - MainThread - server_logic - [DEBUG] to me replica for vector: 3
2025-11-18 17:22:48,557 - INFO - MainThread - server_logic - [DEBUG] found replica for vector: 1
2025-11-18 17:22:48,557 - INFO - MainThread - server_logic - [DEBUG] found replica for vector: 2
2025-11-18 17:22:48,557 - INFO - MainThread - server_logic - [DEBUG] found replica for vector: 3
2025-11-18 17:22:48,557 - INFO - MainThread - server_logic - [DEBUG] found replica for vector: 4
2025-11-18 17:22:48,557 - INFO - MainThread - server_logic - [DEBUG] found replica for vector: 1
2025-11-18 17:22:48,557 - INFO - MainThread - server_logic - [DEBUG] found replica for vector: 2
2025-11-18 17:22:48,557 - INFO - MainThread - server_logic - [DEBUG] found replica for vector: 3
2025-11-18 17:22:48,557 - INFO - MainThread - server_logic - [DEBUG] to me replica for vector: 3
2025-11-18 17:22:48,557 - INFO - MainThread - server_logic - [DEBUG] found replica for vector: 1
2025-11-18 17:22:48,557 - INFO - MainThread - server_logic - [DEBUG] found replica for vector: 2
2025-11-18 17:22:48,557 - INFO - MainThread - server_logic - [DEBUG] found replica for vector: 3
2025-11-18 17:22:48,557 - INFO - MainThread - server_logic - [DEBUG] found replica for vector: 4
2025-11-18 17:22:48,557 - INFO - MainThread - server_logic - [DEBUG] found replica for vector: 1
2025-11-18 17:22:48,557 - INFO - MainThread - server_logic - [DEBUG] found replica for vector: 2
2025-11-18 17:22:48,557 - INFO - MainThread - server_logic - [DEBUG] found replica for vector: 3
2025-11-18 17:22:48,557 - INFO - MainThread - server_logic - [DEBUG] found replica for vector: 4
2025-11-18 17:22:48,557 - INFO - MainThread - server_logic - [DEBUG] found replica for vector: 1
2025-11-18 17:22:48,557 - INFO - MainThread - server_logic - [DEBUG] found replica for vector: 2
2025-11-18 17:22:48,557 - INFO - MainThread - server_logic - [DEBUG] found replica for vector: 3
2025-11-18 17:22:48,557 - INFO - MainThread - server_logic - [DEBUG] found replica for vector: 4
2025-11-18 17:22:48,557 - INFO - MainThread - server_logic - [Router] Distribution: Peer node1: 75, Peer node2: 69, Peer node3: 69, Peer node4: 69, Peer node5: 69, Peer node6: 43, Peer node7: 43, Peer node8: 43, Peer node9: 43, Peer node10: 69, Peer node11: 69, Peer node13: 69, Peer node14: 75, Peer node15: 75, Peer node16: 75, Me (node12): 69
2025-11-18 17:22:48,557 - INFO - MainThread - server_logic - --> [Peer Send] Sending 75 vectors to Peer node1 (localhost:9001) | Status: clustered
2025-11-18 17:22:48,630 - INFO - MainThread - server_logic - --> [Peer Send] Success: Sent vectors to node1
2025-11-18 17:22:48,630 - INFO - MainThread - server_logic - --> [Peer Send] Sending 69 vectors to Peer node2 (localhost:9002) | Status: clustered
2025-11-18 17:22:48,700 - INFO - MainThread - server_logic - --> [Peer Send] Success: Sent vectors to node2
2025-11-18 17:22:48,701 - INFO - MainThread - server_logic - --> [Peer Send] Sending 69 vectors to Peer node3 (localhost:9003) | Status: clustered
2025-11-18 17:22:48,790 - INFO - MainThread - server_logic - --> [Peer Send] Success: Sent vectors to node3
2025-11-18 17:22:48,790 - INFO - MainThread - server_logic - --> [Peer Send] Sending 69 vectors to Peer node4 (localhost:9004) | Status: clustered
2025-11-18 17:22:48,858 - INFO - MainThread - server_logic - --> [Peer Send] Success: Sent vectors to node4
2025-11-18 17:22:48,858 - INFO - MainThread - server_logic - --> [Peer Send] Sending 69 vectors to Peer node5 (localhost:9005) | Status: clustered
2025-11-18 17:22:48,927 - INFO - MainThread - server_logic - --> [Peer Send] Success: Sent vectors to node5
2025-11-18 17:22:48,927 - INFO - MainThread - server_logic - --> [Peer Send] Sending 43 vectors to Peer node6 (localhost:9006) | Status: clustered
2025-11-18 17:22:48,993 - INFO - MainThread - server_logic - --> [Peer Send] Success: Sent vectors to node6
2025-11-18 17:22:48,993 - INFO - MainThread - server_logic - --> [Peer Send] Sending 43 vectors to Peer node7 (localhost:9007) | Status: clustered
2025-11-18 17:22:49,059 - INFO - MainThread - server_logic - --> [Peer Send] Success: Sent vectors to node7
2025-11-18 17:22:49,059 - INFO - MainThread - server_logic - --> [Peer Send] Sending 43 vectors to Peer node8 (localhost:9008) | Status: clustered
2025-11-18 17:22:49,140 - INFO - MainThread - server_logic - --> [Peer Send] Success: Sent vectors to node8
2025-11-18 17:22:49,140 - INFO - MainThread - server_logic - --> [Peer Send] Sending 43 vectors to Peer node9 (localhost:9009) | Status: clustered
2025-11-18 17:22:49,205 - INFO - MainThread - server_logic - --> [Peer Send] Success: Sent vectors to node9
2025-11-18 17:22:49,205 - INFO - MainThread - server_logic - --> [Peer Send] Sending 69 vectors to Peer node10 (localhost:9010) | Status: clustered
2025-11-18 17:22:49,282 - INFO - MainThread - server_logic - --> [Peer Send] Success: Sent vectors to node10
2025-11-18 17:22:49,282 - INFO - MainThread - server_logic - --> [Peer Send] Sending 69 vectors to Peer node11 (localhost:9011) | Status: clustered
2025-11-18 17:22:49,354 - INFO - MainThread - server_logic - --> [Peer Send] Success: Sent vectors to node11
2025-11-18 17:22:49,354 - INFO - MainThread - server_logic - --> [Peer Send] Sending 69 vectors to Peer node13 (localhost:9013) | Status: clustered
2025-11-18 17:22:49,427 - INFO - MainThread - server_logic - --> [Peer Send] Success: Sent vectors to node13
2025-11-18 17:22:49,427 - INFO - MainThread - server_logic - --> [Peer Send] Sending 75 vectors to Peer node14 (localhost:9014) | Status: clustered
2025-11-18 17:22:49,498 - INFO - MainThread - server_logic - --> [Peer Send] Success: Sent vectors to node14
2025-11-18 17:22:49,498 - INFO - MainThread - server_logic - --> [Peer Send] Sending 75 vectors to Peer node15 (localhost:9015) | Status: clustered
2025-11-18 17:22:49,570 - INFO - MainThread - server_logic - --> [Peer Send] Success: Sent vectors to node15
2025-11-18 17:22:49,570 - INFO - MainThread - server_logic - --> [Peer Send] Sending 75 vectors to Peer node16 (localhost:9016) | Status: clustered
2025-11-18 17:22:49,641 - INFO - MainThread - server_logic - --> [Peer Send] Success: Sent vectors to node16
2025-11-18 17:22:49,641 - INFO - MainThread - server_logic - [Add Vectors] Processing 69 vectors. Sender Status: clustered. Current Node Status: clustered
2025-11-18 17:22:49,641 - INFO - MainThread - server_logic - [Add Vectors] Direct Insert: Storing 69 vectors in local Qdrant (Sender is clustered).
2025-11-18 17:22:49,693 - INFO - MainThread - httpx - HTTP Request: GET http://localhost:6355 "HTTP/1.1 200 OK"
2025-11-18 17:22:49,694 - INFO - MainThread - qdrant_module - [Qdrant] Attempting to insert 69 vectors into vectors on http://localhost:6355...
2025-11-18 17:22:49,705 - INFO - MainThread - qdrant_module - [Qdrant] Success: Inserted 69 vectors.
2025-11-18 17:22:49,706 - INFO - MainThread - __main__ - API: /add completed
2025-11-18 17:22:49,707 - INFO - MainThread - uvicorn.access - 127.0.0.1:50345 - "POST /add HTTP/1.1" 200
2025-11-18 17:22:50,562 - INFO - ThreadPoolExecutor-0_0 - grpc_handler - [GRPC IN] ReceiveVectors called. ReqID: 61, Type: clustered, Count: 65
2025-11-18 17:22:50,563 - INFO - ThreadPoolExecutor-0_0 - server_logic - [Add Vectors] Processing 65 vectors. Sender Status: clustered. Current Node Status: clustered
2025-11-18 17:22:50,563 - INFO - ThreadPoolExecutor-0_0 - server_logic - [Add Vectors] Direct Insert: Storing 65 vectors in local Qdrant (Sender is clustered).
2025-11-18 17:22:50,616 - INFO - ThreadPoolExecutor-0_0 - httpx - HTTP Request: GET http://localhost:6355 "HTTP/1.1 200 OK"
2025-11-18 17:22:50,616 - INFO - ThreadPoolExecutor-0_0 - qdrant_module - [Qdrant] Attempting to insert 65 vectors into vectors on http://localhost:6355...
2025-11-18 17:22:50,626 - INFO - ThreadPoolExecutor-0_0 - qdrant_module - [Qdrant] Success: Inserted 65 vectors.
2025-11-18 17:22:50,628 - INFO - ThreadPoolExecutor-0_0 - grpc_handler - [GRPC IN] ReceiveVectors processed successfully.
2025-11-18 17:22:51,762 - INFO - ThreadPoolExecutor-0_0 - grpc_handler - [GRPC IN] ReceiveVectors called. ReqID: 62, Type: clustered, Count: 80
2025-11-18 17:22:51,763 - INFO - ThreadPoolExecutor-0_0 - server_logic - [Add Vectors] Processing 80 vectors. Sender Status: clustered. Current Node Status: clustered
2025-11-18 17:22:51,763 - INFO - ThreadPoolExecutor-0_0 - server_logic - [Add Vectors] Direct Insert: Storing 80 vectors in local Qdrant (Sender is clustered).
2025-11-18 17:22:51,816 - INFO - ThreadPoolExecutor-0_0 - httpx - HTTP Request: GET http://localhost:6355 "HTTP/1.1 200 OK"
2025-11-18 17:22:51,816 - INFO - ThreadPoolExecutor-0_0 - qdrant_module - [Qdrant] Attempting to insert 80 vectors into vectors on http://localhost:6355...
2025-11-18 17:22:51,831 - INFO - ThreadPoolExecutor-0_0 - qdrant_module - [Qdrant] Success: Inserted 80 vectors.
2025-11-18 17:22:51,832 - INFO - ThreadPoolExecutor-0_0 - grpc_handler - [GRPC IN] ReceiveVectors processed successfully.
2025-11-18 17:22:52,982 - INFO - ThreadPoolExecutor-0_0 - grpc_handler - [GRPC IN] ReceiveVectors called. ReqID: 63, Type: clustered, Count: 78
2025-11-18 17:22:52,983 - INFO - ThreadPoolExecutor-0_0 - server_logic - [Add Vectors] Processing 78 vectors. Sender Status: clustered. Current Node Status: clustered
2025-11-18 17:22:52,983 - INFO - ThreadPoolExecutor-0_0 - server_logic - [Add Vectors] Direct Insert: Storing 78 vectors in local Qdrant (Sender is clustered).
2025-11-18 17:22:53,035 - INFO - ThreadPoolExecutor-0_0 - httpx - HTTP Request: GET http://localhost:6355 "HTTP/1.1 200 OK"
2025-11-18 17:22:53,036 - INFO - ThreadPoolExecutor-0_0 - qdrant_module - [Qdrant] Attempting to insert 78 vectors into vectors on http://localhost:6355...
2025-11-18 17:22:53,049 - INFO - ThreadPoolExecutor-0_0 - qdrant_module - [Qdrant] Success: Inserted 78 vectors.
2025-11-18 17:22:53,050 - INFO - ThreadPoolExecutor-0_0 - grpc_handler - [GRPC IN] ReceiveVectors processed successfully.
2025-11-18 17:22:54,183 - INFO - ThreadPoolExecutor-0_0 - grpc_handler - [GRPC IN] ReceiveVectors called. ReqID: 64, Type: clustered, Count: 82
2025-11-18 17:22:54,185 - INFO - ThreadPoolExecutor-0_0 - server_logic - [Add Vectors] Processing 82 vectors. Sender Status: clustered. Current Node Status: clustered
2025-11-18 17:22:54,185 - INFO - ThreadPoolExecutor-0_0 - server_logic - [Add Vectors] Direct Insert: Storing 82 vectors in local Qdrant (Sender is clustered).
2025-11-18 17:22:54,236 - INFO - ThreadPoolExecutor-0_0 - httpx - HTTP Request: GET http://localhost:6355 "HTTP/1.1 200 OK"
2025-11-18 17:22:54,237 - INFO - ThreadPoolExecutor-0_0 - qdrant_module - [Qdrant] Attempting to insert 82 vectors into vectors on http://localhost:6355...
2025-11-18 17:22:54,250 - INFO - ThreadPoolExecutor-0_0 - qdrant_module - [Qdrant] Success: Inserted 82 vectors.
2025-11-18 17:22:54,251 - INFO - ThreadPoolExecutor-0_0 - grpc_handler - [GRPC IN] ReceiveVectors processed successfully.
2025-11-18 17:22:55,330 - INFO - ThreadPoolExecutor-0_0 - grpc_handler - [GRPC IN] ReceiveVectors called. ReqID: 65, Type: clustered, Count: 70
2025-11-18 17:22:55,331 - INFO - ThreadPoolExecutor-0_0 - server_logic - [Add Vectors] Processing 70 vectors. Sender Status: clustered. Current Node Status: clustered
2025-11-18 17:22:55,331 - INFO - ThreadPoolExecutor-0_0 - server_logic - [Add Vectors] Direct Insert: Storing 70 vectors in local Qdrant (Sender is clustered).
2025-11-18 17:22:55,383 - INFO - ThreadPoolExecutor-0_0 - httpx - HTTP Request: GET http://localhost:6355 "HTTP/1.1 200 OK"
2025-11-18 17:22:55,383 - INFO - ThreadPoolExecutor-0_0 - qdrant_module - [Qdrant] Attempting to insert 70 vectors into vectors on http://localhost:6355...
2025-11-18 17:22:55,396 - INFO - ThreadPoolExecutor-0_0 - qdrant_module - [Qdrant] Success: Inserted 70 vectors.
2025-11-18 17:22:55,397 - INFO - ThreadPoolExecutor-0_0 - grpc_handler - [GRPC IN] ReceiveVectors processed successfully.
2025-11-18 17:22:56,532 - INFO - ThreadPoolExecutor-0_0 - grpc_handler - [GRPC IN] ReceiveVectors called. ReqID: 66, Type: clustered, Count: 74
2025-11-18 17:22:56,533 - INFO - ThreadPoolExecutor-0_0 - server_logic - [Add Vectors] Processing 74 vectors. Sender Status: clustered. Current Node Status: clustered
2025-11-18 17:22:56,533 - INFO - ThreadPoolExecutor-0_0 - server_logic - [Add Vectors] Direct Insert: Storing 74 vectors in local Qdrant (Sender is clustered).
2025-11-18 17:22:56,585 - INFO - ThreadPoolExecutor-0_0 - httpx - HTTP Request: GET http://localhost:6355 "HTTP/1.1 200 OK"
2025-11-18 17:22:56,585 - INFO - ThreadPoolExecutor-0_0 - qdrant_module - [Qdrant] Attempting to insert 74 vectors into vectors on http://localhost:6355...
2025-11-18 17:22:56,599 - INFO - ThreadPoolExecutor-0_0 - qdrant_module - [Qdrant] Success: Inserted 74 vectors.
2025-11-18 17:22:56,600 - INFO - ThreadPoolExecutor-0_0 - grpc_handler - [GRPC IN] ReceiveVectors processed successfully.
2025-11-18 17:22:57,747 - INFO - ThreadPoolExecutor-0_0 - grpc_handler - [GRPC IN] ReceiveVectors called. ReqID: 67, Type: clustered, Count: 67
2025-11-18 17:22:57,748 - INFO - ThreadPoolExecutor-0_0 - server_logic - [Add Vectors] Processing 67 vectors. Sender Status: clustered. Current Node Status: clustered
2025-11-18 17:22:57,748 - INFO - ThreadPoolExecutor-0_0 - server_logic - [Add Vectors] Direct Insert: Storing 67 vectors in local Qdrant (Sender is clustered).
2025-11-18 17:22:57,800 - INFO - ThreadPoolExecutor-0_0 - httpx - HTTP Request: GET http://localhost:6355 "HTTP/1.1 200 OK"
2025-11-18 17:22:57,800 - INFO - ThreadPoolExecutor-0_0 - qdrant_module - [Qdrant] Attempting to insert 67 vectors into vectors on http://localhost:6355...
2025-11-18 17:22:57,813 - INFO - ThreadPoolExecutor-0_0 - qdrant_module - [Qdrant] Success: Inserted 67 vectors.
2025-11-18 17:22:57,814 - INFO - ThreadPoolExecutor-0_0 - grpc_handler - [GRPC IN] ReceiveVectors processed successfully.
2025-11-18 17:22:58,938 - INFO - ThreadPoolExecutor-0_0 - grpc_handler - [GRPC IN] ReceiveVectors called. ReqID: 68, Type: clustered, Count: 72
2025-11-18 17:22:58,939 - INFO - ThreadPoolExecutor-0_0 - server_logic - [Add Vectors] Processing 72 vectors. Sender Status: clustered. Current Node Status: clustered
2025-11-18 17:22:58,939 - INFO - ThreadPoolExecutor-0_0 - server_logic - [Add Vectors] Direct Insert: Storing 72 vectors in local Qdrant (Sender is clustered).
2025-11-18 17:22:58,990 - INFO - ThreadPoolExecutor-0_0 - httpx - HTTP Request: GET http://localhost:6355 "HTTP/1.1 200 OK"
2025-11-18 17:22:58,991 - INFO - ThreadPoolExecutor-0_0 - qdrant_module - [Qdrant] Attempting to insert 72 vectors into vectors on http://localhost:6355...
2025-11-18 17:22:59,003 - INFO - ThreadPoolExecutor-0_0 - qdrant_module - [Qdrant] Success: Inserted 72 vectors.
2025-11-18 17:22:59,004 - INFO - ThreadPoolExecutor-0_0 - grpc_handler - [GRPC IN] ReceiveVectors processed successfully.
2025-11-18 17:23:00,141 - INFO - ThreadPoolExecutor-0_0 - grpc_handler - [GRPC IN] ReceiveVectors called. ReqID: 69, Type: clustered, Count: 58
2025-11-18 17:23:00,142 - INFO - ThreadPoolExecutor-0_0 - server_logic - [Add Vectors] Processing 58 vectors. Sender Status: clustered. Current Node Status: clustered
2025-11-18 17:23:00,142 - INFO - ThreadPoolExecutor-0_0 - server_logic - [Add Vectors] Direct Insert: Storing 58 vectors in local Qdrant (Sender is clustered).
2025-11-18 17:23:00,194 - INFO - ThreadPoolExecutor-0_0 - httpx - HTTP Request: GET http://localhost:6355 "HTTP/1.1 200 OK"
2025-11-18 17:23:00,195 - INFO - ThreadPoolExecutor-0_0 - qdrant_module - [Qdrant] Attempting to insert 58 vectors into vectors on http://localhost:6355...
2025-11-18 17:23:00,205 - INFO - ThreadPoolExecutor-0_0 - qdrant_module - [Qdrant] Success: Inserted 58 vectors.
2025-11-18 17:23:00,206 - INFO - ThreadPoolExecutor-0_0 - grpc_handler - [GRPC IN] ReceiveVectors processed successfully.
2025-11-18 17:23:01,360 - INFO - ThreadPoolExecutor-0_0 - grpc_handler - [GRPC IN] ReceiveVectors called. ReqID: 70, Type: clustered, Count: 81
2025-11-18 17:23:01,361 - INFO - ThreadPoolExecutor-0_0 - server_logic - [Add Vectors] Processing 81 vectors. Sender Status: clustered. Current Node Status: clustered
2025-11-18 17:23:01,361 - INFO - ThreadPoolExecutor-0_0 - server_logic - [Add Vectors] Direct Insert: Storing 81 vectors in local Qdrant (Sender is clustered).
2025-11-18 17:23:01,415 - INFO - ThreadPoolExecutor-0_0 - httpx - HTTP Request: GET http://localhost:6355 "HTTP/1.1 200 OK"
2025-11-18 17:23:01,415 - INFO - ThreadPoolExecutor-0_0 - qdrant_module - [Qdrant] Attempting to insert 81 vectors into vectors on http://localhost:6355...
2025-11-18 17:23:01,427 - INFO - ThreadPoolExecutor-0_0 - qdrant_module - [Qdrant] Success: Inserted 81 vectors.
2025-11-18 17:23:01,428 - INFO - ThreadPoolExecutor-0_0 - grpc_handler - [GRPC IN] ReceiveVectors processed successfully.
2025-11-18 17:23:02,581 - INFO - ThreadPoolExecutor-0_0 - grpc_handler - [GRPC IN] ReceiveVectors called. ReqID: 71, Type: clustered, Count: 71
2025-11-18 17:23:02,582 - INFO - ThreadPoolExecutor-0_0 - server_logic - [Add Vectors] Processing 71 vectors. Sender Status: clustered. Current Node Status: clustered
2025-11-18 17:23:02,582 - INFO - ThreadPoolExecutor-0_0 - server_logic - [Add Vectors] Direct Insert: Storing 71 vectors in local Qdrant (Sender is clustered).
2025-11-18 17:23:02,633 - INFO - ThreadPoolExecutor-0_0 - httpx - HTTP Request: GET http://localhost:6355 "HTTP/1.1 200 OK"
2025-11-18 17:23:02,633 - INFO - ThreadPoolExecutor-0_0 - qdrant_module - [Qdrant] Attempting to insert 71 vectors into vectors on http://localhost:6355...
2025-11-18 17:23:02,644 - INFO - ThreadPoolExecutor-0_0 - qdrant_module - [Qdrant] Success: Inserted 71 vectors.
2025-11-18 17:23:02,645 - INFO - ThreadPoolExecutor-0_0 - grpc_handler - [GRPC IN] ReceiveVectors processed successfully.
2025-11-18 17:23:03,782 - INFO - ThreadPoolExecutor-0_0 - grpc_handler - [GRPC IN] ReceiveVectors called. ReqID: 72, Type: clustered, Count: 85
2025-11-18 17:23:03,783 - INFO - ThreadPoolExecutor-0_0 - server_logic - [Add Vectors] Processing 85 vectors. Sender Status: clustered. Current Node Status: clustered
2025-11-18 17:23:03,783 - INFO - ThreadPoolExecutor-0_0 - server_logic - [Add Vectors] Direct Insert: Storing 85 vectors in local Qdrant (Sender is clustered).
2025-11-18 17:23:03,835 - INFO - ThreadPoolExecutor-0_0 - httpx - HTTP Request: GET http://localhost:6355 "HTTP/1.1 200 OK"
2025-11-18 17:23:03,835 - INFO - ThreadPoolExecutor-0_0 - qdrant_module - [Qdrant] Attempting to insert 85 vectors into vectors on http://localhost:6355...
2025-11-18 17:23:03,866 - INFO - ThreadPoolExecutor-0_0 - qdrant_module - [Qdrant] Success: Inserted 85 vectors.
2025-11-18 17:23:03,868 - INFO - ThreadPoolExecutor-0_0 - grpc_handler - [GRPC IN] ReceiveVectors processed successfully.
2025-11-18 17:23:05,006 - INFO - ThreadPoolExecutor-0_0 - grpc_handler - [GRPC IN] ReceiveVectors called. ReqID: 73, Type: clustered, Count: 83
2025-11-18 17:23:05,007 - INFO - ThreadPoolExecutor-0_0 - server_logic - [Add Vectors] Processing 83 vectors. Sender Status: clustered. Current Node Status: clustered
2025-11-18 17:23:05,007 - INFO - ThreadPoolExecutor-0_0 - server_logic - [Add Vectors] Direct Insert: Storing 83 vectors in local Qdrant (Sender is clustered).
2025-11-18 17:23:05,060 - INFO - ThreadPoolExecutor-0_0 - httpx - HTTP Request: GET http://localhost:6355 "HTTP/1.1 200 OK"
2025-11-18 17:23:05,060 - INFO - ThreadPoolExecutor-0_0 - qdrant_module - [Qdrant] Attempting to insert 83 vectors into vectors on http://localhost:6355...
2025-11-18 17:23:05,074 - INFO - ThreadPoolExecutor-0_0 - qdrant_module - [Qdrant] Success: Inserted 83 vectors.
2025-11-18 17:23:05,075 - INFO - ThreadPoolExecutor-0_0 - grpc_handler - [GRPC IN] ReceiveVectors processed successfully.
2025-11-18 17:23:06,260 - INFO - ThreadPoolExecutor-0_0 - grpc_handler - [GRPC IN] ReceiveVectors called. ReqID: 74, Type: clustered, Count: 76
2025-11-18 17:23:06,261 - INFO - ThreadPoolExecutor-0_0 - server_logic - [Add Vectors] Processing 76 vectors. Sender Status: clustered. Current Node Status: clustered
2025-11-18 17:23:06,261 - INFO - ThreadPoolExecutor-0_0 - server_logic - [Add Vectors] Direct Insert: Storing 76 vectors in local Qdrant (Sender is clustered).
2025-11-18 17:23:06,313 - INFO - ThreadPoolExecutor-0_0 - httpx - HTTP Request: GET http://localhost:6355 "HTTP/1.1 200 OK"
2025-11-18 17:23:06,313 - INFO - ThreadPoolExecutor-0_0 - qdrant_module - [Qdrant] Attempting to insert 76 vectors into vectors on http://localhost:6355...
2025-11-18 17:23:06,337 - INFO - ThreadPoolExecutor-0_0 - qdrant_module - [Qdrant] Success: Inserted 76 vectors.
2025-11-18 17:23:06,338 - INFO - ThreadPoolExecutor-0_0 - grpc_handler - [GRPC IN] ReceiveVectors processed successfully.
2025-11-18 17:23:07,486 - INFO - ThreadPoolExecutor-0_0 - grpc_handler - [GRPC IN] ReceiveVectors called. ReqID: 75, Type: clustered, Count: 74
2025-11-18 17:23:07,487 - INFO - ThreadPoolExecutor-0_0 - server_logic - [Add Vectors] Processing 74 vectors. Sender Status: clustered. Current Node Status: clustered
2025-11-18 17:23:07,487 - INFO - ThreadPoolExecutor-0_0 - server_logic - [Add Vectors] Direct Insert: Storing 74 vectors in local Qdrant (Sender is clustered).
2025-11-18 17:23:07,539 - INFO - ThreadPoolExecutor-0_0 - httpx - HTTP Request: GET http://localhost:6355 "HTTP/1.1 200 OK"
2025-11-18 17:23:07,540 - INFO - ThreadPoolExecutor-0_0 - qdrant_module - [Qdrant] Attempting to insert 74 vectors into vectors on http://localhost:6355...
2025-11-18 17:23:07,549 - INFO - ThreadPoolExecutor-0_0 - qdrant_module - [Qdrant] Success: Inserted 74 vectors.
2025-11-18 17:23:07,551 - INFO - ThreadPoolExecutor-0_0 - grpc_handler - [GRPC IN] ReceiveVectors processed successfully.
2025-11-18 17:23:07,985 - INFO - MainThread - __main__ - API: /add called. ReqID: 76, Vectors: 256
2025-11-18 17:23:07,986 - INFO - MainThread - server_logic - [Client Request] Client wants to add 256 vectors. My Status: clustered
2025-11-18 17:23:07,986 - INFO - MainThread - server_logic - [Client Request] System Clustered. Routing vectors to appropriate peers.
2025-11-18 17:23:07,986 - INFO - MainThread - server_logic - [Router] Routing 256 vectors among 16 nodes (Replicas: 4).
2025-11-18 17:23:07,986 - INFO - MainThread - server_logic - [DEBUG] found replica for vector: 1
2025-11-18 17:23:07,986 - INFO - MainThread - server_logic - [DEBUG] found replica for vector: 2
2025-11-18 17:23:07,986 - INFO - MainThread - server_logic - [DEBUG] found replica for vector: 3
2025-11-18 17:23:07,986 - INFO - MainThread - server_logic - [DEBUG] found replica for vector: 4
2025-11-18 17:23:07,986 - INFO - MainThread - server_logic - [DEBUG] found replica for vector: 1
2025-11-18 17:23:07,986 - INFO - MainThread - server_logic - [DEBUG] found replica for vector: 2
2025-11-18 17:23:07,986 - INFO - MainThread - server_logic - [DEBUG] found replica for vector: 3
2025-11-18 17:23:07,986 - INFO - MainThread - server_logic - [DEBUG] to me replica for vector: 3
2025-11-18 17:23:07,986 - INFO - MainThread - server_logic - [DEBUG] found replica for vector: 1
2025-11-18 17:23:07,986 - INFO - MainThread - server_logic - [DEBUG] found replica for vector: 2
2025-11-18 17:23:07,986 - INFO - MainThread - server_logic - [DEBUG] found replica for vector: 3
2025-11-18 17:23:07,986 - INFO - MainThread - server_logic - [DEBUG] to me replica for vector: 3
2025-11-18 17:23:07,986 - INFO - MainThread - server_logic - [DEBUG] found replica for vector: 1
2025-11-18 17:23:07,986 - INFO - MainThread - server_logic - [DEBUG] found replica for vector: 2
2025-11-18 17:23:07,986 - INFO - MainThread - server_logic - [DEBUG] found replica for vector: 3
2025-11-18 17:23:07,986 - INFO - MainThread - server_logic - [DEBUG] found replica for vector: 4
2025-11-18 17:23:07,986 - INFO - MainThread - server_logic - [DEBUG] found replica for vector: 1
2025-11-18 17:23:07,986 - INFO - MainThread - server_logic - [DEBUG] found replica for vector: 2
2025-11-18 17:23:07,986 - INFO - MainThread - server_logic - [DEBUG] found replica for vector: 3
2025-11-18 17:23:07,986 - INFO - MainThread - server_logic - [DEBUG] to me replica for vector: 3
2025-11-18 17:23:07,986 - INFO - MainThread - server_logic - [DEBUG] found replica for vector: 1
2025-11-18 17:23:07,986 - INFO - MainThread - server_logic - [DEBUG] found replica for vector: 2
2025-11-18 17:23:07,986 - INFO - MainThread - server_logic - [DEBUG] found replica for vector: 3
2025-11-18 17:23:07,986 - INFO - MainThread - server_logic - [DEBUG] found replica for vector: 4
2025-11-18 17:23:07,986 - INFO - MainThread - server_logic - [DEBUG] found replica for vector: 1
2025-11-18 17:23:07,986 - INFO - MainThread - server_logic - [DEBUG] found replica for vector: 2
2025-11-18 17:23:07,986 - INFO - MainThread - server_logic - [DEBUG] found replica for vector: 3
2025-11-18 17:23:07,986 - INFO - MainThread - server_logic - [DEBUG] found replica for vector: 4
2025-11-18 17:23:07,986 - INFO - MainThread - server_logic - [DEBUG] found replica for vector: 1
2025-11-18 17:23:07,986 - INFO - MainThread - server_logic - [DEBUG] found replica for vector: 2
2025-11-18 17:23:07,986 - INFO - MainThread - server_logic - [DEBUG] found replica for vector: 3
2025-11-18 17:23:07,986 - INFO - MainThread - server_logic - [DEBUG] found replica for vector: 4
2025-11-18 17:23:07,986 - INFO - MainThread - server_logic - [DEBUG] found replica for vector: 1
2025-11-18 17:23:07,986 - INFO - MainThread - server_logic - [DEBUG] found replica for vector: 2
2025-11-18 17:23:07,986 - INFO - MainThread - server_logic - [DEBUG] found replica for vector: 3
2025-11-18 17:23:07,986 - INFO - MainThread - server_logic - [DEBUG] found replica for vector: 4
2025-11-18 17:23:07,987 - INFO - MainThread - server_logic - [DEBUG] found replica for vector: 1
2025-11-18 17:23:07,987 - INFO - MainThread - server_logic - [DEBUG] found replica for vector: 2
2025-11-18 17:23:07,987 - INFO - MainThread - server_logic - [DEBUG] found replica for vector: 3
2025-11-18 17:23:07,987 - INFO - MainThread - server_logic - [DEBUG] found replica for vector: 4
2025-11-18 17:23:07,987 - INFO - MainThread - server_logic - [DEBUG] found replica for vector: 1
2025-11-18 17:23:07,987 - INFO - MainThread - server_logic - [DEBUG] found replica for vector: 2
2025-11-18 17:23:07,987 - INFO - MainThread - server_logic - [DEBUG] found replica for vector: 3
2025-11-18 17:23:07,987 - INFO - MainThread - server_logic - [DEBUG] found replica for vector: 4
2025-11-18 17:23:07,987 - INFO - MainThread - server_logic - [DEBUG] found replica for vector: 1
2025-11-18 17:23:07,987 - INFO - MainThread - server_logic - [DEBUG] found replica for vector: 2
2025-11-18 17:23:07,987 - INFO - MainThread - server_logic - [DEBUG] found replica for vector: 3
2025-11-18 17:23:07,987 - INFO - MainThread - server_logic - [DEBUG] to me replica for vector: 3
2025-11-18 17:23:07,987 - INFO - MainThread - server_logic - [DEBUG] found replica for vector: 1
2025-11-18 17:23:07,987 - INFO - MainThread - server_logic - [DEBUG] found replica for vector: 2
2025-11-18 17:23:07,987 - INFO - MainThread - server_logic - [DEBUG] found replica for vector: 3
2025-11-18 17:23:07,987 - INFO - MainThread - server_logic - [DEBUG] to me replica for vector: 3
2025-11-18 17:23:07,987 - INFO - MainThread - server_logic - [DEBUG] found replica for vector: 1
2025-11-18 17:23:07,987 - INFO - MainThread - server_logic - [DEBUG] found replica for vector: 2
2025-11-18 17:23:07,987 - INFO - MainThread - server_logic - [DEBUG] found replica for vector: 3
2025-11-18 17:23:07,987 - INFO - MainThread - server_logic - [DEBUG] to me replica for vector: 3
2025-11-18 17:23:07,987 - INFO - MainThread - server_logic - [DEBUG] found replica for vector: 1
2025-11-18 17:23:07,987 - INFO - MainThread - server_logic - [DEBUG] found replica for vector: 2
2025-11-18 17:23:07,987 - INFO - MainThread - server_logic - [DEBUG] found replica for vector: 3
2025-11-18 17:23:07,987 - INFO - MainThread - server_logic - [DEBUG] found replica for vector: 4
2025-11-18 17:23:07,987 - INFO - MainThread - server_logic - [DEBUG] found replica for vector: 1
2025-11-18 17:23:07,987 - INFO - MainThread - server_logic - [DEBUG] found replica for vector: 2
2025-11-18 17:23:07,987 - INFO - MainThread - server_logic - [DEBUG] found replica for vector: 3
2025-11-18 17:23:07,987 - INFO - MainThread - server_logic - [DEBUG] to me replica for vector: 3
2025-11-18 17:23:07,987 - INFO - MainThread - server_logic - [DEBUG] found replica for vector: 1
2025-11-18 17:23:07,987 - INFO - MainThread - server_logic - [DEBUG] found replica for vector: 2
2025-11-18 17:23:07,987 - INFO - MainThread - server_logic - [DEBUG] found replica for vector: 3
2025-11-18 17:23:07,987 - INFO - MainThread - server_logic - [DEBUG] found replica for vector: 4
2025-11-18 17:23:07,987 - INFO - MainThread - server_logic - [DEBUG] found replica for vector: 1
2025-11-18 17:23:07,987 - INFO - MainThread - server_logic - [DEBUG] found replica for vector: 2
2025-11-18 17:23:07,987 - INFO - MainThread - server_logic - [DEBUG] found replica for vector: 3
2025-11-18 17:23:07,987 - INFO - MainThread - server_logic - [DEBUG] to me replica for vector: 3
2025-11-18 17:23:07,987 - INFO - MainThread - server_logic - [DEBUG] found replica for vector: 1
2025-11-18 17:23:07,987 - INFO - MainThread - server_logic - [DEBUG] found replica for vector: 2
2025-11-18 17:23:07,987 - INFO - MainThread - server_logic - [DEBUG] found replica for vector: 3
2025-11-18 17:23:07,987 - INFO - MainThread - server_logic - [DEBUG] found replica for vector: 4
2025-11-18 17:23:07,987 - INFO - MainThread - server_logic - [DEBUG] found replica for vector: 1
2025-11-18 17:23:07,987 - INFO - MainThread - server_logic - [DEBUG] found replica for vector: 2
2025-11-18 17:23:07,987 - INFO - MainThread - server_logic - [DEBUG] found replica for vector: 3
2025-11-18 17:23:07,987 - INFO - MainThread - server_logic - [DEBUG] found replica for vector: 4
2025-11-18 17:23:07,987 - INFO - MainThread - server_logic - [DEBUG] found replica for vector: 1
2025-11-18 17:23:07,987 - INFO - MainThread - server_logic - [DEBUG] found replica for vector: 2
2025-11-18 17:23:07,987 - INFO - MainThread - server_logic - [DEBUG] found replica for vector: 3
2025-11-18 17:23:07,987 - INFO - MainThread - server_logic - [DEBUG] to me replica for vector: 3
2025-11-18 17:23:07,987 - INFO - MainThread - server_logic - [DEBUG] found replica for vector: 1
2025-11-18 17:23:07,987 - INFO - MainThread - server_logic - [DEBUG] found replica for vector: 2
2025-11-18 17:23:07,987 - INFO - MainThread - server_logic - [DEBUG] found replica for vector: 3
2025-11-18 17:23:07,987 - INFO - MainThread - server_logic - [DEBUG] to me replica for vector: 3
2025-11-18 17:23:07,987 - INFO - MainThread - server_logic - [DEBUG] found replica for vector: 1
2025-11-18 17:23:07,987 - INFO - MainThread - server_logic - [DEBUG] found replica for vector: 2
2025-11-18 17:23:07,987 - INFO - MainThread - server_logic - [DEBUG] found replica for vector: 3
2025-11-18 17:23:07,987 - INFO - MainThread - server_logic - [DEBUG] found replica for vector: 4
2025-11-18 17:23:07,988 - INFO - MainThread - server_logic - [DEBUG] found replica for vector: 1
2025-11-18 17:23:07,988 - INFO - MainThread - server_logic - [DEBUG] found replica for vector: 2
2025-11-18 17:23:07,988 - INFO - MainThread - server_logic - [DEBUG] found replica for vector: 3
2025-11-18 17:23:07,988 - INFO - MainThread - server_logic - [DEBUG] to me replica for vector: 3
2025-11-18 17:23:07,988 - INFO - MainThread - server_logic - [DEBUG] found replica for vector: 1
2025-11-18 17:23:07,988 - INFO - MainThread - server_logic - [DEBUG] found replica for vector: 2
2025-11-18 17:23:07,988 - INFO - MainThread - server_logic - [DEBUG] found replica for vector: 3
2025-11-18 17:23:07,988 - INFO - MainThread - server_logic - [DEBUG] found replica for vector: 4
2025-11-18 17:23:07,988 - INFO - MainThread - server_logic - [DEBUG] found replica for vector: 1
2025-11-18 17:23:07,988 - INFO - MainThread - server_logic - [DEBUG] found replica for vector: 2
2025-11-18 17:23:07,988 - INFO - MainThread - server_logic - [DEBUG] found replica for vector: 3
2025-11-18 17:23:07,988 - INFO - MainThread - server_logic - [DEBUG] found replica for vector: 4
2025-11-18 17:23:07,988 - INFO - MainThread - server_logic - [DEBUG] found replica for vector: 1
2025-11-18 17:23:07,988 - INFO - MainThread - server_logic - [DEBUG] found replica for vector: 2
2025-11-18 17:23:07,988 - INFO - MainThread - server_logic - [DEBUG] found replica for vector: 3
2025-11-18 17:23:07,988 - INFO - MainThread - server_logic - [DEBUG] to me replica for vector: 3
2025-11-18 17:23:07,988 - INFO - MainThread - server_logic - [DEBUG] found replica for vector: 1
2025-11-18 17:23:07,988 - INFO - MainThread - server_logic - [DEBUG] found replica for vector: 2
2025-11-18 17:23:07,988 - INFO - MainThread - server_logic - [DEBUG] found replica for vector: 3
2025-11-18 17:23:07,988 - INFO - MainThread - server_logic - [DEBUG] to me replica for vector: 3
2025-11-18 17:23:07,988 - INFO - MainThread - server_logic - [DEBUG] found replica for vector: 1
2025-11-18 17:23:07,988 - INFO - MainThread - server_logic - [DEBUG] found replica for vector: 2
2025-11-18 17:23:07,988 - INFO - MainThread - server_logic - [DEBUG] found replica for vector: 3
2025-11-18 17:23:07,988 - INFO - MainThread - server_logic - [DEBUG] to me replica for vector: 3
2025-11-18 17:23:07,988 - INFO - MainThread - server_logic - [DEBUG] found replica for vector: 1
2025-11-18 17:23:07,988 - INFO - MainThread - server_logic - [DEBUG] found replica for vector: 2
2025-11-18 17:23:07,988 - INFO - MainThread - server_logic - [DEBUG] found replica for vector: 3
2025-11-18 17:23:07,988 - INFO - MainThread - server_logic - [DEBUG] to me replica for vector: 3
2025-11-18 17:23:07,988 - INFO - MainThread - server_logic - [DEBUG] found replica for vector: 1
2025-11-18 17:23:07,988 - INFO - MainThread - server_logic - [DEBUG] found replica for vector: 2
2025-11-18 17:23:07,988 - INFO - MainThread - server_logic - [DEBUG] found replica for vector: 3
2025-11-18 17:23:07,988 - INFO - MainThread - server_logic - [DEBUG] found replica for vector: 4
2025-11-18 17:23:07,988 - INFO - MainThread - server_logic - [DEBUG] found replica for vector: 1
2025-11-18 17:23:07,988 - INFO - MainThread - server_logic - [DEBUG] found replica for vector: 2
2025-11-18 17:23:07,988 - INFO - MainThread - server_logic - [DEBUG] found replica for vector: 3
2025-11-18 17:23:07,988 - INFO - MainThread - server_logic - [DEBUG] to me replica for vector: 3
2025-11-18 17:23:07,988 - INFO - MainThread - server_logic - [DEBUG] found replica for vector: 1
2025-11-18 17:23:07,988 - INFO - MainThread - server_logic - [DEBUG] found replica for vector: 2
2025-11-18 17:23:07,988 - INFO - MainThread - server_logic - [DEBUG] found replica for vector: 3
2025-11-18 17:23:07,988 - INFO - MainThread - server_logic - [DEBUG] found replica for vector: 4
2025-11-18 17:23:07,988 - INFO - MainThread - server_logic - [DEBUG] found replica for vector: 1
2025-11-18 17:23:07,988 - INFO - MainThread - server_logic - [DEBUG] found replica for vector: 2
2025-11-18 17:23:07,988 - INFO - MainThread - server_logic - [DEBUG] found replica for vector: 3
2025-11-18 17:23:07,988 - INFO - MainThread - server_logic - [DEBUG] found replica for vector: 4
2025-11-18 17:23:07,988 - INFO - MainThread - server_logic - [DEBUG] found replica for vector: 1
2025-11-18 17:23:07,988 - INFO - MainThread - server_logic - [DEBUG] found replica for vector: 2
2025-11-18 17:23:07,988 - INFO - MainThread - server_logic - [DEBUG] found replica for vector: 3
2025-11-18 17:23:07,988 - INFO - MainThread - server_logic - [DEBUG] found replica for vector: 4
2025-11-18 17:23:07,988 - INFO - MainThread - server_logic - [DEBUG] found replica for vector: 1
2025-11-18 17:23:07,988 - INFO - MainThread - server_logic - [DEBUG] found replica for vector: 2
2025-11-18 17:23:07,988 - INFO - MainThread - server_logic - [DEBUG] found replica for vector: 3
2025-11-18 17:23:07,988 - INFO - MainThread - server_logic - [DEBUG] to me replica for vector: 3
2025-11-18 17:23:07,988 - INFO - MainThread - server_logic - [DEBUG] found replica for vector: 1
2025-11-18 17:23:07,988 - INFO - MainThread - server_logic - [DEBUG] found replica for vector: 2
2025-11-18 17:23:07,988 - INFO - MainThread - server_logic - [DEBUG] found replica for vector: 3
2025-11-18 17:23:07,988 - INFO - MainThread - server_logic - [DEBUG] to me replica for vector: 3
2025-11-18 17:23:07,988 - INFO - MainThread - server_logic - [DEBUG] found replica for vector: 1
2025-11-18 17:23:07,988 - INFO - MainThread - server_logic - [DEBUG] found replica for vector: 2
2025-11-18 17:23:07,989 - INFO - MainThread - server_logic - [DEBUG] found replica for vector: 3
2025-11-18 17:23:07,989 - INFO - MainThread - server_logic - [DEBUG] found replica for vector: 4
2025-11-18 17:23:07,989 - INFO - MainThread - server_logic - [DEBUG] found replica for vector: 1
2025-11-18 17:23:07,989 - INFO - MainThread - server_logic - [DEBUG] found replica for vector: 2
2025-11-18 17:23:07,989 - INFO - MainThread - server_logic - [DEBUG] found replica for vector: 3
2025-11-18 17:23:07,989 - INFO - MainThread - server_logic - [DEBUG] to me replica for vector: 3
2025-11-18 17:23:07,989 - INFO - MainThread - server_logic - [DEBUG] found replica for vector: 1
2025-11-18 17:23:07,989 - INFO - MainThread - server_logic - [DEBUG] found replica for vector: 2
2025-11-18 17:23:07,989 - INFO - MainThread - server_logic - [DEBUG] found replica for vector: 3
2025-11-18 17:23:07,989 - INFO - MainThread - server_logic - [DEBUG] found replica for vector: 4
2025-11-18 17:23:07,989 - INFO - MainThread - server_logic - [DEBUG] found replica for vector: 1
2025-11-18 17:23:07,989 - INFO - MainThread - server_logic - [DEBUG] found replica for vector: 2
2025-11-18 17:23:07,989 - INFO - MainThread - server_logic - [DEBUG] found replica for vector: 3
2025-11-18 17:23:07,989 - INFO - MainThread - server_logic - [DEBUG] found replica for vector: 4
2025-11-18 17:23:07,989 - INFO - MainThread - server_logic - [DEBUG] found replica for vector: 1
2025-11-18 17:23:07,989 - INFO - MainThread - server_logic - [DEBUG] found replica for vector: 2
2025-11-18 17:23:07,989 - INFO - MainThread - server_logic - [DEBUG] found replica for vector: 3
2025-11-18 17:23:07,989 - INFO - MainThread - server_logic - [DEBUG] found replica for vector: 4
2025-11-18 17:23:07,989 - INFO - MainThread - server_logic - [DEBUG] found replica for vector: 1
2025-11-18 17:23:07,989 - INFO - MainThread - server_logic - [DEBUG] found replica for vector: 2
2025-11-18 17:23:07,989 - INFO - MainThread - server_logic - [DEBUG] found replica for vector: 3
2025-11-18 17:23:07,989 - INFO - MainThread - server_logic - [DEBUG] found replica for vector: 4
2025-11-18 17:23:07,989 - INFO - MainThread - server_logic - [DEBUG] found replica for vector: 1
2025-11-18 17:23:07,989 - INFO - MainThread - server_logic - [DEBUG] found replica for vector: 2
2025-11-18 17:23:07,989 - INFO - MainThread - server_logic - [DEBUG] found replica for vector: 3
2025-11-18 17:23:07,989 - INFO - MainThread - server_logic - [DEBUG] found replica for vector: 4
2025-11-18 17:23:07,989 - INFO - MainThread - server_logic - [DEBUG] found replica for vector: 1
2025-11-18 17:23:07,989 - INFO - MainThread - server_logic - [DEBUG] found replica for vector: 2
2025-11-18 17:23:07,989 - INFO - MainThread - server_logic - [DEBUG] found replica for vector: 3
2025-11-18 17:23:07,989 - INFO - MainThread - server_logic - [DEBUG] found replica for vector: 4
2025-11-18 17:23:07,989 - INFO - MainThread - server_logic - [DEBUG] found replica for vector: 1
2025-11-18 17:23:07,989 - INFO - MainThread - server_logic - [DEBUG] found replica for vector: 2
2025-11-18 17:23:07,989 - INFO - MainThread - server_logic - [DEBUG] found replica for vector: 3
2025-11-18 17:23:07,989 - INFO - MainThread - server_logic - [DEBUG] found replica for vector: 4
2025-11-18 17:23:07,989 - INFO - MainThread - server_logic - [DEBUG] found replica for vector: 1
2025-11-18 17:23:07,989 - INFO - MainThread - server_logic - [DEBUG] found replica for vector: 2
2025-11-18 17:23:07,989 - INFO - MainThread - server_logic - [DEBUG] found replica for vector: 3
2025-11-18 17:23:07,989 - INFO - MainThread - server_logic - [DEBUG] found replica for vector: 4
2025-11-18 17:23:07,989 - INFO - MainThread - server_logic - [DEBUG] found replica for vector: 1
2025-11-18 17:23:07,989 - INFO - MainThread - server_logic - [DEBUG] found replica for vector: 2
2025-11-18 17:23:07,989 - INFO - MainThread - server_logic - [DEBUG] found replica for vector: 3
2025-11-18 17:23:07,989 - INFO - MainThread - server_logic - [DEBUG] found replica for vector: 4
2025-11-18 17:23:07,989 - INFO - MainThread - server_logic - [DEBUG] found replica for vector: 1
2025-11-18 17:23:07,989 - INFO - MainThread - server_logic - [DEBUG] found replica for vector: 2
2025-11-18 17:23:07,989 - INFO - MainThread - server_logic - [DEBUG] found replica for vector: 3
2025-11-18 17:23:07,989 - INFO - MainThread - server_logic - [DEBUG] found replica for vector: 4
2025-11-18 17:23:07,989 - INFO - MainThread - server_logic - [DEBUG] found replica for vector: 1
2025-11-18 17:23:07,989 - INFO - MainThread - server_logic - [DEBUG] found replica for vector: 2
2025-11-18 17:23:07,989 - INFO - MainThread - server_logic - [DEBUG] found replica for vector: 3
2025-11-18 17:23:07,989 - INFO - MainThread - server_logic - [DEBUG] to me replica for vector: 3
2025-11-18 17:23:07,989 - INFO - MainThread - server_logic - [DEBUG] found replica for vector: 1
2025-11-18 17:23:07,989 - INFO - MainThread - server_logic - [DEBUG] found replica for vector: 2
2025-11-18 17:23:07,989 - INFO - MainThread - server_logic - [DEBUG] found replica for vector: 3
2025-11-18 17:23:07,989 - INFO - MainThread - server_logic - [DEBUG] found replica for vector: 4
2025-11-18 17:23:07,989 - INFO - MainThread - server_logic - [DEBUG] found replica for vector: 1
2025-11-18 17:23:07,989 - INFO - MainThread - server_logic - [DEBUG] found replica for vector: 2
2025-11-18 17:23:07,989 - INFO - MainThread - server_logic - [DEBUG] found replica for vector: 3
2025-11-18 17:23:07,989 - INFO - MainThread - server_logic - [DEBUG] to me replica for vector: 3
2025-11-18 17:23:07,990 - INFO - MainThread - server_logic - [DEBUG] found replica for vector: 1
2025-11-18 17:23:07,990 - INFO - MainThread - server_logic - [DEBUG] found replica for vector: 2
2025-11-18 17:23:07,990 - INFO - MainThread - server_logic - [DEBUG] found replica for vector: 3
2025-11-18 17:23:07,990 - INFO - MainThread - server_logic - [DEBUG] found replica for vector: 4
2025-11-18 17:23:07,990 - INFO - MainThread - server_logic - [DEBUG] found replica for vector: 1
2025-11-18 17:23:07,990 - INFO - MainThread - server_logic - [DEBUG] found replica for vector: 2
2025-11-18 17:23:07,990 - INFO - MainThread - server_logic - [DEBUG] found replica for vector: 3
2025-11-18 17:23:07,990 - INFO - MainThread - server_logic - [DEBUG] found replica for vector: 4
2025-11-18 17:23:07,990 - INFO - MainThread - server_logic - [DEBUG] found replica for vector: 1
2025-11-18 17:23:07,990 - INFO - MainThread - server_logic - [DEBUG] found replica for vector: 2
2025-11-18 17:23:07,990 - INFO - MainThread - server_logic - [DEBUG] found replica for vector: 3
2025-11-18 17:23:07,990 - INFO - MainThread - server_logic - [DEBUG] to me replica for vector: 3
2025-11-18 17:23:07,990 - INFO - MainThread - server_logic - [DEBUG] found replica for vector: 1
2025-11-18 17:23:07,990 - INFO - MainThread - server_logic - [DEBUG] found replica for vector: 2
2025-11-18 17:23:07,990 - INFO - MainThread - server_logic - [DEBUG] found replica for vector: 3
2025-11-18 17:23:07,990 - INFO - MainThread - server_logic - [DEBUG] found replica for vector: 4
2025-11-18 17:23:07,990 - INFO - MainThread - server_logic - [DEBUG] found replica for vector: 1
2025-11-18 17:23:07,990 - INFO - MainThread - server_logic - [DEBUG] found replica for vector: 2
2025-11-18 17:23:07,990 - INFO - MainThread - server_logic - [DEBUG] found replica for vector: 3
2025-11-18 17:23:07,990 - INFO - MainThread - server_logic - [DEBUG] found replica for vector: 4
2025-11-18 17:23:07,990 - INFO - MainThread - server_logic - [DEBUG] found replica for vector: 1
2025-11-18 17:23:07,990 - INFO - MainThread - server_logic - [DEBUG] found replica for vector: 2
2025-11-18 17:23:07,990 - INFO - MainThread - server_logic - [DEBUG] found replica for vector: 3
2025-11-18 17:23:07,990 - INFO - MainThread - server_logic - [DEBUG] found replica for vector: 4
2025-11-18 17:23:07,990 - INFO - MainThread - server_logic - [DEBUG] found replica for vector: 1
2025-11-18 17:23:07,990 - INFO - MainThread - server_logic - [DEBUG] found replica for vector: 2
2025-11-18 17:23:07,990 - INFO - MainThread - server_logic - [DEBUG] found replica for vector: 3
2025-11-18 17:23:07,990 - INFO - MainThread - server_logic - [DEBUG] found replica for vector: 4
2025-11-18 17:23:07,990 - INFO - MainThread - server_logic - [DEBUG] found replica for vector: 1
2025-11-18 17:23:07,990 - INFO - MainThread - server_logic - [DEBUG] found replica for vector: 2
2025-11-18 17:23:07,990 - INFO - MainThread - server_logic - [DEBUG] found replica for vector: 3
2025-11-18 17:23:07,990 - INFO - MainThread - server_logic - [DEBUG] found replica for vector: 4
2025-11-18 17:23:07,990 - INFO - MainThread - server_logic - [DEBUG] found replica for vector: 1
2025-11-18 17:23:07,990 - INFO - MainThread - server_logic - [DEBUG] found replica for vector: 2
2025-11-18 17:23:07,990 - INFO - MainThread - server_logic - [DEBUG] found replica for vector: 3
2025-11-18 17:23:07,990 - INFO - MainThread - server_logic - [DEBUG] found replica for vector: 4
2025-11-18 17:23:07,990 - INFO - MainThread - server_logic - [DEBUG] found replica for vector: 1
2025-11-18 17:23:07,990 - INFO - MainThread - server_logic - [DEBUG] found replica for vector: 2
2025-11-18 17:23:07,990 - INFO - MainThread - server_logic - [DEBUG] found replica for vector: 3
2025-11-18 17:23:07,990 - INFO - MainThread - server_logic - [DEBUG] found replica for vector: 4
2025-11-18 17:23:07,990 - INFO - MainThread - server_logic - [DEBUG] found replica for vector: 1
2025-11-18 17:23:07,990 - INFO - MainThread - server_logic - [DEBUG] found replica for vector: 2
2025-11-18 17:23:07,990 - INFO - MainThread - server_logic - [DEBUG] found replica for vector: 3
2025-11-18 17:23:07,990 - INFO - MainThread - server_logic - [DEBUG] found replica for vector: 4
2025-11-18 17:23:07,990 - INFO - MainThread - server_logic - [DEBUG] found replica for vector: 1
2025-11-18 17:23:07,990 - INFO - MainThread - server_logic - [DEBUG] found replica for vector: 2
2025-11-18 17:23:07,990 - INFO - MainThread - server_logic - [DEBUG] found replica for vector: 3
2025-11-18 17:23:07,990 - INFO - MainThread - server_logic - [DEBUG] found replica for vector: 4
2025-11-18 17:23:07,990 - INFO - MainThread - server_logic - [DEBUG] found replica for vector: 1
2025-11-18 17:23:07,990 - INFO - MainThread - server_logic - [DEBUG] found replica for vector: 2
2025-11-18 17:23:07,990 - INFO - MainThread - server_logic - [DEBUG] found replica for vector: 3
2025-11-18 17:23:07,990 - INFO - MainThread - server_logic - [DEBUG] found replica for vector: 4
2025-11-18 17:23:07,990 - INFO - MainThread - server_logic - [DEBUG] found replica for vector: 1
2025-11-18 17:23:07,990 - INFO - MainThread - server_logic - [DEBUG] found replica for vector: 2
2025-11-18 17:23:07,990 - INFO - MainThread - server_logic - [DEBUG] found replica for vector: 3
2025-11-18 17:23:07,990 - INFO - MainThread - server_logic - [DEBUG] found replica for vector: 4
2025-11-18 17:23:07,990 - INFO - MainThread - server_logic - [DEBUG] found replica for vector: 1
2025-11-18 17:23:07,990 - INFO - MainThread - server_logic - [DEBUG] found replica for vector: 2
2025-11-18 17:23:07,991 - INFO - MainThread - server_logic - [DEBUG] found replica for vector: 3
2025-11-18 17:23:07,991 - INFO - MainThread - server_logic - [DEBUG] to me replica for vector: 3
2025-11-18 17:23:07,991 - INFO - MainThread - server_logic - [DEBUG] found replica for vector: 1
2025-11-18 17:23:07,991 - INFO - MainThread - server_logic - [DEBUG] found replica for vector: 2
2025-11-18 17:23:07,991 - INFO - MainThread - server_logic - [DEBUG] found replica for vector: 3
2025-11-18 17:23:07,991 - INFO - MainThread - server_logic - [DEBUG] to me replica for vector: 3
2025-11-18 17:23:07,991 - INFO - MainThread - server_logic - [DEBUG] found replica for vector: 1
2025-11-18 17:23:07,991 - INFO - MainThread - server_logic - [DEBUG] found replica for vector: 2
2025-11-18 17:23:07,991 - INFO - MainThread - server_logic - [DEBUG] found replica for vector: 3
2025-11-18 17:23:07,991 - INFO - MainThread - server_logic - [DEBUG] found replica for vector: 4
2025-11-18 17:23:07,991 - INFO - MainThread - server_logic - [DEBUG] found replica for vector: 1
2025-11-18 17:23:07,991 - INFO - MainThread - server_logic - [DEBUG] found replica for vector: 2
2025-11-18 17:23:07,991 - INFO - MainThread - server_logic - [DEBUG] found replica for vector: 3
2025-11-18 17:23:07,991 - INFO - MainThread - server_logic - [DEBUG] to me replica for vector: 3
2025-11-18 17:23:07,991 - INFO - MainThread - server_logic - [DEBUG] found replica for vector: 1
2025-11-18 17:23:07,991 - INFO - MainThread - server_logic - [DEBUG] found replica for vector: 2
2025-11-18 17:23:07,991 - INFO - MainThread - server_logic - [DEBUG] found replica for vector: 3
2025-11-18 17:23:07,991 - INFO - MainThread - server_logic - [DEBUG] to me replica for vector: 3
2025-11-18 17:23:07,991 - INFO - MainThread - server_logic - [DEBUG] found replica for vector: 1
2025-11-18 17:23:07,991 - INFO - MainThread - server_logic - [DEBUG] found replica for vector: 2
2025-11-18 17:23:07,991 - INFO - MainThread - server_logic - [DEBUG] found replica for vector: 3
2025-11-18 17:23:07,991 - INFO - MainThread - server_logic - [DEBUG] found replica for vector: 4
2025-11-18 17:23:07,991 - INFO - MainThread - server_logic - [DEBUG] found replica for vector: 1
2025-11-18 17:23:07,991 - INFO - MainThread - server_logic - [DEBUG] found replica for vector: 2
2025-11-18 17:23:07,991 - INFO - MainThread - server_logic - [DEBUG] found replica for vector: 3
2025-11-18 17:23:07,991 - INFO - MainThread - server_logic - [DEBUG] found replica for vector: 4
2025-11-18 17:23:07,991 - INFO - MainThread - server_logic - [DEBUG] found replica for vector: 1
2025-11-18 17:23:07,991 - INFO - MainThread - server_logic - [DEBUG] found replica for vector: 2
2025-11-18 17:23:07,991 - INFO - MainThread - server_logic - [DEBUG] found replica for vector: 3
2025-11-18 17:23:07,991 - INFO - MainThread - server_logic - [DEBUG] found replica for vector: 4
2025-11-18 17:23:07,991 - INFO - MainThread - server_logic - [DEBUG] found replica for vector: 1
2025-11-18 17:23:07,991 - INFO - MainThread - server_logic - [DEBUG] found replica for vector: 2
2025-11-18 17:23:07,991 - INFO - MainThread - server_logic - [DEBUG] found replica for vector: 3
2025-11-18 17:23:07,991 - INFO - MainThread - server_logic - [DEBUG] found replica for vector: 4
2025-11-18 17:23:07,991 - INFO - MainThread - server_logic - [DEBUG] found replica for vector: 1
2025-11-18 17:23:07,991 - INFO - MainThread - server_logic - [DEBUG] found replica for vector: 2
2025-11-18 17:23:07,991 - INFO - MainThread - server_logic - [DEBUG] found replica for vector: 3
2025-11-18 17:23:07,991 - INFO - MainThread - server_logic - [DEBUG] found replica for vector: 4
2025-11-18 17:23:07,991 - INFO - MainThread - server_logic - [DEBUG] found replica for vector: 1
2025-11-18 17:23:07,991 - INFO - MainThread - server_logic - [DEBUG] found replica for vector: 2
2025-11-18 17:23:07,991 - INFO - MainThread - server_logic - [DEBUG] found replica for vector: 3
2025-11-18 17:23:07,991 - INFO - MainThread - server_logic - [DEBUG] found replica for vector: 4
2025-11-18 17:23:07,991 - INFO - MainThread - server_logic - [DEBUG] found replica for vector: 1
2025-11-18 17:23:07,991 - INFO - MainThread - server_logic - [DEBUG] found replica for vector: 2
2025-11-18 17:23:07,991 - INFO - MainThread - server_logic - [DEBUG] found replica for vector: 3
2025-11-18 17:23:07,991 - INFO - MainThread - server_logic - [DEBUG] to me replica for vector: 3
2025-11-18 17:23:07,991 - INFO - MainThread - server_logic - [DEBUG] found replica for vector: 1
2025-11-18 17:23:07,991 - INFO - MainThread - server_logic - [DEBUG] found replica for vector: 2
2025-11-18 17:23:07,991 - INFO - MainThread - server_logic - [DEBUG] found replica for vector: 3
2025-11-18 17:23:07,991 - INFO - MainThread - server_logic - [DEBUG] found replica for vector: 4
2025-11-18 17:23:07,991 - INFO - MainThread - server_logic - [DEBUG] found replica for vector: 1
2025-11-18 17:23:07,991 - INFO - MainThread - server_logic - [DEBUG] found replica for vector: 2
2025-11-18 17:23:07,991 - INFO - MainThread - server_logic - [DEBUG] found replica for vector: 3
2025-11-18 17:23:07,991 - INFO - MainThread - server_logic - [DEBUG] found replica for vector: 4
2025-11-18 17:23:07,991 - INFO - MainThread - server_logic - [DEBUG] found replica for vector: 1
2025-11-18 17:23:07,991 - INFO - MainThread - server_logic - [DEBUG] found replica for vector: 2
2025-11-18 17:23:07,991 - INFO - MainThread - server_logic - [DEBUG] found replica for vector: 3
2025-11-18 17:23:07,991 - INFO - MainThread - server_logic - [DEBUG] found replica for vector: 4
2025-11-18 17:23:07,992 - INFO - MainThread - server_logic - [DEBUG] found replica for vector: 1
2025-11-18 17:23:07,992 - INFO - MainThread - server_logic - [DEBUG] found replica for vector: 2
2025-11-18 17:23:07,992 - INFO - MainThread - server_logic - [DEBUG] found replica for vector: 3
2025-11-18 17:23:07,992 - INFO - MainThread - server_logic - [DEBUG] found replica for vector: 4
2025-11-18 17:23:07,992 - INFO - MainThread - server_logic - [DEBUG] found replica for vector: 1
2025-11-18 17:23:07,992 - INFO - MainThread - server_logic - [DEBUG] found replica for vector: 2
2025-11-18 17:23:07,992 - INFO - MainThread - server_logic - [DEBUG] found replica for vector: 3
2025-11-18 17:23:07,992 - INFO - MainThread - server_logic - [DEBUG] found replica for vector: 4
2025-11-18 17:23:07,992 - INFO - MainThread - server_logic - [DEBUG] found replica for vector: 1
2025-11-18 17:23:07,992 - INFO - MainThread - server_logic - [DEBUG] found replica for vector: 2
2025-11-18 17:23:07,992 - INFO - MainThread - server_logic - [DEBUG] found replica for vector: 3
2025-11-18 17:23:07,992 - INFO - MainThread - server_logic - [DEBUG] to me replica for vector: 3
2025-11-18 17:23:07,992 - INFO - MainThread - server_logic - [DEBUG] found replica for vector: 1
2025-11-18 17:23:07,992 - INFO - MainThread - server_logic - [DEBUG] found replica for vector: 2
2025-11-18 17:23:07,992 - INFO - MainThread - server_logic - [DEBUG] found replica for vector: 3
2025-11-18 17:23:07,992 - INFO - MainThread - server_logic - [DEBUG] found replica for vector: 4
2025-11-18 17:23:07,992 - INFO - MainThread - server_logic - [DEBUG] found replica for vector: 1
2025-11-18 17:23:07,992 - INFO - MainThread - server_logic - [DEBUG] found replica for vector: 2
2025-11-18 17:23:07,992 - INFO - MainThread - server_logic - [DEBUG] found replica for vector: 3
2025-11-18 17:23:07,992 - INFO - MainThread - server_logic - [DEBUG] to me replica for vector: 3
2025-11-18 17:23:07,992 - INFO - MainThread - server_logic - [DEBUG] found replica for vector: 1
2025-11-18 17:23:07,992 - INFO - MainThread - server_logic - [DEBUG] found replica for vector: 2
2025-11-18 17:23:07,992 - INFO - MainThread - server_logic - [DEBUG] found replica for vector: 3
2025-11-18 17:23:07,992 - INFO - MainThread - server_logic - [DEBUG] to me replica for vector: 3
2025-11-18 17:23:07,992 - INFO - MainThread - server_logic - [DEBUG] found replica for vector: 1
2025-11-18 17:23:07,992 - INFO - MainThread - server_logic - [DEBUG] found replica for vector: 2
2025-11-18 17:23:07,992 - INFO - MainThread - server_logic - [DEBUG] found replica for vector: 3
2025-11-18 17:23:07,992 - INFO - MainThread - server_logic - [DEBUG] found replica for vector: 4
2025-11-18 17:23:07,992 - INFO - MainThread - server_logic - [DEBUG] found replica for vector: 1
2025-11-18 17:23:07,992 - INFO - MainThread - server_logic - [DEBUG] found replica for vector: 2
2025-11-18 17:23:07,992 - INFO - MainThread - server_logic - [DEBUG] found replica for vector: 3
2025-11-18 17:23:07,992 - INFO - MainThread - server_logic - [DEBUG] found replica for vector: 4
2025-11-18 17:23:07,992 - INFO - MainThread - server_logic - [DEBUG] found replica for vector: 1
2025-11-18 17:23:07,992 - INFO - MainThread - server_logic - [DEBUG] found replica for vector: 2
2025-11-18 17:23:07,992 - INFO - MainThread - server_logic - [DEBUG] found replica for vector: 3
2025-11-18 17:23:07,992 - INFO - MainThread - server_logic - [DEBUG] found replica for vector: 4
2025-11-18 17:23:07,992 - INFO - MainThread - server_logic - [DEBUG] found replica for vector: 1
2025-11-18 17:23:07,992 - INFO - MainThread - server_logic - [DEBUG] found replica for vector: 2
2025-11-18 17:23:07,992 - INFO - MainThread - server_logic - [DEBUG] found replica for vector: 3
2025-11-18 17:23:07,992 - INFO - MainThread - server_logic - [DEBUG] found replica for vector: 4
2025-11-18 17:23:07,992 - INFO - MainThread - server_logic - [DEBUG] found replica for vector: 1
2025-11-18 17:23:07,992 - INFO - MainThread - server_logic - [DEBUG] found replica for vector: 2
2025-11-18 17:23:07,992 - INFO - MainThread - server_logic - [DEBUG] found replica for vector: 3
2025-11-18 17:23:07,992 - INFO - MainThread - server_logic - [DEBUG] found replica for vector: 4
2025-11-18 17:23:07,992 - INFO - MainThread - server_logic - [DEBUG] found replica for vector: 1
2025-11-18 17:23:07,992 - INFO - MainThread - server_logic - [DEBUG] found replica for vector: 2
2025-11-18 17:23:07,992 - INFO - MainThread - server_logic - [DEBUG] found replica for vector: 3
2025-11-18 17:23:07,992 - INFO - MainThread - server_logic - [DEBUG] found replica for vector: 4
2025-11-18 17:23:07,992 - INFO - MainThread - server_logic - [DEBUG] found replica for vector: 1
2025-11-18 17:23:07,992 - INFO - MainThread - server_logic - [DEBUG] found replica for vector: 2
2025-11-18 17:23:07,992 - INFO - MainThread - server_logic - [DEBUG] found replica for vector: 3
2025-11-18 17:23:07,992 - INFO - MainThread - server_logic - [DEBUG] to me replica for vector: 3
2025-11-18 17:23:07,992 - INFO - MainThread - server_logic - [DEBUG] found replica for vector: 1
2025-11-18 17:23:07,992 - INFO - MainThread - server_logic - [DEBUG] found replica for vector: 2
2025-11-18 17:23:07,992 - INFO - MainThread - server_logic - [DEBUG] found replica for vector: 3
2025-11-18 17:23:07,992 - INFO - MainThread - server_logic - [DEBUG] found replica for vector: 4
2025-11-18 17:23:07,992 - INFO - MainThread - server_logic - [DEBUG] found replica for vector: 1
2025-11-18 17:23:07,992 - INFO - MainThread - server_logic - [DEBUG] found replica for vector: 2
2025-11-18 17:23:07,992 - INFO - MainThread - server_logic - [DEBUG] found replica for vector: 3
2025-11-18 17:23:07,992 - INFO - MainThread - server_logic - [DEBUG] found replica for vector: 4
2025-11-18 17:23:07,993 - INFO - MainThread - server_logic - [DEBUG] found replica for vector: 1
2025-11-18 17:23:07,993 - INFO - MainThread - server_logic - [DEBUG] found replica for vector: 2
2025-11-18 17:23:07,993 - INFO - MainThread - server_logic - [DEBUG] found replica for vector: 3
2025-11-18 17:23:07,993 - INFO - MainThread - server_logic - [DEBUG] found replica for vector: 4
2025-11-18 17:23:07,993 - INFO - MainThread - server_logic - [DEBUG] found replica for vector: 1
2025-11-18 17:23:07,993 - INFO - MainThread - server_logic - [DEBUG] found replica for vector: 2
2025-11-18 17:23:07,993 - INFO - MainThread - server_logic - [DEBUG] found replica for vector: 3
2025-11-18 17:23:07,993 - INFO - MainThread - server_logic - [DEBUG] found replica for vector: 4
2025-11-18 17:23:07,993 - INFO - MainThread - server_logic - [DEBUG] found replica for vector: 1
2025-11-18 17:23:07,993 - INFO - MainThread - server_logic - [DEBUG] found replica for vector: 2
2025-11-18 17:23:07,993 - INFO - MainThread - server_logic - [DEBUG] found replica for vector: 3
2025-11-18 17:23:07,993 - INFO - MainThread - server_logic - [DEBUG] to me replica for vector: 3
2025-11-18 17:23:07,993 - INFO - MainThread - server_logic - [DEBUG] found replica for vector: 1
2025-11-18 17:23:07,993 - INFO - MainThread - server_logic - [DEBUG] found replica for vector: 2
2025-11-18 17:23:07,993 - INFO - MainThread - server_logic - [DEBUG] found replica for vector: 3
2025-11-18 17:23:07,993 - INFO - MainThread - server_logic - [DEBUG] found replica for vector: 4
2025-11-18 17:23:07,993 - INFO - MainThread - server_logic - [DEBUG] found replica for vector: 1
2025-11-18 17:23:07,993 - INFO - MainThread - server_logic - [DEBUG] found replica for vector: 2
2025-11-18 17:23:07,993 - INFO - MainThread - server_logic - [DEBUG] found replica for vector: 3
2025-11-18 17:23:07,993 - INFO - MainThread - server_logic - [DEBUG] found replica for vector: 4
2025-11-18 17:23:07,993 - INFO - MainThread - server_logic - [DEBUG] found replica for vector: 1
2025-11-18 17:23:07,993 - INFO - MainThread - server_logic - [DEBUG] found replica for vector: 2
2025-11-18 17:23:07,993 - INFO - MainThread - server_logic - [DEBUG] found replica for vector: 3
2025-11-18 17:23:07,993 - INFO - MainThread - server_logic - [DEBUG] to me replica for vector: 3
2025-11-18 17:23:07,993 - INFO - MainThread - server_logic - [DEBUG] found replica for vector: 1
2025-11-18 17:23:07,993 - INFO - MainThread - server_logic - [DEBUG] found replica for vector: 2
2025-11-18 17:23:07,993 - INFO - MainThread - server_logic - [DEBUG] found replica for vector: 3
2025-11-18 17:23:07,993 - INFO - MainThread - server_logic - [DEBUG] to me replica for vector: 3
2025-11-18 17:23:07,993 - INFO - MainThread - server_logic - [DEBUG] found replica for vector: 1
2025-11-18 17:23:07,993 - INFO - MainThread - server_logic - [DEBUG] found replica for vector: 2
2025-11-18 17:23:07,993 - INFO - MainThread - server_logic - [DEBUG] found replica for vector: 3
2025-11-18 17:23:07,993 - INFO - MainThread - server_logic - [DEBUG] found replica for vector: 4
2025-11-18 17:23:07,993 - INFO - MainThread - server_logic - [DEBUG] found replica for vector: 1
2025-11-18 17:23:07,993 - INFO - MainThread - server_logic - [DEBUG] found replica for vector: 2
2025-11-18 17:23:07,993 - INFO - MainThread - server_logic - [DEBUG] found replica for vector: 3
2025-11-18 17:23:07,993 - INFO - MainThread - server_logic - [DEBUG] found replica for vector: 4
2025-11-18 17:23:07,993 - INFO - MainThread - server_logic - [DEBUG] found replica for vector: 1
2025-11-18 17:23:07,993 - INFO - MainThread - server_logic - [DEBUG] found replica for vector: 2
2025-11-18 17:23:07,993 - INFO - MainThread - server_logic - [DEBUG] found replica for vector: 3
2025-11-18 17:23:07,993 - INFO - MainThread - server_logic - [DEBUG] found replica for vector: 4
2025-11-18 17:23:07,993 - INFO - MainThread - server_logic - [DEBUG] found replica for vector: 1
2025-11-18 17:23:07,993 - INFO - MainThread - server_logic - [DEBUG] found replica for vector: 2
2025-11-18 17:23:07,993 - INFO - MainThread - server_logic - [DEBUG] found replica for vector: 3
2025-11-18 17:23:07,993 - INFO - MainThread - server_logic - [DEBUG] to me replica for vector: 3
2025-11-18 17:23:07,993 - INFO - MainThread - server_logic - [DEBUG] found replica for vector: 1
2025-11-18 17:23:07,993 - INFO - MainThread - server_logic - [DEBUG] found replica for vector: 2
2025-11-18 17:23:07,993 - INFO - MainThread - server_logic - [DEBUG] found replica for vector: 3
2025-11-18 17:23:07,993 - INFO - MainThread - server_logic - [DEBUG] found replica for vector: 4
2025-11-18 17:23:07,993 - INFO - MainThread - server_logic - [DEBUG] found replica for vector: 1
2025-11-18 17:23:07,993 - INFO - MainThread - server_logic - [DEBUG] found replica for vector: 2
2025-11-18 17:23:07,993 - INFO - MainThread - server_logic - [DEBUG] found replica for vector: 3
2025-11-18 17:23:07,993 - INFO - MainThread - server_logic - [DEBUG] found replica for vector: 4
2025-11-18 17:23:07,993 - INFO - MainThread - server_logic - [DEBUG] found replica for vector: 1
2025-11-18 17:23:07,993 - INFO - MainThread - server_logic - [DEBUG] found replica for vector: 2
2025-11-18 17:23:07,993 - INFO - MainThread - server_logic - [DEBUG] found replica for vector: 3
2025-11-18 17:23:07,993 - INFO - MainThread - server_logic - [DEBUG] found replica for vector: 4
2025-11-18 17:23:07,993 - INFO - MainThread - server_logic - [DEBUG] found replica for vector: 1
2025-11-18 17:23:07,993 - INFO - MainThread - server_logic - [DEBUG] found replica for vector: 2
2025-11-18 17:23:07,994 - INFO - MainThread - server_logic - [DEBUG] found replica for vector: 3
2025-11-18 17:23:07,994 - INFO - MainThread - server_logic - [DEBUG] to me replica for vector: 3
2025-11-18 17:23:07,994 - INFO - MainThread - server_logic - [DEBUG] found replica for vector: 1
2025-11-18 17:23:07,994 - INFO - MainThread - server_logic - [DEBUG] found replica for vector: 2
2025-11-18 17:23:07,994 - INFO - MainThread - server_logic - [DEBUG] found replica for vector: 3
2025-11-18 17:23:07,994 - INFO - MainThread - server_logic - [DEBUG] found replica for vector: 4
2025-11-18 17:23:07,994 - INFO - MainThread - server_logic - [DEBUG] found replica for vector: 1
2025-11-18 17:23:07,994 - INFO - MainThread - server_logic - [DEBUG] found replica for vector: 2
2025-11-18 17:23:07,994 - INFO - MainThread - server_logic - [DEBUG] found replica for vector: 3
2025-11-18 17:23:07,994 - INFO - MainThread - server_logic - [DEBUG] found replica for vector: 4
2025-11-18 17:23:07,994 - INFO - MainThread - server_logic - [DEBUG] found replica for vector: 1
2025-11-18 17:23:07,994 - INFO - MainThread - server_logic - [DEBUG] found replica for vector: 2
2025-11-18 17:23:07,994 - INFO - MainThread - server_logic - [DEBUG] found replica for vector: 3
2025-11-18 17:23:07,994 - INFO - MainThread - server_logic - [DEBUG] found replica for vector: 4
2025-11-18 17:23:07,994 - INFO - MainThread - server_logic - [DEBUG] found replica for vector: 1
2025-11-18 17:23:07,994 - INFO - MainThread - server_logic - [DEBUG] found replica for vector: 2
2025-11-18 17:23:07,994 - INFO - MainThread - server_logic - [DEBUG] found replica for vector: 3
2025-11-18 17:23:07,994 - INFO - MainThread - server_logic - [DEBUG] to me replica for vector: 3
2025-11-18 17:23:07,994 - INFO - MainThread - server_logic - [DEBUG] found replica for vector: 1
2025-11-18 17:23:07,994 - INFO - MainThread - server_logic - [DEBUG] found replica for vector: 2
2025-11-18 17:23:07,994 - INFO - MainThread - server_logic - [DEBUG] found replica for vector: 3
2025-11-18 17:23:07,994 - INFO - MainThread - server_logic - [DEBUG] found replica for vector: 4
2025-11-18 17:23:07,994 - INFO - MainThread - server_logic - [DEBUG] found replica for vector: 1
2025-11-18 17:23:07,994 - INFO - MainThread - server_logic - [DEBUG] found replica for vector: 2
2025-11-18 17:23:07,994 - INFO - MainThread - server_logic - [DEBUG] found replica for vector: 3
2025-11-18 17:23:07,994 - INFO - MainThread - server_logic - [DEBUG] to me replica for vector: 3
2025-11-18 17:23:07,994 - INFO - MainThread - server_logic - [DEBUG] found replica for vector: 1
2025-11-18 17:23:07,994 - INFO - MainThread - server_logic - [DEBUG] found replica for vector: 2
2025-11-18 17:23:07,994 - INFO - MainThread - server_logic - [DEBUG] found replica for vector: 3
2025-11-18 17:23:07,994 - INFO - MainThread - server_logic - [DEBUG] found replica for vector: 4
2025-11-18 17:23:07,994 - INFO - MainThread - server_logic - [DEBUG] found replica for vector: 1
2025-11-18 17:23:07,994 - INFO - MainThread - server_logic - [DEBUG] found replica for vector: 2
2025-11-18 17:23:07,994 - INFO - MainThread - server_logic - [DEBUG] found replica for vector: 3
2025-11-18 17:23:07,994 - INFO - MainThread - server_logic - [DEBUG] to me replica for vector: 3
2025-11-18 17:23:07,994 - INFO - MainThread - server_logic - [DEBUG] found replica for vector: 1
2025-11-18 17:23:07,994 - INFO - MainThread - server_logic - [DEBUG] found replica for vector: 2
2025-11-18 17:23:07,994 - INFO - MainThread - server_logic - [DEBUG] found replica for vector: 3
2025-11-18 17:23:07,994 - INFO - MainThread - server_logic - [DEBUG] to me replica for vector: 3
2025-11-18 17:23:07,994 - INFO - MainThread - server_logic - [DEBUG] found replica for vector: 1
2025-11-18 17:23:07,994 - INFO - MainThread - server_logic - [DEBUG] found replica for vector: 2
2025-11-18 17:23:07,994 - INFO - MainThread - server_logic - [DEBUG] found replica for vector: 3
2025-11-18 17:23:07,994 - INFO - MainThread - server_logic - [DEBUG] to me replica for vector: 3
2025-11-18 17:23:07,994 - INFO - MainThread - server_logic - [DEBUG] found replica for vector: 1
2025-11-18 17:23:07,994 - INFO - MainThread - server_logic - [DEBUG] found replica for vector: 2
2025-11-18 17:23:07,994 - INFO - MainThread - server_logic - [DEBUG] found replica for vector: 3
2025-11-18 17:23:07,994 - INFO - MainThread - server_logic - [DEBUG] found replica for vector: 4
2025-11-18 17:23:07,994 - INFO - MainThread - server_logic - [DEBUG] found replica for vector: 1
2025-11-18 17:23:07,994 - INFO - MainThread - server_logic - [DEBUG] found replica for vector: 2
2025-11-18 17:23:07,994 - INFO - MainThread - server_logic - [DEBUG] found replica for vector: 3
2025-11-18 17:23:07,994 - INFO - MainThread - server_logic - [DEBUG] to me replica for vector: 3
2025-11-18 17:23:07,994 - INFO - MainThread - server_logic - [DEBUG] found replica for vector: 1
2025-11-18 17:23:07,994 - INFO - MainThread - server_logic - [DEBUG] found replica for vector: 2
2025-11-18 17:23:07,994 - INFO - MainThread - server_logic - [DEBUG] found replica for vector: 3
2025-11-18 17:23:07,994 - INFO - MainThread - server_logic - [DEBUG] found replica for vector: 4
2025-11-18 17:23:07,994 - INFO - MainThread - server_logic - [DEBUG] found replica for vector: 1
2025-11-18 17:23:07,994 - INFO - MainThread - server_logic - [DEBUG] found replica for vector: 2
2025-11-18 17:23:07,994 - INFO - MainThread - server_logic - [DEBUG] found replica for vector: 3
2025-11-18 17:23:07,994 - INFO - MainThread - server_logic - [DEBUG] found replica for vector: 4
2025-11-18 17:23:07,995 - INFO - MainThread - server_logic - [DEBUG] found replica for vector: 1
2025-11-18 17:23:07,995 - INFO - MainThread - server_logic - [DEBUG] found replica for vector: 2
2025-11-18 17:23:07,995 - INFO - MainThread - server_logic - [DEBUG] found replica for vector: 3
2025-11-18 17:23:07,995 - INFO - MainThread - server_logic - [DEBUG] found replica for vector: 4
2025-11-18 17:23:07,995 - INFO - MainThread - server_logic - [DEBUG] found replica for vector: 1
2025-11-18 17:23:07,995 - INFO - MainThread - server_logic - [DEBUG] found replica for vector: 2
2025-11-18 17:23:07,995 - INFO - MainThread - server_logic - [DEBUG] found replica for vector: 3
2025-11-18 17:23:07,995 - INFO - MainThread - server_logic - [DEBUG] found replica for vector: 4
2025-11-18 17:23:07,995 - INFO - MainThread - server_logic - [DEBUG] found replica for vector: 1
2025-11-18 17:23:07,995 - INFO - MainThread - server_logic - [DEBUG] found replica for vector: 2
2025-11-18 17:23:07,995 - INFO - MainThread - server_logic - [DEBUG] found replica for vector: 3
2025-11-18 17:23:07,995 - INFO - MainThread - server_logic - [DEBUG] found replica for vector: 4
2025-11-18 17:23:07,995 - INFO - MainThread - server_logic - [DEBUG] found replica for vector: 1
2025-11-18 17:23:07,995 - INFO - MainThread - server_logic - [DEBUG] found replica for vector: 2
2025-11-18 17:23:07,995 - INFO - MainThread - server_logic - [DEBUG] found replica for vector: 3
2025-11-18 17:23:07,995 - INFO - MainThread - server_logic - [DEBUG] to me replica for vector: 3
2025-11-18 17:23:07,995 - INFO - MainThread - server_logic - [DEBUG] found replica for vector: 1
2025-11-18 17:23:07,995 - INFO - MainThread - server_logic - [DEBUG] found replica for vector: 2
2025-11-18 17:23:07,995 - INFO - MainThread - server_logic - [DEBUG] found replica for vector: 3
2025-11-18 17:23:07,995 - INFO - MainThread - server_logic - [DEBUG] found replica for vector: 4
2025-11-18 17:23:07,995 - INFO - MainThread - server_logic - [DEBUG] found replica for vector: 1
2025-11-18 17:23:07,995 - INFO - MainThread - server_logic - [DEBUG] found replica for vector: 2
2025-11-18 17:23:07,995 - INFO - MainThread - server_logic - [DEBUG] found replica for vector: 3
2025-11-18 17:23:07,995 - INFO - MainThread - server_logic - [DEBUG] found replica for vector: 4
2025-11-18 17:23:07,995 - INFO - MainThread - server_logic - [DEBUG] found replica for vector: 1
2025-11-18 17:23:07,995 - INFO - MainThread - server_logic - [DEBUG] found replica for vector: 2
2025-11-18 17:23:07,995 - INFO - MainThread - server_logic - [DEBUG] found replica for vector: 3
2025-11-18 17:23:07,995 - INFO - MainThread - server_logic - [DEBUG] found replica for vector: 4
2025-11-18 17:23:07,995 - INFO - MainThread - server_logic - [DEBUG] found replica for vector: 1
2025-11-18 17:23:07,995 - INFO - MainThread - server_logic - [DEBUG] found replica for vector: 2
2025-11-18 17:23:07,995 - INFO - MainThread - server_logic - [DEBUG] found replica for vector: 3
2025-11-18 17:23:07,995 - INFO - MainThread - server_logic - [DEBUG] found replica for vector: 4
2025-11-18 17:23:07,995 - INFO - MainThread - server_logic - [DEBUG] found replica for vector: 1
2025-11-18 17:23:07,995 - INFO - MainThread - server_logic - [DEBUG] found replica for vector: 2
2025-11-18 17:23:07,995 - INFO - MainThread - server_logic - [DEBUG] found replica for vector: 3
2025-11-18 17:23:07,995 - INFO - MainThread - server_logic - [DEBUG] to me replica for vector: 3
2025-11-18 17:23:07,995 - INFO - MainThread - server_logic - [DEBUG] found replica for vector: 1
2025-11-18 17:23:07,995 - INFO - MainThread - server_logic - [DEBUG] found replica for vector: 2
2025-11-18 17:23:07,995 - INFO - MainThread - server_logic - [DEBUG] found replica for vector: 3
2025-11-18 17:23:07,995 - INFO - MainThread - server_logic - [DEBUG] found replica for vector: 4
2025-11-18 17:23:07,995 - INFO - MainThread - server_logic - [DEBUG] found replica for vector: 1
2025-11-18 17:23:07,995 - INFO - MainThread - server_logic - [DEBUG] found replica for vector: 2
2025-11-18 17:23:07,995 - INFO - MainThread - server_logic - [DEBUG] found replica for vector: 3
2025-11-18 17:23:07,995 - INFO - MainThread - server_logic - [DEBUG] to me replica for vector: 3
2025-11-18 17:23:07,995 - INFO - MainThread - server_logic - [DEBUG] found replica for vector: 1
2025-11-18 17:23:07,995 - INFO - MainThread - server_logic - [DEBUG] found replica for vector: 2
2025-11-18 17:23:07,995 - INFO - MainThread - server_logic - [DEBUG] found replica for vector: 3
2025-11-18 17:23:07,995 - INFO - MainThread - server_logic - [DEBUG] found replica for vector: 4
2025-11-18 17:23:07,995 - INFO - MainThread - server_logic - [DEBUG] found replica for vector: 1
2025-11-18 17:23:07,995 - INFO - MainThread - server_logic - [DEBUG] found replica for vector: 2
2025-11-18 17:23:07,995 - INFO - MainThread - server_logic - [DEBUG] found replica for vector: 3
2025-11-18 17:23:07,995 - INFO - MainThread - server_logic - [DEBUG] found replica for vector: 4
2025-11-18 17:23:07,995 - INFO - MainThread - server_logic - [DEBUG] found replica for vector: 1
2025-11-18 17:23:07,995 - INFO - MainThread - server_logic - [DEBUG] found replica for vector: 2
2025-11-18 17:23:07,995 - INFO - MainThread - server_logic - [DEBUG] found replica for vector: 3
2025-11-18 17:23:07,995 - INFO - MainThread - server_logic - [DEBUG] found replica for vector: 4
2025-11-18 17:23:07,995 - INFO - MainThread - server_logic - [DEBUG] found replica for vector: 1
2025-11-18 17:23:07,995 - INFO - MainThread - server_logic - [DEBUG] found replica for vector: 2
2025-11-18 17:23:07,995 - INFO - MainThread - server_logic - [DEBUG] found replica for vector: 3
2025-11-18 17:23:07,995 - INFO - MainThread - server_logic - [DEBUG] to me replica for vector: 3
2025-11-18 17:23:07,996 - INFO - MainThread - server_logic - [DEBUG] found replica for vector: 1
2025-11-18 17:23:07,996 - INFO - MainThread - server_logic - [DEBUG] found replica for vector: 2
2025-11-18 17:23:07,996 - INFO - MainThread - server_logic - [DEBUG] found replica for vector: 3
2025-11-18 17:23:07,996 - INFO - MainThread - server_logic - [DEBUG] to me replica for vector: 3
2025-11-18 17:23:07,996 - INFO - MainThread - server_logic - [DEBUG] found replica for vector: 1
2025-11-18 17:23:07,996 - INFO - MainThread - server_logic - [DEBUG] found replica for vector: 2
2025-11-18 17:23:07,996 - INFO - MainThread - server_logic - [DEBUG] found replica for vector: 3
2025-11-18 17:23:07,996 - INFO - MainThread - server_logic - [DEBUG] found replica for vector: 4
2025-11-18 17:23:07,996 - INFO - MainThread - server_logic - [DEBUG] found replica for vector: 1
2025-11-18 17:23:07,996 - INFO - MainThread - server_logic - [DEBUG] found replica for vector: 2
2025-11-18 17:23:07,996 - INFO - MainThread - server_logic - [DEBUG] found replica for vector: 3
2025-11-18 17:23:07,996 - INFO - MainThread - server_logic - [DEBUG] found replica for vector: 4
2025-11-18 17:23:07,996 - INFO - MainThread - server_logic - [DEBUG] found replica for vector: 1
2025-11-18 17:23:07,996 - INFO - MainThread - server_logic - [DEBUG] found replica for vector: 2
2025-11-18 17:23:07,996 - INFO - MainThread - server_logic - [DEBUG] found replica for vector: 3
2025-11-18 17:23:07,996 - INFO - MainThread - server_logic - [DEBUG] found replica for vector: 4
2025-11-18 17:23:07,996 - INFO - MainThread - server_logic - [DEBUG] found replica for vector: 1
2025-11-18 17:23:07,996 - INFO - MainThread - server_logic - [DEBUG] found replica for vector: 2
2025-11-18 17:23:07,996 - INFO - MainThread - server_logic - [DEBUG] found replica for vector: 3
2025-11-18 17:23:07,996 - INFO - MainThread - server_logic - [DEBUG] found replica for vector: 4
2025-11-18 17:23:07,996 - INFO - MainThread - server_logic - [DEBUG] found replica for vector: 1
2025-11-18 17:23:07,996 - INFO - MainThread - server_logic - [DEBUG] found replica for vector: 2
2025-11-18 17:23:07,996 - INFO - MainThread - server_logic - [DEBUG] found replica for vector: 3
2025-11-18 17:23:07,996 - INFO - MainThread - server_logic - [DEBUG] found replica for vector: 4
2025-11-18 17:23:07,996 - INFO - MainThread - server_logic - [DEBUG] found replica for vector: 1
2025-11-18 17:23:07,996 - INFO - MainThread - server_logic - [DEBUG] found replica for vector: 2
2025-11-18 17:23:07,996 - INFO - MainThread - server_logic - [DEBUG] found replica for vector: 3
2025-11-18 17:23:07,996 - INFO - MainThread - server_logic - [DEBUG] found replica for vector: 4
2025-11-18 17:23:07,996 - INFO - MainThread - server_logic - [DEBUG] found replica for vector: 1
2025-11-18 17:23:07,996 - INFO - MainThread - server_logic - [DEBUG] found replica for vector: 2
2025-11-18 17:23:07,996 - INFO - MainThread - server_logic - [DEBUG] found replica for vector: 3
2025-11-18 17:23:07,996 - INFO - MainThread - server_logic - [DEBUG] found replica for vector: 4
2025-11-18 17:23:07,996 - INFO - MainThread - server_logic - [DEBUG] found replica for vector: 1
2025-11-18 17:23:07,996 - INFO - MainThread - server_logic - [DEBUG] found replica for vector: 2
2025-11-18 17:23:07,996 - INFO - MainThread - server_logic - [DEBUG] found replica for vector: 3
2025-11-18 17:23:07,996 - INFO - MainThread - server_logic - [DEBUG] found replica for vector: 4
2025-11-18 17:23:07,996 - INFO - MainThread - server_logic - [DEBUG] found replica for vector: 1
2025-11-18 17:23:07,996 - INFO - MainThread - server_logic - [DEBUG] found replica for vector: 2
2025-11-18 17:23:07,996 - INFO - MainThread - server_logic - [DEBUG] found replica for vector: 3
2025-11-18 17:23:07,996 - INFO - MainThread - server_logic - [DEBUG] found replica for vector: 4
2025-11-18 17:23:07,996 - INFO - MainThread - server_logic - [DEBUG] found replica for vector: 1
2025-11-18 17:23:07,996 - INFO - MainThread - server_logic - [DEBUG] found replica for vector: 2
2025-11-18 17:23:07,996 - INFO - MainThread - server_logic - [DEBUG] found replica for vector: 3
2025-11-18 17:23:07,996 - INFO - MainThread - server_logic - [DEBUG] to me replica for vector: 3
2025-11-18 17:23:07,996 - INFO - MainThread - server_logic - [DEBUG] found replica for vector: 1
2025-11-18 17:23:07,996 - INFO - MainThread - server_logic - [DEBUG] found replica for vector: 2
2025-11-18 17:23:07,996 - INFO - MainThread - server_logic - [DEBUG] found replica for vector: 3
2025-11-18 17:23:07,996 - INFO - MainThread - server_logic - [DEBUG] found replica for vector: 4
2025-11-18 17:23:07,996 - INFO - MainThread - server_logic - [DEBUG] found replica for vector: 1
2025-11-18 17:23:07,996 - INFO - MainThread - server_logic - [DEBUG] found replica for vector: 2
2025-11-18 17:23:07,996 - INFO - MainThread - server_logic - [DEBUG] found replica for vector: 3
2025-11-18 17:23:07,996 - INFO - MainThread - server_logic - [DEBUG] to me replica for vector: 3
2025-11-18 17:23:07,996 - INFO - MainThread - server_logic - [DEBUG] found replica for vector: 1
2025-11-18 17:23:07,996 - INFO - MainThread - server_logic - [DEBUG] found replica for vector: 2
2025-11-18 17:23:07,996 - INFO - MainThread - server_logic - [DEBUG] found replica for vector: 3
2025-11-18 17:23:07,996 - INFO - MainThread - server_logic - [DEBUG] found replica for vector: 4
2025-11-18 17:23:07,996 - INFO - MainThread - server_logic - [DEBUG] found replica for vector: 1
2025-11-18 17:23:07,996 - INFO - MainThread - server_logic - [DEBUG] found replica for vector: 2
2025-11-18 17:23:07,997 - INFO - MainThread - server_logic - [DEBUG] found replica for vector: 3
2025-11-18 17:23:07,997 - INFO - MainThread - server_logic - [DEBUG] to me replica for vector: 3
2025-11-18 17:23:07,997 - INFO - MainThread - server_logic - [DEBUG] found replica for vector: 1
2025-11-18 17:23:07,997 - INFO - MainThread - server_logic - [DEBUG] found replica for vector: 2
2025-11-18 17:23:07,997 - INFO - MainThread - server_logic - [DEBUG] found replica for vector: 3
2025-11-18 17:23:07,997 - INFO - MainThread - server_logic - [DEBUG] found replica for vector: 4
2025-11-18 17:23:07,997 - INFO - MainThread - server_logic - [DEBUG] found replica for vector: 1
2025-11-18 17:23:07,997 - INFO - MainThread - server_logic - [DEBUG] found replica for vector: 2
2025-11-18 17:23:07,997 - INFO - MainThread - server_logic - [DEBUG] found replica for vector: 3
2025-11-18 17:23:07,997 - INFO - MainThread - server_logic - [DEBUG] to me replica for vector: 3
2025-11-18 17:23:07,997 - INFO - MainThread - server_logic - [DEBUG] found replica for vector: 1
2025-11-18 17:23:07,997 - INFO - MainThread - server_logic - [DEBUG] found replica for vector: 2
2025-11-18 17:23:07,997 - INFO - MainThread - server_logic - [DEBUG] found replica for vector: 3
2025-11-18 17:23:07,997 - INFO - MainThread - server_logic - [DEBUG] found replica for vector: 4
2025-11-18 17:23:07,997 - INFO - MainThread - server_logic - [DEBUG] found replica for vector: 1
2025-11-18 17:23:07,997 - INFO - MainThread - server_logic - [DEBUG] found replica for vector: 2
2025-11-18 17:23:07,997 - INFO - MainThread - server_logic - [DEBUG] found replica for vector: 3
2025-11-18 17:23:07,997 - INFO - MainThread - server_logic - [DEBUG] found replica for vector: 4
2025-11-18 17:23:07,997 - INFO - MainThread - server_logic - [DEBUG] found replica for vector: 1
2025-11-18 17:23:07,997 - INFO - MainThread - server_logic - [DEBUG] found replica for vector: 2
2025-11-18 17:23:07,997 - INFO - MainThread - server_logic - [DEBUG] found replica for vector: 3
2025-11-18 17:23:07,997 - INFO - MainThread - server_logic - [DEBUG] found replica for vector: 4
2025-11-18 17:23:07,997 - INFO - MainThread - server_logic - [DEBUG] found replica for vector: 1
2025-11-18 17:23:07,997 - INFO - MainThread - server_logic - [DEBUG] found replica for vector: 2
2025-11-18 17:23:07,997 - INFO - MainThread - server_logic - [DEBUG] found replica for vector: 3
2025-11-18 17:23:07,997 - INFO - MainThread - server_logic - [DEBUG] found replica for vector: 4
2025-11-18 17:23:07,997 - INFO - MainThread - server_logic - [DEBUG] found replica for vector: 1
2025-11-18 17:23:07,997 - INFO - MainThread - server_logic - [DEBUG] found replica for vector: 2
2025-11-18 17:23:07,997 - INFO - MainThread - server_logic - [DEBUG] found replica for vector: 3
2025-11-18 17:23:07,997 - INFO - MainThread - server_logic - [DEBUG] found replica for vector: 4
2025-11-18 17:23:07,997 - INFO - MainThread - server_logic - [DEBUG] found replica for vector: 1
2025-11-18 17:23:07,997 - INFO - MainThread - server_logic - [DEBUG] found replica for vector: 2
2025-11-18 17:23:07,997 - INFO - MainThread - server_logic - [DEBUG] found replica for vector: 3
2025-11-18 17:23:07,997 - INFO - MainThread - server_logic - [DEBUG] to me replica for vector: 3
2025-11-18 17:23:07,997 - INFO - MainThread - server_logic - [DEBUG] found replica for vector: 1
2025-11-18 17:23:07,997 - INFO - MainThread - server_logic - [DEBUG] found replica for vector: 2
2025-11-18 17:23:07,997 - INFO - MainThread - server_logic - [DEBUG] found replica for vector: 3
2025-11-18 17:23:07,997 - INFO - MainThread - server_logic - [DEBUG] found replica for vector: 4
2025-11-18 17:23:07,997 - INFO - MainThread - server_logic - [DEBUG] found replica for vector: 1
2025-11-18 17:23:07,997 - INFO - MainThread - server_logic - [DEBUG] found replica for vector: 2
2025-11-18 17:23:07,997 - INFO - MainThread - server_logic - [DEBUG] found replica for vector: 3
2025-11-18 17:23:07,997 - INFO - MainThread - server_logic - [DEBUG] found replica for vector: 4
2025-11-18 17:23:07,997 - INFO - MainThread - server_logic - [DEBUG] found replica for vector: 1
2025-11-18 17:23:07,997 - INFO - MainThread - server_logic - [DEBUG] found replica for vector: 2
2025-11-18 17:23:07,997 - INFO - MainThread - server_logic - [DEBUG] found replica for vector: 3
2025-11-18 17:23:07,997 - INFO - MainThread - server_logic - [DEBUG] to me replica for vector: 3
2025-11-18 17:23:07,997 - INFO - MainThread - server_logic - [DEBUG] found replica for vector: 1
2025-11-18 17:23:07,997 - INFO - MainThread - server_logic - [DEBUG] found replica for vector: 2
2025-11-18 17:23:07,997 - INFO - MainThread - server_logic - [DEBUG] found replica for vector: 3
2025-11-18 17:23:07,997 - INFO - MainThread - server_logic - [DEBUG] found replica for vector: 4
2025-11-18 17:23:07,997 - INFO - MainThread - server_logic - [DEBUG] found replica for vector: 1
2025-11-18 17:23:07,997 - INFO - MainThread - server_logic - [DEBUG] found replica for vector: 2
2025-11-18 17:23:07,997 - INFO - MainThread - server_logic - [DEBUG] found replica for vector: 3
2025-11-18 17:23:07,997 - INFO - MainThread - server_logic - [DEBUG] found replica for vector: 4
2025-11-18 17:23:07,997 - INFO - MainThread - server_logic - [DEBUG] found replica for vector: 1
2025-11-18 17:23:07,997 - INFO - MainThread - server_logic - [DEBUG] found replica for vector: 2
2025-11-18 17:23:07,997 - INFO - MainThread - server_logic - [DEBUG] found replica for vector: 3
2025-11-18 17:23:07,997 - INFO - MainThread - server_logic - [DEBUG] found replica for vector: 4
2025-11-18 17:23:07,998 - INFO - MainThread - server_logic - [DEBUG] found replica for vector: 1
2025-11-18 17:23:07,998 - INFO - MainThread - server_logic - [DEBUG] found replica for vector: 2
2025-11-18 17:23:07,998 - INFO - MainThread - server_logic - [DEBUG] found replica for vector: 3
2025-11-18 17:23:07,998 - INFO - MainThread - server_logic - [DEBUG] to me replica for vector: 3
2025-11-18 17:23:07,998 - INFO - MainThread - server_logic - [DEBUG] found replica for vector: 1
2025-11-18 17:23:07,998 - INFO - MainThread - server_logic - [DEBUG] found replica for vector: 2
2025-11-18 17:23:07,998 - INFO - MainThread - server_logic - [DEBUG] found replica for vector: 3
2025-11-18 17:23:07,998 - INFO - MainThread - server_logic - [DEBUG] found replica for vector: 4
2025-11-18 17:23:07,998 - INFO - MainThread - server_logic - [DEBUG] found replica for vector: 1
2025-11-18 17:23:07,998 - INFO - MainThread - server_logic - [DEBUG] found replica for vector: 2
2025-11-18 17:23:07,998 - INFO - MainThread - server_logic - [DEBUG] found replica for vector: 3
2025-11-18 17:23:07,998 - INFO - MainThread - server_logic - [DEBUG] to me replica for vector: 3
2025-11-18 17:23:07,998 - INFO - MainThread - server_logic - [DEBUG] found replica for vector: 1
2025-11-18 17:23:07,998 - INFO - MainThread - server_logic - [DEBUG] found replica for vector: 2
2025-11-18 17:23:07,998 - INFO - MainThread - server_logic - [DEBUG] found replica for vector: 3
2025-11-18 17:23:07,998 - INFO - MainThread - server_logic - [DEBUG] found replica for vector: 4
2025-11-18 17:23:07,998 - INFO - MainThread - server_logic - [DEBUG] found replica for vector: 1
2025-11-18 17:23:07,998 - INFO - MainThread - server_logic - [DEBUG] found replica for vector: 2
2025-11-18 17:23:07,998 - INFO - MainThread - server_logic - [DEBUG] found replica for vector: 3
2025-11-18 17:23:07,998 - INFO - MainThread - server_logic - [DEBUG] found replica for vector: 4
2025-11-18 17:23:07,998 - INFO - MainThread - server_logic - [DEBUG] found replica for vector: 1
2025-11-18 17:23:07,998 - INFO - MainThread - server_logic - [DEBUG] found replica for vector: 2
2025-11-18 17:23:07,998 - INFO - MainThread - server_logic - [DEBUG] found replica for vector: 3
2025-11-18 17:23:07,998 - INFO - MainThread - server_logic - [DEBUG] to me replica for vector: 3
2025-11-18 17:23:07,998 - INFO - MainThread - server_logic - [DEBUG] found replica for vector: 1
2025-11-18 17:23:07,998 - INFO - MainThread - server_logic - [DEBUG] found replica for vector: 2
2025-11-18 17:23:07,998 - INFO - MainThread - server_logic - [DEBUG] found replica for vector: 3
2025-11-18 17:23:07,998 - INFO - MainThread - server_logic - [DEBUG] to me replica for vector: 3
2025-11-18 17:23:07,998 - INFO - MainThread - server_logic - [DEBUG] found replica for vector: 1
2025-11-18 17:23:07,998 - INFO - MainThread - server_logic - [DEBUG] found replica for vector: 2
2025-11-18 17:23:07,998 - INFO - MainThread - server_logic - [DEBUG] found replica for vector: 3
2025-11-18 17:23:07,998 - INFO - MainThread - server_logic - [DEBUG] to me replica for vector: 3
2025-11-18 17:23:07,998 - INFO - MainThread - server_logic - [DEBUG] found replica for vector: 1
2025-11-18 17:23:07,998 - INFO - MainThread - server_logic - [DEBUG] found replica for vector: 2
2025-11-18 17:23:07,998 - INFO - MainThread - server_logic - [DEBUG] found replica for vector: 3
2025-11-18 17:23:07,998 - INFO - MainThread - server_logic - [DEBUG] found replica for vector: 4
2025-11-18 17:23:07,998 - INFO - MainThread - server_logic - [DEBUG] found replica for vector: 1
2025-11-18 17:23:07,998 - INFO - MainThread - server_logic - [DEBUG] found replica for vector: 2
2025-11-18 17:23:07,998 - INFO - MainThread - server_logic - [DEBUG] found replica for vector: 3
2025-11-18 17:23:07,998 - INFO - MainThread - server_logic - [DEBUG] found replica for vector: 4
2025-11-18 17:23:07,998 - INFO - MainThread - server_logic - [DEBUG] found replica for vector: 1
2025-11-18 17:23:07,998 - INFO - MainThread - server_logic - [DEBUG] found replica for vector: 2
2025-11-18 17:23:07,998 - INFO - MainThread - server_logic - [DEBUG] found replica for vector: 3
2025-11-18 17:23:07,998 - INFO - MainThread - server_logic - [DEBUG] found replica for vector: 4
2025-11-18 17:23:07,998 - INFO - MainThread - server_logic - [DEBUG] found replica for vector: 1
2025-11-18 17:23:07,998 - INFO - MainThread - server_logic - [DEBUG] found replica for vector: 2
2025-11-18 17:23:07,998 - INFO - MainThread - server_logic - [DEBUG] found replica for vector: 3
2025-11-18 17:23:07,998 - INFO - MainThread - server_logic - [DEBUG] to me replica for vector: 3
2025-11-18 17:23:07,998 - INFO - MainThread - server_logic - [DEBUG] found replica for vector: 1
2025-11-18 17:23:07,998 - INFO - MainThread - server_logic - [DEBUG] found replica for vector: 2
2025-11-18 17:23:07,998 - INFO - MainThread - server_logic - [DEBUG] found replica for vector: 3
2025-11-18 17:23:07,998 - INFO - MainThread - server_logic - [DEBUG] to me replica for vector: 3
2025-11-18 17:23:07,998 - INFO - MainThread - server_logic - [DEBUG] found replica for vector: 1
2025-11-18 17:23:07,998 - INFO - MainThread - server_logic - [DEBUG] found replica for vector: 2
2025-11-18 17:23:07,998 - INFO - MainThread - server_logic - [DEBUG] found replica for vector: 3
2025-11-18 17:23:07,998 - INFO - MainThread - server_logic - [DEBUG] to me replica for vector: 3
2025-11-18 17:23:07,998 - INFO - MainThread - server_logic - [DEBUG] found replica for vector: 1
2025-11-18 17:23:07,998 - INFO - MainThread - server_logic - [DEBUG] found replica for vector: 2
2025-11-18 17:23:07,999 - INFO - MainThread - server_logic - [DEBUG] found replica for vector: 3
2025-11-18 17:23:07,999 - INFO - MainThread - server_logic - [DEBUG] found replica for vector: 4
2025-11-18 17:23:07,999 - INFO - MainThread - server_logic - [DEBUG] found replica for vector: 1
2025-11-18 17:23:07,999 - INFO - MainThread - server_logic - [DEBUG] found replica for vector: 2
2025-11-18 17:23:07,999 - INFO - MainThread - server_logic - [DEBUG] found replica for vector: 3
2025-11-18 17:23:07,999 - INFO - MainThread - server_logic - [DEBUG] found replica for vector: 4
2025-11-18 17:23:07,999 - INFO - MainThread - server_logic - [DEBUG] found replica for vector: 1
2025-11-18 17:23:07,999 - INFO - MainThread - server_logic - [DEBUG] found replica for vector: 2
2025-11-18 17:23:07,999 - INFO - MainThread - server_logic - [DEBUG] found replica for vector: 3
2025-11-18 17:23:07,999 - INFO - MainThread - server_logic - [DEBUG] to me replica for vector: 3
2025-11-18 17:23:07,999 - INFO - MainThread - server_logic - [DEBUG] found replica for vector: 1
2025-11-18 17:23:07,999 - INFO - MainThread - server_logic - [DEBUG] found replica for vector: 2
2025-11-18 17:23:07,999 - INFO - MainThread - server_logic - [DEBUG] found replica for vector: 3
2025-11-18 17:23:07,999 - INFO - MainThread - server_logic - [DEBUG] found replica for vector: 4
2025-11-18 17:23:07,999 - INFO - MainThread - server_logic - [DEBUG] found replica for vector: 1
2025-11-18 17:23:07,999 - INFO - MainThread - server_logic - [DEBUG] found replica for vector: 2
2025-11-18 17:23:07,999 - INFO - MainThread - server_logic - [DEBUG] found replica for vector: 3
2025-11-18 17:23:07,999 - INFO - MainThread - server_logic - [DEBUG] found replica for vector: 4
2025-11-18 17:23:07,999 - INFO - MainThread - server_logic - [DEBUG] found replica for vector: 1
2025-11-18 17:23:07,999 - INFO - MainThread - server_logic - [DEBUG] found replica for vector: 2
2025-11-18 17:23:07,999 - INFO - MainThread - server_logic - [DEBUG] found replica for vector: 3
2025-11-18 17:23:07,999 - INFO - MainThread - server_logic - [DEBUG] to me replica for vector: 3
2025-11-18 17:23:07,999 - INFO - MainThread - server_logic - [DEBUG] found replica for vector: 1
2025-11-18 17:23:07,999 - INFO - MainThread - server_logic - [DEBUG] found replica for vector: 2
2025-11-18 17:23:07,999 - INFO - MainThread - server_logic - [DEBUG] found replica for vector: 3
2025-11-18 17:23:07,999 - INFO - MainThread - server_logic - [DEBUG] found replica for vector: 4
2025-11-18 17:23:07,999 - INFO - MainThread - server_logic - [DEBUG] found replica for vector: 1
2025-11-18 17:23:07,999 - INFO - MainThread - server_logic - [DEBUG] found replica for vector: 2
2025-11-18 17:23:07,999 - INFO - MainThread - server_logic - [DEBUG] found replica for vector: 3
2025-11-18 17:23:07,999 - INFO - MainThread - server_logic - [DEBUG] found replica for vector: 4
2025-11-18 17:23:07,999 - INFO - MainThread - server_logic - [DEBUG] found replica for vector: 1
2025-11-18 17:23:07,999 - INFO - MainThread - server_logic - [DEBUG] found replica for vector: 2
2025-11-18 17:23:07,999 - INFO - MainThread - server_logic - [DEBUG] found replica for vector: 3
2025-11-18 17:23:07,999 - INFO - MainThread - server_logic - [DEBUG] found replica for vector: 4
2025-11-18 17:23:07,999 - INFO - MainThread - server_logic - [DEBUG] found replica for vector: 1
2025-11-18 17:23:07,999 - INFO - MainThread - server_logic - [DEBUG] found replica for vector: 2
2025-11-18 17:23:07,999 - INFO - MainThread - server_logic - [DEBUG] found replica for vector: 3
2025-11-18 17:23:07,999 - INFO - MainThread - server_logic - [DEBUG] found replica for vector: 4
2025-11-18 17:23:07,999 - INFO - MainThread - server_logic - [DEBUG] found replica for vector: 1
2025-11-18 17:23:07,999 - INFO - MainThread - server_logic - [DEBUG] found replica for vector: 2
2025-11-18 17:23:07,999 - INFO - MainThread - server_logic - [DEBUG] found replica for vector: 3
2025-11-18 17:23:07,999 - INFO - MainThread - server_logic - [DEBUG] found replica for vector: 4
2025-11-18 17:23:07,999 - INFO - MainThread - server_logic - [DEBUG] found replica for vector: 1
2025-11-18 17:23:07,999 - INFO - MainThread - server_logic - [DEBUG] found replica for vector: 2
2025-11-18 17:23:07,999 - INFO - MainThread - server_logic - [DEBUG] found replica for vector: 3
2025-11-18 17:23:07,999 - INFO - MainThread - server_logic - [DEBUG] found replica for vector: 4
2025-11-18 17:23:07,999 - INFO - MainThread - server_logic - [DEBUG] found replica for vector: 1
2025-11-18 17:23:07,999 - INFO - MainThread - server_logic - [DEBUG] found replica for vector: 2
2025-11-18 17:23:07,999 - INFO - MainThread - server_logic - [DEBUG] found replica for vector: 3
2025-11-18 17:23:07,999 - INFO - MainThread - server_logic - [DEBUG] to me replica for vector: 3
2025-11-18 17:23:07,999 - INFO - MainThread - server_logic - [DEBUG] found replica for vector: 1
2025-11-18 17:23:07,999 - INFO - MainThread - server_logic - [DEBUG] found replica for vector: 2
2025-11-18 17:23:07,999 - INFO - MainThread - server_logic - [DEBUG] found replica for vector: 3
2025-11-18 17:23:07,999 - INFO - MainThread - server_logic - [DEBUG] found replica for vector: 4
2025-11-18 17:23:07,999 - INFO - MainThread - server_logic - [DEBUG] found replica for vector: 1
2025-11-18 17:23:07,999 - INFO - MainThread - server_logic - [DEBUG] found replica for vector: 2
2025-11-18 17:23:07,999 - INFO - MainThread - server_logic - [DEBUG] found replica for vector: 3
2025-11-18 17:23:07,999 - INFO - MainThread - server_logic - [DEBUG] found replica for vector: 4
2025-11-18 17:23:08,000 - INFO - MainThread - server_logic - [DEBUG] found replica for vector: 1
2025-11-18 17:23:08,000 - INFO - MainThread - server_logic - [DEBUG] found replica for vector: 2
2025-11-18 17:23:08,000 - INFO - MainThread - server_logic - [DEBUG] found replica for vector: 3
2025-11-18 17:23:08,000 - INFO - MainThread - server_logic - [DEBUG] to me replica for vector: 3
2025-11-18 17:23:08,000 - INFO - MainThread - server_logic - [DEBUG] found replica for vector: 1
2025-11-18 17:23:08,000 - INFO - MainThread - server_logic - [DEBUG] found replica for vector: 2
2025-11-18 17:23:08,000 - INFO - MainThread - server_logic - [DEBUG] found replica for vector: 3
2025-11-18 17:23:08,000 - INFO - MainThread - server_logic - [DEBUG] found replica for vector: 4
2025-11-18 17:23:08,000 - INFO - MainThread - server_logic - [DEBUG] found replica for vector: 1
2025-11-18 17:23:08,000 - INFO - MainThread - server_logic - [DEBUG] found replica for vector: 2
2025-11-18 17:23:08,000 - INFO - MainThread - server_logic - [DEBUG] found replica for vector: 3
2025-11-18 17:23:08,000 - INFO - MainThread - server_logic - [DEBUG] to me replica for vector: 3
2025-11-18 17:23:08,000 - INFO - MainThread - server_logic - [DEBUG] found replica for vector: 1
2025-11-18 17:23:08,000 - INFO - MainThread - server_logic - [DEBUG] found replica for vector: 2
2025-11-18 17:23:08,000 - INFO - MainThread - server_logic - [DEBUG] found replica for vector: 3
2025-11-18 17:23:08,000 - INFO - MainThread - server_logic - [DEBUG] to me replica for vector: 3
2025-11-18 17:23:08,000 - INFO - MainThread - server_logic - [DEBUG] found replica for vector: 1
2025-11-18 17:23:08,000 - INFO - MainThread - server_logic - [DEBUG] found replica for vector: 2
2025-11-18 17:23:08,000 - INFO - MainThread - server_logic - [DEBUG] found replica for vector: 3
2025-11-18 17:23:08,000 - INFO - MainThread - server_logic - [DEBUG] found replica for vector: 4
2025-11-18 17:23:08,000 - INFO - MainThread - server_logic - [DEBUG] found replica for vector: 1
2025-11-18 17:23:08,000 - INFO - MainThread - server_logic - [DEBUG] found replica for vector: 2
2025-11-18 17:23:08,000 - INFO - MainThread - server_logic - [DEBUG] found replica for vector: 3
2025-11-18 17:23:08,000 - INFO - MainThread - server_logic - [DEBUG] found replica for vector: 4
2025-11-18 17:23:08,000 - INFO - MainThread - server_logic - [DEBUG] found replica for vector: 1
2025-11-18 17:23:08,000 - INFO - MainThread - server_logic - [DEBUG] found replica for vector: 2
2025-11-18 17:23:08,000 - INFO - MainThread - server_logic - [DEBUG] found replica for vector: 3
2025-11-18 17:23:08,000 - INFO - MainThread - server_logic - [DEBUG] to me replica for vector: 3
2025-11-18 17:23:08,000 - INFO - MainThread - server_logic - [DEBUG] found replica for vector: 1
2025-11-18 17:23:08,000 - INFO - MainThread - server_logic - [DEBUG] found replica for vector: 2
2025-11-18 17:23:08,000 - INFO - MainThread - server_logic - [DEBUG] found replica for vector: 3
2025-11-18 17:23:08,000 - INFO - MainThread - server_logic - [DEBUG] found replica for vector: 4
2025-11-18 17:23:08,000 - INFO - MainThread - server_logic - [DEBUG] found replica for vector: 1
2025-11-18 17:23:08,000 - INFO - MainThread - server_logic - [DEBUG] found replica for vector: 2
2025-11-18 17:23:08,000 - INFO - MainThread - server_logic - [DEBUG] found replica for vector: 3
2025-11-18 17:23:08,000 - INFO - MainThread - server_logic - [DEBUG] found replica for vector: 4
2025-11-18 17:23:08,000 - INFO - MainThread - server_logic - [DEBUG] found replica for vector: 1
2025-11-18 17:23:08,000 - INFO - MainThread - server_logic - [DEBUG] found replica for vector: 2
2025-11-18 17:23:08,000 - INFO - MainThread - server_logic - [DEBUG] found replica for vector: 3
2025-11-18 17:23:08,000 - INFO - MainThread - server_logic - [DEBUG] found replica for vector: 4
2025-11-18 17:23:08,000 - INFO - MainThread - server_logic - [DEBUG] found replica for vector: 1
2025-11-18 17:23:08,000 - INFO - MainThread - server_logic - [DEBUG] found replica for vector: 2
2025-11-18 17:23:08,000 - INFO - MainThread - server_logic - [DEBUG] found replica for vector: 3
2025-11-18 17:23:08,000 - INFO - MainThread - server_logic - [DEBUG] to me replica for vector: 3
2025-11-18 17:23:08,000 - INFO - MainThread - server_logic - [DEBUG] found replica for vector: 1
2025-11-18 17:23:08,000 - INFO - MainThread - server_logic - [DEBUG] found replica for vector: 2
2025-11-18 17:23:08,000 - INFO - MainThread - server_logic - [DEBUG] found replica for vector: 3
2025-11-18 17:23:08,000 - INFO - MainThread - server_logic - [DEBUG] found replica for vector: 4
2025-11-18 17:23:08,000 - INFO - MainThread - server_logic - [DEBUG] found replica for vector: 1
2025-11-18 17:23:08,000 - INFO - MainThread - server_logic - [DEBUG] found replica for vector: 2
2025-11-18 17:23:08,000 - INFO - MainThread - server_logic - [DEBUG] found replica for vector: 3
2025-11-18 17:23:08,000 - INFO - MainThread - server_logic - [DEBUG] to me replica for vector: 3
2025-11-18 17:23:08,000 - INFO - MainThread - server_logic - [DEBUG] found replica for vector: 1
2025-11-18 17:23:08,000 - INFO - MainThread - server_logic - [DEBUG] found replica for vector: 2
2025-11-18 17:23:08,000 - INFO - MainThread - server_logic - [DEBUG] found replica for vector: 3
2025-11-18 17:23:08,000 - INFO - MainThread - server_logic - [DEBUG] found replica for vector: 4
2025-11-18 17:23:08,000 - INFO - MainThread - server_logic - [DEBUG] found replica for vector: 1
2025-11-18 17:23:08,000 - INFO - MainThread - server_logic - [DEBUG] found replica for vector: 2
2025-11-18 17:23:08,000 - INFO - MainThread - server_logic - [DEBUG] found replica for vector: 3
2025-11-18 17:23:08,001 - INFO - MainThread - server_logic - [DEBUG] to me replica for vector: 3
2025-11-18 17:23:08,001 - INFO - MainThread - server_logic - [DEBUG] found replica for vector: 1
2025-11-18 17:23:08,001 - INFO - MainThread - server_logic - [DEBUG] found replica for vector: 2
2025-11-18 17:23:08,001 - INFO - MainThread - server_logic - [DEBUG] found replica for vector: 3
2025-11-18 17:23:08,001 - INFO - MainThread - server_logic - [DEBUG] found replica for vector: 4
2025-11-18 17:23:08,001 - INFO - MainThread - server_logic - [DEBUG] found replica for vector: 1
2025-11-18 17:23:08,001 - INFO - MainThread - server_logic - [DEBUG] found replica for vector: 2
2025-11-18 17:23:08,001 - INFO - MainThread - server_logic - [DEBUG] found replica for vector: 3
2025-11-18 17:23:08,001 - INFO - MainThread - server_logic - [DEBUG] to me replica for vector: 3
2025-11-18 17:23:08,001 - INFO - MainThread - server_logic - [DEBUG] found replica for vector: 1
2025-11-18 17:23:08,001 - INFO - MainThread - server_logic - [DEBUG] found replica for vector: 2
2025-11-18 17:23:08,001 - INFO - MainThread - server_logic - [DEBUG] found replica for vector: 3
2025-11-18 17:23:08,001 - INFO - MainThread - server_logic - [DEBUG] found replica for vector: 4
2025-11-18 17:23:08,001 - INFO - MainThread - server_logic - [DEBUG] found replica for vector: 1
2025-11-18 17:23:08,001 - INFO - MainThread - server_logic - [DEBUG] found replica for vector: 2
2025-11-18 17:23:08,001 - INFO - MainThread - server_logic - [DEBUG] found replica for vector: 3
2025-11-18 17:23:08,001 - INFO - MainThread - server_logic - [DEBUG] to me replica for vector: 3
2025-11-18 17:23:08,001 - INFO - MainThread - server_logic - [DEBUG] found replica for vector: 1
2025-11-18 17:23:08,001 - INFO - MainThread - server_logic - [DEBUG] found replica for vector: 2
2025-11-18 17:23:08,001 - INFO - MainThread - server_logic - [DEBUG] found replica for vector: 3
2025-11-18 17:23:08,001 - INFO - MainThread - server_logic - [DEBUG] found replica for vector: 4
2025-11-18 17:23:08,001 - INFO - MainThread - server_logic - [DEBUG] found replica for vector: 1
2025-11-18 17:23:08,001 - INFO - MainThread - server_logic - [DEBUG] found replica for vector: 2
2025-11-18 17:23:08,001 - INFO - MainThread - server_logic - [DEBUG] found replica for vector: 3
2025-11-18 17:23:08,001 - INFO - MainThread - server_logic - [DEBUG] found replica for vector: 4
2025-11-18 17:23:08,001 - INFO - MainThread - server_logic - [DEBUG] found replica for vector: 1
2025-11-18 17:23:08,001 - INFO - MainThread - server_logic - [DEBUG] found replica for vector: 2
2025-11-18 17:23:08,001 - INFO - MainThread - server_logic - [DEBUG] found replica for vector: 3
2025-11-18 17:23:08,001 - INFO - MainThread - server_logic - [DEBUG] to me replica for vector: 3
2025-11-18 17:23:08,001 - INFO - MainThread - server_logic - [DEBUG] found replica for vector: 1
2025-11-18 17:23:08,001 - INFO - MainThread - server_logic - [DEBUG] found replica for vector: 2
2025-11-18 17:23:08,001 - INFO - MainThread - server_logic - [DEBUG] found replica for vector: 3
2025-11-18 17:23:08,001 - INFO - MainThread - server_logic - [DEBUG] to me replica for vector: 3
2025-11-18 17:23:08,001 - INFO - MainThread - server_logic - [DEBUG] found replica for vector: 1
2025-11-18 17:23:08,001 - INFO - MainThread - server_logic - [DEBUG] found replica for vector: 2
2025-11-18 17:23:08,001 - INFO - MainThread - server_logic - [DEBUG] found replica for vector: 3
2025-11-18 17:23:08,001 - INFO - MainThread - server_logic - [DEBUG] found replica for vector: 4
2025-11-18 17:23:08,001 - INFO - MainThread - server_logic - [DEBUG] found replica for vector: 1
2025-11-18 17:23:08,001 - INFO - MainThread - server_logic - [DEBUG] found replica for vector: 2
2025-11-18 17:23:08,001 - INFO - MainThread - server_logic - [DEBUG] found replica for vector: 3
2025-11-18 17:23:08,001 - INFO - MainThread - server_logic - [DEBUG] found replica for vector: 4
2025-11-18 17:23:08,001 - INFO - MainThread - server_logic - [DEBUG] found replica for vector: 1
2025-11-18 17:23:08,001 - INFO - MainThread - server_logic - [DEBUG] found replica for vector: 2
2025-11-18 17:23:08,001 - INFO - MainThread - server_logic - [DEBUG] found replica for vector: 3
2025-11-18 17:23:08,001 - INFO - MainThread - server_logic - [DEBUG] found replica for vector: 4
2025-11-18 17:23:08,001 - INFO - MainThread - server_logic - [DEBUG] found replica for vector: 1
2025-11-18 17:23:08,001 - INFO - MainThread - server_logic - [DEBUG] found replica for vector: 2
2025-11-18 17:23:08,001 - INFO - MainThread - server_logic - [DEBUG] found replica for vector: 3
2025-11-18 17:23:08,001 - INFO - MainThread - server_logic - [DEBUG] found replica for vector: 4
2025-11-18 17:23:08,001 - INFO - MainThread - server_logic - [DEBUG] found replica for vector: 1
2025-11-18 17:23:08,001 - INFO - MainThread - server_logic - [DEBUG] found replica for vector: 2
2025-11-18 17:23:08,001 - INFO - MainThread - server_logic - [DEBUG] found replica for vector: 3
2025-11-18 17:23:08,001 - INFO - MainThread - server_logic - [DEBUG] found replica for vector: 4
2025-11-18 17:23:08,001 - INFO - MainThread - server_logic - [DEBUG] found replica for vector: 1
2025-11-18 17:23:08,001 - INFO - MainThread - server_logic - [DEBUG] found replica for vector: 2
2025-11-18 17:23:08,001 - INFO - MainThread - server_logic - [DEBUG] found replica for vector: 3
2025-11-18 17:23:08,001 - INFO - MainThread - server_logic - [DEBUG] found replica for vector: 4
2025-11-18 17:23:08,001 - INFO - MainThread - server_logic - [DEBUG] found replica for vector: 1
2025-11-18 17:23:08,001 - INFO - MainThread - server_logic - [DEBUG] found replica for vector: 2
2025-11-18 17:23:08,002 - INFO - MainThread - server_logic - [DEBUG] found replica for vector: 3
2025-11-18 17:23:08,002 - INFO - MainThread - server_logic - [DEBUG] to me replica for vector: 3
2025-11-18 17:23:08,002 - INFO - MainThread - server_logic - [DEBUG] found replica for vector: 1
2025-11-18 17:23:08,002 - INFO - MainThread - server_logic - [DEBUG] found replica for vector: 2
2025-11-18 17:23:08,002 - INFO - MainThread - server_logic - [DEBUG] found replica for vector: 3
2025-11-18 17:23:08,002 - INFO - MainThread - server_logic - [DEBUG] found replica for vector: 4
2025-11-18 17:23:08,002 - INFO - MainThread - server_logic - [DEBUG] found replica for vector: 1
2025-11-18 17:23:08,002 - INFO - MainThread - server_logic - [DEBUG] found replica for vector: 2
2025-11-18 17:23:08,002 - INFO - MainThread - server_logic - [DEBUG] found replica for vector: 3
2025-11-18 17:23:08,002 - INFO - MainThread - server_logic - [DEBUG] to me replica for vector: 3
2025-11-18 17:23:08,002 - INFO - MainThread - server_logic - [DEBUG] found replica for vector: 1
2025-11-18 17:23:08,002 - INFO - MainThread - server_logic - [DEBUG] found replica for vector: 2
2025-11-18 17:23:08,002 - INFO - MainThread - server_logic - [DEBUG] found replica for vector: 3
2025-11-18 17:23:08,002 - INFO - MainThread - server_logic - [DEBUG] to me replica for vector: 3
2025-11-18 17:23:08,002 - INFO - MainThread - server_logic - [DEBUG] found replica for vector: 1
2025-11-18 17:23:08,002 - INFO - MainThread - server_logic - [DEBUG] found replica for vector: 2
2025-11-18 17:23:08,002 - INFO - MainThread - server_logic - [DEBUG] found replica for vector: 3
2025-11-18 17:23:08,002 - INFO - MainThread - server_logic - [DEBUG] found replica for vector: 4
2025-11-18 17:23:08,002 - INFO - MainThread - server_logic - [DEBUG] found replica for vector: 1
2025-11-18 17:23:08,002 - INFO - MainThread - server_logic - [DEBUG] found replica for vector: 2
2025-11-18 17:23:08,002 - INFO - MainThread - server_logic - [DEBUG] found replica for vector: 3
2025-11-18 17:23:08,002 - INFO - MainThread - server_logic - [DEBUG] found replica for vector: 4
2025-11-18 17:23:08,002 - INFO - MainThread - server_logic - [DEBUG] found replica for vector: 1
2025-11-18 17:23:08,002 - INFO - MainThread - server_logic - [DEBUG] found replica for vector: 2
2025-11-18 17:23:08,002 - INFO - MainThread - server_logic - [DEBUG] found replica for vector: 3
2025-11-18 17:23:08,002 - INFO - MainThread - server_logic - [DEBUG] found replica for vector: 4
2025-11-18 17:23:08,002 - INFO - MainThread - server_logic - [DEBUG] found replica for vector: 1
2025-11-18 17:23:08,002 - INFO - MainThread - server_logic - [DEBUG] found replica for vector: 2
2025-11-18 17:23:08,002 - INFO - MainThread - server_logic - [DEBUG] found replica for vector: 3
2025-11-18 17:23:08,002 - INFO - MainThread - server_logic - [DEBUG] found replica for vector: 4
2025-11-18 17:23:08,002 - INFO - MainThread - server_logic - [DEBUG] found replica for vector: 1
2025-11-18 17:23:08,002 - INFO - MainThread - server_logic - [DEBUG] found replica for vector: 2
2025-11-18 17:23:08,002 - INFO - MainThread - server_logic - [DEBUG] found replica for vector: 3
2025-11-18 17:23:08,002 - INFO - MainThread - server_logic - [DEBUG] found replica for vector: 4
2025-11-18 17:23:08,002 - INFO - MainThread - server_logic - [DEBUG] found replica for vector: 1
2025-11-18 17:23:08,002 - INFO - MainThread - server_logic - [DEBUG] found replica for vector: 2
2025-11-18 17:23:08,002 - INFO - MainThread - server_logic - [DEBUG] found replica for vector: 3
2025-11-18 17:23:08,002 - INFO - MainThread - server_logic - [DEBUG] to me replica for vector: 3
2025-11-18 17:23:08,002 - INFO - MainThread - server_logic - [DEBUG] found replica for vector: 1
2025-11-18 17:23:08,002 - INFO - MainThread - server_logic - [DEBUG] found replica for vector: 2
2025-11-18 17:23:08,002 - INFO - MainThread - server_logic - [DEBUG] found replica for vector: 3
2025-11-18 17:23:08,002 - INFO - MainThread - server_logic - [DEBUG] found replica for vector: 4
2025-11-18 17:23:08,002 - INFO - MainThread - server_logic - [DEBUG] found replica for vector: 1
2025-11-18 17:23:08,002 - INFO - MainThread - server_logic - [DEBUG] found replica for vector: 2
2025-11-18 17:23:08,002 - INFO - MainThread - server_logic - [DEBUG] found replica for vector: 3
2025-11-18 17:23:08,002 - INFO - MainThread - server_logic - [DEBUG] found replica for vector: 4
2025-11-18 17:23:08,002 - INFO - MainThread - server_logic - [DEBUG] found replica for vector: 1
2025-11-18 17:23:08,002 - INFO - MainThread - server_logic - [DEBUG] found replica for vector: 2
2025-11-18 17:23:08,002 - INFO - MainThread - server_logic - [DEBUG] found replica for vector: 3
2025-11-18 17:23:08,002 - INFO - MainThread - server_logic - [DEBUG] to me replica for vector: 3
2025-11-18 17:23:08,002 - INFO - MainThread - server_logic - [DEBUG] found replica for vector: 1
2025-11-18 17:23:08,002 - INFO - MainThread - server_logic - [DEBUG] found replica for vector: 2
2025-11-18 17:23:08,002 - INFO - MainThread - server_logic - [DEBUG] found replica for vector: 3
2025-11-18 17:23:08,002 - INFO - MainThread - server_logic - [DEBUG] to me replica for vector: 3
2025-11-18 17:23:08,002 - INFO - MainThread - server_logic - [DEBUG] found replica for vector: 1
2025-11-18 17:23:08,002 - INFO - MainThread - server_logic - [DEBUG] found replica for vector: 2
2025-11-18 17:23:08,002 - INFO - MainThread - server_logic - [DEBUG] found replica for vector: 3
2025-11-18 17:23:08,002 - INFO - MainThread - server_logic - [DEBUG] to me replica for vector: 3
2025-11-18 17:23:08,003 - INFO - MainThread - server_logic - [DEBUG] found replica for vector: 1
2025-11-18 17:23:08,003 - INFO - MainThread - server_logic - [DEBUG] found replica for vector: 2
2025-11-18 17:23:08,003 - INFO - MainThread - server_logic - [DEBUG] found replica for vector: 3
2025-11-18 17:23:08,003 - INFO - MainThread - server_logic - [DEBUG] to me replica for vector: 3
2025-11-18 17:23:08,003 - INFO - MainThread - server_logic - [DEBUG] found replica for vector: 1
2025-11-18 17:23:08,003 - INFO - MainThread - server_logic - [DEBUG] found replica for vector: 2
2025-11-18 17:23:08,003 - INFO - MainThread - server_logic - [DEBUG] found replica for vector: 3
2025-11-18 17:23:08,003 - INFO - MainThread - server_logic - [DEBUG] to me replica for vector: 3
2025-11-18 17:23:08,003 - INFO - MainThread - server_logic - [DEBUG] found replica for vector: 1
2025-11-18 17:23:08,003 - INFO - MainThread - server_logic - [DEBUG] found replica for vector: 2
2025-11-18 17:23:08,003 - INFO - MainThread - server_logic - [DEBUG] found replica for vector: 3
2025-11-18 17:23:08,003 - INFO - MainThread - server_logic - [DEBUG] found replica for vector: 4
2025-11-18 17:23:08,003 - INFO - MainThread - server_logic - [DEBUG] found replica for vector: 1
2025-11-18 17:23:08,003 - INFO - MainThread - server_logic - [DEBUG] found replica for vector: 2
2025-11-18 17:23:08,003 - INFO - MainThread - server_logic - [DEBUG] found replica for vector: 3
2025-11-18 17:23:08,003 - INFO - MainThread - server_logic - [DEBUG] found replica for vector: 4
2025-11-18 17:23:08,003 - INFO - MainThread - server_logic - [DEBUG] found replica for vector: 1
2025-11-18 17:23:08,003 - INFO - MainThread - server_logic - [DEBUG] found replica for vector: 2
2025-11-18 17:23:08,003 - INFO - MainThread - server_logic - [DEBUG] found replica for vector: 3
2025-11-18 17:23:08,003 - INFO - MainThread - server_logic - [DEBUG] to me replica for vector: 3
2025-11-18 17:23:08,003 - INFO - MainThread - server_logic - [DEBUG] found replica for vector: 1
2025-11-18 17:23:08,003 - INFO - MainThread - server_logic - [DEBUG] found replica for vector: 2
2025-11-18 17:23:08,003 - INFO - MainThread - server_logic - [DEBUG] found replica for vector: 3
2025-11-18 17:23:08,003 - INFO - MainThread - server_logic - [DEBUG] found replica for vector: 4
2025-11-18 17:23:08,003 - INFO - MainThread - server_logic - [DEBUG] found replica for vector: 1
2025-11-18 17:23:08,003 - INFO - MainThread - server_logic - [DEBUG] found replica for vector: 2
2025-11-18 17:23:08,003 - INFO - MainThread - server_logic - [DEBUG] found replica for vector: 3
2025-11-18 17:23:08,003 - INFO - MainThread - server_logic - [DEBUG] found replica for vector: 4
2025-11-18 17:23:08,003 - INFO - MainThread - server_logic - [DEBUG] found replica for vector: 1
2025-11-18 17:23:08,003 - INFO - MainThread - server_logic - [DEBUG] found replica for vector: 2
2025-11-18 17:23:08,003 - INFO - MainThread - server_logic - [DEBUG] found replica for vector: 3
2025-11-18 17:23:08,003 - INFO - MainThread - server_logic - [DEBUG] to me replica for vector: 3
2025-11-18 17:23:08,003 - INFO - MainThread - server_logic - [DEBUG] found replica for vector: 1
2025-11-18 17:23:08,003 - INFO - MainThread - server_logic - [DEBUG] found replica for vector: 2
2025-11-18 17:23:08,003 - INFO - MainThread - server_logic - [DEBUG] found replica for vector: 3
2025-11-18 17:23:08,003 - INFO - MainThread - server_logic - [DEBUG] found replica for vector: 4
2025-11-18 17:23:08,003 - INFO - MainThread - server_logic - [DEBUG] found replica for vector: 1
2025-11-18 17:23:08,003 - INFO - MainThread - server_logic - [DEBUG] found replica for vector: 2
2025-11-18 17:23:08,003 - INFO - MainThread - server_logic - [DEBUG] found replica for vector: 3
2025-11-18 17:23:08,003 - INFO - MainThread - server_logic - [DEBUG] found replica for vector: 4
2025-11-18 17:23:08,003 - INFO - MainThread - server_logic - [DEBUG] found replica for vector: 1
2025-11-18 17:23:08,003 - INFO - MainThread - server_logic - [DEBUG] found replica for vector: 2
2025-11-18 17:23:08,003 - INFO - MainThread - server_logic - [DEBUG] found replica for vector: 3
2025-11-18 17:23:08,003 - INFO - MainThread - server_logic - [DEBUG] to me replica for vector: 3
2025-11-18 17:23:08,003 - INFO - MainThread - server_logic - [DEBUG] found replica for vector: 1
2025-11-18 17:23:08,003 - INFO - MainThread - server_logic - [DEBUG] found replica for vector: 2
2025-11-18 17:23:08,003 - INFO - MainThread - server_logic - [DEBUG] found replica for vector: 3
2025-11-18 17:23:08,003 - INFO - MainThread - server_logic - [DEBUG] found replica for vector: 4
2025-11-18 17:23:08,003 - INFO - MainThread - server_logic - [DEBUG] found replica for vector: 1
2025-11-18 17:23:08,003 - INFO - MainThread - server_logic - [DEBUG] found replica for vector: 2
2025-11-18 17:23:08,003 - INFO - MainThread - server_logic - [DEBUG] found replica for vector: 3
2025-11-18 17:23:08,003 - INFO - MainThread - server_logic - [DEBUG] found replica for vector: 4
2025-11-18 17:23:08,003 - INFO - MainThread - server_logic - [DEBUG] found replica for vector: 1
2025-11-18 17:23:08,003 - INFO - MainThread - server_logic - [DEBUG] found replica for vector: 2
2025-11-18 17:23:08,003 - INFO - MainThread - server_logic - [DEBUG] found replica for vector: 3
2025-11-18 17:23:08,003 - INFO - MainThread - server_logic - [DEBUG] found replica for vector: 4
2025-11-18 17:23:08,003 - INFO - MainThread - server_logic - [Router] Distribution: Peer node1: 72, Peer node2: 52, Peer node3: 52, Peer node4: 52, Peer node5: 52, Peer node6: 45, Peer node7: 45, Peer node8: 45, Peer node9: 45, Peer node10: 87, Peer node11: 87, Peer node13: 87, Peer node14: 72, Peer node15: 72, Peer node16: 72, Me (node12): 87
2025-11-18 17:23:08,003 - INFO - MainThread - server_logic - --> [Peer Send] Sending 72 vectors to Peer node1 (localhost:9001) | Status: clustered
2025-11-18 17:23:08,071 - INFO - MainThread - server_logic - --> [Peer Send] Success: Sent vectors to node1
2025-11-18 17:23:08,072 - INFO - MainThread - server_logic - --> [Peer Send] Sending 52 vectors to Peer node2 (localhost:9002) | Status: clustered
2025-11-18 17:23:08,138 - INFO - MainThread - server_logic - --> [Peer Send] Success: Sent vectors to node2
2025-11-18 17:23:08,138 - INFO - MainThread - server_logic - --> [Peer Send] Sending 52 vectors to Peer node3 (localhost:9003) | Status: clustered
2025-11-18 17:23:08,205 - INFO - MainThread - server_logic - --> [Peer Send] Success: Sent vectors to node3
2025-11-18 17:23:08,205 - INFO - MainThread - server_logic - --> [Peer Send] Sending 52 vectors to Peer node4 (localhost:9004) | Status: clustered
2025-11-18 17:23:08,272 - INFO - MainThread - server_logic - --> [Peer Send] Success: Sent vectors to node4
2025-11-18 17:23:08,272 - INFO - MainThread - server_logic - --> [Peer Send] Sending 52 vectors to Peer node5 (localhost:9005) | Status: clustered
2025-11-18 17:23:08,339 - INFO - MainThread - server_logic - --> [Peer Send] Success: Sent vectors to node5
2025-11-18 17:23:08,339 - INFO - MainThread - server_logic - --> [Peer Send] Sending 45 vectors to Peer node6 (localhost:9006) | Status: clustered
2025-11-18 17:23:08,405 - INFO - MainThread - server_logic - --> [Peer Send] Success: Sent vectors to node6
2025-11-18 17:23:08,405 - INFO - MainThread - server_logic - --> [Peer Send] Sending 45 vectors to Peer node7 (localhost:9007) | Status: clustered
2025-11-18 17:23:08,480 - INFO - MainThread - server_logic - --> [Peer Send] Success: Sent vectors to node7
2025-11-18 17:23:08,480 - INFO - MainThread - server_logic - --> [Peer Send] Sending 45 vectors to Peer node8 (localhost:9008) | Status: clustered
2025-11-18 17:23:08,543 - INFO - MainThread - server_logic - --> [Peer Send] Success: Sent vectors to node8
2025-11-18 17:23:08,543 - INFO - MainThread - server_logic - --> [Peer Send] Sending 45 vectors to Peer node9 (localhost:9009) | Status: clustered
2025-11-18 17:23:08,606 - INFO - MainThread - server_logic - --> [Peer Send] Success: Sent vectors to node9
2025-11-18 17:23:08,606 - INFO - MainThread - server_logic - --> [Peer Send] Sending 87 vectors to Peer node10 (localhost:9010) | Status: clustered
2025-11-18 17:23:08,679 - INFO - MainThread - server_logic - --> [Peer Send] Success: Sent vectors to node10
2025-11-18 17:23:08,679 - INFO - MainThread - server_logic - --> [Peer Send] Sending 87 vectors to Peer node11 (localhost:9011) | Status: clustered
2025-11-18 17:23:08,752 - INFO - MainThread - server_logic - --> [Peer Send] Success: Sent vectors to node11
2025-11-18 17:23:08,752 - INFO - MainThread - server_logic - --> [Peer Send] Sending 87 vectors to Peer node13 (localhost:9013) | Status: clustered
2025-11-18 17:23:08,826 - INFO - MainThread - server_logic - --> [Peer Send] Success: Sent vectors to node13
2025-11-18 17:23:08,826 - INFO - MainThread - server_logic - --> [Peer Send] Sending 72 vectors to Peer node14 (localhost:9014) | Status: clustered
2025-11-18 17:23:08,903 - INFO - MainThread - server_logic - --> [Peer Send] Success: Sent vectors to node14
2025-11-18 17:23:08,903 - INFO - MainThread - server_logic - --> [Peer Send] Sending 72 vectors to Peer node15 (localhost:9015) | Status: clustered
2025-11-18 17:23:08,976 - INFO - MainThread - server_logic - --> [Peer Send] Success: Sent vectors to node15
2025-11-18 17:23:08,976 - INFO - MainThread - server_logic - --> [Peer Send] Sending 72 vectors to Peer node16 (localhost:9016) | Status: clustered
2025-11-18 17:23:09,050 - INFO - MainThread - server_logic - --> [Peer Send] Success: Sent vectors to node16
2025-11-18 17:23:09,051 - INFO - MainThread - server_logic - [Add Vectors] Processing 87 vectors. Sender Status: clustered. Current Node Status: clustered
2025-11-18 17:23:09,051 - INFO - MainThread - server_logic - [Add Vectors] Direct Insert: Storing 87 vectors in local Qdrant (Sender is clustered).
2025-11-18 17:23:09,105 - INFO - MainThread - httpx - HTTP Request: GET http://localhost:6355 "HTTP/1.1 200 OK"
2025-11-18 17:23:09,105 - INFO - MainThread - qdrant_module - [Qdrant] Attempting to insert 87 vectors into vectors on http://localhost:6355...
2025-11-18 17:23:09,117 - INFO - MainThread - qdrant_module - [Qdrant] Success: Inserted 87 vectors.
2025-11-18 17:23:09,118 - INFO - MainThread - __main__ - API: /add completed
2025-11-18 17:23:09,119 - INFO - MainThread - uvicorn.access - 127.0.0.1:51135 - "POST /add HTTP/1.1" 200
2025-11-18 17:23:09,971 - INFO - ThreadPoolExecutor-0_0 - grpc_handler - [GRPC IN] ReceiveVectors called. ReqID: 77, Type: clustered, Count: 91
2025-11-18 17:23:09,972 - INFO - ThreadPoolExecutor-0_0 - server_logic - [Add Vectors] Processing 91 vectors. Sender Status: clustered. Current Node Status: clustered
2025-11-18 17:23:09,972 - INFO - ThreadPoolExecutor-0_0 - server_logic - [Add Vectors] Direct Insert: Storing 91 vectors in local Qdrant (Sender is clustered).
2025-11-18 17:23:10,025 - INFO - ThreadPoolExecutor-0_0 - httpx - HTTP Request: GET http://localhost:6355 "HTTP/1.1 200 OK"
2025-11-18 17:23:10,025 - INFO - ThreadPoolExecutor-0_0 - qdrant_module - [Qdrant] Attempting to insert 91 vectors into vectors on http://localhost:6355...
2025-11-18 17:23:10,040 - INFO - ThreadPoolExecutor-0_0 - qdrant_module - [Qdrant] Success: Inserted 91 vectors.
2025-11-18 17:23:10,042 - INFO - ThreadPoolExecutor-0_0 - grpc_handler - [GRPC IN] ReceiveVectors processed successfully.
2025-11-18 17:23:11,172 - INFO - ThreadPoolExecutor-0_0 - grpc_handler - [GRPC IN] ReceiveVectors called. ReqID: 78, Type: clustered, Count: 77
2025-11-18 17:23:11,173 - INFO - ThreadPoolExecutor-0_0 - server_logic - [Add Vectors] Processing 77 vectors. Sender Status: clustered. Current Node Status: clustered
2025-11-18 17:23:11,173 - INFO - ThreadPoolExecutor-0_0 - server_logic - [Add Vectors] Direct Insert: Storing 77 vectors in local Qdrant (Sender is clustered).
2025-11-18 17:23:11,225 - INFO - ThreadPoolExecutor-0_0 - httpx - HTTP Request: GET http://localhost:6355 "HTTP/1.1 200 OK"
2025-11-18 17:23:11,226 - INFO - ThreadPoolExecutor-0_0 - qdrant_module - [Qdrant] Attempting to insert 77 vectors into vectors on http://localhost:6355...
2025-11-18 17:23:11,238 - INFO - ThreadPoolExecutor-0_0 - qdrant_module - [Qdrant] Success: Inserted 77 vectors.
2025-11-18 17:23:11,239 - INFO - ThreadPoolExecutor-0_0 - grpc_handler - [GRPC IN] ReceiveVectors processed successfully.
2025-11-18 17:23:12,393 - INFO - ThreadPoolExecutor-0_0 - grpc_handler - [GRPC IN] ReceiveVectors called. ReqID: 79, Type: clustered, Count: 77
2025-11-18 17:23:12,394 - INFO - ThreadPoolExecutor-0_0 - server_logic - [Add Vectors] Processing 77 vectors. Sender Status: clustered. Current Node Status: clustered
2025-11-18 17:23:12,394 - INFO - ThreadPoolExecutor-0_0 - server_logic - [Add Vectors] Direct Insert: Storing 77 vectors in local Qdrant (Sender is clustered).
2025-11-18 17:23:12,446 - INFO - ThreadPoolExecutor-0_0 - httpx - HTTP Request: GET http://localhost:6355 "HTTP/1.1 200 OK"
2025-11-18 17:23:12,446 - INFO - ThreadPoolExecutor-0_0 - qdrant_module - [Qdrant] Attempting to insert 77 vectors into vectors on http://localhost:6355...
2025-11-18 17:23:12,460 - INFO - ThreadPoolExecutor-0_0 - qdrant_module - [Qdrant] Success: Inserted 77 vectors.
2025-11-18 17:23:12,461 - INFO - ThreadPoolExecutor-0_0 - grpc_handler - [GRPC IN] ReceiveVectors processed successfully.
2025-11-18 17:23:13,620 - INFO - ThreadPoolExecutor-0_0 - grpc_handler - [GRPC IN] ReceiveVectors called. ReqID: 80, Type: clustered, Count: 68
2025-11-18 17:23:13,621 - INFO - ThreadPoolExecutor-0_0 - server_logic - [Add Vectors] Processing 68 vectors. Sender Status: clustered. Current Node Status: clustered
2025-11-18 17:23:13,621 - INFO - ThreadPoolExecutor-0_0 - server_logic - [Add Vectors] Direct Insert: Storing 68 vectors in local Qdrant (Sender is clustered).
2025-11-18 17:23:13,672 - INFO - ThreadPoolExecutor-0_0 - httpx - HTTP Request: GET http://localhost:6355 "HTTP/1.1 200 OK"
2025-11-18 17:23:13,672 - INFO - ThreadPoolExecutor-0_0 - qdrant_module - [Qdrant] Attempting to insert 68 vectors into vectors on http://localhost:6355...
2025-11-18 17:23:13,684 - INFO - ThreadPoolExecutor-0_0 - qdrant_module - [Qdrant] Success: Inserted 68 vectors.
2025-11-18 17:23:13,685 - INFO - ThreadPoolExecutor-0_0 - grpc_handler - [GRPC IN] ReceiveVectors processed successfully.
2025-11-18 17:23:14,775 - INFO - ThreadPoolExecutor-0_0 - grpc_handler - [GRPC IN] ReceiveVectors called. ReqID: 81, Type: clustered, Count: 87
2025-11-18 17:23:14,776 - INFO - ThreadPoolExecutor-0_0 - server_logic - [Add Vectors] Processing 87 vectors. Sender Status: clustered. Current Node Status: clustered
2025-11-18 17:23:14,776 - INFO - ThreadPoolExecutor-0_0 - server_logic - [Add Vectors] Direct Insert: Storing 87 vectors in local Qdrant (Sender is clustered).
2025-11-18 17:23:14,828 - INFO - ThreadPoolExecutor-0_0 - httpx - HTTP Request: GET http://localhost:6355 "HTTP/1.1 200 OK"
2025-11-18 17:23:14,829 - INFO - ThreadPoolExecutor-0_0 - qdrant_module - [Qdrant] Attempting to insert 87 vectors into vectors on http://localhost:6355...
2025-11-18 17:23:14,847 - INFO - ThreadPoolExecutor-0_0 - qdrant_module - [Qdrant] Success: Inserted 87 vectors.
2025-11-18 17:23:14,849 - INFO - ThreadPoolExecutor-0_0 - grpc_handler - [GRPC IN] ReceiveVectors processed successfully.
2025-11-18 17:23:15,988 - INFO - ThreadPoolExecutor-0_0 - grpc_handler - [GRPC IN] ReceiveVectors called. ReqID: 82, Type: clustered, Count: 73
2025-11-18 17:23:15,989 - INFO - ThreadPoolExecutor-0_0 - server_logic - [Add Vectors] Processing 73 vectors. Sender Status: clustered. Current Node Status: clustered
2025-11-18 17:23:15,989 - INFO - ThreadPoolExecutor-0_0 - server_logic - [Add Vectors] Direct Insert: Storing 73 vectors in local Qdrant (Sender is clustered).
2025-11-18 17:23:16,041 - INFO - ThreadPoolExecutor-0_0 - httpx - HTTP Request: GET http://localhost:6355 "HTTP/1.1 200 OK"
2025-11-18 17:23:16,042 - INFO - ThreadPoolExecutor-0_0 - qdrant_module - [Qdrant] Attempting to insert 73 vectors into vectors on http://localhost:6355...
2025-11-18 17:23:16,055 - INFO - ThreadPoolExecutor-0_0 - qdrant_module - [Qdrant] Success: Inserted 73 vectors.
2025-11-18 17:23:16,056 - INFO - ThreadPoolExecutor-0_0 - grpc_handler - [GRPC IN] ReceiveVectors processed successfully.
2025-11-18 17:23:17,191 - INFO - ThreadPoolExecutor-0_0 - grpc_handler - [GRPC IN] ReceiveVectors called. ReqID: 83, Type: clustered, Count: 72
2025-11-18 17:23:17,192 - INFO - ThreadPoolExecutor-0_0 - server_logic - [Add Vectors] Processing 72 vectors. Sender Status: clustered. Current Node Status: clustered
2025-11-18 17:23:17,192 - INFO - ThreadPoolExecutor-0_0 - server_logic - [Add Vectors] Direct Insert: Storing 72 vectors in local Qdrant (Sender is clustered).
2025-11-18 17:23:17,243 - INFO - ThreadPoolExecutor-0_0 - httpx - HTTP Request: GET http://localhost:6355 "HTTP/1.1 200 OK"
2025-11-18 17:23:17,244 - INFO - ThreadPoolExecutor-0_0 - qdrant_module - [Qdrant] Attempting to insert 72 vectors into vectors on http://localhost:6355...
2025-11-18 17:23:17,261 - INFO - ThreadPoolExecutor-0_0 - qdrant_module - [Qdrant] Success: Inserted 72 vectors.
2025-11-18 17:23:17,263 - INFO - ThreadPoolExecutor-0_0 - grpc_handler - [GRPC IN] ReceiveVectors processed successfully.
2025-11-18 17:23:18,430 - INFO - ThreadPoolExecutor-0_0 - grpc_handler - [GRPC IN] ReceiveVectors called. ReqID: 84, Type: clustered, Count: 72
2025-11-18 17:23:18,431 - INFO - ThreadPoolExecutor-0_0 - server_logic - [Add Vectors] Processing 72 vectors. Sender Status: clustered. Current Node Status: clustered
2025-11-18 17:23:18,431 - INFO - ThreadPoolExecutor-0_0 - server_logic - [Add Vectors] Direct Insert: Storing 72 vectors in local Qdrant (Sender is clustered).
2025-11-18 17:23:18,483 - INFO - ThreadPoolExecutor-0_0 - httpx - HTTP Request: GET http://localhost:6355 "HTTP/1.1 200 OK"
2025-11-18 17:23:18,484 - INFO - ThreadPoolExecutor-0_0 - qdrant_module - [Qdrant] Attempting to insert 72 vectors into vectors on http://localhost:6355...
2025-11-18 17:23:18,504 - INFO - ThreadPoolExecutor-0_0 - qdrant_module - [Qdrant] Success: Inserted 72 vectors.
2025-11-18 17:23:18,505 - INFO - ThreadPoolExecutor-0_0 - grpc_handler - [GRPC IN] ReceiveVectors processed successfully.
2025-11-18 17:23:19,634 - INFO - ThreadPoolExecutor-0_0 - grpc_handler - [GRPC IN] ReceiveVectors called. ReqID: 85, Type: clustered, Count: 82
2025-11-18 17:23:19,635 - INFO - ThreadPoolExecutor-0_0 - server_logic - [Add Vectors] Processing 82 vectors. Sender Status: clustered. Current Node Status: clustered
2025-11-18 17:23:19,635 - INFO - ThreadPoolExecutor-0_0 - server_logic - [Add Vectors] Direct Insert: Storing 82 vectors in local Qdrant (Sender is clustered).
2025-11-18 17:23:19,687 - INFO - ThreadPoolExecutor-0_0 - httpx - HTTP Request: GET http://localhost:6355 "HTTP/1.1 200 OK"
2025-11-18 17:23:19,688 - INFO - ThreadPoolExecutor-0_0 - qdrant_module - [Qdrant] Attempting to insert 82 vectors into vectors on http://localhost:6355...
2025-11-18 17:23:19,703 - INFO - ThreadPoolExecutor-0_0 - qdrant_module - [Qdrant] Success: Inserted 82 vectors.
2025-11-18 17:23:19,704 - INFO - ThreadPoolExecutor-0_0 - grpc_handler - [GRPC IN] ReceiveVectors processed successfully.
2025-11-18 17:23:20,849 - INFO - ThreadPoolExecutor-0_0 - grpc_handler - [GRPC IN] ReceiveVectors called. ReqID: 86, Type: clustered, Count: 65
2025-11-18 17:23:20,850 - INFO - ThreadPoolExecutor-0_0 - server_logic - [Add Vectors] Processing 65 vectors. Sender Status: clustered. Current Node Status: clustered
2025-11-18 17:23:20,850 - INFO - ThreadPoolExecutor-0_0 - server_logic - [Add Vectors] Direct Insert: Storing 65 vectors in local Qdrant (Sender is clustered).
2025-11-18 17:23:20,902 - INFO - ThreadPoolExecutor-0_0 - httpx - HTTP Request: GET http://localhost:6355 "HTTP/1.1 200 OK"
2025-11-18 17:23:20,902 - INFO - ThreadPoolExecutor-0_0 - qdrant_module - [Qdrant] Attempting to insert 65 vectors into vectors on http://localhost:6355...
2025-11-18 17:23:20,915 - INFO - ThreadPoolExecutor-0_0 - qdrant_module - [Qdrant] Success: Inserted 65 vectors.
2025-11-18 17:23:20,916 - INFO - ThreadPoolExecutor-0_0 - grpc_handler - [GRPC IN] ReceiveVectors processed successfully.
2025-11-18 17:23:22,053 - INFO - ThreadPoolExecutor-0_0 - grpc_handler - [GRPC IN] ReceiveVectors called. ReqID: 87, Type: clustered, Count: 87
2025-11-18 17:23:22,054 - INFO - ThreadPoolExecutor-0_0 - server_logic - [Add Vectors] Processing 87 vectors. Sender Status: clustered. Current Node Status: clustered
2025-11-18 17:23:22,054 - INFO - ThreadPoolExecutor-0_0 - server_logic - [Add Vectors] Direct Insert: Storing 87 vectors in local Qdrant (Sender is clustered).
2025-11-18 17:23:22,105 - INFO - ThreadPoolExecutor-0_0 - httpx - HTTP Request: GET http://localhost:6355 "HTTP/1.1 200 OK"
2025-11-18 17:23:22,106 - INFO - ThreadPoolExecutor-0_0 - qdrant_module - [Qdrant] Attempting to insert 87 vectors into vectors on http://localhost:6355...
2025-11-18 17:23:22,121 - INFO - ThreadPoolExecutor-0_0 - qdrant_module - [Qdrant] Success: Inserted 87 vectors.
2025-11-18 17:23:22,123 - INFO - ThreadPoolExecutor-0_0 - grpc_handler - [GRPC IN] ReceiveVectors processed successfully.
2025-11-18 17:23:23,254 - INFO - ThreadPoolExecutor-0_0 - grpc_handler - [GRPC IN] ReceiveVectors called. ReqID: 88, Type: clustered, Count: 84
2025-11-18 17:23:23,255 - INFO - ThreadPoolExecutor-0_0 - server_logic - [Add Vectors] Processing 84 vectors. Sender Status: clustered. Current Node Status: clustered
2025-11-18 17:23:23,255 - INFO - ThreadPoolExecutor-0_0 - server_logic - [Add Vectors] Direct Insert: Storing 84 vectors in local Qdrant (Sender is clustered).
2025-11-18 17:23:23,306 - INFO - ThreadPoolExecutor-0_0 - httpx - HTTP Request: GET http://localhost:6355 "HTTP/1.1 200 OK"
2025-11-18 17:23:23,307 - INFO - ThreadPoolExecutor-0_0 - qdrant_module - [Qdrant] Attempting to insert 84 vectors into vectors on http://localhost:6355...
2025-11-18 17:23:23,321 - INFO - ThreadPoolExecutor-0_0 - qdrant_module - [Qdrant] Success: Inserted 84 vectors.
2025-11-18 17:23:23,323 - INFO - ThreadPoolExecutor-0_0 - grpc_handler - [GRPC IN] ReceiveVectors processed successfully.
2025-11-18 17:23:24,481 - INFO - ThreadPoolExecutor-0_0 - grpc_handler - [GRPC IN] ReceiveVectors called. ReqID: 89, Type: clustered, Count: 75
2025-11-18 17:23:24,482 - INFO - ThreadPoolExecutor-0_0 - server_logic - [Add Vectors] Processing 75 vectors. Sender Status: clustered. Current Node Status: clustered
2025-11-18 17:23:24,482 - INFO - ThreadPoolExecutor-0_0 - server_logic - [Add Vectors] Direct Insert: Storing 75 vectors in local Qdrant (Sender is clustered).
2025-11-18 17:23:24,534 - INFO - ThreadPoolExecutor-0_0 - httpx - HTTP Request: GET http://localhost:6355 "HTTP/1.1 200 OK"
2025-11-18 17:23:24,534 - INFO - ThreadPoolExecutor-0_0 - qdrant_module - [Qdrant] Attempting to insert 75 vectors into vectors on http://localhost:6355...
2025-11-18 17:23:24,548 - INFO - ThreadPoolExecutor-0_0 - qdrant_module - [Qdrant] Success: Inserted 75 vectors.
2025-11-18 17:23:24,549 - INFO - ThreadPoolExecutor-0_0 - grpc_handler - [GRPC IN] ReceiveVectors processed successfully.
2025-11-18 17:23:25,688 - INFO - ThreadPoolExecutor-0_0 - grpc_handler - [GRPC IN] ReceiveVectors called. ReqID: 90, Type: clustered, Count: 77
2025-11-18 17:23:25,689 - INFO - ThreadPoolExecutor-0_0 - server_logic - [Add Vectors] Processing 77 vectors. Sender Status: clustered. Current Node Status: clustered
2025-11-18 17:23:25,690 - INFO - ThreadPoolExecutor-0_0 - server_logic - [Add Vectors] Direct Insert: Storing 77 vectors in local Qdrant (Sender is clustered).
2025-11-18 17:23:25,741 - INFO - ThreadPoolExecutor-0_0 - httpx - HTTP Request: GET http://localhost:6355 "HTTP/1.1 200 OK"
2025-11-18 17:23:25,741 - INFO - ThreadPoolExecutor-0_0 - qdrant_module - [Qdrant] Attempting to insert 77 vectors into vectors on http://localhost:6355...
2025-11-18 17:23:25,752 - INFO - ThreadPoolExecutor-0_0 - qdrant_module - [Qdrant] Success: Inserted 77 vectors.
2025-11-18 17:23:25,753 - INFO - ThreadPoolExecutor-0_0 - grpc_handler - [GRPC IN] ReceiveVectors processed successfully.
2025-11-18 17:23:26,891 - INFO - ThreadPoolExecutor-0_0 - grpc_handler - [GRPC IN] ReceiveVectors called. ReqID: 91, Type: clustered, Count: 82
2025-11-18 17:23:26,892 - INFO - ThreadPoolExecutor-0_0 - server_logic - [Add Vectors] Processing 82 vectors. Sender Status: clustered. Current Node Status: clustered
2025-11-18 17:23:26,892 - INFO - ThreadPoolExecutor-0_0 - server_logic - [Add Vectors] Direct Insert: Storing 82 vectors in local Qdrant (Sender is clustered).
2025-11-18 17:23:26,944 - INFO - ThreadPoolExecutor-0_0 - httpx - HTTP Request: GET http://localhost:6355 "HTTP/1.1 200 OK"
2025-11-18 17:23:26,944 - INFO - ThreadPoolExecutor-0_0 - qdrant_module - [Qdrant] Attempting to insert 82 vectors into vectors on http://localhost:6355...
2025-11-18 17:23:26,959 - INFO - ThreadPoolExecutor-0_0 - qdrant_module - [Qdrant] Success: Inserted 82 vectors.
2025-11-18 17:23:26,960 - INFO - ThreadPoolExecutor-0_0 - grpc_handler - [GRPC IN] ReceiveVectors processed successfully.
2025-11-18 17:23:27,388 - INFO - MainThread - __main__ - API: /add called. ReqID: 92, Vectors: 256
2025-11-18 17:23:27,388 - INFO - MainThread - server_logic - [Client Request] Client wants to add 256 vectors. My Status: clustered
2025-11-18 17:23:27,388 - INFO - MainThread - server_logic - [Client Request] System Clustered. Routing vectors to appropriate peers.
2025-11-18 17:23:27,388 - INFO - MainThread - server_logic - [Router] Routing 256 vectors among 16 nodes (Replicas: 4).
2025-11-18 17:23:27,388 - INFO - MainThread - server_logic - [DEBUG] found replica for vector: 1
2025-11-18 17:23:27,388 - INFO - MainThread - server_logic - [DEBUG] found replica for vector: 2
2025-11-18 17:23:27,388 - INFO - MainThread - server_logic - [DEBUG] found replica for vector: 3
2025-11-18 17:23:27,388 - INFO - MainThread - server_logic - [DEBUG] found replica for vector: 4
2025-11-18 17:23:27,388 - INFO - MainThread - server_logic - [DEBUG] found replica for vector: 1
2025-11-18 17:23:27,388 - INFO - MainThread - server_logic - [DEBUG] found replica for vector: 2
2025-11-18 17:23:27,388 - INFO - MainThread - server_logic - [DEBUG] found replica for vector: 3
2025-11-18 17:23:27,388 - INFO - MainThread - server_logic - [DEBUG] found replica for vector: 4
2025-11-18 17:23:27,388 - INFO - MainThread - server_logic - [DEBUG] found replica for vector: 1
2025-11-18 17:23:27,388 - INFO - MainThread - server_logic - [DEBUG] found replica for vector: 2
2025-11-18 17:23:27,388 - INFO - MainThread - server_logic - [DEBUG] found replica for vector: 3
2025-11-18 17:23:27,388 - INFO - MainThread - server_logic - [DEBUG] to me replica for vector: 3
2025-11-18 17:23:27,388 - INFO - MainThread - server_logic - [DEBUG] found replica for vector: 1
2025-11-18 17:23:27,388 - INFO - MainThread - server_logic - [DEBUG] found replica for vector: 2
2025-11-18 17:23:27,388 - INFO - MainThread - server_logic - [DEBUG] found replica for vector: 3
2025-11-18 17:23:27,388 - INFO - MainThread - server_logic - [DEBUG] found replica for vector: 4
2025-11-18 17:23:27,388 - INFO - MainThread - server_logic - [DEBUG] found replica for vector: 1
2025-11-18 17:23:27,388 - INFO - MainThread - server_logic - [DEBUG] found replica for vector: 2
2025-11-18 17:23:27,388 - INFO - MainThread - server_logic - [DEBUG] found replica for vector: 3
2025-11-18 17:23:27,388 - INFO - MainThread - server_logic - [DEBUG] to me replica for vector: 3
2025-11-18 17:23:27,388 - INFO - MainThread - server_logic - [DEBUG] found replica for vector: 1
2025-11-18 17:23:27,388 - INFO - MainThread - server_logic - [DEBUG] found replica for vector: 2
2025-11-18 17:23:27,388 - INFO - MainThread - server_logic - [DEBUG] found replica for vector: 3
2025-11-18 17:23:27,388 - INFO - MainThread - server_logic - [DEBUG] found replica for vector: 4
2025-11-18 17:23:27,388 - INFO - MainThread - server_logic - [DEBUG] found replica for vector: 1
2025-11-18 17:23:27,389 - INFO - MainThread - server_logic - [DEBUG] found replica for vector: 2
2025-11-18 17:23:27,389 - INFO - MainThread - server_logic - [DEBUG] found replica for vector: 3
2025-11-18 17:23:27,389 - INFO - MainThread - server_logic - [DEBUG] found replica for vector: 4
2025-11-18 17:23:27,389 - INFO - MainThread - server_logic - [DEBUG] found replica for vector: 1
2025-11-18 17:23:27,389 - INFO - MainThread - server_logic - [DEBUG] found replica for vector: 2
2025-11-18 17:23:27,389 - INFO - MainThread - server_logic - [DEBUG] found replica for vector: 3
2025-11-18 17:23:27,389 - INFO - MainThread - server_logic - [DEBUG] to me replica for vector: 3
2025-11-18 17:23:27,389 - INFO - MainThread - server_logic - [DEBUG] found replica for vector: 1
2025-11-18 17:23:27,389 - INFO - MainThread - server_logic - [DEBUG] found replica for vector: 2
2025-11-18 17:23:27,389 - INFO - MainThread - server_logic - [DEBUG] found replica for vector: 3
2025-11-18 17:23:27,389 - INFO - MainThread - server_logic - [DEBUG] found replica for vector: 4
2025-11-18 17:23:27,389 - INFO - MainThread - server_logic - [DEBUG] found replica for vector: 1
2025-11-18 17:23:27,389 - INFO - MainThread - server_logic - [DEBUG] found replica for vector: 2
2025-11-18 17:23:27,389 - INFO - MainThread - server_logic - [DEBUG] found replica for vector: 3
2025-11-18 17:23:27,389 - INFO - MainThread - server_logic - [DEBUG] to me replica for vector: 3
2025-11-18 17:23:27,389 - INFO - MainThread - server_logic - [DEBUG] found replica for vector: 1
2025-11-18 17:23:27,389 - INFO - MainThread - server_logic - [DEBUG] found replica for vector: 2
2025-11-18 17:23:27,389 - INFO - MainThread - server_logic - [DEBUG] found replica for vector: 3
2025-11-18 17:23:27,389 - INFO - MainThread - server_logic - [DEBUG] found replica for vector: 4
2025-11-18 17:23:27,389 - INFO - MainThread - server_logic - [DEBUG] found replica for vector: 1
2025-11-18 17:23:27,389 - INFO - MainThread - server_logic - [DEBUG] found replica for vector: 2
2025-11-18 17:23:27,389 - INFO - MainThread - server_logic - [DEBUG] found replica for vector: 3
2025-11-18 17:23:27,389 - INFO - MainThread - server_logic - [DEBUG] found replica for vector: 4
2025-11-18 17:23:27,389 - INFO - MainThread - server_logic - [DEBUG] found replica for vector: 1
2025-11-18 17:23:27,389 - INFO - MainThread - server_logic - [DEBUG] found replica for vector: 2
2025-11-18 17:23:27,389 - INFO - MainThread - server_logic - [DEBUG] found replica for vector: 3
2025-11-18 17:23:27,389 - INFO - MainThread - server_logic - [DEBUG] to me replica for vector: 3
2025-11-18 17:23:27,389 - INFO - MainThread - server_logic - [DEBUG] found replica for vector: 1
2025-11-18 17:23:27,389 - INFO - MainThread - server_logic - [DEBUG] found replica for vector: 2
2025-11-18 17:23:27,389 - INFO - MainThread - server_logic - [DEBUG] found replica for vector: 3
2025-11-18 17:23:27,389 - INFO - MainThread - server_logic - [DEBUG] found replica for vector: 4
2025-11-18 17:23:27,389 - INFO - MainThread - server_logic - [DEBUG] found replica for vector: 1
2025-11-18 17:23:27,389 - INFO - MainThread - server_logic - [DEBUG] found replica for vector: 2
2025-11-18 17:23:27,389 - INFO - MainThread - server_logic - [DEBUG] found replica for vector: 3
2025-11-18 17:23:27,389 - INFO - MainThread - server_logic - [DEBUG] found replica for vector: 4
2025-11-18 17:23:27,389 - INFO - MainThread - server_logic - [DEBUG] found replica for vector: 1
2025-11-18 17:23:27,389 - INFO - MainThread - server_logic - [DEBUG] found replica for vector: 2
2025-11-18 17:23:27,389 - INFO - MainThread - server_logic - [DEBUG] found replica for vector: 3
2025-11-18 17:23:27,389 - INFO - MainThread - server_logic - [DEBUG] to me replica for vector: 3
2025-11-18 17:23:27,389 - INFO - MainThread - server_logic - [DEBUG] found replica for vector: 1
2025-11-18 17:23:27,389 - INFO - MainThread - server_logic - [DEBUG] found replica for vector: 2
2025-11-18 17:23:27,389 - INFO - MainThread - server_logic - [DEBUG] found replica for vector: 3
2025-11-18 17:23:27,389 - INFO - MainThread - server_logic - [DEBUG] to me replica for vector: 3
2025-11-18 17:23:27,389 - INFO - MainThread - server_logic - [DEBUG] found replica for vector: 1
2025-11-18 17:23:27,389 - INFO - MainThread - server_logic - [DEBUG] found replica for vector: 2
2025-11-18 17:23:27,389 - INFO - MainThread - server_logic - [DEBUG] found replica for vector: 3
2025-11-18 17:23:27,389 - INFO - MainThread - server_logic - [DEBUG] to me replica for vector: 3
2025-11-18 17:23:27,389 - INFO - MainThread - server_logic - [DEBUG] found replica for vector: 1
2025-11-18 17:23:27,389 - INFO - MainThread - server_logic - [DEBUG] found replica for vector: 2
2025-11-18 17:23:27,389 - INFO - MainThread - server_logic - [DEBUG] found replica for vector: 3
2025-11-18 17:23:27,389 - INFO - MainThread - server_logic - [DEBUG] found replica for vector: 4
2025-11-18 17:23:27,389 - INFO - MainThread - server_logic - [DEBUG] found replica for vector: 1
2025-11-18 17:23:27,390 - INFO - MainThread - server_logic - [DEBUG] found replica for vector: 2
2025-11-18 17:23:27,390 - INFO - MainThread - server_logic - [DEBUG] found replica for vector: 3
2025-11-18 17:23:27,390 - INFO - MainThread - server_logic - [DEBUG] found replica for vector: 4
2025-11-18 17:23:27,390 - INFO - MainThread - server_logic - [DEBUG] found replica for vector: 1
2025-11-18 17:23:27,390 - INFO - MainThread - server_logic - [DEBUG] found replica for vector: 2
2025-11-18 17:23:27,390 - INFO - MainThread - server_logic - [DEBUG] found replica for vector: 3
2025-11-18 17:23:27,390 - INFO - MainThread - server_logic - [DEBUG] to me replica for vector: 3
2025-11-18 17:23:27,390 - INFO - MainThread - server_logic - [DEBUG] found replica for vector: 1
2025-11-18 17:23:27,390 - INFO - MainThread - server_logic - [DEBUG] found replica for vector: 2
2025-11-18 17:23:27,390 - INFO - MainThread - server_logic - [DEBUG] found replica for vector: 3
2025-11-18 17:23:27,390 - INFO - MainThread - server_logic - [DEBUG] found replica for vector: 4
2025-11-18 17:23:27,390 - INFO - MainThread - server_logic - [DEBUG] found replica for vector: 1
2025-11-18 17:23:27,390 - INFO - MainThread - server_logic - [DEBUG] found replica for vector: 2
2025-11-18 17:23:27,390 - INFO - MainThread - server_logic - [DEBUG] found replica for vector: 3
2025-11-18 17:23:27,390 - INFO - MainThread - server_logic - [DEBUG] to me replica for vector: 3
2025-11-18 17:23:27,390 - INFO - MainThread - server_logic - [DEBUG] found replica for vector: 1
2025-11-18 17:23:27,390 - INFO - MainThread - server_logic - [DEBUG] found replica for vector: 2
2025-11-18 17:23:27,390 - INFO - MainThread - server_logic - [DEBUG] found replica for vector: 3
2025-11-18 17:23:27,390 - INFO - MainThread - server_logic - [DEBUG] found replica for vector: 4
2025-11-18 17:23:27,390 - INFO - MainThread - server_logic - [DEBUG] found replica for vector: 1
2025-11-18 17:23:27,390 - INFO - MainThread - server_logic - [DEBUG] found replica for vector: 2
2025-11-18 17:23:27,390 - INFO - MainThread - server_logic - [DEBUG] found replica for vector: 3
2025-11-18 17:23:27,390 - INFO - MainThread - server_logic - [DEBUG] found replica for vector: 4
2025-11-18 17:23:27,390 - INFO - MainThread - server_logic - [DEBUG] found replica for vector: 1
2025-11-18 17:23:27,390 - INFO - MainThread - server_logic - [DEBUG] found replica for vector: 2
2025-11-18 17:23:27,390 - INFO - MainThread - server_logic - [DEBUG] found replica for vector: 3
2025-11-18 17:23:27,390 - INFO - MainThread - server_logic - [DEBUG] to me replica for vector: 3
2025-11-18 17:23:27,390 - INFO - MainThread - server_logic - [DEBUG] found replica for vector: 1
2025-11-18 17:23:27,390 - INFO - MainThread - server_logic - [DEBUG] found replica for vector: 2
2025-11-18 17:23:27,390 - INFO - MainThread - server_logic - [DEBUG] found replica for vector: 3
2025-11-18 17:23:27,390 - INFO - MainThread - server_logic - [DEBUG] found replica for vector: 4
2025-11-18 17:23:27,390 - INFO - MainThread - server_logic - [DEBUG] found replica for vector: 1
2025-11-18 17:23:27,390 - INFO - MainThread - server_logic - [DEBUG] found replica for vector: 2
2025-11-18 17:23:27,390 - INFO - MainThread - server_logic - [DEBUG] found replica for vector: 3
2025-11-18 17:23:27,390 - INFO - MainThread - server_logic - [DEBUG] to me replica for vector: 3
2025-11-18 17:23:27,390 - INFO - MainThread - server_logic - [DEBUG] found replica for vector: 1
2025-11-18 17:23:27,390 - INFO - MainThread - server_logic - [DEBUG] found replica for vector: 2
2025-11-18 17:23:27,390 - INFO - MainThread - server_logic - [DEBUG] found replica for vector: 3
2025-11-18 17:23:27,390 - INFO - MainThread - server_logic - [DEBUG] to me replica for vector: 3
2025-11-18 17:23:27,390 - INFO - MainThread - server_logic - [DEBUG] found replica for vector: 1
2025-11-18 17:23:27,390 - INFO - MainThread - server_logic - [DEBUG] found replica for vector: 2
2025-11-18 17:23:27,390 - INFO - MainThread - server_logic - [DEBUG] found replica for vector: 3
2025-11-18 17:23:27,390 - INFO - MainThread - server_logic - [DEBUG] to me replica for vector: 3
2025-11-18 17:23:27,390 - INFO - MainThread - server_logic - [DEBUG] found replica for vector: 1
2025-11-18 17:23:27,390 - INFO - MainThread - server_logic - [DEBUG] found replica for vector: 2
2025-11-18 17:23:27,390 - INFO - MainThread - server_logic - [DEBUG] found replica for vector: 3
2025-11-18 17:23:27,390 - INFO - MainThread - server_logic - [DEBUG] found replica for vector: 4
2025-11-18 17:23:27,390 - INFO - MainThread - server_logic - [DEBUG] found replica for vector: 1
2025-11-18 17:23:27,390 - INFO - MainThread - server_logic - [DEBUG] found replica for vector: 2
2025-11-18 17:23:27,390 - INFO - MainThread - server_logic - [DEBUG] found replica for vector: 3
2025-11-18 17:23:27,390 - INFO - MainThread - server_logic - [DEBUG] found replica for vector: 4
2025-11-18 17:23:27,390 - INFO - MainThread - server_logic - [DEBUG] found replica for vector: 1
2025-11-18 17:23:27,390 - INFO - MainThread - server_logic - [DEBUG] found replica for vector: 2
2025-11-18 17:23:27,391 - INFO - MainThread - server_logic - [DEBUG] found replica for vector: 3
2025-11-18 17:23:27,391 - INFO - MainThread - server_logic - [DEBUG] found replica for vector: 4
2025-11-18 17:23:27,391 - INFO - MainThread - server_logic - [DEBUG] found replica for vector: 1
2025-11-18 17:23:27,391 - INFO - MainThread - server_logic - [DEBUG] found replica for vector: 2
2025-11-18 17:23:27,391 - INFO - MainThread - server_logic - [DEBUG] found replica for vector: 3
2025-11-18 17:23:27,391 - INFO - MainThread - server_logic - [DEBUG] to me replica for vector: 3
2025-11-18 17:23:27,391 - INFO - MainThread - server_logic - [DEBUG] found replica for vector: 1
2025-11-18 17:23:27,391 - INFO - MainThread - server_logic - [DEBUG] found replica for vector: 2
2025-11-18 17:23:27,391 - INFO - MainThread - server_logic - [DEBUG] found replica for vector: 3
2025-11-18 17:23:27,391 - INFO - MainThread - server_logic - [DEBUG] found replica for vector: 4
2025-11-18 17:23:27,391 - INFO - MainThread - server_logic - [DEBUG] found replica for vector: 1
2025-11-18 17:23:27,391 - INFO - MainThread - server_logic - [DEBUG] found replica for vector: 2
2025-11-18 17:23:27,391 - INFO - MainThread - server_logic - [DEBUG] found replica for vector: 3
2025-11-18 17:23:27,391 - INFO - MainThread - server_logic - [DEBUG] found replica for vector: 4
2025-11-18 17:23:27,391 - INFO - MainThread - server_logic - [DEBUG] found replica for vector: 1
2025-11-18 17:23:27,391 - INFO - MainThread - server_logic - [DEBUG] found replica for vector: 2
2025-11-18 17:23:27,391 - INFO - MainThread - server_logic - [DEBUG] found replica for vector: 3
2025-11-18 17:23:27,391 - INFO - MainThread - server_logic - [DEBUG] found replica for vector: 4
2025-11-18 17:23:27,391 - INFO - MainThread - server_logic - [DEBUG] found replica for vector: 1
2025-11-18 17:23:27,391 - INFO - MainThread - server_logic - [DEBUG] found replica for vector: 2
2025-11-18 17:23:27,391 - INFO - MainThread - server_logic - [DEBUG] found replica for vector: 3
2025-11-18 17:23:27,391 - INFO - MainThread - server_logic - [DEBUG] found replica for vector: 4
2025-11-18 17:23:27,391 - INFO - MainThread - server_logic - [DEBUG] found replica for vector: 1
2025-11-18 17:23:27,391 - INFO - MainThread - server_logic - [DEBUG] found replica for vector: 2
2025-11-18 17:23:27,391 - INFO - MainThread - server_logic - [DEBUG] found replica for vector: 3
2025-11-18 17:23:27,391 - INFO - MainThread - server_logic - [DEBUG] to me replica for vector: 3
2025-11-18 17:23:27,391 - INFO - MainThread - server_logic - [DEBUG] found replica for vector: 1
2025-11-18 17:23:27,391 - INFO - MainThread - server_logic - [DEBUG] found replica for vector: 2
2025-11-18 17:23:27,391 - INFO - MainThread - server_logic - [DEBUG] found replica for vector: 3
2025-11-18 17:23:27,391 - INFO - MainThread - server_logic - [DEBUG] to me replica for vector: 3
2025-11-18 17:23:27,391 - INFO - MainThread - server_logic - [DEBUG] found replica for vector: 1
2025-11-18 17:23:27,391 - INFO - MainThread - server_logic - [DEBUG] found replica for vector: 2
2025-11-18 17:23:27,391 - INFO - MainThread - server_logic - [DEBUG] found replica for vector: 3
2025-11-18 17:23:27,391 - INFO - MainThread - server_logic - [DEBUG] to me replica for vector: 3
2025-11-18 17:23:27,391 - INFO - MainThread - server_logic - [DEBUG] found replica for vector: 1
2025-11-18 17:23:27,391 - INFO - MainThread - server_logic - [DEBUG] found replica for vector: 2
2025-11-18 17:23:27,391 - INFO - MainThread - server_logic - [DEBUG] found replica for vector: 3
2025-11-18 17:23:27,391 - INFO - MainThread - server_logic - [DEBUG] found replica for vector: 4
2025-11-18 17:23:27,391 - INFO - MainThread - server_logic - [DEBUG] found replica for vector: 1
2025-11-18 17:23:27,391 - INFO - MainThread - server_logic - [DEBUG] found replica for vector: 2
2025-11-18 17:23:27,391 - INFO - MainThread - server_logic - [DEBUG] found replica for vector: 3
2025-11-18 17:23:27,391 - INFO - MainThread - server_logic - [DEBUG] found replica for vector: 4
2025-11-18 17:23:27,391 - INFO - MainThread - server_logic - [DEBUG] found replica for vector: 1
2025-11-18 17:23:27,391 - INFO - MainThread - server_logic - [DEBUG] found replica for vector: 2
2025-11-18 17:23:27,391 - INFO - MainThread - server_logic - [DEBUG] found replica for vector: 3
2025-11-18 17:23:27,391 - INFO - MainThread - server_logic - [DEBUG] found replica for vector: 4
2025-11-18 17:23:27,391 - INFO - MainThread - server_logic - [DEBUG] found replica for vector: 1
2025-11-18 17:23:27,391 - INFO - MainThread - server_logic - [DEBUG] found replica for vector: 2
2025-11-18 17:23:27,391 - INFO - MainThread - server_logic - [DEBUG] found replica for vector: 3
2025-11-18 17:23:27,391 - INFO - MainThread - server_logic - [DEBUG] to me replica for vector: 3
2025-11-18 17:23:27,391 - INFO - MainThread - server_logic - [DEBUG] found replica for vector: 1
2025-11-18 17:23:27,391 - INFO - MainThread - server_logic - [DEBUG] found replica for vector: 2
2025-11-18 17:23:27,391 - INFO - MainThread - server_logic - [DEBUG] found replica for vector: 3
2025-11-18 17:23:27,391 - INFO - MainThread - server_logic - [DEBUG] found replica for vector: 4
2025-11-18 17:23:27,391 - INFO - MainThread - server_logic - [DEBUG] found replica for vector: 1
2025-11-18 17:23:27,391 - INFO - MainThread - server_logic - [DEBUG] found replica for vector: 2
2025-11-18 17:23:27,392 - INFO - MainThread - server_logic - [DEBUG] found replica for vector: 3
2025-11-18 17:23:27,392 - INFO - MainThread - server_logic - [DEBUG] found replica for vector: 4
2025-11-18 17:23:27,392 - INFO - MainThread - server_logic - [DEBUG] found replica for vector: 1
2025-11-18 17:23:27,392 - INFO - MainThread - server_logic - [DEBUG] found replica for vector: 2
2025-11-18 17:23:27,392 - INFO - MainThread - server_logic - [DEBUG] found replica for vector: 3
2025-11-18 17:23:27,392 - INFO - MainThread - server_logic - [DEBUG] to me replica for vector: 3
2025-11-18 17:23:27,392 - INFO - MainThread - server_logic - [DEBUG] found replica for vector: 1
2025-11-18 17:23:27,392 - INFO - MainThread - server_logic - [DEBUG] found replica for vector: 2
2025-11-18 17:23:27,392 - INFO - MainThread - server_logic - [DEBUG] found replica for vector: 3
2025-11-18 17:23:27,392 - INFO - MainThread - server_logic - [DEBUG] found replica for vector: 4
2025-11-18 17:23:27,392 - INFO - MainThread - server_logic - [DEBUG] found replica for vector: 1
2025-11-18 17:23:27,392 - INFO - MainThread - server_logic - [DEBUG] found replica for vector: 2
2025-11-18 17:23:27,392 - INFO - MainThread - server_logic - [DEBUG] found replica for vector: 3
2025-11-18 17:23:27,392 - INFO - MainThread - server_logic - [DEBUG] found replica for vector: 4
2025-11-18 17:23:27,392 - INFO - MainThread - server_logic - [DEBUG] found replica for vector: 1
2025-11-18 17:23:27,392 - INFO - MainThread - server_logic - [DEBUG] found replica for vector: 2
2025-11-18 17:23:27,392 - INFO - MainThread - server_logic - [DEBUG] found replica for vector: 3
2025-11-18 17:23:27,392 - INFO - MainThread - server_logic - [DEBUG] found replica for vector: 4
2025-11-18 17:23:27,392 - INFO - MainThread - server_logic - [DEBUG] found replica for vector: 1
2025-11-18 17:23:27,392 - INFO - MainThread - server_logic - [DEBUG] found replica for vector: 2
2025-11-18 17:23:27,392 - INFO - MainThread - server_logic - [DEBUG] found replica for vector: 3
2025-11-18 17:23:27,392 - INFO - MainThread - server_logic - [DEBUG] to me replica for vector: 3
2025-11-18 17:23:27,392 - INFO - MainThread - server_logic - [DEBUG] found replica for vector: 1
2025-11-18 17:23:27,392 - INFO - MainThread - server_logic - [DEBUG] found replica for vector: 2
2025-11-18 17:23:27,392 - INFO - MainThread - server_logic - [DEBUG] found replica for vector: 3
2025-11-18 17:23:27,392 - INFO - MainThread - server_logic - [DEBUG] found replica for vector: 4
2025-11-18 17:23:27,392 - INFO - MainThread - server_logic - [DEBUG] found replica for vector: 1
2025-11-18 17:23:27,392 - INFO - MainThread - server_logic - [DEBUG] found replica for vector: 2
2025-11-18 17:23:27,392 - INFO - MainThread - server_logic - [DEBUG] found replica for vector: 3
2025-11-18 17:23:27,392 - INFO - MainThread - server_logic - [DEBUG] found replica for vector: 4
2025-11-18 17:23:27,392 - INFO - MainThread - server_logic - [DEBUG] found replica for vector: 1
2025-11-18 17:23:27,392 - INFO - MainThread - server_logic - [DEBUG] found replica for vector: 2
2025-11-18 17:23:27,392 - INFO - MainThread - server_logic - [DEBUG] found replica for vector: 3
2025-11-18 17:23:27,392 - INFO - MainThread - server_logic - [DEBUG] to me replica for vector: 3
2025-11-18 17:23:27,392 - INFO - MainThread - server_logic - [DEBUG] found replica for vector: 1
2025-11-18 17:23:27,392 - INFO - MainThread - server_logic - [DEBUG] found replica for vector: 2
2025-11-18 17:23:27,392 - INFO - MainThread - server_logic - [DEBUG] found replica for vector: 3
2025-11-18 17:23:27,392 - INFO - MainThread - server_logic - [DEBUG] to me replica for vector: 3
2025-11-18 17:23:27,392 - INFO - MainThread - server_logic - [DEBUG] found replica for vector: 1
2025-11-18 17:23:27,392 - INFO - MainThread - server_logic - [DEBUG] found replica for vector: 2
2025-11-18 17:23:27,392 - INFO - MainThread - server_logic - [DEBUG] found replica for vector: 3
2025-11-18 17:23:27,392 - INFO - MainThread - server_logic - [DEBUG] found replica for vector: 4
2025-11-18 17:23:27,392 - INFO - MainThread - server_logic - [DEBUG] found replica for vector: 1
2025-11-18 17:23:27,392 - INFO - MainThread - server_logic - [DEBUG] found replica for vector: 2
2025-11-18 17:23:27,392 - INFO - MainThread - server_logic - [DEBUG] found replica for vector: 3
2025-11-18 17:23:27,392 - INFO - MainThread - server_logic - [DEBUG] to me replica for vector: 3
2025-11-18 17:23:27,392 - INFO - MainThread - server_logic - [DEBUG] found replica for vector: 1
2025-11-18 17:23:27,392 - INFO - MainThread - server_logic - [DEBUG] found replica for vector: 2
2025-11-18 17:23:27,392 - INFO - MainThread - server_logic - [DEBUG] found replica for vector: 3
2025-11-18 17:23:27,392 - INFO - MainThread - server_logic - [DEBUG] to me replica for vector: 3
2025-11-18 17:23:27,392 - INFO - MainThread - server_logic - [DEBUG] found replica for vector: 1
2025-11-18 17:23:27,392 - INFO - MainThread - server_logic - [DEBUG] found replica for vector: 2
2025-11-18 17:23:27,392 - INFO - MainThread - server_logic - [DEBUG] found replica for vector: 3
2025-11-18 17:23:27,392 - INFO - MainThread - server_logic - [DEBUG] found replica for vector: 4
2025-11-18 17:23:27,392 - INFO - MainThread - server_logic - [DEBUG] found replica for vector: 1
2025-11-18 17:23:27,392 - INFO - MainThread - server_logic - [DEBUG] found replica for vector: 2
2025-11-18 17:23:27,393 - INFO - MainThread - server_logic - [DEBUG] found replica for vector: 3
2025-11-18 17:23:27,393 - INFO - MainThread - server_logic - [DEBUG] to me replica for vector: 3
2025-11-18 17:23:27,393 - INFO - MainThread - server_logic - [DEBUG] found replica for vector: 1
2025-11-18 17:23:27,393 - INFO - MainThread - server_logic - [DEBUG] found replica for vector: 2
2025-11-18 17:23:27,393 - INFO - MainThread - server_logic - [DEBUG] found replica for vector: 3
2025-11-18 17:23:27,393 - INFO - MainThread - server_logic - [DEBUG] found replica for vector: 4
2025-11-18 17:23:27,393 - INFO - MainThread - server_logic - [DEBUG] found replica for vector: 1
2025-11-18 17:23:27,393 - INFO - MainThread - server_logic - [DEBUG] found replica for vector: 2
2025-11-18 17:23:27,393 - INFO - MainThread - server_logic - [DEBUG] found replica for vector: 3
2025-11-18 17:23:27,393 - INFO - MainThread - server_logic - [DEBUG] found replica for vector: 4
2025-11-18 17:23:27,393 - INFO - MainThread - server_logic - [DEBUG] found replica for vector: 1
2025-11-18 17:23:27,393 - INFO - MainThread - server_logic - [DEBUG] found replica for vector: 2
2025-11-18 17:23:27,393 - INFO - MainThread - server_logic - [DEBUG] found replica for vector: 3
2025-11-18 17:23:27,393 - INFO - MainThread - server_logic - [DEBUG] found replica for vector: 4
2025-11-18 17:23:27,393 - INFO - MainThread - server_logic - [DEBUG] found replica for vector: 1
2025-11-18 17:23:27,393 - INFO - MainThread - server_logic - [DEBUG] found replica for vector: 2
2025-11-18 17:23:27,393 - INFO - MainThread - server_logic - [DEBUG] found replica for vector: 3
2025-11-18 17:23:27,393 - INFO - MainThread - server_logic - [DEBUG] found replica for vector: 4
2025-11-18 17:23:27,393 - INFO - MainThread - server_logic - [DEBUG] found replica for vector: 1
2025-11-18 17:23:27,393 - INFO - MainThread - server_logic - [DEBUG] found replica for vector: 2
2025-11-18 17:23:27,393 - INFO - MainThread - server_logic - [DEBUG] found replica for vector: 3
2025-11-18 17:23:27,393 - INFO - MainThread - server_logic - [DEBUG] found replica for vector: 4
2025-11-18 17:23:27,393 - INFO - MainThread - server_logic - [DEBUG] found replica for vector: 1
2025-11-18 17:23:27,393 - INFO - MainThread - server_logic - [DEBUG] found replica for vector: 2
2025-11-18 17:23:27,393 - INFO - MainThread - server_logic - [DEBUG] found replica for vector: 3
2025-11-18 17:23:27,393 - INFO - MainThread - server_logic - [DEBUG] found replica for vector: 4
2025-11-18 17:23:27,393 - INFO - MainThread - server_logic - [DEBUG] found replica for vector: 1
2025-11-18 17:23:27,393 - INFO - MainThread - server_logic - [DEBUG] found replica for vector: 2
2025-11-18 17:23:27,393 - INFO - MainThread - server_logic - [DEBUG] found replica for vector: 3
2025-11-18 17:23:27,393 - INFO - MainThread - server_logic - [DEBUG] found replica for vector: 4
2025-11-18 17:23:27,393 - INFO - MainThread - server_logic - [DEBUG] found replica for vector: 1
2025-11-18 17:23:27,393 - INFO - MainThread - server_logic - [DEBUG] found replica for vector: 2
2025-11-18 17:23:27,393 - INFO - MainThread - server_logic - [DEBUG] found replica for vector: 3
2025-11-18 17:23:27,393 - INFO - MainThread - server_logic - [DEBUG] found replica for vector: 4
2025-11-18 17:23:27,393 - INFO - MainThread - server_logic - [DEBUG] found replica for vector: 1
2025-11-18 17:23:27,393 - INFO - MainThread - server_logic - [DEBUG] found replica for vector: 2
2025-11-18 17:23:27,393 - INFO - MainThread - server_logic - [DEBUG] found replica for vector: 3
2025-11-18 17:23:27,393 - INFO - MainThread - server_logic - [DEBUG] found replica for vector: 4
2025-11-18 17:23:27,393 - INFO - MainThread - server_logic - [DEBUG] found replica for vector: 1
2025-11-18 17:23:27,393 - INFO - MainThread - server_logic - [DEBUG] found replica for vector: 2
2025-11-18 17:23:27,393 - INFO - MainThread - server_logic - [DEBUG] found replica for vector: 3
2025-11-18 17:23:27,393 - INFO - MainThread - server_logic - [DEBUG] found replica for vector: 4
2025-11-18 17:23:27,393 - INFO - MainThread - server_logic - [DEBUG] found replica for vector: 1
2025-11-18 17:23:27,393 - INFO - MainThread - server_logic - [DEBUG] found replica for vector: 2
2025-11-18 17:23:27,393 - INFO - MainThread - server_logic - [DEBUG] found replica for vector: 3
2025-11-18 17:23:27,393 - INFO - MainThread - server_logic - [DEBUG] to me replica for vector: 3
2025-11-18 17:23:27,393 - INFO - MainThread - server_logic - [DEBUG] found replica for vector: 1
2025-11-18 17:23:27,393 - INFO - MainThread - server_logic - [DEBUG] found replica for vector: 2
2025-11-18 17:23:27,393 - INFO - MainThread - server_logic - [DEBUG] found replica for vector: 3
2025-11-18 17:23:27,393 - INFO - MainThread - server_logic - [DEBUG] to me replica for vector: 3
2025-11-18 17:23:27,393 - INFO - MainThread - server_logic - [DEBUG] found replica for vector: 1
2025-11-18 17:23:27,393 - INFO - MainThread - server_logic - [DEBUG] found replica for vector: 2
2025-11-18 17:23:27,393 - INFO - MainThread - server_logic - [DEBUG] found replica for vector: 3
2025-11-18 17:23:27,393 - INFO - MainThread - server_logic - [DEBUG] found replica for vector: 4
2025-11-18 17:23:27,393 - INFO - MainThread - server_logic - [DEBUG] found replica for vector: 1
2025-11-18 17:23:27,393 - INFO - MainThread - server_logic - [DEBUG] found replica for vector: 2
2025-11-18 17:23:27,393 - INFO - MainThread - server_logic - [DEBUG] found replica for vector: 3
2025-11-18 17:23:27,394 - INFO - MainThread - server_logic - [DEBUG] found replica for vector: 4
2025-11-18 17:23:27,394 - INFO - MainThread - server_logic - [DEBUG] found replica for vector: 1
2025-11-18 17:23:27,394 - INFO - MainThread - server_logic - [DEBUG] found replica for vector: 2
2025-11-18 17:23:27,394 - INFO - MainThread - server_logic - [DEBUG] found replica for vector: 3
2025-11-18 17:23:27,394 - INFO - MainThread - server_logic - [DEBUG] found replica for vector: 4
2025-11-18 17:23:27,394 - INFO - MainThread - server_logic - [DEBUG] found replica for vector: 1
2025-11-18 17:23:27,394 - INFO - MainThread - server_logic - [DEBUG] found replica for vector: 2
2025-11-18 17:23:27,394 - INFO - MainThread - server_logic - [DEBUG] found replica for vector: 3
2025-11-18 17:23:27,394 - INFO - MainThread - server_logic - [DEBUG] found replica for vector: 4
2025-11-18 17:23:27,394 - INFO - MainThread - server_logic - [DEBUG] found replica for vector: 1
2025-11-18 17:23:27,394 - INFO - MainThread - server_logic - [DEBUG] found replica for vector: 2
2025-11-18 17:23:27,394 - INFO - MainThread - server_logic - [DEBUG] found replica for vector: 3
2025-11-18 17:23:27,394 - INFO - MainThread - server_logic - [DEBUG] found replica for vector: 4
2025-11-18 17:23:27,394 - INFO - MainThread - server_logic - [DEBUG] found replica for vector: 1
2025-11-18 17:23:27,394 - INFO - MainThread - server_logic - [DEBUG] found replica for vector: 2
2025-11-18 17:23:27,394 - INFO - MainThread - server_logic - [DEBUG] found replica for vector: 3
2025-11-18 17:23:27,394 - INFO - MainThread - server_logic - [DEBUG] to me replica for vector: 3
2025-11-18 17:23:27,394 - INFO - MainThread - server_logic - [DEBUG] found replica for vector: 1
2025-11-18 17:23:27,394 - INFO - MainThread - server_logic - [DEBUG] found replica for vector: 2
2025-11-18 17:23:27,394 - INFO - MainThread - server_logic - [DEBUG] found replica for vector: 3
2025-11-18 17:23:27,394 - INFO - MainThread - server_logic - [DEBUG] found replica for vector: 4
2025-11-18 17:23:27,394 - INFO - MainThread - server_logic - [DEBUG] found replica for vector: 1
2025-11-18 17:23:27,394 - INFO - MainThread - server_logic - [DEBUG] found replica for vector: 2
2025-11-18 17:23:27,394 - INFO - MainThread - server_logic - [DEBUG] found replica for vector: 3
2025-11-18 17:23:27,394 - INFO - MainThread - server_logic - [DEBUG] found replica for vector: 4
2025-11-18 17:23:27,394 - INFO - MainThread - server_logic - [DEBUG] found replica for vector: 1
2025-11-18 17:23:27,394 - INFO - MainThread - server_logic - [DEBUG] found replica for vector: 2
2025-11-18 17:23:27,394 - INFO - MainThread - server_logic - [DEBUG] found replica for vector: 3
2025-11-18 17:23:27,394 - INFO - MainThread - server_logic - [DEBUG] found replica for vector: 4
2025-11-18 17:23:27,394 - INFO - MainThread - server_logic - [DEBUG] found replica for vector: 1
2025-11-18 17:23:27,394 - INFO - MainThread - server_logic - [DEBUG] found replica for vector: 2
2025-11-18 17:23:27,394 - INFO - MainThread - server_logic - [DEBUG] found replica for vector: 3
2025-11-18 17:23:27,394 - INFO - MainThread - server_logic - [DEBUG] to me replica for vector: 3
2025-11-18 17:23:27,394 - INFO - MainThread - server_logic - [DEBUG] found replica for vector: 1
2025-11-18 17:23:27,394 - INFO - MainThread - server_logic - [DEBUG] found replica for vector: 2
2025-11-18 17:23:27,394 - INFO - MainThread - server_logic - [DEBUG] found replica for vector: 3
2025-11-18 17:23:27,394 - INFO - MainThread - server_logic - [DEBUG] found replica for vector: 4
2025-11-18 17:23:27,394 - INFO - MainThread - server_logic - [DEBUG] found replica for vector: 1
2025-11-18 17:23:27,394 - INFO - MainThread - server_logic - [DEBUG] found replica for vector: 2
2025-11-18 17:23:27,394 - INFO - MainThread - server_logic - [DEBUG] found replica for vector: 3
2025-11-18 17:23:27,394 - INFO - MainThread - server_logic - [DEBUG] found replica for vector: 4
2025-11-18 17:23:27,394 - INFO - MainThread - server_logic - [DEBUG] found replica for vector: 1
2025-11-18 17:23:27,394 - INFO - MainThread - server_logic - [DEBUG] found replica for vector: 2
2025-11-18 17:23:27,394 - INFO - MainThread - server_logic - [DEBUG] found replica for vector: 3
2025-11-18 17:23:27,394 - INFO - MainThread - server_logic - [DEBUG] to me replica for vector: 3
2025-11-18 17:23:27,394 - INFO - MainThread - server_logic - [DEBUG] found replica for vector: 1
2025-11-18 17:23:27,394 - INFO - MainThread - server_logic - [DEBUG] found replica for vector: 2
2025-11-18 17:23:27,394 - INFO - MainThread - server_logic - [DEBUG] found replica for vector: 3
2025-11-18 17:23:27,394 - INFO - MainThread - server_logic - [DEBUG] found replica for vector: 4
2025-11-18 17:23:27,394 - INFO - MainThread - server_logic - [DEBUG] found replica for vector: 1
2025-11-18 17:23:27,394 - INFO - MainThread - server_logic - [DEBUG] found replica for vector: 2
2025-11-18 17:23:27,394 - INFO - MainThread - server_logic - [DEBUG] found replica for vector: 3
2025-11-18 17:23:27,394 - INFO - MainThread - server_logic - [DEBUG] found replica for vector: 4
2025-11-18 17:23:27,394 - INFO - MainThread - server_logic - [DEBUG] found replica for vector: 1
2025-11-18 17:23:27,394 - INFO - MainThread - server_logic - [DEBUG] found replica for vector: 2
2025-11-18 17:23:27,394 - INFO - MainThread - server_logic - [DEBUG] found replica for vector: 3
2025-11-18 17:23:27,394 - INFO - MainThread - server_logic - [DEBUG] found replica for vector: 4
2025-11-18 17:23:27,395 - INFO - MainThread - server_logic - [DEBUG] found replica for vector: 1
2025-11-18 17:23:27,395 - INFO - MainThread - server_logic - [DEBUG] found replica for vector: 2
2025-11-18 17:23:27,395 - INFO - MainThread - server_logic - [DEBUG] found replica for vector: 3
2025-11-18 17:23:27,395 - INFO - MainThread - server_logic - [DEBUG] found replica for vector: 4
2025-11-18 17:23:27,395 - INFO - MainThread - server_logic - [DEBUG] found replica for vector: 1
2025-11-18 17:23:27,395 - INFO - MainThread - server_logic - [DEBUG] found replica for vector: 2
2025-11-18 17:23:27,395 - INFO - MainThread - server_logic - [DEBUG] found replica for vector: 3
2025-11-18 17:23:27,395 - INFO - MainThread - server_logic - [DEBUG] found replica for vector: 4
2025-11-18 17:23:27,395 - INFO - MainThread - server_logic - [DEBUG] found replica for vector: 1
2025-11-18 17:23:27,395 - INFO - MainThread - server_logic - [DEBUG] found replica for vector: 2
2025-11-18 17:23:27,395 - INFO - MainThread - server_logic - [DEBUG] found replica for vector: 3
2025-11-18 17:23:27,395 - INFO - MainThread - server_logic - [DEBUG] to me replica for vector: 3
2025-11-18 17:23:27,395 - INFO - MainThread - server_logic - [DEBUG] found replica for vector: 1
2025-11-18 17:23:27,395 - INFO - MainThread - server_logic - [DEBUG] found replica for vector: 2
2025-11-18 17:23:27,395 - INFO - MainThread - server_logic - [DEBUG] found replica for vector: 3
2025-11-18 17:23:27,395 - INFO - MainThread - server_logic - [DEBUG] to me replica for vector: 3
2025-11-18 17:23:27,395 - INFO - MainThread - server_logic - [DEBUG] found replica for vector: 1
2025-11-18 17:23:27,395 - INFO - MainThread - server_logic - [DEBUG] found replica for vector: 2
2025-11-18 17:23:27,395 - INFO - MainThread - server_logic - [DEBUG] found replica for vector: 3
2025-11-18 17:23:27,395 - INFO - MainThread - server_logic - [DEBUG] found replica for vector: 4
2025-11-18 17:23:27,395 - INFO - MainThread - server_logic - [DEBUG] found replica for vector: 1
2025-11-18 17:23:27,395 - INFO - MainThread - server_logic - [DEBUG] found replica for vector: 2
2025-11-18 17:23:27,395 - INFO - MainThread - server_logic - [DEBUG] found replica for vector: 3
2025-11-18 17:23:27,395 - INFO - MainThread - server_logic - [DEBUG] found replica for vector: 4
2025-11-18 17:23:27,395 - INFO - MainThread - server_logic - [DEBUG] found replica for vector: 1
2025-11-18 17:23:27,395 - INFO - MainThread - server_logic - [DEBUG] found replica for vector: 2
2025-11-18 17:23:27,395 - INFO - MainThread - server_logic - [DEBUG] found replica for vector: 3
2025-11-18 17:23:27,395 - INFO - MainThread - server_logic - [DEBUG] found replica for vector: 4
2025-11-18 17:23:27,395 - INFO - MainThread - server_logic - [DEBUG] found replica for vector: 1
2025-11-18 17:23:27,395 - INFO - MainThread - server_logic - [DEBUG] found replica for vector: 2
2025-11-18 17:23:27,395 - INFO - MainThread - server_logic - [DEBUG] found replica for vector: 3
2025-11-18 17:23:27,395 - INFO - MainThread - server_logic - [DEBUG] found replica for vector: 4
2025-11-18 17:23:27,395 - INFO - MainThread - server_logic - [DEBUG] found replica for vector: 1
2025-11-18 17:23:27,395 - INFO - MainThread - server_logic - [DEBUG] found replica for vector: 2
2025-11-18 17:23:27,395 - INFO - MainThread - server_logic - [DEBUG] found replica for vector: 3
2025-11-18 17:23:27,395 - INFO - MainThread - server_logic - [DEBUG] found replica for vector: 4
2025-11-18 17:23:27,395 - INFO - MainThread - server_logic - [DEBUG] found replica for vector: 1
2025-11-18 17:23:27,395 - INFO - MainThread - server_logic - [DEBUG] found replica for vector: 2
2025-11-18 17:23:27,395 - INFO - MainThread - server_logic - [DEBUG] found replica for vector: 3
2025-11-18 17:23:27,395 - INFO - MainThread - server_logic - [DEBUG] found replica for vector: 4
2025-11-18 17:23:27,395 - INFO - MainThread - server_logic - [DEBUG] found replica for vector: 1
2025-11-18 17:23:27,395 - INFO - MainThread - server_logic - [DEBUG] found replica for vector: 2
2025-11-18 17:23:27,395 - INFO - MainThread - server_logic - [DEBUG] found replica for vector: 3
2025-11-18 17:23:27,395 - INFO - MainThread - server_logic - [DEBUG] found replica for vector: 4
2025-11-18 17:23:27,395 - INFO - MainThread - server_logic - [DEBUG] found replica for vector: 1
2025-11-18 17:23:27,395 - INFO - MainThread - server_logic - [DEBUG] found replica for vector: 2
2025-11-18 17:23:27,395 - INFO - MainThread - server_logic - [DEBUG] found replica for vector: 3
2025-11-18 17:23:27,395 - INFO - MainThread - server_logic - [DEBUG] found replica for vector: 4
2025-11-18 17:23:27,395 - INFO - MainThread - server_logic - [DEBUG] found replica for vector: 1
2025-11-18 17:23:27,395 - INFO - MainThread - server_logic - [DEBUG] found replica for vector: 2
2025-11-18 17:23:27,395 - INFO - MainThread - server_logic - [DEBUG] found replica for vector: 3
2025-11-18 17:23:27,395 - INFO - MainThread - server_logic - [DEBUG] found replica for vector: 4
2025-11-18 17:23:27,395 - INFO - MainThread - server_logic - [DEBUG] found replica for vector: 1
2025-11-18 17:23:27,395 - INFO - MainThread - server_logic - [DEBUG] found replica for vector: 2
2025-11-18 17:23:27,395 - INFO - MainThread - server_logic - [DEBUG] found replica for vector: 3
2025-11-18 17:23:27,395 - INFO - MainThread - server_logic - [DEBUG] found replica for vector: 4
2025-11-18 17:23:27,396 - INFO - MainThread - server_logic - [DEBUG] found replica for vector: 1
2025-11-18 17:23:27,396 - INFO - MainThread - server_logic - [DEBUG] found replica for vector: 2
2025-11-18 17:23:27,396 - INFO - MainThread - server_logic - [DEBUG] found replica for vector: 3
2025-11-18 17:23:27,396 - INFO - MainThread - server_logic - [DEBUG] to me replica for vector: 3
2025-11-18 17:23:27,396 - INFO - MainThread - server_logic - [DEBUG] found replica for vector: 1
2025-11-18 17:23:27,396 - INFO - MainThread - server_logic - [DEBUG] found replica for vector: 2
2025-11-18 17:23:27,396 - INFO - MainThread - server_logic - [DEBUG] found replica for vector: 3
2025-11-18 17:23:27,396 - INFO - MainThread - server_logic - [DEBUG] found replica for vector: 4
2025-11-18 17:23:27,396 - INFO - MainThread - server_logic - [DEBUG] found replica for vector: 1
2025-11-18 17:23:27,396 - INFO - MainThread - server_logic - [DEBUG] found replica for vector: 2
2025-11-18 17:23:27,396 - INFO - MainThread - server_logic - [DEBUG] found replica for vector: 3
2025-11-18 17:23:27,396 - INFO - MainThread - server_logic - [DEBUG] found replica for vector: 4
2025-11-18 17:23:27,396 - INFO - MainThread - server_logic - [DEBUG] found replica for vector: 1
2025-11-18 17:23:27,396 - INFO - MainThread - server_logic - [DEBUG] found replica for vector: 2
2025-11-18 17:23:27,396 - INFO - MainThread - server_logic - [DEBUG] found replica for vector: 3
2025-11-18 17:23:27,396 - INFO - MainThread - server_logic - [DEBUG] to me replica for vector: 3
2025-11-18 17:23:27,396 - INFO - MainThread - server_logic - [DEBUG] found replica for vector: 1
2025-11-18 17:23:27,396 - INFO - MainThread - server_logic - [DEBUG] found replica for vector: 2
2025-11-18 17:23:27,396 - INFO - MainThread - server_logic - [DEBUG] found replica for vector: 3
2025-11-18 17:23:27,396 - INFO - MainThread - server_logic - [DEBUG] found replica for vector: 4
2025-11-18 17:23:27,396 - INFO - MainThread - server_logic - [DEBUG] found replica for vector: 1
2025-11-18 17:23:27,396 - INFO - MainThread - server_logic - [DEBUG] found replica for vector: 2
2025-11-18 17:23:27,396 - INFO - MainThread - server_logic - [DEBUG] found replica for vector: 3
2025-11-18 17:23:27,396 - INFO - MainThread - server_logic - [DEBUG] found replica for vector: 4
2025-11-18 17:23:27,396 - INFO - MainThread - server_logic - [DEBUG] found replica for vector: 1
2025-11-18 17:23:27,396 - INFO - MainThread - server_logic - [DEBUG] found replica for vector: 2
2025-11-18 17:23:27,396 - INFO - MainThread - server_logic - [DEBUG] found replica for vector: 3
2025-11-18 17:23:27,396 - INFO - MainThread - server_logic - [DEBUG] found replica for vector: 4
2025-11-18 17:23:27,396 - INFO - MainThread - server_logic - [DEBUG] found replica for vector: 1
2025-11-18 17:23:27,396 - INFO - MainThread - server_logic - [DEBUG] found replica for vector: 2
2025-11-18 17:23:27,396 - INFO - MainThread - server_logic - [DEBUG] found replica for vector: 3
2025-11-18 17:23:27,396 - INFO - MainThread - server_logic - [DEBUG] found replica for vector: 4
2025-11-18 17:23:27,396 - INFO - MainThread - server_logic - [DEBUG] found replica for vector: 1
2025-11-18 17:23:27,396 - INFO - MainThread - server_logic - [DEBUG] found replica for vector: 2
2025-11-18 17:23:27,396 - INFO - MainThread - server_logic - [DEBUG] found replica for vector: 3
2025-11-18 17:23:27,396 - INFO - MainThread - server_logic - [DEBUG] found replica for vector: 4
2025-11-18 17:23:27,396 - INFO - MainThread - server_logic - [DEBUG] found replica for vector: 1
2025-11-18 17:23:27,396 - INFO - MainThread - server_logic - [DEBUG] found replica for vector: 2
2025-11-18 17:23:27,396 - INFO - MainThread - server_logic - [DEBUG] found replica for vector: 3
2025-11-18 17:23:27,396 - INFO - MainThread - server_logic - [DEBUG] to me replica for vector: 3
2025-11-18 17:23:27,396 - INFO - MainThread - server_logic - [DEBUG] found replica for vector: 1
2025-11-18 17:23:27,396 - INFO - MainThread - server_logic - [DEBUG] found replica for vector: 2
2025-11-18 17:23:27,396 - INFO - MainThread - server_logic - [DEBUG] found replica for vector: 3
2025-11-18 17:23:27,396 - INFO - MainThread - server_logic - [DEBUG] found replica for vector: 4
2025-11-18 17:23:27,396 - INFO - MainThread - server_logic - [DEBUG] found replica for vector: 1
2025-11-18 17:23:27,396 - INFO - MainThread - server_logic - [DEBUG] found replica for vector: 2
2025-11-18 17:23:27,396 - INFO - MainThread - server_logic - [DEBUG] found replica for vector: 3
2025-11-18 17:23:27,396 - INFO - MainThread - server_logic - [DEBUG] found replica for vector: 4
2025-11-18 17:23:27,396 - INFO - MainThread - server_logic - [DEBUG] found replica for vector: 1
2025-11-18 17:23:27,396 - INFO - MainThread - server_logic - [DEBUG] found replica for vector: 2
2025-11-18 17:23:27,396 - INFO - MainThread - server_logic - [DEBUG] found replica for vector: 3
2025-11-18 17:23:27,396 - INFO - MainThread - server_logic - [DEBUG] found replica for vector: 4
2025-11-18 17:23:27,396 - INFO - MainThread - server_logic - [DEBUG] found replica for vector: 1
2025-11-18 17:23:27,396 - INFO - MainThread - server_logic - [DEBUG] found replica for vector: 2
2025-11-18 17:23:27,396 - INFO - MainThread - server_logic - [DEBUG] found replica for vector: 3
2025-11-18 17:23:27,396 - INFO - MainThread - server_logic - [DEBUG] found replica for vector: 4
2025-11-18 17:23:27,397 - INFO - MainThread - server_logic - [DEBUG] found replica for vector: 1
2025-11-18 17:23:27,397 - INFO - MainThread - server_logic - [DEBUG] found replica for vector: 2
2025-11-18 17:23:27,397 - INFO - MainThread - server_logic - [DEBUG] found replica for vector: 3
2025-11-18 17:23:27,397 - INFO - MainThread - server_logic - [DEBUG] to me replica for vector: 3
2025-11-18 17:23:27,397 - INFO - MainThread - server_logic - [DEBUG] found replica for vector: 1
2025-11-18 17:23:27,397 - INFO - MainThread - server_logic - [DEBUG] found replica for vector: 2
2025-11-18 17:23:27,397 - INFO - MainThread - server_logic - [DEBUG] found replica for vector: 3
2025-11-18 17:23:27,397 - INFO - MainThread - server_logic - [DEBUG] found replica for vector: 4
2025-11-18 17:23:27,397 - INFO - MainThread - server_logic - [DEBUG] found replica for vector: 1
2025-11-18 17:23:27,397 - INFO - MainThread - server_logic - [DEBUG] found replica for vector: 2
2025-11-18 17:23:27,397 - INFO - MainThread - server_logic - [DEBUG] found replica for vector: 3
2025-11-18 17:23:27,397 - INFO - MainThread - server_logic - [DEBUG] to me replica for vector: 3
2025-11-18 17:23:27,397 - INFO - MainThread - server_logic - [DEBUG] found replica for vector: 1
2025-11-18 17:23:27,397 - INFO - MainThread - server_logic - [DEBUG] found replica for vector: 2
2025-11-18 17:23:27,397 - INFO - MainThread - server_logic - [DEBUG] found replica for vector: 3
2025-11-18 17:23:27,397 - INFO - MainThread - server_logic - [DEBUG] to me replica for vector: 3
2025-11-18 17:23:27,397 - INFO - MainThread - server_logic - [DEBUG] found replica for vector: 1
2025-11-18 17:23:27,397 - INFO - MainThread - server_logic - [DEBUG] found replica for vector: 2
2025-11-18 17:23:27,397 - INFO - MainThread - server_logic - [DEBUG] found replica for vector: 3
2025-11-18 17:23:27,397 - INFO - MainThread - server_logic - [DEBUG] found replica for vector: 4
2025-11-18 17:23:27,397 - INFO - MainThread - server_logic - [DEBUG] found replica for vector: 1
2025-11-18 17:23:27,397 - INFO - MainThread - server_logic - [DEBUG] found replica for vector: 2
2025-11-18 17:23:27,397 - INFO - MainThread - server_logic - [DEBUG] found replica for vector: 3
2025-11-18 17:23:27,397 - INFO - MainThread - server_logic - [DEBUG] found replica for vector: 4
2025-11-18 17:23:27,397 - INFO - MainThread - server_logic - [DEBUG] found replica for vector: 1
2025-11-18 17:23:27,397 - INFO - MainThread - server_logic - [DEBUG] found replica for vector: 2
2025-11-18 17:23:27,397 - INFO - MainThread - server_logic - [DEBUG] found replica for vector: 3
2025-11-18 17:23:27,397 - INFO - MainThread - server_logic - [DEBUG] to me replica for vector: 3
2025-11-18 17:23:27,397 - INFO - MainThread - server_logic - [DEBUG] found replica for vector: 1
2025-11-18 17:23:27,397 - INFO - MainThread - server_logic - [DEBUG] found replica for vector: 2
2025-11-18 17:23:27,397 - INFO - MainThread - server_logic - [DEBUG] found replica for vector: 3
2025-11-18 17:23:27,397 - INFO - MainThread - server_logic - [DEBUG] found replica for vector: 4
2025-11-18 17:23:27,397 - INFO - MainThread - server_logic - [DEBUG] found replica for vector: 1
2025-11-18 17:23:27,397 - INFO - MainThread - server_logic - [DEBUG] found replica for vector: 2
2025-11-18 17:23:27,397 - INFO - MainThread - server_logic - [DEBUG] found replica for vector: 3
2025-11-18 17:23:27,397 - INFO - MainThread - server_logic - [DEBUG] found replica for vector: 4
2025-11-18 17:23:27,397 - INFO - MainThread - server_logic - [DEBUG] found replica for vector: 1
2025-11-18 17:23:27,397 - INFO - MainThread - server_logic - [DEBUG] found replica for vector: 2
2025-11-18 17:23:27,397 - INFO - MainThread - server_logic - [DEBUG] found replica for vector: 3
2025-11-18 17:23:27,397 - INFO - MainThread - server_logic - [DEBUG] found replica for vector: 4
2025-11-18 17:23:27,397 - INFO - MainThread - server_logic - [DEBUG] found replica for vector: 1
2025-11-18 17:23:27,397 - INFO - MainThread - server_logic - [DEBUG] found replica for vector: 2
2025-11-18 17:23:27,397 - INFO - MainThread - server_logic - [DEBUG] found replica for vector: 3
2025-11-18 17:23:27,397 - INFO - MainThread - server_logic - [DEBUG] found replica for vector: 4
2025-11-18 17:23:27,397 - INFO - MainThread - server_logic - [DEBUG] found replica for vector: 1
2025-11-18 17:23:27,397 - INFO - MainThread - server_logic - [DEBUG] found replica for vector: 2
2025-11-18 17:23:27,397 - INFO - MainThread - server_logic - [DEBUG] found replica for vector: 3
2025-11-18 17:23:27,397 - INFO - MainThread - server_logic - [DEBUG] to me replica for vector: 3
2025-11-18 17:23:27,397 - INFO - MainThread - server_logic - [DEBUG] found replica for vector: 1
2025-11-18 17:23:27,397 - INFO - MainThread - server_logic - [DEBUG] found replica for vector: 2
2025-11-18 17:23:27,397 - INFO - MainThread - server_logic - [DEBUG] found replica for vector: 3
2025-11-18 17:23:27,397 - INFO - MainThread - server_logic - [DEBUG] found replica for vector: 4
2025-11-18 17:23:27,397 - INFO - MainThread - server_logic - [DEBUG] found replica for vector: 1
2025-11-18 17:23:27,397 - INFO - MainThread - server_logic - [DEBUG] found replica for vector: 2
2025-11-18 17:23:27,397 - INFO - MainThread - server_logic - [DEBUG] found replica for vector: 3
2025-11-18 17:23:27,397 - INFO - MainThread - server_logic - [DEBUG] found replica for vector: 4
2025-11-18 17:23:27,397 - INFO - MainThread - server_logic - [DEBUG] found replica for vector: 1
2025-11-18 17:23:27,397 - INFO - MainThread - server_logic - [DEBUG] found replica for vector: 2
2025-11-18 17:23:27,398 - INFO - MainThread - server_logic - [DEBUG] found replica for vector: 3
2025-11-18 17:23:27,398 - INFO - MainThread - server_logic - [DEBUG] found replica for vector: 4
2025-11-18 17:23:27,398 - INFO - MainThread - server_logic - [DEBUG] found replica for vector: 1
2025-11-18 17:23:27,398 - INFO - MainThread - server_logic - [DEBUG] found replica for vector: 2
2025-11-18 17:23:27,398 - INFO - MainThread - server_logic - [DEBUG] found replica for vector: 3
2025-11-18 17:23:27,398 - INFO - MainThread - server_logic - [DEBUG] found replica for vector: 4
2025-11-18 17:23:27,398 - INFO - MainThread - server_logic - [DEBUG] found replica for vector: 1
2025-11-18 17:23:27,398 - INFO - MainThread - server_logic - [DEBUG] found replica for vector: 2
2025-11-18 17:23:27,398 - INFO - MainThread - server_logic - [DEBUG] found replica for vector: 3
2025-11-18 17:23:27,398 - INFO - MainThread - server_logic - [DEBUG] found replica for vector: 4
2025-11-18 17:23:27,398 - INFO - MainThread - server_logic - [DEBUG] found replica for vector: 1
2025-11-18 17:23:27,398 - INFO - MainThread - server_logic - [DEBUG] found replica for vector: 2
2025-11-18 17:23:27,398 - INFO - MainThread - server_logic - [DEBUG] found replica for vector: 3
2025-11-18 17:23:27,398 - INFO - MainThread - server_logic - [DEBUG] found replica for vector: 4
2025-11-18 17:23:27,398 - INFO - MainThread - server_logic - [DEBUG] found replica for vector: 1
2025-11-18 17:23:27,398 - INFO - MainThread - server_logic - [DEBUG] found replica for vector: 2
2025-11-18 17:23:27,398 - INFO - MainThread - server_logic - [DEBUG] found replica for vector: 3
2025-11-18 17:23:27,398 - INFO - MainThread - server_logic - [DEBUG] to me replica for vector: 3
2025-11-18 17:23:27,398 - INFO - MainThread - server_logic - [DEBUG] found replica for vector: 1
2025-11-18 17:23:27,398 - INFO - MainThread - server_logic - [DEBUG] found replica for vector: 2
2025-11-18 17:23:27,398 - INFO - MainThread - server_logic - [DEBUG] found replica for vector: 3
2025-11-18 17:23:27,398 - INFO - MainThread - server_logic - [DEBUG] to me replica for vector: 3
2025-11-18 17:23:27,398 - INFO - MainThread - server_logic - [DEBUG] found replica for vector: 1
2025-11-18 17:23:27,398 - INFO - MainThread - server_logic - [DEBUG] found replica for vector: 2
2025-11-18 17:23:27,398 - INFO - MainThread - server_logic - [DEBUG] found replica for vector: 3
2025-11-18 17:23:27,398 - INFO - MainThread - server_logic - [DEBUG] found replica for vector: 4
2025-11-18 17:23:27,398 - INFO - MainThread - server_logic - [DEBUG] found replica for vector: 1
2025-11-18 17:23:27,398 - INFO - MainThread - server_logic - [DEBUG] found replica for vector: 2
2025-11-18 17:23:27,398 - INFO - MainThread - server_logic - [DEBUG] found replica for vector: 3
2025-11-18 17:23:27,398 - INFO - MainThread - server_logic - [DEBUG] to me replica for vector: 3
2025-11-18 17:23:27,398 - INFO - MainThread - server_logic - [DEBUG] found replica for vector: 1
2025-11-18 17:23:27,398 - INFO - MainThread - server_logic - [DEBUG] found replica for vector: 2
2025-11-18 17:23:27,398 - INFO - MainThread - server_logic - [DEBUG] found replica for vector: 3
2025-11-18 17:23:27,398 - INFO - MainThread - server_logic - [DEBUG] to me replica for vector: 3
2025-11-18 17:23:27,398 - INFO - MainThread - server_logic - [DEBUG] found replica for vector: 1
2025-11-18 17:23:27,398 - INFO - MainThread - server_logic - [DEBUG] found replica for vector: 2
2025-11-18 17:23:27,398 - INFO - MainThread - server_logic - [DEBUG] found replica for vector: 3
2025-11-18 17:23:27,398 - INFO - MainThread - server_logic - [DEBUG] found replica for vector: 4
2025-11-18 17:23:27,398 - INFO - MainThread - server_logic - [DEBUG] found replica for vector: 1
2025-11-18 17:23:27,398 - INFO - MainThread - server_logic - [DEBUG] found replica for vector: 2
2025-11-18 17:23:27,398 - INFO - MainThread - server_logic - [DEBUG] found replica for vector: 3
2025-11-18 17:23:27,398 - INFO - MainThread - server_logic - [DEBUG] found replica for vector: 4
2025-11-18 17:23:27,398 - INFO - MainThread - server_logic - [DEBUG] found replica for vector: 1
2025-11-18 17:23:27,398 - INFO - MainThread - server_logic - [DEBUG] found replica for vector: 2
2025-11-18 17:23:27,398 - INFO - MainThread - server_logic - [DEBUG] found replica for vector: 3
2025-11-18 17:23:27,398 - INFO - MainThread - server_logic - [DEBUG] to me replica for vector: 3
2025-11-18 17:23:27,398 - INFO - MainThread - server_logic - [DEBUG] found replica for vector: 1
2025-11-18 17:23:27,398 - INFO - MainThread - server_logic - [DEBUG] found replica for vector: 2
2025-11-18 17:23:27,398 - INFO - MainThread - server_logic - [DEBUG] found replica for vector: 3
2025-11-18 17:23:27,398 - INFO - MainThread - server_logic - [DEBUG] to me replica for vector: 3
2025-11-18 17:23:27,398 - INFO - MainThread - server_logic - [DEBUG] found replica for vector: 1
2025-11-18 17:23:27,398 - INFO - MainThread - server_logic - [DEBUG] found replica for vector: 2
2025-11-18 17:23:27,398 - INFO - MainThread - server_logic - [DEBUG] found replica for vector: 3
2025-11-18 17:23:27,398 - INFO - MainThread - server_logic - [DEBUG] to me replica for vector: 3
2025-11-18 17:23:27,398 - INFO - MainThread - server_logic - [DEBUG] found replica for vector: 1
2025-11-18 17:23:27,398 - INFO - MainThread - server_logic - [DEBUG] found replica for vector: 2
2025-11-18 17:23:27,398 - INFO - MainThread - server_logic - [DEBUG] found replica for vector: 3
2025-11-18 17:23:27,399 - INFO - MainThread - server_logic - [DEBUG] found replica for vector: 4
2025-11-18 17:23:27,399 - INFO - MainThread - server_logic - [DEBUG] found replica for vector: 1
2025-11-18 17:23:27,399 - INFO - MainThread - server_logic - [DEBUG] found replica for vector: 2
2025-11-18 17:23:27,399 - INFO - MainThread - server_logic - [DEBUG] found replica for vector: 3
2025-11-18 17:23:27,399 - INFO - MainThread - server_logic - [DEBUG] found replica for vector: 4
2025-11-18 17:23:27,399 - INFO - MainThread - server_logic - [DEBUG] found replica for vector: 1
2025-11-18 17:23:27,399 - INFO - MainThread - server_logic - [DEBUG] found replica for vector: 2
2025-11-18 17:23:27,399 - INFO - MainThread - server_logic - [DEBUG] found replica for vector: 3
2025-11-18 17:23:27,399 - INFO - MainThread - server_logic - [DEBUG] found replica for vector: 4
2025-11-18 17:23:27,399 - INFO - MainThread - server_logic - [DEBUG] found replica for vector: 1
2025-11-18 17:23:27,399 - INFO - MainThread - server_logic - [DEBUG] found replica for vector: 2
2025-11-18 17:23:27,399 - INFO - MainThread - server_logic - [DEBUG] found replica for vector: 3
2025-11-18 17:23:27,399 - INFO - MainThread - server_logic - [DEBUG] found replica for vector: 4
2025-11-18 17:23:27,399 - INFO - MainThread - server_logic - [DEBUG] found replica for vector: 1
2025-11-18 17:23:27,399 - INFO - MainThread - server_logic - [DEBUG] found replica for vector: 2
2025-11-18 17:23:27,399 - INFO - MainThread - server_logic - [DEBUG] found replica for vector: 3
2025-11-18 17:23:27,399 - INFO - MainThread - server_logic - [DEBUG] found replica for vector: 4
2025-11-18 17:23:27,399 - INFO - MainThread - server_logic - [DEBUG] found replica for vector: 1
2025-11-18 17:23:27,399 - INFO - MainThread - server_logic - [DEBUG] found replica for vector: 2
2025-11-18 17:23:27,399 - INFO - MainThread - server_logic - [DEBUG] found replica for vector: 3
2025-11-18 17:23:27,399 - INFO - MainThread - server_logic - [DEBUG] found replica for vector: 4
2025-11-18 17:23:27,399 - INFO - MainThread - server_logic - [DEBUG] found replica for vector: 1
2025-11-18 17:23:27,399 - INFO - MainThread - server_logic - [DEBUG] found replica for vector: 2
2025-11-18 17:23:27,399 - INFO - MainThread - server_logic - [DEBUG] found replica for vector: 3
2025-11-18 17:23:27,399 - INFO - MainThread - server_logic - [DEBUG] found replica for vector: 4
2025-11-18 17:23:27,399 - INFO - MainThread - server_logic - [DEBUG] found replica for vector: 1
2025-11-18 17:23:27,399 - INFO - MainThread - server_logic - [DEBUG] found replica for vector: 2
2025-11-18 17:23:27,399 - INFO - MainThread - server_logic - [DEBUG] found replica for vector: 3
2025-11-18 17:23:27,399 - INFO - MainThread - server_logic - [DEBUG] found replica for vector: 4
2025-11-18 17:23:27,399 - INFO - MainThread - server_logic - [DEBUG] found replica for vector: 1
2025-11-18 17:23:27,399 - INFO - MainThread - server_logic - [DEBUG] found replica for vector: 2
2025-11-18 17:23:27,399 - INFO - MainThread - server_logic - [DEBUG] found replica for vector: 3
2025-11-18 17:23:27,399 - INFO - MainThread - server_logic - [DEBUG] to me replica for vector: 3
2025-11-18 17:23:27,399 - INFO - MainThread - server_logic - [DEBUG] found replica for vector: 1
2025-11-18 17:23:27,399 - INFO - MainThread - server_logic - [DEBUG] found replica for vector: 2
2025-11-18 17:23:27,399 - INFO - MainThread - server_logic - [DEBUG] found replica for vector: 3
2025-11-18 17:23:27,399 - INFO - MainThread - server_logic - [DEBUG] to me replica for vector: 3
2025-11-18 17:23:27,399 - INFO - MainThread - server_logic - [DEBUG] found replica for vector: 1
2025-11-18 17:23:27,399 - INFO - MainThread - server_logic - [DEBUG] found replica for vector: 2
2025-11-18 17:23:27,399 - INFO - MainThread - server_logic - [DEBUG] found replica for vector: 3
2025-11-18 17:23:27,399 - INFO - MainThread - server_logic - [DEBUG] to me replica for vector: 3
2025-11-18 17:23:27,399 - INFO - MainThread - server_logic - [DEBUG] found replica for vector: 1
2025-11-18 17:23:27,399 - INFO - MainThread - server_logic - [DEBUG] found replica for vector: 2
2025-11-18 17:23:27,399 - INFO - MainThread - server_logic - [DEBUG] found replica for vector: 3
2025-11-18 17:23:27,399 - INFO - MainThread - server_logic - [DEBUG] found replica for vector: 4
2025-11-18 17:23:27,399 - INFO - MainThread - server_logic - [DEBUG] found replica for vector: 1
2025-11-18 17:23:27,399 - INFO - MainThread - server_logic - [DEBUG] found replica for vector: 2
2025-11-18 17:23:27,399 - INFO - MainThread - server_logic - [DEBUG] found replica for vector: 3
2025-11-18 17:23:27,399 - INFO - MainThread - server_logic - [DEBUG] found replica for vector: 4
2025-11-18 17:23:27,399 - INFO - MainThread - server_logic - [DEBUG] found replica for vector: 1
2025-11-18 17:23:27,399 - INFO - MainThread - server_logic - [DEBUG] found replica for vector: 2
2025-11-18 17:23:27,399 - INFO - MainThread - server_logic - [DEBUG] found replica for vector: 3
2025-11-18 17:23:27,399 - INFO - MainThread - server_logic - [DEBUG] found replica for vector: 4
2025-11-18 17:23:27,399 - INFO - MainThread - server_logic - [DEBUG] found replica for vector: 1
2025-11-18 17:23:27,399 - INFO - MainThread - server_logic - [DEBUG] found replica for vector: 2
2025-11-18 17:23:27,399 - INFO - MainThread - server_logic - [DEBUG] found replica for vector: 3
2025-11-18 17:23:27,399 - INFO - MainThread - server_logic - [DEBUG] to me replica for vector: 3
2025-11-18 17:23:27,400 - INFO - MainThread - server_logic - [DEBUG] found replica for vector: 1
2025-11-18 17:23:27,400 - INFO - MainThread - server_logic - [DEBUG] found replica for vector: 2
2025-11-18 17:23:27,400 - INFO - MainThread - server_logic - [DEBUG] found replica for vector: 3
2025-11-18 17:23:27,400 - INFO - MainThread - server_logic - [DEBUG] found replica for vector: 4
2025-11-18 17:23:27,400 - INFO - MainThread - server_logic - [DEBUG] found replica for vector: 1
2025-11-18 17:23:27,400 - INFO - MainThread - server_logic - [DEBUG] found replica for vector: 2
2025-11-18 17:23:27,400 - INFO - MainThread - server_logic - [DEBUG] found replica for vector: 3
2025-11-18 17:23:27,400 - INFO - MainThread - server_logic - [DEBUG] to me replica for vector: 3
2025-11-18 17:23:27,400 - INFO - MainThread - server_logic - [DEBUG] found replica for vector: 1
2025-11-18 17:23:27,400 - INFO - MainThread - server_logic - [DEBUG] found replica for vector: 2
2025-11-18 17:23:27,400 - INFO - MainThread - server_logic - [DEBUG] found replica for vector: 3
2025-11-18 17:23:27,400 - INFO - MainThread - server_logic - [DEBUG] found replica for vector: 4
2025-11-18 17:23:27,400 - INFO - MainThread - server_logic - [DEBUG] found replica for vector: 1
2025-11-18 17:23:27,400 - INFO - MainThread - server_logic - [DEBUG] found replica for vector: 2
2025-11-18 17:23:27,400 - INFO - MainThread - server_logic - [DEBUG] found replica for vector: 3
2025-11-18 17:23:27,400 - INFO - MainThread - server_logic - [DEBUG] found replica for vector: 4
2025-11-18 17:23:27,400 - INFO - MainThread - server_logic - [DEBUG] found replica for vector: 1
2025-11-18 17:23:27,400 - INFO - MainThread - server_logic - [DEBUG] found replica for vector: 2
2025-11-18 17:23:27,400 - INFO - MainThread - server_logic - [DEBUG] found replica for vector: 3
2025-11-18 17:23:27,400 - INFO - MainThread - server_logic - [DEBUG] found replica for vector: 4
2025-11-18 17:23:27,400 - INFO - MainThread - server_logic - [DEBUG] found replica for vector: 1
2025-11-18 17:23:27,400 - INFO - MainThread - server_logic - [DEBUG] found replica for vector: 2
2025-11-18 17:23:27,400 - INFO - MainThread - server_logic - [DEBUG] found replica for vector: 3
2025-11-18 17:23:27,400 - INFO - MainThread - server_logic - [DEBUG] to me replica for vector: 3
2025-11-18 17:23:27,400 - INFO - MainThread - server_logic - [DEBUG] found replica for vector: 1
2025-11-18 17:23:27,400 - INFO - MainThread - server_logic - [DEBUG] found replica for vector: 2
2025-11-18 17:23:27,400 - INFO - MainThread - server_logic - [DEBUG] found replica for vector: 3
2025-11-18 17:23:27,400 - INFO - MainThread - server_logic - [DEBUG] to me replica for vector: 3
2025-11-18 17:23:27,400 - INFO - MainThread - server_logic - [DEBUG] found replica for vector: 1
2025-11-18 17:23:27,400 - INFO - MainThread - server_logic - [DEBUG] found replica for vector: 2
2025-11-18 17:23:27,400 - INFO - MainThread - server_logic - [DEBUG] found replica for vector: 3
2025-11-18 17:23:27,400 - INFO - MainThread - server_logic - [DEBUG] to me replica for vector: 3
2025-11-18 17:23:27,400 - INFO - MainThread - server_logic - [DEBUG] found replica for vector: 1
2025-11-18 17:23:27,400 - INFO - MainThread - server_logic - [DEBUG] found replica for vector: 2
2025-11-18 17:23:27,400 - INFO - MainThread - server_logic - [DEBUG] found replica for vector: 3
2025-11-18 17:23:27,400 - INFO - MainThread - server_logic - [DEBUG] found replica for vector: 4
2025-11-18 17:23:27,400 - INFO - MainThread - server_logic - [DEBUG] found replica for vector: 1
2025-11-18 17:23:27,400 - INFO - MainThread - server_logic - [DEBUG] found replica for vector: 2
2025-11-18 17:23:27,400 - INFO - MainThread - server_logic - [DEBUG] found replica for vector: 3
2025-11-18 17:23:27,400 - INFO - MainThread - server_logic - [DEBUG] to me replica for vector: 3
2025-11-18 17:23:27,400 - INFO - MainThread - server_logic - [DEBUG] found replica for vector: 1
2025-11-18 17:23:27,400 - INFO - MainThread - server_logic - [DEBUG] found replica for vector: 2
2025-11-18 17:23:27,400 - INFO - MainThread - server_logic - [DEBUG] found replica for vector: 3
2025-11-18 17:23:27,400 - INFO - MainThread - server_logic - [DEBUG] to me replica for vector: 3
2025-11-18 17:23:27,400 - INFO - MainThread - server_logic - [DEBUG] found replica for vector: 1
2025-11-18 17:23:27,400 - INFO - MainThread - server_logic - [DEBUG] found replica for vector: 2
2025-11-18 17:23:27,400 - INFO - MainThread - server_logic - [DEBUG] found replica for vector: 3
2025-11-18 17:23:27,400 - INFO - MainThread - server_logic - [DEBUG] to me replica for vector: 3
2025-11-18 17:23:27,400 - INFO - MainThread - server_logic - [DEBUG] found replica for vector: 1
2025-11-18 17:23:27,400 - INFO - MainThread - server_logic - [DEBUG] found replica for vector: 2
2025-11-18 17:23:27,400 - INFO - MainThread - server_logic - [DEBUG] found replica for vector: 3
2025-11-18 17:23:27,400 - INFO - MainThread - server_logic - [DEBUG] found replica for vector: 4
2025-11-18 17:23:27,400 - INFO - MainThread - server_logic - [DEBUG] found replica for vector: 1
2025-11-18 17:23:27,400 - INFO - MainThread - server_logic - [DEBUG] found replica for vector: 2
2025-11-18 17:23:27,400 - INFO - MainThread - server_logic - [DEBUG] found replica for vector: 3
2025-11-18 17:23:27,400 - INFO - MainThread - server_logic - [DEBUG] found replica for vector: 4
2025-11-18 17:23:27,401 - INFO - MainThread - server_logic - [DEBUG] found replica for vector: 1
2025-11-18 17:23:27,401 - INFO - MainThread - server_logic - [DEBUG] found replica for vector: 2
2025-11-18 17:23:27,401 - INFO - MainThread - server_logic - [DEBUG] found replica for vector: 3
2025-11-18 17:23:27,401 - INFO - MainThread - server_logic - [DEBUG] found replica for vector: 4
2025-11-18 17:23:27,401 - INFO - MainThread - server_logic - [DEBUG] found replica for vector: 1
2025-11-18 17:23:27,401 - INFO - MainThread - server_logic - [DEBUG] found replica for vector: 2
2025-11-18 17:23:27,401 - INFO - MainThread - server_logic - [DEBUG] found replica for vector: 3
2025-11-18 17:23:27,401 - INFO - MainThread - server_logic - [DEBUG] found replica for vector: 4
2025-11-18 17:23:27,401 - INFO - MainThread - server_logic - [DEBUG] found replica for vector: 1
2025-11-18 17:23:27,401 - INFO - MainThread - server_logic - [DEBUG] found replica for vector: 2
2025-11-18 17:23:27,401 - INFO - MainThread - server_logic - [DEBUG] found replica for vector: 3
2025-11-18 17:23:27,401 - INFO - MainThread - server_logic - [DEBUG] to me replica for vector: 3
2025-11-18 17:23:27,401 - INFO - MainThread - server_logic - [DEBUG] found replica for vector: 1
2025-11-18 17:23:27,401 - INFO - MainThread - server_logic - [DEBUG] found replica for vector: 2
2025-11-18 17:23:27,401 - INFO - MainThread - server_logic - [DEBUG] found replica for vector: 3
2025-11-18 17:23:27,401 - INFO - MainThread - server_logic - [DEBUG] found replica for vector: 4
2025-11-18 17:23:27,401 - INFO - MainThread - server_logic - [DEBUG] found replica for vector: 1
2025-11-18 17:23:27,401 - INFO - MainThread - server_logic - [DEBUG] found replica for vector: 2
2025-11-18 17:23:27,401 - INFO - MainThread - server_logic - [DEBUG] found replica for vector: 3
2025-11-18 17:23:27,401 - INFO - MainThread - server_logic - [DEBUG] found replica for vector: 4
2025-11-18 17:23:27,401 - INFO - MainThread - server_logic - [DEBUG] found replica for vector: 1
2025-11-18 17:23:27,401 - INFO - MainThread - server_logic - [DEBUG] found replica for vector: 2
2025-11-18 17:23:27,401 - INFO - MainThread - server_logic - [DEBUG] found replica for vector: 3
2025-11-18 17:23:27,401 - INFO - MainThread - server_logic - [DEBUG] found replica for vector: 4
2025-11-18 17:23:27,401 - INFO - MainThread - server_logic - [DEBUG] found replica for vector: 1
2025-11-18 17:23:27,401 - INFO - MainThread - server_logic - [DEBUG] found replica for vector: 2
2025-11-18 17:23:27,401 - INFO - MainThread - server_logic - [DEBUG] found replica for vector: 3
2025-11-18 17:23:27,401 - INFO - MainThread - server_logic - [DEBUG] found replica for vector: 4
2025-11-18 17:23:27,401 - INFO - MainThread - server_logic - [DEBUG] found replica for vector: 1
2025-11-18 17:23:27,401 - INFO - MainThread - server_logic - [DEBUG] found replica for vector: 2
2025-11-18 17:23:27,401 - INFO - MainThread - server_logic - [DEBUG] found replica for vector: 3
2025-11-18 17:23:27,401 - INFO - MainThread - server_logic - [DEBUG] found replica for vector: 4
2025-11-18 17:23:27,401 - INFO - MainThread - server_logic - [DEBUG] found replica for vector: 1
2025-11-18 17:23:27,401 - INFO - MainThread - server_logic - [DEBUG] found replica for vector: 2
2025-11-18 17:23:27,401 - INFO - MainThread - server_logic - [DEBUG] found replica for vector: 3
2025-11-18 17:23:27,401 - INFO - MainThread - server_logic - [DEBUG] to me replica for vector: 3
2025-11-18 17:23:27,401 - INFO - MainThread - server_logic - [DEBUG] found replica for vector: 1
2025-11-18 17:23:27,401 - INFO - MainThread - server_logic - [DEBUG] found replica for vector: 2
2025-11-18 17:23:27,401 - INFO - MainThread - server_logic - [DEBUG] found replica for vector: 3
2025-11-18 17:23:27,401 - INFO - MainThread - server_logic - [DEBUG] found replica for vector: 4
2025-11-18 17:23:27,401 - INFO - MainThread - server_logic - [DEBUG] found replica for vector: 1
2025-11-18 17:23:27,401 - INFO - MainThread - server_logic - [DEBUG] found replica for vector: 2
2025-11-18 17:23:27,401 - INFO - MainThread - server_logic - [DEBUG] found replica for vector: 3
2025-11-18 17:23:27,401 - INFO - MainThread - server_logic - [DEBUG] to me replica for vector: 3
2025-11-18 17:23:27,401 - INFO - MainThread - server_logic - [DEBUG] found replica for vector: 1
2025-11-18 17:23:27,401 - INFO - MainThread - server_logic - [DEBUG] found replica for vector: 2
2025-11-18 17:23:27,401 - INFO - MainThread - server_logic - [DEBUG] found replica for vector: 3
2025-11-18 17:23:27,401 - INFO - MainThread - server_logic - [DEBUG] found replica for vector: 4
2025-11-18 17:23:27,401 - INFO - MainThread - server_logic - [DEBUG] found replica for vector: 1
2025-11-18 17:23:27,401 - INFO - MainThread - server_logic - [DEBUG] found replica for vector: 2
2025-11-18 17:23:27,401 - INFO - MainThread - server_logic - [DEBUG] found replica for vector: 3
2025-11-18 17:23:27,401 - INFO - MainThread - server_logic - [DEBUG] found replica for vector: 4
2025-11-18 17:23:27,401 - INFO - MainThread - server_logic - [DEBUG] found replica for vector: 1
2025-11-18 17:23:27,401 - INFO - MainThread - server_logic - [DEBUG] found replica for vector: 2
2025-11-18 17:23:27,401 - INFO - MainThread - server_logic - [DEBUG] found replica for vector: 3
2025-11-18 17:23:27,401 - INFO - MainThread - server_logic - [DEBUG] found replica for vector: 4
2025-11-18 17:23:27,401 - INFO - MainThread - server_logic - [DEBUG] found replica for vector: 1
2025-11-18 17:23:27,401 - INFO - MainThread - server_logic - [DEBUG] found replica for vector: 2
2025-11-18 17:23:27,402 - INFO - MainThread - server_logic - [DEBUG] found replica for vector: 3
2025-11-18 17:23:27,402 - INFO - MainThread - server_logic - [DEBUG] found replica for vector: 4
2025-11-18 17:23:27,402 - INFO - MainThread - server_logic - [DEBUG] found replica for vector: 1
2025-11-18 17:23:27,402 - INFO - MainThread - server_logic - [DEBUG] found replica for vector: 2
2025-11-18 17:23:27,402 - INFO - MainThread - server_logic - [DEBUG] found replica for vector: 3
2025-11-18 17:23:27,402 - INFO - MainThread - server_logic - [DEBUG] found replica for vector: 4
2025-11-18 17:23:27,402 - INFO - MainThread - server_logic - [DEBUG] found replica for vector: 1
2025-11-18 17:23:27,402 - INFO - MainThread - server_logic - [DEBUG] found replica for vector: 2
2025-11-18 17:23:27,402 - INFO - MainThread - server_logic - [DEBUG] found replica for vector: 3
2025-11-18 17:23:27,402 - INFO - MainThread - server_logic - [DEBUG] found replica for vector: 4
2025-11-18 17:23:27,402 - INFO - MainThread - server_logic - [DEBUG] found replica for vector: 1
2025-11-18 17:23:27,402 - INFO - MainThread - server_logic - [DEBUG] found replica for vector: 2
2025-11-18 17:23:27,402 - INFO - MainThread - server_logic - [DEBUG] found replica for vector: 3
2025-11-18 17:23:27,402 - INFO - MainThread - server_logic - [DEBUG] to me replica for vector: 3
2025-11-18 17:23:27,402 - INFO - MainThread - server_logic - [DEBUG] found replica for vector: 1
2025-11-18 17:23:27,402 - INFO - MainThread - server_logic - [DEBUG] found replica for vector: 2
2025-11-18 17:23:27,402 - INFO - MainThread - server_logic - [DEBUG] found replica for vector: 3
2025-11-18 17:23:27,402 - INFO - MainThread - server_logic - [DEBUG] to me replica for vector: 3
2025-11-18 17:23:27,402 - INFO - MainThread - server_logic - [DEBUG] found replica for vector: 1
2025-11-18 17:23:27,402 - INFO - MainThread - server_logic - [DEBUG] found replica for vector: 2
2025-11-18 17:23:27,402 - INFO - MainThread - server_logic - [DEBUG] found replica for vector: 3
2025-11-18 17:23:27,402 - INFO - MainThread - server_logic - [DEBUG] found replica for vector: 4
2025-11-18 17:23:27,402 - INFO - MainThread - server_logic - [DEBUG] found replica for vector: 1
2025-11-18 17:23:27,402 - INFO - MainThread - server_logic - [DEBUG] found replica for vector: 2
2025-11-18 17:23:27,402 - INFO - MainThread - server_logic - [DEBUG] found replica for vector: 3
2025-11-18 17:23:27,402 - INFO - MainThread - server_logic - [DEBUG] to me replica for vector: 3
2025-11-18 17:23:27,402 - INFO - MainThread - server_logic - [DEBUG] found replica for vector: 1
2025-11-18 17:23:27,402 - INFO - MainThread - server_logic - [DEBUG] found replica for vector: 2
2025-11-18 17:23:27,402 - INFO - MainThread - server_logic - [DEBUG] found replica for vector: 3
2025-11-18 17:23:27,402 - INFO - MainThread - server_logic - [DEBUG] found replica for vector: 4
2025-11-18 17:23:27,402 - INFO - MainThread - server_logic - [DEBUG] found replica for vector: 1
2025-11-18 17:23:27,402 - INFO - MainThread - server_logic - [DEBUG] found replica for vector: 2
2025-11-18 17:23:27,402 - INFO - MainThread - server_logic - [DEBUG] found replica for vector: 3
2025-11-18 17:23:27,402 - INFO - MainThread - server_logic - [DEBUG] found replica for vector: 4
2025-11-18 17:23:27,402 - INFO - MainThread - server_logic - [DEBUG] found replica for vector: 1
2025-11-18 17:23:27,402 - INFO - MainThread - server_logic - [DEBUG] found replica for vector: 2
2025-11-18 17:23:27,402 - INFO - MainThread - server_logic - [DEBUG] found replica for vector: 3
2025-11-18 17:23:27,402 - INFO - MainThread - server_logic - [DEBUG] to me replica for vector: 3
2025-11-18 17:23:27,402 - INFO - MainThread - server_logic - [DEBUG] found replica for vector: 1
2025-11-18 17:23:27,402 - INFO - MainThread - server_logic - [DEBUG] found replica for vector: 2
2025-11-18 17:23:27,402 - INFO - MainThread - server_logic - [DEBUG] found replica for vector: 3
2025-11-18 17:23:27,402 - INFO - MainThread - server_logic - [DEBUG] found replica for vector: 4
2025-11-18 17:23:27,402 - INFO - MainThread - server_logic - [DEBUG] found replica for vector: 1
2025-11-18 17:23:27,402 - INFO - MainThread - server_logic - [DEBUG] found replica for vector: 2
2025-11-18 17:23:27,402 - INFO - MainThread - server_logic - [DEBUG] found replica for vector: 3
2025-11-18 17:23:27,402 - INFO - MainThread - server_logic - [DEBUG] found replica for vector: 4
2025-11-18 17:23:27,402 - INFO - MainThread - server_logic - [DEBUG] found replica for vector: 1
2025-11-18 17:23:27,402 - INFO - MainThread - server_logic - [DEBUG] found replica for vector: 2
2025-11-18 17:23:27,402 - INFO - MainThread - server_logic - [DEBUG] found replica for vector: 3
2025-11-18 17:23:27,402 - INFO - MainThread - server_logic - [DEBUG] to me replica for vector: 3
2025-11-18 17:23:27,402 - INFO - MainThread - server_logic - [DEBUG] found replica for vector: 1
2025-11-18 17:23:27,402 - INFO - MainThread - server_logic - [DEBUG] found replica for vector: 2
2025-11-18 17:23:27,402 - INFO - MainThread - server_logic - [DEBUG] found replica for vector: 3
2025-11-18 17:23:27,402 - INFO - MainThread - server_logic - [DEBUG] found replica for vector: 4
2025-11-18 17:23:27,402 - INFO - MainThread - server_logic - [DEBUG] found replica for vector: 1
2025-11-18 17:23:27,402 - INFO - MainThread - server_logic - [DEBUG] found replica for vector: 2
2025-11-18 17:23:27,402 - INFO - MainThread - server_logic - [DEBUG] found replica for vector: 3
2025-11-18 17:23:27,403 - INFO - MainThread - server_logic - [DEBUG] found replica for vector: 4
2025-11-18 17:23:27,403 - INFO - MainThread - server_logic - [DEBUG] found replica for vector: 1
2025-11-18 17:23:27,403 - INFO - MainThread - server_logic - [DEBUG] found replica for vector: 2
2025-11-18 17:23:27,403 - INFO - MainThread - server_logic - [DEBUG] found replica for vector: 3
2025-11-18 17:23:27,403 - INFO - MainThread - server_logic - [DEBUG] found replica for vector: 4
2025-11-18 17:23:27,403 - INFO - MainThread - server_logic - [DEBUG] found replica for vector: 1
2025-11-18 17:23:27,403 - INFO - MainThread - server_logic - [DEBUG] found replica for vector: 2
2025-11-18 17:23:27,403 - INFO - MainThread - server_logic - [DEBUG] found replica for vector: 3
2025-11-18 17:23:27,403 - INFO - MainThread - server_logic - [DEBUG] found replica for vector: 4
2025-11-18 17:23:27,403 - INFO - MainThread - server_logic - [DEBUG] found replica for vector: 1
2025-11-18 17:23:27,403 - INFO - MainThread - server_logic - [DEBUG] found replica for vector: 2
2025-11-18 17:23:27,403 - INFO - MainThread - server_logic - [DEBUG] found replica for vector: 3
2025-11-18 17:23:27,403 - INFO - MainThread - server_logic - [DEBUG] to me replica for vector: 3
2025-11-18 17:23:27,403 - INFO - MainThread - server_logic - [DEBUG] found replica for vector: 1
2025-11-18 17:23:27,403 - INFO - MainThread - server_logic - [DEBUG] found replica for vector: 2
2025-11-18 17:23:27,403 - INFO - MainThread - server_logic - [DEBUG] found replica for vector: 3
2025-11-18 17:23:27,403 - INFO - MainThread - server_logic - [DEBUG] to me replica for vector: 3
2025-11-18 17:23:27,403 - INFO - MainThread - server_logic - [DEBUG] found replica for vector: 1
2025-11-18 17:23:27,403 - INFO - MainThread - server_logic - [DEBUG] found replica for vector: 2
2025-11-18 17:23:27,403 - INFO - MainThread - server_logic - [DEBUG] found replica for vector: 3
2025-11-18 17:23:27,403 - INFO - MainThread - server_logic - [DEBUG] found replica for vector: 4
2025-11-18 17:23:27,403 - INFO - MainThread - server_logic - [DEBUG] found replica for vector: 1
2025-11-18 17:23:27,403 - INFO - MainThread - server_logic - [DEBUG] found replica for vector: 2
2025-11-18 17:23:27,403 - INFO - MainThread - server_logic - [DEBUG] found replica for vector: 3
2025-11-18 17:23:27,403 - INFO - MainThread - server_logic - [DEBUG] found replica for vector: 4
2025-11-18 17:23:27,403 - INFO - MainThread - server_logic - [DEBUG] found replica for vector: 1
2025-11-18 17:23:27,403 - INFO - MainThread - server_logic - [DEBUG] found replica for vector: 2
2025-11-18 17:23:27,403 - INFO - MainThread - server_logic - [DEBUG] found replica for vector: 3
2025-11-18 17:23:27,403 - INFO - MainThread - server_logic - [DEBUG] found replica for vector: 4
2025-11-18 17:23:27,403 - INFO - MainThread - server_logic - [DEBUG] found replica for vector: 1
2025-11-18 17:23:27,403 - INFO - MainThread - server_logic - [DEBUG] found replica for vector: 2
2025-11-18 17:23:27,403 - INFO - MainThread - server_logic - [DEBUG] found replica for vector: 3
2025-11-18 17:23:27,403 - INFO - MainThread - server_logic - [DEBUG] to me replica for vector: 3
2025-11-18 17:23:27,403 - INFO - MainThread - server_logic - [DEBUG] found replica for vector: 1
2025-11-18 17:23:27,403 - INFO - MainThread - server_logic - [DEBUG] found replica for vector: 2
2025-11-18 17:23:27,403 - INFO - MainThread - server_logic - [DEBUG] found replica for vector: 3
2025-11-18 17:23:27,403 - INFO - MainThread - server_logic - [DEBUG] found replica for vector: 4
2025-11-18 17:23:27,403 - INFO - MainThread - server_logic - [DEBUG] found replica for vector: 1
2025-11-18 17:23:27,403 - INFO - MainThread - server_logic - [DEBUG] found replica for vector: 2
2025-11-18 17:23:27,403 - INFO - MainThread - server_logic - [DEBUG] found replica for vector: 3
2025-11-18 17:23:27,403 - INFO - MainThread - server_logic - [DEBUG] to me replica for vector: 3
2025-11-18 17:23:27,403 - INFO - MainThread - server_logic - [DEBUG] found replica for vector: 1
2025-11-18 17:23:27,403 - INFO - MainThread - server_logic - [DEBUG] found replica for vector: 2
2025-11-18 17:23:27,403 - INFO - MainThread - server_logic - [DEBUG] found replica for vector: 3
2025-11-18 17:23:27,403 - INFO - MainThread - server_logic - [DEBUG] found replica for vector: 4
2025-11-18 17:23:27,403 - INFO - MainThread - server_logic - [DEBUG] found replica for vector: 1
2025-11-18 17:23:27,403 - INFO - MainThread - server_logic - [DEBUG] found replica for vector: 2
2025-11-18 17:23:27,403 - INFO - MainThread - server_logic - [DEBUG] found replica for vector: 3
2025-11-18 17:23:27,403 - INFO - MainThread - server_logic - [DEBUG] found replica for vector: 4
2025-11-18 17:23:27,403 - INFO - MainThread - server_logic - [DEBUG] found replica for vector: 1
2025-11-18 17:23:27,403 - INFO - MainThread - server_logic - [DEBUG] found replica for vector: 2
2025-11-18 17:23:27,403 - INFO - MainThread - server_logic - [DEBUG] found replica for vector: 3
2025-11-18 17:23:27,403 - INFO - MainThread - server_logic - [DEBUG] to me replica for vector: 3
2025-11-18 17:23:27,403 - INFO - MainThread - server_logic - [DEBUG] found replica for vector: 1
2025-11-18 17:23:27,403 - INFO - MainThread - server_logic - [DEBUG] found replica for vector: 2
2025-11-18 17:23:27,403 - INFO - MainThread - server_logic - [DEBUG] found replica for vector: 3
2025-11-18 17:23:27,403 - INFO - MainThread - server_logic - [DEBUG] to me replica for vector: 3
2025-11-18 17:23:27,404 - INFO - MainThread - server_logic - [DEBUG] found replica for vector: 1
2025-11-18 17:23:27,404 - INFO - MainThread - server_logic - [DEBUG] found replica for vector: 2
2025-11-18 17:23:27,404 - INFO - MainThread - server_logic - [DEBUG] found replica for vector: 3
2025-11-18 17:23:27,404 - INFO - MainThread - server_logic - [DEBUG] found replica for vector: 4
2025-11-18 17:23:27,404 - INFO - MainThread - server_logic - [DEBUG] found replica for vector: 1
2025-11-18 17:23:27,404 - INFO - MainThread - server_logic - [DEBUG] found replica for vector: 2
2025-11-18 17:23:27,404 - INFO - MainThread - server_logic - [DEBUG] found replica for vector: 3
2025-11-18 17:23:27,404 - INFO - MainThread - server_logic - [DEBUG] found replica for vector: 4
2025-11-18 17:23:27,404 - INFO - MainThread - server_logic - [DEBUG] found replica for vector: 1
2025-11-18 17:23:27,404 - INFO - MainThread - server_logic - [DEBUG] found replica for vector: 2
2025-11-18 17:23:27,404 - INFO - MainThread - server_logic - [DEBUG] found replica for vector: 3
2025-11-18 17:23:27,404 - INFO - MainThread - server_logic - [DEBUG] to me replica for vector: 3
2025-11-18 17:23:27,404 - INFO - MainThread - server_logic - [DEBUG] found replica for vector: 1
2025-11-18 17:23:27,404 - INFO - MainThread - server_logic - [DEBUG] found replica for vector: 2
2025-11-18 17:23:27,404 - INFO - MainThread - server_logic - [DEBUG] found replica for vector: 3
2025-11-18 17:23:27,404 - INFO - MainThread - server_logic - [DEBUG] to me replica for vector: 3
2025-11-18 17:23:27,404 - INFO - MainThread - server_logic - [DEBUG] found replica for vector: 1
2025-11-18 17:23:27,404 - INFO - MainThread - server_logic - [DEBUG] found replica for vector: 2
2025-11-18 17:23:27,404 - INFO - MainThread - server_logic - [DEBUG] found replica for vector: 3
2025-11-18 17:23:27,404 - INFO - MainThread - server_logic - [DEBUG] found replica for vector: 4
2025-11-18 17:23:27,404 - INFO - MainThread - server_logic - [DEBUG] found replica for vector: 1
2025-11-18 17:23:27,404 - INFO - MainThread - server_logic - [DEBUG] found replica for vector: 2
2025-11-18 17:23:27,404 - INFO - MainThread - server_logic - [DEBUG] found replica for vector: 3
2025-11-18 17:23:27,404 - INFO - MainThread - server_logic - [DEBUG] to me replica for vector: 3
2025-11-18 17:23:27,404 - INFO - MainThread - server_logic - [DEBUG] found replica for vector: 1
2025-11-18 17:23:27,404 - INFO - MainThread - server_logic - [DEBUG] found replica for vector: 2
2025-11-18 17:23:27,404 - INFO - MainThread - server_logic - [DEBUG] found replica for vector: 3
2025-11-18 17:23:27,404 - INFO - MainThread - server_logic - [DEBUG] found replica for vector: 4
2025-11-18 17:23:27,404 - INFO - MainThread - server_logic - [DEBUG] found replica for vector: 1
2025-11-18 17:23:27,404 - INFO - MainThread - server_logic - [DEBUG] found replica for vector: 2
2025-11-18 17:23:27,404 - INFO - MainThread - server_logic - [DEBUG] found replica for vector: 3
2025-11-18 17:23:27,404 - INFO - MainThread - server_logic - [DEBUG] found replica for vector: 4
2025-11-18 17:23:27,404 - INFO - MainThread - server_logic - [DEBUG] found replica for vector: 1
2025-11-18 17:23:27,404 - INFO - MainThread - server_logic - [DEBUG] found replica for vector: 2
2025-11-18 17:23:27,404 - INFO - MainThread - server_logic - [DEBUG] found replica for vector: 3
2025-11-18 17:23:27,404 - INFO - MainThread - server_logic - [DEBUG] found replica for vector: 4
2025-11-18 17:23:27,404 - INFO - MainThread - server_logic - [DEBUG] found replica for vector: 1
2025-11-18 17:23:27,404 - INFO - MainThread - server_logic - [DEBUG] found replica for vector: 2
2025-11-18 17:23:27,404 - INFO - MainThread - server_logic - [DEBUG] found replica for vector: 3
2025-11-18 17:23:27,404 - INFO - MainThread - server_logic - [DEBUG] found replica for vector: 4
2025-11-18 17:23:27,404 - INFO - MainThread - server_logic - [DEBUG] found replica for vector: 1
2025-11-18 17:23:27,404 - INFO - MainThread - server_logic - [DEBUG] found replica for vector: 2
2025-11-18 17:23:27,404 - INFO - MainThread - server_logic - [DEBUG] found replica for vector: 3
2025-11-18 17:23:27,404 - INFO - MainThread - server_logic - [DEBUG] found replica for vector: 4
2025-11-18 17:23:27,404 - INFO - MainThread - server_logic - [DEBUG] found replica for vector: 1
2025-11-18 17:23:27,404 - INFO - MainThread - server_logic - [DEBUG] found replica for vector: 2
2025-11-18 17:23:27,404 - INFO - MainThread - server_logic - [DEBUG] found replica for vector: 3
2025-11-18 17:23:27,404 - INFO - MainThread - server_logic - [DEBUG] found replica for vector: 4
2025-11-18 17:23:27,404 - INFO - MainThread - server_logic - [DEBUG] found replica for vector: 1
2025-11-18 17:23:27,404 - INFO - MainThread - server_logic - [DEBUG] found replica for vector: 2
2025-11-18 17:23:27,404 - INFO - MainThread - server_logic - [DEBUG] found replica for vector: 3
2025-11-18 17:23:27,404 - INFO - MainThread - server_logic - [DEBUG] found replica for vector: 4
2025-11-18 17:23:27,404 - INFO - MainThread - server_logic - [DEBUG] found replica for vector: 1
2025-11-18 17:23:27,404 - INFO - MainThread - server_logic - [DEBUG] found replica for vector: 2
2025-11-18 17:23:27,404 - INFO - MainThread - server_logic - [DEBUG] found replica for vector: 3
2025-11-18 17:23:27,404 - INFO - MainThread - server_logic - [DEBUG] found replica for vector: 4
2025-11-18 17:23:27,404 - INFO - MainThread - server_logic - [DEBUG] found replica for vector: 1
2025-11-18 17:23:27,405 - INFO - MainThread - server_logic - [DEBUG] found replica for vector: 2
2025-11-18 17:23:27,405 - INFO - MainThread - server_logic - [DEBUG] found replica for vector: 3
2025-11-18 17:23:27,405 - INFO - MainThread - server_logic - [DEBUG] found replica for vector: 4
2025-11-18 17:23:27,405 - INFO - MainThread - server_logic - [DEBUG] found replica for vector: 1
2025-11-18 17:23:27,405 - INFO - MainThread - server_logic - [DEBUG] found replica for vector: 2
2025-11-18 17:23:27,405 - INFO - MainThread - server_logic - [DEBUG] found replica for vector: 3
2025-11-18 17:23:27,405 - INFO - MainThread - server_logic - [DEBUG] found replica for vector: 4
2025-11-18 17:23:27,405 - INFO - MainThread - server_logic - [DEBUG] found replica for vector: 1
2025-11-18 17:23:27,405 - INFO - MainThread - server_logic - [DEBUG] found replica for vector: 2
2025-11-18 17:23:27,405 - INFO - MainThread - server_logic - [DEBUG] found replica for vector: 3
2025-11-18 17:23:27,405 - INFO - MainThread - server_logic - [DEBUG] found replica for vector: 4
2025-11-18 17:23:27,405 - INFO - MainThread - server_logic - [DEBUG] found replica for vector: 1
2025-11-18 17:23:27,405 - INFO - MainThread - server_logic - [DEBUG] found replica for vector: 2
2025-11-18 17:23:27,405 - INFO - MainThread - server_logic - [DEBUG] found replica for vector: 3
2025-11-18 17:23:27,405 - INFO - MainThread - server_logic - [DEBUG] found replica for vector: 4
2025-11-18 17:23:27,405 - INFO - MainThread - server_logic - [DEBUG] found replica for vector: 1
2025-11-18 17:23:27,405 - INFO - MainThread - server_logic - [DEBUG] found replica for vector: 2
2025-11-18 17:23:27,405 - INFO - MainThread - server_logic - [DEBUG] found replica for vector: 3
2025-11-18 17:23:27,405 - INFO - MainThread - server_logic - [DEBUG] to me replica for vector: 3
2025-11-18 17:23:27,405 - INFO - MainThread - server_logic - [DEBUG] found replica for vector: 1
2025-11-18 17:23:27,405 - INFO - MainThread - server_logic - [DEBUG] found replica for vector: 2
2025-11-18 17:23:27,405 - INFO - MainThread - server_logic - [DEBUG] found replica for vector: 3
2025-11-18 17:23:27,405 - INFO - MainThread - server_logic - [DEBUG] found replica for vector: 4
2025-11-18 17:23:27,405 - INFO - MainThread - server_logic - [DEBUG] found replica for vector: 1
2025-11-18 17:23:27,405 - INFO - MainThread - server_logic - [DEBUG] found replica for vector: 2
2025-11-18 17:23:27,405 - INFO - MainThread - server_logic - [DEBUG] found replica for vector: 3
2025-11-18 17:23:27,405 - INFO - MainThread - server_logic - [DEBUG] found replica for vector: 4
2025-11-18 17:23:27,405 - INFO - MainThread - server_logic - [DEBUG] found replica for vector: 1
2025-11-18 17:23:27,405 - INFO - MainThread - server_logic - [DEBUG] found replica for vector: 2
2025-11-18 17:23:27,405 - INFO - MainThread - server_logic - [DEBUG] found replica for vector: 3
2025-11-18 17:23:27,405 - INFO - MainThread - server_logic - [DEBUG] found replica for vector: 4
2025-11-18 17:23:27,405 - INFO - MainThread - server_logic - [DEBUG] found replica for vector: 1
2025-11-18 17:23:27,405 - INFO - MainThread - server_logic - [DEBUG] found replica for vector: 2
2025-11-18 17:23:27,405 - INFO - MainThread - server_logic - [DEBUG] found replica for vector: 3
2025-11-18 17:23:27,405 - INFO - MainThread - server_logic - [DEBUG] to me replica for vector: 3
2025-11-18 17:23:27,405 - INFO - MainThread - server_logic - [DEBUG] found replica for vector: 1
2025-11-18 17:23:27,405 - INFO - MainThread - server_logic - [DEBUG] found replica for vector: 2
2025-11-18 17:23:27,405 - INFO - MainThread - server_logic - [DEBUG] found replica for vector: 3
2025-11-18 17:23:27,405 - INFO - MainThread - server_logic - [DEBUG] to me replica for vector: 3
2025-11-18 17:23:27,405 - INFO - MainThread - server_logic - [DEBUG] found replica for vector: 1
2025-11-18 17:23:27,405 - INFO - MainThread - server_logic - [DEBUG] found replica for vector: 2
2025-11-18 17:23:27,405 - INFO - MainThread - server_logic - [DEBUG] found replica for vector: 3
2025-11-18 17:23:27,405 - INFO - MainThread - server_logic - [DEBUG] to me replica for vector: 3
2025-11-18 17:23:27,405 - INFO - MainThread - server_logic - [DEBUG] found replica for vector: 1
2025-11-18 17:23:27,405 - INFO - MainThread - server_logic - [DEBUG] found replica for vector: 2
2025-11-18 17:23:27,405 - INFO - MainThread - server_logic - [DEBUG] found replica for vector: 3
2025-11-18 17:23:27,405 - INFO - MainThread - server_logic - [DEBUG] found replica for vector: 4
2025-11-18 17:23:27,405 - INFO - MainThread - server_logic - [DEBUG] found replica for vector: 1
2025-11-18 17:23:27,405 - INFO - MainThread - server_logic - [DEBUG] found replica for vector: 2
2025-11-18 17:23:27,405 - INFO - MainThread - server_logic - [DEBUG] found replica for vector: 3
2025-11-18 17:23:27,405 - INFO - MainThread - server_logic - [DEBUG] to me replica for vector: 3
2025-11-18 17:23:27,405 - INFO - MainThread - server_logic - [DEBUG] found replica for vector: 1
2025-11-18 17:23:27,405 - INFO - MainThread - server_logic - [DEBUG] found replica for vector: 2
2025-11-18 17:23:27,405 - INFO - MainThread - server_logic - [DEBUG] found replica for vector: 3
2025-11-18 17:23:27,405 - INFO - MainThread - server_logic - [DEBUG] found replica for vector: 4
2025-11-18 17:23:27,405 - INFO - MainThread - server_logic - [DEBUG] found replica for vector: 1
2025-11-18 17:23:27,405 - INFO - MainThread - server_logic - [DEBUG] found replica for vector: 2
2025-11-18 17:23:27,405 - INFO - MainThread - server_logic - [DEBUG] found replica for vector: 3
2025-11-18 17:23:27,406 - INFO - MainThread - server_logic - [DEBUG] to me replica for vector: 3
2025-11-18 17:23:27,406 - INFO - MainThread - server_logic - [DEBUG] found replica for vector: 1
2025-11-18 17:23:27,406 - INFO - MainThread - server_logic - [DEBUG] found replica for vector: 2
2025-11-18 17:23:27,406 - INFO - MainThread - server_logic - [DEBUG] found replica for vector: 3
2025-11-18 17:23:27,406 - INFO - MainThread - server_logic - [DEBUG] found replica for vector: 4
2025-11-18 17:23:27,406 - INFO - MainThread - server_logic - [DEBUG] found replica for vector: 1
2025-11-18 17:23:27,406 - INFO - MainThread - server_logic - [DEBUG] found replica for vector: 2
2025-11-18 17:23:27,406 - INFO - MainThread - server_logic - [DEBUG] found replica for vector: 3
2025-11-18 17:23:27,406 - INFO - MainThread - server_logic - [DEBUG] found replica for vector: 4
2025-11-18 17:23:27,406 - INFO - MainThread - server_logic - [DEBUG] found replica for vector: 1
2025-11-18 17:23:27,406 - INFO - MainThread - server_logic - [DEBUG] found replica for vector: 2
2025-11-18 17:23:27,406 - INFO - MainThread - server_logic - [DEBUG] found replica for vector: 3
2025-11-18 17:23:27,406 - INFO - MainThread - server_logic - [DEBUG] to me replica for vector: 3
2025-11-18 17:23:27,406 - INFO - MainThread - server_logic - [DEBUG] found replica for vector: 1
2025-11-18 17:23:27,406 - INFO - MainThread - server_logic - [DEBUG] found replica for vector: 2
2025-11-18 17:23:27,406 - INFO - MainThread - server_logic - [DEBUG] found replica for vector: 3
2025-11-18 17:23:27,406 - INFO - MainThread - server_logic - [DEBUG] found replica for vector: 4
2025-11-18 17:23:27,406 - INFO - MainThread - server_logic - [DEBUG] found replica for vector: 1
2025-11-18 17:23:27,406 - INFO - MainThread - server_logic - [DEBUG] found replica for vector: 2
2025-11-18 17:23:27,406 - INFO - MainThread - server_logic - [DEBUG] found replica for vector: 3
2025-11-18 17:23:27,406 - INFO - MainThread - server_logic - [DEBUG] found replica for vector: 4
2025-11-18 17:23:27,406 - INFO - MainThread - server_logic - [DEBUG] found replica for vector: 1
2025-11-18 17:23:27,406 - INFO - MainThread - server_logic - [DEBUG] found replica for vector: 2
2025-11-18 17:23:27,406 - INFO - MainThread - server_logic - [DEBUG] found replica for vector: 3
2025-11-18 17:23:27,406 - INFO - MainThread - server_logic - [DEBUG] found replica for vector: 4
2025-11-18 17:23:27,406 - INFO - MainThread - server_logic - [DEBUG] found replica for vector: 1
2025-11-18 17:23:27,406 - INFO - MainThread - server_logic - [DEBUG] found replica for vector: 2
2025-11-18 17:23:27,406 - INFO - MainThread - server_logic - [DEBUG] found replica for vector: 3
2025-11-18 17:23:27,406 - INFO - MainThread - server_logic - [DEBUG] found replica for vector: 4
2025-11-18 17:23:27,406 - INFO - MainThread - server_logic - [DEBUG] found replica for vector: 1
2025-11-18 17:23:27,406 - INFO - MainThread - server_logic - [DEBUG] found replica for vector: 2
2025-11-18 17:23:27,406 - INFO - MainThread - server_logic - [DEBUG] found replica for vector: 3
2025-11-18 17:23:27,406 - INFO - MainThread - server_logic - [DEBUG] found replica for vector: 4
2025-11-18 17:23:27,406 - INFO - MainThread - server_logic - [DEBUG] found replica for vector: 1
2025-11-18 17:23:27,406 - INFO - MainThread - server_logic - [DEBUG] found replica for vector: 2
2025-11-18 17:23:27,406 - INFO - MainThread - server_logic - [DEBUG] found replica for vector: 3
2025-11-18 17:23:27,406 - INFO - MainThread - server_logic - [DEBUG] to me replica for vector: 3
2025-11-18 17:23:27,406 - INFO - MainThread - server_logic - [DEBUG] found replica for vector: 1
2025-11-18 17:23:27,406 - INFO - MainThread - server_logic - [DEBUG] found replica for vector: 2
2025-11-18 17:23:27,406 - INFO - MainThread - server_logic - [DEBUG] found replica for vector: 3
2025-11-18 17:23:27,406 - INFO - MainThread - server_logic - [DEBUG] to me replica for vector: 3
2025-11-18 17:23:27,406 - INFO - MainThread - server_logic - [Router] Distribution: Peer node1: 58, Peer node2: 54, Peer node3: 54, Peer node4: 54, Peer node5: 54, Peer node6: 59, Peer node7: 59, Peer node8: 59, Peer node9: 59, Peer node10: 85, Peer node11: 85, Peer node13: 85, Peer node14: 58, Peer node15: 58, Peer node16: 58, Me (node12): 85
2025-11-18 17:23:27,406 - INFO - MainThread - server_logic - --> [Peer Send] Sending 58 vectors to Peer node1 (localhost:9001) | Status: clustered
2025-11-18 17:23:27,539 - INFO - MainThread - server_logic - --> [Peer Send] Success: Sent vectors to node1
2025-11-18 17:23:27,540 - INFO - MainThread - server_logic - --> [Peer Send] Sending 54 vectors to Peer node2 (localhost:9002) | Status: clustered
2025-11-18 17:23:27,622 - INFO - MainThread - server_logic - --> [Peer Send] Success: Sent vectors to node2
2025-11-18 17:23:27,622 - INFO - MainThread - server_logic - --> [Peer Send] Sending 54 vectors to Peer node3 (localhost:9003) | Status: clustered
2025-11-18 17:23:27,688 - INFO - MainThread - server_logic - --> [Peer Send] Success: Sent vectors to node3
2025-11-18 17:23:27,688 - INFO - MainThread - server_logic - --> [Peer Send] Sending 54 vectors to Peer node4 (localhost:9004) | Status: clustered
2025-11-18 17:23:27,754 - INFO - MainThread - server_logic - --> [Peer Send] Success: Sent vectors to node4
2025-11-18 17:23:27,754 - INFO - MainThread - server_logic - --> [Peer Send] Sending 54 vectors to Peer node5 (localhost:9005) | Status: clustered
2025-11-18 17:23:27,823 - INFO - MainThread - server_logic - --> [Peer Send] Success: Sent vectors to node5
2025-11-18 17:23:27,823 - INFO - MainThread - server_logic - --> [Peer Send] Sending 59 vectors to Peer node6 (localhost:9006) | Status: clustered
2025-11-18 17:23:27,890 - INFO - MainThread - server_logic - --> [Peer Send] Success: Sent vectors to node6
2025-11-18 17:23:27,890 - INFO - MainThread - server_logic - --> [Peer Send] Sending 59 vectors to Peer node7 (localhost:9007) | Status: clustered
2025-11-18 17:23:27,959 - INFO - MainThread - server_logic - --> [Peer Send] Success: Sent vectors to node7
2025-11-18 17:23:27,959 - INFO - MainThread - server_logic - --> [Peer Send] Sending 59 vectors to Peer node8 (localhost:9008) | Status: clustered
2025-11-18 17:23:28,023 - INFO - MainThread - server_logic - --> [Peer Send] Success: Sent vectors to node8
2025-11-18 17:23:28,024 - INFO - MainThread - server_logic - --> [Peer Send] Sending 59 vectors to Peer node9 (localhost:9009) | Status: clustered
2025-11-18 17:23:28,093 - INFO - MainThread - server_logic - --> [Peer Send] Success: Sent vectors to node9
2025-11-18 17:23:28,093 - INFO - MainThread - server_logic - --> [Peer Send] Sending 85 vectors to Peer node10 (localhost:9010) | Status: clustered
2025-11-18 17:23:28,163 - INFO - MainThread - server_logic - --> [Peer Send] Success: Sent vectors to node10
2025-11-18 17:23:28,163 - INFO - MainThread - server_logic - --> [Peer Send] Sending 85 vectors to Peer node11 (localhost:9011) | Status: clustered
2025-11-18 17:23:28,236 - INFO - MainThread - server_logic - --> [Peer Send] Success: Sent vectors to node11
2025-11-18 17:23:28,236 - INFO - MainThread - server_logic - --> [Peer Send] Sending 85 vectors to Peer node13 (localhost:9013) | Status: clustered
2025-11-18 17:23:28,310 - INFO - MainThread - server_logic - --> [Peer Send] Success: Sent vectors to node13
2025-11-18 17:23:28,310 - INFO - MainThread - server_logic - --> [Peer Send] Sending 58 vectors to Peer node14 (localhost:9014) | Status: clustered
2025-11-18 17:23:28,377 - INFO - MainThread - server_logic - --> [Peer Send] Success: Sent vectors to node14
2025-11-18 17:23:28,377 - INFO - MainThread - server_logic - --> [Peer Send] Sending 58 vectors to Peer node15 (localhost:9015) | Status: clustered
2025-11-18 17:23:28,444 - INFO - MainThread - server_logic - --> [Peer Send] Success: Sent vectors to node15
2025-11-18 17:23:28,445 - INFO - MainThread - server_logic - --> [Peer Send] Sending 58 vectors to Peer node16 (localhost:9016) | Status: clustered
2025-11-18 17:23:28,512 - INFO - MainThread - server_logic - --> [Peer Send] Success: Sent vectors to node16
2025-11-18 17:23:28,512 - INFO - MainThread - server_logic - [Add Vectors] Processing 85 vectors. Sender Status: clustered. Current Node Status: clustered
2025-11-18 17:23:28,512 - INFO - MainThread - server_logic - [Add Vectors] Direct Insert: Storing 85 vectors in local Qdrant (Sender is clustered).
2025-11-18 17:23:28,565 - INFO - MainThread - httpx - HTTP Request: GET http://localhost:6355 "HTTP/1.1 200 OK"
2025-11-18 17:23:28,565 - INFO - MainThread - qdrant_module - [Qdrant] Attempting to insert 85 vectors into vectors on http://localhost:6355...
2025-11-18 17:23:28,579 - INFO - MainThread - qdrant_module - [Qdrant] Success: Inserted 85 vectors.
2025-11-18 17:23:28,581 - INFO - MainThread - __main__ - API: /add completed
2025-11-18 17:23:28,581 - INFO - MainThread - uvicorn.access - 127.0.0.1:51919 - "POST /add HTTP/1.1" 200
2025-11-18 17:23:29,432 - INFO - ThreadPoolExecutor-0_0 - grpc_handler - [GRPC IN] ReceiveVectors called. ReqID: 93, Type: clustered, Count: 69
2025-11-18 17:23:29,432 - INFO - ThreadPoolExecutor-0_0 - server_logic - [Add Vectors] Processing 69 vectors. Sender Status: clustered. Current Node Status: clustered
2025-11-18 17:23:29,432 - INFO - ThreadPoolExecutor-0_0 - server_logic - [Add Vectors] Direct Insert: Storing 69 vectors in local Qdrant (Sender is clustered).
2025-11-18 17:23:29,485 - INFO - ThreadPoolExecutor-0_0 - httpx - HTTP Request: GET http://localhost:6355 "HTTP/1.1 200 OK"
2025-11-18 17:23:29,486 - INFO - ThreadPoolExecutor-0_0 - qdrant_module - [Qdrant] Attempting to insert 69 vectors into vectors on http://localhost:6355...
2025-11-18 17:23:29,500 - INFO - ThreadPoolExecutor-0_0 - qdrant_module - [Qdrant] Success: Inserted 69 vectors.
2025-11-18 17:23:29,501 - INFO - ThreadPoolExecutor-0_0 - grpc_handler - [GRPC IN] ReceiveVectors processed successfully.
2025-11-18 17:23:30,655 - INFO - ThreadPoolExecutor-0_0 - grpc_handler - [GRPC IN] ReceiveVectors called. ReqID: 94, Type: clustered, Count: 65
2025-11-18 17:23:30,656 - INFO - ThreadPoolExecutor-0_0 - server_logic - [Add Vectors] Processing 65 vectors. Sender Status: clustered. Current Node Status: clustered
2025-11-18 17:23:30,656 - INFO - ThreadPoolExecutor-0_0 - server_logic - [Add Vectors] Direct Insert: Storing 65 vectors in local Qdrant (Sender is clustered).
2025-11-18 17:23:30,706 - INFO - ThreadPoolExecutor-0_0 - httpx - HTTP Request: GET http://localhost:6355 "HTTP/1.1 200 OK"
2025-11-18 17:23:30,706 - INFO - ThreadPoolExecutor-0_0 - qdrant_module - [Qdrant] Attempting to insert 65 vectors into vectors on http://localhost:6355...
2025-11-18 17:23:30,727 - INFO - ThreadPoolExecutor-0_0 - qdrant_module - [Qdrant] Success: Inserted 65 vectors.
2025-11-18 17:23:30,728 - INFO - ThreadPoolExecutor-0_0 - grpc_handler - [GRPC IN] ReceiveVectors processed successfully.
2025-11-18 17:23:31,858 - INFO - ThreadPoolExecutor-0_0 - grpc_handler - [GRPC IN] ReceiveVectors called. ReqID: 95, Type: clustered, Count: 77
2025-11-18 17:23:31,859 - INFO - ThreadPoolExecutor-0_0 - server_logic - [Add Vectors] Processing 77 vectors. Sender Status: clustered. Current Node Status: clustered
2025-11-18 17:23:31,859 - INFO - ThreadPoolExecutor-0_0 - server_logic - [Add Vectors] Direct Insert: Storing 77 vectors in local Qdrant (Sender is clustered).
2025-11-18 17:23:31,911 - INFO - ThreadPoolExecutor-0_0 - httpx - HTTP Request: GET http://localhost:6355 "HTTP/1.1 200 OK"
2025-11-18 17:23:31,911 - INFO - ThreadPoolExecutor-0_0 - qdrant_module - [Qdrant] Attempting to insert 77 vectors into vectors on http://localhost:6355...
2025-11-18 17:23:31,924 - INFO - ThreadPoolExecutor-0_0 - qdrant_module - [Qdrant] Success: Inserted 77 vectors.
2025-11-18 17:23:31,925 - INFO - ThreadPoolExecutor-0_0 - grpc_handler - [GRPC IN] ReceiveVectors processed successfully.
2025-11-18 17:23:33,068 - INFO - ThreadPoolExecutor-0_0 - grpc_handler - [GRPC IN] ReceiveVectors called. ReqID: 96, Type: clustered, Count: 98
2025-11-18 17:23:33,070 - INFO - ThreadPoolExecutor-0_0 - server_logic - [Add Vectors] Processing 98 vectors. Sender Status: clustered. Current Node Status: clustered
2025-11-18 17:23:33,070 - INFO - ThreadPoolExecutor-0_0 - server_logic - [Add Vectors] Direct Insert: Storing 98 vectors in local Qdrant (Sender is clustered).
2025-11-18 17:23:33,126 - INFO - ThreadPoolExecutor-0_0 - httpx - HTTP Request: GET http://localhost:6355 "HTTP/1.1 200 OK"
2025-11-18 17:23:33,127 - INFO - ThreadPoolExecutor-0_0 - qdrant_module - [Qdrant] Attempting to insert 98 vectors into vectors on http://localhost:6355...
2025-11-18 17:23:33,144 - INFO - ThreadPoolExecutor-0_0 - qdrant_module - [Qdrant] Success: Inserted 98 vectors.
2025-11-18 17:23:33,145 - INFO - ThreadPoolExecutor-0_0 - grpc_handler - [GRPC IN] ReceiveVectors processed successfully.
2025-11-18 17:23:34,224 - INFO - ThreadPoolExecutor-0_0 - grpc_handler - [GRPC IN] ReceiveVectors called. ReqID: 97, Type: clustered, Count: 68
2025-11-18 17:23:34,224 - INFO - ThreadPoolExecutor-0_0 - server_logic - [Add Vectors] Processing 68 vectors. Sender Status: clustered. Current Node Status: clustered
2025-11-18 17:23:34,224 - INFO - ThreadPoolExecutor-0_0 - server_logic - [Add Vectors] Direct Insert: Storing 68 vectors in local Qdrant (Sender is clustered).
2025-11-18 17:23:34,276 - INFO - ThreadPoolExecutor-0_0 - httpx - HTTP Request: GET http://localhost:6355 "HTTP/1.1 200 OK"
2025-11-18 17:23:34,276 - INFO - ThreadPoolExecutor-0_0 - qdrant_module - [Qdrant] Attempting to insert 68 vectors into vectors on http://localhost:6355...
2025-11-18 17:23:34,289 - INFO - ThreadPoolExecutor-0_0 - qdrant_module - [Qdrant] Success: Inserted 68 vectors.
2025-11-18 17:23:34,291 - INFO - ThreadPoolExecutor-0_0 - grpc_handler - [GRPC IN] ReceiveVectors processed successfully.
2025-11-18 17:23:35,436 - INFO - ThreadPoolExecutor-0_0 - grpc_handler - [GRPC IN] ReceiveVectors called. ReqID: 98, Type: clustered, Count: 96
2025-11-18 17:23:35,437 - INFO - ThreadPoolExecutor-0_0 - server_logic - [Add Vectors] Processing 96 vectors. Sender Status: clustered. Current Node Status: clustered
2025-11-18 17:23:35,437 - INFO - ThreadPoolExecutor-0_0 - server_logic - [Add Vectors] Direct Insert: Storing 96 vectors in local Qdrant (Sender is clustered).
2025-11-18 17:23:35,489 - INFO - ThreadPoolExecutor-0_0 - httpx - HTTP Request: GET http://localhost:6355 "HTTP/1.1 200 OK"
2025-11-18 17:23:35,489 - INFO - ThreadPoolExecutor-0_0 - qdrant_module - [Qdrant] Attempting to insert 96 vectors into vectors on http://localhost:6355...
2025-11-18 17:23:35,504 - INFO - ThreadPoolExecutor-0_0 - qdrant_module - [Qdrant] Success: Inserted 96 vectors.
2025-11-18 17:23:35,505 - INFO - ThreadPoolExecutor-0_0 - grpc_handler - [GRPC IN] ReceiveVectors processed successfully.
2025-11-18 17:23:36,652 - INFO - ThreadPoolExecutor-0_0 - grpc_handler - [GRPC IN] ReceiveVectors called. ReqID: 99, Type: clustered, Count: 82
2025-11-18 17:23:36,653 - INFO - ThreadPoolExecutor-0_0 - server_logic - [Add Vectors] Processing 82 vectors. Sender Status: clustered. Current Node Status: clustered
2025-11-18 17:23:36,654 - INFO - ThreadPoolExecutor-0_0 - server_logic - [Add Vectors] Direct Insert: Storing 82 vectors in local Qdrant (Sender is clustered).
2025-11-18 17:23:36,705 - INFO - ThreadPoolExecutor-0_0 - httpx - HTTP Request: GET http://localhost:6355 "HTTP/1.1 200 OK"
2025-11-18 17:23:36,705 - INFO - ThreadPoolExecutor-0_0 - qdrant_module - [Qdrant] Attempting to insert 82 vectors into vectors on http://localhost:6355...
2025-11-18 17:23:36,717 - INFO - ThreadPoolExecutor-0_0 - qdrant_module - [Qdrant] Success: Inserted 82 vectors.
2025-11-18 17:23:36,718 - INFO - ThreadPoolExecutor-0_0 - grpc_handler - [GRPC IN] ReceiveVectors processed successfully.
2025-11-18 17:23:37,867 - INFO - ThreadPoolExecutor-0_0 - grpc_handler - [GRPC IN] ReceiveVectors called. ReqID: 100, Type: clustered, Count: 83
2025-11-18 17:23:37,868 - INFO - ThreadPoolExecutor-0_0 - server_logic - [Add Vectors] Processing 83 vectors. Sender Status: clustered. Current Node Status: clustered
2025-11-18 17:23:37,868 - INFO - ThreadPoolExecutor-0_0 - server_logic - [Add Vectors] Direct Insert: Storing 83 vectors in local Qdrant (Sender is clustered).
2025-11-18 17:23:37,920 - INFO - ThreadPoolExecutor-0_0 - httpx - HTTP Request: GET http://localhost:6355 "HTTP/1.1 200 OK"
2025-11-18 17:23:37,920 - INFO - ThreadPoolExecutor-0_0 - qdrant_module - [Qdrant] Attempting to insert 83 vectors into vectors on http://localhost:6355...
2025-11-18 17:23:37,936 - INFO - ThreadPoolExecutor-0_0 - qdrant_module - [Qdrant] Success: Inserted 83 vectors.
2025-11-18 17:23:37,937 - INFO - ThreadPoolExecutor-0_0 - grpc_handler - [GRPC IN] ReceiveVectors processed successfully.
2025-11-18 17:23:39,074 - INFO - ThreadPoolExecutor-0_0 - grpc_handler - [GRPC IN] ReceiveVectors called. ReqID: 101, Type: clustered, Count: 77
2025-11-18 17:23:39,075 - INFO - ThreadPoolExecutor-0_0 - server_logic - [Add Vectors] Processing 77 vectors. Sender Status: clustered. Current Node Status: clustered
2025-11-18 17:23:39,075 - INFO - ThreadPoolExecutor-0_0 - server_logic - [Add Vectors] Direct Insert: Storing 77 vectors in local Qdrant (Sender is clustered).
2025-11-18 17:23:39,126 - INFO - ThreadPoolExecutor-0_0 - httpx - HTTP Request: GET http://localhost:6355 "HTTP/1.1 200 OK"
2025-11-18 17:23:39,127 - INFO - ThreadPoolExecutor-0_0 - qdrant_module - [Qdrant] Attempting to insert 77 vectors into vectors on http://localhost:6355...
2025-11-18 17:23:39,138 - INFO - ThreadPoolExecutor-0_0 - qdrant_module - [Qdrant] Success: Inserted 77 vectors.
2025-11-18 17:23:39,139 - INFO - ThreadPoolExecutor-0_0 - grpc_handler - [GRPC IN] ReceiveVectors processed successfully.
2025-11-18 17:23:40,296 - INFO - ThreadPoolExecutor-0_0 - grpc_handler - [GRPC IN] ReceiveVectors called. ReqID: 102, Type: clustered, Count: 77
2025-11-18 17:23:40,297 - INFO - ThreadPoolExecutor-0_0 - server_logic - [Add Vectors] Processing 77 vectors. Sender Status: clustered. Current Node Status: clustered
2025-11-18 17:23:40,297 - INFO - ThreadPoolExecutor-0_0 - server_logic - [Add Vectors] Direct Insert: Storing 77 vectors in local Qdrant (Sender is clustered).
2025-11-18 17:23:40,348 - INFO - ThreadPoolExecutor-0_0 - httpx - HTTP Request: GET http://localhost:6355 "HTTP/1.1 200 OK"
2025-11-18 17:23:40,349 - INFO - ThreadPoolExecutor-0_0 - qdrant_module - [Qdrant] Attempting to insert 77 vectors into vectors on http://localhost:6355...
2025-11-18 17:23:40,364 - INFO - ThreadPoolExecutor-0_0 - qdrant_module - [Qdrant] Success: Inserted 77 vectors.
2025-11-18 17:23:40,365 - INFO - ThreadPoolExecutor-0_0 - grpc_handler - [GRPC IN] ReceiveVectors processed successfully.
2025-11-18 17:23:41,507 - INFO - ThreadPoolExecutor-0_0 - grpc_handler - [GRPC IN] ReceiveVectors called. ReqID: 103, Type: clustered, Count: 84
2025-11-18 17:23:41,509 - INFO - ThreadPoolExecutor-0_0 - server_logic - [Add Vectors] Processing 84 vectors. Sender Status: clustered. Current Node Status: clustered
2025-11-18 17:23:41,509 - INFO - ThreadPoolExecutor-0_0 - server_logic - [Add Vectors] Direct Insert: Storing 84 vectors in local Qdrant (Sender is clustered).
2025-11-18 17:23:41,560 - INFO - ThreadPoolExecutor-0_0 - httpx - HTTP Request: GET http://localhost:6355 "HTTP/1.1 200 OK"
2025-11-18 17:23:41,560 - INFO - ThreadPoolExecutor-0_0 - qdrant_module - [Qdrant] Attempting to insert 84 vectors into vectors on http://localhost:6355...
2025-11-18 17:23:41,573 - INFO - ThreadPoolExecutor-0_0 - qdrant_module - [Qdrant] Success: Inserted 84 vectors.
2025-11-18 17:23:41,574 - INFO - ThreadPoolExecutor-0_0 - grpc_handler - [GRPC IN] ReceiveVectors processed successfully.
2025-11-18 17:23:42,722 - INFO - ThreadPoolExecutor-0_0 - grpc_handler - [GRPC IN] ReceiveVectors called. ReqID: 104, Type: clustered, Count: 70
2025-11-18 17:23:42,723 - INFO - ThreadPoolExecutor-0_0 - server_logic - [Add Vectors] Processing 70 vectors. Sender Status: clustered. Current Node Status: clustered
2025-11-18 17:23:42,723 - INFO - ThreadPoolExecutor-0_0 - server_logic - [Add Vectors] Direct Insert: Storing 70 vectors in local Qdrant (Sender is clustered).
2025-11-18 17:23:42,774 - INFO - ThreadPoolExecutor-0_0 - httpx - HTTP Request: GET http://localhost:6355 "HTTP/1.1 200 OK"
2025-11-18 17:23:42,775 - INFO - ThreadPoolExecutor-0_0 - qdrant_module - [Qdrant] Attempting to insert 70 vectors into vectors on http://localhost:6355...
2025-11-18 17:23:42,786 - INFO - ThreadPoolExecutor-0_0 - qdrant_module - [Qdrant] Success: Inserted 70 vectors.
2025-11-18 17:23:42,787 - INFO - ThreadPoolExecutor-0_0 - grpc_handler - [GRPC IN] ReceiveVectors processed successfully.
2025-11-18 17:23:44,033 - INFO - ThreadPoolExecutor-0_0 - grpc_handler - [GRPC IN] ReceiveVectors called. ReqID: 105, Type: clustered, Count: 71
2025-11-18 17:23:44,034 - INFO - ThreadPoolExecutor-0_0 - server_logic - [Add Vectors] Processing 71 vectors. Sender Status: clustered. Current Node Status: clustered
2025-11-18 17:23:44,034 - INFO - ThreadPoolExecutor-0_0 - server_logic - [Add Vectors] Direct Insert: Storing 71 vectors in local Qdrant (Sender is clustered).
2025-11-18 17:23:44,193 - INFO - ThreadPoolExecutor-0_0 - httpx - HTTP Request: GET http://localhost:6355 "HTTP/1.1 200 OK"
2025-11-18 17:23:44,194 - INFO - ThreadPoolExecutor-0_0 - qdrant_module - [Qdrant] Attempting to insert 71 vectors into vectors on http://localhost:6355...
2025-11-18 17:23:44,207 - INFO - ThreadPoolExecutor-0_0 - qdrant_module - [Qdrant] Success: Inserted 71 vectors.
2025-11-18 17:23:44,208 - INFO - ThreadPoolExecutor-0_0 - grpc_handler - [GRPC IN] ReceiveVectors processed successfully.
2025-11-18 17:23:45,414 - INFO - ThreadPoolExecutor-0_0 - grpc_handler - [GRPC IN] ReceiveVectors called. ReqID: 106, Type: clustered, Count: 81
2025-11-18 17:23:45,415 - INFO - ThreadPoolExecutor-0_0 - server_logic - [Add Vectors] Processing 81 vectors. Sender Status: clustered. Current Node Status: clustered
2025-11-18 17:23:45,415 - INFO - ThreadPoolExecutor-0_0 - server_logic - [Add Vectors] Direct Insert: Storing 81 vectors in local Qdrant (Sender is clustered).
2025-11-18 17:23:45,466 - INFO - ThreadPoolExecutor-0_0 - httpx - HTTP Request: GET http://localhost:6355 "HTTP/1.1 200 OK"
2025-11-18 17:23:45,466 - INFO - ThreadPoolExecutor-0_0 - qdrant_module - [Qdrant] Attempting to insert 81 vectors into vectors on http://localhost:6355...
2025-11-18 17:23:45,477 - INFO - ThreadPoolExecutor-0_0 - qdrant_module - [Qdrant] Success: Inserted 81 vectors.
2025-11-18 17:23:45,478 - INFO - ThreadPoolExecutor-0_0 - grpc_handler - [GRPC IN] ReceiveVectors processed successfully.
2025-11-18 17:23:46,610 - INFO - ThreadPoolExecutor-0_0 - grpc_handler - [GRPC IN] ReceiveVectors called. ReqID: 107, Type: clustered, Count: 67
2025-11-18 17:23:46,611 - INFO - ThreadPoolExecutor-0_0 - server_logic - [Add Vectors] Processing 67 vectors. Sender Status: clustered. Current Node Status: clustered
2025-11-18 17:23:46,611 - INFO - ThreadPoolExecutor-0_0 - server_logic - [Add Vectors] Direct Insert: Storing 67 vectors in local Qdrant (Sender is clustered).
2025-11-18 17:23:46,663 - INFO - ThreadPoolExecutor-0_0 - httpx - HTTP Request: GET http://localhost:6355 "HTTP/1.1 200 OK"
2025-11-18 17:23:46,664 - INFO - ThreadPoolExecutor-0_0 - qdrant_module - [Qdrant] Attempting to insert 67 vectors into vectors on http://localhost:6355...
2025-11-18 17:23:46,683 - INFO - ThreadPoolExecutor-0_0 - qdrant_module - [Qdrant] Success: Inserted 67 vectors.
2025-11-18 17:23:46,684 - INFO - ThreadPoolExecutor-0_0 - grpc_handler - [GRPC IN] ReceiveVectors processed successfully.
2025-11-18 17:23:47,123 - INFO - MainThread - __main__ - API: /add called. ReqID: 108, Vectors: 256
2025-11-18 17:23:47,124 - INFO - MainThread - server_logic - [Client Request] Client wants to add 256 vectors. My Status: clustered
2025-11-18 17:23:47,124 - INFO - MainThread - server_logic - [Client Request] System Clustered. Routing vectors to appropriate peers.
2025-11-18 17:23:47,124 - INFO - MainThread - server_logic - [Router] Routing 256 vectors among 16 nodes (Replicas: 4).
2025-11-18 17:23:47,124 - INFO - MainThread - server_logic - [DEBUG] found replica for vector: 1
2025-11-18 17:23:47,124 - INFO - MainThread - server_logic - [DEBUG] found replica for vector: 2
2025-11-18 17:23:47,124 - INFO - MainThread - server_logic - [DEBUG] found replica for vector: 3
2025-11-18 17:23:47,124 - INFO - MainThread - server_logic - [DEBUG] found replica for vector: 4
2025-11-18 17:23:47,124 - INFO - MainThread - server_logic - [DEBUG] found replica for vector: 1
2025-11-18 17:23:47,124 - INFO - MainThread - server_logic - [DEBUG] found replica for vector: 2
2025-11-18 17:23:47,124 - INFO - MainThread - server_logic - [DEBUG] found replica for vector: 3
2025-11-18 17:23:47,124 - INFO - MainThread - server_logic - [DEBUG] found replica for vector: 4
2025-11-18 17:23:47,124 - INFO - MainThread - server_logic - [DEBUG] found replica for vector: 1
2025-11-18 17:23:47,124 - INFO - MainThread - server_logic - [DEBUG] found replica for vector: 2
2025-11-18 17:23:47,124 - INFO - MainThread - server_logic - [DEBUG] found replica for vector: 3
2025-11-18 17:23:47,124 - INFO - MainThread - server_logic - [DEBUG] found replica for vector: 4
2025-11-18 17:23:47,124 - INFO - MainThread - server_logic - [DEBUG] found replica for vector: 1
2025-11-18 17:23:47,124 - INFO - MainThread - server_logic - [DEBUG] found replica for vector: 2
2025-11-18 17:23:47,124 - INFO - MainThread - server_logic - [DEBUG] found replica for vector: 3
2025-11-18 17:23:47,124 - INFO - MainThread - server_logic - [DEBUG] found replica for vector: 4
2025-11-18 17:23:47,124 - INFO - MainThread - server_logic - [DEBUG] found replica for vector: 1
2025-11-18 17:23:47,124 - INFO - MainThread - server_logic - [DEBUG] found replica for vector: 2
2025-11-18 17:23:47,124 - INFO - MainThread - server_logic - [DEBUG] found replica for vector: 3
2025-11-18 17:23:47,124 - INFO - MainThread - server_logic - [DEBUG] found replica for vector: 4
2025-11-18 17:23:47,124 - INFO - MainThread - server_logic - [DEBUG] found replica for vector: 1
2025-11-18 17:23:47,124 - INFO - MainThread - server_logic - [DEBUG] found replica for vector: 2
2025-11-18 17:23:47,124 - INFO - MainThread - server_logic - [DEBUG] found replica for vector: 3
2025-11-18 17:23:47,124 - INFO - MainThread - server_logic - [DEBUG] found replica for vector: 4
2025-11-18 17:23:47,124 - INFO - MainThread - server_logic - [DEBUG] found replica for vector: 1
2025-11-18 17:23:47,124 - INFO - MainThread - server_logic - [DEBUG] found replica for vector: 2
2025-11-18 17:23:47,124 - INFO - MainThread - server_logic - [DEBUG] found replica for vector: 3
2025-11-18 17:23:47,124 - INFO - MainThread - server_logic - [DEBUG] to me replica for vector: 3
2025-11-18 17:23:47,124 - INFO - MainThread - server_logic - [DEBUG] found replica for vector: 1
2025-11-18 17:23:47,125 - INFO - MainThread - server_logic - [DEBUG] found replica for vector: 2
2025-11-18 17:23:47,125 - INFO - MainThread - server_logic - [DEBUG] found replica for vector: 3
2025-11-18 17:23:47,125 - INFO - MainThread - server_logic - [DEBUG] to me replica for vector: 3
2025-11-18 17:23:47,125 - INFO - MainThread - server_logic - [DEBUG] found replica for vector: 1
2025-11-18 17:23:47,125 - INFO - MainThread - server_logic - [DEBUG] found replica for vector: 2
2025-11-18 17:23:47,125 - INFO - MainThread - server_logic - [DEBUG] found replica for vector: 3
2025-11-18 17:23:47,125 - INFO - MainThread - server_logic - [DEBUG] to me replica for vector: 3
2025-11-18 17:23:47,125 - INFO - MainThread - server_logic - [DEBUG] found replica for vector: 1
2025-11-18 17:23:47,125 - INFO - MainThread - server_logic - [DEBUG] found replica for vector: 2
2025-11-18 17:23:47,125 - INFO - MainThread - server_logic - [DEBUG] found replica for vector: 3
2025-11-18 17:23:47,125 - INFO - MainThread - server_logic - [DEBUG] to me replica for vector: 3
2025-11-18 17:23:47,125 - INFO - MainThread - server_logic - [DEBUG] found replica for vector: 1
2025-11-18 17:23:47,125 - INFO - MainThread - server_logic - [DEBUG] found replica for vector: 2
2025-11-18 17:23:47,125 - INFO - MainThread - server_logic - [DEBUG] found replica for vector: 3
2025-11-18 17:23:47,125 - INFO - MainThread - server_logic - [DEBUG] to me replica for vector: 3
2025-11-18 17:23:47,125 - INFO - MainThread - server_logic - [DEBUG] found replica for vector: 1
2025-11-18 17:23:47,125 - INFO - MainThread - server_logic - [DEBUG] found replica for vector: 2
2025-11-18 17:23:47,125 - INFO - MainThread - server_logic - [DEBUG] found replica for vector: 3
2025-11-18 17:23:47,125 - INFO - MainThread - server_logic - [DEBUG] to me replica for vector: 3
2025-11-18 17:23:47,125 - INFO - MainThread - server_logic - [DEBUG] found replica for vector: 1
2025-11-18 17:23:47,125 - INFO - MainThread - server_logic - [DEBUG] found replica for vector: 2
2025-11-18 17:23:47,125 - INFO - MainThread - server_logic - [DEBUG] found replica for vector: 3
2025-11-18 17:23:47,125 - INFO - MainThread - server_logic - [DEBUG] found replica for vector: 4
2025-11-18 17:23:47,125 - INFO - MainThread - server_logic - [DEBUG] found replica for vector: 1
2025-11-18 17:23:47,125 - INFO - MainThread - server_logic - [DEBUG] found replica for vector: 2
2025-11-18 17:23:47,125 - INFO - MainThread - server_logic - [DEBUG] found replica for vector: 3
2025-11-18 17:23:47,125 - INFO - MainThread - server_logic - [DEBUG] found replica for vector: 4
2025-11-18 17:23:47,125 - INFO - MainThread - server_logic - [DEBUG] found replica for vector: 1
2025-11-18 17:23:47,125 - INFO - MainThread - server_logic - [DEBUG] found replica for vector: 2
2025-11-18 17:23:47,125 - INFO - MainThread - server_logic - [DEBUG] found replica for vector: 3
2025-11-18 17:23:47,125 - INFO - MainThread - server_logic - [DEBUG] found replica for vector: 4
2025-11-18 17:23:47,125 - INFO - MainThread - server_logic - [DEBUG] found replica for vector: 1
2025-11-18 17:23:47,125 - INFO - MainThread - server_logic - [DEBUG] found replica for vector: 2
2025-11-18 17:23:47,125 - INFO - MainThread - server_logic - [DEBUG] found replica for vector: 3
2025-11-18 17:23:47,125 - INFO - MainThread - server_logic - [DEBUG] found replica for vector: 4
2025-11-18 17:23:47,125 - INFO - MainThread - server_logic - [DEBUG] found replica for vector: 1
2025-11-18 17:23:47,125 - INFO - MainThread - server_logic - [DEBUG] found replica for vector: 2
2025-11-18 17:23:47,125 - INFO - MainThread - server_logic - [DEBUG] found replica for vector: 3
2025-11-18 17:23:47,125 - INFO - MainThread - server_logic - [DEBUG] found replica for vector: 4
2025-11-18 17:23:47,125 - INFO - MainThread - server_logic - [DEBUG] found replica for vector: 1
2025-11-18 17:23:47,125 - INFO - MainThread - server_logic - [DEBUG] found replica for vector: 2
2025-11-18 17:23:47,125 - INFO - MainThread - server_logic - [DEBUG] found replica for vector: 3
2025-11-18 17:23:47,125 - INFO - MainThread - server_logic - [DEBUG] found replica for vector: 4
2025-11-18 17:23:47,125 - INFO - MainThread - server_logic - [DEBUG] found replica for vector: 1
2025-11-18 17:23:47,125 - INFO - MainThread - server_logic - [DEBUG] found replica for vector: 2
2025-11-18 17:23:47,125 - INFO - MainThread - server_logic - [DEBUG] found replica for vector: 3
2025-11-18 17:23:47,125 - INFO - MainThread - server_logic - [DEBUG] to me replica for vector: 3
2025-11-18 17:23:47,125 - INFO - MainThread - server_logic - [DEBUG] found replica for vector: 1
2025-11-18 17:23:47,125 - INFO - MainThread - server_logic - [DEBUG] found replica for vector: 2
2025-11-18 17:23:47,125 - INFO - MainThread - server_logic - [DEBUG] found replica for vector: 3
2025-11-18 17:23:47,125 - INFO - MainThread - server_logic - [DEBUG] found replica for vector: 4
2025-11-18 17:23:47,125 - INFO - MainThread - server_logic - [DEBUG] found replica for vector: 1
2025-11-18 17:23:47,125 - INFO - MainThread - server_logic - [DEBUG] found replica for vector: 2
2025-11-18 17:23:47,125 - INFO - MainThread - server_logic - [DEBUG] found replica for vector: 3
2025-11-18 17:23:47,126 - INFO - MainThread - server_logic - [DEBUG] found replica for vector: 4
2025-11-18 17:23:47,126 - INFO - MainThread - server_logic - [DEBUG] found replica for vector: 1
2025-11-18 17:23:47,126 - INFO - MainThread - server_logic - [DEBUG] found replica for vector: 2
2025-11-18 17:23:47,126 - INFO - MainThread - server_logic - [DEBUG] found replica for vector: 3
2025-11-18 17:23:47,126 - INFO - MainThread - server_logic - [DEBUG] to me replica for vector: 3
2025-11-18 17:23:47,126 - INFO - MainThread - server_logic - [DEBUG] found replica for vector: 1
2025-11-18 17:23:47,126 - INFO - MainThread - server_logic - [DEBUG] found replica for vector: 2
2025-11-18 17:23:47,126 - INFO - MainThread - server_logic - [DEBUG] found replica for vector: 3
2025-11-18 17:23:47,126 - INFO - MainThread - server_logic - [DEBUG] found replica for vector: 4
2025-11-18 17:23:47,126 - INFO - MainThread - server_logic - [DEBUG] found replica for vector: 1
2025-11-18 17:23:47,126 - INFO - MainThread - server_logic - [DEBUG] found replica for vector: 2
2025-11-18 17:23:47,126 - INFO - MainThread - server_logic - [DEBUG] found replica for vector: 3
2025-11-18 17:23:47,126 - INFO - MainThread - server_logic - [DEBUG] found replica for vector: 4
2025-11-18 17:23:47,126 - INFO - MainThread - server_logic - [DEBUG] found replica for vector: 1
2025-11-18 17:23:47,126 - INFO - MainThread - server_logic - [DEBUG] found replica for vector: 2
2025-11-18 17:23:47,126 - INFO - MainThread - server_logic - [DEBUG] found replica for vector: 3
2025-11-18 17:23:47,126 - INFO - MainThread - server_logic - [DEBUG] found replica for vector: 4
2025-11-18 17:23:47,126 - INFO - MainThread - server_logic - [DEBUG] found replica for vector: 1
2025-11-18 17:23:47,126 - INFO - MainThread - server_logic - [DEBUG] found replica for vector: 2
2025-11-18 17:23:47,126 - INFO - MainThread - server_logic - [DEBUG] found replica for vector: 3
2025-11-18 17:23:47,126 - INFO - MainThread - server_logic - [DEBUG] to me replica for vector: 3
2025-11-18 17:23:47,126 - INFO - MainThread - server_logic - [DEBUG] found replica for vector: 1
2025-11-18 17:23:47,126 - INFO - MainThread - server_logic - [DEBUG] found replica for vector: 2
2025-11-18 17:23:47,126 - INFO - MainThread - server_logic - [DEBUG] found replica for vector: 3
2025-11-18 17:23:47,126 - INFO - MainThread - server_logic - [DEBUG] found replica for vector: 4
2025-11-18 17:23:47,126 - INFO - MainThread - server_logic - [DEBUG] found replica for vector: 1
2025-11-18 17:23:47,126 - INFO - MainThread - server_logic - [DEBUG] found replica for vector: 2
2025-11-18 17:23:47,126 - INFO - MainThread - server_logic - [DEBUG] found replica for vector: 3
2025-11-18 17:23:47,126 - INFO - MainThread - server_logic - [DEBUG] to me replica for vector: 3
2025-11-18 17:23:47,126 - INFO - MainThread - server_logic - [DEBUG] found replica for vector: 1
2025-11-18 17:23:47,126 - INFO - MainThread - server_logic - [DEBUG] found replica for vector: 2
2025-11-18 17:23:47,126 - INFO - MainThread - server_logic - [DEBUG] found replica for vector: 3
2025-11-18 17:23:47,126 - INFO - MainThread - server_logic - [DEBUG] found replica for vector: 4
2025-11-18 17:23:47,126 - INFO - MainThread - server_logic - [DEBUG] found replica for vector: 1
2025-11-18 17:23:47,126 - INFO - MainThread - server_logic - [DEBUG] found replica for vector: 2
2025-11-18 17:23:47,126 - INFO - MainThread - server_logic - [DEBUG] found replica for vector: 3
2025-11-18 17:23:47,126 - INFO - MainThread - server_logic - [DEBUG] found replica for vector: 4
2025-11-18 17:23:47,126 - INFO - MainThread - server_logic - [DEBUG] found replica for vector: 1
2025-11-18 17:23:47,126 - INFO - MainThread - server_logic - [DEBUG] found replica for vector: 2
2025-11-18 17:23:47,126 - INFO - MainThread - server_logic - [DEBUG] found replica for vector: 3
2025-11-18 17:23:47,126 - INFO - MainThread - server_logic - [DEBUG] found replica for vector: 4
2025-11-18 17:23:47,126 - INFO - MainThread - server_logic - [DEBUG] found replica for vector: 1
2025-11-18 17:23:47,126 - INFO - MainThread - server_logic - [DEBUG] found replica for vector: 2
2025-11-18 17:23:47,126 - INFO - MainThread - server_logic - [DEBUG] found replica for vector: 3
2025-11-18 17:23:47,126 - INFO - MainThread - server_logic - [DEBUG] to me replica for vector: 3
2025-11-18 17:23:47,126 - INFO - MainThread - server_logic - [DEBUG] found replica for vector: 1
2025-11-18 17:23:47,126 - INFO - MainThread - server_logic - [DEBUG] found replica for vector: 2
2025-11-18 17:23:47,126 - INFO - MainThread - server_logic - [DEBUG] found replica for vector: 3
2025-11-18 17:23:47,126 - INFO - MainThread - server_logic - [DEBUG] to me replica for vector: 3
2025-11-18 17:23:47,126 - INFO - MainThread - server_logic - [DEBUG] found replica for vector: 1
2025-11-18 17:23:47,126 - INFO - MainThread - server_logic - [DEBUG] found replica for vector: 2
2025-11-18 17:23:47,126 - INFO - MainThread - server_logic - [DEBUG] found replica for vector: 3
2025-11-18 17:23:47,126 - INFO - MainThread - server_logic - [DEBUG] to me replica for vector: 3
2025-11-18 17:23:47,127 - INFO - MainThread - server_logic - [DEBUG] found replica for vector: 1
2025-11-18 17:23:47,127 - INFO - MainThread - server_logic - [DEBUG] found replica for vector: 2
2025-11-18 17:23:47,127 - INFO - MainThread - server_logic - [DEBUG] found replica for vector: 3
2025-11-18 17:23:47,127 - INFO - MainThread - server_logic - [DEBUG] to me replica for vector: 3
2025-11-18 17:23:47,127 - INFO - MainThread - server_logic - [DEBUG] found replica for vector: 1
2025-11-18 17:23:47,127 - INFO - MainThread - server_logic - [DEBUG] found replica for vector: 2
2025-11-18 17:23:47,127 - INFO - MainThread - server_logic - [DEBUG] found replica for vector: 3
2025-11-18 17:23:47,127 - INFO - MainThread - server_logic - [DEBUG] to me replica for vector: 3
2025-11-18 17:23:47,127 - INFO - MainThread - server_logic - [DEBUG] found replica for vector: 1
2025-11-18 17:23:47,127 - INFO - MainThread - server_logic - [DEBUG] found replica for vector: 2
2025-11-18 17:23:47,127 - INFO - MainThread - server_logic - [DEBUG] found replica for vector: 3
2025-11-18 17:23:47,127 - INFO - MainThread - server_logic - [DEBUG] found replica for vector: 4
2025-11-18 17:23:47,127 - INFO - MainThread - server_logic - [DEBUG] found replica for vector: 1
2025-11-18 17:23:47,127 - INFO - MainThread - server_logic - [DEBUG] found replica for vector: 2
2025-11-18 17:23:47,127 - INFO - MainThread - server_logic - [DEBUG] found replica for vector: 3
2025-11-18 17:23:47,127 - INFO - MainThread - server_logic - [DEBUG] found replica for vector: 4
2025-11-18 17:23:47,127 - INFO - MainThread - server_logic - [DEBUG] found replica for vector: 1
2025-11-18 17:23:47,127 - INFO - MainThread - server_logic - [DEBUG] found replica for vector: 2
2025-11-18 17:23:47,127 - INFO - MainThread - server_logic - [DEBUG] found replica for vector: 3
2025-11-18 17:23:47,127 - INFO - MainThread - server_logic - [DEBUG] found replica for vector: 4
2025-11-18 17:23:47,127 - INFO - MainThread - server_logic - [DEBUG] found replica for vector: 1
2025-11-18 17:23:47,127 - INFO - MainThread - server_logic - [DEBUG] found replica for vector: 2
2025-11-18 17:23:47,127 - INFO - MainThread - server_logic - [DEBUG] found replica for vector: 3
2025-11-18 17:23:47,127 - INFO - MainThread - server_logic - [DEBUG] found replica for vector: 4
2025-11-18 17:23:47,127 - INFO - MainThread - server_logic - [DEBUG] found replica for vector: 1
2025-11-18 17:23:47,127 - INFO - MainThread - server_logic - [DEBUG] found replica for vector: 2
2025-11-18 17:23:47,127 - INFO - MainThread - server_logic - [DEBUG] found replica for vector: 3
2025-11-18 17:23:47,127 - INFO - MainThread - server_logic - [DEBUG] to me replica for vector: 3
2025-11-18 17:23:47,127 - INFO - MainThread - server_logic - [DEBUG] found replica for vector: 1
2025-11-18 17:23:47,127 - INFO - MainThread - server_logic - [DEBUG] found replica for vector: 2
2025-11-18 17:23:47,127 - INFO - MainThread - server_logic - [DEBUG] found replica for vector: 3
2025-11-18 17:23:47,127 - INFO - MainThread - server_logic - [DEBUG] to me replica for vector: 3
2025-11-18 17:23:47,127 - INFO - MainThread - server_logic - [DEBUG] found replica for vector: 1
2025-11-18 17:23:47,127 - INFO - MainThread - server_logic - [DEBUG] found replica for vector: 2
2025-11-18 17:23:47,127 - INFO - MainThread - server_logic - [DEBUG] found replica for vector: 3
2025-11-18 17:23:47,127 - INFO - MainThread - server_logic - [DEBUG] found replica for vector: 4
2025-11-18 17:23:47,127 - INFO - MainThread - server_logic - [DEBUG] found replica for vector: 1
2025-11-18 17:23:47,127 - INFO - MainThread - server_logic - [DEBUG] found replica for vector: 2
2025-11-18 17:23:47,127 - INFO - MainThread - server_logic - [DEBUG] found replica for vector: 3
2025-11-18 17:23:47,127 - INFO - MainThread - server_logic - [DEBUG] found replica for vector: 4
2025-11-18 17:23:47,127 - INFO - MainThread - server_logic - [DEBUG] found replica for vector: 1
2025-11-18 17:23:47,127 - INFO - MainThread - server_logic - [DEBUG] found replica for vector: 2
2025-11-18 17:23:47,127 - INFO - MainThread - server_logic - [DEBUG] found replica for vector: 3
2025-11-18 17:23:47,127 - INFO - MainThread - server_logic - [DEBUG] to me replica for vector: 3
2025-11-18 17:23:47,127 - INFO - MainThread - server_logic - [DEBUG] found replica for vector: 1
2025-11-18 17:23:47,127 - INFO - MainThread - server_logic - [DEBUG] found replica for vector: 2
2025-11-18 17:23:47,127 - INFO - MainThread - server_logic - [DEBUG] found replica for vector: 3
2025-11-18 17:23:47,127 - INFO - MainThread - server_logic - [DEBUG] found replica for vector: 4
2025-11-18 17:23:47,127 - INFO - MainThread - server_logic - [DEBUG] found replica for vector: 1
2025-11-18 17:23:47,127 - INFO - MainThread - server_logic - [DEBUG] found replica for vector: 2
2025-11-18 17:23:47,127 - INFO - MainThread - server_logic - [DEBUG] found replica for vector: 3
2025-11-18 17:23:47,127 - INFO - MainThread - server_logic - [DEBUG] found replica for vector: 4
2025-11-18 17:23:47,128 - INFO - MainThread - server_logic - [DEBUG] found replica for vector: 1
2025-11-18 17:23:47,128 - INFO - MainThread - server_logic - [DEBUG] found replica for vector: 2
2025-11-18 17:23:47,128 - INFO - MainThread - server_logic - [DEBUG] found replica for vector: 3
2025-11-18 17:23:47,128 - INFO - MainThread - server_logic - [DEBUG] found replica for vector: 4
2025-11-18 17:23:47,128 - INFO - MainThread - server_logic - [DEBUG] found replica for vector: 1
2025-11-18 17:23:47,128 - INFO - MainThread - server_logic - [DEBUG] found replica for vector: 2
2025-11-18 17:23:47,128 - INFO - MainThread - server_logic - [DEBUG] found replica for vector: 3
2025-11-18 17:23:47,128 - INFO - MainThread - server_logic - [DEBUG] to me replica for vector: 3
2025-11-18 17:23:47,128 - INFO - MainThread - server_logic - [DEBUG] found replica for vector: 1
2025-11-18 17:23:47,128 - INFO - MainThread - server_logic - [DEBUG] found replica for vector: 2
2025-11-18 17:23:47,128 - INFO - MainThread - server_logic - [DEBUG] found replica for vector: 3
2025-11-18 17:23:47,128 - INFO - MainThread - server_logic - [DEBUG] to me replica for vector: 3
2025-11-18 17:23:47,128 - INFO - MainThread - server_logic - [DEBUG] found replica for vector: 1
2025-11-18 17:23:47,128 - INFO - MainThread - server_logic - [DEBUG] found replica for vector: 2
2025-11-18 17:23:47,128 - INFO - MainThread - server_logic - [DEBUG] found replica for vector: 3
2025-11-18 17:23:47,128 - INFO - MainThread - server_logic - [DEBUG] found replica for vector: 4
2025-11-18 17:23:47,128 - INFO - MainThread - server_logic - [DEBUG] found replica for vector: 1
2025-11-18 17:23:47,128 - INFO - MainThread - server_logic - [DEBUG] found replica for vector: 2
2025-11-18 17:23:47,128 - INFO - MainThread - server_logic - [DEBUG] found replica for vector: 3
2025-11-18 17:23:47,128 - INFO - MainThread - server_logic - [DEBUG] to me replica for vector: 3
2025-11-18 17:23:47,128 - INFO - MainThread - server_logic - [DEBUG] found replica for vector: 1
2025-11-18 17:23:47,128 - INFO - MainThread - server_logic - [DEBUG] found replica for vector: 2
2025-11-18 17:23:47,128 - INFO - MainThread - server_logic - [DEBUG] found replica for vector: 3
2025-11-18 17:23:47,128 - INFO - MainThread - server_logic - [DEBUG] found replica for vector: 4
2025-11-18 17:23:47,128 - INFO - MainThread - server_logic - [DEBUG] found replica for vector: 1
2025-11-18 17:23:47,128 - INFO - MainThread - server_logic - [DEBUG] found replica for vector: 2
2025-11-18 17:23:47,128 - INFO - MainThread - server_logic - [DEBUG] found replica for vector: 3
2025-11-18 17:23:47,128 - INFO - MainThread - server_logic - [DEBUG] to me replica for vector: 3
2025-11-18 17:23:47,128 - INFO - MainThread - server_logic - [DEBUG] found replica for vector: 1
2025-11-18 17:23:47,128 - INFO - MainThread - server_logic - [DEBUG] found replica for vector: 2
2025-11-18 17:23:47,128 - INFO - MainThread - server_logic - [DEBUG] found replica for vector: 3
2025-11-18 17:23:47,128 - INFO - MainThread - server_logic - [DEBUG] to me replica for vector: 3
2025-11-18 17:23:47,128 - INFO - MainThread - server_logic - [DEBUG] found replica for vector: 1
2025-11-18 17:23:47,128 - INFO - MainThread - server_logic - [DEBUG] found replica for vector: 2
2025-11-18 17:23:47,128 - INFO - MainThread - server_logic - [DEBUG] found replica for vector: 3
2025-11-18 17:23:47,128 - INFO - MainThread - server_logic - [DEBUG] found replica for vector: 4
2025-11-18 17:23:47,128 - INFO - MainThread - server_logic - [DEBUG] found replica for vector: 1
2025-11-18 17:23:47,128 - INFO - MainThread - server_logic - [DEBUG] found replica for vector: 2
2025-11-18 17:23:47,128 - INFO - MainThread - server_logic - [DEBUG] found replica for vector: 3
2025-11-18 17:23:47,128 - INFO - MainThread - server_logic - [DEBUG] to me replica for vector: 3
2025-11-18 17:23:47,128 - INFO - MainThread - server_logic - [DEBUG] found replica for vector: 1
2025-11-18 17:23:47,128 - INFO - MainThread - server_logic - [DEBUG] found replica for vector: 2
2025-11-18 17:23:47,128 - INFO - MainThread - server_logic - [DEBUG] found replica for vector: 3
2025-11-18 17:23:47,128 - INFO - MainThread - server_logic - [DEBUG] to me replica for vector: 3
2025-11-18 17:23:47,128 - INFO - MainThread - server_logic - [DEBUG] found replica for vector: 1
2025-11-18 17:23:47,128 - INFO - MainThread - server_logic - [DEBUG] found replica for vector: 2
2025-11-18 17:23:47,128 - INFO - MainThread - server_logic - [DEBUG] found replica for vector: 3
2025-11-18 17:23:47,128 - INFO - MainThread - server_logic - [DEBUG] found replica for vector: 4
2025-11-18 17:23:47,128 - INFO - MainThread - server_logic - [DEBUG] found replica for vector: 1
2025-11-18 17:23:47,128 - INFO - MainThread - server_logic - [DEBUG] found replica for vector: 2
2025-11-18 17:23:47,128 - INFO - MainThread - server_logic - [DEBUG] found replica for vector: 3
2025-11-18 17:23:47,128 - INFO - MainThread - server_logic - [DEBUG] to me replica for vector: 3
2025-11-18 17:23:47,128 - INFO - MainThread - server_logic - [DEBUG] found replica for vector: 1
2025-11-18 17:23:47,128 - INFO - MainThread - server_logic - [DEBUG] found replica for vector: 2
2025-11-18 17:23:47,129 - INFO - MainThread - server_logic - [DEBUG] found replica for vector: 3
2025-11-18 17:23:47,129 - INFO - MainThread - server_logic - [DEBUG] to me replica for vector: 3
2025-11-18 17:23:47,129 - INFO - MainThread - server_logic - [DEBUG] found replica for vector: 1
2025-11-18 17:23:47,129 - INFO - MainThread - server_logic - [DEBUG] found replica for vector: 2
2025-11-18 17:23:47,129 - INFO - MainThread - server_logic - [DEBUG] found replica for vector: 3
2025-11-18 17:23:47,129 - INFO - MainThread - server_logic - [DEBUG] to me replica for vector: 3
2025-11-18 17:23:47,129 - INFO - MainThread - server_logic - [DEBUG] found replica for vector: 1
2025-11-18 17:23:47,129 - INFO - MainThread - server_logic - [DEBUG] found replica for vector: 2
2025-11-18 17:23:47,129 - INFO - MainThread - server_logic - [DEBUG] found replica for vector: 3
2025-11-18 17:23:47,129 - INFO - MainThread - server_logic - [DEBUG] to me replica for vector: 3
2025-11-18 17:23:47,129 - INFO - MainThread - server_logic - [DEBUG] found replica for vector: 1
2025-11-18 17:23:47,129 - INFO - MainThread - server_logic - [DEBUG] found replica for vector: 2
2025-11-18 17:23:47,129 - INFO - MainThread - server_logic - [DEBUG] found replica for vector: 3
2025-11-18 17:23:47,129 - INFO - MainThread - server_logic - [DEBUG] to me replica for vector: 3
2025-11-18 17:23:47,129 - INFO - MainThread - server_logic - [DEBUG] found replica for vector: 1
2025-11-18 17:23:47,129 - INFO - MainThread - server_logic - [DEBUG] found replica for vector: 2
2025-11-18 17:23:47,129 - INFO - MainThread - server_logic - [DEBUG] found replica for vector: 3
2025-11-18 17:23:47,129 - INFO - MainThread - server_logic - [DEBUG] found replica for vector: 4
2025-11-18 17:23:47,129 - INFO - MainThread - server_logic - [DEBUG] found replica for vector: 1
2025-11-18 17:23:47,129 - INFO - MainThread - server_logic - [DEBUG] found replica for vector: 2
2025-11-18 17:23:47,129 - INFO - MainThread - server_logic - [DEBUG] found replica for vector: 3
2025-11-18 17:23:47,129 - INFO - MainThread - server_logic - [DEBUG] found replica for vector: 4
2025-11-18 17:23:47,129 - INFO - MainThread - server_logic - [DEBUG] found replica for vector: 1
2025-11-18 17:23:47,129 - INFO - MainThread - server_logic - [DEBUG] found replica for vector: 2
2025-11-18 17:23:47,129 - INFO - MainThread - server_logic - [DEBUG] found replica for vector: 3
2025-11-18 17:23:47,129 - INFO - MainThread - server_logic - [DEBUG] to me replica for vector: 3
2025-11-18 17:23:47,129 - INFO - MainThread - server_logic - [DEBUG] found replica for vector: 1
2025-11-18 17:23:47,129 - INFO - MainThread - server_logic - [DEBUG] found replica for vector: 2
2025-11-18 17:23:47,129 - INFO - MainThread - server_logic - [DEBUG] found replica for vector: 3
2025-11-18 17:23:47,129 - INFO - MainThread - server_logic - [DEBUG] found replica for vector: 4
2025-11-18 17:23:47,129 - INFO - MainThread - server_logic - [DEBUG] found replica for vector: 1
2025-11-18 17:23:47,129 - INFO - MainThread - server_logic - [DEBUG] found replica for vector: 2
2025-11-18 17:23:47,129 - INFO - MainThread - server_logic - [DEBUG] found replica for vector: 3
2025-11-18 17:23:47,129 - INFO - MainThread - server_logic - [DEBUG] to me replica for vector: 3
2025-11-18 17:23:47,129 - INFO - MainThread - server_logic - [DEBUG] found replica for vector: 1
2025-11-18 17:23:47,129 - INFO - MainThread - server_logic - [DEBUG] found replica for vector: 2
2025-11-18 17:23:47,129 - INFO - MainThread - server_logic - [DEBUG] found replica for vector: 3
2025-11-18 17:23:47,129 - INFO - MainThread - server_logic - [DEBUG] found replica for vector: 4
2025-11-18 17:23:47,129 - INFO - MainThread - server_logic - [DEBUG] found replica for vector: 1
2025-11-18 17:23:47,129 - INFO - MainThread - server_logic - [DEBUG] found replica for vector: 2
2025-11-18 17:23:47,129 - INFO - MainThread - server_logic - [DEBUG] found replica for vector: 3
2025-11-18 17:23:47,129 - INFO - MainThread - server_logic - [DEBUG] to me replica for vector: 3
2025-11-18 17:23:47,129 - INFO - MainThread - server_logic - [DEBUG] found replica for vector: 1
2025-11-18 17:23:47,129 - INFO - MainThread - server_logic - [DEBUG] found replica for vector: 2
2025-11-18 17:23:47,129 - INFO - MainThread - server_logic - [DEBUG] found replica for vector: 3
2025-11-18 17:23:47,129 - INFO - MainThread - server_logic - [DEBUG] found replica for vector: 4
2025-11-18 17:23:47,129 - INFO - MainThread - server_logic - [DEBUG] found replica for vector: 1
2025-11-18 17:23:47,129 - INFO - MainThread - server_logic - [DEBUG] found replica for vector: 2
2025-11-18 17:23:47,129 - INFO - MainThread - server_logic - [DEBUG] found replica for vector: 3
2025-11-18 17:23:47,129 - INFO - MainThread - server_logic - [DEBUG] to me replica for vector: 3
2025-11-18 17:23:47,129 - INFO - MainThread - server_logic - [DEBUG] found replica for vector: 1
2025-11-18 17:23:47,129 - INFO - MainThread - server_logic - [DEBUG] found replica for vector: 2
2025-11-18 17:23:47,129 - INFO - MainThread - server_logic - [DEBUG] found replica for vector: 3
2025-11-18 17:23:47,129 - INFO - MainThread - server_logic - [DEBUG] found replica for vector: 4
2025-11-18 17:23:47,129 - INFO - MainThread - server_logic - [DEBUG] found replica for vector: 1
2025-11-18 17:23:47,129 - INFO - MainThread - server_logic - [DEBUG] found replica for vector: 2
2025-11-18 17:23:47,130 - INFO - MainThread - server_logic - [DEBUG] found replica for vector: 3
2025-11-18 17:23:47,130 - INFO - MainThread - server_logic - [DEBUG] found replica for vector: 4
2025-11-18 17:23:47,130 - INFO - MainThread - server_logic - [DEBUG] found replica for vector: 1
2025-11-18 17:23:47,130 - INFO - MainThread - server_logic - [DEBUG] found replica for vector: 2
2025-11-18 17:23:47,130 - INFO - MainThread - server_logic - [DEBUG] found replica for vector: 3
2025-11-18 17:23:47,130 - INFO - MainThread - server_logic - [DEBUG] found replica for vector: 4
2025-11-18 17:23:47,130 - INFO - MainThread - server_logic - [DEBUG] found replica for vector: 1
2025-11-18 17:23:47,130 - INFO - MainThread - server_logic - [DEBUG] found replica for vector: 2
2025-11-18 17:23:47,130 - INFO - MainThread - server_logic - [DEBUG] found replica for vector: 3
2025-11-18 17:23:47,130 - INFO - MainThread - server_logic - [DEBUG] to me replica for vector: 3
2025-11-18 17:23:47,130 - INFO - MainThread - server_logic - [DEBUG] found replica for vector: 1
2025-11-18 17:23:47,130 - INFO - MainThread - server_logic - [DEBUG] found replica for vector: 2
2025-11-18 17:23:47,130 - INFO - MainThread - server_logic - [DEBUG] found replica for vector: 3
2025-11-18 17:23:47,130 - INFO - MainThread - server_logic - [DEBUG] found replica for vector: 4
2025-11-18 17:23:47,130 - INFO - MainThread - server_logic - [DEBUG] found replica for vector: 1
2025-11-18 17:23:47,130 - INFO - MainThread - server_logic - [DEBUG] found replica for vector: 2
2025-11-18 17:23:47,130 - INFO - MainThread - server_logic - [DEBUG] found replica for vector: 3
2025-11-18 17:23:47,130 - INFO - MainThread - server_logic - [DEBUG] found replica for vector: 4
2025-11-18 17:23:47,130 - INFO - MainThread - server_logic - [DEBUG] found replica for vector: 1
2025-11-18 17:23:47,130 - INFO - MainThread - server_logic - [DEBUG] found replica for vector: 2
2025-11-18 17:23:47,130 - INFO - MainThread - server_logic - [DEBUG] found replica for vector: 3
2025-11-18 17:23:47,130 - INFO - MainThread - server_logic - [DEBUG] to me replica for vector: 3
2025-11-18 17:23:47,130 - INFO - MainThread - server_logic - [DEBUG] found replica for vector: 1
2025-11-18 17:23:47,130 - INFO - MainThread - server_logic - [DEBUG] found replica for vector: 2
2025-11-18 17:23:47,130 - INFO - MainThread - server_logic - [DEBUG] found replica for vector: 3
2025-11-18 17:23:47,130 - INFO - MainThread - server_logic - [DEBUG] to me replica for vector: 3
2025-11-18 17:23:47,130 - INFO - MainThread - server_logic - [DEBUG] found replica for vector: 1
2025-11-18 17:23:47,130 - INFO - MainThread - server_logic - [DEBUG] found replica for vector: 2
2025-11-18 17:23:47,130 - INFO - MainThread - server_logic - [DEBUG] found replica for vector: 3
2025-11-18 17:23:47,130 - INFO - MainThread - server_logic - [DEBUG] to me replica for vector: 3
2025-11-18 17:23:47,130 - INFO - MainThread - server_logic - [DEBUG] found replica for vector: 1
2025-11-18 17:23:47,130 - INFO - MainThread - server_logic - [DEBUG] found replica for vector: 2
2025-11-18 17:23:47,130 - INFO - MainThread - server_logic - [DEBUG] found replica for vector: 3
2025-11-18 17:23:47,130 - INFO - MainThread - server_logic - [DEBUG] to me replica for vector: 3
2025-11-18 17:23:47,130 - INFO - MainThread - server_logic - [DEBUG] found replica for vector: 1
2025-11-18 17:23:47,130 - INFO - MainThread - server_logic - [DEBUG] found replica for vector: 2
2025-11-18 17:23:47,130 - INFO - MainThread - server_logic - [DEBUG] found replica for vector: 3
2025-11-18 17:23:47,130 - INFO - MainThread - server_logic - [DEBUG] to me replica for vector: 3
2025-11-18 17:23:47,130 - INFO - MainThread - server_logic - [DEBUG] found replica for vector: 1
2025-11-18 17:23:47,130 - INFO - MainThread - server_logic - [DEBUG] found replica for vector: 2
2025-11-18 17:23:47,130 - INFO - MainThread - server_logic - [DEBUG] found replica for vector: 3
2025-11-18 17:23:47,130 - INFO - MainThread - server_logic - [DEBUG] found replica for vector: 4
2025-11-18 17:23:47,130 - INFO - MainThread - server_logic - [DEBUG] found replica for vector: 1
2025-11-18 17:23:47,130 - INFO - MainThread - server_logic - [DEBUG] found replica for vector: 2
2025-11-18 17:23:47,130 - INFO - MainThread - server_logic - [DEBUG] found replica for vector: 3
2025-11-18 17:23:47,130 - INFO - MainThread - server_logic - [DEBUG] to me replica for vector: 3
2025-11-18 17:23:47,130 - INFO - MainThread - server_logic - [DEBUG] found replica for vector: 1
2025-11-18 17:23:47,130 - INFO - MainThread - server_logic - [DEBUG] found replica for vector: 2
2025-11-18 17:23:47,130 - INFO - MainThread - server_logic - [DEBUG] found replica for vector: 3
2025-11-18 17:23:47,130 - INFO - MainThread - server_logic - [DEBUG] found replica for vector: 4
2025-11-18 17:23:47,130 - INFO - MainThread - server_logic - [DEBUG] found replica for vector: 1
2025-11-18 17:23:47,130 - INFO - MainThread - server_logic - [DEBUG] found replica for vector: 2
2025-11-18 17:23:47,130 - INFO - MainThread - server_logic - [DEBUG] found replica for vector: 3
2025-11-18 17:23:47,130 - INFO - MainThread - server_logic - [DEBUG] found replica for vector: 4
2025-11-18 17:23:47,130 - INFO - MainThread - server_logic - [DEBUG] found replica for vector: 1
2025-11-18 17:23:47,130 - INFO - MainThread - server_logic - [DEBUG] found replica for vector: 2
2025-11-18 17:23:47,131 - INFO - MainThread - server_logic - [DEBUG] found replica for vector: 3
2025-11-18 17:23:47,131 - INFO - MainThread - server_logic - [DEBUG] to me replica for vector: 3
2025-11-18 17:23:47,131 - INFO - MainThread - server_logic - [DEBUG] found replica for vector: 1
2025-11-18 17:23:47,131 - INFO - MainThread - server_logic - [DEBUG] found replica for vector: 2
2025-11-18 17:23:47,131 - INFO - MainThread - server_logic - [DEBUG] found replica for vector: 3
2025-11-18 17:23:47,131 - INFO - MainThread - server_logic - [DEBUG] found replica for vector: 4
2025-11-18 17:23:47,131 - INFO - MainThread - server_logic - [DEBUG] found replica for vector: 1
2025-11-18 17:23:47,131 - INFO - MainThread - server_logic - [DEBUG] found replica for vector: 2
2025-11-18 17:23:47,131 - INFO - MainThread - server_logic - [DEBUG] found replica for vector: 3
2025-11-18 17:23:47,131 - INFO - MainThread - server_logic - [DEBUG] found replica for vector: 4
2025-11-18 17:23:47,131 - INFO - MainThread - server_logic - [DEBUG] found replica for vector: 1
2025-11-18 17:23:47,131 - INFO - MainThread - server_logic - [DEBUG] found replica for vector: 2
2025-11-18 17:23:47,131 - INFO - MainThread - server_logic - [DEBUG] found replica for vector: 3
2025-11-18 17:23:47,131 - INFO - MainThread - server_logic - [DEBUG] found replica for vector: 4
2025-11-18 17:23:47,131 - INFO - MainThread - server_logic - [DEBUG] found replica for vector: 1
2025-11-18 17:23:47,131 - INFO - MainThread - server_logic - [DEBUG] found replica for vector: 2
2025-11-18 17:23:47,131 - INFO - MainThread - server_logic - [DEBUG] found replica for vector: 3
2025-11-18 17:23:47,131 - INFO - MainThread - server_logic - [DEBUG] found replica for vector: 4
2025-11-18 17:23:47,131 - INFO - MainThread - server_logic - [DEBUG] found replica for vector: 1
2025-11-18 17:23:47,131 - INFO - MainThread - server_logic - [DEBUG] found replica for vector: 2
2025-11-18 17:23:47,131 - INFO - MainThread - server_logic - [DEBUG] found replica for vector: 3
2025-11-18 17:23:47,131 - INFO - MainThread - server_logic - [DEBUG] found replica for vector: 4
2025-11-18 17:23:47,131 - INFO - MainThread - server_logic - [DEBUG] found replica for vector: 1
2025-11-18 17:23:47,131 - INFO - MainThread - server_logic - [DEBUG] found replica for vector: 2
2025-11-18 17:23:47,131 - INFO - MainThread - server_logic - [DEBUG] found replica for vector: 3
2025-11-18 17:23:47,131 - INFO - MainThread - server_logic - [DEBUG] found replica for vector: 4
2025-11-18 17:23:47,131 - INFO - MainThread - server_logic - [DEBUG] found replica for vector: 1
2025-11-18 17:23:47,131 - INFO - MainThread - server_logic - [DEBUG] found replica for vector: 2
2025-11-18 17:23:47,131 - INFO - MainThread - server_logic - [DEBUG] found replica for vector: 3
2025-11-18 17:23:47,131 - INFO - MainThread - server_logic - [DEBUG] found replica for vector: 4
2025-11-18 17:23:47,131 - INFO - MainThread - server_logic - [DEBUG] found replica for vector: 1
2025-11-18 17:23:47,131 - INFO - MainThread - server_logic - [DEBUG] found replica for vector: 2
2025-11-18 17:23:47,131 - INFO - MainThread - server_logic - [DEBUG] found replica for vector: 3
2025-11-18 17:23:47,131 - INFO - MainThread - server_logic - [DEBUG] found replica for vector: 4
2025-11-18 17:23:47,131 - INFO - MainThread - server_logic - [DEBUG] found replica for vector: 1
2025-11-18 17:23:47,131 - INFO - MainThread - server_logic - [DEBUG] found replica for vector: 2
2025-11-18 17:23:47,131 - INFO - MainThread - server_logic - [DEBUG] found replica for vector: 3
2025-11-18 17:23:47,131 - INFO - MainThread - server_logic - [DEBUG] found replica for vector: 4
2025-11-18 17:23:47,131 - INFO - MainThread - server_logic - [DEBUG] found replica for vector: 1
2025-11-18 17:23:47,131 - INFO - MainThread - server_logic - [DEBUG] found replica for vector: 2
2025-11-18 17:23:47,131 - INFO - MainThread - server_logic - [DEBUG] found replica for vector: 3
2025-11-18 17:23:47,131 - INFO - MainThread - server_logic - [DEBUG] found replica for vector: 4
2025-11-18 17:23:47,131 - INFO - MainThread - server_logic - [DEBUG] found replica for vector: 1
2025-11-18 17:23:47,131 - INFO - MainThread - server_logic - [DEBUG] found replica for vector: 2
2025-11-18 17:23:47,131 - INFO - MainThread - server_logic - [DEBUG] found replica for vector: 3
2025-11-18 17:23:47,131 - INFO - MainThread - server_logic - [DEBUG] to me replica for vector: 3
2025-11-18 17:23:47,131 - INFO - MainThread - server_logic - [DEBUG] found replica for vector: 1
2025-11-18 17:23:47,131 - INFO - MainThread - server_logic - [DEBUG] found replica for vector: 2
2025-11-18 17:23:47,131 - INFO - MainThread - server_logic - [DEBUG] found replica for vector: 3
2025-11-18 17:23:47,131 - INFO - MainThread - server_logic - [DEBUG] found replica for vector: 4
2025-11-18 17:23:47,131 - INFO - MainThread - server_logic - [DEBUG] found replica for vector: 1
2025-11-18 17:23:47,131 - INFO - MainThread - server_logic - [DEBUG] found replica for vector: 2
2025-11-18 17:23:47,131 - INFO - MainThread - server_logic - [DEBUG] found replica for vector: 3
2025-11-18 17:23:47,131 - INFO - MainThread - server_logic - [DEBUG] found replica for vector: 4
2025-11-18 17:23:47,131 - INFO - MainThread - server_logic - [DEBUG] found replica for vector: 1
2025-11-18 17:23:47,131 - INFO - MainThread - server_logic - [DEBUG] found replica for vector: 2
2025-11-18 17:23:47,131 - INFO - MainThread - server_logic - [DEBUG] found replica for vector: 3
2025-11-18 17:23:47,132 - INFO - MainThread - server_logic - [DEBUG] to me replica for vector: 3
2025-11-18 17:23:47,132 - INFO - MainThread - server_logic - [DEBUG] found replica for vector: 1
2025-11-18 17:23:47,132 - INFO - MainThread - server_logic - [DEBUG] found replica for vector: 2
2025-11-18 17:23:47,132 - INFO - MainThread - server_logic - [DEBUG] found replica for vector: 3
2025-11-18 17:23:47,132 - INFO - MainThread - server_logic - [DEBUG] to me replica for vector: 3
2025-11-18 17:23:47,132 - INFO - MainThread - server_logic - [DEBUG] found replica for vector: 1
2025-11-18 17:23:47,132 - INFO - MainThread - server_logic - [DEBUG] found replica for vector: 2
2025-11-18 17:23:47,132 - INFO - MainThread - server_logic - [DEBUG] found replica for vector: 3
2025-11-18 17:23:47,132 - INFO - MainThread - server_logic - [DEBUG] to me replica for vector: 3
2025-11-18 17:23:47,132 - INFO - MainThread - server_logic - [DEBUG] found replica for vector: 1
2025-11-18 17:23:47,132 - INFO - MainThread - server_logic - [DEBUG] found replica for vector: 2
2025-11-18 17:23:47,132 - INFO - MainThread - server_logic - [DEBUG] found replica for vector: 3
2025-11-18 17:23:47,132 - INFO - MainThread - server_logic - [DEBUG] to me replica for vector: 3
2025-11-18 17:23:47,132 - INFO - MainThread - server_logic - [DEBUG] found replica for vector: 1
2025-11-18 17:23:47,132 - INFO - MainThread - server_logic - [DEBUG] found replica for vector: 2
2025-11-18 17:23:47,132 - INFO - MainThread - server_logic - [DEBUG] found replica for vector: 3
2025-11-18 17:23:47,132 - INFO - MainThread - server_logic - [DEBUG] found replica for vector: 4
2025-11-18 17:23:47,132 - INFO - MainThread - server_logic - [DEBUG] found replica for vector: 1
2025-11-18 17:23:47,132 - INFO - MainThread - server_logic - [DEBUG] found replica for vector: 2
2025-11-18 17:23:47,132 - INFO - MainThread - server_logic - [DEBUG] found replica for vector: 3
2025-11-18 17:23:47,132 - INFO - MainThread - server_logic - [DEBUG] to me replica for vector: 3
2025-11-18 17:23:47,132 - INFO - MainThread - server_logic - [DEBUG] found replica for vector: 1
2025-11-18 17:23:47,132 - INFO - MainThread - server_logic - [DEBUG] found replica for vector: 2
2025-11-18 17:23:47,132 - INFO - MainThread - server_logic - [DEBUG] found replica for vector: 3
2025-11-18 17:23:47,132 - INFO - MainThread - server_logic - [DEBUG] found replica for vector: 4
2025-11-18 17:23:47,132 - INFO - MainThread - server_logic - [DEBUG] found replica for vector: 1
2025-11-18 17:23:47,132 - INFO - MainThread - server_logic - [DEBUG] found replica for vector: 2
2025-11-18 17:23:47,132 - INFO - MainThread - server_logic - [DEBUG] found replica for vector: 3
2025-11-18 17:23:47,132 - INFO - MainThread - server_logic - [DEBUG] found replica for vector: 4
2025-11-18 17:23:47,132 - INFO - MainThread - server_logic - [DEBUG] found replica for vector: 1
2025-11-18 17:23:47,132 - INFO - MainThread - server_logic - [DEBUG] found replica for vector: 2
2025-11-18 17:23:47,132 - INFO - MainThread - server_logic - [DEBUG] found replica for vector: 3
2025-11-18 17:23:47,132 - INFO - MainThread - server_logic - [DEBUG] found replica for vector: 4
2025-11-18 17:23:47,132 - INFO - MainThread - server_logic - [DEBUG] found replica for vector: 1
2025-11-18 17:23:47,132 - INFO - MainThread - server_logic - [DEBUG] found replica for vector: 2
2025-11-18 17:23:47,132 - INFO - MainThread - server_logic - [DEBUG] found replica for vector: 3
2025-11-18 17:23:47,132 - INFO - MainThread - server_logic - [DEBUG] to me replica for vector: 3
2025-11-18 17:23:47,132 - INFO - MainThread - server_logic - [DEBUG] found replica for vector: 1
2025-11-18 17:23:47,132 - INFO - MainThread - server_logic - [DEBUG] found replica for vector: 2
2025-11-18 17:23:47,132 - INFO - MainThread - server_logic - [DEBUG] found replica for vector: 3
2025-11-18 17:23:47,132 - INFO - MainThread - server_logic - [DEBUG] found replica for vector: 4
2025-11-18 17:23:47,132 - INFO - MainThread - server_logic - [DEBUG] found replica for vector: 1
2025-11-18 17:23:47,132 - INFO - MainThread - server_logic - [DEBUG] found replica for vector: 2
2025-11-18 17:23:47,132 - INFO - MainThread - server_logic - [DEBUG] found replica for vector: 3
2025-11-18 17:23:47,132 - INFO - MainThread - server_logic - [DEBUG] found replica for vector: 4
2025-11-18 17:23:47,132 - INFO - MainThread - server_logic - [DEBUG] found replica for vector: 1
2025-11-18 17:23:47,132 - INFO - MainThread - server_logic - [DEBUG] found replica for vector: 2
2025-11-18 17:23:47,132 - INFO - MainThread - server_logic - [DEBUG] found replica for vector: 3
2025-11-18 17:23:47,132 - INFO - MainThread - server_logic - [DEBUG] found replica for vector: 4
2025-11-18 17:23:47,132 - INFO - MainThread - server_logic - [DEBUG] found replica for vector: 1
2025-11-18 17:23:47,132 - INFO - MainThread - server_logic - [DEBUG] found replica for vector: 2
2025-11-18 17:23:47,132 - INFO - MainThread - server_logic - [DEBUG] found replica for vector: 3
2025-11-18 17:23:47,132 - INFO - MainThread - server_logic - [DEBUG] found replica for vector: 4
2025-11-18 17:23:47,132 - INFO - MainThread - server_logic - [DEBUG] found replica for vector: 1
2025-11-18 17:23:47,132 - INFO - MainThread - server_logic - [DEBUG] found replica for vector: 2
2025-11-18 17:23:47,132 - INFO - MainThread - server_logic - [DEBUG] found replica for vector: 3
2025-11-18 17:23:47,132 - INFO - MainThread - server_logic - [DEBUG] to me replica for vector: 3
2025-11-18 17:23:47,133 - INFO - MainThread - server_logic - [DEBUG] found replica for vector: 1
2025-11-18 17:23:47,133 - INFO - MainThread - server_logic - [DEBUG] found replica for vector: 2
2025-11-18 17:23:47,133 - INFO - MainThread - server_logic - [DEBUG] found replica for vector: 3
2025-11-18 17:23:47,133 - INFO - MainThread - server_logic - [DEBUG] found replica for vector: 4
2025-11-18 17:23:47,133 - INFO - MainThread - server_logic - [DEBUG] found replica for vector: 1
2025-11-18 17:23:47,133 - INFO - MainThread - server_logic - [DEBUG] found replica for vector: 2
2025-11-18 17:23:47,133 - INFO - MainThread - server_logic - [DEBUG] found replica for vector: 3
2025-11-18 17:23:47,133 - INFO - MainThread - server_logic - [DEBUG] to me replica for vector: 3
2025-11-18 17:23:47,133 - INFO - MainThread - server_logic - [DEBUG] found replica for vector: 1
2025-11-18 17:23:47,133 - INFO - MainThread - server_logic - [DEBUG] found replica for vector: 2
2025-11-18 17:23:47,133 - INFO - MainThread - server_logic - [DEBUG] found replica for vector: 3
2025-11-18 17:23:47,133 - INFO - MainThread - server_logic - [DEBUG] found replica for vector: 4
2025-11-18 17:23:47,133 - INFO - MainThread - server_logic - [DEBUG] found replica for vector: 1
2025-11-18 17:23:47,133 - INFO - MainThread - server_logic - [DEBUG] found replica for vector: 2
2025-11-18 17:23:47,133 - INFO - MainThread - server_logic - [DEBUG] found replica for vector: 3
2025-11-18 17:23:47,133 - INFO - MainThread - server_logic - [DEBUG] found replica for vector: 4
2025-11-18 17:23:47,133 - INFO - MainThread - server_logic - [DEBUG] found replica for vector: 1
2025-11-18 17:23:47,133 - INFO - MainThread - server_logic - [DEBUG] found replica for vector: 2
2025-11-18 17:23:47,133 - INFO - MainThread - server_logic - [DEBUG] found replica for vector: 3
2025-11-18 17:23:47,133 - INFO - MainThread - server_logic - [DEBUG] found replica for vector: 4
2025-11-18 17:23:47,133 - INFO - MainThread - server_logic - [DEBUG] found replica for vector: 1
2025-11-18 17:23:47,133 - INFO - MainThread - server_logic - [DEBUG] found replica for vector: 2
2025-11-18 17:23:47,133 - INFO - MainThread - server_logic - [DEBUG] found replica for vector: 3
2025-11-18 17:23:47,133 - INFO - MainThread - server_logic - [DEBUG] found replica for vector: 4
2025-11-18 17:23:47,133 - INFO - MainThread - server_logic - [DEBUG] found replica for vector: 1
2025-11-18 17:23:47,133 - INFO - MainThread - server_logic - [DEBUG] found replica for vector: 2
2025-11-18 17:23:47,133 - INFO - MainThread - server_logic - [DEBUG] found replica for vector: 3
2025-11-18 17:23:47,133 - INFO - MainThread - server_logic - [DEBUG] found replica for vector: 4
2025-11-18 17:23:47,133 - INFO - MainThread - server_logic - [DEBUG] found replica for vector: 1
2025-11-18 17:23:47,133 - INFO - MainThread - server_logic - [DEBUG] found replica for vector: 2
2025-11-18 17:23:47,133 - INFO - MainThread - server_logic - [DEBUG] found replica for vector: 3
2025-11-18 17:23:47,133 - INFO - MainThread - server_logic - [DEBUG] to me replica for vector: 3
2025-11-18 17:23:47,133 - INFO - MainThread - server_logic - [DEBUG] found replica for vector: 1
2025-11-18 17:23:47,133 - INFO - MainThread - server_logic - [DEBUG] found replica for vector: 2
2025-11-18 17:23:47,133 - INFO - MainThread - server_logic - [DEBUG] found replica for vector: 3
2025-11-18 17:23:47,133 - INFO - MainThread - server_logic - [DEBUG] to me replica for vector: 3
2025-11-18 17:23:47,133 - INFO - MainThread - server_logic - [DEBUG] found replica for vector: 1
2025-11-18 17:23:47,133 - INFO - MainThread - server_logic - [DEBUG] found replica for vector: 2
2025-11-18 17:23:47,133 - INFO - MainThread - server_logic - [DEBUG] found replica for vector: 3
2025-11-18 17:23:47,133 - INFO - MainThread - server_logic - [DEBUG] found replica for vector: 4
2025-11-18 17:23:47,133 - INFO - MainThread - server_logic - [DEBUG] found replica for vector: 1
2025-11-18 17:23:47,133 - INFO - MainThread - server_logic - [DEBUG] found replica for vector: 2
2025-11-18 17:23:47,133 - INFO - MainThread - server_logic - [DEBUG] found replica for vector: 3
2025-11-18 17:23:47,133 - INFO - MainThread - server_logic - [DEBUG] found replica for vector: 4
2025-11-18 17:23:47,133 - INFO - MainThread - server_logic - [DEBUG] found replica for vector: 1
2025-11-18 17:23:47,133 - INFO - MainThread - server_logic - [DEBUG] found replica for vector: 2
2025-11-18 17:23:47,133 - INFO - MainThread - server_logic - [DEBUG] found replica for vector: 3
2025-11-18 17:23:47,133 - INFO - MainThread - server_logic - [DEBUG] found replica for vector: 4
2025-11-18 17:23:47,133 - INFO - MainThread - server_logic - [DEBUG] found replica for vector: 1
2025-11-18 17:23:47,133 - INFO - MainThread - server_logic - [DEBUG] found replica for vector: 2
2025-11-18 17:23:47,133 - INFO - MainThread - server_logic - [DEBUG] found replica for vector: 3
2025-11-18 17:23:47,133 - INFO - MainThread - server_logic - [DEBUG] found replica for vector: 4
2025-11-18 17:23:47,133 - INFO - MainThread - server_logic - [DEBUG] found replica for vector: 1
2025-11-18 17:23:47,133 - INFO - MainThread - server_logic - [DEBUG] found replica for vector: 2
2025-11-18 17:23:47,133 - INFO - MainThread - server_logic - [DEBUG] found replica for vector: 3
2025-11-18 17:23:47,133 - INFO - MainThread - server_logic - [DEBUG] found replica for vector: 4
2025-11-18 17:23:47,134 - INFO - MainThread - server_logic - [DEBUG] found replica for vector: 1
2025-11-18 17:23:47,134 - INFO - MainThread - server_logic - [DEBUG] found replica for vector: 2
2025-11-18 17:23:47,134 - INFO - MainThread - server_logic - [DEBUG] found replica for vector: 3
2025-11-18 17:23:47,134 - INFO - MainThread - server_logic - [DEBUG] found replica for vector: 4
2025-11-18 17:23:47,134 - INFO - MainThread - server_logic - [DEBUG] found replica for vector: 1
2025-11-18 17:23:47,134 - INFO - MainThread - server_logic - [DEBUG] found replica for vector: 2
2025-11-18 17:23:47,134 - INFO - MainThread - server_logic - [DEBUG] found replica for vector: 3
2025-11-18 17:23:47,134 - INFO - MainThread - server_logic - [DEBUG] found replica for vector: 4
2025-11-18 17:23:47,134 - INFO - MainThread - server_logic - [DEBUG] found replica for vector: 1
2025-11-18 17:23:47,134 - INFO - MainThread - server_logic - [DEBUG] found replica for vector: 2
2025-11-18 17:23:47,134 - INFO - MainThread - server_logic - [DEBUG] found replica for vector: 3
2025-11-18 17:23:47,134 - INFO - MainThread - server_logic - [DEBUG] to me replica for vector: 3
2025-11-18 17:23:47,134 - INFO - MainThread - server_logic - [DEBUG] found replica for vector: 1
2025-11-18 17:23:47,134 - INFO - MainThread - server_logic - [DEBUG] found replica for vector: 2
2025-11-18 17:23:47,134 - INFO - MainThread - server_logic - [DEBUG] found replica for vector: 3
2025-11-18 17:23:47,134 - INFO - MainThread - server_logic - [DEBUG] found replica for vector: 4
2025-11-18 17:23:47,134 - INFO - MainThread - server_logic - [DEBUG] found replica for vector: 1
2025-11-18 17:23:47,134 - INFO - MainThread - server_logic - [DEBUG] found replica for vector: 2
2025-11-18 17:23:47,134 - INFO - MainThread - server_logic - [DEBUG] found replica for vector: 3
2025-11-18 17:23:47,134 - INFO - MainThread - server_logic - [DEBUG] to me replica for vector: 3
2025-11-18 17:23:47,134 - INFO - MainThread - server_logic - [DEBUG] found replica for vector: 1
2025-11-18 17:23:47,134 - INFO - MainThread - server_logic - [DEBUG] found replica for vector: 2
2025-11-18 17:23:47,134 - INFO - MainThread - server_logic - [DEBUG] found replica for vector: 3
2025-11-18 17:23:47,134 - INFO - MainThread - server_logic - [DEBUG] to me replica for vector: 3
2025-11-18 17:23:47,134 - INFO - MainThread - server_logic - [DEBUG] found replica for vector: 1
2025-11-18 17:23:47,134 - INFO - MainThread - server_logic - [DEBUG] found replica for vector: 2
2025-11-18 17:23:47,134 - INFO - MainThread - server_logic - [DEBUG] found replica for vector: 3
2025-11-18 17:23:47,134 - INFO - MainThread - server_logic - [DEBUG] found replica for vector: 4
2025-11-18 17:23:47,134 - INFO - MainThread - server_logic - [DEBUG] found replica for vector: 1
2025-11-18 17:23:47,134 - INFO - MainThread - server_logic - [DEBUG] found replica for vector: 2
2025-11-18 17:23:47,134 - INFO - MainThread - server_logic - [DEBUG] found replica for vector: 3
2025-11-18 17:23:47,134 - INFO - MainThread - server_logic - [DEBUG] found replica for vector: 4
2025-11-18 17:23:47,134 - INFO - MainThread - server_logic - [DEBUG] found replica for vector: 1
2025-11-18 17:23:47,134 - INFO - MainThread - server_logic - [DEBUG] found replica for vector: 2
2025-11-18 17:23:47,134 - INFO - MainThread - server_logic - [DEBUG] found replica for vector: 3
2025-11-18 17:23:47,134 - INFO - MainThread - server_logic - [DEBUG] to me replica for vector: 3
2025-11-18 17:23:47,134 - INFO - MainThread - server_logic - [DEBUG] found replica for vector: 1
2025-11-18 17:23:47,134 - INFO - MainThread - server_logic - [DEBUG] found replica for vector: 2
2025-11-18 17:23:47,134 - INFO - MainThread - server_logic - [DEBUG] found replica for vector: 3
2025-11-18 17:23:47,134 - INFO - MainThread - server_logic - [DEBUG] found replica for vector: 4
2025-11-18 17:23:47,134 - INFO - MainThread - server_logic - [DEBUG] found replica for vector: 1
2025-11-18 17:23:47,134 - INFO - MainThread - server_logic - [DEBUG] found replica for vector: 2
2025-11-18 17:23:47,134 - INFO - MainThread - server_logic - [DEBUG] found replica for vector: 3
2025-11-18 17:23:47,134 - INFO - MainThread - server_logic - [DEBUG] to me replica for vector: 3
2025-11-18 17:23:47,134 - INFO - MainThread - server_logic - [DEBUG] found replica for vector: 1
2025-11-18 17:23:47,134 - INFO - MainThread - server_logic - [DEBUG] found replica for vector: 2
2025-11-18 17:23:47,134 - INFO - MainThread - server_logic - [DEBUG] found replica for vector: 3
2025-11-18 17:23:47,134 - INFO - MainThread - server_logic - [DEBUG] found replica for vector: 4
2025-11-18 17:23:47,134 - INFO - MainThread - server_logic - [DEBUG] found replica for vector: 1
2025-11-18 17:23:47,134 - INFO - MainThread - server_logic - [DEBUG] found replica for vector: 2
2025-11-18 17:23:47,134 - INFO - MainThread - server_logic - [DEBUG] found replica for vector: 3
2025-11-18 17:23:47,134 - INFO - MainThread - server_logic - [DEBUG] found replica for vector: 4
2025-11-18 17:23:47,134 - INFO - MainThread - server_logic - [DEBUG] found replica for vector: 1
2025-11-18 17:23:47,134 - INFO - MainThread - server_logic - [DEBUG] found replica for vector: 2
2025-11-18 17:23:47,134 - INFO - MainThread - server_logic - [DEBUG] found replica for vector: 3
2025-11-18 17:23:47,134 - INFO - MainThread - server_logic - [DEBUG] found replica for vector: 4
2025-11-18 17:23:47,135 - INFO - MainThread - server_logic - [DEBUG] found replica for vector: 1
2025-11-18 17:23:47,135 - INFO - MainThread - server_logic - [DEBUG] found replica for vector: 2
2025-11-18 17:23:47,135 - INFO - MainThread - server_logic - [DEBUG] found replica for vector: 3
2025-11-18 17:23:47,135 - INFO - MainThread - server_logic - [DEBUG] found replica for vector: 4
2025-11-18 17:23:47,135 - INFO - MainThread - server_logic - [DEBUG] found replica for vector: 1
2025-11-18 17:23:47,135 - INFO - MainThread - server_logic - [DEBUG] found replica for vector: 2
2025-11-18 17:23:47,135 - INFO - MainThread - server_logic - [DEBUG] found replica for vector: 3
2025-11-18 17:23:47,135 - INFO - MainThread - server_logic - [DEBUG] found replica for vector: 4
2025-11-18 17:23:47,135 - INFO - MainThread - server_logic - [DEBUG] found replica for vector: 1
2025-11-18 17:23:47,135 - INFO - MainThread - server_logic - [DEBUG] found replica for vector: 2
2025-11-18 17:23:47,135 - INFO - MainThread - server_logic - [DEBUG] found replica for vector: 3
2025-11-18 17:23:47,135 - INFO - MainThread - server_logic - [DEBUG] found replica for vector: 4
2025-11-18 17:23:47,135 - INFO - MainThread - server_logic - [DEBUG] found replica for vector: 1
2025-11-18 17:23:47,135 - INFO - MainThread - server_logic - [DEBUG] found replica for vector: 2
2025-11-18 17:23:47,135 - INFO - MainThread - server_logic - [DEBUG] found replica for vector: 3
2025-11-18 17:23:47,135 - INFO - MainThread - server_logic - [DEBUG] found replica for vector: 4
2025-11-18 17:23:47,135 - INFO - MainThread - server_logic - [DEBUG] found replica for vector: 1
2025-11-18 17:23:47,135 - INFO - MainThread - server_logic - [DEBUG] found replica for vector: 2
2025-11-18 17:23:47,135 - INFO - MainThread - server_logic - [DEBUG] found replica for vector: 3
2025-11-18 17:23:47,135 - INFO - MainThread - server_logic - [DEBUG] found replica for vector: 4
2025-11-18 17:23:47,135 - INFO - MainThread - server_logic - [DEBUG] found replica for vector: 1
2025-11-18 17:23:47,135 - INFO - MainThread - server_logic - [DEBUG] found replica for vector: 2
2025-11-18 17:23:47,135 - INFO - MainThread - server_logic - [DEBUG] found replica for vector: 3
2025-11-18 17:23:47,135 - INFO - MainThread - server_logic - [DEBUG] found replica for vector: 4
2025-11-18 17:23:47,135 - INFO - MainThread - server_logic - [DEBUG] found replica for vector: 1
2025-11-18 17:23:47,135 - INFO - MainThread - server_logic - [DEBUG] found replica for vector: 2
2025-11-18 17:23:47,135 - INFO - MainThread - server_logic - [DEBUG] found replica for vector: 3
2025-11-18 17:23:47,135 - INFO - MainThread - server_logic - [DEBUG] to me replica for vector: 3
2025-11-18 17:23:47,135 - INFO - MainThread - server_logic - [DEBUG] found replica for vector: 1
2025-11-18 17:23:47,135 - INFO - MainThread - server_logic - [DEBUG] found replica for vector: 2
2025-11-18 17:23:47,135 - INFO - MainThread - server_logic - [DEBUG] found replica for vector: 3
2025-11-18 17:23:47,135 - INFO - MainThread - server_logic - [DEBUG] found replica for vector: 4
2025-11-18 17:23:47,135 - INFO - MainThread - server_logic - [DEBUG] found replica for vector: 1
2025-11-18 17:23:47,135 - INFO - MainThread - server_logic - [DEBUG] found replica for vector: 2
2025-11-18 17:23:47,135 - INFO - MainThread - server_logic - [DEBUG] found replica for vector: 3
2025-11-18 17:23:47,135 - INFO - MainThread - server_logic - [DEBUG] to me replica for vector: 3
2025-11-18 17:23:47,135 - INFO - MainThread - server_logic - [DEBUG] found replica for vector: 1
2025-11-18 17:23:47,135 - INFO - MainThread - server_logic - [DEBUG] found replica for vector: 2
2025-11-18 17:23:47,135 - INFO - MainThread - server_logic - [DEBUG] found replica for vector: 3
2025-11-18 17:23:47,135 - INFO - MainThread - server_logic - [DEBUG] found replica for vector: 4
2025-11-18 17:23:47,135 - INFO - MainThread - server_logic - [DEBUG] found replica for vector: 1
2025-11-18 17:23:47,135 - INFO - MainThread - server_logic - [DEBUG] found replica for vector: 2
2025-11-18 17:23:47,135 - INFO - MainThread - server_logic - [DEBUG] found replica for vector: 3
2025-11-18 17:23:47,135 - INFO - MainThread - server_logic - [DEBUG] found replica for vector: 4
2025-11-18 17:23:47,135 - INFO - MainThread - server_logic - [DEBUG] found replica for vector: 1
2025-11-18 17:23:47,135 - INFO - MainThread - server_logic - [DEBUG] found replica for vector: 2
2025-11-18 17:23:47,135 - INFO - MainThread - server_logic - [DEBUG] found replica for vector: 3
2025-11-18 17:23:47,135 - INFO - MainThread - server_logic - [DEBUG] found replica for vector: 4
2025-11-18 17:23:47,135 - INFO - MainThread - server_logic - [DEBUG] found replica for vector: 1
2025-11-18 17:23:47,135 - INFO - MainThread - server_logic - [DEBUG] found replica for vector: 2
2025-11-18 17:23:47,135 - INFO - MainThread - server_logic - [DEBUG] found replica for vector: 3
2025-11-18 17:23:47,135 - INFO - MainThread - server_logic - [DEBUG] found replica for vector: 4
2025-11-18 17:23:47,135 - INFO - MainThread - server_logic - [DEBUG] found replica for vector: 1
2025-11-18 17:23:47,135 - INFO - MainThread - server_logic - [DEBUG] found replica for vector: 2
2025-11-18 17:23:47,135 - INFO - MainThread - server_logic - [DEBUG] found replica for vector: 3
2025-11-18 17:23:47,135 - INFO - MainThread - server_logic - [DEBUG] to me replica for vector: 3
2025-11-18 17:23:47,135 - INFO - MainThread - server_logic - [DEBUG] found replica for vector: 1
2025-11-18 17:23:47,136 - INFO - MainThread - server_logic - [DEBUG] found replica for vector: 2
2025-11-18 17:23:47,136 - INFO - MainThread - server_logic - [DEBUG] found replica for vector: 3
2025-11-18 17:23:47,136 - INFO - MainThread - server_logic - [DEBUG] found replica for vector: 4
2025-11-18 17:23:47,136 - INFO - MainThread - server_logic - [DEBUG] found replica for vector: 1
2025-11-18 17:23:47,136 - INFO - MainThread - server_logic - [DEBUG] found replica for vector: 2
2025-11-18 17:23:47,136 - INFO - MainThread - server_logic - [DEBUG] found replica for vector: 3
2025-11-18 17:23:47,136 - INFO - MainThread - server_logic - [DEBUG] found replica for vector: 4
2025-11-18 17:23:47,136 - INFO - MainThread - server_logic - [DEBUG] found replica for vector: 1
2025-11-18 17:23:47,136 - INFO - MainThread - server_logic - [DEBUG] found replica for vector: 2
2025-11-18 17:23:47,136 - INFO - MainThread - server_logic - [DEBUG] found replica for vector: 3
2025-11-18 17:23:47,136 - INFO - MainThread - server_logic - [DEBUG] found replica for vector: 4
2025-11-18 17:23:47,136 - INFO - MainThread - server_logic - [DEBUG] found replica for vector: 1
2025-11-18 17:23:47,136 - INFO - MainThread - server_logic - [DEBUG] found replica for vector: 2
2025-11-18 17:23:47,136 - INFO - MainThread - server_logic - [DEBUG] found replica for vector: 3
2025-11-18 17:23:47,136 - INFO - MainThread - server_logic - [DEBUG] to me replica for vector: 3
2025-11-18 17:23:47,136 - INFO - MainThread - server_logic - [DEBUG] found replica for vector: 1
2025-11-18 17:23:47,136 - INFO - MainThread - server_logic - [DEBUG] found replica for vector: 2
2025-11-18 17:23:47,136 - INFO - MainThread - server_logic - [DEBUG] found replica for vector: 3
2025-11-18 17:23:47,136 - INFO - MainThread - server_logic - [DEBUG] to me replica for vector: 3
2025-11-18 17:23:47,136 - INFO - MainThread - server_logic - [DEBUG] found replica for vector: 1
2025-11-18 17:23:47,136 - INFO - MainThread - server_logic - [DEBUG] found replica for vector: 2
2025-11-18 17:23:47,136 - INFO - MainThread - server_logic - [DEBUG] found replica for vector: 3
2025-11-18 17:23:47,136 - INFO - MainThread - server_logic - [DEBUG] found replica for vector: 4
2025-11-18 17:23:47,136 - INFO - MainThread - server_logic - [DEBUG] found replica for vector: 1
2025-11-18 17:23:47,136 - INFO - MainThread - server_logic - [DEBUG] found replica for vector: 2
2025-11-18 17:23:47,136 - INFO - MainThread - server_logic - [DEBUG] found replica for vector: 3
2025-11-18 17:23:47,136 - INFO - MainThread - server_logic - [DEBUG] to me replica for vector: 3
2025-11-18 17:23:47,136 - INFO - MainThread - server_logic - [DEBUG] found replica for vector: 1
2025-11-18 17:23:47,136 - INFO - MainThread - server_logic - [DEBUG] found replica for vector: 2
2025-11-18 17:23:47,136 - INFO - MainThread - server_logic - [DEBUG] found replica for vector: 3
2025-11-18 17:23:47,136 - INFO - MainThread - server_logic - [DEBUG] found replica for vector: 4
2025-11-18 17:23:47,136 - INFO - MainThread - server_logic - [DEBUG] found replica for vector: 1
2025-11-18 17:23:47,136 - INFO - MainThread - server_logic - [DEBUG] found replica for vector: 2
2025-11-18 17:23:47,136 - INFO - MainThread - server_logic - [DEBUG] found replica for vector: 3
2025-11-18 17:23:47,136 - INFO - MainThread - server_logic - [DEBUG] found replica for vector: 4
2025-11-18 17:23:47,136 - INFO - MainThread - server_logic - [DEBUG] found replica for vector: 1
2025-11-18 17:23:47,136 - INFO - MainThread - server_logic - [DEBUG] found replica for vector: 2
2025-11-18 17:23:47,136 - INFO - MainThread - server_logic - [DEBUG] found replica for vector: 3
2025-11-18 17:23:47,136 - INFO - MainThread - server_logic - [DEBUG] found replica for vector: 4
2025-11-18 17:23:47,136 - INFO - MainThread - server_logic - [DEBUG] found replica for vector: 1
2025-11-18 17:23:47,136 - INFO - MainThread - server_logic - [DEBUG] found replica for vector: 2
2025-11-18 17:23:47,136 - INFO - MainThread - server_logic - [DEBUG] found replica for vector: 3
2025-11-18 17:23:47,136 - INFO - MainThread - server_logic - [DEBUG] found replica for vector: 4
2025-11-18 17:23:47,136 - INFO - MainThread - server_logic - [DEBUG] found replica for vector: 1
2025-11-18 17:23:47,136 - INFO - MainThread - server_logic - [DEBUG] found replica for vector: 2
2025-11-18 17:23:47,136 - INFO - MainThread - server_logic - [DEBUG] found replica for vector: 3
2025-11-18 17:23:47,136 - INFO - MainThread - server_logic - [DEBUG] to me replica for vector: 3
2025-11-18 17:23:47,136 - INFO - MainThread - server_logic - [DEBUG] found replica for vector: 1
2025-11-18 17:23:47,136 - INFO - MainThread - server_logic - [DEBUG] found replica for vector: 2
2025-11-18 17:23:47,136 - INFO - MainThread - server_logic - [DEBUG] found replica for vector: 3
2025-11-18 17:23:47,136 - INFO - MainThread - server_logic - [DEBUG] to me replica for vector: 3
2025-11-18 17:23:47,136 - INFO - MainThread - server_logic - [DEBUG] found replica for vector: 1
2025-11-18 17:23:47,136 - INFO - MainThread - server_logic - [DEBUG] found replica for vector: 2
2025-11-18 17:23:47,136 - INFO - MainThread - server_logic - [DEBUG] found replica for vector: 3
2025-11-18 17:23:47,136 - INFO - MainThread - server_logic - [DEBUG] found replica for vector: 4
2025-11-18 17:23:47,136 - INFO - MainThread - server_logic - [DEBUG] found replica for vector: 1
2025-11-18 17:23:47,136 - INFO - MainThread - server_logic - [DEBUG] found replica for vector: 2
2025-11-18 17:23:47,136 - INFO - MainThread - server_logic - [DEBUG] found replica for vector: 3
2025-11-18 17:23:47,137 - INFO - MainThread - server_logic - [DEBUG] found replica for vector: 4
2025-11-18 17:23:47,137 - INFO - MainThread - server_logic - [DEBUG] found replica for vector: 1
2025-11-18 17:23:47,137 - INFO - MainThread - server_logic - [DEBUG] found replica for vector: 2
2025-11-18 17:23:47,137 - INFO - MainThread - server_logic - [DEBUG] found replica for vector: 3
2025-11-18 17:23:47,137 - INFO - MainThread - server_logic - [DEBUG] found replica for vector: 4
2025-11-18 17:23:47,137 - INFO - MainThread - server_logic - [DEBUG] found replica for vector: 1
2025-11-18 17:23:47,137 - INFO - MainThread - server_logic - [DEBUG] found replica for vector: 2
2025-11-18 17:23:47,137 - INFO - MainThread - server_logic - [DEBUG] found replica for vector: 3
2025-11-18 17:23:47,137 - INFO - MainThread - server_logic - [DEBUG] to me replica for vector: 3
2025-11-18 17:23:47,137 - INFO - MainThread - server_logic - [DEBUG] found replica for vector: 1
2025-11-18 17:23:47,137 - INFO - MainThread - server_logic - [DEBUG] found replica for vector: 2
2025-11-18 17:23:47,137 - INFO - MainThread - server_logic - [DEBUG] found replica for vector: 3
2025-11-18 17:23:47,137 - INFO - MainThread - server_logic - [DEBUG] found replica for vector: 4
2025-11-18 17:23:47,137 - INFO - MainThread - server_logic - [DEBUG] found replica for vector: 1
2025-11-18 17:23:47,137 - INFO - MainThread - server_logic - [DEBUG] found replica for vector: 2
2025-11-18 17:23:47,137 - INFO - MainThread - server_logic - [DEBUG] found replica for vector: 3
2025-11-18 17:23:47,137 - INFO - MainThread - server_logic - [DEBUG] to me replica for vector: 3
2025-11-18 17:23:47,137 - INFO - MainThread - server_logic - [DEBUG] found replica for vector: 1
2025-11-18 17:23:47,137 - INFO - MainThread - server_logic - [DEBUG] found replica for vector: 2
2025-11-18 17:23:47,137 - INFO - MainThread - server_logic - [DEBUG] found replica for vector: 3
2025-11-18 17:23:47,137 - INFO - MainThread - server_logic - [DEBUG] found replica for vector: 4
2025-11-18 17:23:47,137 - INFO - MainThread - server_logic - [DEBUG] found replica for vector: 1
2025-11-18 17:23:47,137 - INFO - MainThread - server_logic - [DEBUG] found replica for vector: 2
2025-11-18 17:23:47,137 - INFO - MainThread - server_logic - [DEBUG] found replica for vector: 3
2025-11-18 17:23:47,137 - INFO - MainThread - server_logic - [DEBUG] found replica for vector: 4
2025-11-18 17:23:47,137 - INFO - MainThread - server_logic - [DEBUG] found replica for vector: 1
2025-11-18 17:23:47,137 - INFO - MainThread - server_logic - [DEBUG] found replica for vector: 2
2025-11-18 17:23:47,137 - INFO - MainThread - server_logic - [DEBUG] found replica for vector: 3
2025-11-18 17:23:47,137 - INFO - MainThread - server_logic - [DEBUG] to me replica for vector: 3
2025-11-18 17:23:47,137 - INFO - MainThread - server_logic - [DEBUG] found replica for vector: 1
2025-11-18 17:23:47,137 - INFO - MainThread - server_logic - [DEBUG] found replica for vector: 2
2025-11-18 17:23:47,137 - INFO - MainThread - server_logic - [DEBUG] found replica for vector: 3
2025-11-18 17:23:47,137 - INFO - MainThread - server_logic - [DEBUG] found replica for vector: 4
2025-11-18 17:23:47,137 - INFO - MainThread - server_logic - [DEBUG] found replica for vector: 1
2025-11-18 17:23:47,137 - INFO - MainThread - server_logic - [DEBUG] found replica for vector: 2
2025-11-18 17:23:47,137 - INFO - MainThread - server_logic - [DEBUG] found replica for vector: 3
2025-11-18 17:23:47,137 - INFO - MainThread - server_logic - [DEBUG] found replica for vector: 4
2025-11-18 17:23:47,137 - INFO - MainThread - server_logic - [DEBUG] found replica for vector: 1
2025-11-18 17:23:47,137 - INFO - MainThread - server_logic - [DEBUG] found replica for vector: 2
2025-11-18 17:23:47,137 - INFO - MainThread - server_logic - [DEBUG] found replica for vector: 3
2025-11-18 17:23:47,137 - INFO - MainThread - server_logic - [DEBUG] to me replica for vector: 3
2025-11-18 17:23:47,137 - INFO - MainThread - server_logic - [DEBUG] found replica for vector: 1
2025-11-18 17:23:47,137 - INFO - MainThread - server_logic - [DEBUG] found replica for vector: 2
2025-11-18 17:23:47,137 - INFO - MainThread - server_logic - [DEBUG] found replica for vector: 3
2025-11-18 17:23:47,137 - INFO - MainThread - server_logic - [DEBUG] found replica for vector: 4
2025-11-18 17:23:47,137 - INFO - MainThread - server_logic - [DEBUG] found replica for vector: 1
2025-11-18 17:23:47,137 - INFO - MainThread - server_logic - [DEBUG] found replica for vector: 2
2025-11-18 17:23:47,137 - INFO - MainThread - server_logic - [DEBUG] found replica for vector: 3
2025-11-18 17:23:47,137 - INFO - MainThread - server_logic - [DEBUG] to me replica for vector: 3
2025-11-18 17:23:47,137 - INFO - MainThread - server_logic - [DEBUG] found replica for vector: 1
2025-11-18 17:23:47,137 - INFO - MainThread - server_logic - [DEBUG] found replica for vector: 2
2025-11-18 17:23:47,137 - INFO - MainThread - server_logic - [DEBUG] found replica for vector: 3
2025-11-18 17:23:47,137 - INFO - MainThread - server_logic - [DEBUG] found replica for vector: 4
2025-11-18 17:23:47,137 - INFO - MainThread - server_logic - [DEBUG] found replica for vector: 1
2025-11-18 17:23:47,137 - INFO - MainThread - server_logic - [DEBUG] found replica for vector: 2
2025-11-18 17:23:47,137 - INFO - MainThread - server_logic - [DEBUG] found replica for vector: 3
2025-11-18 17:23:47,137 - INFO - MainThread - server_logic - [DEBUG] found replica for vector: 4
2025-11-18 17:23:47,138 - INFO - MainThread - server_logic - [DEBUG] found replica for vector: 1
2025-11-18 17:23:47,138 - INFO - MainThread - server_logic - [DEBUG] found replica for vector: 2
2025-11-18 17:23:47,138 - INFO - MainThread - server_logic - [DEBUG] found replica for vector: 3
2025-11-18 17:23:47,138 - INFO - MainThread - server_logic - [DEBUG] found replica for vector: 4
2025-11-18 17:23:47,138 - INFO - MainThread - server_logic - [DEBUG] found replica for vector: 1
2025-11-18 17:23:47,138 - INFO - MainThread - server_logic - [DEBUG] found replica for vector: 2
2025-11-18 17:23:47,138 - INFO - MainThread - server_logic - [DEBUG] found replica for vector: 3
2025-11-18 17:23:47,138 - INFO - MainThread - server_logic - [DEBUG] found replica for vector: 4
2025-11-18 17:23:47,138 - INFO - MainThread - server_logic - [DEBUG] found replica for vector: 1
2025-11-18 17:23:47,138 - INFO - MainThread - server_logic - [DEBUG] found replica for vector: 2
2025-11-18 17:23:47,138 - INFO - MainThread - server_logic - [DEBUG] found replica for vector: 3
2025-11-18 17:23:47,138 - INFO - MainThread - server_logic - [DEBUG] found replica for vector: 4
2025-11-18 17:23:47,138 - INFO - MainThread - server_logic - [DEBUG] found replica for vector: 1
2025-11-18 17:23:47,138 - INFO - MainThread - server_logic - [DEBUG] found replica for vector: 2
2025-11-18 17:23:47,138 - INFO - MainThread - server_logic - [DEBUG] found replica for vector: 3
2025-11-18 17:23:47,138 - INFO - MainThread - server_logic - [DEBUG] found replica for vector: 4
2025-11-18 17:23:47,138 - INFO - MainThread - server_logic - [DEBUG] found replica for vector: 1
2025-11-18 17:23:47,138 - INFO - MainThread - server_logic - [DEBUG] found replica for vector: 2
2025-11-18 17:23:47,138 - INFO - MainThread - server_logic - [DEBUG] found replica for vector: 3
2025-11-18 17:23:47,138 - INFO - MainThread - server_logic - [DEBUG] found replica for vector: 4
2025-11-18 17:23:47,138 - INFO - MainThread - server_logic - [DEBUG] found replica for vector: 1
2025-11-18 17:23:47,138 - INFO - MainThread - server_logic - [DEBUG] found replica for vector: 2
2025-11-18 17:23:47,138 - INFO - MainThread - server_logic - [DEBUG] found replica for vector: 3
2025-11-18 17:23:47,138 - INFO - MainThread - server_logic - [DEBUG] found replica for vector: 4
2025-11-18 17:23:47,138 - INFO - MainThread - server_logic - [DEBUG] found replica for vector: 1
2025-11-18 17:23:47,138 - INFO - MainThread - server_logic - [DEBUG] found replica for vector: 2
2025-11-18 17:23:47,138 - INFO - MainThread - server_logic - [DEBUG] found replica for vector: 3
2025-11-18 17:23:47,138 - INFO - MainThread - server_logic - [DEBUG] found replica for vector: 4
2025-11-18 17:23:47,138 - INFO - MainThread - server_logic - [DEBUG] found replica for vector: 1
2025-11-18 17:23:47,138 - INFO - MainThread - server_logic - [DEBUG] found replica for vector: 2
2025-11-18 17:23:47,138 - INFO - MainThread - server_logic - [DEBUG] found replica for vector: 3
2025-11-18 17:23:47,138 - INFO - MainThread - server_logic - [DEBUG] found replica for vector: 4
2025-11-18 17:23:47,138 - INFO - MainThread - server_logic - [DEBUG] found replica for vector: 1
2025-11-18 17:23:47,138 - INFO - MainThread - server_logic - [DEBUG] found replica for vector: 2
2025-11-18 17:23:47,138 - INFO - MainThread - server_logic - [DEBUG] found replica for vector: 3
2025-11-18 17:23:47,138 - INFO - MainThread - server_logic - [DEBUG] to me replica for vector: 3
2025-11-18 17:23:47,138 - INFO - MainThread - server_logic - [DEBUG] found replica for vector: 1
2025-11-18 17:23:47,138 - INFO - MainThread - server_logic - [DEBUG] found replica for vector: 2
2025-11-18 17:23:47,138 - INFO - MainThread - server_logic - [DEBUG] found replica for vector: 3
2025-11-18 17:23:47,138 - INFO - MainThread - server_logic - [DEBUG] found replica for vector: 4
2025-11-18 17:23:47,138 - INFO - MainThread - server_logic - [DEBUG] found replica for vector: 1
2025-11-18 17:23:47,138 - INFO - MainThread - server_logic - [DEBUG] found replica for vector: 2
2025-11-18 17:23:47,138 - INFO - MainThread - server_logic - [DEBUG] found replica for vector: 3
2025-11-18 17:23:47,138 - INFO - MainThread - server_logic - [DEBUG] found replica for vector: 4
2025-11-18 17:23:47,138 - INFO - MainThread - server_logic - [DEBUG] found replica for vector: 1
2025-11-18 17:23:47,138 - INFO - MainThread - server_logic - [DEBUG] found replica for vector: 2
2025-11-18 17:23:47,138 - INFO - MainThread - server_logic - [DEBUG] found replica for vector: 3
2025-11-18 17:23:47,138 - INFO - MainThread - server_logic - [DEBUG] found replica for vector: 4
2025-11-18 17:23:47,138 - INFO - MainThread - server_logic - [DEBUG] found replica for vector: 1
2025-11-18 17:23:47,138 - INFO - MainThread - server_logic - [DEBUG] found replica for vector: 2
2025-11-18 17:23:47,138 - INFO - MainThread - server_logic - [DEBUG] found replica for vector: 3
2025-11-18 17:23:47,138 - INFO - MainThread - server_logic - [DEBUG] found replica for vector: 4
2025-11-18 17:23:47,138 - INFO - MainThread - server_logic - [DEBUG] found replica for vector: 1
2025-11-18 17:23:47,138 - INFO - MainThread - server_logic - [DEBUG] found replica for vector: 2
2025-11-18 17:23:47,138 - INFO - MainThread - server_logic - [DEBUG] found replica for vector: 3
2025-11-18 17:23:47,138 - INFO - MainThread - server_logic - [DEBUG] to me replica for vector: 3
2025-11-18 17:23:47,139 - INFO - MainThread - server_logic - [DEBUG] found replica for vector: 1
2025-11-18 17:23:47,139 - INFO - MainThread - server_logic - [DEBUG] found replica for vector: 2
2025-11-18 17:23:47,139 - INFO - MainThread - server_logic - [DEBUG] found replica for vector: 3
2025-11-18 17:23:47,139 - INFO - MainThread - server_logic - [DEBUG] found replica for vector: 4
2025-11-18 17:23:47,139 - INFO - MainThread - server_logic - [DEBUG] found replica for vector: 1
2025-11-18 17:23:47,139 - INFO - MainThread - server_logic - [DEBUG] found replica for vector: 2
2025-11-18 17:23:47,139 - INFO - MainThread - server_logic - [DEBUG] found replica for vector: 3
2025-11-18 17:23:47,139 - INFO - MainThread - server_logic - [DEBUG] to me replica for vector: 3
2025-11-18 17:23:47,139 - INFO - MainThread - server_logic - [DEBUG] found replica for vector: 1
2025-11-18 17:23:47,139 - INFO - MainThread - server_logic - [DEBUG] found replica for vector: 2
2025-11-18 17:23:47,139 - INFO - MainThread - server_logic - [DEBUG] found replica for vector: 3
2025-11-18 17:23:47,139 - INFO - MainThread - server_logic - [DEBUG] found replica for vector: 4
2025-11-18 17:23:47,139 - INFO - MainThread - server_logic - [DEBUG] found replica for vector: 1
2025-11-18 17:23:47,139 - INFO - MainThread - server_logic - [DEBUG] found replica for vector: 2
2025-11-18 17:23:47,139 - INFO - MainThread - server_logic - [DEBUG] found replica for vector: 3
2025-11-18 17:23:47,139 - INFO - MainThread - server_logic - [DEBUG] found replica for vector: 4
2025-11-18 17:23:47,139 - INFO - MainThread - server_logic - [DEBUG] found replica for vector: 1
2025-11-18 17:23:47,139 - INFO - MainThread - server_logic - [DEBUG] found replica for vector: 2
2025-11-18 17:23:47,139 - INFO - MainThread - server_logic - [DEBUG] found replica for vector: 3
2025-11-18 17:23:47,139 - INFO - MainThread - server_logic - [DEBUG] found replica for vector: 4
2025-11-18 17:23:47,139 - INFO - MainThread - server_logic - [DEBUG] found replica for vector: 1
2025-11-18 17:23:47,139 - INFO - MainThread - server_logic - [DEBUG] found replica for vector: 2
2025-11-18 17:23:47,139 - INFO - MainThread - server_logic - [DEBUG] found replica for vector: 3
2025-11-18 17:23:47,139 - INFO - MainThread - server_logic - [DEBUG] found replica for vector: 4
2025-11-18 17:23:47,139 - INFO - MainThread - server_logic - [DEBUG] found replica for vector: 1
2025-11-18 17:23:47,139 - INFO - MainThread - server_logic - [DEBUG] found replica for vector: 2
2025-11-18 17:23:47,139 - INFO - MainThread - server_logic - [DEBUG] found replica for vector: 3
2025-11-18 17:23:47,139 - INFO - MainThread - server_logic - [DEBUG] found replica for vector: 4
2025-11-18 17:23:47,139 - INFO - MainThread - server_logic - [DEBUG] found replica for vector: 1
2025-11-18 17:23:47,139 - INFO - MainThread - server_logic - [DEBUG] found replica for vector: 2
2025-11-18 17:23:47,139 - INFO - MainThread - server_logic - [DEBUG] found replica for vector: 3
2025-11-18 17:23:47,139 - INFO - MainThread - server_logic - [DEBUG] to me replica for vector: 3
2025-11-18 17:23:47,139 - INFO - MainThread - server_logic - [DEBUG] found replica for vector: 1
2025-11-18 17:23:47,139 - INFO - MainThread - server_logic - [DEBUG] found replica for vector: 2
2025-11-18 17:23:47,139 - INFO - MainThread - server_logic - [DEBUG] found replica for vector: 3
2025-11-18 17:23:47,139 - INFO - MainThread - server_logic - [DEBUG] found replica for vector: 4
2025-11-18 17:23:47,139 - INFO - MainThread - server_logic - [DEBUG] found replica for vector: 1
2025-11-18 17:23:47,139 - INFO - MainThread - server_logic - [DEBUG] found replica for vector: 2
2025-11-18 17:23:47,139 - INFO - MainThread - server_logic - [DEBUG] found replica for vector: 3
2025-11-18 17:23:47,139 - INFO - MainThread - server_logic - [DEBUG] found replica for vector: 4
2025-11-18 17:23:47,139 - INFO - MainThread - server_logic - [DEBUG] found replica for vector: 1
2025-11-18 17:23:47,139 - INFO - MainThread - server_logic - [DEBUG] found replica for vector: 2
2025-11-18 17:23:47,139 - INFO - MainThread - server_logic - [DEBUG] found replica for vector: 3
2025-11-18 17:23:47,139 - INFO - MainThread - server_logic - [DEBUG] found replica for vector: 4
2025-11-18 17:23:47,139 - INFO - MainThread - server_logic - [DEBUG] found replica for vector: 1
2025-11-18 17:23:47,139 - INFO - MainThread - server_logic - [DEBUG] found replica for vector: 2
2025-11-18 17:23:47,139 - INFO - MainThread - server_logic - [DEBUG] found replica for vector: 3
2025-11-18 17:23:47,139 - INFO - MainThread - server_logic - [DEBUG] to me replica for vector: 3
2025-11-18 17:23:47,139 - INFO - MainThread - server_logic - [DEBUG] found replica for vector: 1
2025-11-18 17:23:47,139 - INFO - MainThread - server_logic - [DEBUG] found replica for vector: 2
2025-11-18 17:23:47,139 - INFO - MainThread - server_logic - [DEBUG] found replica for vector: 3
2025-11-18 17:23:47,139 - INFO - MainThread - server_logic - [DEBUG] found replica for vector: 4
2025-11-18 17:23:47,139 - INFO - MainThread - server_logic - [DEBUG] found replica for vector: 1
2025-11-18 17:23:47,139 - INFO - MainThread - server_logic - [DEBUG] found replica for vector: 2
2025-11-18 17:23:47,139 - INFO - MainThread - server_logic - [DEBUG] found replica for vector: 3
2025-11-18 17:23:47,139 - INFO - MainThread - server_logic - [DEBUG] found replica for vector: 4
2025-11-18 17:23:47,139 - INFO - MainThread - server_logic - [DEBUG] found replica for vector: 1
2025-11-18 17:23:47,140 - INFO - MainThread - server_logic - [DEBUG] found replica for vector: 2
2025-11-18 17:23:47,140 - INFO - MainThread - server_logic - [DEBUG] found replica for vector: 3
2025-11-18 17:23:47,140 - INFO - MainThread - server_logic - [DEBUG] found replica for vector: 4
2025-11-18 17:23:47,140 - INFO - MainThread - server_logic - [DEBUG] found replica for vector: 1
2025-11-18 17:23:47,140 - INFO - MainThread - server_logic - [DEBUG] found replica for vector: 2
2025-11-18 17:23:47,140 - INFO - MainThread - server_logic - [DEBUG] found replica for vector: 3
2025-11-18 17:23:47,140 - INFO - MainThread - server_logic - [DEBUG] found replica for vector: 4
2025-11-18 17:23:47,140 - INFO - MainThread - server_logic - [DEBUG] found replica for vector: 1
2025-11-18 17:23:47,140 - INFO - MainThread - server_logic - [DEBUG] found replica for vector: 2
2025-11-18 17:23:47,140 - INFO - MainThread - server_logic - [DEBUG] found replica for vector: 3
2025-11-18 17:23:47,140 - INFO - MainThread - server_logic - [DEBUG] found replica for vector: 4
2025-11-18 17:23:47,140 - INFO - MainThread - server_logic - [DEBUG] found replica for vector: 1
2025-11-18 17:23:47,140 - INFO - MainThread - server_logic - [DEBUG] found replica for vector: 2
2025-11-18 17:23:47,140 - INFO - MainThread - server_logic - [DEBUG] found replica for vector: 3
2025-11-18 17:23:47,140 - INFO - MainThread - server_logic - [DEBUG] found replica for vector: 4
2025-11-18 17:23:47,140 - INFO - MainThread - server_logic - [DEBUG] found replica for vector: 1
2025-11-18 17:23:47,140 - INFO - MainThread - server_logic - [DEBUG] found replica for vector: 2
2025-11-18 17:23:47,140 - INFO - MainThread - server_logic - [DEBUG] found replica for vector: 3
2025-11-18 17:23:47,140 - INFO - MainThread - server_logic - [DEBUG] to me replica for vector: 3
2025-11-18 17:23:47,140 - INFO - MainThread - server_logic - [DEBUG] found replica for vector: 1
2025-11-18 17:23:47,140 - INFO - MainThread - server_logic - [DEBUG] found replica for vector: 2
2025-11-18 17:23:47,140 - INFO - MainThread - server_logic - [DEBUG] found replica for vector: 3
2025-11-18 17:23:47,140 - INFO - MainThread - server_logic - [DEBUG] found replica for vector: 4
2025-11-18 17:23:47,140 - INFO - MainThread - server_logic - [DEBUG] found replica for vector: 1
2025-11-18 17:23:47,140 - INFO - MainThread - server_logic - [DEBUG] found replica for vector: 2
2025-11-18 17:23:47,140 - INFO - MainThread - server_logic - [DEBUG] found replica for vector: 3
2025-11-18 17:23:47,140 - INFO - MainThread - server_logic - [DEBUG] found replica for vector: 4
2025-11-18 17:23:47,140 - INFO - MainThread - server_logic - [DEBUG] found replica for vector: 1
2025-11-18 17:23:47,140 - INFO - MainThread - server_logic - [DEBUG] found replica for vector: 2
2025-11-18 17:23:47,140 - INFO - MainThread - server_logic - [DEBUG] found replica for vector: 3
2025-11-18 17:23:47,140 - INFO - MainThread - server_logic - [DEBUG] found replica for vector: 4
2025-11-18 17:23:47,140 - INFO - MainThread - server_logic - [DEBUG] found replica for vector: 1
2025-11-18 17:23:47,140 - INFO - MainThread - server_logic - [DEBUG] found replica for vector: 2
2025-11-18 17:23:47,140 - INFO - MainThread - server_logic - [DEBUG] found replica for vector: 3
2025-11-18 17:23:47,140 - INFO - MainThread - server_logic - [DEBUG] found replica for vector: 4
2025-11-18 17:23:47,140 - INFO - MainThread - server_logic - [DEBUG] found replica for vector: 1
2025-11-18 17:23:47,140 - INFO - MainThread - server_logic - [DEBUG] found replica for vector: 2
2025-11-18 17:23:47,140 - INFO - MainThread - server_logic - [DEBUG] found replica for vector: 3
2025-11-18 17:23:47,140 - INFO - MainThread - server_logic - [DEBUG] found replica for vector: 4
2025-11-18 17:23:47,140 - INFO - MainThread - server_logic - [DEBUG] found replica for vector: 1
2025-11-18 17:23:47,140 - INFO - MainThread - server_logic - [DEBUG] found replica for vector: 2
2025-11-18 17:23:47,140 - INFO - MainThread - server_logic - [DEBUG] found replica for vector: 3
2025-11-18 17:23:47,140 - INFO - MainThread - server_logic - [DEBUG] to me replica for vector: 3
2025-11-18 17:23:47,140 - INFO - MainThread - server_logic - [DEBUG] found replica for vector: 1
2025-11-18 17:23:47,140 - INFO - MainThread - server_logic - [DEBUG] found replica for vector: 2
2025-11-18 17:23:47,140 - INFO - MainThread - server_logic - [DEBUG] found replica for vector: 3
2025-11-18 17:23:47,140 - INFO - MainThread - server_logic - [DEBUG] to me replica for vector: 3
2025-11-18 17:23:47,140 - INFO - MainThread - server_logic - [DEBUG] found replica for vector: 1
2025-11-18 17:23:47,140 - INFO - MainThread - server_logic - [DEBUG] found replica for vector: 2
2025-11-18 17:23:47,140 - INFO - MainThread - server_logic - [DEBUG] found replica for vector: 3
2025-11-18 17:23:47,140 - INFO - MainThread - server_logic - [DEBUG] found replica for vector: 4
2025-11-18 17:23:47,140 - INFO - MainThread - server_logic - [DEBUG] found replica for vector: 1
2025-11-18 17:23:47,140 - INFO - MainThread - server_logic - [DEBUG] found replica for vector: 2
2025-11-18 17:23:47,140 - INFO - MainThread - server_logic - [DEBUG] found replica for vector: 3
2025-11-18 17:23:47,140 - INFO - MainThread - server_logic - [DEBUG] found replica for vector: 4
2025-11-18 17:23:47,140 - INFO - MainThread - server_logic - [DEBUG] found replica for vector: 1
2025-11-18 17:23:47,141 - INFO - MainThread - server_logic - [DEBUG] found replica for vector: 2
2025-11-18 17:23:47,141 - INFO - MainThread - server_logic - [DEBUG] found replica for vector: 3
2025-11-18 17:23:47,141 - INFO - MainThread - server_logic - [DEBUG] to me replica for vector: 3
2025-11-18 17:23:47,141 - INFO - MainThread - server_logic - [DEBUG] found replica for vector: 1
2025-11-18 17:23:47,141 - INFO - MainThread - server_logic - [DEBUG] found replica for vector: 2
2025-11-18 17:23:47,141 - INFO - MainThread - server_logic - [DEBUG] found replica for vector: 3
2025-11-18 17:23:47,141 - INFO - MainThread - server_logic - [DEBUG] found replica for vector: 4
2025-11-18 17:23:47,141 - INFO - MainThread - server_logic - [DEBUG] found replica for vector: 1
2025-11-18 17:23:47,141 - INFO - MainThread - server_logic - [DEBUG] found replica for vector: 2
2025-11-18 17:23:47,141 - INFO - MainThread - server_logic - [DEBUG] found replica for vector: 3
2025-11-18 17:23:47,141 - INFO - MainThread - server_logic - [DEBUG] found replica for vector: 4
2025-11-18 17:23:47,141 - INFO - MainThread - server_logic - [DEBUG] found replica for vector: 1
2025-11-18 17:23:47,141 - INFO - MainThread - server_logic - [DEBUG] found replica for vector: 2
2025-11-18 17:23:47,141 - INFO - MainThread - server_logic - [DEBUG] found replica for vector: 3
2025-11-18 17:23:47,141 - INFO - MainThread - server_logic - [DEBUG] found replica for vector: 4
2025-11-18 17:23:47,141 - INFO - MainThread - server_logic - [DEBUG] found replica for vector: 1
2025-11-18 17:23:47,141 - INFO - MainThread - server_logic - [DEBUG] found replica for vector: 2
2025-11-18 17:23:47,141 - INFO - MainThread - server_logic - [DEBUG] found replica for vector: 3
2025-11-18 17:23:47,141 - INFO - MainThread - server_logic - [DEBUG] to me replica for vector: 3
2025-11-18 17:23:47,141 - INFO - MainThread - server_logic - [DEBUG] found replica for vector: 1
2025-11-18 17:23:47,141 - INFO - MainThread - server_logic - [DEBUG] found replica for vector: 2
2025-11-18 17:23:47,141 - INFO - MainThread - server_logic - [DEBUG] found replica for vector: 3
2025-11-18 17:23:47,141 - INFO - MainThread - server_logic - [DEBUG] found replica for vector: 4
2025-11-18 17:23:47,141 - INFO - MainThread - server_logic - [DEBUG] found replica for vector: 1
2025-11-18 17:23:47,141 - INFO - MainThread - server_logic - [DEBUG] found replica for vector: 2
2025-11-18 17:23:47,141 - INFO - MainThread - server_logic - [DEBUG] found replica for vector: 3
2025-11-18 17:23:47,141 - INFO - MainThread - server_logic - [DEBUG] found replica for vector: 4
2025-11-18 17:23:47,141 - INFO - MainThread - server_logic - [DEBUG] found replica for vector: 1
2025-11-18 17:23:47,141 - INFO - MainThread - server_logic - [DEBUG] found replica for vector: 2
2025-11-18 17:23:47,141 - INFO - MainThread - server_logic - [DEBUG] found replica for vector: 3
2025-11-18 17:23:47,141 - INFO - MainThread - server_logic - [DEBUG] to me replica for vector: 3
2025-11-18 17:23:47,141 - INFO - MainThread - server_logic - [DEBUG] found replica for vector: 1
2025-11-18 17:23:47,141 - INFO - MainThread - server_logic - [DEBUG] found replica for vector: 2
2025-11-18 17:23:47,141 - INFO - MainThread - server_logic - [DEBUG] found replica for vector: 3
2025-11-18 17:23:47,141 - INFO - MainThread - server_logic - [DEBUG] found replica for vector: 4
2025-11-18 17:23:47,141 - INFO - MainThread - server_logic - [DEBUG] found replica for vector: 1
2025-11-18 17:23:47,141 - INFO - MainThread - server_logic - [DEBUG] found replica for vector: 2
2025-11-18 17:23:47,141 - INFO - MainThread - server_logic - [DEBUG] found replica for vector: 3
2025-11-18 17:23:47,141 - INFO - MainThread - server_logic - [DEBUG] found replica for vector: 4
2025-11-18 17:23:47,141 - INFO - MainThread - server_logic - [DEBUG] found replica for vector: 1
2025-11-18 17:23:47,141 - INFO - MainThread - server_logic - [DEBUG] found replica for vector: 2
2025-11-18 17:23:47,141 - INFO - MainThread - server_logic - [DEBUG] found replica for vector: 3
2025-11-18 17:23:47,141 - INFO - MainThread - server_logic - [DEBUG] to me replica for vector: 3
2025-11-18 17:23:47,141 - INFO - MainThread - server_logic - [DEBUG] found replica for vector: 1
2025-11-18 17:23:47,141 - INFO - MainThread - server_logic - [DEBUG] found replica for vector: 2
2025-11-18 17:23:47,141 - INFO - MainThread - server_logic - [DEBUG] found replica for vector: 3
2025-11-18 17:23:47,141 - INFO - MainThread - server_logic - [DEBUG] found replica for vector: 4
2025-11-18 17:23:47,141 - INFO - MainThread - server_logic - [DEBUG] found replica for vector: 1
2025-11-18 17:23:47,141 - INFO - MainThread - server_logic - [DEBUG] found replica for vector: 2
2025-11-18 17:23:47,141 - INFO - MainThread - server_logic - [DEBUG] found replica for vector: 3
2025-11-18 17:23:47,141 - INFO - MainThread - server_logic - [DEBUG] found replica for vector: 4
2025-11-18 17:23:47,141 - INFO - MainThread - server_logic - [DEBUG] found replica for vector: 1
2025-11-18 17:23:47,141 - INFO - MainThread - server_logic - [DEBUG] found replica for vector: 2
2025-11-18 17:23:47,141 - INFO - MainThread - server_logic - [DEBUG] found replica for vector: 3
2025-11-18 17:23:47,141 - INFO - MainThread - server_logic - [DEBUG] to me replica for vector: 3
2025-11-18 17:23:47,141 - INFO - MainThread - server_logic - [DEBUG] found replica for vector: 1
2025-11-18 17:23:47,141 - INFO - MainThread - server_logic - [DEBUG] found replica for vector: 2
2025-11-18 17:23:47,141 - INFO - MainThread - server_logic - [DEBUG] found replica for vector: 3
2025-11-18 17:23:47,142 - INFO - MainThread - server_logic - [DEBUG] to me replica for vector: 3
2025-11-18 17:23:47,142 - INFO - MainThread - server_logic - [DEBUG] found replica for vector: 1
2025-11-18 17:23:47,142 - INFO - MainThread - server_logic - [DEBUG] found replica for vector: 2
2025-11-18 17:23:47,142 - INFO - MainThread - server_logic - [DEBUG] found replica for vector: 3
2025-11-18 17:23:47,142 - INFO - MainThread - server_logic - [DEBUG] found replica for vector: 4
2025-11-18 17:23:47,142 - INFO - MainThread - server_logic - [DEBUG] found replica for vector: 1
2025-11-18 17:23:47,142 - INFO - MainThread - server_logic - [DEBUG] found replica for vector: 2
2025-11-18 17:23:47,142 - INFO - MainThread - server_logic - [DEBUG] found replica for vector: 3
2025-11-18 17:23:47,142 - INFO - MainThread - server_logic - [DEBUG] found replica for vector: 4
2025-11-18 17:23:47,142 - INFO - MainThread - server_logic - [DEBUG] found replica for vector: 1
2025-11-18 17:23:47,142 - INFO - MainThread - server_logic - [DEBUG] found replica for vector: 2
2025-11-18 17:23:47,142 - INFO - MainThread - server_logic - [DEBUG] found replica for vector: 3
2025-11-18 17:23:47,142 - INFO - MainThread - server_logic - [DEBUG] found replica for vector: 4
2025-11-18 17:23:47,142 - INFO - MainThread - server_logic - [DEBUG] found replica for vector: 1
2025-11-18 17:23:47,142 - INFO - MainThread - server_logic - [DEBUG] found replica for vector: 2
2025-11-18 17:23:47,142 - INFO - MainThread - server_logic - [DEBUG] found replica for vector: 3
2025-11-18 17:23:47,142 - INFO - MainThread - server_logic - [DEBUG] to me replica for vector: 3
2025-11-18 17:23:47,142 - INFO - MainThread - server_logic - [DEBUG] found replica for vector: 1
2025-11-18 17:23:47,142 - INFO - MainThread - server_logic - [DEBUG] found replica for vector: 2
2025-11-18 17:23:47,142 - INFO - MainThread - server_logic - [DEBUG] found replica for vector: 3
2025-11-18 17:23:47,142 - INFO - MainThread - server_logic - [DEBUG] found replica for vector: 4
2025-11-18 17:23:47,142 - INFO - MainThread - server_logic - [DEBUG] found replica for vector: 1
2025-11-18 17:23:47,142 - INFO - MainThread - server_logic - [DEBUG] found replica for vector: 2
2025-11-18 17:23:47,142 - INFO - MainThread - server_logic - [DEBUG] found replica for vector: 3
2025-11-18 17:23:47,142 - INFO - MainThread - server_logic - [DEBUG] found replica for vector: 4
2025-11-18 17:23:47,142 - INFO - MainThread - server_logic - [DEBUG] found replica for vector: 1
2025-11-18 17:23:47,142 - INFO - MainThread - server_logic - [DEBUG] found replica for vector: 2
2025-11-18 17:23:47,142 - INFO - MainThread - server_logic - [DEBUG] found replica for vector: 3
2025-11-18 17:23:47,142 - INFO - MainThread - server_logic - [DEBUG] to me replica for vector: 3
2025-11-18 17:23:47,142 - INFO - MainThread - server_logic - [DEBUG] found replica for vector: 1
2025-11-18 17:23:47,142 - INFO - MainThread - server_logic - [DEBUG] found replica for vector: 2
2025-11-18 17:23:47,142 - INFO - MainThread - server_logic - [DEBUG] found replica for vector: 3
2025-11-18 17:23:47,142 - INFO - MainThread - server_logic - [DEBUG] to me replica for vector: 3
2025-11-18 17:23:47,142 - INFO - MainThread - server_logic - [DEBUG] found replica for vector: 1
2025-11-18 17:23:47,142 - INFO - MainThread - server_logic - [DEBUG] found replica for vector: 2
2025-11-18 17:23:47,142 - INFO - MainThread - server_logic - [DEBUG] found replica for vector: 3
2025-11-18 17:23:47,142 - INFO - MainThread - server_logic - [DEBUG] to me replica for vector: 3
2025-11-18 17:23:47,142 - INFO - MainThread - server_logic - [DEBUG] found replica for vector: 1
2025-11-18 17:23:47,142 - INFO - MainThread - server_logic - [DEBUG] found replica for vector: 2
2025-11-18 17:23:47,142 - INFO - MainThread - server_logic - [DEBUG] found replica for vector: 3
2025-11-18 17:23:47,142 - INFO - MainThread - server_logic - [DEBUG] found replica for vector: 4
2025-11-18 17:23:47,142 - INFO - MainThread - server_logic - [DEBUG] found replica for vector: 1
2025-11-18 17:23:47,142 - INFO - MainThread - server_logic - [DEBUG] found replica for vector: 2
2025-11-18 17:23:47,142 - INFO - MainThread - server_logic - [DEBUG] found replica for vector: 3
2025-11-18 17:23:47,142 - INFO - MainThread - server_logic - [DEBUG] found replica for vector: 4
2025-11-18 17:23:47,142 - INFO - MainThread - server_logic - [Router] Distribution: Peer node1: 64, Peer node2: 59, Peer node3: 59, Peer node4: 59, Peer node5: 59, Peer node6: 44, Peer node7: 44, Peer node8: 44, Peer node9: 44, Peer node10: 89, Peer node11: 89, Peer node13: 89, Peer node14: 64, Peer node15: 64, Peer node16: 64, Me (node12): 89
2025-11-18 17:23:47,142 - INFO - MainThread - server_logic - --> [Peer Send] Sending 64 vectors to Peer node1 (localhost:9001) | Status: clustered
2025-11-18 17:23:47,214 - INFO - MainThread - server_logic - --> [Peer Send] Success: Sent vectors to node1
2025-11-18 17:23:47,214 - INFO - MainThread - server_logic - --> [Peer Send] Sending 59 vectors to Peer node2 (localhost:9002) | Status: clustered
2025-11-18 17:23:47,282 - INFO - MainThread - server_logic - --> [Peer Send] Success: Sent vectors to node2
2025-11-18 17:23:47,282 - INFO - MainThread - server_logic - --> [Peer Send] Sending 59 vectors to Peer node3 (localhost:9003) | Status: clustered
2025-11-18 17:23:47,352 - INFO - MainThread - server_logic - --> [Peer Send] Success: Sent vectors to node3
2025-11-18 17:23:47,352 - INFO - MainThread - server_logic - --> [Peer Send] Sending 59 vectors to Peer node4 (localhost:9004) | Status: clustered
2025-11-18 17:23:47,416 - INFO - MainThread - server_logic - --> [Peer Send] Success: Sent vectors to node4
2025-11-18 17:23:47,416 - INFO - MainThread - server_logic - --> [Peer Send] Sending 59 vectors to Peer node5 (localhost:9005) | Status: clustered
2025-11-18 17:23:47,483 - INFO - MainThread - server_logic - --> [Peer Send] Success: Sent vectors to node5
2025-11-18 17:23:47,483 - INFO - MainThread - server_logic - --> [Peer Send] Sending 44 vectors to Peer node6 (localhost:9006) | Status: clustered
2025-11-18 17:23:47,549 - INFO - MainThread - server_logic - --> [Peer Send] Success: Sent vectors to node6
2025-11-18 17:23:47,549 - INFO - MainThread - server_logic - --> [Peer Send] Sending 44 vectors to Peer node7 (localhost:9007) | Status: clustered
2025-11-18 17:23:47,615 - INFO - MainThread - server_logic - --> [Peer Send] Success: Sent vectors to node7
2025-11-18 17:23:47,615 - INFO - MainThread - server_logic - --> [Peer Send] Sending 44 vectors to Peer node8 (localhost:9008) | Status: clustered
2025-11-18 17:23:47,680 - INFO - MainThread - server_logic - --> [Peer Send] Success: Sent vectors to node8
2025-11-18 17:23:47,680 - INFO - MainThread - server_logic - --> [Peer Send] Sending 44 vectors to Peer node9 (localhost:9009) | Status: clustered
2025-11-18 17:23:47,748 - INFO - MainThread - server_logic - --> [Peer Send] Success: Sent vectors to node9
2025-11-18 17:23:47,748 - INFO - MainThread - server_logic - --> [Peer Send] Sending 89 vectors to Peer node10 (localhost:9010) | Status: clustered
2025-11-18 17:23:47,815 - INFO - MainThread - server_logic - --> [Peer Send] Success: Sent vectors to node10
2025-11-18 17:23:47,815 - INFO - MainThread - server_logic - --> [Peer Send] Sending 89 vectors to Peer node11 (localhost:9011) | Status: clustered
2025-11-18 17:23:47,890 - INFO - MainThread - server_logic - --> [Peer Send] Success: Sent vectors to node11
2025-11-18 17:23:47,890 - INFO - MainThread - server_logic - --> [Peer Send] Sending 89 vectors to Peer node13 (localhost:9013) | Status: clustered
2025-11-18 17:23:47,964 - INFO - MainThread - server_logic - --> [Peer Send] Success: Sent vectors to node13
2025-11-18 17:23:47,964 - INFO - MainThread - server_logic - --> [Peer Send] Sending 64 vectors to Peer node14 (localhost:9014) | Status: clustered
2025-11-18 17:23:48,035 - INFO - MainThread - server_logic - --> [Peer Send] Success: Sent vectors to node14
2025-11-18 17:23:48,035 - INFO - MainThread - server_logic - --> [Peer Send] Sending 64 vectors to Peer node15 (localhost:9015) | Status: clustered
2025-11-18 17:23:48,103 - INFO - MainThread - server_logic - --> [Peer Send] Success: Sent vectors to node15
2025-11-18 17:23:48,103 - INFO - MainThread - server_logic - --> [Peer Send] Sending 64 vectors to Peer node16 (localhost:9016) | Status: clustered
2025-11-18 17:23:48,177 - INFO - MainThread - server_logic - --> [Peer Send] Success: Sent vectors to node16
2025-11-18 17:23:48,177 - INFO - MainThread - server_logic - [Add Vectors] Processing 89 vectors. Sender Status: clustered. Current Node Status: clustered
2025-11-18 17:23:48,177 - INFO - MainThread - server_logic - [Add Vectors] Direct Insert: Storing 89 vectors in local Qdrant (Sender is clustered).
2025-11-18 17:23:48,229 - INFO - MainThread - httpx - HTTP Request: GET http://localhost:6355 "HTTP/1.1 200 OK"
2025-11-18 17:23:48,230 - INFO - MainThread - qdrant_module - [Qdrant] Attempting to insert 89 vectors into vectors on http://localhost:6355...
2025-11-18 17:23:48,242 - INFO - MainThread - qdrant_module - [Qdrant] Success: Inserted 89 vectors.
2025-11-18 17:23:48,243 - INFO - MainThread - __main__ - API: /add completed
2025-11-18 17:23:48,244 - INFO - MainThread - uvicorn.access - 127.0.0.1:52703 - "POST /add HTTP/1.1" 200
2025-11-18 17:23:49,122 - INFO - ThreadPoolExecutor-0_0 - grpc_handler - [GRPC IN] ReceiveVectors called. ReqID: 109, Type: clustered, Count: 84
2025-11-18 17:23:49,124 - INFO - ThreadPoolExecutor-0_0 - server_logic - [Add Vectors] Processing 84 vectors. Sender Status: clustered. Current Node Status: clustered
2025-11-18 17:23:49,124 - INFO - ThreadPoolExecutor-0_0 - server_logic - [Add Vectors] Direct Insert: Storing 84 vectors in local Qdrant (Sender is clustered).
2025-11-18 17:23:49,176 - INFO - ThreadPoolExecutor-0_0 - httpx - HTTP Request: GET http://localhost:6355 "HTTP/1.1 200 OK"
2025-11-18 17:23:49,176 - INFO - ThreadPoolExecutor-0_0 - qdrant_module - [Qdrant] Attempting to insert 84 vectors into vectors on http://localhost:6355...
2025-11-18 17:23:49,188 - INFO - ThreadPoolExecutor-0_0 - qdrant_module - [Qdrant] Success: Inserted 84 vectors.
2025-11-18 17:23:49,189 - INFO - ThreadPoolExecutor-0_0 - grpc_handler - [GRPC IN] ReceiveVectors processed successfully.
2025-11-18 17:23:50,320 - INFO - ThreadPoolExecutor-0_0 - grpc_handler - [GRPC IN] ReceiveVectors called. ReqID: 110, Type: clustered, Count: 88
2025-11-18 17:23:50,321 - INFO - ThreadPoolExecutor-0_0 - server_logic - [Add Vectors] Processing 88 vectors. Sender Status: clustered. Current Node Status: clustered
2025-11-18 17:23:50,321 - INFO - ThreadPoolExecutor-0_0 - server_logic - [Add Vectors] Direct Insert: Storing 88 vectors in local Qdrant (Sender is clustered).
2025-11-18 17:23:50,373 - INFO - ThreadPoolExecutor-0_0 - httpx - HTTP Request: GET http://localhost:6355 "HTTP/1.1 200 OK"
2025-11-18 17:23:50,374 - INFO - ThreadPoolExecutor-0_0 - qdrant_module - [Qdrant] Attempting to insert 88 vectors into vectors on http://localhost:6355...
2025-11-18 17:23:50,389 - INFO - ThreadPoolExecutor-0_0 - qdrant_module - [Qdrant] Success: Inserted 88 vectors.
2025-11-18 17:23:50,390 - INFO - ThreadPoolExecutor-0_0 - grpc_handler - [GRPC IN] ReceiveVectors processed successfully.
2025-11-18 17:23:51,516 - INFO - ThreadPoolExecutor-0_0 - grpc_handler - [GRPC IN] ReceiveVectors called. ReqID: 111, Type: clustered, Count: 73
2025-11-18 17:23:51,517 - INFO - ThreadPoolExecutor-0_0 - server_logic - [Add Vectors] Processing 73 vectors. Sender Status: clustered. Current Node Status: clustered
2025-11-18 17:23:51,517 - INFO - ThreadPoolExecutor-0_0 - server_logic - [Add Vectors] Direct Insert: Storing 73 vectors in local Qdrant (Sender is clustered).
2025-11-18 17:23:51,569 - INFO - ThreadPoolExecutor-0_0 - httpx - HTTP Request: GET http://localhost:6355 "HTTP/1.1 200 OK"
2025-11-18 17:23:51,569 - INFO - ThreadPoolExecutor-0_0 - qdrant_module - [Qdrant] Attempting to insert 73 vectors into vectors on http://localhost:6355...
2025-11-18 17:23:51,580 - INFO - ThreadPoolExecutor-0_0 - qdrant_module - [Qdrant] Success: Inserted 73 vectors.
2025-11-18 17:23:51,581 - INFO - ThreadPoolExecutor-0_0 - grpc_handler - [GRPC IN] ReceiveVectors processed successfully.
2025-11-18 17:23:52,752 - INFO - ThreadPoolExecutor-0_0 - grpc_handler - [GRPC IN] ReceiveVectors called. ReqID: 112, Type: clustered, Count: 68
2025-11-18 17:23:52,753 - INFO - ThreadPoolExecutor-0_0 - server_logic - [Add Vectors] Processing 68 vectors. Sender Status: clustered. Current Node Status: clustered
2025-11-18 17:23:52,753 - INFO - ThreadPoolExecutor-0_0 - server_logic - [Add Vectors] Direct Insert: Storing 68 vectors in local Qdrant (Sender is clustered).
2025-11-18 17:23:52,807 - INFO - ThreadPoolExecutor-0_0 - httpx - HTTP Request: GET http://localhost:6355 "HTTP/1.1 200 OK"
2025-11-18 17:23:52,807 - INFO - ThreadPoolExecutor-0_0 - qdrant_module - [Qdrant] Attempting to insert 68 vectors into vectors on http://localhost:6355...
2025-11-18 17:23:52,819 - INFO - ThreadPoolExecutor-0_0 - qdrant_module - [Qdrant] Success: Inserted 68 vectors.
2025-11-18 17:23:52,821 - INFO - ThreadPoolExecutor-0_0 - grpc_handler - [GRPC IN] ReceiveVectors processed successfully.
2025-11-18 17:23:53,901 - INFO - ThreadPoolExecutor-0_0 - grpc_handler - [GRPC IN] ReceiveVectors called. ReqID: 113, Type: clustered, Count: 79
2025-11-18 17:23:53,902 - INFO - ThreadPoolExecutor-0_0 - server_logic - [Add Vectors] Processing 79 vectors. Sender Status: clustered. Current Node Status: clustered
2025-11-18 17:23:53,902 - INFO - ThreadPoolExecutor-0_0 - server_logic - [Add Vectors] Direct Insert: Storing 79 vectors in local Qdrant (Sender is clustered).
2025-11-18 17:23:53,954 - INFO - ThreadPoolExecutor-0_0 - httpx - HTTP Request: GET http://localhost:6355 "HTTP/1.1 200 OK"
2025-11-18 17:23:53,954 - INFO - ThreadPoolExecutor-0_0 - qdrant_module - [Qdrant] Attempting to insert 79 vectors into vectors on http://localhost:6355...
2025-11-18 17:23:53,969 - INFO - ThreadPoolExecutor-0_0 - qdrant_module - [Qdrant] Success: Inserted 79 vectors.
2025-11-18 17:23:53,970 - INFO - ThreadPoolExecutor-0_0 - grpc_handler - [GRPC IN] ReceiveVectors processed successfully.
2025-11-18 17:23:55,103 - INFO - ThreadPoolExecutor-0_0 - grpc_handler - [GRPC IN] ReceiveVectors called. ReqID: 114, Type: clustered, Count: 87
2025-11-18 17:23:55,104 - INFO - ThreadPoolExecutor-0_0 - server_logic - [Add Vectors] Processing 87 vectors. Sender Status: clustered. Current Node Status: clustered
2025-11-18 17:23:55,104 - INFO - ThreadPoolExecutor-0_0 - server_logic - [Add Vectors] Direct Insert: Storing 87 vectors in local Qdrant (Sender is clustered).
2025-11-18 17:23:55,158 - INFO - ThreadPoolExecutor-0_0 - httpx - HTTP Request: GET http://localhost:6355 "HTTP/1.1 200 OK"
2025-11-18 17:23:55,158 - INFO - ThreadPoolExecutor-0_0 - qdrant_module - [Qdrant] Attempting to insert 87 vectors into vectors on http://localhost:6355...
2025-11-18 17:23:55,173 - INFO - ThreadPoolExecutor-0_0 - qdrant_module - [Qdrant] Success: Inserted 87 vectors.
2025-11-18 17:23:55,174 - INFO - ThreadPoolExecutor-0_0 - grpc_handler - [GRPC IN] ReceiveVectors processed successfully.
2025-11-18 17:23:56,316 - INFO - ThreadPoolExecutor-0_0 - grpc_handler - [GRPC IN] ReceiveVectors called. ReqID: 115, Type: clustered, Count: 76
2025-11-18 17:23:56,317 - INFO - ThreadPoolExecutor-0_0 - server_logic - [Add Vectors] Processing 76 vectors. Sender Status: clustered. Current Node Status: clustered
2025-11-18 17:23:56,317 - INFO - ThreadPoolExecutor-0_0 - server_logic - [Add Vectors] Direct Insert: Storing 76 vectors in local Qdrant (Sender is clustered).
2025-11-18 17:23:56,368 - INFO - ThreadPoolExecutor-0_0 - httpx - HTTP Request: GET http://localhost:6355 "HTTP/1.1 200 OK"
2025-11-18 17:23:56,368 - INFO - ThreadPoolExecutor-0_0 - qdrant_module - [Qdrant] Attempting to insert 76 vectors into vectors on http://localhost:6355...
2025-11-18 17:23:56,382 - INFO - ThreadPoolExecutor-0_0 - qdrant_module - [Qdrant] Success: Inserted 76 vectors.
2025-11-18 17:23:56,383 - INFO - ThreadPoolExecutor-0_0 - grpc_handler - [GRPC IN] ReceiveVectors processed successfully.
2025-11-18 17:23:57,509 - INFO - ThreadPoolExecutor-0_0 - grpc_handler - [GRPC IN] ReceiveVectors called. ReqID: 116, Type: clustered, Count: 78
2025-11-18 17:23:57,510 - INFO - ThreadPoolExecutor-0_0 - server_logic - [Add Vectors] Processing 78 vectors. Sender Status: clustered. Current Node Status: clustered
2025-11-18 17:23:57,510 - INFO - ThreadPoolExecutor-0_0 - server_logic - [Add Vectors] Direct Insert: Storing 78 vectors in local Qdrant (Sender is clustered).
2025-11-18 17:23:57,562 - INFO - ThreadPoolExecutor-0_0 - httpx - HTTP Request: GET http://localhost:6355 "HTTP/1.1 200 OK"
2025-11-18 17:23:57,562 - INFO - ThreadPoolExecutor-0_0 - qdrant_module - [Qdrant] Attempting to insert 78 vectors into vectors on http://localhost:6355...
2025-11-18 17:23:57,577 - INFO - ThreadPoolExecutor-0_0 - qdrant_module - [Qdrant] Success: Inserted 78 vectors.
2025-11-18 17:23:57,578 - INFO - ThreadPoolExecutor-0_0 - grpc_handler - [GRPC IN] ReceiveVectors processed successfully.
2025-11-18 17:23:58,878 - INFO - ThreadPoolExecutor-0_0 - grpc_handler - [GRPC IN] ReceiveVectors called. ReqID: 117, Type: clustered, Count: 81
2025-11-18 17:23:58,879 - INFO - ThreadPoolExecutor-0_0 - server_logic - [Add Vectors] Processing 81 vectors. Sender Status: clustered. Current Node Status: clustered
2025-11-18 17:23:58,879 - INFO - ThreadPoolExecutor-0_0 - server_logic - [Add Vectors] Direct Insert: Storing 81 vectors in local Qdrant (Sender is clustered).
2025-11-18 17:23:58,931 - INFO - ThreadPoolExecutor-0_0 - httpx - HTTP Request: GET http://localhost:6355 "HTTP/1.1 200 OK"
2025-11-18 17:23:58,932 - INFO - ThreadPoolExecutor-0_0 - qdrant_module - [Qdrant] Attempting to insert 81 vectors into vectors on http://localhost:6355...
2025-11-18 17:23:58,946 - INFO - ThreadPoolExecutor-0_0 - qdrant_module - [Qdrant] Success: Inserted 81 vectors.
2025-11-18 17:23:58,947 - INFO - ThreadPoolExecutor-0_0 - grpc_handler - [GRPC IN] ReceiveVectors processed successfully.
2025-11-18 17:24:00,101 - INFO - ThreadPoolExecutor-0_0 - grpc_handler - [GRPC IN] ReceiveVectors called. ReqID: 118, Type: clustered, Count: 83
2025-11-18 17:24:00,102 - INFO - ThreadPoolExecutor-0_0 - server_logic - [Add Vectors] Processing 83 vectors. Sender Status: clustered. Current Node Status: clustered
2025-11-18 17:24:00,102 - INFO - ThreadPoolExecutor-0_0 - server_logic - [Add Vectors] Direct Insert: Storing 83 vectors in local Qdrant (Sender is clustered).
2025-11-18 17:24:00,154 - INFO - ThreadPoolExecutor-0_0 - httpx - HTTP Request: GET http://localhost:6355 "HTTP/1.1 200 OK"
2025-11-18 17:24:00,155 - INFO - ThreadPoolExecutor-0_0 - qdrant_module - [Qdrant] Attempting to insert 83 vectors into vectors on http://localhost:6355...
2025-11-18 17:24:00,170 - INFO - ThreadPoolExecutor-0_0 - qdrant_module - [Qdrant] Success: Inserted 83 vectors.
2025-11-18 17:24:00,171 - INFO - ThreadPoolExecutor-0_0 - grpc_handler - [GRPC IN] ReceiveVectors processed successfully.
2025-11-18 17:24:01,296 - INFO - ThreadPoolExecutor-0_0 - grpc_handler - [GRPC IN] ReceiveVectors called. ReqID: 119, Type: clustered, Count: 70
2025-11-18 17:24:01,297 - INFO - ThreadPoolExecutor-0_0 - server_logic - [Add Vectors] Processing 70 vectors. Sender Status: clustered. Current Node Status: clustered
2025-11-18 17:24:01,297 - INFO - ThreadPoolExecutor-0_0 - server_logic - [Add Vectors] Direct Insert: Storing 70 vectors in local Qdrant (Sender is clustered).
2025-11-18 17:24:01,349 - INFO - ThreadPoolExecutor-0_0 - httpx - HTTP Request: GET http://localhost:6355 "HTTP/1.1 200 OK"
2025-11-18 17:24:01,349 - INFO - ThreadPoolExecutor-0_0 - qdrant_module - [Qdrant] Attempting to insert 70 vectors into vectors on http://localhost:6355...
2025-11-18 17:24:01,362 - INFO - ThreadPoolExecutor-0_0 - qdrant_module - [Qdrant] Success: Inserted 70 vectors.
2025-11-18 17:24:01,363 - INFO - ThreadPoolExecutor-0_0 - grpc_handler - [GRPC IN] ReceiveVectors processed successfully.
2025-11-18 17:24:02,593 - INFO - ThreadPoolExecutor-0_0 - grpc_handler - [GRPC IN] ReceiveVectors called. ReqID: 120, Type: clustered, Count: 86
2025-11-18 17:24:02,595 - INFO - ThreadPoolExecutor-0_0 - server_logic - [Add Vectors] Processing 86 vectors. Sender Status: clustered. Current Node Status: clustered
2025-11-18 17:24:02,595 - INFO - ThreadPoolExecutor-0_0 - server_logic - [Add Vectors] Direct Insert: Storing 86 vectors in local Qdrant (Sender is clustered).
2025-11-18 17:24:02,647 - INFO - ThreadPoolExecutor-0_0 - httpx - HTTP Request: GET http://localhost:6355 "HTTP/1.1 200 OK"
2025-11-18 17:24:02,647 - INFO - ThreadPoolExecutor-0_0 - qdrant_module - [Qdrant] Attempting to insert 86 vectors into vectors on http://localhost:6355...
2025-11-18 17:24:02,664 - INFO - ThreadPoolExecutor-0_0 - qdrant_module - [Qdrant] Success: Inserted 86 vectors.
2025-11-18 17:24:02,665 - INFO - ThreadPoolExecutor-0_0 - grpc_handler - [GRPC IN] ReceiveVectors processed successfully.
2025-11-18 17:24:03,861 - INFO - ThreadPoolExecutor-0_0 - grpc_handler - [GRPC IN] ReceiveVectors called. ReqID: 121, Type: clustered, Count: 85
2025-11-18 17:24:03,863 - INFO - ThreadPoolExecutor-0_0 - server_logic - [Add Vectors] Processing 85 vectors. Sender Status: clustered. Current Node Status: clustered
2025-11-18 17:24:03,863 - INFO - ThreadPoolExecutor-0_0 - server_logic - [Add Vectors] Direct Insert: Storing 85 vectors in local Qdrant (Sender is clustered).
2025-11-18 17:24:03,916 - INFO - ThreadPoolExecutor-0_0 - httpx - HTTP Request: GET http://localhost:6355 "HTTP/1.1 200 OK"
2025-11-18 17:24:03,916 - INFO - ThreadPoolExecutor-0_0 - qdrant_module - [Qdrant] Attempting to insert 85 vectors into vectors on http://localhost:6355...
2025-11-18 17:24:03,930 - INFO - ThreadPoolExecutor-0_0 - qdrant_module - [Qdrant] Success: Inserted 85 vectors.
2025-11-18 17:24:03,931 - INFO - ThreadPoolExecutor-0_0 - grpc_handler - [GRPC IN] ReceiveVectors processed successfully.
2025-11-18 17:24:05,063 - INFO - ThreadPoolExecutor-0_0 - grpc_handler - [GRPC IN] ReceiveVectors called. ReqID: 122, Type: clustered, Count: 72
2025-11-18 17:24:05,064 - INFO - ThreadPoolExecutor-0_0 - server_logic - [Add Vectors] Processing 72 vectors. Sender Status: clustered. Current Node Status: clustered
2025-11-18 17:24:05,064 - INFO - ThreadPoolExecutor-0_0 - server_logic - [Add Vectors] Direct Insert: Storing 72 vectors in local Qdrant (Sender is clustered).
2025-11-18 17:24:05,116 - INFO - ThreadPoolExecutor-0_0 - httpx - HTTP Request: GET http://localhost:6355 "HTTP/1.1 200 OK"
2025-11-18 17:24:05,116 - INFO - ThreadPoolExecutor-0_0 - qdrant_module - [Qdrant] Attempting to insert 72 vectors into vectors on http://localhost:6355...
2025-11-18 17:24:05,131 - INFO - ThreadPoolExecutor-0_0 - qdrant_module - [Qdrant] Success: Inserted 72 vectors.
2025-11-18 17:24:05,133 - INFO - ThreadPoolExecutor-0_0 - grpc_handler - [GRPC IN] ReceiveVectors processed successfully.
2025-11-18 17:24:06,370 - INFO - ThreadPoolExecutor-0_0 - grpc_handler - [GRPC IN] ReceiveVectors called. ReqID: 123, Type: clustered, Count: 81
2025-11-18 17:24:06,371 - INFO - ThreadPoolExecutor-0_0 - server_logic - [Add Vectors] Processing 81 vectors. Sender Status: clustered. Current Node Status: clustered
2025-11-18 17:24:06,371 - INFO - ThreadPoolExecutor-0_0 - server_logic - [Add Vectors] Direct Insert: Storing 81 vectors in local Qdrant (Sender is clustered).
2025-11-18 17:24:06,422 - INFO - ThreadPoolExecutor-0_0 - httpx - HTTP Request: GET http://localhost:6355 "HTTP/1.1 200 OK"
2025-11-18 17:24:06,422 - INFO - ThreadPoolExecutor-0_0 - qdrant_module - [Qdrant] Attempting to insert 81 vectors into vectors on http://localhost:6355...
2025-11-18 17:24:06,439 - INFO - ThreadPoolExecutor-0_0 - qdrant_module - [Qdrant] Success: Inserted 81 vectors.
2025-11-18 17:24:06,440 - INFO - ThreadPoolExecutor-0_0 - grpc_handler - [GRPC IN] ReceiveVectors processed successfully.
2025-11-18 17:24:06,868 - INFO - MainThread - __main__ - API: /add called. ReqID: 124, Vectors: 256
2025-11-18 17:24:06,868 - INFO - MainThread - server_logic - [Client Request] Client wants to add 256 vectors. My Status: clustered
2025-11-18 17:24:06,868 - INFO - MainThread - server_logic - [Client Request] System Clustered. Routing vectors to appropriate peers.
2025-11-18 17:24:06,868 - INFO - MainThread - server_logic - [Router] Routing 256 vectors among 16 nodes (Replicas: 4).
2025-11-18 17:24:06,868 - INFO - MainThread - server_logic - [DEBUG] found replica for vector: 1
2025-11-18 17:24:06,868 - INFO - MainThread - server_logic - [DEBUG] found replica for vector: 2
2025-11-18 17:24:06,868 - INFO - MainThread - server_logic - [DEBUG] found replica for vector: 3
2025-11-18 17:24:06,868 - INFO - MainThread - server_logic - [DEBUG] found replica for vector: 4
2025-11-18 17:24:06,868 - INFO - MainThread - server_logic - [DEBUG] found replica for vector: 1
2025-11-18 17:24:06,868 - INFO - MainThread - server_logic - [DEBUG] found replica for vector: 2
2025-11-18 17:24:06,868 - INFO - MainThread - server_logic - [DEBUG] found replica for vector: 3
2025-11-18 17:24:06,868 - INFO - MainThread - server_logic - [DEBUG] found replica for vector: 4
2025-11-18 17:24:06,868 - INFO - MainThread - server_logic - [DEBUG] found replica for vector: 1
2025-11-18 17:24:06,868 - INFO - MainThread - server_logic - [DEBUG] found replica for vector: 2
2025-11-18 17:24:06,868 - INFO - MainThread - server_logic - [DEBUG] found replica for vector: 3
2025-11-18 17:24:06,868 - INFO - MainThread - server_logic - [DEBUG] found replica for vector: 4
2025-11-18 17:24:06,868 - INFO - MainThread - server_logic - [DEBUG] found replica for vector: 1
2025-11-18 17:24:06,868 - INFO - MainThread - server_logic - [DEBUG] found replica for vector: 2
2025-11-18 17:24:06,868 - INFO - MainThread - server_logic - [DEBUG] found replica for vector: 3
2025-11-18 17:24:06,868 - INFO - MainThread - server_logic - [DEBUG] to me replica for vector: 3
2025-11-18 17:24:06,869 - INFO - MainThread - server_logic - [DEBUG] found replica for vector: 1
2025-11-18 17:24:06,869 - INFO - MainThread - server_logic - [DEBUG] found replica for vector: 2
2025-11-18 17:24:06,869 - INFO - MainThread - server_logic - [DEBUG] found replica for vector: 3
2025-11-18 17:24:06,869 - INFO - MainThread - server_logic - [DEBUG] found replica for vector: 4
2025-11-18 17:24:06,869 - INFO - MainThread - server_logic - [DEBUG] found replica for vector: 1
2025-11-18 17:24:06,869 - INFO - MainThread - server_logic - [DEBUG] found replica for vector: 2
2025-11-18 17:24:06,869 - INFO - MainThread - server_logic - [DEBUG] found replica for vector: 3
2025-11-18 17:24:06,869 - INFO - MainThread - server_logic - [DEBUG] found replica for vector: 4
2025-11-18 17:24:06,869 - INFO - MainThread - server_logic - [DEBUG] found replica for vector: 1
2025-11-18 17:24:06,869 - INFO - MainThread - server_logic - [DEBUG] found replica for vector: 2
2025-11-18 17:24:06,869 - INFO - MainThread - server_logic - [DEBUG] found replica for vector: 3
2025-11-18 17:24:06,869 - INFO - MainThread - server_logic - [DEBUG] found replica for vector: 4
2025-11-18 17:24:06,869 - INFO - MainThread - server_logic - [DEBUG] found replica for vector: 1
2025-11-18 17:24:06,869 - INFO - MainThread - server_logic - [DEBUG] found replica for vector: 2
2025-11-18 17:24:06,869 - INFO - MainThread - server_logic - [DEBUG] found replica for vector: 3
2025-11-18 17:24:06,869 - INFO - MainThread - server_logic - [DEBUG] found replica for vector: 4
2025-11-18 17:24:06,869 - INFO - MainThread - server_logic - [DEBUG] found replica for vector: 1
2025-11-18 17:24:06,869 - INFO - MainThread - server_logic - [DEBUG] found replica for vector: 2
2025-11-18 17:24:06,869 - INFO - MainThread - server_logic - [DEBUG] found replica for vector: 3
2025-11-18 17:24:06,869 - INFO - MainThread - server_logic - [DEBUG] found replica for vector: 4
2025-11-18 17:24:06,869 - INFO - MainThread - server_logic - [DEBUG] found replica for vector: 1
2025-11-18 17:24:06,869 - INFO - MainThread - server_logic - [DEBUG] found replica for vector: 2
2025-11-18 17:24:06,869 - INFO - MainThread - server_logic - [DEBUG] found replica for vector: 3
2025-11-18 17:24:06,869 - INFO - MainThread - server_logic - [DEBUG] found replica for vector: 4
2025-11-18 17:24:06,869 - INFO - MainThread - server_logic - [DEBUG] found replica for vector: 1
2025-11-18 17:24:06,869 - INFO - MainThread - server_logic - [DEBUG] found replica for vector: 2
2025-11-18 17:24:06,869 - INFO - MainThread - server_logic - [DEBUG] found replica for vector: 3
2025-11-18 17:24:06,869 - INFO - MainThread - server_logic - [DEBUG] found replica for vector: 4
2025-11-18 17:24:06,869 - INFO - MainThread - server_logic - [DEBUG] found replica for vector: 1
2025-11-18 17:24:06,869 - INFO - MainThread - server_logic - [DEBUG] found replica for vector: 2
2025-11-18 17:24:06,869 - INFO - MainThread - server_logic - [DEBUG] found replica for vector: 3
2025-11-18 17:24:06,869 - INFO - MainThread - server_logic - [DEBUG] found replica for vector: 4
2025-11-18 17:24:06,869 - INFO - MainThread - server_logic - [DEBUG] found replica for vector: 1
2025-11-18 17:24:06,869 - INFO - MainThread - server_logic - [DEBUG] found replica for vector: 2
2025-11-18 17:24:06,869 - INFO - MainThread - server_logic - [DEBUG] found replica for vector: 3
2025-11-18 17:24:06,869 - INFO - MainThread - server_logic - [DEBUG] found replica for vector: 4
2025-11-18 17:24:06,869 - INFO - MainThread - server_logic - [DEBUG] found replica for vector: 1
2025-11-18 17:24:06,869 - INFO - MainThread - server_logic - [DEBUG] found replica for vector: 2
2025-11-18 17:24:06,869 - INFO - MainThread - server_logic - [DEBUG] found replica for vector: 3
2025-11-18 17:24:06,869 - INFO - MainThread - server_logic - [DEBUG] found replica for vector: 4
2025-11-18 17:24:06,869 - INFO - MainThread - server_logic - [DEBUG] found replica for vector: 1
2025-11-18 17:24:06,869 - INFO - MainThread - server_logic - [DEBUG] found replica for vector: 2
2025-11-18 17:24:06,869 - INFO - MainThread - server_logic - [DEBUG] found replica for vector: 3
2025-11-18 17:24:06,869 - INFO - MainThread - server_logic - [DEBUG] found replica for vector: 4
2025-11-18 17:24:06,869 - INFO - MainThread - server_logic - [DEBUG] found replica for vector: 1
2025-11-18 17:24:06,869 - INFO - MainThread - server_logic - [DEBUG] found replica for vector: 2
2025-11-18 17:24:06,869 - INFO - MainThread - server_logic - [DEBUG] found replica for vector: 3
2025-11-18 17:24:06,869 - INFO - MainThread - server_logic - [DEBUG] found replica for vector: 4
2025-11-18 17:24:06,869 - INFO - MainThread - server_logic - [DEBUG] found replica for vector: 1
2025-11-18 17:24:06,869 - INFO - MainThread - server_logic - [DEBUG] found replica for vector: 2
2025-11-18 17:24:06,869 - INFO - MainThread - server_logic - [DEBUG] found replica for vector: 3
2025-11-18 17:24:06,869 - INFO - MainThread - server_logic - [DEBUG] found replica for vector: 4
2025-11-18 17:24:06,870 - INFO - MainThread - server_logic - [DEBUG] found replica for vector: 1
2025-11-18 17:24:06,870 - INFO - MainThread - server_logic - [DEBUG] found replica for vector: 2
2025-11-18 17:24:06,870 - INFO - MainThread - server_logic - [DEBUG] found replica for vector: 3
2025-11-18 17:24:06,870 - INFO - MainThread - server_logic - [DEBUG] found replica for vector: 4
2025-11-18 17:24:06,870 - INFO - MainThread - server_logic - [DEBUG] found replica for vector: 1
2025-11-18 17:24:06,870 - INFO - MainThread - server_logic - [DEBUG] found replica for vector: 2
2025-11-18 17:24:06,870 - INFO - MainThread - server_logic - [DEBUG] found replica for vector: 3
2025-11-18 17:24:06,870 - INFO - MainThread - server_logic - [DEBUG] found replica for vector: 4
2025-11-18 17:24:06,870 - INFO - MainThread - server_logic - [DEBUG] found replica for vector: 1
2025-11-18 17:24:06,870 - INFO - MainThread - server_logic - [DEBUG] found replica for vector: 2
2025-11-18 17:24:06,870 - INFO - MainThread - server_logic - [DEBUG] found replica for vector: 3
2025-11-18 17:24:06,870 - INFO - MainThread - server_logic - [DEBUG] found replica for vector: 4
2025-11-18 17:24:06,870 - INFO - MainThread - server_logic - [DEBUG] found replica for vector: 1
2025-11-18 17:24:06,870 - INFO - MainThread - server_logic - [DEBUG] found replica for vector: 2
2025-11-18 17:24:06,870 - INFO - MainThread - server_logic - [DEBUG] found replica for vector: 3
2025-11-18 17:24:06,870 - INFO - MainThread - server_logic - [DEBUG] found replica for vector: 4
2025-11-18 17:24:06,870 - INFO - MainThread - server_logic - [DEBUG] found replica for vector: 1
2025-11-18 17:24:06,870 - INFO - MainThread - server_logic - [DEBUG] found replica for vector: 2
2025-11-18 17:24:06,870 - INFO - MainThread - server_logic - [DEBUG] found replica for vector: 3
2025-11-18 17:24:06,870 - INFO - MainThread - server_logic - [DEBUG] found replica for vector: 4
2025-11-18 17:24:06,870 - INFO - MainThread - server_logic - [DEBUG] found replica for vector: 1
2025-11-18 17:24:06,870 - INFO - MainThread - server_logic - [DEBUG] found replica for vector: 2
2025-11-18 17:24:06,870 - INFO - MainThread - server_logic - [DEBUG] found replica for vector: 3
2025-11-18 17:24:06,870 - INFO - MainThread - server_logic - [DEBUG] found replica for vector: 4
2025-11-18 17:24:06,870 - INFO - MainThread - server_logic - [DEBUG] found replica for vector: 1
2025-11-18 17:24:06,870 - INFO - MainThread - server_logic - [DEBUG] found replica for vector: 2
2025-11-18 17:24:06,870 - INFO - MainThread - server_logic - [DEBUG] found replica for vector: 3
2025-11-18 17:24:06,870 - INFO - MainThread - server_logic - [DEBUG] to me replica for vector: 3
2025-11-18 17:24:06,870 - INFO - MainThread - server_logic - [DEBUG] found replica for vector: 1
2025-11-18 17:24:06,870 - INFO - MainThread - server_logic - [DEBUG] found replica for vector: 2
2025-11-18 17:24:06,870 - INFO - MainThread - server_logic - [DEBUG] found replica for vector: 3
2025-11-18 17:24:06,870 - INFO - MainThread - server_logic - [DEBUG] found replica for vector: 4
2025-11-18 17:24:06,870 - INFO - MainThread - server_logic - [DEBUG] found replica for vector: 1
2025-11-18 17:24:06,870 - INFO - MainThread - server_logic - [DEBUG] found replica for vector: 2
2025-11-18 17:24:06,870 - INFO - MainThread - server_logic - [DEBUG] found replica for vector: 3
2025-11-18 17:24:06,870 - INFO - MainThread - server_logic - [DEBUG] to me replica for vector: 3
2025-11-18 17:24:06,870 - INFO - MainThread - server_logic - [DEBUG] found replica for vector: 1
2025-11-18 17:24:06,870 - INFO - MainThread - server_logic - [DEBUG] found replica for vector: 2
2025-11-18 17:24:06,870 - INFO - MainThread - server_logic - [DEBUG] found replica for vector: 3
2025-11-18 17:24:06,870 - INFO - MainThread - server_logic - [DEBUG] found replica for vector: 4
2025-11-18 17:24:06,870 - INFO - MainThread - server_logic - [DEBUG] found replica for vector: 1
2025-11-18 17:24:06,870 - INFO - MainThread - server_logic - [DEBUG] found replica for vector: 2
2025-11-18 17:24:06,870 - INFO - MainThread - server_logic - [DEBUG] found replica for vector: 3
2025-11-18 17:24:06,870 - INFO - MainThread - server_logic - [DEBUG] found replica for vector: 4
2025-11-18 17:24:06,870 - INFO - MainThread - server_logic - [DEBUG] found replica for vector: 1
2025-11-18 17:24:06,870 - INFO - MainThread - server_logic - [DEBUG] found replica for vector: 2
2025-11-18 17:24:06,870 - INFO - MainThread - server_logic - [DEBUG] found replica for vector: 3
2025-11-18 17:24:06,870 - INFO - MainThread - server_logic - [DEBUG] to me replica for vector: 3
2025-11-18 17:24:06,870 - INFO - MainThread - server_logic - [DEBUG] found replica for vector: 1
2025-11-18 17:24:06,870 - INFO - MainThread - server_logic - [DEBUG] found replica for vector: 2
2025-11-18 17:24:06,870 - INFO - MainThread - server_logic - [DEBUG] found replica for vector: 3
2025-11-18 17:24:06,870 - INFO - MainThread - server_logic - [DEBUG] found replica for vector: 4
2025-11-18 17:24:06,871 - INFO - MainThread - server_logic - [DEBUG] found replica for vector: 1
2025-11-18 17:24:06,871 - INFO - MainThread - server_logic - [DEBUG] found replica for vector: 2
2025-11-18 17:24:06,871 - INFO - MainThread - server_logic - [DEBUG] found replica for vector: 3
2025-11-18 17:24:06,871 - INFO - MainThread - server_logic - [DEBUG] found replica for vector: 4
2025-11-18 17:24:06,871 - INFO - MainThread - server_logic - [DEBUG] found replica for vector: 1
2025-11-18 17:24:06,871 - INFO - MainThread - server_logic - [DEBUG] found replica for vector: 2
2025-11-18 17:24:06,871 - INFO - MainThread - server_logic - [DEBUG] found replica for vector: 3
2025-11-18 17:24:06,871 - INFO - MainThread - server_logic - [DEBUG] found replica for vector: 4
2025-11-18 17:24:06,871 - INFO - MainThread - server_logic - [DEBUG] found replica for vector: 1
2025-11-18 17:24:06,871 - INFO - MainThread - server_logic - [DEBUG] found replica for vector: 2
2025-11-18 17:24:06,871 - INFO - MainThread - server_logic - [DEBUG] found replica for vector: 3
2025-11-18 17:24:06,871 - INFO - MainThread - server_logic - [DEBUG] found replica for vector: 4
2025-11-18 17:24:06,871 - INFO - MainThread - server_logic - [DEBUG] found replica for vector: 1
2025-11-18 17:24:06,871 - INFO - MainThread - server_logic - [DEBUG] found replica for vector: 2
2025-11-18 17:24:06,871 - INFO - MainThread - server_logic - [DEBUG] found replica for vector: 3
2025-11-18 17:24:06,871 - INFO - MainThread - server_logic - [DEBUG] to me replica for vector: 3
2025-11-18 17:24:06,871 - INFO - MainThread - server_logic - [DEBUG] found replica for vector: 1
2025-11-18 17:24:06,871 - INFO - MainThread - server_logic - [DEBUG] found replica for vector: 2
2025-11-18 17:24:06,871 - INFO - MainThread - server_logic - [DEBUG] found replica for vector: 3
2025-11-18 17:24:06,871 - INFO - MainThread - server_logic - [DEBUG] found replica for vector: 4
2025-11-18 17:24:06,871 - INFO - MainThread - server_logic - [DEBUG] found replica for vector: 1
2025-11-18 17:24:06,871 - INFO - MainThread - server_logic - [DEBUG] found replica for vector: 2
2025-11-18 17:24:06,871 - INFO - MainThread - server_logic - [DEBUG] found replica for vector: 3
2025-11-18 17:24:06,871 - INFO - MainThread - server_logic - [DEBUG] found replica for vector: 4
2025-11-18 17:24:06,871 - INFO - MainThread - server_logic - [DEBUG] found replica for vector: 1
2025-11-18 17:24:06,871 - INFO - MainThread - server_logic - [DEBUG] found replica for vector: 2
2025-11-18 17:24:06,871 - INFO - MainThread - server_logic - [DEBUG] found replica for vector: 3
2025-11-18 17:24:06,871 - INFO - MainThread - server_logic - [DEBUG] found replica for vector: 4
2025-11-18 17:24:06,871 - INFO - MainThread - server_logic - [DEBUG] found replica for vector: 1
2025-11-18 17:24:06,871 - INFO - MainThread - server_logic - [DEBUG] found replica for vector: 2
2025-11-18 17:24:06,871 - INFO - MainThread - server_logic - [DEBUG] found replica for vector: 3
2025-11-18 17:24:06,871 - INFO - MainThread - server_logic - [DEBUG] to me replica for vector: 3
2025-11-18 17:24:06,871 - INFO - MainThread - server_logic - [DEBUG] found replica for vector: 1
2025-11-18 17:24:06,871 - INFO - MainThread - server_logic - [DEBUG] found replica for vector: 2
2025-11-18 17:24:06,871 - INFO - MainThread - server_logic - [DEBUG] found replica for vector: 3
2025-11-18 17:24:06,871 - INFO - MainThread - server_logic - [DEBUG] found replica for vector: 4
2025-11-18 17:24:06,871 - INFO - MainThread - server_logic - [DEBUG] found replica for vector: 1
2025-11-18 17:24:06,871 - INFO - MainThread - server_logic - [DEBUG] found replica for vector: 2
2025-11-18 17:24:06,871 - INFO - MainThread - server_logic - [DEBUG] found replica for vector: 3
2025-11-18 17:24:06,871 - INFO - MainThread - server_logic - [DEBUG] to me replica for vector: 3
2025-11-18 17:24:06,871 - INFO - MainThread - server_logic - [DEBUG] found replica for vector: 1
2025-11-18 17:24:06,871 - INFO - MainThread - server_logic - [DEBUG] found replica for vector: 2
2025-11-18 17:24:06,871 - INFO - MainThread - server_logic - [DEBUG] found replica for vector: 3
2025-11-18 17:24:06,871 - INFO - MainThread - server_logic - [DEBUG] found replica for vector: 4
2025-11-18 17:24:06,871 - INFO - MainThread - server_logic - [DEBUG] found replica for vector: 1
2025-11-18 17:24:06,871 - INFO - MainThread - server_logic - [DEBUG] found replica for vector: 2
2025-11-18 17:24:06,871 - INFO - MainThread - server_logic - [DEBUG] found replica for vector: 3
2025-11-18 17:24:06,871 - INFO - MainThread - server_logic - [DEBUG] found replica for vector: 4
2025-11-18 17:24:06,871 - INFO - MainThread - server_logic - [DEBUG] found replica for vector: 1
2025-11-18 17:24:06,871 - INFO - MainThread - server_logic - [DEBUG] found replica for vector: 2
2025-11-18 17:24:06,871 - INFO - MainThread - server_logic - [DEBUG] found replica for vector: 3
2025-11-18 17:24:06,871 - INFO - MainThread - server_logic - [DEBUG] to me replica for vector: 3
2025-11-18 17:24:06,871 - INFO - MainThread - server_logic - [DEBUG] found replica for vector: 1
2025-11-18 17:24:06,872 - INFO - MainThread - server_logic - [DEBUG] found replica for vector: 2
2025-11-18 17:24:06,872 - INFO - MainThread - server_logic - [DEBUG] found replica for vector: 3
2025-11-18 17:24:06,872 - INFO - MainThread - server_logic - [DEBUG] found replica for vector: 4
2025-11-18 17:24:06,872 - INFO - MainThread - server_logic - [DEBUG] found replica for vector: 1
2025-11-18 17:24:06,872 - INFO - MainThread - server_logic - [DEBUG] found replica for vector: 2
2025-11-18 17:24:06,872 - INFO - MainThread - server_logic - [DEBUG] found replica for vector: 3
2025-11-18 17:24:06,872 - INFO - MainThread - server_logic - [DEBUG] found replica for vector: 4
2025-11-18 17:24:06,872 - INFO - MainThread - server_logic - [DEBUG] found replica for vector: 1
2025-11-18 17:24:06,872 - INFO - MainThread - server_logic - [DEBUG] found replica for vector: 2
2025-11-18 17:24:06,872 - INFO - MainThread - server_logic - [DEBUG] found replica for vector: 3
2025-11-18 17:24:06,872 - INFO - MainThread - server_logic - [DEBUG] found replica for vector: 4
2025-11-18 17:24:06,872 - INFO - MainThread - server_logic - [DEBUG] found replica for vector: 1
2025-11-18 17:24:06,872 - INFO - MainThread - server_logic - [DEBUG] found replica for vector: 2
2025-11-18 17:24:06,872 - INFO - MainThread - server_logic - [DEBUG] found replica for vector: 3
2025-11-18 17:24:06,872 - INFO - MainThread - server_logic - [DEBUG] to me replica for vector: 3
2025-11-18 17:24:06,872 - INFO - MainThread - server_logic - [DEBUG] found replica for vector: 1
2025-11-18 17:24:06,872 - INFO - MainThread - server_logic - [DEBUG] found replica for vector: 2
2025-11-18 17:24:06,872 - INFO - MainThread - server_logic - [DEBUG] found replica for vector: 3
2025-11-18 17:24:06,872 - INFO - MainThread - server_logic - [DEBUG] found replica for vector: 4
2025-11-18 17:24:06,872 - INFO - MainThread - server_logic - [DEBUG] found replica for vector: 1
2025-11-18 17:24:06,872 - INFO - MainThread - server_logic - [DEBUG] found replica for vector: 2
2025-11-18 17:24:06,872 - INFO - MainThread - server_logic - [DEBUG] found replica for vector: 3
2025-11-18 17:24:06,872 - INFO - MainThread - server_logic - [DEBUG] found replica for vector: 4
2025-11-18 17:24:06,872 - INFO - MainThread - server_logic - [DEBUG] found replica for vector: 1
2025-11-18 17:24:06,872 - INFO - MainThread - server_logic - [DEBUG] found replica for vector: 2
2025-11-18 17:24:06,872 - INFO - MainThread - server_logic - [DEBUG] found replica for vector: 3
2025-11-18 17:24:06,872 - INFO - MainThread - server_logic - [DEBUG] found replica for vector: 4
2025-11-18 17:24:06,872 - INFO - MainThread - server_logic - [DEBUG] found replica for vector: 1
2025-11-18 17:24:06,872 - INFO - MainThread - server_logic - [DEBUG] found replica for vector: 2
2025-11-18 17:24:06,872 - INFO - MainThread - server_logic - [DEBUG] found replica for vector: 3
2025-11-18 17:24:06,872 - INFO - MainThread - server_logic - [DEBUG] to me replica for vector: 3
2025-11-18 17:24:06,872 - INFO - MainThread - server_logic - [DEBUG] found replica for vector: 1
2025-11-18 17:24:06,872 - INFO - MainThread - server_logic - [DEBUG] found replica for vector: 2
2025-11-18 17:24:06,872 - INFO - MainThread - server_logic - [DEBUG] found replica for vector: 3
2025-11-18 17:24:06,872 - INFO - MainThread - server_logic - [DEBUG] found replica for vector: 4
2025-11-18 17:24:06,872 - INFO - MainThread - server_logic - [DEBUG] found replica for vector: 1
2025-11-18 17:24:06,872 - INFO - MainThread - server_logic - [DEBUG] found replica for vector: 2
2025-11-18 17:24:06,872 - INFO - MainThread - server_logic - [DEBUG] found replica for vector: 3
2025-11-18 17:24:06,872 - INFO - MainThread - server_logic - [DEBUG] found replica for vector: 4
2025-11-18 17:24:06,872 - INFO - MainThread - server_logic - [DEBUG] found replica for vector: 1
2025-11-18 17:24:06,872 - INFO - MainThread - server_logic - [DEBUG] found replica for vector: 2
2025-11-18 17:24:06,872 - INFO - MainThread - server_logic - [DEBUG] found replica for vector: 3
2025-11-18 17:24:06,872 - INFO - MainThread - server_logic - [DEBUG] found replica for vector: 4
2025-11-18 17:24:06,872 - INFO - MainThread - server_logic - [DEBUG] found replica for vector: 1
2025-11-18 17:24:06,872 - INFO - MainThread - server_logic - [DEBUG] found replica for vector: 2
2025-11-18 17:24:06,872 - INFO - MainThread - server_logic - [DEBUG] found replica for vector: 3
2025-11-18 17:24:06,872 - INFO - MainThread - server_logic - [DEBUG] found replica for vector: 4
2025-11-18 17:24:06,872 - INFO - MainThread - server_logic - [DEBUG] found replica for vector: 1
2025-11-18 17:24:06,872 - INFO - MainThread - server_logic - [DEBUG] found replica for vector: 2
2025-11-18 17:24:06,872 - INFO - MainThread - server_logic - [DEBUG] found replica for vector: 3
2025-11-18 17:24:06,872 - INFO - MainThread - server_logic - [DEBUG] found replica for vector: 4
2025-11-18 17:24:06,872 - INFO - MainThread - server_logic - [DEBUG] found replica for vector: 1
2025-11-18 17:24:06,872 - INFO - MainThread - server_logic - [DEBUG] found replica for vector: 2
2025-11-18 17:24:06,872 - INFO - MainThread - server_logic - [DEBUG] found replica for vector: 3
2025-11-18 17:24:06,873 - INFO - MainThread - server_logic - [DEBUG] found replica for vector: 4
2025-11-18 17:24:06,873 - INFO - MainThread - server_logic - [DEBUG] found replica for vector: 1
2025-11-18 17:24:06,873 - INFO - MainThread - server_logic - [DEBUG] found replica for vector: 2
2025-11-18 17:24:06,873 - INFO - MainThread - server_logic - [DEBUG] found replica for vector: 3
2025-11-18 17:24:06,873 - INFO - MainThread - server_logic - [DEBUG] to me replica for vector: 3
2025-11-18 17:24:06,873 - INFO - MainThread - server_logic - [DEBUG] found replica for vector: 1
2025-11-18 17:24:06,873 - INFO - MainThread - server_logic - [DEBUG] found replica for vector: 2
2025-11-18 17:24:06,873 - INFO - MainThread - server_logic - [DEBUG] found replica for vector: 3
2025-11-18 17:24:06,873 - INFO - MainThread - server_logic - [DEBUG] found replica for vector: 4
2025-11-18 17:24:06,873 - INFO - MainThread - server_logic - [DEBUG] found replica for vector: 1
2025-11-18 17:24:06,873 - INFO - MainThread - server_logic - [DEBUG] found replica for vector: 2
2025-11-18 17:24:06,873 - INFO - MainThread - server_logic - [DEBUG] found replica for vector: 3
2025-11-18 17:24:06,873 - INFO - MainThread - server_logic - [DEBUG] to me replica for vector: 3
2025-11-18 17:24:06,873 - INFO - MainThread - server_logic - [DEBUG] found replica for vector: 1
2025-11-18 17:24:06,873 - INFO - MainThread - server_logic - [DEBUG] found replica for vector: 2
2025-11-18 17:24:06,873 - INFO - MainThread - server_logic - [DEBUG] found replica for vector: 3
2025-11-18 17:24:06,873 - INFO - MainThread - server_logic - [DEBUG] found replica for vector: 4
2025-11-18 17:24:06,873 - INFO - MainThread - server_logic - [DEBUG] found replica for vector: 1
2025-11-18 17:24:06,873 - INFO - MainThread - server_logic - [DEBUG] found replica for vector: 2
2025-11-18 17:24:06,873 - INFO - MainThread - server_logic - [DEBUG] found replica for vector: 3
2025-11-18 17:24:06,873 - INFO - MainThread - server_logic - [DEBUG] found replica for vector: 4
2025-11-18 17:24:06,873 - INFO - MainThread - server_logic - [DEBUG] found replica for vector: 1
2025-11-18 17:24:06,873 - INFO - MainThread - server_logic - [DEBUG] found replica for vector: 2
2025-11-18 17:24:06,873 - INFO - MainThread - server_logic - [DEBUG] found replica for vector: 3
2025-11-18 17:24:06,873 - INFO - MainThread - server_logic - [DEBUG] found replica for vector: 4
2025-11-18 17:24:06,873 - INFO - MainThread - server_logic - [DEBUG] found replica for vector: 1
2025-11-18 17:24:06,873 - INFO - MainThread - server_logic - [DEBUG] found replica for vector: 2
2025-11-18 17:24:06,873 - INFO - MainThread - server_logic - [DEBUG] found replica for vector: 3
2025-11-18 17:24:06,873 - INFO - MainThread - server_logic - [DEBUG] found replica for vector: 4
2025-11-18 17:24:06,873 - INFO - MainThread - server_logic - [DEBUG] found replica for vector: 1
2025-11-18 17:24:06,873 - INFO - MainThread - server_logic - [DEBUG] found replica for vector: 2
2025-11-18 17:24:06,873 - INFO - MainThread - server_logic - [DEBUG] found replica for vector: 3
2025-11-18 17:24:06,873 - INFO - MainThread - server_logic - [DEBUG] found replica for vector: 4
2025-11-18 17:24:06,873 - INFO - MainThread - server_logic - [DEBUG] found replica for vector: 1
2025-11-18 17:24:06,873 - INFO - MainThread - server_logic - [DEBUG] found replica for vector: 2
2025-11-18 17:24:06,873 - INFO - MainThread - server_logic - [DEBUG] found replica for vector: 3
2025-11-18 17:24:06,873 - INFO - MainThread - server_logic - [DEBUG] found replica for vector: 4
2025-11-18 17:24:06,873 - INFO - MainThread - server_logic - [DEBUG] found replica for vector: 1
2025-11-18 17:24:06,873 - INFO - MainThread - server_logic - [DEBUG] found replica for vector: 2
2025-11-18 17:24:06,873 - INFO - MainThread - server_logic - [DEBUG] found replica for vector: 3
2025-11-18 17:24:06,873 - INFO - MainThread - server_logic - [DEBUG] found replica for vector: 4
2025-11-18 17:24:06,873 - INFO - MainThread - server_logic - [DEBUG] found replica for vector: 1
2025-11-18 17:24:06,873 - INFO - MainThread - server_logic - [DEBUG] found replica for vector: 2
2025-11-18 17:24:06,873 - INFO - MainThread - server_logic - [DEBUG] found replica for vector: 3
2025-11-18 17:24:06,873 - INFO - MainThread - server_logic - [DEBUG] found replica for vector: 4
2025-11-18 17:24:06,873 - INFO - MainThread - server_logic - [DEBUG] found replica for vector: 1
2025-11-18 17:24:06,873 - INFO - MainThread - server_logic - [DEBUG] found replica for vector: 2
2025-11-18 17:24:06,873 - INFO - MainThread - server_logic - [DEBUG] found replica for vector: 3
2025-11-18 17:24:06,873 - INFO - MainThread - server_logic - [DEBUG] to me replica for vector: 3
2025-11-18 17:24:06,873 - INFO - MainThread - server_logic - [DEBUG] found replica for vector: 1
2025-11-18 17:24:06,873 - INFO - MainThread - server_logic - [DEBUG] found replica for vector: 2
2025-11-18 17:24:06,873 - INFO - MainThread - server_logic - [DEBUG] found replica for vector: 3
2025-11-18 17:24:06,873 - INFO - MainThread - server_logic - [DEBUG] found replica for vector: 4
2025-11-18 17:24:06,874 - INFO - MainThread - server_logic - [DEBUG] found replica for vector: 1
2025-11-18 17:24:06,874 - INFO - MainThread - server_logic - [DEBUG] found replica for vector: 2
2025-11-18 17:24:06,874 - INFO - MainThread - server_logic - [DEBUG] found replica for vector: 3
2025-11-18 17:24:06,874 - INFO - MainThread - server_logic - [DEBUG] found replica for vector: 4
2025-11-18 17:24:06,874 - INFO - MainThread - server_logic - [DEBUG] found replica for vector: 1
2025-11-18 17:24:06,874 - INFO - MainThread - server_logic - [DEBUG] found replica for vector: 2
2025-11-18 17:24:06,874 - INFO - MainThread - server_logic - [DEBUG] found replica for vector: 3
2025-11-18 17:24:06,874 - INFO - MainThread - server_logic - [DEBUG] found replica for vector: 4
2025-11-18 17:24:06,874 - INFO - MainThread - server_logic - [DEBUG] found replica for vector: 1
2025-11-18 17:24:06,874 - INFO - MainThread - server_logic - [DEBUG] found replica for vector: 2
2025-11-18 17:24:06,874 - INFO - MainThread - server_logic - [DEBUG] found replica for vector: 3
2025-11-18 17:24:06,874 - INFO - MainThread - server_logic - [DEBUG] found replica for vector: 4
2025-11-18 17:24:06,874 - INFO - MainThread - server_logic - [DEBUG] found replica for vector: 1
2025-11-18 17:24:06,874 - INFO - MainThread - server_logic - [DEBUG] found replica for vector: 2
2025-11-18 17:24:06,874 - INFO - MainThread - server_logic - [DEBUG] found replica for vector: 3
2025-11-18 17:24:06,874 - INFO - MainThread - server_logic - [DEBUG] found replica for vector: 4
2025-11-18 17:24:06,874 - INFO - MainThread - server_logic - [DEBUG] found replica for vector: 1
2025-11-18 17:24:06,874 - INFO - MainThread - server_logic - [DEBUG] found replica for vector: 2
2025-11-18 17:24:06,874 - INFO - MainThread - server_logic - [DEBUG] found replica for vector: 3
2025-11-18 17:24:06,874 - INFO - MainThread - server_logic - [DEBUG] found replica for vector: 4
2025-11-18 17:24:06,874 - INFO - MainThread - server_logic - [DEBUG] found replica for vector: 1
2025-11-18 17:24:06,874 - INFO - MainThread - server_logic - [DEBUG] found replica for vector: 2
2025-11-18 17:24:06,874 - INFO - MainThread - server_logic - [DEBUG] found replica for vector: 3
2025-11-18 17:24:06,874 - INFO - MainThread - server_logic - [DEBUG] to me replica for vector: 3
2025-11-18 17:24:06,874 - INFO - MainThread - server_logic - [DEBUG] found replica for vector: 1
2025-11-18 17:24:06,874 - INFO - MainThread - server_logic - [DEBUG] found replica for vector: 2
2025-11-18 17:24:06,874 - INFO - MainThread - server_logic - [DEBUG] found replica for vector: 3
2025-11-18 17:24:06,874 - INFO - MainThread - server_logic - [DEBUG] to me replica for vector: 3
2025-11-18 17:24:06,874 - INFO - MainThread - server_logic - [DEBUG] found replica for vector: 1
2025-11-18 17:24:06,874 - INFO - MainThread - server_logic - [DEBUG] found replica for vector: 2
2025-11-18 17:24:06,874 - INFO - MainThread - server_logic - [DEBUG] found replica for vector: 3
2025-11-18 17:24:06,874 - INFO - MainThread - server_logic - [DEBUG] found replica for vector: 4
2025-11-18 17:24:06,874 - INFO - MainThread - server_logic - [DEBUG] found replica for vector: 1
2025-11-18 17:24:06,874 - INFO - MainThread - server_logic - [DEBUG] found replica for vector: 2
2025-11-18 17:24:06,874 - INFO - MainThread - server_logic - [DEBUG] found replica for vector: 3
2025-11-18 17:24:06,874 - INFO - MainThread - server_logic - [DEBUG] found replica for vector: 4
2025-11-18 17:24:06,874 - INFO - MainThread - server_logic - [DEBUG] found replica for vector: 1
2025-11-18 17:24:06,874 - INFO - MainThread - server_logic - [DEBUG] found replica for vector: 2
2025-11-18 17:24:06,874 - INFO - MainThread - server_logic - [DEBUG] found replica for vector: 3
2025-11-18 17:24:06,874 - INFO - MainThread - server_logic - [DEBUG] found replica for vector: 4
2025-11-18 17:24:06,874 - INFO - MainThread - server_logic - [DEBUG] found replica for vector: 1
2025-11-18 17:24:06,874 - INFO - MainThread - server_logic - [DEBUG] found replica for vector: 2
2025-11-18 17:24:06,874 - INFO - MainThread - server_logic - [DEBUG] found replica for vector: 3
2025-11-18 17:24:06,874 - INFO - MainThread - server_logic - [DEBUG] found replica for vector: 4
2025-11-18 17:24:06,874 - INFO - MainThread - server_logic - [DEBUG] found replica for vector: 1
2025-11-18 17:24:06,874 - INFO - MainThread - server_logic - [DEBUG] found replica for vector: 2
2025-11-18 17:24:06,874 - INFO - MainThread - server_logic - [DEBUG] found replica for vector: 3
2025-11-18 17:24:06,874 - INFO - MainThread - server_logic - [DEBUG] to me replica for vector: 3
2025-11-18 17:24:06,874 - INFO - MainThread - server_logic - [DEBUG] found replica for vector: 1
2025-11-18 17:24:06,874 - INFO - MainThread - server_logic - [DEBUG] found replica for vector: 2
2025-11-18 17:24:06,874 - INFO - MainThread - server_logic - [DEBUG] found replica for vector: 3
2025-11-18 17:24:06,874 - INFO - MainThread - server_logic - [DEBUG] found replica for vector: 4
2025-11-18 17:24:06,875 - INFO - MainThread - server_logic - [DEBUG] found replica for vector: 1
2025-11-18 17:24:06,875 - INFO - MainThread - server_logic - [DEBUG] found replica for vector: 2
2025-11-18 17:24:06,875 - INFO - MainThread - server_logic - [DEBUG] found replica for vector: 3
2025-11-18 17:24:06,875 - INFO - MainThread - server_logic - [DEBUG] found replica for vector: 4
2025-11-18 17:24:06,875 - INFO - MainThread - server_logic - [DEBUG] found replica for vector: 1
2025-11-18 17:24:06,875 - INFO - MainThread - server_logic - [DEBUG] found replica for vector: 2
2025-11-18 17:24:06,875 - INFO - MainThread - server_logic - [DEBUG] found replica for vector: 3
2025-11-18 17:24:06,875 - INFO - MainThread - server_logic - [DEBUG] found replica for vector: 4
2025-11-18 17:24:06,875 - INFO - MainThread - server_logic - [DEBUG] found replica for vector: 1
2025-11-18 17:24:06,875 - INFO - MainThread - server_logic - [DEBUG] found replica for vector: 2
2025-11-18 17:24:06,875 - INFO - MainThread - server_logic - [DEBUG] found replica for vector: 3
2025-11-18 17:24:06,875 - INFO - MainThread - server_logic - [DEBUG] found replica for vector: 4
2025-11-18 17:24:06,875 - INFO - MainThread - server_logic - [DEBUG] found replica for vector: 1
2025-11-18 17:24:06,875 - INFO - MainThread - server_logic - [DEBUG] found replica for vector: 2
2025-11-18 17:24:06,875 - INFO - MainThread - server_logic - [DEBUG] found replica for vector: 3
2025-11-18 17:24:06,875 - INFO - MainThread - server_logic - [DEBUG] to me replica for vector: 3
2025-11-18 17:24:06,875 - INFO - MainThread - server_logic - [DEBUG] found replica for vector: 1
2025-11-18 17:24:06,875 - INFO - MainThread - server_logic - [DEBUG] found replica for vector: 2
2025-11-18 17:24:06,875 - INFO - MainThread - server_logic - [DEBUG] found replica for vector: 3
2025-11-18 17:24:06,875 - INFO - MainThread - server_logic - [DEBUG] found replica for vector: 4
2025-11-18 17:24:06,875 - INFO - MainThread - server_logic - [DEBUG] found replica for vector: 1
2025-11-18 17:24:06,875 - INFO - MainThread - server_logic - [DEBUG] found replica for vector: 2
2025-11-18 17:24:06,875 - INFO - MainThread - server_logic - [DEBUG] found replica for vector: 3
2025-11-18 17:24:06,875 - INFO - MainThread - server_logic - [DEBUG] found replica for vector: 4
2025-11-18 17:24:06,875 - INFO - MainThread - server_logic - [DEBUG] found replica for vector: 1
2025-11-18 17:24:06,875 - INFO - MainThread - server_logic - [DEBUG] found replica for vector: 2
2025-11-18 17:24:06,875 - INFO - MainThread - server_logic - [DEBUG] found replica for vector: 3
2025-11-18 17:24:06,875 - INFO - MainThread - server_logic - [DEBUG] found replica for vector: 4
2025-11-18 17:24:06,875 - INFO - MainThread - server_logic - [DEBUG] found replica for vector: 1
2025-11-18 17:24:06,875 - INFO - MainThread - server_logic - [DEBUG] found replica for vector: 2
2025-11-18 17:24:06,875 - INFO - MainThread - server_logic - [DEBUG] found replica for vector: 3
2025-11-18 17:24:06,875 - INFO - MainThread - server_logic - [DEBUG] found replica for vector: 4
2025-11-18 17:24:06,875 - INFO - MainThread - server_logic - [DEBUG] found replica for vector: 1
2025-11-18 17:24:06,875 - INFO - MainThread - server_logic - [DEBUG] found replica for vector: 2
2025-11-18 17:24:06,875 - INFO - MainThread - server_logic - [DEBUG] found replica for vector: 3
2025-11-18 17:24:06,875 - INFO - MainThread - server_logic - [DEBUG] found replica for vector: 4
2025-11-18 17:24:06,875 - INFO - MainThread - server_logic - [DEBUG] found replica for vector: 1
2025-11-18 17:24:06,875 - INFO - MainThread - server_logic - [DEBUG] found replica for vector: 2
2025-11-18 17:24:06,875 - INFO - MainThread - server_logic - [DEBUG] found replica for vector: 3
2025-11-18 17:24:06,875 - INFO - MainThread - server_logic - [DEBUG] found replica for vector: 4
2025-11-18 17:24:06,875 - INFO - MainThread - server_logic - [DEBUG] found replica for vector: 1
2025-11-18 17:24:06,875 - INFO - MainThread - server_logic - [DEBUG] found replica for vector: 2
2025-11-18 17:24:06,875 - INFO - MainThread - server_logic - [DEBUG] found replica for vector: 3
2025-11-18 17:24:06,875 - INFO - MainThread - server_logic - [DEBUG] to me replica for vector: 3
2025-11-18 17:24:06,875 - INFO - MainThread - server_logic - [DEBUG] found replica for vector: 1
2025-11-18 17:24:06,875 - INFO - MainThread - server_logic - [DEBUG] found replica for vector: 2
2025-11-18 17:24:06,875 - INFO - MainThread - server_logic - [DEBUG] found replica for vector: 3
2025-11-18 17:24:06,875 - INFO - MainThread - server_logic - [DEBUG] found replica for vector: 4
2025-11-18 17:24:06,875 - INFO - MainThread - server_logic - [DEBUG] found replica for vector: 1
2025-11-18 17:24:06,875 - INFO - MainThread - server_logic - [DEBUG] found replica for vector: 2
2025-11-18 17:24:06,875 - INFO - MainThread - server_logic - [DEBUG] found replica for vector: 3
2025-11-18 17:24:06,875 - INFO - MainThread - server_logic - [DEBUG] to me replica for vector: 3
2025-11-18 17:24:06,875 - INFO - MainThread - server_logic - [DEBUG] found replica for vector: 1
2025-11-18 17:24:06,875 - INFO - MainThread - server_logic - [DEBUG] found replica for vector: 2
2025-11-18 17:24:06,875 - INFO - MainThread - server_logic - [DEBUG] found replica for vector: 3
2025-11-18 17:24:06,875 - INFO - MainThread - server_logic - [DEBUG] found replica for vector: 4
2025-11-18 17:24:06,876 - INFO - MainThread - server_logic - [DEBUG] found replica for vector: 1
2025-11-18 17:24:06,876 - INFO - MainThread - server_logic - [DEBUG] found replica for vector: 2
2025-11-18 17:24:06,876 - INFO - MainThread - server_logic - [DEBUG] found replica for vector: 3
2025-11-18 17:24:06,876 - INFO - MainThread - server_logic - [DEBUG] to me replica for vector: 3
2025-11-18 17:24:06,876 - INFO - MainThread - server_logic - [DEBUG] found replica for vector: 1
2025-11-18 17:24:06,876 - INFO - MainThread - server_logic - [DEBUG] found replica for vector: 2
2025-11-18 17:24:06,876 - INFO - MainThread - server_logic - [DEBUG] found replica for vector: 3
2025-11-18 17:24:06,876 - INFO - MainThread - server_logic - [DEBUG] found replica for vector: 4
2025-11-18 17:24:06,876 - INFO - MainThread - server_logic - [DEBUG] found replica for vector: 1
2025-11-18 17:24:06,876 - INFO - MainThread - server_logic - [DEBUG] found replica for vector: 2
2025-11-18 17:24:06,876 - INFO - MainThread - server_logic - [DEBUG] found replica for vector: 3
2025-11-18 17:24:06,876 - INFO - MainThread - server_logic - [DEBUG] found replica for vector: 4
2025-11-18 17:24:06,876 - INFO - MainThread - server_logic - [DEBUG] found replica for vector: 1
2025-11-18 17:24:06,876 - INFO - MainThread - server_logic - [DEBUG] found replica for vector: 2
2025-11-18 17:24:06,876 - INFO - MainThread - server_logic - [DEBUG] found replica for vector: 3
2025-11-18 17:24:06,876 - INFO - MainThread - server_logic - [DEBUG] to me replica for vector: 3
2025-11-18 17:24:06,876 - INFO - MainThread - server_logic - [DEBUG] found replica for vector: 1
2025-11-18 17:24:06,876 - INFO - MainThread - server_logic - [DEBUG] found replica for vector: 2
2025-11-18 17:24:06,876 - INFO - MainThread - server_logic - [DEBUG] found replica for vector: 3
2025-11-18 17:24:06,876 - INFO - MainThread - server_logic - [DEBUG] found replica for vector: 4
2025-11-18 17:24:06,876 - INFO - MainThread - server_logic - [DEBUG] found replica for vector: 1
2025-11-18 17:24:06,876 - INFO - MainThread - server_logic - [DEBUG] found replica for vector: 2
2025-11-18 17:24:06,876 - INFO - MainThread - server_logic - [DEBUG] found replica for vector: 3
2025-11-18 17:24:06,876 - INFO - MainThread - server_logic - [DEBUG] to me replica for vector: 3
2025-11-18 17:24:06,876 - INFO - MainThread - server_logic - [DEBUG] found replica for vector: 1
2025-11-18 17:24:06,876 - INFO - MainThread - server_logic - [DEBUG] found replica for vector: 2
2025-11-18 17:24:06,876 - INFO - MainThread - server_logic - [DEBUG] found replica for vector: 3
2025-11-18 17:24:06,876 - INFO - MainThread - server_logic - [DEBUG] found replica for vector: 4
2025-11-18 17:24:06,876 - INFO - MainThread - server_logic - [DEBUG] found replica for vector: 1
2025-11-18 17:24:06,876 - INFO - MainThread - server_logic - [DEBUG] found replica for vector: 2
2025-11-18 17:24:06,876 - INFO - MainThread - server_logic - [DEBUG] found replica for vector: 3
2025-11-18 17:24:06,876 - INFO - MainThread - server_logic - [DEBUG] to me replica for vector: 3
2025-11-18 17:24:06,876 - INFO - MainThread - server_logic - [DEBUG] found replica for vector: 1
2025-11-18 17:24:06,876 - INFO - MainThread - server_logic - [DEBUG] found replica for vector: 2
2025-11-18 17:24:06,876 - INFO - MainThread - server_logic - [DEBUG] found replica for vector: 3
2025-11-18 17:24:06,876 - INFO - MainThread - server_logic - [DEBUG] found replica for vector: 4
2025-11-18 17:24:06,876 - INFO - MainThread - server_logic - [DEBUG] found replica for vector: 1
2025-11-18 17:24:06,876 - INFO - MainThread - server_logic - [DEBUG] found replica for vector: 2
2025-11-18 17:24:06,876 - INFO - MainThread - server_logic - [DEBUG] found replica for vector: 3
2025-11-18 17:24:06,876 - INFO - MainThread - server_logic - [DEBUG] found replica for vector: 4
2025-11-18 17:24:06,876 - INFO - MainThread - server_logic - [DEBUG] found replica for vector: 1
2025-11-18 17:24:06,876 - INFO - MainThread - server_logic - [DEBUG] found replica for vector: 2
2025-11-18 17:24:06,876 - INFO - MainThread - server_logic - [DEBUG] found replica for vector: 3
2025-11-18 17:24:06,876 - INFO - MainThread - server_logic - [DEBUG] found replica for vector: 4
2025-11-18 17:24:06,876 - INFO - MainThread - server_logic - [DEBUG] found replica for vector: 1
2025-11-18 17:24:06,876 - INFO - MainThread - server_logic - [DEBUG] found replica for vector: 2
2025-11-18 17:24:06,876 - INFO - MainThread - server_logic - [DEBUG] found replica for vector: 3
2025-11-18 17:24:06,876 - INFO - MainThread - server_logic - [DEBUG] found replica for vector: 4
2025-11-18 17:24:06,876 - INFO - MainThread - server_logic - [DEBUG] found replica for vector: 1
2025-11-18 17:24:06,876 - INFO - MainThread - server_logic - [DEBUG] found replica for vector: 2
2025-11-18 17:24:06,876 - INFO - MainThread - server_logic - [DEBUG] found replica for vector: 3
2025-11-18 17:24:06,876 - INFO - MainThread - server_logic - [DEBUG] found replica for vector: 4
2025-11-18 17:24:06,876 - INFO - MainThread - server_logic - [DEBUG] found replica for vector: 1
2025-11-18 17:24:06,876 - INFO - MainThread - server_logic - [DEBUG] found replica for vector: 2
2025-11-18 17:24:06,876 - INFO - MainThread - server_logic - [DEBUG] found replica for vector: 3
2025-11-18 17:24:06,876 - INFO - MainThread - server_logic - [DEBUG] to me replica for vector: 3
2025-11-18 17:24:06,877 - INFO - MainThread - server_logic - [DEBUG] found replica for vector: 1
2025-11-18 17:24:06,877 - INFO - MainThread - server_logic - [DEBUG] found replica for vector: 2
2025-11-18 17:24:06,877 - INFO - MainThread - server_logic - [DEBUG] found replica for vector: 3
2025-11-18 17:24:06,877 - INFO - MainThread - server_logic - [DEBUG] found replica for vector: 4
2025-11-18 17:24:06,877 - INFO - MainThread - server_logic - [DEBUG] found replica for vector: 1
2025-11-18 17:24:06,877 - INFO - MainThread - server_logic - [DEBUG] found replica for vector: 2
2025-11-18 17:24:06,877 - INFO - MainThread - server_logic - [DEBUG] found replica for vector: 3
2025-11-18 17:24:06,877 - INFO - MainThread - server_logic - [DEBUG] found replica for vector: 4
2025-11-18 17:24:06,877 - INFO - MainThread - server_logic - [DEBUG] found replica for vector: 1
2025-11-18 17:24:06,877 - INFO - MainThread - server_logic - [DEBUG] found replica for vector: 2
2025-11-18 17:24:06,877 - INFO - MainThread - server_logic - [DEBUG] found replica for vector: 3
2025-11-18 17:24:06,877 - INFO - MainThread - server_logic - [DEBUG] found replica for vector: 4
2025-11-18 17:24:06,877 - INFO - MainThread - server_logic - [DEBUG] found replica for vector: 1
2025-11-18 17:24:06,877 - INFO - MainThread - server_logic - [DEBUG] found replica for vector: 2
2025-11-18 17:24:06,877 - INFO - MainThread - server_logic - [DEBUG] found replica for vector: 3
2025-11-18 17:24:06,877 - INFO - MainThread - server_logic - [DEBUG] to me replica for vector: 3
2025-11-18 17:24:06,877 - INFO - MainThread - server_logic - [DEBUG] found replica for vector: 1
2025-11-18 17:24:06,877 - INFO - MainThread - server_logic - [DEBUG] found replica for vector: 2
2025-11-18 17:24:06,877 - INFO - MainThread - server_logic - [DEBUG] found replica for vector: 3
2025-11-18 17:24:06,877 - INFO - MainThread - server_logic - [DEBUG] found replica for vector: 4
2025-11-18 17:24:06,877 - INFO - MainThread - server_logic - [DEBUG] found replica for vector: 1
2025-11-18 17:24:06,877 - INFO - MainThread - server_logic - [DEBUG] found replica for vector: 2
2025-11-18 17:24:06,877 - INFO - MainThread - server_logic - [DEBUG] found replica for vector: 3
2025-11-18 17:24:06,877 - INFO - MainThread - server_logic - [DEBUG] found replica for vector: 4
2025-11-18 17:24:06,877 - INFO - MainThread - server_logic - [DEBUG] found replica for vector: 1
2025-11-18 17:24:06,877 - INFO - MainThread - server_logic - [DEBUG] found replica for vector: 2
2025-11-18 17:24:06,877 - INFO - MainThread - server_logic - [DEBUG] found replica for vector: 3
2025-11-18 17:24:06,877 - INFO - MainThread - server_logic - [DEBUG] to me replica for vector: 3
2025-11-18 17:24:06,877 - INFO - MainThread - server_logic - [DEBUG] found replica for vector: 1
2025-11-18 17:24:06,877 - INFO - MainThread - server_logic - [DEBUG] found replica for vector: 2
2025-11-18 17:24:06,877 - INFO - MainThread - server_logic - [DEBUG] found replica for vector: 3
2025-11-18 17:24:06,877 - INFO - MainThread - server_logic - [DEBUG] found replica for vector: 4
2025-11-18 17:24:06,877 - INFO - MainThread - server_logic - [DEBUG] found replica for vector: 1
2025-11-18 17:24:06,877 - INFO - MainThread - server_logic - [DEBUG] found replica for vector: 2
2025-11-18 17:24:06,877 - INFO - MainThread - server_logic - [DEBUG] found replica for vector: 3
2025-11-18 17:24:06,877 - INFO - MainThread - server_logic - [DEBUG] found replica for vector: 4
2025-11-18 17:24:06,877 - INFO - MainThread - server_logic - [DEBUG] found replica for vector: 1
2025-11-18 17:24:06,877 - INFO - MainThread - server_logic - [DEBUG] found replica for vector: 2
2025-11-18 17:24:06,877 - INFO - MainThread - server_logic - [DEBUG] found replica for vector: 3
2025-11-18 17:24:06,877 - INFO - MainThread - server_logic - [DEBUG] found replica for vector: 4
2025-11-18 17:24:06,877 - INFO - MainThread - server_logic - [DEBUG] found replica for vector: 1
2025-11-18 17:24:06,877 - INFO - MainThread - server_logic - [DEBUG] found replica for vector: 2
2025-11-18 17:24:06,877 - INFO - MainThread - server_logic - [DEBUG] found replica for vector: 3
2025-11-18 17:24:06,877 - INFO - MainThread - server_logic - [DEBUG] found replica for vector: 4
2025-11-18 17:24:06,877 - INFO - MainThread - server_logic - [DEBUG] found replica for vector: 1
2025-11-18 17:24:06,877 - INFO - MainThread - server_logic - [DEBUG] found replica for vector: 2
2025-11-18 17:24:06,877 - INFO - MainThread - server_logic - [DEBUG] found replica for vector: 3
2025-11-18 17:24:06,877 - INFO - MainThread - server_logic - [DEBUG] found replica for vector: 4
2025-11-18 17:24:06,877 - INFO - MainThread - server_logic - [DEBUG] found replica for vector: 1
2025-11-18 17:24:06,877 - INFO - MainThread - server_logic - [DEBUG] found replica for vector: 2
2025-11-18 17:24:06,877 - INFO - MainThread - server_logic - [DEBUG] found replica for vector: 3
2025-11-18 17:24:06,877 - INFO - MainThread - server_logic - [DEBUG] to me replica for vector: 3
2025-11-18 17:24:06,877 - INFO - MainThread - server_logic - [DEBUG] found replica for vector: 1
2025-11-18 17:24:06,877 - INFO - MainThread - server_logic - [DEBUG] found replica for vector: 2
2025-11-18 17:24:06,877 - INFO - MainThread - server_logic - [DEBUG] found replica for vector: 3
2025-11-18 17:24:06,877 - INFO - MainThread - server_logic - [DEBUG] found replica for vector: 4
2025-11-18 17:24:06,878 - INFO - MainThread - server_logic - [DEBUG] found replica for vector: 1
2025-11-18 17:24:06,878 - INFO - MainThread - server_logic - [DEBUG] found replica for vector: 2
2025-11-18 17:24:06,878 - INFO - MainThread - server_logic - [DEBUG] found replica for vector: 3
2025-11-18 17:24:06,878 - INFO - MainThread - server_logic - [DEBUG] to me replica for vector: 3
2025-11-18 17:24:06,878 - INFO - MainThread - server_logic - [DEBUG] found replica for vector: 1
2025-11-18 17:24:06,878 - INFO - MainThread - server_logic - [DEBUG] found replica for vector: 2
2025-11-18 17:24:06,878 - INFO - MainThread - server_logic - [DEBUG] found replica for vector: 3
2025-11-18 17:24:06,878 - INFO - MainThread - server_logic - [DEBUG] found replica for vector: 4
2025-11-18 17:24:06,878 - INFO - MainThread - server_logic - [DEBUG] found replica for vector: 1
2025-11-18 17:24:06,878 - INFO - MainThread - server_logic - [DEBUG] found replica for vector: 2
2025-11-18 17:24:06,878 - INFO - MainThread - server_logic - [DEBUG] found replica for vector: 3
2025-11-18 17:24:06,878 - INFO - MainThread - server_logic - [DEBUG] found replica for vector: 4
2025-11-18 17:24:06,878 - INFO - MainThread - server_logic - [DEBUG] found replica for vector: 1
2025-11-18 17:24:06,878 - INFO - MainThread - server_logic - [DEBUG] found replica for vector: 2
2025-11-18 17:24:06,878 - INFO - MainThread - server_logic - [DEBUG] found replica for vector: 3
2025-11-18 17:24:06,878 - INFO - MainThread - server_logic - [DEBUG] to me replica for vector: 3
2025-11-18 17:24:06,878 - INFO - MainThread - server_logic - [DEBUG] found replica for vector: 1
2025-11-18 17:24:06,878 - INFO - MainThread - server_logic - [DEBUG] found replica for vector: 2
2025-11-18 17:24:06,878 - INFO - MainThread - server_logic - [DEBUG] found replica for vector: 3
2025-11-18 17:24:06,878 - INFO - MainThread - server_logic - [DEBUG] found replica for vector: 4
2025-11-18 17:24:06,878 - INFO - MainThread - server_logic - [DEBUG] found replica for vector: 1
2025-11-18 17:24:06,878 - INFO - MainThread - server_logic - [DEBUG] found replica for vector: 2
2025-11-18 17:24:06,878 - INFO - MainThread - server_logic - [DEBUG] found replica for vector: 3
2025-11-18 17:24:06,878 - INFO - MainThread - server_logic - [DEBUG] found replica for vector: 4
2025-11-18 17:24:06,878 - INFO - MainThread - server_logic - [DEBUG] found replica for vector: 1
2025-11-18 17:24:06,878 - INFO - MainThread - server_logic - [DEBUG] found replica for vector: 2
2025-11-18 17:24:06,878 - INFO - MainThread - server_logic - [DEBUG] found replica for vector: 3
2025-11-18 17:24:06,878 - INFO - MainThread - server_logic - [DEBUG] found replica for vector: 4
2025-11-18 17:24:06,878 - INFO - MainThread - server_logic - [DEBUG] found replica for vector: 1
2025-11-18 17:24:06,878 - INFO - MainThread - server_logic - [DEBUG] found replica for vector: 2
2025-11-18 17:24:06,878 - INFO - MainThread - server_logic - [DEBUG] found replica for vector: 3
2025-11-18 17:24:06,878 - INFO - MainThread - server_logic - [DEBUG] found replica for vector: 4
2025-11-18 17:24:06,878 - INFO - MainThread - server_logic - [DEBUG] found replica for vector: 1
2025-11-18 17:24:06,878 - INFO - MainThread - server_logic - [DEBUG] found replica for vector: 2
2025-11-18 17:24:06,878 - INFO - MainThread - server_logic - [DEBUG] found replica for vector: 3
2025-11-18 17:24:06,878 - INFO - MainThread - server_logic - [DEBUG] found replica for vector: 4
2025-11-18 17:24:06,878 - INFO - MainThread - server_logic - [DEBUG] found replica for vector: 1
2025-11-18 17:24:06,878 - INFO - MainThread - server_logic - [DEBUG] found replica for vector: 2
2025-11-18 17:24:06,878 - INFO - MainThread - server_logic - [DEBUG] found replica for vector: 3
2025-11-18 17:24:06,878 - INFO - MainThread - server_logic - [DEBUG] to me replica for vector: 3
2025-11-18 17:24:06,878 - INFO - MainThread - server_logic - [DEBUG] found replica for vector: 1
2025-11-18 17:24:06,878 - INFO - MainThread - server_logic - [DEBUG] found replica for vector: 2
2025-11-18 17:24:06,878 - INFO - MainThread - server_logic - [DEBUG] found replica for vector: 3
2025-11-18 17:24:06,878 - INFO - MainThread - server_logic - [DEBUG] found replica for vector: 4
2025-11-18 17:24:06,878 - INFO - MainThread - server_logic - [DEBUG] found replica for vector: 1
2025-11-18 17:24:06,878 - INFO - MainThread - server_logic - [DEBUG] found replica for vector: 2
2025-11-18 17:24:06,878 - INFO - MainThread - server_logic - [DEBUG] found replica for vector: 3
2025-11-18 17:24:06,878 - INFO - MainThread - server_logic - [DEBUG] found replica for vector: 4
2025-11-18 17:24:06,878 - INFO - MainThread - server_logic - [DEBUG] found replica for vector: 1
2025-11-18 17:24:06,878 - INFO - MainThread - server_logic - [DEBUG] found replica for vector: 2
2025-11-18 17:24:06,878 - INFO - MainThread - server_logic - [DEBUG] found replica for vector: 3
2025-11-18 17:24:06,878 - INFO - MainThread - server_logic - [DEBUG] found replica for vector: 4
2025-11-18 17:24:06,878 - INFO - MainThread - server_logic - [DEBUG] found replica for vector: 1
2025-11-18 17:24:06,878 - INFO - MainThread - server_logic - [DEBUG] found replica for vector: 2
2025-11-18 17:24:06,878 - INFO - MainThread - server_logic - [DEBUG] found replica for vector: 3
2025-11-18 17:24:06,878 - INFO - MainThread - server_logic - [DEBUG] to me replica for vector: 3
2025-11-18 17:24:06,878 - INFO - MainThread - server_logic - [DEBUG] found replica for vector: 1
2025-11-18 17:24:06,878 - INFO - MainThread - server_logic - [DEBUG] found replica for vector: 2
2025-11-18 17:24:06,879 - INFO - MainThread - server_logic - [DEBUG] found replica for vector: 3
2025-11-18 17:24:06,879 - INFO - MainThread - server_logic - [DEBUG] found replica for vector: 4
2025-11-18 17:24:06,879 - INFO - MainThread - server_logic - [DEBUG] found replica for vector: 1
2025-11-18 17:24:06,879 - INFO - MainThread - server_logic - [DEBUG] found replica for vector: 2
2025-11-18 17:24:06,879 - INFO - MainThread - server_logic - [DEBUG] found replica for vector: 3
2025-11-18 17:24:06,879 - INFO - MainThread - server_logic - [DEBUG] found replica for vector: 4
2025-11-18 17:24:06,879 - INFO - MainThread - server_logic - [DEBUG] found replica for vector: 1
2025-11-18 17:24:06,879 - INFO - MainThread - server_logic - [DEBUG] found replica for vector: 2
2025-11-18 17:24:06,879 - INFO - MainThread - server_logic - [DEBUG] found replica for vector: 3
2025-11-18 17:24:06,879 - INFO - MainThread - server_logic - [DEBUG] found replica for vector: 4
2025-11-18 17:24:06,879 - INFO - MainThread - server_logic - [DEBUG] found replica for vector: 1
2025-11-18 17:24:06,879 - INFO - MainThread - server_logic - [DEBUG] found replica for vector: 2
2025-11-18 17:24:06,879 - INFO - MainThread - server_logic - [DEBUG] found replica for vector: 3
2025-11-18 17:24:06,879 - INFO - MainThread - server_logic - [DEBUG] found replica for vector: 4
2025-11-18 17:24:06,879 - INFO - MainThread - server_logic - [DEBUG] found replica for vector: 1
2025-11-18 17:24:06,879 - INFO - MainThread - server_logic - [DEBUG] found replica for vector: 2
2025-11-18 17:24:06,879 - INFO - MainThread - server_logic - [DEBUG] found replica for vector: 3
2025-11-18 17:24:06,879 - INFO - MainThread - server_logic - [DEBUG] found replica for vector: 4
2025-11-18 17:24:06,879 - INFO - MainThread - server_logic - [DEBUG] found replica for vector: 1
2025-11-18 17:24:06,879 - INFO - MainThread - server_logic - [DEBUG] found replica for vector: 2
2025-11-18 17:24:06,879 - INFO - MainThread - server_logic - [DEBUG] found replica for vector: 3
2025-11-18 17:24:06,879 - INFO - MainThread - server_logic - [DEBUG] to me replica for vector: 3
2025-11-18 17:24:06,879 - INFO - MainThread - server_logic - [DEBUG] found replica for vector: 1
2025-11-18 17:24:06,879 - INFO - MainThread - server_logic - [DEBUG] found replica for vector: 2
2025-11-18 17:24:06,879 - INFO - MainThread - server_logic - [DEBUG] found replica for vector: 3
2025-11-18 17:24:06,879 - INFO - MainThread - server_logic - [DEBUG] found replica for vector: 4
2025-11-18 17:24:06,879 - INFO - MainThread - server_logic - [DEBUG] found replica for vector: 1
2025-11-18 17:24:06,879 - INFO - MainThread - server_logic - [DEBUG] found replica for vector: 2
2025-11-18 17:24:06,879 - INFO - MainThread - server_logic - [DEBUG] found replica for vector: 3
2025-11-18 17:24:06,879 - INFO - MainThread - server_logic - [DEBUG] found replica for vector: 4
2025-11-18 17:24:06,879 - INFO - MainThread - server_logic - [DEBUG] found replica for vector: 1
2025-11-18 17:24:06,879 - INFO - MainThread - server_logic - [DEBUG] found replica for vector: 2
2025-11-18 17:24:06,879 - INFO - MainThread - server_logic - [DEBUG] found replica for vector: 3
2025-11-18 17:24:06,879 - INFO - MainThread - server_logic - [DEBUG] found replica for vector: 4
2025-11-18 17:24:06,879 - INFO - MainThread - server_logic - [DEBUG] found replica for vector: 1
2025-11-18 17:24:06,879 - INFO - MainThread - server_logic - [DEBUG] found replica for vector: 2
2025-11-18 17:24:06,879 - INFO - MainThread - server_logic - [DEBUG] found replica for vector: 3
2025-11-18 17:24:06,879 - INFO - MainThread - server_logic - [DEBUG] found replica for vector: 4
2025-11-18 17:24:06,879 - INFO - MainThread - server_logic - [DEBUG] found replica for vector: 1
2025-11-18 17:24:06,879 - INFO - MainThread - server_logic - [DEBUG] found replica for vector: 2
2025-11-18 17:24:06,879 - INFO - MainThread - server_logic - [DEBUG] found replica for vector: 3
2025-11-18 17:24:06,879 - INFO - MainThread - server_logic - [DEBUG] found replica for vector: 4
2025-11-18 17:24:06,879 - INFO - MainThread - server_logic - [DEBUG] found replica for vector: 1
2025-11-18 17:24:06,879 - INFO - MainThread - server_logic - [DEBUG] found replica for vector: 2
2025-11-18 17:24:06,879 - INFO - MainThread - server_logic - [DEBUG] found replica for vector: 3
2025-11-18 17:24:06,879 - INFO - MainThread - server_logic - [DEBUG] to me replica for vector: 3
2025-11-18 17:24:06,879 - INFO - MainThread - server_logic - [DEBUG] found replica for vector: 1
2025-11-18 17:24:06,879 - INFO - MainThread - server_logic - [DEBUG] found replica for vector: 2
2025-11-18 17:24:06,879 - INFO - MainThread - server_logic - [DEBUG] found replica for vector: 3
2025-11-18 17:24:06,879 - INFO - MainThread - server_logic - [DEBUG] to me replica for vector: 3
2025-11-18 17:24:06,879 - INFO - MainThread - server_logic - [DEBUG] found replica for vector: 1
2025-11-18 17:24:06,879 - INFO - MainThread - server_logic - [DEBUG] found replica for vector: 2
2025-11-18 17:24:06,879 - INFO - MainThread - server_logic - [DEBUG] found replica for vector: 3
2025-11-18 17:24:06,879 - INFO - MainThread - server_logic - [DEBUG] to me replica for vector: 3
2025-11-18 17:24:06,879 - INFO - MainThread - server_logic - [DEBUG] found replica for vector: 1
2025-11-18 17:24:06,879 - INFO - MainThread - server_logic - [DEBUG] found replica for vector: 2
2025-11-18 17:24:06,879 - INFO - MainThread - server_logic - [DEBUG] found replica for vector: 3
2025-11-18 17:24:06,879 - INFO - MainThread - server_logic - [DEBUG] to me replica for vector: 3
2025-11-18 17:24:06,880 - INFO - MainThread - server_logic - [DEBUG] found replica for vector: 1
2025-11-18 17:24:06,880 - INFO - MainThread - server_logic - [DEBUG] found replica for vector: 2
2025-11-18 17:24:06,880 - INFO - MainThread - server_logic - [DEBUG] found replica for vector: 3
2025-11-18 17:24:06,880 - INFO - MainThread - server_logic - [DEBUG] to me replica for vector: 3
2025-11-18 17:24:06,880 - INFO - MainThread - server_logic - [DEBUG] found replica for vector: 1
2025-11-18 17:24:06,880 - INFO - MainThread - server_logic - [DEBUG] found replica for vector: 2
2025-11-18 17:24:06,880 - INFO - MainThread - server_logic - [DEBUG] found replica for vector: 3
2025-11-18 17:24:06,880 - INFO - MainThread - server_logic - [DEBUG] found replica for vector: 4
2025-11-18 17:24:06,880 - INFO - MainThread - server_logic - [DEBUG] found replica for vector: 1
2025-11-18 17:24:06,880 - INFO - MainThread - server_logic - [DEBUG] found replica for vector: 2
2025-11-18 17:24:06,880 - INFO - MainThread - server_logic - [DEBUG] found replica for vector: 3
2025-11-18 17:24:06,880 - INFO - MainThread - server_logic - [DEBUG] found replica for vector: 4
2025-11-18 17:24:06,880 - INFO - MainThread - server_logic - [DEBUG] found replica for vector: 1
2025-11-18 17:24:06,880 - INFO - MainThread - server_logic - [DEBUG] found replica for vector: 2
2025-11-18 17:24:06,880 - INFO - MainThread - server_logic - [DEBUG] found replica for vector: 3
2025-11-18 17:24:06,880 - INFO - MainThread - server_logic - [DEBUG] found replica for vector: 4
2025-11-18 17:24:06,880 - INFO - MainThread - server_logic - [DEBUG] found replica for vector: 1
2025-11-18 17:24:06,880 - INFO - MainThread - server_logic - [DEBUG] found replica for vector: 2
2025-11-18 17:24:06,880 - INFO - MainThread - server_logic - [DEBUG] found replica for vector: 3
2025-11-18 17:24:06,880 - INFO - MainThread - server_logic - [DEBUG] found replica for vector: 4
2025-11-18 17:24:06,880 - INFO - MainThread - server_logic - [DEBUG] found replica for vector: 1
2025-11-18 17:24:06,880 - INFO - MainThread - server_logic - [DEBUG] found replica for vector: 2
2025-11-18 17:24:06,880 - INFO - MainThread - server_logic - [DEBUG] found replica for vector: 3
2025-11-18 17:24:06,880 - INFO - MainThread - server_logic - [DEBUG] found replica for vector: 4
2025-11-18 17:24:06,880 - INFO - MainThread - server_logic - [DEBUG] found replica for vector: 1
2025-11-18 17:24:06,880 - INFO - MainThread - server_logic - [DEBUG] found replica for vector: 2
2025-11-18 17:24:06,880 - INFO - MainThread - server_logic - [DEBUG] found replica for vector: 3
2025-11-18 17:24:06,880 - INFO - MainThread - server_logic - [DEBUG] found replica for vector: 4
2025-11-18 17:24:06,880 - INFO - MainThread - server_logic - [DEBUG] found replica for vector: 1
2025-11-18 17:24:06,880 - INFO - MainThread - server_logic - [DEBUG] found replica for vector: 2
2025-11-18 17:24:06,880 - INFO - MainThread - server_logic - [DEBUG] found replica for vector: 3
2025-11-18 17:24:06,880 - INFO - MainThread - server_logic - [DEBUG] found replica for vector: 4
2025-11-18 17:24:06,880 - INFO - MainThread - server_logic - [DEBUG] found replica for vector: 1
2025-11-18 17:24:06,880 - INFO - MainThread - server_logic - [DEBUG] found replica for vector: 2
2025-11-18 17:24:06,880 - INFO - MainThread - server_logic - [DEBUG] found replica for vector: 3
2025-11-18 17:24:06,880 - INFO - MainThread - server_logic - [DEBUG] to me replica for vector: 3
2025-11-18 17:24:06,880 - INFO - MainThread - server_logic - [DEBUG] found replica for vector: 1
2025-11-18 17:24:06,880 - INFO - MainThread - server_logic - [DEBUG] found replica for vector: 2
2025-11-18 17:24:06,880 - INFO - MainThread - server_logic - [DEBUG] found replica for vector: 3
2025-11-18 17:24:06,880 - INFO - MainThread - server_logic - [DEBUG] to me replica for vector: 3
2025-11-18 17:24:06,880 - INFO - MainThread - server_logic - [DEBUG] found replica for vector: 1
2025-11-18 17:24:06,880 - INFO - MainThread - server_logic - [DEBUG] found replica for vector: 2
2025-11-18 17:24:06,880 - INFO - MainThread - server_logic - [DEBUG] found replica for vector: 3
2025-11-18 17:24:06,880 - INFO - MainThread - server_logic - [DEBUG] to me replica for vector: 3
2025-11-18 17:24:06,880 - INFO - MainThread - server_logic - [DEBUG] found replica for vector: 1
2025-11-18 17:24:06,880 - INFO - MainThread - server_logic - [DEBUG] found replica for vector: 2
2025-11-18 17:24:06,880 - INFO - MainThread - server_logic - [DEBUG] found replica for vector: 3
2025-11-18 17:24:06,880 - INFO - MainThread - server_logic - [DEBUG] found replica for vector: 4
2025-11-18 17:24:06,880 - INFO - MainThread - server_logic - [DEBUG] found replica for vector: 1
2025-11-18 17:24:06,880 - INFO - MainThread - server_logic - [DEBUG] found replica for vector: 2
2025-11-18 17:24:06,880 - INFO - MainThread - server_logic - [DEBUG] found replica for vector: 3
2025-11-18 17:24:06,880 - INFO - MainThread - server_logic - [DEBUG] found replica for vector: 4
2025-11-18 17:24:06,880 - INFO - MainThread - server_logic - [DEBUG] found replica for vector: 1
2025-11-18 17:24:06,880 - INFO - MainThread - server_logic - [DEBUG] found replica for vector: 2
2025-11-18 17:24:06,880 - INFO - MainThread - server_logic - [DEBUG] found replica for vector: 3
2025-11-18 17:24:06,880 - INFO - MainThread - server_logic - [DEBUG] found replica for vector: 4
2025-11-18 17:24:06,881 - INFO - MainThread - server_logic - [DEBUG] found replica for vector: 1
2025-11-18 17:24:06,881 - INFO - MainThread - server_logic - [DEBUG] found replica for vector: 2
2025-11-18 17:24:06,881 - INFO - MainThread - server_logic - [DEBUG] found replica for vector: 3
2025-11-18 17:24:06,881 - INFO - MainThread - server_logic - [DEBUG] found replica for vector: 4
2025-11-18 17:24:06,881 - INFO - MainThread - server_logic - [DEBUG] found replica for vector: 1
2025-11-18 17:24:06,881 - INFO - MainThread - server_logic - [DEBUG] found replica for vector: 2
2025-11-18 17:24:06,881 - INFO - MainThread - server_logic - [DEBUG] found replica for vector: 3
2025-11-18 17:24:06,881 - INFO - MainThread - server_logic - [DEBUG] found replica for vector: 4
2025-11-18 17:24:06,881 - INFO - MainThread - server_logic - [DEBUG] found replica for vector: 1
2025-11-18 17:24:06,881 - INFO - MainThread - server_logic - [DEBUG] found replica for vector: 2
2025-11-18 17:24:06,881 - INFO - MainThread - server_logic - [DEBUG] found replica for vector: 3
2025-11-18 17:24:06,881 - INFO - MainThread - server_logic - [DEBUG] to me replica for vector: 3
2025-11-18 17:24:06,881 - INFO - MainThread - server_logic - [DEBUG] found replica for vector: 1
2025-11-18 17:24:06,881 - INFO - MainThread - server_logic - [DEBUG] found replica for vector: 2
2025-11-18 17:24:06,881 - INFO - MainThread - server_logic - [DEBUG] found replica for vector: 3
2025-11-18 17:24:06,881 - INFO - MainThread - server_logic - [DEBUG] found replica for vector: 4
2025-11-18 17:24:06,881 - INFO - MainThread - server_logic - [DEBUG] found replica for vector: 1
2025-11-18 17:24:06,881 - INFO - MainThread - server_logic - [DEBUG] found replica for vector: 2
2025-11-18 17:24:06,881 - INFO - MainThread - server_logic - [DEBUG] found replica for vector: 3
2025-11-18 17:24:06,881 - INFO - MainThread - server_logic - [DEBUG] found replica for vector: 4
2025-11-18 17:24:06,881 - INFO - MainThread - server_logic - [DEBUG] found replica for vector: 1
2025-11-18 17:24:06,881 - INFO - MainThread - server_logic - [DEBUG] found replica for vector: 2
2025-11-18 17:24:06,881 - INFO - MainThread - server_logic - [DEBUG] found replica for vector: 3
2025-11-18 17:24:06,881 - INFO - MainThread - server_logic - [DEBUG] to me replica for vector: 3
2025-11-18 17:24:06,881 - INFO - MainThread - server_logic - [DEBUG] found replica for vector: 1
2025-11-18 17:24:06,881 - INFO - MainThread - server_logic - [DEBUG] found replica for vector: 2
2025-11-18 17:24:06,881 - INFO - MainThread - server_logic - [DEBUG] found replica for vector: 3
2025-11-18 17:24:06,881 - INFO - MainThread - server_logic - [DEBUG] found replica for vector: 4
2025-11-18 17:24:06,881 - INFO - MainThread - server_logic - [DEBUG] found replica for vector: 1
2025-11-18 17:24:06,881 - INFO - MainThread - server_logic - [DEBUG] found replica for vector: 2
2025-11-18 17:24:06,881 - INFO - MainThread - server_logic - [DEBUG] found replica for vector: 3
2025-11-18 17:24:06,881 - INFO - MainThread - server_logic - [DEBUG] found replica for vector: 4
2025-11-18 17:24:06,881 - INFO - MainThread - server_logic - [DEBUG] found replica for vector: 1
2025-11-18 17:24:06,881 - INFO - MainThread - server_logic - [DEBUG] found replica for vector: 2
2025-11-18 17:24:06,881 - INFO - MainThread - server_logic - [DEBUG] found replica for vector: 3
2025-11-18 17:24:06,881 - INFO - MainThread - server_logic - [DEBUG] found replica for vector: 4
2025-11-18 17:24:06,881 - INFO - MainThread - server_logic - [DEBUG] found replica for vector: 1
2025-11-18 17:24:06,881 - INFO - MainThread - server_logic - [DEBUG] found replica for vector: 2
2025-11-18 17:24:06,881 - INFO - MainThread - server_logic - [DEBUG] found replica for vector: 3
2025-11-18 17:24:06,881 - INFO - MainThread - server_logic - [DEBUG] found replica for vector: 4
2025-11-18 17:24:06,881 - INFO - MainThread - server_logic - [DEBUG] found replica for vector: 1
2025-11-18 17:24:06,881 - INFO - MainThread - server_logic - [DEBUG] found replica for vector: 2
2025-11-18 17:24:06,881 - INFO - MainThread - server_logic - [DEBUG] found replica for vector: 3
2025-11-18 17:24:06,881 - INFO - MainThread - server_logic - [DEBUG] found replica for vector: 4
2025-11-18 17:24:06,881 - INFO - MainThread - server_logic - [DEBUG] found replica for vector: 1
2025-11-18 17:24:06,881 - INFO - MainThread - server_logic - [DEBUG] found replica for vector: 2
2025-11-18 17:24:06,881 - INFO - MainThread - server_logic - [DEBUG] found replica for vector: 3
2025-11-18 17:24:06,881 - INFO - MainThread - server_logic - [DEBUG] found replica for vector: 4
2025-11-18 17:24:06,881 - INFO - MainThread - server_logic - [DEBUG] found replica for vector: 1
2025-11-18 17:24:06,881 - INFO - MainThread - server_logic - [DEBUG] found replica for vector: 2
2025-11-18 17:24:06,881 - INFO - MainThread - server_logic - [DEBUG] found replica for vector: 3
2025-11-18 17:24:06,881 - INFO - MainThread - server_logic - [DEBUG] to me replica for vector: 3
2025-11-18 17:24:06,881 - INFO - MainThread - server_logic - [DEBUG] found replica for vector: 1
2025-11-18 17:24:06,881 - INFO - MainThread - server_logic - [DEBUG] found replica for vector: 2
2025-11-18 17:24:06,881 - INFO - MainThread - server_logic - [DEBUG] found replica for vector: 3
2025-11-18 17:24:06,881 - INFO - MainThread - server_logic - [DEBUG] found replica for vector: 4
2025-11-18 17:24:06,881 - INFO - MainThread - server_logic - [DEBUG] found replica for vector: 1
2025-11-18 17:24:06,882 - INFO - MainThread - server_logic - [DEBUG] found replica for vector: 2
2025-11-18 17:24:06,882 - INFO - MainThread - server_logic - [DEBUG] found replica for vector: 3
2025-11-18 17:24:06,882 - INFO - MainThread - server_logic - [DEBUG] found replica for vector: 4
2025-11-18 17:24:06,882 - INFO - MainThread - server_logic - [DEBUG] found replica for vector: 1
2025-11-18 17:24:06,882 - INFO - MainThread - server_logic - [DEBUG] found replica for vector: 2
2025-11-18 17:24:06,882 - INFO - MainThread - server_logic - [DEBUG] found replica for vector: 3
2025-11-18 17:24:06,882 - INFO - MainThread - server_logic - [DEBUG] found replica for vector: 4
2025-11-18 17:24:06,882 - INFO - MainThread - server_logic - [DEBUG] found replica for vector: 1
2025-11-18 17:24:06,882 - INFO - MainThread - server_logic - [DEBUG] found replica for vector: 2
2025-11-18 17:24:06,882 - INFO - MainThread - server_logic - [DEBUG] found replica for vector: 3
2025-11-18 17:24:06,882 - INFO - MainThread - server_logic - [DEBUG] to me replica for vector: 3
2025-11-18 17:24:06,882 - INFO - MainThread - server_logic - [DEBUG] found replica for vector: 1
2025-11-18 17:24:06,882 - INFO - MainThread - server_logic - [DEBUG] found replica for vector: 2
2025-11-18 17:24:06,882 - INFO - MainThread - server_logic - [DEBUG] found replica for vector: 3
2025-11-18 17:24:06,882 - INFO - MainThread - server_logic - [DEBUG] found replica for vector: 4
2025-11-18 17:24:06,882 - INFO - MainThread - server_logic - [DEBUG] found replica for vector: 1
2025-11-18 17:24:06,882 - INFO - MainThread - server_logic - [DEBUG] found replica for vector: 2
2025-11-18 17:24:06,882 - INFO - MainThread - server_logic - [DEBUG] found replica for vector: 3
2025-11-18 17:24:06,882 - INFO - MainThread - server_logic - [DEBUG] found replica for vector: 4
2025-11-18 17:24:06,882 - INFO - MainThread - server_logic - [DEBUG] found replica for vector: 1
2025-11-18 17:24:06,882 - INFO - MainThread - server_logic - [DEBUG] found replica for vector: 2
2025-11-18 17:24:06,882 - INFO - MainThread - server_logic - [DEBUG] found replica for vector: 3
2025-11-18 17:24:06,882 - INFO - MainThread - server_logic - [DEBUG] found replica for vector: 4
2025-11-18 17:24:06,882 - INFO - MainThread - server_logic - [DEBUG] found replica for vector: 1
2025-11-18 17:24:06,882 - INFO - MainThread - server_logic - [DEBUG] found replica for vector: 2
2025-11-18 17:24:06,882 - INFO - MainThread - server_logic - [DEBUG] found replica for vector: 3
2025-11-18 17:24:06,882 - INFO - MainThread - server_logic - [DEBUG] to me replica for vector: 3
2025-11-18 17:24:06,882 - INFO - MainThread - server_logic - [DEBUG] found replica for vector: 1
2025-11-18 17:24:06,882 - INFO - MainThread - server_logic - [DEBUG] found replica for vector: 2
2025-11-18 17:24:06,882 - INFO - MainThread - server_logic - [DEBUG] found replica for vector: 3
2025-11-18 17:24:06,882 - INFO - MainThread - server_logic - [DEBUG] found replica for vector: 4
2025-11-18 17:24:06,882 - INFO - MainThread - server_logic - [DEBUG] found replica for vector: 1
2025-11-18 17:24:06,882 - INFO - MainThread - server_logic - [DEBUG] found replica for vector: 2
2025-11-18 17:24:06,882 - INFO - MainThread - server_logic - [DEBUG] found replica for vector: 3
2025-11-18 17:24:06,882 - INFO - MainThread - server_logic - [DEBUG] found replica for vector: 4
2025-11-18 17:24:06,882 - INFO - MainThread - server_logic - [DEBUG] found replica for vector: 1
2025-11-18 17:24:06,882 - INFO - MainThread - server_logic - [DEBUG] found replica for vector: 2
2025-11-18 17:24:06,882 - INFO - MainThread - server_logic - [DEBUG] found replica for vector: 3
2025-11-18 17:24:06,882 - INFO - MainThread - server_logic - [DEBUG] found replica for vector: 4
2025-11-18 17:24:06,882 - INFO - MainThread - server_logic - [DEBUG] found replica for vector: 1
2025-11-18 17:24:06,882 - INFO - MainThread - server_logic - [DEBUG] found replica for vector: 2
2025-11-18 17:24:06,882 - INFO - MainThread - server_logic - [DEBUG] found replica for vector: 3
2025-11-18 17:24:06,882 - INFO - MainThread - server_logic - [DEBUG] found replica for vector: 4
2025-11-18 17:24:06,882 - INFO - MainThread - server_logic - [DEBUG] found replica for vector: 1
2025-11-18 17:24:06,882 - INFO - MainThread - server_logic - [DEBUG] found replica for vector: 2
2025-11-18 17:24:06,882 - INFO - MainThread - server_logic - [DEBUG] found replica for vector: 3
2025-11-18 17:24:06,882 - INFO - MainThread - server_logic - [DEBUG] found replica for vector: 4
2025-11-18 17:24:06,882 - INFO - MainThread - server_logic - [DEBUG] found replica for vector: 1
2025-11-18 17:24:06,882 - INFO - MainThread - server_logic - [DEBUG] found replica for vector: 2
2025-11-18 17:24:06,882 - INFO - MainThread - server_logic - [DEBUG] found replica for vector: 3
2025-11-18 17:24:06,882 - INFO - MainThread - server_logic - [DEBUG] found replica for vector: 4
2025-11-18 17:24:06,882 - INFO - MainThread - server_logic - [DEBUG] found replica for vector: 1
2025-11-18 17:24:06,882 - INFO - MainThread - server_logic - [DEBUG] found replica for vector: 2
2025-11-18 17:24:06,882 - INFO - MainThread - server_logic - [DEBUG] found replica for vector: 3
2025-11-18 17:24:06,882 - INFO - MainThread - server_logic - [DEBUG] found replica for vector: 4
2025-11-18 17:24:06,882 - INFO - MainThread - server_logic - [DEBUG] found replica for vector: 1
2025-11-18 17:24:06,882 - INFO - MainThread - server_logic - [DEBUG] found replica for vector: 2
2025-11-18 17:24:06,882 - INFO - MainThread - server_logic - [DEBUG] found replica for vector: 3
2025-11-18 17:24:06,883 - INFO - MainThread - server_logic - [DEBUG] found replica for vector: 4
2025-11-18 17:24:06,883 - INFO - MainThread - server_logic - [DEBUG] found replica for vector: 1
2025-11-18 17:24:06,883 - INFO - MainThread - server_logic - [DEBUG] found replica for vector: 2
2025-11-18 17:24:06,883 - INFO - MainThread - server_logic - [DEBUG] found replica for vector: 3
2025-11-18 17:24:06,883 - INFO - MainThread - server_logic - [DEBUG] found replica for vector: 4
2025-11-18 17:24:06,883 - INFO - MainThread - server_logic - [DEBUG] found replica for vector: 1
2025-11-18 17:24:06,883 - INFO - MainThread - server_logic - [DEBUG] found replica for vector: 2
2025-11-18 17:24:06,883 - INFO - MainThread - server_logic - [DEBUG] found replica for vector: 3
2025-11-18 17:24:06,883 - INFO - MainThread - server_logic - [DEBUG] to me replica for vector: 3
2025-11-18 17:24:06,883 - INFO - MainThread - server_logic - [DEBUG] found replica for vector: 1
2025-11-18 17:24:06,883 - INFO - MainThread - server_logic - [DEBUG] found replica for vector: 2
2025-11-18 17:24:06,883 - INFO - MainThread - server_logic - [DEBUG] found replica for vector: 3
2025-11-18 17:24:06,883 - INFO - MainThread - server_logic - [DEBUG] found replica for vector: 4
2025-11-18 17:24:06,883 - INFO - MainThread - server_logic - [DEBUG] found replica for vector: 1
2025-11-18 17:24:06,883 - INFO - MainThread - server_logic - [DEBUG] found replica for vector: 2
2025-11-18 17:24:06,883 - INFO - MainThread - server_logic - [DEBUG] found replica for vector: 3
2025-11-18 17:24:06,883 - INFO - MainThread - server_logic - [DEBUG] found replica for vector: 4
2025-11-18 17:24:06,883 - INFO - MainThread - server_logic - [DEBUG] found replica for vector: 1
2025-11-18 17:24:06,883 - INFO - MainThread - server_logic - [DEBUG] found replica for vector: 2
2025-11-18 17:24:06,883 - INFO - MainThread - server_logic - [DEBUG] found replica for vector: 3
2025-11-18 17:24:06,883 - INFO - MainThread - server_logic - [DEBUG] to me replica for vector: 3
2025-11-18 17:24:06,883 - INFO - MainThread - server_logic - [DEBUG] found replica for vector: 1
2025-11-18 17:24:06,883 - INFO - MainThread - server_logic - [DEBUG] found replica for vector: 2
2025-11-18 17:24:06,883 - INFO - MainThread - server_logic - [DEBUG] found replica for vector: 3
2025-11-18 17:24:06,883 - INFO - MainThread - server_logic - [DEBUG] found replica for vector: 4
2025-11-18 17:24:06,883 - INFO - MainThread - server_logic - [DEBUG] found replica for vector: 1
2025-11-18 17:24:06,883 - INFO - MainThread - server_logic - [DEBUG] found replica for vector: 2
2025-11-18 17:24:06,883 - INFO - MainThread - server_logic - [DEBUG] found replica for vector: 3
2025-11-18 17:24:06,883 - INFO - MainThread - server_logic - [DEBUG] found replica for vector: 4
2025-11-18 17:24:06,883 - INFO - MainThread - server_logic - [DEBUG] found replica for vector: 1
2025-11-18 17:24:06,883 - INFO - MainThread - server_logic - [DEBUG] found replica for vector: 2
2025-11-18 17:24:06,883 - INFO - MainThread - server_logic - [DEBUG] found replica for vector: 3
2025-11-18 17:24:06,883 - INFO - MainThread - server_logic - [DEBUG] to me replica for vector: 3
2025-11-18 17:24:06,883 - INFO - MainThread - server_logic - [DEBUG] found replica for vector: 1
2025-11-18 17:24:06,883 - INFO - MainThread - server_logic - [DEBUG] found replica for vector: 2
2025-11-18 17:24:06,883 - INFO - MainThread - server_logic - [DEBUG] found replica for vector: 3
2025-11-18 17:24:06,883 - INFO - MainThread - server_logic - [DEBUG] to me replica for vector: 3
2025-11-18 17:24:06,883 - INFO - MainThread - server_logic - [DEBUG] found replica for vector: 1
2025-11-18 17:24:06,883 - INFO - MainThread - server_logic - [DEBUG] found replica for vector: 2
2025-11-18 17:24:06,883 - INFO - MainThread - server_logic - [DEBUG] found replica for vector: 3
2025-11-18 17:24:06,883 - INFO - MainThread - server_logic - [DEBUG] to me replica for vector: 3
2025-11-18 17:24:06,883 - INFO - MainThread - server_logic - [DEBUG] found replica for vector: 1
2025-11-18 17:24:06,883 - INFO - MainThread - server_logic - [DEBUG] found replica for vector: 2
2025-11-18 17:24:06,883 - INFO - MainThread - server_logic - [DEBUG] found replica for vector: 3
2025-11-18 17:24:06,883 - INFO - MainThread - server_logic - [DEBUG] found replica for vector: 4
2025-11-18 17:24:06,883 - INFO - MainThread - server_logic - [DEBUG] found replica for vector: 1
2025-11-18 17:24:06,883 - INFO - MainThread - server_logic - [DEBUG] found replica for vector: 2
2025-11-18 17:24:06,883 - INFO - MainThread - server_logic - [DEBUG] found replica for vector: 3
2025-11-18 17:24:06,883 - INFO - MainThread - server_logic - [DEBUG] found replica for vector: 4
2025-11-18 17:24:06,883 - INFO - MainThread - server_logic - [DEBUG] found replica for vector: 1
2025-11-18 17:24:06,883 - INFO - MainThread - server_logic - [DEBUG] found replica for vector: 2
2025-11-18 17:24:06,883 - INFO - MainThread - server_logic - [DEBUG] found replica for vector: 3
2025-11-18 17:24:06,883 - INFO - MainThread - server_logic - [DEBUG] found replica for vector: 4
2025-11-18 17:24:06,883 - INFO - MainThread - server_logic - [DEBUG] found replica for vector: 1
2025-11-18 17:24:06,883 - INFO - MainThread - server_logic - [DEBUG] found replica for vector: 2
2025-11-18 17:24:06,883 - INFO - MainThread - server_logic - [DEBUG] found replica for vector: 3
2025-11-18 17:24:06,883 - INFO - MainThread - server_logic - [DEBUG] found replica for vector: 4
2025-11-18 17:24:06,884 - INFO - MainThread - server_logic - [DEBUG] found replica for vector: 1
2025-11-18 17:24:06,884 - INFO - MainThread - server_logic - [DEBUG] found replica for vector: 2
2025-11-18 17:24:06,884 - INFO - MainThread - server_logic - [DEBUG] found replica for vector: 3
2025-11-18 17:24:06,884 - INFO - MainThread - server_logic - [DEBUG] found replica for vector: 4
2025-11-18 17:24:06,884 - INFO - MainThread - server_logic - [DEBUG] found replica for vector: 1
2025-11-18 17:24:06,884 - INFO - MainThread - server_logic - [DEBUG] found replica for vector: 2
2025-11-18 17:24:06,884 - INFO - MainThread - server_logic - [DEBUG] found replica for vector: 3
2025-11-18 17:24:06,884 - INFO - MainThread - server_logic - [DEBUG] to me replica for vector: 3
2025-11-18 17:24:06,884 - INFO - MainThread - server_logic - [DEBUG] found replica for vector: 1
2025-11-18 17:24:06,884 - INFO - MainThread - server_logic - [DEBUG] found replica for vector: 2
2025-11-18 17:24:06,884 - INFO - MainThread - server_logic - [DEBUG] found replica for vector: 3
2025-11-18 17:24:06,884 - INFO - MainThread - server_logic - [DEBUG] found replica for vector: 4
2025-11-18 17:24:06,884 - INFO - MainThread - server_logic - [DEBUG] found replica for vector: 1
2025-11-18 17:24:06,884 - INFO - MainThread - server_logic - [DEBUG] found replica for vector: 2
2025-11-18 17:24:06,884 - INFO - MainThread - server_logic - [DEBUG] found replica for vector: 3
2025-11-18 17:24:06,884 - INFO - MainThread - server_logic - [DEBUG] found replica for vector: 4
2025-11-18 17:24:06,884 - INFO - MainThread - server_logic - [DEBUG] found replica for vector: 1
2025-11-18 17:24:06,884 - INFO - MainThread - server_logic - [DEBUG] found replica for vector: 2
2025-11-18 17:24:06,884 - INFO - MainThread - server_logic - [DEBUG] found replica for vector: 3
2025-11-18 17:24:06,884 - INFO - MainThread - server_logic - [DEBUG] found replica for vector: 4
2025-11-18 17:24:06,884 - INFO - MainThread - server_logic - [DEBUG] found replica for vector: 1
2025-11-18 17:24:06,884 - INFO - MainThread - server_logic - [DEBUG] found replica for vector: 2
2025-11-18 17:24:06,884 - INFO - MainThread - server_logic - [DEBUG] found replica for vector: 3
2025-11-18 17:24:06,884 - INFO - MainThread - server_logic - [DEBUG] found replica for vector: 4
2025-11-18 17:24:06,884 - INFO - MainThread - server_logic - [DEBUG] found replica for vector: 1
2025-11-18 17:24:06,884 - INFO - MainThread - server_logic - [DEBUG] found replica for vector: 2
2025-11-18 17:24:06,884 - INFO - MainThread - server_logic - [DEBUG] found replica for vector: 3
2025-11-18 17:24:06,884 - INFO - MainThread - server_logic - [DEBUG] found replica for vector: 4
2025-11-18 17:24:06,884 - INFO - MainThread - server_logic - [DEBUG] found replica for vector: 1
2025-11-18 17:24:06,884 - INFO - MainThread - server_logic - [DEBUG] found replica for vector: 2
2025-11-18 17:24:06,884 - INFO - MainThread - server_logic - [DEBUG] found replica for vector: 3
2025-11-18 17:24:06,884 - INFO - MainThread - server_logic - [DEBUG] to me replica for vector: 3
2025-11-18 17:24:06,884 - INFO - MainThread - server_logic - [DEBUG] found replica for vector: 1
2025-11-18 17:24:06,884 - INFO - MainThread - server_logic - [DEBUG] found replica for vector: 2
2025-11-18 17:24:06,884 - INFO - MainThread - server_logic - [DEBUG] found replica for vector: 3
2025-11-18 17:24:06,884 - INFO - MainThread - server_logic - [DEBUG] found replica for vector: 4
2025-11-18 17:24:06,884 - INFO - MainThread - server_logic - [DEBUG] found replica for vector: 1
2025-11-18 17:24:06,884 - INFO - MainThread - server_logic - [DEBUG] found replica for vector: 2
2025-11-18 17:24:06,884 - INFO - MainThread - server_logic - [DEBUG] found replica for vector: 3
2025-11-18 17:24:06,884 - INFO - MainThread - server_logic - [DEBUG] to me replica for vector: 3
2025-11-18 17:24:06,884 - INFO - MainThread - server_logic - [DEBUG] found replica for vector: 1
2025-11-18 17:24:06,884 - INFO - MainThread - server_logic - [DEBUG] found replica for vector: 2
2025-11-18 17:24:06,884 - INFO - MainThread - server_logic - [DEBUG] found replica for vector: 3
2025-11-18 17:24:06,884 - INFO - MainThread - server_logic - [DEBUG] to me replica for vector: 3
2025-11-18 17:24:06,884 - INFO - MainThread - server_logic - [DEBUG] found replica for vector: 1
2025-11-18 17:24:06,884 - INFO - MainThread - server_logic - [DEBUG] found replica for vector: 2
2025-11-18 17:24:06,884 - INFO - MainThread - server_logic - [DEBUG] found replica for vector: 3
2025-11-18 17:24:06,884 - INFO - MainThread - server_logic - [DEBUG] found replica for vector: 4
2025-11-18 17:24:06,884 - INFO - MainThread - server_logic - [DEBUG] found replica for vector: 1
2025-11-18 17:24:06,884 - INFO - MainThread - server_logic - [DEBUG] found replica for vector: 2
2025-11-18 17:24:06,884 - INFO - MainThread - server_logic - [DEBUG] found replica for vector: 3
2025-11-18 17:24:06,884 - INFO - MainThread - server_logic - [DEBUG] to me replica for vector: 3
2025-11-18 17:24:06,884 - INFO - MainThread - server_logic - [DEBUG] found replica for vector: 1
2025-11-18 17:24:06,884 - INFO - MainThread - server_logic - [DEBUG] found replica for vector: 2
2025-11-18 17:24:06,884 - INFO - MainThread - server_logic - [DEBUG] found replica for vector: 3
2025-11-18 17:24:06,884 - INFO - MainThread - server_logic - [DEBUG] found replica for vector: 4
2025-11-18 17:24:06,884 - INFO - MainThread - server_logic - [DEBUG] found replica for vector: 1
2025-11-18 17:24:06,885 - INFO - MainThread - server_logic - [DEBUG] found replica for vector: 2
2025-11-18 17:24:06,885 - INFO - MainThread - server_logic - [DEBUG] found replica for vector: 3
2025-11-18 17:24:06,885 - INFO - MainThread - server_logic - [DEBUG] found replica for vector: 4
2025-11-18 17:24:06,885 - INFO - MainThread - server_logic - [DEBUG] found replica for vector: 1
2025-11-18 17:24:06,885 - INFO - MainThread - server_logic - [DEBUG] found replica for vector: 2
2025-11-18 17:24:06,885 - INFO - MainThread - server_logic - [DEBUG] found replica for vector: 3
2025-11-18 17:24:06,885 - INFO - MainThread - server_logic - [DEBUG] found replica for vector: 4
2025-11-18 17:24:06,885 - INFO - MainThread - server_logic - [DEBUG] found replica for vector: 1
2025-11-18 17:24:06,885 - INFO - MainThread - server_logic - [DEBUG] found replica for vector: 2
2025-11-18 17:24:06,885 - INFO - MainThread - server_logic - [DEBUG] found replica for vector: 3
2025-11-18 17:24:06,885 - INFO - MainThread - server_logic - [DEBUG] found replica for vector: 4
2025-11-18 17:24:06,885 - INFO - MainThread - server_logic - [DEBUG] found replica for vector: 1
2025-11-18 17:24:06,885 - INFO - MainThread - server_logic - [DEBUG] found replica for vector: 2
2025-11-18 17:24:06,885 - INFO - MainThread - server_logic - [DEBUG] found replica for vector: 3
2025-11-18 17:24:06,885 - INFO - MainThread - server_logic - [DEBUG] found replica for vector: 4
2025-11-18 17:24:06,885 - INFO - MainThread - server_logic - [DEBUG] found replica for vector: 1
2025-11-18 17:24:06,885 - INFO - MainThread - server_logic - [DEBUG] found replica for vector: 2
2025-11-18 17:24:06,885 - INFO - MainThread - server_logic - [DEBUG] found replica for vector: 3
2025-11-18 17:24:06,885 - INFO - MainThread - server_logic - [DEBUG] to me replica for vector: 3
2025-11-18 17:24:06,885 - INFO - MainThread - server_logic - [DEBUG] found replica for vector: 1
2025-11-18 17:24:06,885 - INFO - MainThread - server_logic - [DEBUG] found replica for vector: 2
2025-11-18 17:24:06,885 - INFO - MainThread - server_logic - [DEBUG] found replica for vector: 3
2025-11-18 17:24:06,885 - INFO - MainThread - server_logic - [DEBUG] found replica for vector: 4
2025-11-18 17:24:06,885 - INFO - MainThread - server_logic - [DEBUG] found replica for vector: 1
2025-11-18 17:24:06,885 - INFO - MainThread - server_logic - [DEBUG] found replica for vector: 2
2025-11-18 17:24:06,885 - INFO - MainThread - server_logic - [DEBUG] found replica for vector: 3
2025-11-18 17:24:06,885 - INFO - MainThread - server_logic - [DEBUG] to me replica for vector: 3
2025-11-18 17:24:06,885 - INFO - MainThread - server_logic - [DEBUG] found replica for vector: 1
2025-11-18 17:24:06,885 - INFO - MainThread - server_logic - [DEBUG] found replica for vector: 2
2025-11-18 17:24:06,885 - INFO - MainThread - server_logic - [DEBUG] found replica for vector: 3
2025-11-18 17:24:06,885 - INFO - MainThread - server_logic - [DEBUG] found replica for vector: 4
2025-11-18 17:24:06,885 - INFO - MainThread - server_logic - [DEBUG] found replica for vector: 1
2025-11-18 17:24:06,885 - INFO - MainThread - server_logic - [DEBUG] found replica for vector: 2
2025-11-18 17:24:06,885 - INFO - MainThread - server_logic - [DEBUG] found replica for vector: 3
2025-11-18 17:24:06,885 - INFO - MainThread - server_logic - [DEBUG] to me replica for vector: 3
2025-11-18 17:24:06,885 - INFO - MainThread - server_logic - [DEBUG] found replica for vector: 1
2025-11-18 17:24:06,885 - INFO - MainThread - server_logic - [DEBUG] found replica for vector: 2
2025-11-18 17:24:06,885 - INFO - MainThread - server_logic - [DEBUG] found replica for vector: 3
2025-11-18 17:24:06,885 - INFO - MainThread - server_logic - [DEBUG] to me replica for vector: 3
2025-11-18 17:24:06,885 - INFO - MainThread - server_logic - [DEBUG] found replica for vector: 1
2025-11-18 17:24:06,885 - INFO - MainThread - server_logic - [DEBUG] found replica for vector: 2
2025-11-18 17:24:06,885 - INFO - MainThread - server_logic - [DEBUG] found replica for vector: 3
2025-11-18 17:24:06,885 - INFO - MainThread - server_logic - [DEBUG] found replica for vector: 4
2025-11-18 17:24:06,885 - INFO - MainThread - server_logic - [DEBUG] found replica for vector: 1
2025-11-18 17:24:06,885 - INFO - MainThread - server_logic - [DEBUG] found replica for vector: 2
2025-11-18 17:24:06,885 - INFO - MainThread - server_logic - [DEBUG] found replica for vector: 3
2025-11-18 17:24:06,885 - INFO - MainThread - server_logic - [DEBUG] found replica for vector: 4
2025-11-18 17:24:06,885 - INFO - MainThread - server_logic - [DEBUG] found replica for vector: 1
2025-11-18 17:24:06,885 - INFO - MainThread - server_logic - [DEBUG] found replica for vector: 2
2025-11-18 17:24:06,885 - INFO - MainThread - server_logic - [DEBUG] found replica for vector: 3
2025-11-18 17:24:06,885 - INFO - MainThread - server_logic - [DEBUG] found replica for vector: 4
2025-11-18 17:24:06,885 - INFO - MainThread - server_logic - [DEBUG] found replica for vector: 1
2025-11-18 17:24:06,885 - INFO - MainThread - server_logic - [DEBUG] found replica for vector: 2
2025-11-18 17:24:06,885 - INFO - MainThread - server_logic - [DEBUG] found replica for vector: 3
2025-11-18 17:24:06,885 - INFO - MainThread - server_logic - [DEBUG] found replica for vector: 4
2025-11-18 17:24:06,885 - INFO - MainThread - server_logic - [DEBUG] found replica for vector: 1
2025-11-18 17:24:06,885 - INFO - MainThread - server_logic - [DEBUG] found replica for vector: 2
2025-11-18 17:24:06,885 - INFO - MainThread - server_logic - [DEBUG] found replica for vector: 3
2025-11-18 17:24:06,886 - INFO - MainThread - server_logic - [DEBUG] found replica for vector: 4
2025-11-18 17:24:06,886 - INFO - MainThread - server_logic - [DEBUG] found replica for vector: 1
2025-11-18 17:24:06,886 - INFO - MainThread - server_logic - [DEBUG] found replica for vector: 2
2025-11-18 17:24:06,886 - INFO - MainThread - server_logic - [DEBUG] found replica for vector: 3
2025-11-18 17:24:06,886 - INFO - MainThread - server_logic - [DEBUG] found replica for vector: 4
2025-11-18 17:24:06,886 - INFO - MainThread - server_logic - [DEBUG] found replica for vector: 1
2025-11-18 17:24:06,886 - INFO - MainThread - server_logic - [DEBUG] found replica for vector: 2
2025-11-18 17:24:06,886 - INFO - MainThread - server_logic - [DEBUG] found replica for vector: 3
2025-11-18 17:24:06,886 - INFO - MainThread - server_logic - [DEBUG] found replica for vector: 4
2025-11-18 17:24:06,886 - INFO - MainThread - server_logic - [DEBUG] found replica for vector: 1
2025-11-18 17:24:06,886 - INFO - MainThread - server_logic - [DEBUG] found replica for vector: 2
2025-11-18 17:24:06,886 - INFO - MainThread - server_logic - [DEBUG] found replica for vector: 3
2025-11-18 17:24:06,886 - INFO - MainThread - server_logic - [DEBUG] to me replica for vector: 3
2025-11-18 17:24:06,886 - INFO - MainThread - server_logic - [DEBUG] found replica for vector: 1
2025-11-18 17:24:06,886 - INFO - MainThread - server_logic - [DEBUG] found replica for vector: 2
2025-11-18 17:24:06,886 - INFO - MainThread - server_logic - [DEBUG] found replica for vector: 3
2025-11-18 17:24:06,886 - INFO - MainThread - server_logic - [DEBUG] found replica for vector: 4
2025-11-18 17:24:06,886 - INFO - MainThread - server_logic - [DEBUG] found replica for vector: 1
2025-11-18 17:24:06,886 - INFO - MainThread - server_logic - [DEBUG] found replica for vector: 2
2025-11-18 17:24:06,886 - INFO - MainThread - server_logic - [DEBUG] found replica for vector: 3
2025-11-18 17:24:06,886 - INFO - MainThread - server_logic - [DEBUG] to me replica for vector: 3
2025-11-18 17:24:06,886 - INFO - MainThread - server_logic - [DEBUG] found replica for vector: 1
2025-11-18 17:24:06,886 - INFO - MainThread - server_logic - [DEBUG] found replica for vector: 2
2025-11-18 17:24:06,886 - INFO - MainThread - server_logic - [DEBUG] found replica for vector: 3
2025-11-18 17:24:06,886 - INFO - MainThread - server_logic - [DEBUG] found replica for vector: 4
2025-11-18 17:24:06,886 - INFO - MainThread - server_logic - [DEBUG] found replica for vector: 1
2025-11-18 17:24:06,886 - INFO - MainThread - server_logic - [DEBUG] found replica for vector: 2
2025-11-18 17:24:06,886 - INFO - MainThread - server_logic - [DEBUG] found replica for vector: 3
2025-11-18 17:24:06,886 - INFO - MainThread - server_logic - [DEBUG] found replica for vector: 4
2025-11-18 17:24:06,886 - INFO - MainThread - server_logic - [DEBUG] found replica for vector: 1
2025-11-18 17:24:06,886 - INFO - MainThread - server_logic - [DEBUG] found replica for vector: 2
2025-11-18 17:24:06,886 - INFO - MainThread - server_logic - [DEBUG] found replica for vector: 3
2025-11-18 17:24:06,886 - INFO - MainThread - server_logic - [DEBUG] to me replica for vector: 3
2025-11-18 17:24:06,886 - INFO - MainThread - server_logic - [DEBUG] found replica for vector: 1
2025-11-18 17:24:06,886 - INFO - MainThread - server_logic - [DEBUG] found replica for vector: 2
2025-11-18 17:24:06,886 - INFO - MainThread - server_logic - [DEBUG] found replica for vector: 3
2025-11-18 17:24:06,886 - INFO - MainThread - server_logic - [DEBUG] to me replica for vector: 3
2025-11-18 17:24:06,886 - INFO - MainThread - server_logic - [DEBUG] found replica for vector: 1
2025-11-18 17:24:06,886 - INFO - MainThread - server_logic - [DEBUG] found replica for vector: 2
2025-11-18 17:24:06,886 - INFO - MainThread - server_logic - [DEBUG] found replica for vector: 3
2025-11-18 17:24:06,886 - INFO - MainThread - server_logic - [DEBUG] found replica for vector: 4
2025-11-18 17:24:06,886 - INFO - MainThread - server_logic - [DEBUG] found replica for vector: 1
2025-11-18 17:24:06,886 - INFO - MainThread - server_logic - [DEBUG] found replica for vector: 2
2025-11-18 17:24:06,886 - INFO - MainThread - server_logic - [DEBUG] found replica for vector: 3
2025-11-18 17:24:06,886 - INFO - MainThread - server_logic - [DEBUG] to me replica for vector: 3
2025-11-18 17:24:06,886 - INFO - MainThread - server_logic - [DEBUG] found replica for vector: 1
2025-11-18 17:24:06,886 - INFO - MainThread - server_logic - [DEBUG] found replica for vector: 2
2025-11-18 17:24:06,886 - INFO - MainThread - server_logic - [DEBUG] found replica for vector: 3
2025-11-18 17:24:06,886 - INFO - MainThread - server_logic - [DEBUG] to me replica for vector: 3
2025-11-18 17:24:06,886 - INFO - MainThread - server_logic - [DEBUG] found replica for vector: 1
2025-11-18 17:24:06,886 - INFO - MainThread - server_logic - [DEBUG] found replica for vector: 2
2025-11-18 17:24:06,886 - INFO - MainThread - server_logic - [DEBUG] found replica for vector: 3
2025-11-18 17:24:06,886 - INFO - MainThread - server_logic - [DEBUG] found replica for vector: 4
2025-11-18 17:24:06,886 - INFO - MainThread - server_logic - [DEBUG] found replica for vector: 1
2025-11-18 17:24:06,886 - INFO - MainThread - server_logic - [DEBUG] found replica for vector: 2
2025-11-18 17:24:06,886 - INFO - MainThread - server_logic - [DEBUG] found replica for vector: 3
2025-11-18 17:24:06,886 - INFO - MainThread - server_logic - [DEBUG] found replica for vector: 4
2025-11-18 17:24:06,887 - INFO - MainThread - server_logic - [DEBUG] found replica for vector: 1
2025-11-18 17:24:06,887 - INFO - MainThread - server_logic - [DEBUG] found replica for vector: 2
2025-11-18 17:24:06,887 - INFO - MainThread - server_logic - [DEBUG] found replica for vector: 3
2025-11-18 17:24:06,887 - INFO - MainThread - server_logic - [DEBUG] found replica for vector: 4
2025-11-18 17:24:06,887 - INFO - MainThread - server_logic - [DEBUG] found replica for vector: 1
2025-11-18 17:24:06,887 - INFO - MainThread - server_logic - [DEBUG] found replica for vector: 2
2025-11-18 17:24:06,887 - INFO - MainThread - server_logic - [DEBUG] found replica for vector: 3
2025-11-18 17:24:06,887 - INFO - MainThread - server_logic - [DEBUG] found replica for vector: 4
2025-11-18 17:24:06,887 - INFO - MainThread - server_logic - [Router] Distribution: Peer node1: 83, Peer node2: 61, Peer node3: 61, Peer node4: 61, Peer node5: 61, Peer node6: 47, Peer node7: 47, Peer node8: 47, Peer node9: 47, Peer node10: 65, Peer node11: 65, Peer node13: 65, Peer node14: 83, Peer node15: 83, Peer node16: 83, Me (node12): 65
2025-11-18 17:24:06,887 - INFO - MainThread - server_logic - --> [Peer Send] Sending 83 vectors to Peer node1 (localhost:9001) | Status: clustered
2025-11-18 17:24:06,969 - INFO - MainThread - server_logic - --> [Peer Send] Success: Sent vectors to node1
2025-11-18 17:24:06,969 - INFO - MainThread - server_logic - --> [Peer Send] Sending 61 vectors to Peer node2 (localhost:9002) | Status: clustered
2025-11-18 17:24:07,036 - INFO - MainThread - server_logic - --> [Peer Send] Success: Sent vectors to node2
2025-11-18 17:24:07,037 - INFO - MainThread - server_logic - --> [Peer Send] Sending 61 vectors to Peer node3 (localhost:9003) | Status: clustered
2025-11-18 17:24:07,106 - INFO - MainThread - server_logic - --> [Peer Send] Success: Sent vectors to node3
2025-11-18 17:24:07,106 - INFO - MainThread - server_logic - --> [Peer Send] Sending 61 vectors to Peer node4 (localhost:9004) | Status: clustered
2025-11-18 17:24:07,175 - INFO - MainThread - server_logic - --> [Peer Send] Success: Sent vectors to node4
2025-11-18 17:24:07,176 - INFO - MainThread - server_logic - --> [Peer Send] Sending 61 vectors to Peer node5 (localhost:9005) | Status: clustered
2025-11-18 17:24:07,244 - INFO - MainThread - server_logic - --> [Peer Send] Success: Sent vectors to node5
2025-11-18 17:24:07,245 - INFO - MainThread - server_logic - --> [Peer Send] Sending 47 vectors to Peer node6 (localhost:9006) | Status: clustered
2025-11-18 17:24:07,312 - INFO - MainThread - server_logic - --> [Peer Send] Success: Sent vectors to node6
2025-11-18 17:24:07,312 - INFO - MainThread - server_logic - --> [Peer Send] Sending 47 vectors to Peer node7 (localhost:9007) | Status: clustered
2025-11-18 17:24:07,380 - INFO - MainThread - server_logic - --> [Peer Send] Success: Sent vectors to node7
2025-11-18 17:24:07,380 - INFO - MainThread - server_logic - --> [Peer Send] Sending 47 vectors to Peer node8 (localhost:9008) | Status: clustered
2025-11-18 17:24:07,446 - INFO - MainThread - server_logic - --> [Peer Send] Success: Sent vectors to node8
2025-11-18 17:24:07,446 - INFO - MainThread - server_logic - --> [Peer Send] Sending 47 vectors to Peer node9 (localhost:9009) | Status: clustered
2025-11-18 17:24:07,510 - INFO - MainThread - server_logic - --> [Peer Send] Success: Sent vectors to node9
2025-11-18 17:24:07,510 - INFO - MainThread - server_logic - --> [Peer Send] Sending 65 vectors to Peer node10 (localhost:9010) | Status: clustered
2025-11-18 17:24:07,579 - INFO - MainThread - server_logic - --> [Peer Send] Success: Sent vectors to node10
2025-11-18 17:24:07,579 - INFO - MainThread - server_logic - --> [Peer Send] Sending 65 vectors to Peer node11 (localhost:9011) | Status: clustered
2025-11-18 17:24:07,650 - INFO - MainThread - server_logic - --> [Peer Send] Success: Sent vectors to node11
2025-11-18 17:24:07,650 - INFO - MainThread - server_logic - --> [Peer Send] Sending 65 vectors to Peer node13 (localhost:9013) | Status: clustered
2025-11-18 17:24:07,721 - INFO - MainThread - server_logic - --> [Peer Send] Success: Sent vectors to node13
2025-11-18 17:24:07,721 - INFO - MainThread - server_logic - --> [Peer Send] Sending 83 vectors to Peer node14 (localhost:9014) | Status: clustered
2025-11-18 17:24:07,793 - INFO - MainThread - server_logic - --> [Peer Send] Success: Sent vectors to node14
2025-11-18 17:24:07,793 - INFO - MainThread - server_logic - --> [Peer Send] Sending 83 vectors to Peer node15 (localhost:9015) | Status: clustered
2025-11-18 17:24:07,863 - INFO - MainThread - server_logic - --> [Peer Send] Success: Sent vectors to node15
2025-11-18 17:24:07,863 - INFO - MainThread - server_logic - --> [Peer Send] Sending 83 vectors to Peer node16 (localhost:9016) | Status: clustered
2025-11-18 17:24:07,931 - INFO - MainThread - server_logic - --> [Peer Send] Success: Sent vectors to node16
2025-11-18 17:24:07,931 - INFO - MainThread - server_logic - [Add Vectors] Processing 65 vectors. Sender Status: clustered. Current Node Status: clustered
2025-11-18 17:24:07,931 - INFO - MainThread - server_logic - [Add Vectors] Direct Insert: Storing 65 vectors in local Qdrant (Sender is clustered).
2025-11-18 17:24:07,983 - INFO - MainThread - httpx - HTTP Request: GET http://localhost:6355 "HTTP/1.1 200 OK"
2025-11-18 17:24:07,984 - INFO - MainThread - qdrant_module - [Qdrant] Attempting to insert 65 vectors into vectors on http://localhost:6355...
2025-11-18 17:24:07,995 - INFO - MainThread - qdrant_module - [Qdrant] Success: Inserted 65 vectors.
2025-11-18 17:24:07,996 - INFO - MainThread - __main__ - API: /add completed
2025-11-18 17:24:07,996 - INFO - MainThread - uvicorn.access - 127.0.0.1:53488 - "POST /add HTTP/1.1" 200
2025-11-18 17:24:08,875 - INFO - ThreadPoolExecutor-0_0 - grpc_handler - [GRPC IN] ReceiveVectors called. ReqID: 125, Type: clustered, Count: 74
2025-11-18 17:24:08,876 - INFO - ThreadPoolExecutor-0_0 - server_logic - [Add Vectors] Processing 74 vectors. Sender Status: clustered. Current Node Status: clustered
2025-11-18 17:24:08,876 - INFO - ThreadPoolExecutor-0_0 - server_logic - [Add Vectors] Direct Insert: Storing 74 vectors in local Qdrant (Sender is clustered).
2025-11-18 17:24:08,929 - INFO - ThreadPoolExecutor-0_0 - httpx - HTTP Request: GET http://localhost:6355 "HTTP/1.1 200 OK"
2025-11-18 17:24:08,930 - INFO - ThreadPoolExecutor-0_0 - qdrant_module - [Qdrant] Attempting to insert 74 vectors into vectors on http://localhost:6355...
2025-11-18 17:24:08,943 - INFO - ThreadPoolExecutor-0_0 - qdrant_module - [Qdrant] Success: Inserted 74 vectors.
2025-11-18 17:24:08,944 - INFO - ThreadPoolExecutor-0_0 - grpc_handler - [GRPC IN] ReceiveVectors processed successfully.
2025-11-18 17:24:10,361 - INFO - ThreadPoolExecutor-0_0 - grpc_handler - [GRPC IN] ReceiveVectors called. ReqID: 126, Type: clustered, Count: 86
2025-11-18 17:24:10,363 - INFO - ThreadPoolExecutor-0_0 - server_logic - [Add Vectors] Processing 86 vectors. Sender Status: clustered. Current Node Status: clustered
2025-11-18 17:24:10,364 - INFO - ThreadPoolExecutor-0_0 - server_logic - [Add Vectors] Direct Insert: Storing 86 vectors in local Qdrant (Sender is clustered).
2025-11-18 17:24:10,434 - INFO - ThreadPoolExecutor-0_0 - httpx - HTTP Request: GET http://localhost:6355 "HTTP/1.1 200 OK"
2025-11-18 17:24:10,434 - INFO - ThreadPoolExecutor-0_0 - qdrant_module - [Qdrant] Attempting to insert 86 vectors into vectors on http://localhost:6355...
2025-11-18 17:24:10,457 - INFO - ThreadPoolExecutor-0_0 - qdrant_module - [Qdrant] Success: Inserted 86 vectors.
2025-11-18 17:24:10,459 - INFO - ThreadPoolExecutor-0_0 - grpc_handler - [GRPC IN] ReceiveVectors processed successfully.
2025-11-18 17:24:11,624 - INFO - ThreadPoolExecutor-0_0 - grpc_handler - [GRPC IN] ReceiveVectors called. ReqID: 127, Type: clustered, Count: 84
2025-11-18 17:24:11,624 - INFO - ThreadPoolExecutor-0_0 - server_logic - [Add Vectors] Processing 84 vectors. Sender Status: clustered. Current Node Status: clustered
2025-11-18 17:24:11,625 - INFO - ThreadPoolExecutor-0_0 - server_logic - [Add Vectors] Direct Insert: Storing 84 vectors in local Qdrant (Sender is clustered).
2025-11-18 17:24:11,654 - INFO - ThreadPoolExecutor-0_0 - httpx - HTTP Request: GET http://localhost:6355 "HTTP/1.1 200 OK"
2025-11-18 17:24:11,655 - INFO - ThreadPoolExecutor-0_0 - qdrant_module - [Qdrant] Attempting to insert 84 vectors into vectors on http://localhost:6355...
2025-11-18 17:24:11,665 - INFO - ThreadPoolExecutor-0_0 - qdrant_module - [Qdrant] Success: Inserted 84 vectors.
2025-11-18 17:24:11,665 - INFO - ThreadPoolExecutor-0_0 - grpc_handler - [GRPC IN] ReceiveVectors processed successfully.
2025-11-18 17:24:12,389 - INFO - ThreadPoolExecutor-0_0 - grpc_handler - [GRPC IN] ReceiveVectors called. ReqID: 128, Type: clustered, Count: 73
2025-11-18 17:24:12,389 - INFO - ThreadPoolExecutor-0_0 - server_logic - [Add Vectors] Processing 73 vectors. Sender Status: clustered. Current Node Status: clustered
2025-11-18 17:24:12,389 - INFO - ThreadPoolExecutor-0_0 - server_logic - [Add Vectors] Direct Insert: Storing 73 vectors in local Qdrant (Sender is clustered).
2025-11-18 17:24:12,420 - INFO - ThreadPoolExecutor-0_0 - httpx - HTTP Request: GET http://localhost:6355 "HTTP/1.1 200 OK"
2025-11-18 17:24:12,420 - INFO - ThreadPoolExecutor-0_0 - qdrant_module - [Qdrant] Attempting to insert 73 vectors into vectors on http://localhost:6355...
2025-11-18 17:24:12,432 - INFO - ThreadPoolExecutor-0_0 - qdrant_module - [Qdrant] Success: Inserted 73 vectors.
2025-11-18 17:24:12,432 - INFO - ThreadPoolExecutor-0_0 - grpc_handler - [GRPC IN] ReceiveVectors processed successfully.
2025-11-18 17:24:13,152 - INFO - ThreadPoolExecutor-0_0 - grpc_handler - [GRPC IN] ReceiveVectors called. ReqID: 129, Type: clustered, Count: 67
2025-11-18 17:24:13,153 - INFO - ThreadPoolExecutor-0_0 - server_logic - [Add Vectors] Processing 67 vectors. Sender Status: clustered. Current Node Status: clustered
2025-11-18 17:24:13,153 - INFO - ThreadPoolExecutor-0_0 - server_logic - [Add Vectors] Direct Insert: Storing 67 vectors in local Qdrant (Sender is clustered).
2025-11-18 17:24:13,183 - INFO - ThreadPoolExecutor-0_0 - httpx - HTTP Request: GET http://localhost:6355 "HTTP/1.1 200 OK"
2025-11-18 17:24:13,184 - INFO - ThreadPoolExecutor-0_0 - qdrant_module - [Qdrant] Attempting to insert 67 vectors into vectors on http://localhost:6355...
2025-11-18 17:24:13,192 - INFO - ThreadPoolExecutor-0_0 - qdrant_module - [Qdrant] Success: Inserted 67 vectors.
2025-11-18 17:24:13,193 - INFO - ThreadPoolExecutor-0_0 - grpc_handler - [GRPC IN] ReceiveVectors processed successfully.
2025-11-18 17:24:13,995 - INFO - ThreadPoolExecutor-0_0 - grpc_handler - [GRPC IN] ReceiveVectors called. ReqID: 130, Type: clustered, Count: 82
2025-11-18 17:24:13,996 - INFO - ThreadPoolExecutor-0_0 - server_logic - [Add Vectors] Processing 82 vectors. Sender Status: clustered. Current Node Status: clustered
2025-11-18 17:24:13,996 - INFO - ThreadPoolExecutor-0_0 - server_logic - [Add Vectors] Direct Insert: Storing 82 vectors in local Qdrant (Sender is clustered).
2025-11-18 17:24:14,027 - INFO - ThreadPoolExecutor-0_0 - httpx - HTTP Request: GET http://localhost:6355 "HTTP/1.1 200 OK"
2025-11-18 17:24:14,027 - INFO - ThreadPoolExecutor-0_0 - qdrant_module - [Qdrant] Attempting to insert 82 vectors into vectors on http://localhost:6355...
2025-11-18 17:24:14,039 - INFO - ThreadPoolExecutor-0_0 - qdrant_module - [Qdrant] Success: Inserted 82 vectors.
2025-11-18 17:24:14,040 - INFO - ThreadPoolExecutor-0_0 - grpc_handler - [GRPC IN] ReceiveVectors processed successfully.
2025-11-18 17:24:14,834 - INFO - ThreadPoolExecutor-0_0 - grpc_handler - [GRPC IN] ReceiveVectors called. ReqID: 131, Type: clustered, Count: 86
2025-11-18 17:24:14,835 - INFO - ThreadPoolExecutor-0_0 - server_logic - [Add Vectors] Processing 86 vectors. Sender Status: clustered. Current Node Status: clustered
2025-11-18 17:24:14,835 - INFO - ThreadPoolExecutor-0_0 - server_logic - [Add Vectors] Direct Insert: Storing 86 vectors in local Qdrant (Sender is clustered).
2025-11-18 17:24:14,865 - INFO - ThreadPoolExecutor-0_0 - httpx - HTTP Request: GET http://localhost:6355 "HTTP/1.1 200 OK"
2025-11-18 17:24:14,866 - INFO - ThreadPoolExecutor-0_0 - qdrant_module - [Qdrant] Attempting to insert 86 vectors into vectors on http://localhost:6355...
2025-11-18 17:24:14,877 - INFO - ThreadPoolExecutor-0_0 - qdrant_module - [Qdrant] Success: Inserted 86 vectors.
2025-11-18 17:24:14,877 - INFO - ThreadPoolExecutor-0_0 - grpc_handler - [GRPC IN] ReceiveVectors processed successfully.
2025-11-18 17:24:15,610 - INFO - ThreadPoolExecutor-0_0 - grpc_handler - [GRPC IN] ReceiveVectors called. ReqID: 132, Type: clustered, Count: 78
2025-11-18 17:24:15,610 - INFO - ThreadPoolExecutor-0_0 - server_logic - [Add Vectors] Processing 78 vectors. Sender Status: clustered. Current Node Status: clustered
2025-11-18 17:24:15,610 - INFO - ThreadPoolExecutor-0_0 - server_logic - [Add Vectors] Direct Insert: Storing 78 vectors in local Qdrant (Sender is clustered).
2025-11-18 17:24:15,641 - INFO - ThreadPoolExecutor-0_0 - httpx - HTTP Request: GET http://localhost:6355 "HTTP/1.1 200 OK"
2025-11-18 17:24:15,641 - INFO - ThreadPoolExecutor-0_0 - qdrant_module - [Qdrant] Attempting to insert 78 vectors into vectors on http://localhost:6355...
2025-11-18 17:24:15,651 - INFO - ThreadPoolExecutor-0_0 - qdrant_module - [Qdrant] Success: Inserted 78 vectors.
2025-11-18 17:24:15,652 - INFO - ThreadPoolExecutor-0_0 - grpc_handler - [GRPC IN] ReceiveVectors processed successfully.
2025-11-18 17:24:16,379 - INFO - ThreadPoolExecutor-0_0 - grpc_handler - [GRPC IN] ReceiveVectors called. ReqID: 133, Type: clustered, Count: 87
2025-11-18 17:24:16,380 - INFO - ThreadPoolExecutor-0_0 - server_logic - [Add Vectors] Processing 87 vectors. Sender Status: clustered. Current Node Status: clustered
2025-11-18 17:24:16,380 - INFO - ThreadPoolExecutor-0_0 - server_logic - [Add Vectors] Direct Insert: Storing 87 vectors in local Qdrant (Sender is clustered).
2025-11-18 17:24:16,411 - INFO - ThreadPoolExecutor-0_0 - httpx - HTTP Request: GET http://localhost:6355 "HTTP/1.1 200 OK"
2025-11-18 17:24:16,411 - INFO - ThreadPoolExecutor-0_0 - qdrant_module - [Qdrant] Attempting to insert 87 vectors into vectors on http://localhost:6355...
2025-11-18 17:24:16,423 - INFO - ThreadPoolExecutor-0_0 - qdrant_module - [Qdrant] Success: Inserted 87 vectors.
2025-11-18 17:24:16,424 - INFO - ThreadPoolExecutor-0_0 - grpc_handler - [GRPC IN] ReceiveVectors processed successfully.
2025-11-18 17:24:17,507 - INFO - ThreadPoolExecutor-0_0 - grpc_handler - [GRPC IN] ReceiveVectors called. ReqID: 134, Type: clustered, Count: 74
2025-11-18 17:24:17,508 - INFO - ThreadPoolExecutor-0_0 - server_logic - [Add Vectors] Processing 74 vectors. Sender Status: clustered. Current Node Status: clustered
2025-11-18 17:24:17,508 - INFO - ThreadPoolExecutor-0_0 - server_logic - [Add Vectors] Direct Insert: Storing 74 vectors in local Qdrant (Sender is clustered).
2025-11-18 17:24:17,559 - INFO - ThreadPoolExecutor-0_0 - httpx - HTTP Request: GET http://localhost:6355 "HTTP/1.1 200 OK"
2025-11-18 17:24:17,560 - INFO - ThreadPoolExecutor-0_0 - qdrant_module - [Qdrant] Attempting to insert 74 vectors into vectors on http://localhost:6355...
2025-11-18 17:24:17,572 - INFO - ThreadPoolExecutor-0_0 - qdrant_module - [Qdrant] Success: Inserted 74 vectors.
2025-11-18 17:24:17,573 - INFO - ThreadPoolExecutor-0_0 - grpc_handler - [GRPC IN] ReceiveVectors processed successfully.
2025-11-18 17:24:18,739 - INFO - ThreadPoolExecutor-0_0 - grpc_handler - [GRPC IN] ReceiveVectors called. ReqID: 135, Type: clustered, Count: 85
2025-11-18 17:24:18,740 - INFO - ThreadPoolExecutor-0_0 - server_logic - [Add Vectors] Processing 85 vectors. Sender Status: clustered. Current Node Status: clustered
2025-11-18 17:24:18,740 - INFO - ThreadPoolExecutor-0_0 - server_logic - [Add Vectors] Direct Insert: Storing 85 vectors in local Qdrant (Sender is clustered).
2025-11-18 17:24:18,792 - INFO - ThreadPoolExecutor-0_0 - httpx - HTTP Request: GET http://localhost:6355 "HTTP/1.1 200 OK"
2025-11-18 17:24:18,792 - INFO - ThreadPoolExecutor-0_0 - qdrant_module - [Qdrant] Attempting to insert 85 vectors into vectors on http://localhost:6355...
2025-11-18 17:24:18,805 - INFO - ThreadPoolExecutor-0_0 - qdrant_module - [Qdrant] Success: Inserted 85 vectors.
2025-11-18 17:24:18,806 - INFO - ThreadPoolExecutor-0_0 - grpc_handler - [GRPC IN] ReceiveVectors processed successfully.
2025-11-18 17:24:20,082 - INFO - ThreadPoolExecutor-0_0 - grpc_handler - [GRPC IN] ReceiveVectors called. ReqID: 136, Type: clustered, Count: 80
2025-11-18 17:24:20,083 - INFO - ThreadPoolExecutor-0_0 - server_logic - [Add Vectors] Processing 80 vectors. Sender Status: clustered. Current Node Status: clustered
2025-11-18 17:24:20,083 - INFO - ThreadPoolExecutor-0_0 - server_logic - [Add Vectors] Direct Insert: Storing 80 vectors in local Qdrant (Sender is clustered).
2025-11-18 17:24:20,136 - INFO - ThreadPoolExecutor-0_0 - httpx - HTTP Request: GET http://localhost:6355 "HTTP/1.1 200 OK"
2025-11-18 17:24:20,136 - INFO - ThreadPoolExecutor-0_0 - qdrant_module - [Qdrant] Attempting to insert 80 vectors into vectors on http://localhost:6355...
2025-11-18 17:24:20,147 - INFO - ThreadPoolExecutor-0_0 - qdrant_module - [Qdrant] Success: Inserted 80 vectors.
2025-11-18 17:24:20,148 - INFO - ThreadPoolExecutor-0_0 - grpc_handler - [GRPC IN] ReceiveVectors processed successfully.
2025-11-18 17:24:21,325 - INFO - ThreadPoolExecutor-0_0 - grpc_handler - [GRPC IN] ReceiveVectors called. ReqID: 137, Type: clustered, Count: 72
2025-11-18 17:24:21,326 - INFO - ThreadPoolExecutor-0_0 - server_logic - [Add Vectors] Processing 72 vectors. Sender Status: clustered. Current Node Status: clustered
2025-11-18 17:24:21,326 - INFO - ThreadPoolExecutor-0_0 - server_logic - [Add Vectors] Direct Insert: Storing 72 vectors in local Qdrant (Sender is clustered).
2025-11-18 17:24:21,380 - INFO - ThreadPoolExecutor-0_0 - httpx - HTTP Request: GET http://localhost:6355 "HTTP/1.1 200 OK"
2025-11-18 17:24:21,381 - INFO - ThreadPoolExecutor-0_0 - qdrant_module - [Qdrant] Attempting to insert 72 vectors into vectors on http://localhost:6355...
2025-11-18 17:24:21,394 - INFO - ThreadPoolExecutor-0_0 - qdrant_module - [Qdrant] Success: Inserted 72 vectors.
2025-11-18 17:24:21,395 - INFO - ThreadPoolExecutor-0_0 - grpc_handler - [GRPC IN] ReceiveVectors processed successfully.
2025-11-18 17:24:22,542 - INFO - ThreadPoolExecutor-0_0 - grpc_handler - [GRPC IN] ReceiveVectors called. ReqID: 138, Type: clustered, Count: 66
2025-11-18 17:24:22,543 - INFO - ThreadPoolExecutor-0_0 - server_logic - [Add Vectors] Processing 66 vectors. Sender Status: clustered. Current Node Status: clustered
2025-11-18 17:24:22,543 - INFO - ThreadPoolExecutor-0_0 - server_logic - [Add Vectors] Direct Insert: Storing 66 vectors in local Qdrant (Sender is clustered).
2025-11-18 17:24:22,595 - INFO - ThreadPoolExecutor-0_0 - httpx - HTTP Request: GET http://localhost:6355 "HTTP/1.1 200 OK"
2025-11-18 17:24:22,595 - INFO - ThreadPoolExecutor-0_0 - qdrant_module - [Qdrant] Attempting to insert 66 vectors into vectors on http://localhost:6355...
2025-11-18 17:24:22,606 - INFO - ThreadPoolExecutor-0_0 - qdrant_module - [Qdrant] Success: Inserted 66 vectors.
2025-11-18 17:24:22,608 - INFO - ThreadPoolExecutor-0_0 - grpc_handler - [GRPC IN] ReceiveVectors processed successfully.
2025-11-18 17:24:23,739 - INFO - ThreadPoolExecutor-0_0 - grpc_handler - [GRPC IN] ReceiveVectors called. ReqID: 139, Type: clustered, Count: 87
2025-11-18 17:24:23,741 - INFO - ThreadPoolExecutor-0_0 - server_logic - [Add Vectors] Processing 87 vectors. Sender Status: clustered. Current Node Status: clustered
2025-11-18 17:24:23,741 - INFO - ThreadPoolExecutor-0_0 - server_logic - [Add Vectors] Direct Insert: Storing 87 vectors in local Qdrant (Sender is clustered).
2025-11-18 17:24:23,792 - INFO - ThreadPoolExecutor-0_0 - httpx - HTTP Request: GET http://localhost:6355 "HTTP/1.1 200 OK"
2025-11-18 17:24:23,792 - INFO - ThreadPoolExecutor-0_0 - qdrant_module - [Qdrant] Attempting to insert 87 vectors into vectors on http://localhost:6355...
2025-11-18 17:24:23,808 - INFO - ThreadPoolExecutor-0_0 - qdrant_module - [Qdrant] Success: Inserted 87 vectors.
2025-11-18 17:24:23,809 - INFO - ThreadPoolExecutor-0_0 - grpc_handler - [GRPC IN] ReceiveVectors processed successfully.
2025-11-18 17:24:24,256 - INFO - MainThread - __main__ - API: /add called. ReqID: 140, Vectors: 256
2025-11-18 17:24:24,256 - INFO - MainThread - server_logic - [Client Request] Client wants to add 256 vectors. My Status: clustered
2025-11-18 17:24:24,256 - INFO - MainThread - server_logic - [Client Request] System Clustered. Routing vectors to appropriate peers.
2025-11-18 17:24:24,256 - INFO - MainThread - server_logic - [Router] Routing 256 vectors among 16 nodes (Replicas: 4).
2025-11-18 17:24:24,256 - INFO - MainThread - server_logic - [DEBUG] found replica for vector: 1
2025-11-18 17:24:24,256 - INFO - MainThread - server_logic - [DEBUG] found replica for vector: 2
2025-11-18 17:24:24,256 - INFO - MainThread - server_logic - [DEBUG] found replica for vector: 3
2025-11-18 17:24:24,256 - INFO - MainThread - server_logic - [DEBUG] found replica for vector: 4
2025-11-18 17:24:24,256 - INFO - MainThread - server_logic - [DEBUG] found replica for vector: 1
2025-11-18 17:24:24,256 - INFO - MainThread - server_logic - [DEBUG] found replica for vector: 2
2025-11-18 17:24:24,256 - INFO - MainThread - server_logic - [DEBUG] found replica for vector: 3
2025-11-18 17:24:24,256 - INFO - MainThread - server_logic - [DEBUG] found replica for vector: 4
2025-11-18 17:24:24,256 - INFO - MainThread - server_logic - [DEBUG] found replica for vector: 1
2025-11-18 17:24:24,256 - INFO - MainThread - server_logic - [DEBUG] found replica for vector: 2
2025-11-18 17:24:24,256 - INFO - MainThread - server_logic - [DEBUG] found replica for vector: 3
2025-11-18 17:24:24,256 - INFO - MainThread - server_logic - [DEBUG] found replica for vector: 4
2025-11-18 17:24:24,256 - INFO - MainThread - server_logic - [DEBUG] found replica for vector: 1
2025-11-18 17:24:24,256 - INFO - MainThread - server_logic - [DEBUG] found replica for vector: 2
2025-11-18 17:24:24,256 - INFO - MainThread - server_logic - [DEBUG] found replica for vector: 3
2025-11-18 17:24:24,256 - INFO - MainThread - server_logic - [DEBUG] found replica for vector: 4
2025-11-18 17:24:24,256 - INFO - MainThread - server_logic - [DEBUG] found replica for vector: 1
2025-11-18 17:24:24,256 - INFO - MainThread - server_logic - [DEBUG] found replica for vector: 2
2025-11-18 17:24:24,256 - INFO - MainThread - server_logic - [DEBUG] found replica for vector: 3
2025-11-18 17:24:24,256 - INFO - MainThread - server_logic - [DEBUG] found replica for vector: 4
2025-11-18 17:24:24,256 - INFO - MainThread - server_logic - [DEBUG] found replica for vector: 1
2025-11-18 17:24:24,256 - INFO - MainThread - server_logic - [DEBUG] found replica for vector: 2
2025-11-18 17:24:24,256 - INFO - MainThread - server_logic - [DEBUG] found replica for vector: 3
2025-11-18 17:24:24,257 - INFO - MainThread - server_logic - [DEBUG] found replica for vector: 4
2025-11-18 17:24:24,257 - INFO - MainThread - server_logic - [DEBUG] found replica for vector: 1
2025-11-18 17:24:24,257 - INFO - MainThread - server_logic - [DEBUG] found replica for vector: 2
2025-11-18 17:24:24,257 - INFO - MainThread - server_logic - [DEBUG] found replica for vector: 3
2025-11-18 17:24:24,257 - INFO - MainThread - server_logic - [DEBUG] to me replica for vector: 3
2025-11-18 17:24:24,257 - INFO - MainThread - server_logic - [DEBUG] found replica for vector: 1
2025-11-18 17:24:24,257 - INFO - MainThread - server_logic - [DEBUG] found replica for vector: 2
2025-11-18 17:24:24,257 - INFO - MainThread - server_logic - [DEBUG] found replica for vector: 3
2025-11-18 17:24:24,257 - INFO - MainThread - server_logic - [DEBUG] found replica for vector: 4
2025-11-18 17:24:24,257 - INFO - MainThread - server_logic - [DEBUG] found replica for vector: 1
2025-11-18 17:24:24,257 - INFO - MainThread - server_logic - [DEBUG] found replica for vector: 2
2025-11-18 17:24:24,257 - INFO - MainThread - server_logic - [DEBUG] found replica for vector: 3
2025-11-18 17:24:24,257 - INFO - MainThread - server_logic - [DEBUG] found replica for vector: 4
2025-11-18 17:24:24,257 - INFO - MainThread - server_logic - [DEBUG] found replica for vector: 1
2025-11-18 17:24:24,257 - INFO - MainThread - server_logic - [DEBUG] found replica for vector: 2
2025-11-18 17:24:24,257 - INFO - MainThread - server_logic - [DEBUG] found replica for vector: 3
2025-11-18 17:24:24,257 - INFO - MainThread - server_logic - [DEBUG] found replica for vector: 4
2025-11-18 17:24:24,257 - INFO - MainThread - server_logic - [DEBUG] found replica for vector: 1
2025-11-18 17:24:24,257 - INFO - MainThread - server_logic - [DEBUG] found replica for vector: 2
2025-11-18 17:24:24,257 - INFO - MainThread - server_logic - [DEBUG] found replica for vector: 3
2025-11-18 17:24:24,257 - INFO - MainThread - server_logic - [DEBUG] found replica for vector: 4
2025-11-18 17:24:24,257 - INFO - MainThread - server_logic - [DEBUG] found replica for vector: 1
2025-11-18 17:24:24,257 - INFO - MainThread - server_logic - [DEBUG] found replica for vector: 2
2025-11-18 17:24:24,257 - INFO - MainThread - server_logic - [DEBUG] found replica for vector: 3
2025-11-18 17:24:24,257 - INFO - MainThread - server_logic - [DEBUG] to me replica for vector: 3
2025-11-18 17:24:24,257 - INFO - MainThread - server_logic - [DEBUG] found replica for vector: 1
2025-11-18 17:24:24,257 - INFO - MainThread - server_logic - [DEBUG] found replica for vector: 2
2025-11-18 17:24:24,257 - INFO - MainThread - server_logic - [DEBUG] found replica for vector: 3
2025-11-18 17:24:24,257 - INFO - MainThread - server_logic - [DEBUG] found replica for vector: 4
2025-11-18 17:24:24,257 - INFO - MainThread - server_logic - [DEBUG] found replica for vector: 1
2025-11-18 17:24:24,257 - INFO - MainThread - server_logic - [DEBUG] found replica for vector: 2
2025-11-18 17:24:24,257 - INFO - MainThread - server_logic - [DEBUG] found replica for vector: 3
2025-11-18 17:24:24,257 - INFO - MainThread - server_logic - [DEBUG] found replica for vector: 4
2025-11-18 17:24:24,257 - INFO - MainThread - server_logic - [DEBUG] found replica for vector: 1
2025-11-18 17:24:24,257 - INFO - MainThread - server_logic - [DEBUG] found replica for vector: 2
2025-11-18 17:24:24,257 - INFO - MainThread - server_logic - [DEBUG] found replica for vector: 3
2025-11-18 17:24:24,257 - INFO - MainThread - server_logic - [DEBUG] to me replica for vector: 3
2025-11-18 17:24:24,257 - INFO - MainThread - server_logic - [DEBUG] found replica for vector: 1
2025-11-18 17:24:24,257 - INFO - MainThread - server_logic - [DEBUG] found replica for vector: 2
2025-11-18 17:24:24,257 - INFO - MainThread - server_logic - [DEBUG] found replica for vector: 3
2025-11-18 17:24:24,257 - INFO - MainThread - server_logic - [DEBUG] found replica for vector: 4
2025-11-18 17:24:24,257 - INFO - MainThread - server_logic - [DEBUG] found replica for vector: 1
2025-11-18 17:24:24,257 - INFO - MainThread - server_logic - [DEBUG] found replica for vector: 2
2025-11-18 17:24:24,257 - INFO - MainThread - server_logic - [DEBUG] found replica for vector: 3
2025-11-18 17:24:24,257 - INFO - MainThread - server_logic - [DEBUG] found replica for vector: 4
2025-11-18 17:24:24,257 - INFO - MainThread - server_logic - [DEBUG] found replica for vector: 1
2025-11-18 17:24:24,257 - INFO - MainThread - server_logic - [DEBUG] found replica for vector: 2
2025-11-18 17:24:24,257 - INFO - MainThread - server_logic - [DEBUG] found replica for vector: 3
2025-11-18 17:24:24,257 - INFO - MainThread - server_logic - [DEBUG] found replica for vector: 4
2025-11-18 17:24:24,257 - INFO - MainThread - server_logic - [DEBUG] found replica for vector: 1
2025-11-18 17:24:24,257 - INFO - MainThread - server_logic - [DEBUG] found replica for vector: 2
2025-11-18 17:24:24,257 - INFO - MainThread - server_logic - [DEBUG] found replica for vector: 3
2025-11-18 17:24:24,258 - INFO - MainThread - server_logic - [DEBUG] to me replica for vector: 3
2025-11-18 17:24:24,258 - INFO - MainThread - server_logic - [DEBUG] found replica for vector: 1
2025-11-18 17:24:24,258 - INFO - MainThread - server_logic - [DEBUG] found replica for vector: 2
2025-11-18 17:24:24,258 - INFO - MainThread - server_logic - [DEBUG] found replica for vector: 3
2025-11-18 17:24:24,258 - INFO - MainThread - server_logic - [DEBUG] found replica for vector: 4
2025-11-18 17:24:24,258 - INFO - MainThread - server_logic - [DEBUG] found replica for vector: 1
2025-11-18 17:24:24,258 - INFO - MainThread - server_logic - [DEBUG] found replica for vector: 2
2025-11-18 17:24:24,258 - INFO - MainThread - server_logic - [DEBUG] found replica for vector: 3
2025-11-18 17:24:24,258 - INFO - MainThread - server_logic - [DEBUG] found replica for vector: 4
2025-11-18 17:24:24,258 - INFO - MainThread - server_logic - [DEBUG] found replica for vector: 1
2025-11-18 17:24:24,258 - INFO - MainThread - server_logic - [DEBUG] found replica for vector: 2
2025-11-18 17:24:24,258 - INFO - MainThread - server_logic - [DEBUG] found replica for vector: 3
2025-11-18 17:24:24,258 - INFO - MainThread - server_logic - [DEBUG] found replica for vector: 4
2025-11-18 17:24:24,258 - INFO - MainThread - server_logic - [DEBUG] found replica for vector: 1
2025-11-18 17:24:24,258 - INFO - MainThread - server_logic - [DEBUG] found replica for vector: 2
2025-11-18 17:24:24,258 - INFO - MainThread - server_logic - [DEBUG] found replica for vector: 3
2025-11-18 17:24:24,258 - INFO - MainThread - server_logic - [DEBUG] found replica for vector: 4
2025-11-18 17:24:24,258 - INFO - MainThread - server_logic - [DEBUG] found replica for vector: 1
2025-11-18 17:24:24,258 - INFO - MainThread - server_logic - [DEBUG] found replica for vector: 2
2025-11-18 17:24:24,258 - INFO - MainThread - server_logic - [DEBUG] found replica for vector: 3
2025-11-18 17:24:24,258 - INFO - MainThread - server_logic - [DEBUG] found replica for vector: 4
2025-11-18 17:24:24,258 - INFO - MainThread - server_logic - [DEBUG] found replica for vector: 1
2025-11-18 17:24:24,258 - INFO - MainThread - server_logic - [DEBUG] found replica for vector: 2
2025-11-18 17:24:24,258 - INFO - MainThread - server_logic - [DEBUG] found replica for vector: 3
2025-11-18 17:24:24,258 - INFO - MainThread - server_logic - [DEBUG] found replica for vector: 4
2025-11-18 17:24:24,258 - INFO - MainThread - server_logic - [DEBUG] found replica for vector: 1
2025-11-18 17:24:24,258 - INFO - MainThread - server_logic - [DEBUG] found replica for vector: 2
2025-11-18 17:24:24,258 - INFO - MainThread - server_logic - [DEBUG] found replica for vector: 3
2025-11-18 17:24:24,258 - INFO - MainThread - server_logic - [DEBUG] found replica for vector: 4
2025-11-18 17:24:24,258 - INFO - MainThread - server_logic - [DEBUG] found replica for vector: 1
2025-11-18 17:24:24,258 - INFO - MainThread - server_logic - [DEBUG] found replica for vector: 2
2025-11-18 17:24:24,258 - INFO - MainThread - server_logic - [DEBUG] found replica for vector: 3
2025-11-18 17:24:24,258 - INFO - MainThread - server_logic - [DEBUG] to me replica for vector: 3
2025-11-18 17:24:24,258 - INFO - MainThread - server_logic - [DEBUG] found replica for vector: 1
2025-11-18 17:24:24,258 - INFO - MainThread - server_logic - [DEBUG] found replica for vector: 2
2025-11-18 17:24:24,258 - INFO - MainThread - server_logic - [DEBUG] found replica for vector: 3
2025-11-18 17:24:24,258 - INFO - MainThread - server_logic - [DEBUG] to me replica for vector: 3
2025-11-18 17:24:24,258 - INFO - MainThread - server_logic - [DEBUG] found replica for vector: 1
2025-11-18 17:24:24,258 - INFO - MainThread - server_logic - [DEBUG] found replica for vector: 2
2025-11-18 17:24:24,258 - INFO - MainThread - server_logic - [DEBUG] found replica for vector: 3
2025-11-18 17:24:24,258 - INFO - MainThread - server_logic - [DEBUG] found replica for vector: 4
2025-11-18 17:24:24,258 - INFO - MainThread - server_logic - [DEBUG] found replica for vector: 1
2025-11-18 17:24:24,258 - INFO - MainThread - server_logic - [DEBUG] found replica for vector: 2
2025-11-18 17:24:24,258 - INFO - MainThread - server_logic - [DEBUG] found replica for vector: 3
2025-11-18 17:24:24,258 - INFO - MainThread - server_logic - [DEBUG] found replica for vector: 4
2025-11-18 17:24:24,258 - INFO - MainThread - server_logic - [DEBUG] found replica for vector: 1
2025-11-18 17:24:24,258 - INFO - MainThread - server_logic - [DEBUG] found replica for vector: 2
2025-11-18 17:24:24,258 - INFO - MainThread - server_logic - [DEBUG] found replica for vector: 3
2025-11-18 17:24:24,258 - INFO - MainThread - server_logic - [DEBUG] found replica for vector: 4
2025-11-18 17:24:24,258 - INFO - MainThread - server_logic - [DEBUG] found replica for vector: 1
2025-11-18 17:24:24,258 - INFO - MainThread - server_logic - [DEBUG] found replica for vector: 2
2025-11-18 17:24:24,258 - INFO - MainThread - server_logic - [DEBUG] found replica for vector: 3
2025-11-18 17:24:24,258 - INFO - MainThread - server_logic - [DEBUG] found replica for vector: 4
2025-11-18 17:24:24,259 - INFO - MainThread - server_logic - [DEBUG] found replica for vector: 1
2025-11-18 17:24:24,259 - INFO - MainThread - server_logic - [DEBUG] found replica for vector: 2
2025-11-18 17:24:24,259 - INFO - MainThread - server_logic - [DEBUG] found replica for vector: 3
2025-11-18 17:24:24,259 - INFO - MainThread - server_logic - [DEBUG] to me replica for vector: 3
2025-11-18 17:24:24,259 - INFO - MainThread - server_logic - [DEBUG] found replica for vector: 1
2025-11-18 17:24:24,259 - INFO - MainThread - server_logic - [DEBUG] found replica for vector: 2
2025-11-18 17:24:24,259 - INFO - MainThread - server_logic - [DEBUG] found replica for vector: 3
2025-11-18 17:24:24,259 - INFO - MainThread - server_logic - [DEBUG] to me replica for vector: 3
2025-11-18 17:24:24,259 - INFO - MainThread - server_logic - [DEBUG] found replica for vector: 1
2025-11-18 17:24:24,259 - INFO - MainThread - server_logic - [DEBUG] found replica for vector: 2
2025-11-18 17:24:24,259 - INFO - MainThread - server_logic - [DEBUG] found replica for vector: 3
2025-11-18 17:24:24,259 - INFO - MainThread - server_logic - [DEBUG] found replica for vector: 4
2025-11-18 17:24:24,259 - INFO - MainThread - server_logic - [DEBUG] found replica for vector: 1
2025-11-18 17:24:24,259 - INFO - MainThread - server_logic - [DEBUG] found replica for vector: 2
2025-11-18 17:24:24,259 - INFO - MainThread - server_logic - [DEBUG] found replica for vector: 3
2025-11-18 17:24:24,259 - INFO - MainThread - server_logic - [DEBUG] found replica for vector: 4
2025-11-18 17:24:24,259 - INFO - MainThread - server_logic - [DEBUG] found replica for vector: 1
2025-11-18 17:24:24,259 - INFO - MainThread - server_logic - [DEBUG] found replica for vector: 2
2025-11-18 17:24:24,259 - INFO - MainThread - server_logic - [DEBUG] found replica for vector: 3
2025-11-18 17:24:24,259 - INFO - MainThread - server_logic - [DEBUG] found replica for vector: 4
2025-11-18 17:24:24,259 - INFO - MainThread - server_logic - [DEBUG] found replica for vector: 1
2025-11-18 17:24:24,259 - INFO - MainThread - server_logic - [DEBUG] found replica for vector: 2
2025-11-18 17:24:24,259 - INFO - MainThread - server_logic - [DEBUG] found replica for vector: 3
2025-11-18 17:24:24,259 - INFO - MainThread - server_logic - [DEBUG] to me replica for vector: 3
2025-11-18 17:24:24,259 - INFO - MainThread - server_logic - [DEBUG] found replica for vector: 1
2025-11-18 17:24:24,259 - INFO - MainThread - server_logic - [DEBUG] found replica for vector: 2
2025-11-18 17:24:24,259 - INFO - MainThread - server_logic - [DEBUG] found replica for vector: 3
2025-11-18 17:24:24,259 - INFO - MainThread - server_logic - [DEBUG] to me replica for vector: 3
2025-11-18 17:24:24,259 - INFO - MainThread - server_logic - [DEBUG] found replica for vector: 1
2025-11-18 17:24:24,259 - INFO - MainThread - server_logic - [DEBUG] found replica for vector: 2
2025-11-18 17:24:24,259 - INFO - MainThread - server_logic - [DEBUG] found replica for vector: 3
2025-11-18 17:24:24,259 - INFO - MainThread - server_logic - [DEBUG] to me replica for vector: 3
2025-11-18 17:24:24,259 - INFO - MainThread - server_logic - [DEBUG] found replica for vector: 1
2025-11-18 17:24:24,259 - INFO - MainThread - server_logic - [DEBUG] found replica for vector: 2
2025-11-18 17:24:24,259 - INFO - MainThread - server_logic - [DEBUG] found replica for vector: 3
2025-11-18 17:24:24,259 - INFO - MainThread - server_logic - [DEBUG] to me replica for vector: 3
2025-11-18 17:24:24,259 - INFO - MainThread - server_logic - [DEBUG] found replica for vector: 1
2025-11-18 17:24:24,259 - INFO - MainThread - server_logic - [DEBUG] found replica for vector: 2
2025-11-18 17:24:24,259 - INFO - MainThread - server_logic - [DEBUG] found replica for vector: 3
2025-11-18 17:24:24,259 - INFO - MainThread - server_logic - [DEBUG] to me replica for vector: 3
2025-11-18 17:24:24,259 - INFO - MainThread - server_logic - [DEBUG] found replica for vector: 1
2025-11-18 17:24:24,259 - INFO - MainThread - server_logic - [DEBUG] found replica for vector: 2
2025-11-18 17:24:24,259 - INFO - MainThread - server_logic - [DEBUG] found replica for vector: 3
2025-11-18 17:24:24,259 - INFO - MainThread - server_logic - [DEBUG] to me replica for vector: 3
2025-11-18 17:24:24,259 - INFO - MainThread - server_logic - [DEBUG] found replica for vector: 1
2025-11-18 17:24:24,259 - INFO - MainThread - server_logic - [DEBUG] found replica for vector: 2
2025-11-18 17:24:24,259 - INFO - MainThread - server_logic - [DEBUG] found replica for vector: 3
2025-11-18 17:24:24,259 - INFO - MainThread - server_logic - [DEBUG] to me replica for vector: 3
2025-11-18 17:24:24,259 - INFO - MainThread - server_logic - [DEBUG] found replica for vector: 1
2025-11-18 17:24:24,259 - INFO - MainThread - server_logic - [DEBUG] found replica for vector: 2
2025-11-18 17:24:24,259 - INFO - MainThread - server_logic - [DEBUG] found replica for vector: 3
2025-11-18 17:24:24,259 - INFO - MainThread - server_logic - [DEBUG] to me replica for vector: 3
2025-11-18 17:24:24,260 - INFO - MainThread - server_logic - [DEBUG] found replica for vector: 1
2025-11-18 17:24:24,260 - INFO - MainThread - server_logic - [DEBUG] found replica for vector: 2
2025-11-18 17:24:24,260 - INFO - MainThread - server_logic - [DEBUG] found replica for vector: 3
2025-11-18 17:24:24,260 - INFO - MainThread - server_logic - [DEBUG] to me replica for vector: 3
2025-11-18 17:24:24,260 - INFO - MainThread - server_logic - [DEBUG] found replica for vector: 1
2025-11-18 17:24:24,260 - INFO - MainThread - server_logic - [DEBUG] found replica for vector: 2
2025-11-18 17:24:24,260 - INFO - MainThread - server_logic - [DEBUG] found replica for vector: 3
2025-11-18 17:24:24,260 - INFO - MainThread - server_logic - [DEBUG] found replica for vector: 4
2025-11-18 17:24:24,260 - INFO - MainThread - server_logic - [DEBUG] found replica for vector: 1
2025-11-18 17:24:24,260 - INFO - MainThread - server_logic - [DEBUG] found replica for vector: 2
2025-11-18 17:24:24,260 - INFO - MainThread - server_logic - [DEBUG] found replica for vector: 3
2025-11-18 17:24:24,260 - INFO - MainThread - server_logic - [DEBUG] found replica for vector: 4
2025-11-18 17:24:24,260 - INFO - MainThread - server_logic - [DEBUG] found replica for vector: 1
2025-11-18 17:24:24,260 - INFO - MainThread - server_logic - [DEBUG] found replica for vector: 2
2025-11-18 17:24:24,260 - INFO - MainThread - server_logic - [DEBUG] found replica for vector: 3
2025-11-18 17:24:24,260 - INFO - MainThread - server_logic - [DEBUG] to me replica for vector: 3
2025-11-18 17:24:24,260 - INFO - MainThread - server_logic - [DEBUG] found replica for vector: 1
2025-11-18 17:24:24,260 - INFO - MainThread - server_logic - [DEBUG] found replica for vector: 2
2025-11-18 17:24:24,260 - INFO - MainThread - server_logic - [DEBUG] found replica for vector: 3
2025-11-18 17:24:24,260 - INFO - MainThread - server_logic - [DEBUG] found replica for vector: 4
2025-11-18 17:24:24,260 - INFO - MainThread - server_logic - [DEBUG] found replica for vector: 1
2025-11-18 17:24:24,260 - INFO - MainThread - server_logic - [DEBUG] found replica for vector: 2
2025-11-18 17:24:24,260 - INFO - MainThread - server_logic - [DEBUG] found replica for vector: 3
2025-11-18 17:24:24,260 - INFO - MainThread - server_logic - [DEBUG] found replica for vector: 4
2025-11-18 17:24:24,260 - INFO - MainThread - server_logic - [DEBUG] found replica for vector: 1
2025-11-18 17:24:24,260 - INFO - MainThread - server_logic - [DEBUG] found replica for vector: 2
2025-11-18 17:24:24,260 - INFO - MainThread - server_logic - [DEBUG] found replica for vector: 3
2025-11-18 17:24:24,260 - INFO - MainThread - server_logic - [DEBUG] found replica for vector: 4
2025-11-18 17:24:24,260 - INFO - MainThread - server_logic - [DEBUG] found replica for vector: 1
2025-11-18 17:24:24,260 - INFO - MainThread - server_logic - [DEBUG] found replica for vector: 2
2025-11-18 17:24:24,260 - INFO - MainThread - server_logic - [DEBUG] found replica for vector: 3
2025-11-18 17:24:24,260 - INFO - MainThread - server_logic - [DEBUG] found replica for vector: 4
2025-11-18 17:24:24,260 - INFO - MainThread - server_logic - [DEBUG] found replica for vector: 1
2025-11-18 17:24:24,260 - INFO - MainThread - server_logic - [DEBUG] found replica for vector: 2
2025-11-18 17:24:24,260 - INFO - MainThread - server_logic - [DEBUG] found replica for vector: 3
2025-11-18 17:24:24,260 - INFO - MainThread - server_logic - [DEBUG] found replica for vector: 4
2025-11-18 17:24:24,260 - INFO - MainThread - server_logic - [DEBUG] found replica for vector: 1
2025-11-18 17:24:24,260 - INFO - MainThread - server_logic - [DEBUG] found replica for vector: 2
2025-11-18 17:24:24,260 - INFO - MainThread - server_logic - [DEBUG] found replica for vector: 3
2025-11-18 17:24:24,260 - INFO - MainThread - server_logic - [DEBUG] found replica for vector: 4
2025-11-18 17:24:24,260 - INFO - MainThread - server_logic - [DEBUG] found replica for vector: 1
2025-11-18 17:24:24,260 - INFO - MainThread - server_logic - [DEBUG] found replica for vector: 2
2025-11-18 17:24:24,260 - INFO - MainThread - server_logic - [DEBUG] found replica for vector: 3
2025-11-18 17:24:24,260 - INFO - MainThread - server_logic - [DEBUG] found replica for vector: 4
2025-11-18 17:24:24,260 - INFO - MainThread - server_logic - [DEBUG] found replica for vector: 1
2025-11-18 17:24:24,260 - INFO - MainThread - server_logic - [DEBUG] found replica for vector: 2
2025-11-18 17:24:24,260 - INFO - MainThread - server_logic - [DEBUG] found replica for vector: 3
2025-11-18 17:24:24,260 - INFO - MainThread - server_logic - [DEBUG] found replica for vector: 4
2025-11-18 17:24:24,260 - INFO - MainThread - server_logic - [DEBUG] found replica for vector: 1
2025-11-18 17:24:24,260 - INFO - MainThread - server_logic - [DEBUG] found replica for vector: 2
2025-11-18 17:24:24,260 - INFO - MainThread - server_logic - [DEBUG] found replica for vector: 3
2025-11-18 17:24:24,260 - INFO - MainThread - server_logic - [DEBUG] found replica for vector: 4
2025-11-18 17:24:24,260 - INFO - MainThread - server_logic - [DEBUG] found replica for vector: 1
2025-11-18 17:24:24,261 - INFO - MainThread - server_logic - [DEBUG] found replica for vector: 2
2025-11-18 17:24:24,261 - INFO - MainThread - server_logic - [DEBUG] found replica for vector: 3
2025-11-18 17:24:24,261 - INFO - MainThread - server_logic - [DEBUG] to me replica for vector: 3
2025-11-18 17:24:24,261 - INFO - MainThread - server_logic - [DEBUG] found replica for vector: 1
2025-11-18 17:24:24,261 - INFO - MainThread - server_logic - [DEBUG] found replica for vector: 2
2025-11-18 17:24:24,261 - INFO - MainThread - server_logic - [DEBUG] found replica for vector: 3
2025-11-18 17:24:24,261 - INFO - MainThread - server_logic - [DEBUG] found replica for vector: 4
2025-11-18 17:24:24,261 - INFO - MainThread - server_logic - [DEBUG] found replica for vector: 1
2025-11-18 17:24:24,261 - INFO - MainThread - server_logic - [DEBUG] found replica for vector: 2
2025-11-18 17:24:24,261 - INFO - MainThread - server_logic - [DEBUG] found replica for vector: 3
2025-11-18 17:24:24,261 - INFO - MainThread - server_logic - [DEBUG] found replica for vector: 4
2025-11-18 17:24:24,261 - INFO - MainThread - server_logic - [DEBUG] found replica for vector: 1
2025-11-18 17:24:24,261 - INFO - MainThread - server_logic - [DEBUG] found replica for vector: 2
2025-11-18 17:24:24,261 - INFO - MainThread - server_logic - [DEBUG] found replica for vector: 3
2025-11-18 17:24:24,261 - INFO - MainThread - server_logic - [DEBUG] found replica for vector: 4
2025-11-18 17:24:24,261 - INFO - MainThread - server_logic - [DEBUG] found replica for vector: 1
2025-11-18 17:24:24,261 - INFO - MainThread - server_logic - [DEBUG] found replica for vector: 2
2025-11-18 17:24:24,261 - INFO - MainThread - server_logic - [DEBUG] found replica for vector: 3
2025-11-18 17:24:24,261 - INFO - MainThread - server_logic - [DEBUG] found replica for vector: 4
2025-11-18 17:24:24,261 - INFO - MainThread - server_logic - [DEBUG] found replica for vector: 1
2025-11-18 17:24:24,261 - INFO - MainThread - server_logic - [DEBUG] found replica for vector: 2
2025-11-18 17:24:24,261 - INFO - MainThread - server_logic - [DEBUG] found replica for vector: 3
2025-11-18 17:24:24,261 - INFO - MainThread - server_logic - [DEBUG] found replica for vector: 4
2025-11-18 17:24:24,261 - INFO - MainThread - server_logic - [DEBUG] found replica for vector: 1
2025-11-18 17:24:24,261 - INFO - MainThread - server_logic - [DEBUG] found replica for vector: 2
2025-11-18 17:24:24,261 - INFO - MainThread - server_logic - [DEBUG] found replica for vector: 3
2025-11-18 17:24:24,261 - INFO - MainThread - server_logic - [DEBUG] found replica for vector: 4
2025-11-18 17:24:24,261 - INFO - MainThread - server_logic - [DEBUG] found replica for vector: 1
2025-11-18 17:24:24,261 - INFO - MainThread - server_logic - [DEBUG] found replica for vector: 2
2025-11-18 17:24:24,261 - INFO - MainThread - server_logic - [DEBUG] found replica for vector: 3
2025-11-18 17:24:24,261 - INFO - MainThread - server_logic - [DEBUG] found replica for vector: 4
2025-11-18 17:24:24,261 - INFO - MainThread - server_logic - [DEBUG] found replica for vector: 1
2025-11-18 17:24:24,261 - INFO - MainThread - server_logic - [DEBUG] found replica for vector: 2
2025-11-18 17:24:24,261 - INFO - MainThread - server_logic - [DEBUG] found replica for vector: 3
2025-11-18 17:24:24,261 - INFO - MainThread - server_logic - [DEBUG] found replica for vector: 4
2025-11-18 17:24:24,261 - INFO - MainThread - server_logic - [DEBUG] found replica for vector: 1
2025-11-18 17:24:24,261 - INFO - MainThread - server_logic - [DEBUG] found replica for vector: 2
2025-11-18 17:24:24,261 - INFO - MainThread - server_logic - [DEBUG] found replica for vector: 3
2025-11-18 17:24:24,261 - INFO - MainThread - server_logic - [DEBUG] to me replica for vector: 3
2025-11-18 17:24:24,261 - INFO - MainThread - server_logic - [DEBUG] found replica for vector: 1
2025-11-18 17:24:24,261 - INFO - MainThread - server_logic - [DEBUG] found replica for vector: 2
2025-11-18 17:24:24,261 - INFO - MainThread - server_logic - [DEBUG] found replica for vector: 3
2025-11-18 17:24:24,261 - INFO - MainThread - server_logic - [DEBUG] found replica for vector: 4
2025-11-18 17:24:24,261 - INFO - MainThread - server_logic - [DEBUG] found replica for vector: 1
2025-11-18 17:24:24,261 - INFO - MainThread - server_logic - [DEBUG] found replica for vector: 2
2025-11-18 17:24:24,261 - INFO - MainThread - server_logic - [DEBUG] found replica for vector: 3
2025-11-18 17:24:24,261 - INFO - MainThread - server_logic - [DEBUG] found replica for vector: 4
2025-11-18 17:24:24,261 - INFO - MainThread - server_logic - [DEBUG] found replica for vector: 1
2025-11-18 17:24:24,261 - INFO - MainThread - server_logic - [DEBUG] found replica for vector: 2
2025-11-18 17:24:24,261 - INFO - MainThread - server_logic - [DEBUG] found replica for vector: 3
2025-11-18 17:24:24,261 - INFO - MainThread - server_logic - [DEBUG] found replica for vector: 4
2025-11-18 17:24:24,261 - INFO - MainThread - server_logic - [DEBUG] found replica for vector: 1
2025-11-18 17:24:24,261 - INFO - MainThread - server_logic - [DEBUG] found replica for vector: 2
2025-11-18 17:24:24,261 - INFO - MainThread - server_logic - [DEBUG] found replica for vector: 3
2025-11-18 17:24:24,262 - INFO - MainThread - server_logic - [DEBUG] found replica for vector: 4
2025-11-18 17:24:24,262 - INFO - MainThread - server_logic - [DEBUG] found replica for vector: 1
2025-11-18 17:24:24,262 - INFO - MainThread - server_logic - [DEBUG] found replica for vector: 2
2025-11-18 17:24:24,262 - INFO - MainThread - server_logic - [DEBUG] found replica for vector: 3
2025-11-18 17:24:24,262 - INFO - MainThread - server_logic - [DEBUG] to me replica for vector: 3
2025-11-18 17:24:24,262 - INFO - MainThread - server_logic - [DEBUG] found replica for vector: 1
2025-11-18 17:24:24,262 - INFO - MainThread - server_logic - [DEBUG] found replica for vector: 2
2025-11-18 17:24:24,262 - INFO - MainThread - server_logic - [DEBUG] found replica for vector: 3
2025-11-18 17:24:24,262 - INFO - MainThread - server_logic - [DEBUG] to me replica for vector: 3
2025-11-18 17:24:24,262 - INFO - MainThread - server_logic - [DEBUG] found replica for vector: 1
2025-11-18 17:24:24,262 - INFO - MainThread - server_logic - [DEBUG] found replica for vector: 2
2025-11-18 17:24:24,262 - INFO - MainThread - server_logic - [DEBUG] found replica for vector: 3
2025-11-18 17:24:24,262 - INFO - MainThread - server_logic - [DEBUG] to me replica for vector: 3
2025-11-18 17:24:24,262 - INFO - MainThread - server_logic - [DEBUG] found replica for vector: 1
2025-11-18 17:24:24,262 - INFO - MainThread - server_logic - [DEBUG] found replica for vector: 2
2025-11-18 17:24:24,262 - INFO - MainThread - server_logic - [DEBUG] found replica for vector: 3
2025-11-18 17:24:24,262 - INFO - MainThread - server_logic - [DEBUG] found replica for vector: 4
2025-11-18 17:24:24,262 - INFO - MainThread - server_logic - [DEBUG] found replica for vector: 1
2025-11-18 17:24:24,262 - INFO - MainThread - server_logic - [DEBUG] found replica for vector: 2
2025-11-18 17:24:24,262 - INFO - MainThread - server_logic - [DEBUG] found replica for vector: 3
2025-11-18 17:24:24,262 - INFO - MainThread - server_logic - [DEBUG] found replica for vector: 4
2025-11-18 17:24:24,262 - INFO - MainThread - server_logic - [DEBUG] found replica for vector: 1
2025-11-18 17:24:24,262 - INFO - MainThread - server_logic - [DEBUG] found replica for vector: 2
2025-11-18 17:24:24,262 - INFO - MainThread - server_logic - [DEBUG] found replica for vector: 3
2025-11-18 17:24:24,262 - INFO - MainThread - server_logic - [DEBUG] to me replica for vector: 3
2025-11-18 17:24:24,262 - INFO - MainThread - server_logic - [DEBUG] found replica for vector: 1
2025-11-18 17:24:24,262 - INFO - MainThread - server_logic - [DEBUG] found replica for vector: 2
2025-11-18 17:24:24,262 - INFO - MainThread - server_logic - [DEBUG] found replica for vector: 3
2025-11-18 17:24:24,262 - INFO - MainThread - server_logic - [DEBUG] found replica for vector: 4
2025-11-18 17:24:24,262 - INFO - MainThread - server_logic - [DEBUG] found replica for vector: 1
2025-11-18 17:24:24,262 - INFO - MainThread - server_logic - [DEBUG] found replica for vector: 2
2025-11-18 17:24:24,262 - INFO - MainThread - server_logic - [DEBUG] found replica for vector: 3
2025-11-18 17:24:24,262 - INFO - MainThread - server_logic - [DEBUG] found replica for vector: 4
2025-11-18 17:24:24,262 - INFO - MainThread - server_logic - [DEBUG] found replica for vector: 1
2025-11-18 17:24:24,262 - INFO - MainThread - server_logic - [DEBUG] found replica for vector: 2
2025-11-18 17:24:24,262 - INFO - MainThread - server_logic - [DEBUG] found replica for vector: 3
2025-11-18 17:24:24,262 - INFO - MainThread - server_logic - [DEBUG] found replica for vector: 4
2025-11-18 17:24:24,262 - INFO - MainThread - server_logic - [DEBUG] found replica for vector: 1
2025-11-18 17:24:24,262 - INFO - MainThread - server_logic - [DEBUG] found replica for vector: 2
2025-11-18 17:24:24,262 - INFO - MainThread - server_logic - [DEBUG] found replica for vector: 3
2025-11-18 17:24:24,262 - INFO - MainThread - server_logic - [DEBUG] found replica for vector: 4
2025-11-18 17:24:24,262 - INFO - MainThread - server_logic - [DEBUG] found replica for vector: 1
2025-11-18 17:24:24,262 - INFO - MainThread - server_logic - [DEBUG] found replica for vector: 2
2025-11-18 17:24:24,262 - INFO - MainThread - server_logic - [DEBUG] found replica for vector: 3
2025-11-18 17:24:24,262 - INFO - MainThread - server_logic - [DEBUG] found replica for vector: 4
2025-11-18 17:24:24,262 - INFO - MainThread - server_logic - [DEBUG] found replica for vector: 1
2025-11-18 17:24:24,262 - INFO - MainThread - server_logic - [DEBUG] found replica for vector: 2
2025-11-18 17:24:24,262 - INFO - MainThread - server_logic - [DEBUG] found replica for vector: 3
2025-11-18 17:24:24,262 - INFO - MainThread - server_logic - [DEBUG] found replica for vector: 4
2025-11-18 17:24:24,262 - INFO - MainThread - server_logic - [DEBUG] found replica for vector: 1
2025-11-18 17:24:24,262 - INFO - MainThread - server_logic - [DEBUG] found replica for vector: 2
2025-11-18 17:24:24,262 - INFO - MainThread - server_logic - [DEBUG] found replica for vector: 3
2025-11-18 17:24:24,262 - INFO - MainThread - server_logic - [DEBUG] found replica for vector: 4
2025-11-18 17:24:24,263 - INFO - MainThread - server_logic - [DEBUG] found replica for vector: 1
2025-11-18 17:24:24,263 - INFO - MainThread - server_logic - [DEBUG] found replica for vector: 2
2025-11-18 17:24:24,263 - INFO - MainThread - server_logic - [DEBUG] found replica for vector: 3
2025-11-18 17:24:24,263 - INFO - MainThread - server_logic - [DEBUG] found replica for vector: 4
2025-11-18 17:24:24,263 - INFO - MainThread - server_logic - [DEBUG] found replica for vector: 1
2025-11-18 17:24:24,263 - INFO - MainThread - server_logic - [DEBUG] found replica for vector: 2
2025-11-18 17:24:24,263 - INFO - MainThread - server_logic - [DEBUG] found replica for vector: 3
2025-11-18 17:24:24,263 - INFO - MainThread - server_logic - [DEBUG] found replica for vector: 4
2025-11-18 17:24:24,263 - INFO - MainThread - server_logic - [DEBUG] found replica for vector: 1
2025-11-18 17:24:24,263 - INFO - MainThread - server_logic - [DEBUG] found replica for vector: 2
2025-11-18 17:24:24,263 - INFO - MainThread - server_logic - [DEBUG] found replica for vector: 3
2025-11-18 17:24:24,263 - INFO - MainThread - server_logic - [DEBUG] found replica for vector: 4
2025-11-18 17:24:24,263 - INFO - MainThread - server_logic - [DEBUG] found replica for vector: 1
2025-11-18 17:24:24,263 - INFO - MainThread - server_logic - [DEBUG] found replica for vector: 2
2025-11-18 17:24:24,263 - INFO - MainThread - server_logic - [DEBUG] found replica for vector: 3
2025-11-18 17:24:24,263 - INFO - MainThread - server_logic - [DEBUG] found replica for vector: 4
2025-11-18 17:24:24,263 - INFO - MainThread - server_logic - [DEBUG] found replica for vector: 1
2025-11-18 17:24:24,263 - INFO - MainThread - server_logic - [DEBUG] found replica for vector: 2
2025-11-18 17:24:24,263 - INFO - MainThread - server_logic - [DEBUG] found replica for vector: 3
2025-11-18 17:24:24,263 - INFO - MainThread - server_logic - [DEBUG] found replica for vector: 4
2025-11-18 17:24:24,263 - INFO - MainThread - server_logic - [DEBUG] found replica for vector: 1
2025-11-18 17:24:24,263 - INFO - MainThread - server_logic - [DEBUG] found replica for vector: 2
2025-11-18 17:24:24,263 - INFO - MainThread - server_logic - [DEBUG] found replica for vector: 3
2025-11-18 17:24:24,263 - INFO - MainThread - server_logic - [DEBUG] to me replica for vector: 3
2025-11-18 17:24:24,263 - INFO - MainThread - server_logic - [DEBUG] found replica for vector: 1
2025-11-18 17:24:24,263 - INFO - MainThread - server_logic - [DEBUG] found replica for vector: 2
2025-11-18 17:24:24,263 - INFO - MainThread - server_logic - [DEBUG] found replica for vector: 3
2025-11-18 17:24:24,263 - INFO - MainThread - server_logic - [DEBUG] to me replica for vector: 3
2025-11-18 17:24:24,263 - INFO - MainThread - server_logic - [DEBUG] found replica for vector: 1
2025-11-18 17:24:24,263 - INFO - MainThread - server_logic - [DEBUG] found replica for vector: 2
2025-11-18 17:24:24,263 - INFO - MainThread - server_logic - [DEBUG] found replica for vector: 3
2025-11-18 17:24:24,263 - INFO - MainThread - server_logic - [DEBUG] found replica for vector: 4
2025-11-18 17:24:24,263 - INFO - MainThread - server_logic - [DEBUG] found replica for vector: 1
2025-11-18 17:24:24,263 - INFO - MainThread - server_logic - [DEBUG] found replica for vector: 2
2025-11-18 17:24:24,263 - INFO - MainThread - server_logic - [DEBUG] found replica for vector: 3
2025-11-18 17:24:24,263 - INFO - MainThread - server_logic - [DEBUG] found replica for vector: 4
2025-11-18 17:24:24,263 - INFO - MainThread - server_logic - [DEBUG] found replica for vector: 1
2025-11-18 17:24:24,263 - INFO - MainThread - server_logic - [DEBUG] found replica for vector: 2
2025-11-18 17:24:24,263 - INFO - MainThread - server_logic - [DEBUG] found replica for vector: 3
2025-11-18 17:24:24,263 - INFO - MainThread - server_logic - [DEBUG] to me replica for vector: 3
2025-11-18 17:24:24,263 - INFO - MainThread - server_logic - [DEBUG] found replica for vector: 1
2025-11-18 17:24:24,263 - INFO - MainThread - server_logic - [DEBUG] found replica for vector: 2
2025-11-18 17:24:24,263 - INFO - MainThread - server_logic - [DEBUG] found replica for vector: 3
2025-11-18 17:24:24,263 - INFO - MainThread - server_logic - [DEBUG] to me replica for vector: 3
2025-11-18 17:24:24,263 - INFO - MainThread - server_logic - [DEBUG] found replica for vector: 1
2025-11-18 17:24:24,263 - INFO - MainThread - server_logic - [DEBUG] found replica for vector: 2
2025-11-18 17:24:24,263 - INFO - MainThread - server_logic - [DEBUG] found replica for vector: 3
2025-11-18 17:24:24,263 - INFO - MainThread - server_logic - [DEBUG] found replica for vector: 4
2025-11-18 17:24:24,263 - INFO - MainThread - server_logic - [DEBUG] found replica for vector: 1
2025-11-18 17:24:24,263 - INFO - MainThread - server_logic - [DEBUG] found replica for vector: 2
2025-11-18 17:24:24,263 - INFO - MainThread - server_logic - [DEBUG] found replica for vector: 3
2025-11-18 17:24:24,263 - INFO - MainThread - server_logic - [DEBUG] found replica for vector: 4
2025-11-18 17:24:24,263 - INFO - MainThread - server_logic - [DEBUG] found replica for vector: 1
2025-11-18 17:24:24,264 - INFO - MainThread - server_logic - [DEBUG] found replica for vector: 2
2025-11-18 17:24:24,264 - INFO - MainThread - server_logic - [DEBUG] found replica for vector: 3
2025-11-18 17:24:24,264 - INFO - MainThread - server_logic - [DEBUG] found replica for vector: 4
2025-11-18 17:24:24,264 - INFO - MainThread - server_logic - [DEBUG] found replica for vector: 1
2025-11-18 17:24:24,264 - INFO - MainThread - server_logic - [DEBUG] found replica for vector: 2
2025-11-18 17:24:24,264 - INFO - MainThread - server_logic - [DEBUG] found replica for vector: 3
2025-11-18 17:24:24,264 - INFO - MainThread - server_logic - [DEBUG] found replica for vector: 4
2025-11-18 17:24:24,264 - INFO - MainThread - server_logic - [DEBUG] found replica for vector: 1
2025-11-18 17:24:24,264 - INFO - MainThread - server_logic - [DEBUG] found replica for vector: 2
2025-11-18 17:24:24,264 - INFO - MainThread - server_logic - [DEBUG] found replica for vector: 3
2025-11-18 17:24:24,264 - INFO - MainThread - server_logic - [DEBUG] found replica for vector: 4
2025-11-18 17:24:24,264 - INFO - MainThread - server_logic - [DEBUG] found replica for vector: 1
2025-11-18 17:24:24,264 - INFO - MainThread - server_logic - [DEBUG] found replica for vector: 2
2025-11-18 17:24:24,264 - INFO - MainThread - server_logic - [DEBUG] found replica for vector: 3
2025-11-18 17:24:24,264 - INFO - MainThread - server_logic - [DEBUG] to me replica for vector: 3
2025-11-18 17:24:24,264 - INFO - MainThread - server_logic - [DEBUG] found replica for vector: 1
2025-11-18 17:24:24,264 - INFO - MainThread - server_logic - [DEBUG] found replica for vector: 2
2025-11-18 17:24:24,264 - INFO - MainThread - server_logic - [DEBUG] found replica for vector: 3
2025-11-18 17:24:24,264 - INFO - MainThread - server_logic - [DEBUG] found replica for vector: 4
2025-11-18 17:24:24,264 - INFO - MainThread - server_logic - [DEBUG] found replica for vector: 1
2025-11-18 17:24:24,264 - INFO - MainThread - server_logic - [DEBUG] found replica for vector: 2
2025-11-18 17:24:24,264 - INFO - MainThread - server_logic - [DEBUG] found replica for vector: 3
2025-11-18 17:24:24,264 - INFO - MainThread - server_logic - [DEBUG] found replica for vector: 4
2025-11-18 17:24:24,264 - INFO - MainThread - server_logic - [DEBUG] found replica for vector: 1
2025-11-18 17:24:24,264 - INFO - MainThread - server_logic - [DEBUG] found replica for vector: 2
2025-11-18 17:24:24,264 - INFO - MainThread - server_logic - [DEBUG] found replica for vector: 3
2025-11-18 17:24:24,264 - INFO - MainThread - server_logic - [DEBUG] found replica for vector: 4
2025-11-18 17:24:24,264 - INFO - MainThread - server_logic - [DEBUG] found replica for vector: 1
2025-11-18 17:24:24,264 - INFO - MainThread - server_logic - [DEBUG] found replica for vector: 2
2025-11-18 17:24:24,264 - INFO - MainThread - server_logic - [DEBUG] found replica for vector: 3
2025-11-18 17:24:24,264 - INFO - MainThread - server_logic - [DEBUG] found replica for vector: 4
2025-11-18 17:24:24,264 - INFO - MainThread - server_logic - [DEBUG] found replica for vector: 1
2025-11-18 17:24:24,264 - INFO - MainThread - server_logic - [DEBUG] found replica for vector: 2
2025-11-18 17:24:24,264 - INFO - MainThread - server_logic - [DEBUG] found replica for vector: 3
2025-11-18 17:24:24,264 - INFO - MainThread - server_logic - [DEBUG] found replica for vector: 4
2025-11-18 17:24:24,264 - INFO - MainThread - server_logic - [DEBUG] found replica for vector: 1
2025-11-18 17:24:24,264 - INFO - MainThread - server_logic - [DEBUG] found replica for vector: 2
2025-11-18 17:24:24,264 - INFO - MainThread - server_logic - [DEBUG] found replica for vector: 3
2025-11-18 17:24:24,264 - INFO - MainThread - server_logic - [DEBUG] found replica for vector: 4
2025-11-18 17:24:24,264 - INFO - MainThread - server_logic - [DEBUG] found replica for vector: 1
2025-11-18 17:24:24,264 - INFO - MainThread - server_logic - [DEBUG] found replica for vector: 2
2025-11-18 17:24:24,264 - INFO - MainThread - server_logic - [DEBUG] found replica for vector: 3
2025-11-18 17:24:24,264 - INFO - MainThread - server_logic - [DEBUG] found replica for vector: 4
2025-11-18 17:24:24,264 - INFO - MainThread - server_logic - [DEBUG] found replica for vector: 1
2025-11-18 17:24:24,264 - INFO - MainThread - server_logic - [DEBUG] found replica for vector: 2
2025-11-18 17:24:24,264 - INFO - MainThread - server_logic - [DEBUG] found replica for vector: 3
2025-11-18 17:24:24,264 - INFO - MainThread - server_logic - [DEBUG] found replica for vector: 4
2025-11-18 17:24:24,264 - INFO - MainThread - server_logic - [DEBUG] found replica for vector: 1
2025-11-18 17:24:24,264 - INFO - MainThread - server_logic - [DEBUG] found replica for vector: 2
2025-11-18 17:24:24,264 - INFO - MainThread - server_logic - [DEBUG] found replica for vector: 3
2025-11-18 17:24:24,264 - INFO - MainThread - server_logic - [DEBUG] to me replica for vector: 3
2025-11-18 17:24:24,264 - INFO - MainThread - server_logic - [DEBUG] found replica for vector: 1
2025-11-18 17:24:24,264 - INFO - MainThread - server_logic - [DEBUG] found replica for vector: 2
2025-11-18 17:24:24,265 - INFO - MainThread - server_logic - [DEBUG] found replica for vector: 3
2025-11-18 17:24:24,265 - INFO - MainThread - server_logic - [DEBUG] found replica for vector: 4
2025-11-18 17:24:24,265 - INFO - MainThread - server_logic - [DEBUG] found replica for vector: 1
2025-11-18 17:24:24,265 - INFO - MainThread - server_logic - [DEBUG] found replica for vector: 2
2025-11-18 17:24:24,265 - INFO - MainThread - server_logic - [DEBUG] found replica for vector: 3
2025-11-18 17:24:24,265 - INFO - MainThread - server_logic - [DEBUG] found replica for vector: 4
2025-11-18 17:24:24,265 - INFO - MainThread - server_logic - [DEBUG] found replica for vector: 1
2025-11-18 17:24:24,265 - INFO - MainThread - server_logic - [DEBUG] found replica for vector: 2
2025-11-18 17:24:24,265 - INFO - MainThread - server_logic - [DEBUG] found replica for vector: 3
2025-11-18 17:24:24,265 - INFO - MainThread - server_logic - [DEBUG] found replica for vector: 4
2025-11-18 17:24:24,265 - INFO - MainThread - server_logic - [DEBUG] found replica for vector: 1
2025-11-18 17:24:24,265 - INFO - MainThread - server_logic - [DEBUG] found replica for vector: 2
2025-11-18 17:24:24,265 - INFO - MainThread - server_logic - [DEBUG] found replica for vector: 3
2025-11-18 17:24:24,265 - INFO - MainThread - server_logic - [DEBUG] found replica for vector: 4
2025-11-18 17:24:24,265 - INFO - MainThread - server_logic - [DEBUG] found replica for vector: 1
2025-11-18 17:24:24,265 - INFO - MainThread - server_logic - [DEBUG] found replica for vector: 2
2025-11-18 17:24:24,265 - INFO - MainThread - server_logic - [DEBUG] found replica for vector: 3
2025-11-18 17:24:24,265 - INFO - MainThread - server_logic - [DEBUG] found replica for vector: 4
2025-11-18 17:24:24,265 - INFO - MainThread - server_logic - [DEBUG] found replica for vector: 1
2025-11-18 17:24:24,265 - INFO - MainThread - server_logic - [DEBUG] found replica for vector: 2
2025-11-18 17:24:24,265 - INFO - MainThread - server_logic - [DEBUG] found replica for vector: 3
2025-11-18 17:24:24,265 - INFO - MainThread - server_logic - [DEBUG] to me replica for vector: 3
2025-11-18 17:24:24,265 - INFO - MainThread - server_logic - [DEBUG] found replica for vector: 1
2025-11-18 17:24:24,265 - INFO - MainThread - server_logic - [DEBUG] found replica for vector: 2
2025-11-18 17:24:24,265 - INFO - MainThread - server_logic - [DEBUG] found replica for vector: 3
2025-11-18 17:24:24,265 - INFO - MainThread - server_logic - [DEBUG] found replica for vector: 4
2025-11-18 17:24:24,265 - INFO - MainThread - server_logic - [DEBUG] found replica for vector: 1
2025-11-18 17:24:24,265 - INFO - MainThread - server_logic - [DEBUG] found replica for vector: 2
2025-11-18 17:24:24,265 - INFO - MainThread - server_logic - [DEBUG] found replica for vector: 3
2025-11-18 17:24:24,265 - INFO - MainThread - server_logic - [DEBUG] to me replica for vector: 3
2025-11-18 17:24:24,265 - INFO - MainThread - server_logic - [DEBUG] found replica for vector: 1
2025-11-18 17:24:24,265 - INFO - MainThread - server_logic - [DEBUG] found replica for vector: 2
2025-11-18 17:24:24,265 - INFO - MainThread - server_logic - [DEBUG] found replica for vector: 3
2025-11-18 17:24:24,265 - INFO - MainThread - server_logic - [DEBUG] found replica for vector: 4
2025-11-18 17:24:24,265 - INFO - MainThread - server_logic - [DEBUG] found replica for vector: 1
2025-11-18 17:24:24,265 - INFO - MainThread - server_logic - [DEBUG] found replica for vector: 2
2025-11-18 17:24:24,265 - INFO - MainThread - server_logic - [DEBUG] found replica for vector: 3
2025-11-18 17:24:24,265 - INFO - MainThread - server_logic - [DEBUG] found replica for vector: 4
2025-11-18 17:24:24,265 - INFO - MainThread - server_logic - [DEBUG] found replica for vector: 1
2025-11-18 17:24:24,265 - INFO - MainThread - server_logic - [DEBUG] found replica for vector: 2
2025-11-18 17:24:24,265 - INFO - MainThread - server_logic - [DEBUG] found replica for vector: 3
2025-11-18 17:24:24,265 - INFO - MainThread - server_logic - [DEBUG] to me replica for vector: 3
2025-11-18 17:24:24,265 - INFO - MainThread - server_logic - [DEBUG] found replica for vector: 1
2025-11-18 17:24:24,265 - INFO - MainThread - server_logic - [DEBUG] found replica for vector: 2
2025-11-18 17:24:24,265 - INFO - MainThread - server_logic - [DEBUG] found replica for vector: 3
2025-11-18 17:24:24,265 - INFO - MainThread - server_logic - [DEBUG] to me replica for vector: 3
2025-11-18 17:24:24,265 - INFO - MainThread - server_logic - [DEBUG] found replica for vector: 1
2025-11-18 17:24:24,265 - INFO - MainThread - server_logic - [DEBUG] found replica for vector: 2
2025-11-18 17:24:24,265 - INFO - MainThread - server_logic - [DEBUG] found replica for vector: 3
2025-11-18 17:24:24,265 - INFO - MainThread - server_logic - [DEBUG] found replica for vector: 4
2025-11-18 17:24:24,265 - INFO - MainThread - server_logic - [DEBUG] found replica for vector: 1
2025-11-18 17:24:24,265 - INFO - MainThread - server_logic - [DEBUG] found replica for vector: 2
2025-11-18 17:24:24,265 - INFO - MainThread - server_logic - [DEBUG] found replica for vector: 3
2025-11-18 17:24:24,265 - INFO - MainThread - server_logic - [DEBUG] found replica for vector: 4
2025-11-18 17:24:24,266 - INFO - MainThread - server_logic - [DEBUG] found replica for vector: 1
2025-11-18 17:24:24,266 - INFO - MainThread - server_logic - [DEBUG] found replica for vector: 2
2025-11-18 17:24:24,266 - INFO - MainThread - server_logic - [DEBUG] found replica for vector: 3
2025-11-18 17:24:24,266 - INFO - MainThread - server_logic - [DEBUG] to me replica for vector: 3
2025-11-18 17:24:24,266 - INFO - MainThread - server_logic - [DEBUG] found replica for vector: 1
2025-11-18 17:24:24,266 - INFO - MainThread - server_logic - [DEBUG] found replica for vector: 2
2025-11-18 17:24:24,266 - INFO - MainThread - server_logic - [DEBUG] found replica for vector: 3
2025-11-18 17:24:24,266 - INFO - MainThread - server_logic - [DEBUG] to me replica for vector: 3
2025-11-18 17:24:24,266 - INFO - MainThread - server_logic - [DEBUG] found replica for vector: 1
2025-11-18 17:24:24,266 - INFO - MainThread - server_logic - [DEBUG] found replica for vector: 2
2025-11-18 17:24:24,266 - INFO - MainThread - server_logic - [DEBUG] found replica for vector: 3
2025-11-18 17:24:24,266 - INFO - MainThread - server_logic - [DEBUG] found replica for vector: 4
2025-11-18 17:24:24,266 - INFO - MainThread - server_logic - [DEBUG] found replica for vector: 1
2025-11-18 17:24:24,266 - INFO - MainThread - server_logic - [DEBUG] found replica for vector: 2
2025-11-18 17:24:24,266 - INFO - MainThread - server_logic - [DEBUG] found replica for vector: 3
2025-11-18 17:24:24,266 - INFO - MainThread - server_logic - [DEBUG] found replica for vector: 4
2025-11-18 17:24:24,266 - INFO - MainThread - server_logic - [DEBUG] found replica for vector: 1
2025-11-18 17:24:24,266 - INFO - MainThread - server_logic - [DEBUG] found replica for vector: 2
2025-11-18 17:24:24,266 - INFO - MainThread - server_logic - [DEBUG] found replica for vector: 3
2025-11-18 17:24:24,266 - INFO - MainThread - server_logic - [DEBUG] found replica for vector: 4
2025-11-18 17:24:24,266 - INFO - MainThread - server_logic - [DEBUG] found replica for vector: 1
2025-11-18 17:24:24,266 - INFO - MainThread - server_logic - [DEBUG] found replica for vector: 2
2025-11-18 17:24:24,266 - INFO - MainThread - server_logic - [DEBUG] found replica for vector: 3
2025-11-18 17:24:24,266 - INFO - MainThread - server_logic - [DEBUG] to me replica for vector: 3
2025-11-18 17:24:24,266 - INFO - MainThread - server_logic - [DEBUG] found replica for vector: 1
2025-11-18 17:24:24,266 - INFO - MainThread - server_logic - [DEBUG] found replica for vector: 2
2025-11-18 17:24:24,266 - INFO - MainThread - server_logic - [DEBUG] found replica for vector: 3
2025-11-18 17:24:24,266 - INFO - MainThread - server_logic - [DEBUG] found replica for vector: 4
2025-11-18 17:24:24,266 - INFO - MainThread - server_logic - [DEBUG] found replica for vector: 1
2025-11-18 17:24:24,266 - INFO - MainThread - server_logic - [DEBUG] found replica for vector: 2
2025-11-18 17:24:24,266 - INFO - MainThread - server_logic - [DEBUG] found replica for vector: 3
2025-11-18 17:24:24,266 - INFO - MainThread - server_logic - [DEBUG] found replica for vector: 4
2025-11-18 17:24:24,266 - INFO - MainThread - server_logic - [DEBUG] found replica for vector: 1
2025-11-18 17:24:24,266 - INFO - MainThread - server_logic - [DEBUG] found replica for vector: 2
2025-11-18 17:24:24,266 - INFO - MainThread - server_logic - [DEBUG] found replica for vector: 3
2025-11-18 17:24:24,266 - INFO - MainThread - server_logic - [DEBUG] to me replica for vector: 3
2025-11-18 17:24:24,266 - INFO - MainThread - server_logic - [DEBUG] found replica for vector: 1
2025-11-18 17:24:24,266 - INFO - MainThread - server_logic - [DEBUG] found replica for vector: 2
2025-11-18 17:24:24,266 - INFO - MainThread - server_logic - [DEBUG] found replica for vector: 3
2025-11-18 17:24:24,266 - INFO - MainThread - server_logic - [DEBUG] found replica for vector: 4
2025-11-18 17:24:24,266 - INFO - MainThread - server_logic - [DEBUG] found replica for vector: 1
2025-11-18 17:24:24,266 - INFO - MainThread - server_logic - [DEBUG] found replica for vector: 2
2025-11-18 17:24:24,266 - INFO - MainThread - server_logic - [DEBUG] found replica for vector: 3
2025-11-18 17:24:24,266 - INFO - MainThread - server_logic - [DEBUG] found replica for vector: 4
2025-11-18 17:24:24,266 - INFO - MainThread - server_logic - [DEBUG] found replica for vector: 1
2025-11-18 17:24:24,266 - INFO - MainThread - server_logic - [DEBUG] found replica for vector: 2
2025-11-18 17:24:24,266 - INFO - MainThread - server_logic - [DEBUG] found replica for vector: 3
2025-11-18 17:24:24,266 - INFO - MainThread - server_logic - [DEBUG] found replica for vector: 4
2025-11-18 17:24:24,266 - INFO - MainThread - server_logic - [DEBUG] found replica for vector: 1
2025-11-18 17:24:24,266 - INFO - MainThread - server_logic - [DEBUG] found replica for vector: 2
2025-11-18 17:24:24,266 - INFO - MainThread - server_logic - [DEBUG] found replica for vector: 3
2025-11-18 17:24:24,266 - INFO - MainThread - server_logic - [DEBUG] found replica for vector: 4
2025-11-18 17:24:24,266 - INFO - MainThread - server_logic - [DEBUG] found replica for vector: 1
2025-11-18 17:24:24,266 - INFO - MainThread - server_logic - [DEBUG] found replica for vector: 2
2025-11-18 17:24:24,266 - INFO - MainThread - server_logic - [DEBUG] found replica for vector: 3
2025-11-18 17:24:24,266 - INFO - MainThread - server_logic - [DEBUG] to me replica for vector: 3
2025-11-18 17:24:24,267 - INFO - MainThread - server_logic - [DEBUG] found replica for vector: 1
2025-11-18 17:24:24,267 - INFO - MainThread - server_logic - [DEBUG] found replica for vector: 2
2025-11-18 17:24:24,267 - INFO - MainThread - server_logic - [DEBUG] found replica for vector: 3
2025-11-18 17:24:24,267 - INFO - MainThread - server_logic - [DEBUG] to me replica for vector: 3
2025-11-18 17:24:24,267 - INFO - MainThread - server_logic - [DEBUG] found replica for vector: 1
2025-11-18 17:24:24,267 - INFO - MainThread - server_logic - [DEBUG] found replica for vector: 2
2025-11-18 17:24:24,267 - INFO - MainThread - server_logic - [DEBUG] found replica for vector: 3
2025-11-18 17:24:24,267 - INFO - MainThread - server_logic - [DEBUG] found replica for vector: 4
2025-11-18 17:24:24,267 - INFO - MainThread - server_logic - [DEBUG] found replica for vector: 1
2025-11-18 17:24:24,267 - INFO - MainThread - server_logic - [DEBUG] found replica for vector: 2
2025-11-18 17:24:24,267 - INFO - MainThread - server_logic - [DEBUG] found replica for vector: 3
2025-11-18 17:24:24,267 - INFO - MainThread - server_logic - [DEBUG] found replica for vector: 4
2025-11-18 17:24:24,267 - INFO - MainThread - server_logic - [DEBUG] found replica for vector: 1
2025-11-18 17:24:24,267 - INFO - MainThread - server_logic - [DEBUG] found replica for vector: 2
2025-11-18 17:24:24,267 - INFO - MainThread - server_logic - [DEBUG] found replica for vector: 3
2025-11-18 17:24:24,267 - INFO - MainThread - server_logic - [DEBUG] found replica for vector: 4
2025-11-18 17:24:24,267 - INFO - MainThread - server_logic - [DEBUG] found replica for vector: 1
2025-11-18 17:24:24,267 - INFO - MainThread - server_logic - [DEBUG] found replica for vector: 2
2025-11-18 17:24:24,267 - INFO - MainThread - server_logic - [DEBUG] found replica for vector: 3
2025-11-18 17:24:24,267 - INFO - MainThread - server_logic - [DEBUG] to me replica for vector: 3
2025-11-18 17:24:24,267 - INFO - MainThread - server_logic - [DEBUG] found replica for vector: 1
2025-11-18 17:24:24,267 - INFO - MainThread - server_logic - [DEBUG] found replica for vector: 2
2025-11-18 17:24:24,267 - INFO - MainThread - server_logic - [DEBUG] found replica for vector: 3
2025-11-18 17:24:24,267 - INFO - MainThread - server_logic - [DEBUG] found replica for vector: 4
2025-11-18 17:24:24,267 - INFO - MainThread - server_logic - [DEBUG] found replica for vector: 1
2025-11-18 17:24:24,267 - INFO - MainThread - server_logic - [DEBUG] found replica for vector: 2
2025-11-18 17:24:24,267 - INFO - MainThread - server_logic - [DEBUG] found replica for vector: 3
2025-11-18 17:24:24,267 - INFO - MainThread - server_logic - [DEBUG] found replica for vector: 4
2025-11-18 17:24:24,267 - INFO - MainThread - server_logic - [DEBUG] found replica for vector: 1
2025-11-18 17:24:24,267 - INFO - MainThread - server_logic - [DEBUG] found replica for vector: 2
2025-11-18 17:24:24,267 - INFO - MainThread - server_logic - [DEBUG] found replica for vector: 3
2025-11-18 17:24:24,267 - INFO - MainThread - server_logic - [DEBUG] found replica for vector: 4
2025-11-18 17:24:24,267 - INFO - MainThread - server_logic - [DEBUG] found replica for vector: 1
2025-11-18 17:24:24,267 - INFO - MainThread - server_logic - [DEBUG] found replica for vector: 2
2025-11-18 17:24:24,267 - INFO - MainThread - server_logic - [DEBUG] found replica for vector: 3
2025-11-18 17:24:24,267 - INFO - MainThread - server_logic - [DEBUG] to me replica for vector: 3
2025-11-18 17:24:24,267 - INFO - MainThread - server_logic - [DEBUG] found replica for vector: 1
2025-11-18 17:24:24,267 - INFO - MainThread - server_logic - [DEBUG] found replica for vector: 2
2025-11-18 17:24:24,267 - INFO - MainThread - server_logic - [DEBUG] found replica for vector: 3
2025-11-18 17:24:24,267 - INFO - MainThread - server_logic - [DEBUG] found replica for vector: 4
2025-11-18 17:24:24,267 - INFO - MainThread - server_logic - [DEBUG] found replica for vector: 1
2025-11-18 17:24:24,267 - INFO - MainThread - server_logic - [DEBUG] found replica for vector: 2
2025-11-18 17:24:24,267 - INFO - MainThread - server_logic - [DEBUG] found replica for vector: 3
2025-11-18 17:24:24,267 - INFO - MainThread - server_logic - [DEBUG] found replica for vector: 4
2025-11-18 17:24:24,267 - INFO - MainThread - server_logic - [DEBUG] found replica for vector: 1
2025-11-18 17:24:24,267 - INFO - MainThread - server_logic - [DEBUG] found replica for vector: 2
2025-11-18 17:24:24,267 - INFO - MainThread - server_logic - [DEBUG] found replica for vector: 3
2025-11-18 17:24:24,267 - INFO - MainThread - server_logic - [DEBUG] found replica for vector: 4
2025-11-18 17:24:24,267 - INFO - MainThread - server_logic - [DEBUG] found replica for vector: 1
2025-11-18 17:24:24,267 - INFO - MainThread - server_logic - [DEBUG] found replica for vector: 2
2025-11-18 17:24:24,267 - INFO - MainThread - server_logic - [DEBUG] found replica for vector: 3
2025-11-18 17:24:24,267 - INFO - MainThread - server_logic - [DEBUG] to me replica for vector: 3
2025-11-18 17:24:24,267 - INFO - MainThread - server_logic - [DEBUG] found replica for vector: 1
2025-11-18 17:24:24,267 - INFO - MainThread - server_logic - [DEBUG] found replica for vector: 2
2025-11-18 17:24:24,267 - INFO - MainThread - server_logic - [DEBUG] found replica for vector: 3
2025-11-18 17:24:24,267 - INFO - MainThread - server_logic - [DEBUG] found replica for vector: 4
2025-11-18 17:24:24,267 - INFO - MainThread - server_logic - [DEBUG] found replica for vector: 1
2025-11-18 17:24:24,268 - INFO - MainThread - server_logic - [DEBUG] found replica for vector: 2
2025-11-18 17:24:24,268 - INFO - MainThread - server_logic - [DEBUG] found replica for vector: 3
2025-11-18 17:24:24,268 - INFO - MainThread - server_logic - [DEBUG] to me replica for vector: 3
2025-11-18 17:24:24,268 - INFO - MainThread - server_logic - [DEBUG] found replica for vector: 1
2025-11-18 17:24:24,268 - INFO - MainThread - server_logic - [DEBUG] found replica for vector: 2
2025-11-18 17:24:24,268 - INFO - MainThread - server_logic - [DEBUG] found replica for vector: 3
2025-11-18 17:24:24,268 - INFO - MainThread - server_logic - [DEBUG] found replica for vector: 4
2025-11-18 17:24:24,268 - INFO - MainThread - server_logic - [DEBUG] found replica for vector: 1
2025-11-18 17:24:24,268 - INFO - MainThread - server_logic - [DEBUG] found replica for vector: 2
2025-11-18 17:24:24,268 - INFO - MainThread - server_logic - [DEBUG] found replica for vector: 3
2025-11-18 17:24:24,268 - INFO - MainThread - server_logic - [DEBUG] found replica for vector: 4
2025-11-18 17:24:24,268 - INFO - MainThread - server_logic - [DEBUG] found replica for vector: 1
2025-11-18 17:24:24,268 - INFO - MainThread - server_logic - [DEBUG] found replica for vector: 2
2025-11-18 17:24:24,268 - INFO - MainThread - server_logic - [DEBUG] found replica for vector: 3
2025-11-18 17:24:24,268 - INFO - MainThread - server_logic - [DEBUG] found replica for vector: 4
2025-11-18 17:24:24,268 - INFO - MainThread - server_logic - [DEBUG] found replica for vector: 1
2025-11-18 17:24:24,268 - INFO - MainThread - server_logic - [DEBUG] found replica for vector: 2
2025-11-18 17:24:24,268 - INFO - MainThread - server_logic - [DEBUG] found replica for vector: 3
2025-11-18 17:24:24,268 - INFO - MainThread - server_logic - [DEBUG] to me replica for vector: 3
2025-11-18 17:24:24,268 - INFO - MainThread - server_logic - [DEBUG] found replica for vector: 1
2025-11-18 17:24:24,268 - INFO - MainThread - server_logic - [DEBUG] found replica for vector: 2
2025-11-18 17:24:24,268 - INFO - MainThread - server_logic - [DEBUG] found replica for vector: 3
2025-11-18 17:24:24,268 - INFO - MainThread - server_logic - [DEBUG] found replica for vector: 4
2025-11-18 17:24:24,268 - INFO - MainThread - server_logic - [DEBUG] found replica for vector: 1
2025-11-18 17:24:24,268 - INFO - MainThread - server_logic - [DEBUG] found replica for vector: 2
2025-11-18 17:24:24,268 - INFO - MainThread - server_logic - [DEBUG] found replica for vector: 3
2025-11-18 17:24:24,268 - INFO - MainThread - server_logic - [DEBUG] found replica for vector: 4
2025-11-18 17:24:24,268 - INFO - MainThread - server_logic - [DEBUG] found replica for vector: 1
2025-11-18 17:24:24,268 - INFO - MainThread - server_logic - [DEBUG] found replica for vector: 2
2025-11-18 17:24:24,268 - INFO - MainThread - server_logic - [DEBUG] found replica for vector: 3
2025-11-18 17:24:24,268 - INFO - MainThread - server_logic - [DEBUG] found replica for vector: 4
2025-11-18 17:24:24,268 - INFO - MainThread - server_logic - [DEBUG] found replica for vector: 1
2025-11-18 17:24:24,268 - INFO - MainThread - server_logic - [DEBUG] found replica for vector: 2
2025-11-18 17:24:24,268 - INFO - MainThread - server_logic - [DEBUG] found replica for vector: 3
2025-11-18 17:24:24,268 - INFO - MainThread - server_logic - [DEBUG] found replica for vector: 4
2025-11-18 17:24:24,268 - INFO - MainThread - server_logic - [DEBUG] found replica for vector: 1
2025-11-18 17:24:24,268 - INFO - MainThread - server_logic - [DEBUG] found replica for vector: 2
2025-11-18 17:24:24,268 - INFO - MainThread - server_logic - [DEBUG] found replica for vector: 3
2025-11-18 17:24:24,268 - INFO - MainThread - server_logic - [DEBUG] found replica for vector: 4
2025-11-18 17:24:24,268 - INFO - MainThread - server_logic - [DEBUG] found replica for vector: 1
2025-11-18 17:24:24,268 - INFO - MainThread - server_logic - [DEBUG] found replica for vector: 2
2025-11-18 17:24:24,268 - INFO - MainThread - server_logic - [DEBUG] found replica for vector: 3
2025-11-18 17:24:24,268 - INFO - MainThread - server_logic - [DEBUG] to me replica for vector: 3
2025-11-18 17:24:24,268 - INFO - MainThread - server_logic - [DEBUG] found replica for vector: 1
2025-11-18 17:24:24,268 - INFO - MainThread - server_logic - [DEBUG] found replica for vector: 2
2025-11-18 17:24:24,268 - INFO - MainThread - server_logic - [DEBUG] found replica for vector: 3
2025-11-18 17:24:24,268 - INFO - MainThread - server_logic - [DEBUG] found replica for vector: 4
2025-11-18 17:24:24,268 - INFO - MainThread - server_logic - [DEBUG] found replica for vector: 1
2025-11-18 17:24:24,268 - INFO - MainThread - server_logic - [DEBUG] found replica for vector: 2
2025-11-18 17:24:24,268 - INFO - MainThread - server_logic - [DEBUG] found replica for vector: 3
2025-11-18 17:24:24,268 - INFO - MainThread - server_logic - [DEBUG] found replica for vector: 4
2025-11-18 17:24:24,268 - INFO - MainThread - server_logic - [DEBUG] found replica for vector: 1
2025-11-18 17:24:24,268 - INFO - MainThread - server_logic - [DEBUG] found replica for vector: 2
2025-11-18 17:24:24,268 - INFO - MainThread - server_logic - [DEBUG] found replica for vector: 3
2025-11-18 17:24:24,268 - INFO - MainThread - server_logic - [DEBUG] found replica for vector: 4
2025-11-18 17:24:24,268 - INFO - MainThread - server_logic - [DEBUG] found replica for vector: 1
2025-11-18 17:24:24,268 - INFO - MainThread - server_logic - [DEBUG] found replica for vector: 2
2025-11-18 17:24:24,269 - INFO - MainThread - server_logic - [DEBUG] found replica for vector: 3
2025-11-18 17:24:24,269 - INFO - MainThread - server_logic - [DEBUG] to me replica for vector: 3
2025-11-18 17:24:24,269 - INFO - MainThread - server_logic - [DEBUG] found replica for vector: 1
2025-11-18 17:24:24,269 - INFO - MainThread - server_logic - [DEBUG] found replica for vector: 2
2025-11-18 17:24:24,269 - INFO - MainThread - server_logic - [DEBUG] found replica for vector: 3
2025-11-18 17:24:24,269 - INFO - MainThread - server_logic - [DEBUG] found replica for vector: 4
2025-11-18 17:24:24,269 - INFO - MainThread - server_logic - [DEBUG] found replica for vector: 1
2025-11-18 17:24:24,269 - INFO - MainThread - server_logic - [DEBUG] found replica for vector: 2
2025-11-18 17:24:24,269 - INFO - MainThread - server_logic - [DEBUG] found replica for vector: 3
2025-11-18 17:24:24,269 - INFO - MainThread - server_logic - [DEBUG] found replica for vector: 4
2025-11-18 17:24:24,269 - INFO - MainThread - server_logic - [DEBUG] found replica for vector: 1
2025-11-18 17:24:24,269 - INFO - MainThread - server_logic - [DEBUG] found replica for vector: 2
2025-11-18 17:24:24,269 - INFO - MainThread - server_logic - [DEBUG] found replica for vector: 3
2025-11-18 17:24:24,269 - INFO - MainThread - server_logic - [DEBUG] to me replica for vector: 3
2025-11-18 17:24:24,269 - INFO - MainThread - server_logic - [DEBUG] found replica for vector: 1
2025-11-18 17:24:24,269 - INFO - MainThread - server_logic - [DEBUG] found replica for vector: 2
2025-11-18 17:24:24,269 - INFO - MainThread - server_logic - [DEBUG] found replica for vector: 3
2025-11-18 17:24:24,269 - INFO - MainThread - server_logic - [DEBUG] found replica for vector: 4
2025-11-18 17:24:24,269 - INFO - MainThread - server_logic - [DEBUG] found replica for vector: 1
2025-11-18 17:24:24,269 - INFO - MainThread - server_logic - [DEBUG] found replica for vector: 2
2025-11-18 17:24:24,269 - INFO - MainThread - server_logic - [DEBUG] found replica for vector: 3
2025-11-18 17:24:24,269 - INFO - MainThread - server_logic - [DEBUG] found replica for vector: 4
2025-11-18 17:24:24,269 - INFO - MainThread - server_logic - [DEBUG] found replica for vector: 1
2025-11-18 17:24:24,269 - INFO - MainThread - server_logic - [DEBUG] found replica for vector: 2
2025-11-18 17:24:24,269 - INFO - MainThread - server_logic - [DEBUG] found replica for vector: 3
2025-11-18 17:24:24,269 - INFO - MainThread - server_logic - [DEBUG] found replica for vector: 4
2025-11-18 17:24:24,269 - INFO - MainThread - server_logic - [DEBUG] found replica for vector: 1
2025-11-18 17:24:24,269 - INFO - MainThread - server_logic - [DEBUG] found replica for vector: 2
2025-11-18 17:24:24,269 - INFO - MainThread - server_logic - [DEBUG] found replica for vector: 3
2025-11-18 17:24:24,269 - INFO - MainThread - server_logic - [DEBUG] found replica for vector: 4
2025-11-18 17:24:24,269 - INFO - MainThread - server_logic - [DEBUG] found replica for vector: 1
2025-11-18 17:24:24,269 - INFO - MainThread - server_logic - [DEBUG] found replica for vector: 2
2025-11-18 17:24:24,269 - INFO - MainThread - server_logic - [DEBUG] found replica for vector: 3
2025-11-18 17:24:24,269 - INFO - MainThread - server_logic - [DEBUG] found replica for vector: 4
2025-11-18 17:24:24,269 - INFO - MainThread - server_logic - [DEBUG] found replica for vector: 1
2025-11-18 17:24:24,269 - INFO - MainThread - server_logic - [DEBUG] found replica for vector: 2
2025-11-18 17:24:24,269 - INFO - MainThread - server_logic - [DEBUG] found replica for vector: 3
2025-11-18 17:24:24,269 - INFO - MainThread - server_logic - [DEBUG] found replica for vector: 4
2025-11-18 17:24:24,269 - INFO - MainThread - server_logic - [DEBUG] found replica for vector: 1
2025-11-18 17:24:24,269 - INFO - MainThread - server_logic - [DEBUG] found replica for vector: 2
2025-11-18 17:24:24,269 - INFO - MainThread - server_logic - [DEBUG] found replica for vector: 3
2025-11-18 17:24:24,269 - INFO - MainThread - server_logic - [DEBUG] found replica for vector: 4
2025-11-18 17:24:24,269 - INFO - MainThread - server_logic - [DEBUG] found replica for vector: 1
2025-11-18 17:24:24,269 - INFO - MainThread - server_logic - [DEBUG] found replica for vector: 2
2025-11-18 17:24:24,269 - INFO - MainThread - server_logic - [DEBUG] found replica for vector: 3
2025-11-18 17:24:24,269 - INFO - MainThread - server_logic - [DEBUG] found replica for vector: 4
2025-11-18 17:24:24,269 - INFO - MainThread - server_logic - [DEBUG] found replica for vector: 1
2025-11-18 17:24:24,269 - INFO - MainThread - server_logic - [DEBUG] found replica for vector: 2
2025-11-18 17:24:24,269 - INFO - MainThread - server_logic - [DEBUG] found replica for vector: 3
2025-11-18 17:24:24,269 - INFO - MainThread - server_logic - [DEBUG] to me replica for vector: 3
2025-11-18 17:24:24,269 - INFO - MainThread - server_logic - [DEBUG] found replica for vector: 1
2025-11-18 17:24:24,269 - INFO - MainThread - server_logic - [DEBUG] found replica for vector: 2
2025-11-18 17:24:24,269 - INFO - MainThread - server_logic - [DEBUG] found replica for vector: 3
2025-11-18 17:24:24,269 - INFO - MainThread - server_logic - [DEBUG] to me replica for vector: 3
2025-11-18 17:24:24,269 - INFO - MainThread - server_logic - [DEBUG] found replica for vector: 1
2025-11-18 17:24:24,269 - INFO - MainThread - server_logic - [DEBUG] found replica for vector: 2
2025-11-18 17:24:24,269 - INFO - MainThread - server_logic - [DEBUG] found replica for vector: 3
2025-11-18 17:24:24,269 - INFO - MainThread - server_logic - [DEBUG] found replica for vector: 4
2025-11-18 17:24:24,270 - INFO - MainThread - server_logic - [DEBUG] found replica for vector: 1
2025-11-18 17:24:24,270 - INFO - MainThread - server_logic - [DEBUG] found replica for vector: 2
2025-11-18 17:24:24,270 - INFO - MainThread - server_logic - [DEBUG] found replica for vector: 3
2025-11-18 17:24:24,270 - INFO - MainThread - server_logic - [DEBUG] found replica for vector: 4
2025-11-18 17:24:24,270 - INFO - MainThread - server_logic - [DEBUG] found replica for vector: 1
2025-11-18 17:24:24,270 - INFO - MainThread - server_logic - [DEBUG] found replica for vector: 2
2025-11-18 17:24:24,270 - INFO - MainThread - server_logic - [DEBUG] found replica for vector: 3
2025-11-18 17:24:24,270 - INFO - MainThread - server_logic - [DEBUG] found replica for vector: 4
2025-11-18 17:24:24,270 - INFO - MainThread - server_logic - [DEBUG] found replica for vector: 1
2025-11-18 17:24:24,270 - INFO - MainThread - server_logic - [DEBUG] found replica for vector: 2
2025-11-18 17:24:24,270 - INFO - MainThread - server_logic - [DEBUG] found replica for vector: 3
2025-11-18 17:24:24,270 - INFO - MainThread - server_logic - [DEBUG] to me replica for vector: 3
2025-11-18 17:24:24,270 - INFO - MainThread - server_logic - [DEBUG] found replica for vector: 1
2025-11-18 17:24:24,270 - INFO - MainThread - server_logic - [DEBUG] found replica for vector: 2
2025-11-18 17:24:24,270 - INFO - MainThread - server_logic - [DEBUG] found replica for vector: 3
2025-11-18 17:24:24,270 - INFO - MainThread - server_logic - [DEBUG] to me replica for vector: 3
2025-11-18 17:24:24,270 - INFO - MainThread - server_logic - [DEBUG] found replica for vector: 1
2025-11-18 17:24:24,270 - INFO - MainThread - server_logic - [DEBUG] found replica for vector: 2
2025-11-18 17:24:24,270 - INFO - MainThread - server_logic - [DEBUG] found replica for vector: 3
2025-11-18 17:24:24,270 - INFO - MainThread - server_logic - [DEBUG] found replica for vector: 4
2025-11-18 17:24:24,270 - INFO - MainThread - server_logic - [DEBUG] found replica for vector: 1
2025-11-18 17:24:24,270 - INFO - MainThread - server_logic - [DEBUG] found replica for vector: 2
2025-11-18 17:24:24,270 - INFO - MainThread - server_logic - [DEBUG] found replica for vector: 3
2025-11-18 17:24:24,270 - INFO - MainThread - server_logic - [DEBUG] found replica for vector: 4
2025-11-18 17:24:24,270 - INFO - MainThread - server_logic - [DEBUG] found replica for vector: 1
2025-11-18 17:24:24,270 - INFO - MainThread - server_logic - [DEBUG] found replica for vector: 2
2025-11-18 17:24:24,270 - INFO - MainThread - server_logic - [DEBUG] found replica for vector: 3
2025-11-18 17:24:24,270 - INFO - MainThread - server_logic - [DEBUG] to me replica for vector: 3
2025-11-18 17:24:24,270 - INFO - MainThread - server_logic - [DEBUG] found replica for vector: 1
2025-11-18 17:24:24,270 - INFO - MainThread - server_logic - [DEBUG] found replica for vector: 2
2025-11-18 17:24:24,270 - INFO - MainThread - server_logic - [DEBUG] found replica for vector: 3
2025-11-18 17:24:24,270 - INFO - MainThread - server_logic - [DEBUG] to me replica for vector: 3
2025-11-18 17:24:24,270 - INFO - MainThread - server_logic - [DEBUG] found replica for vector: 1
2025-11-18 17:24:24,270 - INFO - MainThread - server_logic - [DEBUG] found replica for vector: 2
2025-11-18 17:24:24,270 - INFO - MainThread - server_logic - [DEBUG] found replica for vector: 3
2025-11-18 17:24:24,270 - INFO - MainThread - server_logic - [DEBUG] found replica for vector: 4
2025-11-18 17:24:24,270 - INFO - MainThread - server_logic - [DEBUG] found replica for vector: 1
2025-11-18 17:24:24,270 - INFO - MainThread - server_logic - [DEBUG] found replica for vector: 2
2025-11-18 17:24:24,270 - INFO - MainThread - server_logic - [DEBUG] found replica for vector: 3
2025-11-18 17:24:24,270 - INFO - MainThread - server_logic - [DEBUG] found replica for vector: 4
2025-11-18 17:24:24,270 - INFO - MainThread - server_logic - [DEBUG] found replica for vector: 1
2025-11-18 17:24:24,270 - INFO - MainThread - server_logic - [DEBUG] found replica for vector: 2
2025-11-18 17:24:24,270 - INFO - MainThread - server_logic - [DEBUG] found replica for vector: 3
2025-11-18 17:24:24,270 - INFO - MainThread - server_logic - [DEBUG] found replica for vector: 4
2025-11-18 17:24:24,270 - INFO - MainThread - server_logic - [DEBUG] found replica for vector: 1
2025-11-18 17:24:24,270 - INFO - MainThread - server_logic - [DEBUG] found replica for vector: 2
2025-11-18 17:24:24,270 - INFO - MainThread - server_logic - [DEBUG] found replica for vector: 3
2025-11-18 17:24:24,270 - INFO - MainThread - server_logic - [DEBUG] to me replica for vector: 3
2025-11-18 17:24:24,270 - INFO - MainThread - server_logic - [DEBUG] found replica for vector: 1
2025-11-18 17:24:24,270 - INFO - MainThread - server_logic - [DEBUG] found replica for vector: 2
2025-11-18 17:24:24,270 - INFO - MainThread - server_logic - [DEBUG] found replica for vector: 3
2025-11-18 17:24:24,270 - INFO - MainThread - server_logic - [DEBUG] to me replica for vector: 3
2025-11-18 17:24:24,270 - INFO - MainThread - server_logic - [DEBUG] found replica for vector: 1
2025-11-18 17:24:24,270 - INFO - MainThread - server_logic - [DEBUG] found replica for vector: 2
2025-11-18 17:24:24,270 - INFO - MainThread - server_logic - [DEBUG] found replica for vector: 3
2025-11-18 17:24:24,270 - INFO - MainThread - server_logic - [DEBUG] to me replica for vector: 3
2025-11-18 17:24:24,271 - INFO - MainThread - server_logic - [DEBUG] found replica for vector: 1
2025-11-18 17:24:24,271 - INFO - MainThread - server_logic - [DEBUG] found replica for vector: 2
2025-11-18 17:24:24,271 - INFO - MainThread - server_logic - [DEBUG] found replica for vector: 3
2025-11-18 17:24:24,271 - INFO - MainThread - server_logic - [DEBUG] found replica for vector: 4
2025-11-18 17:24:24,271 - INFO - MainThread - server_logic - [DEBUG] found replica for vector: 1
2025-11-18 17:24:24,271 - INFO - MainThread - server_logic - [DEBUG] found replica for vector: 2
2025-11-18 17:24:24,271 - INFO - MainThread - server_logic - [DEBUG] found replica for vector: 3
2025-11-18 17:24:24,271 - INFO - MainThread - server_logic - [DEBUG] to me replica for vector: 3
2025-11-18 17:24:24,271 - INFO - MainThread - server_logic - [DEBUG] found replica for vector: 1
2025-11-18 17:24:24,271 - INFO - MainThread - server_logic - [DEBUG] found replica for vector: 2
2025-11-18 17:24:24,271 - INFO - MainThread - server_logic - [DEBUG] found replica for vector: 3
2025-11-18 17:24:24,271 - INFO - MainThread - server_logic - [DEBUG] found replica for vector: 4
2025-11-18 17:24:24,271 - INFO - MainThread - server_logic - [DEBUG] found replica for vector: 1
2025-11-18 17:24:24,271 - INFO - MainThread - server_logic - [DEBUG] found replica for vector: 2
2025-11-18 17:24:24,271 - INFO - MainThread - server_logic - [DEBUG] found replica for vector: 3
2025-11-18 17:24:24,271 - INFO - MainThread - server_logic - [DEBUG] found replica for vector: 4
2025-11-18 17:24:24,271 - INFO - MainThread - server_logic - [DEBUG] found replica for vector: 1
2025-11-18 17:24:24,271 - INFO - MainThread - server_logic - [DEBUG] found replica for vector: 2
2025-11-18 17:24:24,271 - INFO - MainThread - server_logic - [DEBUG] found replica for vector: 3
2025-11-18 17:24:24,271 - INFO - MainThread - server_logic - [DEBUG] to me replica for vector: 3
2025-11-18 17:24:24,271 - INFO - MainThread - server_logic - [DEBUG] found replica for vector: 1
2025-11-18 17:24:24,271 - INFO - MainThread - server_logic - [DEBUG] found replica for vector: 2
2025-11-18 17:24:24,271 - INFO - MainThread - server_logic - [DEBUG] found replica for vector: 3
2025-11-18 17:24:24,271 - INFO - MainThread - server_logic - [DEBUG] found replica for vector: 4
2025-11-18 17:24:24,271 - INFO - MainThread - server_logic - [DEBUG] found replica for vector: 1
2025-11-18 17:24:24,271 - INFO - MainThread - server_logic - [DEBUG] found replica for vector: 2
2025-11-18 17:24:24,271 - INFO - MainThread - server_logic - [DEBUG] found replica for vector: 3
2025-11-18 17:24:24,271 - INFO - MainThread - server_logic - [DEBUG] found replica for vector: 4
2025-11-18 17:24:24,271 - INFO - MainThread - server_logic - [DEBUG] found replica for vector: 1
2025-11-18 17:24:24,271 - INFO - MainThread - server_logic - [DEBUG] found replica for vector: 2
2025-11-18 17:24:24,271 - INFO - MainThread - server_logic - [DEBUG] found replica for vector: 3
2025-11-18 17:24:24,271 - INFO - MainThread - server_logic - [DEBUG] to me replica for vector: 3
2025-11-18 17:24:24,271 - INFO - MainThread - server_logic - [DEBUG] found replica for vector: 1
2025-11-18 17:24:24,271 - INFO - MainThread - server_logic - [DEBUG] found replica for vector: 2
2025-11-18 17:24:24,271 - INFO - MainThread - server_logic - [DEBUG] found replica for vector: 3
2025-11-18 17:24:24,271 - INFO - MainThread - server_logic - [DEBUG] found replica for vector: 4
2025-11-18 17:24:24,271 - INFO - MainThread - server_logic - [DEBUG] found replica for vector: 1
2025-11-18 17:24:24,271 - INFO - MainThread - server_logic - [DEBUG] found replica for vector: 2
2025-11-18 17:24:24,271 - INFO - MainThread - server_logic - [DEBUG] found replica for vector: 3
2025-11-18 17:24:24,271 - INFO - MainThread - server_logic - [DEBUG] to me replica for vector: 3
2025-11-18 17:24:24,271 - INFO - MainThread - server_logic - [DEBUG] found replica for vector: 1
2025-11-18 17:24:24,271 - INFO - MainThread - server_logic - [DEBUG] found replica for vector: 2
2025-11-18 17:24:24,271 - INFO - MainThread - server_logic - [DEBUG] found replica for vector: 3
2025-11-18 17:24:24,271 - INFO - MainThread - server_logic - [DEBUG] found replica for vector: 4
2025-11-18 17:24:24,271 - INFO - MainThread - server_logic - [DEBUG] found replica for vector: 1
2025-11-18 17:24:24,271 - INFO - MainThread - server_logic - [DEBUG] found replica for vector: 2
2025-11-18 17:24:24,271 - INFO - MainThread - server_logic - [DEBUG] found replica for vector: 3
2025-11-18 17:24:24,271 - INFO - MainThread - server_logic - [DEBUG] to me replica for vector: 3
2025-11-18 17:24:24,271 - INFO - MainThread - server_logic - [DEBUG] found replica for vector: 1
2025-11-18 17:24:24,271 - INFO - MainThread - server_logic - [DEBUG] found replica for vector: 2
2025-11-18 17:24:24,271 - INFO - MainThread - server_logic - [DEBUG] found replica for vector: 3
2025-11-18 17:24:24,271 - INFO - MainThread - server_logic - [DEBUG] found replica for vector: 4
2025-11-18 17:24:24,271 - INFO - MainThread - server_logic - [DEBUG] found replica for vector: 1
2025-11-18 17:24:24,271 - INFO - MainThread - server_logic - [DEBUG] found replica for vector: 2
2025-11-18 17:24:24,271 - INFO - MainThread - server_logic - [DEBUG] found replica for vector: 3
2025-11-18 17:24:24,271 - INFO - MainThread - server_logic - [DEBUG] to me replica for vector: 3
2025-11-18 17:24:24,272 - INFO - MainThread - server_logic - [DEBUG] found replica for vector: 1
2025-11-18 17:24:24,272 - INFO - MainThread - server_logic - [DEBUG] found replica for vector: 2
2025-11-18 17:24:24,272 - INFO - MainThread - server_logic - [DEBUG] found replica for vector: 3
2025-11-18 17:24:24,272 - INFO - MainThread - server_logic - [DEBUG] found replica for vector: 4
2025-11-18 17:24:24,272 - INFO - MainThread - server_logic - [DEBUG] found replica for vector: 1
2025-11-18 17:24:24,272 - INFO - MainThread - server_logic - [DEBUG] found replica for vector: 2
2025-11-18 17:24:24,272 - INFO - MainThread - server_logic - [DEBUG] found replica for vector: 3
2025-11-18 17:24:24,272 - INFO - MainThread - server_logic - [DEBUG] found replica for vector: 4
2025-11-18 17:24:24,272 - INFO - MainThread - server_logic - [DEBUG] found replica for vector: 1
2025-11-18 17:24:24,272 - INFO - MainThread - server_logic - [DEBUG] found replica for vector: 2
2025-11-18 17:24:24,272 - INFO - MainThread - server_logic - [DEBUG] found replica for vector: 3
2025-11-18 17:24:24,272 - INFO - MainThread - server_logic - [DEBUG] found replica for vector: 4
2025-11-18 17:24:24,272 - INFO - MainThread - server_logic - [DEBUG] found replica for vector: 1
2025-11-18 17:24:24,272 - INFO - MainThread - server_logic - [DEBUG] found replica for vector: 2
2025-11-18 17:24:24,272 - INFO - MainThread - server_logic - [DEBUG] found replica for vector: 3
2025-11-18 17:24:24,272 - INFO - MainThread - server_logic - [DEBUG] to me replica for vector: 3
2025-11-18 17:24:24,272 - INFO - MainThread - server_logic - [DEBUG] found replica for vector: 1
2025-11-18 17:24:24,272 - INFO - MainThread - server_logic - [DEBUG] found replica for vector: 2
2025-11-18 17:24:24,272 - INFO - MainThread - server_logic - [DEBUG] found replica for vector: 3
2025-11-18 17:24:24,272 - INFO - MainThread - server_logic - [DEBUG] to me replica for vector: 3
2025-11-18 17:24:24,272 - INFO - MainThread - server_logic - [DEBUG] found replica for vector: 1
2025-11-18 17:24:24,272 - INFO - MainThread - server_logic - [DEBUG] found replica for vector: 2
2025-11-18 17:24:24,272 - INFO - MainThread - server_logic - [DEBUG] found replica for vector: 3
2025-11-18 17:24:24,272 - INFO - MainThread - server_logic - [DEBUG] to me replica for vector: 3
2025-11-18 17:24:24,272 - INFO - MainThread - server_logic - [DEBUG] found replica for vector: 1
2025-11-18 17:24:24,272 - INFO - MainThread - server_logic - [DEBUG] found replica for vector: 2
2025-11-18 17:24:24,272 - INFO - MainThread - server_logic - [DEBUG] found replica for vector: 3
2025-11-18 17:24:24,272 - INFO - MainThread - server_logic - [DEBUG] found replica for vector: 4
2025-11-18 17:24:24,272 - INFO - MainThread - server_logic - [DEBUG] found replica for vector: 1
2025-11-18 17:24:24,272 - INFO - MainThread - server_logic - [DEBUG] found replica for vector: 2
2025-11-18 17:24:24,272 - INFO - MainThread - server_logic - [DEBUG] found replica for vector: 3
2025-11-18 17:24:24,272 - INFO - MainThread - server_logic - [DEBUG] to me replica for vector: 3
2025-11-18 17:24:24,272 - INFO - MainThread - server_logic - [DEBUG] found replica for vector: 1
2025-11-18 17:24:24,272 - INFO - MainThread - server_logic - [DEBUG] found replica for vector: 2
2025-11-18 17:24:24,272 - INFO - MainThread - server_logic - [DEBUG] found replica for vector: 3
2025-11-18 17:24:24,272 - INFO - MainThread - server_logic - [DEBUG] found replica for vector: 4
2025-11-18 17:24:24,272 - INFO - MainThread - server_logic - [DEBUG] found replica for vector: 1
2025-11-18 17:24:24,272 - INFO - MainThread - server_logic - [DEBUG] found replica for vector: 2
2025-11-18 17:24:24,272 - INFO - MainThread - server_logic - [DEBUG] found replica for vector: 3
2025-11-18 17:24:24,272 - INFO - MainThread - server_logic - [DEBUG] found replica for vector: 4
2025-11-18 17:24:24,272 - INFO - MainThread - server_logic - [DEBUG] found replica for vector: 1
2025-11-18 17:24:24,272 - INFO - MainThread - server_logic - [DEBUG] found replica for vector: 2
2025-11-18 17:24:24,272 - INFO - MainThread - server_logic - [DEBUG] found replica for vector: 3
2025-11-18 17:24:24,272 - INFO - MainThread - server_logic - [DEBUG] to me replica for vector: 3
2025-11-18 17:24:24,272 - INFO - MainThread - server_logic - [DEBUG] found replica for vector: 1
2025-11-18 17:24:24,272 - INFO - MainThread - server_logic - [DEBUG] found replica for vector: 2
2025-11-18 17:24:24,272 - INFO - MainThread - server_logic - [DEBUG] found replica for vector: 3
2025-11-18 17:24:24,272 - INFO - MainThread - server_logic - [DEBUG] to me replica for vector: 3
2025-11-18 17:24:24,272 - INFO - MainThread - server_logic - [DEBUG] found replica for vector: 1
2025-11-18 17:24:24,272 - INFO - MainThread - server_logic - [DEBUG] found replica for vector: 2
2025-11-18 17:24:24,272 - INFO - MainThread - server_logic - [DEBUG] found replica for vector: 3
2025-11-18 17:24:24,272 - INFO - MainThread - server_logic - [DEBUG] to me replica for vector: 3
2025-11-18 17:24:24,272 - INFO - MainThread - server_logic - [DEBUG] found replica for vector: 1
2025-11-18 17:24:24,272 - INFO - MainThread - server_logic - [DEBUG] found replica for vector: 2
2025-11-18 17:24:24,272 - INFO - MainThread - server_logic - [DEBUG] found replica for vector: 3
2025-11-18 17:24:24,272 - INFO - MainThread - server_logic - [DEBUG] to me replica for vector: 3
2025-11-18 17:24:24,272 - INFO - MainThread - server_logic - [DEBUG] found replica for vector: 1
2025-11-18 17:24:24,273 - INFO - MainThread - server_logic - [DEBUG] found replica for vector: 2
2025-11-18 17:24:24,273 - INFO - MainThread - server_logic - [DEBUG] found replica for vector: 3
2025-11-18 17:24:24,273 - INFO - MainThread - server_logic - [DEBUG] to me replica for vector: 3
2025-11-18 17:24:24,273 - INFO - MainThread - server_logic - [DEBUG] found replica for vector: 1
2025-11-18 17:24:24,273 - INFO - MainThread - server_logic - [DEBUG] found replica for vector: 2
2025-11-18 17:24:24,273 - INFO - MainThread - server_logic - [DEBUG] found replica for vector: 3
2025-11-18 17:24:24,273 - INFO - MainThread - server_logic - [DEBUG] found replica for vector: 4
2025-11-18 17:24:24,273 - INFO - MainThread - server_logic - [DEBUG] found replica for vector: 1
2025-11-18 17:24:24,273 - INFO - MainThread - server_logic - [DEBUG] found replica for vector: 2
2025-11-18 17:24:24,273 - INFO - MainThread - server_logic - [DEBUG] found replica for vector: 3
2025-11-18 17:24:24,273 - INFO - MainThread - server_logic - [DEBUG] found replica for vector: 4
2025-11-18 17:24:24,273 - INFO - MainThread - server_logic - [DEBUG] found replica for vector: 1
2025-11-18 17:24:24,273 - INFO - MainThread - server_logic - [DEBUG] found replica for vector: 2
2025-11-18 17:24:24,273 - INFO - MainThread - server_logic - [DEBUG] found replica for vector: 3
2025-11-18 17:24:24,273 - INFO - MainThread - server_logic - [DEBUG] found replica for vector: 4
2025-11-18 17:24:24,273 - INFO - MainThread - server_logic - [DEBUG] found replica for vector: 1
2025-11-18 17:24:24,273 - INFO - MainThread - server_logic - [DEBUG] found replica for vector: 2
2025-11-18 17:24:24,273 - INFO - MainThread - server_logic - [DEBUG] found replica for vector: 3
2025-11-18 17:24:24,273 - INFO - MainThread - server_logic - [DEBUG] found replica for vector: 4
2025-11-18 17:24:24,273 - INFO - MainThread - server_logic - [DEBUG] found replica for vector: 1
2025-11-18 17:24:24,273 - INFO - MainThread - server_logic - [DEBUG] found replica for vector: 2
2025-11-18 17:24:24,273 - INFO - MainThread - server_logic - [DEBUG] found replica for vector: 3
2025-11-18 17:24:24,273 - INFO - MainThread - server_logic - [DEBUG] found replica for vector: 4
2025-11-18 17:24:24,273 - INFO - MainThread - server_logic - [DEBUG] found replica for vector: 1
2025-11-18 17:24:24,273 - INFO - MainThread - server_logic - [DEBUG] found replica for vector: 2
2025-11-18 17:24:24,273 - INFO - MainThread - server_logic - [DEBUG] found replica for vector: 3
2025-11-18 17:24:24,273 - INFO - MainThread - server_logic - [DEBUG] found replica for vector: 4
2025-11-18 17:24:24,273 - INFO - MainThread - server_logic - [DEBUG] found replica for vector: 1
2025-11-18 17:24:24,273 - INFO - MainThread - server_logic - [DEBUG] found replica for vector: 2
2025-11-18 17:24:24,273 - INFO - MainThread - server_logic - [DEBUG] found replica for vector: 3
2025-11-18 17:24:24,273 - INFO - MainThread - server_logic - [DEBUG] found replica for vector: 4
2025-11-18 17:24:24,273 - INFO - MainThread - server_logic - [DEBUG] found replica for vector: 1
2025-11-18 17:24:24,273 - INFO - MainThread - server_logic - [DEBUG] found replica for vector: 2
2025-11-18 17:24:24,273 - INFO - MainThread - server_logic - [DEBUG] found replica for vector: 3
2025-11-18 17:24:24,273 - INFO - MainThread - server_logic - [DEBUG] found replica for vector: 4
2025-11-18 17:24:24,273 - INFO - MainThread - server_logic - [DEBUG] found replica for vector: 1
2025-11-18 17:24:24,273 - INFO - MainThread - server_logic - [DEBUG] found replica for vector: 2
2025-11-18 17:24:24,273 - INFO - MainThread - server_logic - [DEBUG] found replica for vector: 3
2025-11-18 17:24:24,273 - INFO - MainThread - server_logic - [DEBUG] found replica for vector: 4
2025-11-18 17:24:24,273 - INFO - MainThread - server_logic - [DEBUG] found replica for vector: 1
2025-11-18 17:24:24,273 - INFO - MainThread - server_logic - [DEBUG] found replica for vector: 2
2025-11-18 17:24:24,273 - INFO - MainThread - server_logic - [DEBUG] found replica for vector: 3
2025-11-18 17:24:24,273 - INFO - MainThread - server_logic - [DEBUG] to me replica for vector: 3
2025-11-18 17:24:24,273 - INFO - MainThread - server_logic - [DEBUG] found replica for vector: 1
2025-11-18 17:24:24,273 - INFO - MainThread - server_logic - [DEBUG] found replica for vector: 2
2025-11-18 17:24:24,273 - INFO - MainThread - server_logic - [DEBUG] found replica for vector: 3
2025-11-18 17:24:24,273 - INFO - MainThread - server_logic - [DEBUG] to me replica for vector: 3
2025-11-18 17:24:24,273 - INFO - MainThread - server_logic - [DEBUG] found replica for vector: 1
2025-11-18 17:24:24,273 - INFO - MainThread - server_logic - [DEBUG] found replica for vector: 2
2025-11-18 17:24:24,273 - INFO - MainThread - server_logic - [DEBUG] found replica for vector: 3
2025-11-18 17:24:24,273 - INFO - MainThread - server_logic - [DEBUG] found replica for vector: 4
2025-11-18 17:24:24,273 - INFO - MainThread - server_logic - [DEBUG] found replica for vector: 1
2025-11-18 17:24:24,273 - INFO - MainThread - server_logic - [DEBUG] found replica for vector: 2
2025-11-18 17:24:24,273 - INFO - MainThread - server_logic - [DEBUG] found replica for vector: 3
2025-11-18 17:24:24,273 - INFO - MainThread - server_logic - [DEBUG] found replica for vector: 4
2025-11-18 17:24:24,273 - INFO - MainThread - server_logic - [DEBUG] found replica for vector: 1
2025-11-18 17:24:24,274 - INFO - MainThread - server_logic - [DEBUG] found replica for vector: 2
2025-11-18 17:24:24,274 - INFO - MainThread - server_logic - [DEBUG] found replica for vector: 3
2025-11-18 17:24:24,274 - INFO - MainThread - server_logic - [DEBUG] to me replica for vector: 3
2025-11-18 17:24:24,274 - INFO - MainThread - server_logic - [DEBUG] found replica for vector: 1
2025-11-18 17:24:24,274 - INFO - MainThread - server_logic - [DEBUG] found replica for vector: 2
2025-11-18 17:24:24,274 - INFO - MainThread - server_logic - [DEBUG] found replica for vector: 3
2025-11-18 17:24:24,274 - INFO - MainThread - server_logic - [DEBUG] found replica for vector: 4
2025-11-18 17:24:24,274 - INFO - MainThread - server_logic - [DEBUG] found replica for vector: 1
2025-11-18 17:24:24,274 - INFO - MainThread - server_logic - [DEBUG] found replica for vector: 2
2025-11-18 17:24:24,274 - INFO - MainThread - server_logic - [DEBUG] found replica for vector: 3
2025-11-18 17:24:24,274 - INFO - MainThread - server_logic - [DEBUG] to me replica for vector: 3
2025-11-18 17:24:24,274 - INFO - MainThread - server_logic - [DEBUG] found replica for vector: 1
2025-11-18 17:24:24,274 - INFO - MainThread - server_logic - [DEBUG] found replica for vector: 2
2025-11-18 17:24:24,274 - INFO - MainThread - server_logic - [DEBUG] found replica for vector: 3
2025-11-18 17:24:24,274 - INFO - MainThread - server_logic - [DEBUG] found replica for vector: 4
2025-11-18 17:24:24,274 - INFO - MainThread - server_logic - [DEBUG] found replica for vector: 1
2025-11-18 17:24:24,274 - INFO - MainThread - server_logic - [DEBUG] found replica for vector: 2
2025-11-18 17:24:24,274 - INFO - MainThread - server_logic - [DEBUG] found replica for vector: 3
2025-11-18 17:24:24,274 - INFO - MainThread - server_logic - [DEBUG] found replica for vector: 4
2025-11-18 17:24:24,274 - INFO - MainThread - server_logic - [DEBUG] found replica for vector: 1
2025-11-18 17:24:24,274 - INFO - MainThread - server_logic - [DEBUG] found replica for vector: 2
2025-11-18 17:24:24,274 - INFO - MainThread - server_logic - [DEBUG] found replica for vector: 3
2025-11-18 17:24:24,274 - INFO - MainThread - server_logic - [DEBUG] found replica for vector: 4
2025-11-18 17:24:24,274 - INFO - MainThread - server_logic - [DEBUG] found replica for vector: 1
2025-11-18 17:24:24,274 - INFO - MainThread - server_logic - [DEBUG] found replica for vector: 2
2025-11-18 17:24:24,274 - INFO - MainThread - server_logic - [DEBUG] found replica for vector: 3
2025-11-18 17:24:24,274 - INFO - MainThread - server_logic - [DEBUG] to me replica for vector: 3
2025-11-18 17:24:24,274 - INFO - MainThread - server_logic - [DEBUG] found replica for vector: 1
2025-11-18 17:24:24,274 - INFO - MainThread - server_logic - [DEBUG] found replica for vector: 2
2025-11-18 17:24:24,274 - INFO - MainThread - server_logic - [DEBUG] found replica for vector: 3
2025-11-18 17:24:24,274 - INFO - MainThread - server_logic - [DEBUG] found replica for vector: 4
2025-11-18 17:24:24,274 - INFO - MainThread - server_logic - [DEBUG] found replica for vector: 1
2025-11-18 17:24:24,274 - INFO - MainThread - server_logic - [DEBUG] found replica for vector: 2
2025-11-18 17:24:24,274 - INFO - MainThread - server_logic - [DEBUG] found replica for vector: 3
2025-11-18 17:24:24,274 - INFO - MainThread - server_logic - [DEBUG] to me replica for vector: 3
2025-11-18 17:24:24,274 - INFO - MainThread - server_logic - [DEBUG] found replica for vector: 1
2025-11-18 17:24:24,274 - INFO - MainThread - server_logic - [DEBUG] found replica for vector: 2
2025-11-18 17:24:24,274 - INFO - MainThread - server_logic - [DEBUG] found replica for vector: 3
2025-11-18 17:24:24,274 - INFO - MainThread - server_logic - [DEBUG] to me replica for vector: 3
2025-11-18 17:24:24,274 - INFO - MainThread - server_logic - [DEBUG] found replica for vector: 1
2025-11-18 17:24:24,274 - INFO - MainThread - server_logic - [DEBUG] found replica for vector: 2
2025-11-18 17:24:24,274 - INFO - MainThread - server_logic - [DEBUG] found replica for vector: 3
2025-11-18 17:24:24,274 - INFO - MainThread - server_logic - [DEBUG] to me replica for vector: 3
2025-11-18 17:24:24,274 - INFO - MainThread - server_logic - [DEBUG] found replica for vector: 1
2025-11-18 17:24:24,274 - INFO - MainThread - server_logic - [DEBUG] found replica for vector: 2
2025-11-18 17:24:24,274 - INFO - MainThread - server_logic - [DEBUG] found replica for vector: 3
2025-11-18 17:24:24,274 - INFO - MainThread - server_logic - [DEBUG] to me replica for vector: 3
2025-11-18 17:24:24,274 - INFO - MainThread - server_logic - [DEBUG] found replica for vector: 1
2025-11-18 17:24:24,274 - INFO - MainThread - server_logic - [DEBUG] found replica for vector: 2
2025-11-18 17:24:24,274 - INFO - MainThread - server_logic - [DEBUG] found replica for vector: 3
2025-11-18 17:24:24,274 - INFO - MainThread - server_logic - [DEBUG] to me replica for vector: 3
2025-11-18 17:24:24,274 - INFO - MainThread - server_logic - [DEBUG] found replica for vector: 1
2025-11-18 17:24:24,274 - INFO - MainThread - server_logic - [DEBUG] found replica for vector: 2
2025-11-18 17:24:24,274 - INFO - MainThread - server_logic - [DEBUG] found replica for vector: 3
2025-11-18 17:24:24,274 - INFO - MainThread - server_logic - [DEBUG] found replica for vector: 4
2025-11-18 17:24:24,274 - INFO - MainThread - server_logic - [DEBUG] found replica for vector: 1
2025-11-18 17:24:24,274 - INFO - MainThread - server_logic - [DEBUG] found replica for vector: 2
2025-11-18 17:24:24,274 - INFO - MainThread - server_logic - [DEBUG] found replica for vector: 3
2025-11-18 17:24:24,275 - INFO - MainThread - server_logic - [DEBUG] found replica for vector: 4
2025-11-18 17:24:24,275 - INFO - MainThread - server_logic - [DEBUG] found replica for vector: 1
2025-11-18 17:24:24,275 - INFO - MainThread - server_logic - [DEBUG] found replica for vector: 2
2025-11-18 17:24:24,275 - INFO - MainThread - server_logic - [DEBUG] found replica for vector: 3
2025-11-18 17:24:24,275 - INFO - MainThread - server_logic - [DEBUG] found replica for vector: 4
2025-11-18 17:24:24,275 - INFO - MainThread - server_logic - [DEBUG] found replica for vector: 1
2025-11-18 17:24:24,275 - INFO - MainThread - server_logic - [DEBUG] found replica for vector: 2
2025-11-18 17:24:24,275 - INFO - MainThread - server_logic - [DEBUG] found replica for vector: 3
2025-11-18 17:24:24,275 - INFO - MainThread - server_logic - [DEBUG] to me replica for vector: 3
2025-11-18 17:24:24,275 - INFO - MainThread - server_logic - [DEBUG] found replica for vector: 1
2025-11-18 17:24:24,275 - INFO - MainThread - server_logic - [DEBUG] found replica for vector: 2
2025-11-18 17:24:24,275 - INFO - MainThread - server_logic - [DEBUG] found replica for vector: 3
2025-11-18 17:24:24,275 - INFO - MainThread - server_logic - [DEBUG] found replica for vector: 4
2025-11-18 17:24:24,275 - INFO - MainThread - server_logic - [Router] Distribution: Peer node1: 56, Peer node2: 56, Peer node3: 56, Peer node4: 56, Peer node5: 56, Peer node6: 61, Peer node7: 61, Peer node8: 61, Peer node9: 61, Peer node10: 83, Peer node11: 83, Peer node13: 83, Peer node14: 56, Peer node15: 56, Peer node16: 56, Me (node12): 83
2025-11-18 17:24:24,275 - INFO - MainThread - server_logic - --> [Peer Send] Sending 56 vectors to Peer node1 (localhost:9001) | Status: clustered
2025-11-18 17:24:24,341 - INFO - MainThread - server_logic - --> [Peer Send] Success: Sent vectors to node1
2025-11-18 17:24:24,341 - INFO - MainThread - server_logic - --> [Peer Send] Sending 56 vectors to Peer node2 (localhost:9002) | Status: clustered
2025-11-18 17:24:24,407 - INFO - MainThread - server_logic - --> [Peer Send] Success: Sent vectors to node2
2025-11-18 17:24:24,407 - INFO - MainThread - server_logic - --> [Peer Send] Sending 56 vectors to Peer node3 (localhost:9003) | Status: clustered
2025-11-18 17:24:24,473 - INFO - MainThread - server_logic - --> [Peer Send] Success: Sent vectors to node3
2025-11-18 17:24:24,474 - INFO - MainThread - server_logic - --> [Peer Send] Sending 56 vectors to Peer node4 (localhost:9004) | Status: clustered
2025-11-18 17:24:24,539 - INFO - MainThread - server_logic - --> [Peer Send] Success: Sent vectors to node4
2025-11-18 17:24:24,539 - INFO - MainThread - server_logic - --> [Peer Send] Sending 56 vectors to Peer node5 (localhost:9005) | Status: clustered
2025-11-18 17:24:24,608 - INFO - MainThread - server_logic - --> [Peer Send] Success: Sent vectors to node5
2025-11-18 17:24:24,608 - INFO - MainThread - server_logic - --> [Peer Send] Sending 61 vectors to Peer node6 (localhost:9006) | Status: clustered
2025-11-18 17:24:24,675 - INFO - MainThread - server_logic - --> [Peer Send] Success: Sent vectors to node6
2025-11-18 17:24:24,675 - INFO - MainThread - server_logic - --> [Peer Send] Sending 61 vectors to Peer node7 (localhost:9007) | Status: clustered
2025-11-18 17:24:24,744 - INFO - MainThread - server_logic - --> [Peer Send] Success: Sent vectors to node7
2025-11-18 17:24:24,744 - INFO - MainThread - server_logic - --> [Peer Send] Sending 61 vectors to Peer node8 (localhost:9008) | Status: clustered
2025-11-18 17:24:24,813 - INFO - MainThread - server_logic - --> [Peer Send] Success: Sent vectors to node8
2025-11-18 17:24:24,813 - INFO - MainThread - server_logic - --> [Peer Send] Sending 61 vectors to Peer node9 (localhost:9009) | Status: clustered
2025-11-18 17:24:24,880 - INFO - MainThread - server_logic - --> [Peer Send] Success: Sent vectors to node9
2025-11-18 17:24:24,881 - INFO - MainThread - server_logic - --> [Peer Send] Sending 83 vectors to Peer node10 (localhost:9010) | Status: clustered
2025-11-18 17:24:24,952 - INFO - MainThread - server_logic - --> [Peer Send] Success: Sent vectors to node10
2025-11-18 17:24:24,952 - INFO - MainThread - server_logic - --> [Peer Send] Sending 83 vectors to Peer node11 (localhost:9011) | Status: clustered
2025-11-18 17:24:25,026 - INFO - MainThread - server_logic - --> [Peer Send] Success: Sent vectors to node11
2025-11-18 17:24:25,026 - INFO - MainThread - server_logic - --> [Peer Send] Sending 83 vectors to Peer node13 (localhost:9013) | Status: clustered
2025-11-18 17:24:25,097 - INFO - MainThread - server_logic - --> [Peer Send] Success: Sent vectors to node13
2025-11-18 17:24:25,097 - INFO - MainThread - server_logic - --> [Peer Send] Sending 56 vectors to Peer node14 (localhost:9014) | Status: clustered
2025-11-18 17:24:25,162 - INFO - MainThread - server_logic - --> [Peer Send] Success: Sent vectors to node14
2025-11-18 17:24:25,162 - INFO - MainThread - server_logic - --> [Peer Send] Sending 56 vectors to Peer node15 (localhost:9015) | Status: clustered
2025-11-18 17:24:25,229 - INFO - MainThread - server_logic - --> [Peer Send] Success: Sent vectors to node15
2025-11-18 17:24:25,229 - INFO - MainThread - server_logic - --> [Peer Send] Sending 56 vectors to Peer node16 (localhost:9016) | Status: clustered
2025-11-18 17:24:25,297 - INFO - MainThread - server_logic - --> [Peer Send] Success: Sent vectors to node16
2025-11-18 17:24:25,297 - INFO - MainThread - server_logic - [Add Vectors] Processing 83 vectors. Sender Status: clustered. Current Node Status: clustered
2025-11-18 17:24:25,297 - INFO - MainThread - server_logic - [Add Vectors] Direct Insert: Storing 83 vectors in local Qdrant (Sender is clustered).
2025-11-18 17:24:25,349 - INFO - MainThread - httpx - HTTP Request: GET http://localhost:6355 "HTTP/1.1 200 OK"
2025-11-18 17:24:25,349 - INFO - MainThread - qdrant_module - [Qdrant] Attempting to insert 83 vectors into vectors on http://localhost:6355...
2025-11-18 17:24:25,362 - INFO - MainThread - qdrant_module - [Qdrant] Success: Inserted 83 vectors.
2025-11-18 17:24:25,363 - INFO - MainThread - __main__ - API: /add completed
2025-11-18 17:24:25,364 - INFO - MainThread - uvicorn.access - 127.0.0.1:54273 - "POST /add HTTP/1.1" 200
2025-11-18 17:24:26,287 - INFO - ThreadPoolExecutor-0_0 - grpc_handler - [GRPC IN] ReceiveVectors called. ReqID: 141, Type: clustered, Count: 64
2025-11-18 17:24:26,288 - INFO - ThreadPoolExecutor-0_0 - server_logic - [Add Vectors] Processing 64 vectors. Sender Status: clustered. Current Node Status: clustered
2025-11-18 17:24:26,288 - INFO - ThreadPoolExecutor-0_0 - server_logic - [Add Vectors] Direct Insert: Storing 64 vectors in local Qdrant (Sender is clustered).
2025-11-18 17:24:26,340 - INFO - ThreadPoolExecutor-0_0 - httpx - HTTP Request: GET http://localhost:6355 "HTTP/1.1 200 OK"
2025-11-18 17:24:26,341 - INFO - ThreadPoolExecutor-0_0 - qdrant_module - [Qdrant] Attempting to insert 64 vectors into vectors on http://localhost:6355...
2025-11-18 17:24:26,354 - INFO - ThreadPoolExecutor-0_0 - qdrant_module - [Qdrant] Success: Inserted 64 vectors.
2025-11-18 17:24:26,355 - INFO - ThreadPoolExecutor-0_0 - grpc_handler - [GRPC IN] ReceiveVectors processed successfully.
2025-11-18 17:24:27,478 - INFO - ThreadPoolExecutor-0_0 - grpc_handler - [GRPC IN] ReceiveVectors called. ReqID: 142, Type: clustered, Count: 78
2025-11-18 17:24:27,479 - INFO - ThreadPoolExecutor-0_0 - server_logic - [Add Vectors] Processing 78 vectors. Sender Status: clustered. Current Node Status: clustered
2025-11-18 17:24:27,479 - INFO - ThreadPoolExecutor-0_0 - server_logic - [Add Vectors] Direct Insert: Storing 78 vectors in local Qdrant (Sender is clustered).
2025-11-18 17:24:27,532 - INFO - ThreadPoolExecutor-0_0 - httpx - HTTP Request: GET http://localhost:6355 "HTTP/1.1 200 OK"
2025-11-18 17:24:27,532 - INFO - ThreadPoolExecutor-0_0 - qdrant_module - [Qdrant] Attempting to insert 78 vectors into vectors on http://localhost:6355...
2025-11-18 17:24:27,552 - INFO - ThreadPoolExecutor-0_0 - qdrant_module - [Qdrant] Success: Inserted 78 vectors.
2025-11-18 17:24:27,553 - INFO - ThreadPoolExecutor-0_0 - grpc_handler - [GRPC IN] ReceiveVectors processed successfully.
2025-11-18 17:24:28,699 - INFO - ThreadPoolExecutor-0_0 - grpc_handler - [GRPC IN] ReceiveVectors called. ReqID: 143, Type: clustered, Count: 81
2025-11-18 17:24:28,700 - INFO - ThreadPoolExecutor-0_0 - server_logic - [Add Vectors] Processing 81 vectors. Sender Status: clustered. Current Node Status: clustered
2025-11-18 17:24:28,700 - INFO - ThreadPoolExecutor-0_0 - server_logic - [Add Vectors] Direct Insert: Storing 81 vectors in local Qdrant (Sender is clustered).
2025-11-18 17:24:28,753 - INFO - ThreadPoolExecutor-0_0 - httpx - HTTP Request: GET http://localhost:6355 "HTTP/1.1 200 OK"
2025-11-18 17:24:28,754 - INFO - ThreadPoolExecutor-0_0 - qdrant_module - [Qdrant] Attempting to insert 81 vectors into vectors on http://localhost:6355...
2025-11-18 17:24:28,770 - INFO - ThreadPoolExecutor-0_0 - qdrant_module - [Qdrant] Success: Inserted 81 vectors.
2025-11-18 17:24:28,771 - INFO - ThreadPoolExecutor-0_0 - grpc_handler - [GRPC IN] ReceiveVectors processed successfully.
2025-11-18 17:24:29,925 - INFO - ThreadPoolExecutor-0_0 - grpc_handler - [GRPC IN] ReceiveVectors called. ReqID: 144, Type: clustered, Count: 74
2025-11-18 17:24:29,926 - INFO - ThreadPoolExecutor-0_0 - server_logic - [Add Vectors] Processing 74 vectors. Sender Status: clustered. Current Node Status: clustered
2025-11-18 17:24:29,926 - INFO - ThreadPoolExecutor-0_0 - server_logic - [Add Vectors] Direct Insert: Storing 74 vectors in local Qdrant (Sender is clustered).
2025-11-18 17:24:29,981 - INFO - ThreadPoolExecutor-0_0 - httpx - HTTP Request: GET http://localhost:6355 "HTTP/1.1 200 OK"
2025-11-18 17:24:29,981 - INFO - ThreadPoolExecutor-0_0 - qdrant_module - [Qdrant] Attempting to insert 74 vectors into vectors on http://localhost:6355...
2025-11-18 17:24:29,997 - INFO - ThreadPoolExecutor-0_0 - qdrant_module - [Qdrant] Success: Inserted 74 vectors.
2025-11-18 17:24:29,998 - INFO - ThreadPoolExecutor-0_0 - grpc_handler - [GRPC IN] ReceiveVectors processed successfully.
2025-11-18 17:24:31,742 - INFO - ThreadPoolExecutor-0_0 - grpc_handler - [GRPC IN] QueryPeer called. ReqID: 145, TopK: 5, Vectors: 2
2025-11-18 17:24:31,742 - INFO - ThreadPoolExecutor-0_0 - server_logic - [Local Query] Querying local Qdrant for 2 vectors.
2025-11-18 17:24:31,792 - INFO - ThreadPoolExecutor-0_0 - httpx - HTTP Request: GET http://localhost:6355 "HTTP/1.1 200 OK"
2025-11-18 17:24:31,793 - INFO - ThreadPoolExecutor-0_0 - qdrant_module - [Qdrant] Executing batch search for 2 vectors on http://localhost:6355...
2025-11-18 17:24:31,803 - INFO - ThreadPoolExecutor-0_0 - qdrant_module - [Qdrant] Success: found 10 results
2025-11-18 17:24:31,805 - INFO - ThreadPoolExecutor-0_0 - grpc_handler - [GRPC IN] QueryPeer returning 10 results.
2025-11-18 17:24:35,306 - INFO - MainThread - httpx - HTTP Request: GET http://localhost:6355 "HTTP/1.1 200 OK"
2025-11-18 17:24:35,322 - INFO - MainThread - uvicorn.access - 127.0.0.1:54587 - "GET /count_peer HTTP/1.1" 200
2025-11-18 17:24:38,859 - INFO - MainThread - uvicorn.error - Shutting down
2025-11-18 17:24:38,960 - INFO - MainThread - uvicorn.error - Waiting for application shutdown.
2025-11-18 17:24:38,960 - INFO - MainThread - uvicorn.error - Application shutdown complete.
2025-11-18 17:24:38,960 - INFO - MainThread - uvicorn.error - Finished server process [62129]
