2025-11-18 17:22:10,566 - INFO - MainThread - __main__ - *** SERVER STARTUP: node15 ***
2025-11-18 17:22:10,566 - INFO - MainThread - __main__ - Config: URL=http://localhost:8015, GRPC=localhost:9015, Qdrant=http://localhost:6361
2025-11-18 17:22:10,566 - INFO - MainThread - server_logic - ServerApp initialized: ID=node15, URL=http://localhost:8015, Coords=http://localhost:8001
2025-11-18 17:22:10,566 - INFO - MainThread - __main__ - Starting Uvicorn HTTP server on port 8015
2025-11-18 17:22:10,569 - INFO - GRPC-Thread - __main__ - gRPC server started on port 9015
2025-11-18 17:22:10,578 - INFO - MainThread - uvicorn.error - Started server process [62153]
2025-11-18 17:22:10,578 - INFO - MainThread - uvicorn.error - Waiting for application startup.
2025-11-18 17:22:10,578 - INFO - MainThread - uvicorn.error - Application startup complete.
2025-11-18 17:22:10,578 - INFO - MainThread - uvicorn.error - Uvicorn running on http://0.0.0.0:8015 (Press CTRL+C to quit)
2025-11-18 17:22:10,879 - INFO - MainThread - uvicorn.access - 127.0.0.1:49599 - "GET / HTTP/1.1" 200
2025-11-18 17:22:30,448 - INFO - MainThread - server_logic - [Add Peers] Adding 15 peers: [('node1', 'http://localhost:8001', 'localhost:9001'), ('node2', 'http://localhost:8002', 'localhost:9002'), ('node3', 'http://localhost:8003', 'localhost:9003'), ('node4', 'http://localhost:8004', 'localhost:9004'), ('node5', 'http://localhost:8005', 'localhost:9005'), ('node6', 'http://localhost:8006', 'localhost:9006'), ('node7', 'http://localhost:8007', 'localhost:9007'), ('node8', 'http://localhost:8008', 'localhost:9008'), ('node9', 'http://localhost:8009', 'localhost:9009'), ('node10', 'http://localhost:8010', 'localhost:9010'), ('node11', 'http://localhost:8011', 'localhost:9011'), ('node12', 'http://localhost:8012', 'localhost:9012'), ('node13', 'http://localhost:8013', 'localhost:9013'), ('node14', 'http://localhost:8014', 'localhost:9014'), ('node16', 'http://localhost:8016', 'localhost:9016')]
2025-11-18 17:22:30,449 - INFO - MainThread - uvicorn.access - 127.0.0.1:49633 - "POST /register_peers HTTP/1.1" 200
2025-11-18 17:22:31,980 - INFO - MainThread - __main__ - API: /add called. ReqID: 31, Vectors: 256
2025-11-18 17:22:31,980 - INFO - MainThread - server_logic - [Client Request] Client wants to add 256 vectors. My Status: bootstrap
2025-11-18 17:22:31,980 - INFO - MainThread - server_logic - [Client Request] Forwarding 256 vectors to Coordinator node1.
2025-11-18 17:22:31,980 - INFO - MainThread - server_logic - --> [Peer Send] Sending 256 vectors to Peer node1 (localhost:9001) | Status: bootstrap
2025-11-18 17:22:31,995 - INFO - MainThread - server_logic - --> [Peer Send] Success: Sent vectors to node1
2025-11-18 17:22:31,995 - INFO - MainThread - __main__ - API: /add completed
2025-11-18 17:22:31,996 - INFO - MainThread - uvicorn.access - 127.0.0.1:49678 - "POST /add HTTP/1.1" 200
2025-11-18 17:22:34,606 - INFO - MainThread - __main__ - API: /add called. ReqID: 47, Vectors: 256
2025-11-18 17:22:34,607 - INFO - MainThread - server_logic - [Client Request] Client wants to add 256 vectors. My Status: bootstrap
2025-11-18 17:22:34,607 - INFO - MainThread - server_logic - [Client Request] Forwarding 256 vectors to Coordinator node1.
2025-11-18 17:22:34,607 - INFO - MainThread - server_logic - --> [Peer Send] Sending 256 vectors to Peer node1 (localhost:9001) | Status: bootstrap
2025-11-18 17:22:34,760 - INFO - MainThread - server_logic - --> [Peer Send] Success: Sent vectors to node1
2025-11-18 17:22:34,760 - INFO - MainThread - __main__ - API: /add completed
2025-11-18 17:22:34,760 - INFO - MainThread - uvicorn.access - 127.0.0.1:49725 - "POST /add HTTP/1.1" 200
2025-11-18 17:22:37,034 - INFO - ThreadPoolExecutor-0_0 - grpc_handler - [GRPC IN] ReceiveVectors called. ReqID: 50, Type: clustered, Count: 77
2025-11-18 17:22:37,035 - INFO - ThreadPoolExecutor-0_0 - server_logic - [Add Vectors] Processing 77 vectors. Sender Status: clustered. Current Node Status: bootstrap
2025-11-18 17:22:37,035 - INFO - ThreadPoolExecutor-0_0 - server_logic - [Add Vectors] Direct Insert: Storing 77 vectors in local Qdrant (Sender is clustered).
2025-11-18 17:22:37,145 - INFO - ThreadPoolExecutor-0_0 - httpx - HTTP Request: GET http://localhost:6361 "HTTP/1.1 200 OK"
2025-11-18 17:22:37,145 - INFO - ThreadPoolExecutor-0_0 - qdrant_module - [Qdrant] Attempting to insert 77 vectors into vectors on http://localhost:6361...
2025-11-18 17:22:37,168 - INFO - ThreadPoolExecutor-0_0 - qdrant_module - [Qdrant] Success: Inserted 77 vectors.
2025-11-18 17:22:37,169 - INFO - ThreadPoolExecutor-0_0 - grpc_handler - [GRPC IN] ReceiveVectors processed successfully.
2025-11-18 17:22:37,914 - INFO - ThreadPoolExecutor-0_0 - grpc_handler - [GRPC IN] SetClusters called. ReqID: 24
2025-11-18 17:22:37,918 - INFO - ThreadPoolExecutor-0_0 - server_logic - [Set Clusters] Received assignment (ReqID: 24).
2025-11-18 17:22:37,919 - INFO - ThreadPoolExecutor-0_0 - server_logic - [Set Clusters] Storing 528 assigned vectors locally.
2025-11-18 17:22:37,919 - INFO - ThreadPoolExecutor-0_0 - server_logic - [Add Vectors] Processing 528 vectors. Sender Status: clustered. Current Node Status: clustered
2025-11-18 17:22:37,919 - INFO - ThreadPoolExecutor-0_0 - server_logic - [Add Vectors] Direct Insert: Storing 528 vectors in local Qdrant (Sender is clustered).
2025-11-18 17:22:37,975 - INFO - ThreadPoolExecutor-0_0 - httpx - HTTP Request: GET http://localhost:6361 "HTTP/1.1 200 OK"
2025-11-18 17:22:37,976 - INFO - ThreadPoolExecutor-0_0 - qdrant_module - [Qdrant] Attempting to insert 528 vectors into vectors on http://localhost:6361...
2025-11-18 17:22:38,023 - INFO - ThreadPoolExecutor-0_0 - qdrant_module - [Qdrant] Success: Inserted 528 vectors.
2025-11-18 17:22:38,077 - INFO - ThreadPoolExecutor-0_0 - httpx - HTTP Request: GET http://localhost:6361 "HTTP/1.1 200 OK"
2025-11-18 17:22:38,081 - INFO - ThreadPoolExecutor-0_0 - server_logic - [Set Clusters] Complete. My Total Count: 605
2025-11-18 17:22:38,081 - INFO - ThreadPoolExecutor-0_0 - grpc_handler - [GRPC IN] SetClusters applied successfully.
2025-11-18 17:22:38,437 - INFO - ThreadPoolExecutor-0_0 - grpc_handler - [GRPC IN] ReceiveVectors called. ReqID: 51, Type: clustered, Count: 74
2025-11-18 17:22:38,438 - INFO - ThreadPoolExecutor-0_0 - server_logic - [Add Vectors] Processing 74 vectors. Sender Status: clustered. Current Node Status: clustered
2025-11-18 17:22:38,438 - INFO - ThreadPoolExecutor-0_0 - server_logic - [Add Vectors] Direct Insert: Storing 74 vectors in local Qdrant (Sender is clustered).
2025-11-18 17:22:38,490 - INFO - ThreadPoolExecutor-0_0 - httpx - HTTP Request: GET http://localhost:6361 "HTTP/1.1 200 OK"
2025-11-18 17:22:38,491 - INFO - ThreadPoolExecutor-0_0 - qdrant_module - [Qdrant] Attempting to insert 74 vectors into vectors on http://localhost:6361...
2025-11-18 17:22:38,501 - INFO - ThreadPoolExecutor-0_0 - qdrant_module - [Qdrant] Success: Inserted 74 vectors.
2025-11-18 17:22:38,503 - INFO - ThreadPoolExecutor-0_0 - grpc_handler - [GRPC IN] ReceiveVectors processed successfully.
2025-11-18 17:22:39,651 - INFO - ThreadPoolExecutor-0_0 - grpc_handler - [GRPC IN] ReceiveVectors called. ReqID: 52, Type: clustered, Count: 70
2025-11-18 17:22:39,652 - INFO - ThreadPoolExecutor-0_0 - server_logic - [Add Vectors] Processing 70 vectors. Sender Status: clustered. Current Node Status: clustered
2025-11-18 17:22:39,652 - INFO - ThreadPoolExecutor-0_0 - server_logic - [Add Vectors] Direct Insert: Storing 70 vectors in local Qdrant (Sender is clustered).
2025-11-18 17:22:39,703 - INFO - ThreadPoolExecutor-0_0 - httpx - HTTP Request: GET http://localhost:6361 "HTTP/1.1 200 OK"
2025-11-18 17:22:39,704 - INFO - ThreadPoolExecutor-0_0 - qdrant_module - [Qdrant] Attempting to insert 70 vectors into vectors on http://localhost:6361...
2025-11-18 17:22:39,719 - INFO - ThreadPoolExecutor-0_0 - qdrant_module - [Qdrant] Success: Inserted 70 vectors.
2025-11-18 17:22:39,720 - INFO - ThreadPoolExecutor-0_0 - grpc_handler - [GRPC IN] ReceiveVectors processed successfully.
2025-11-18 17:22:40,986 - INFO - ThreadPoolExecutor-0_0 - grpc_handler - [GRPC IN] ReceiveVectors called. ReqID: 53, Type: clustered, Count: 59
2025-11-18 17:22:40,987 - INFO - ThreadPoolExecutor-0_0 - server_logic - [Add Vectors] Processing 59 vectors. Sender Status: clustered. Current Node Status: clustered
2025-11-18 17:22:40,987 - INFO - ThreadPoolExecutor-0_0 - server_logic - [Add Vectors] Direct Insert: Storing 59 vectors in local Qdrant (Sender is clustered).
2025-11-18 17:22:41,041 - INFO - ThreadPoolExecutor-0_0 - httpx - HTTP Request: GET http://localhost:6361 "HTTP/1.1 200 OK"
2025-11-18 17:22:41,041 - INFO - ThreadPoolExecutor-0_0 - qdrant_module - [Qdrant] Attempting to insert 59 vectors into vectors on http://localhost:6361...
2025-11-18 17:22:41,048 - INFO - ThreadPoolExecutor-0_0 - qdrant_module - [Qdrant] Success: Inserted 59 vectors.
2025-11-18 17:22:41,050 - INFO - ThreadPoolExecutor-0_0 - grpc_handler - [GRPC IN] ReceiveVectors processed successfully.
2025-11-18 17:22:42,174 - INFO - ThreadPoolExecutor-0_0 - grpc_handler - [GRPC IN] ReceiveVectors called. ReqID: 54, Type: clustered, Count: 64
2025-11-18 17:22:42,175 - INFO - ThreadPoolExecutor-0_0 - server_logic - [Add Vectors] Processing 64 vectors. Sender Status: clustered. Current Node Status: clustered
2025-11-18 17:22:42,175 - INFO - ThreadPoolExecutor-0_0 - server_logic - [Add Vectors] Direct Insert: Storing 64 vectors in local Qdrant (Sender is clustered).
2025-11-18 17:22:42,215 - INFO - ThreadPoolExecutor-0_1 - grpc_handler - [GRPC IN] ReceiveVectors called. ReqID: 24, Type: clustered, Count: 1778
2025-11-18 17:22:42,243 - INFO - ThreadPoolExecutor-0_1 - server_logic - [Add Vectors] Processing 1778 vectors. Sender Status: clustered. Current Node Status: clustered
2025-11-18 17:22:42,243 - INFO - ThreadPoolExecutor-0_1 - server_logic - [Add Vectors] Direct Insert: Storing 1778 vectors in local Qdrant (Sender is clustered).
2025-11-18 17:22:42,250 - INFO - ThreadPoolExecutor-0_0 - httpx - HTTP Request: GET http://localhost:6361 "HTTP/1.1 200 OK"
2025-11-18 17:22:42,250 - INFO - ThreadPoolExecutor-0_0 - qdrant_module - [Qdrant] Attempting to insert 64 vectors into vectors on http://localhost:6361...
2025-11-18 17:22:42,259 - INFO - ThreadPoolExecutor-0_0 - qdrant_module - [Qdrant] Success: Inserted 64 vectors.
2025-11-18 17:22:42,261 - INFO - ThreadPoolExecutor-0_0 - grpc_handler - [GRPC IN] ReceiveVectors processed successfully.
2025-11-18 17:22:42,299 - INFO - ThreadPoolExecutor-0_1 - httpx - HTTP Request: GET http://localhost:6361 "HTTP/1.1 200 OK"
2025-11-18 17:22:42,300 - INFO - ThreadPoolExecutor-0_1 - qdrant_module - [Qdrant] Attempting to insert 1778 vectors into vectors on http://localhost:6361...
2025-11-18 17:22:42,452 - INFO - ThreadPoolExecutor-0_1 - qdrant_module - [Qdrant] Success: Inserted 1778 vectors.
2025-11-18 17:22:42,456 - INFO - ThreadPoolExecutor-0_1 - grpc_handler - [GRPC IN] ReceiveVectors processed successfully.
2025-11-18 17:22:43,412 - INFO - ThreadPoolExecutor-0_0 - grpc_handler - [GRPC IN] ReceiveVectors called. ReqID: 55, Type: clustered, Count: 67
2025-11-18 17:22:43,413 - INFO - ThreadPoolExecutor-0_0 - server_logic - [Add Vectors] Processing 67 vectors. Sender Status: clustered. Current Node Status: clustered
2025-11-18 17:22:43,413 - INFO - ThreadPoolExecutor-0_0 - server_logic - [Add Vectors] Direct Insert: Storing 67 vectors in local Qdrant (Sender is clustered).
2025-11-18 17:22:43,465 - INFO - ThreadPoolExecutor-0_0 - httpx - HTTP Request: GET http://localhost:6361 "HTTP/1.1 200 OK"
2025-11-18 17:22:43,465 - INFO - ThreadPoolExecutor-0_0 - qdrant_module - [Qdrant] Attempting to insert 67 vectors into vectors on http://localhost:6361...
2025-11-18 17:22:43,476 - INFO - ThreadPoolExecutor-0_0 - qdrant_module - [Qdrant] Success: Inserted 67 vectors.
2025-11-18 17:22:43,477 - INFO - ThreadPoolExecutor-0_0 - grpc_handler - [GRPC IN] ReceiveVectors processed successfully.
2025-11-18 17:22:44,613 - INFO - ThreadPoolExecutor-0_1 - grpc_handler - [GRPC IN] ReceiveVectors called. ReqID: 56, Type: clustered, Count: 75
2025-11-18 17:22:44,614 - INFO - ThreadPoolExecutor-0_1 - server_logic - [Add Vectors] Processing 75 vectors. Sender Status: clustered. Current Node Status: clustered
2025-11-18 17:22:44,614 - INFO - ThreadPoolExecutor-0_1 - server_logic - [Add Vectors] Direct Insert: Storing 75 vectors in local Qdrant (Sender is clustered).
2025-11-18 17:22:44,666 - INFO - ThreadPoolExecutor-0_1 - httpx - HTTP Request: GET http://localhost:6361 "HTTP/1.1 200 OK"
2025-11-18 17:22:44,666 - INFO - ThreadPoolExecutor-0_1 - qdrant_module - [Qdrant] Attempting to insert 75 vectors into vectors on http://localhost:6361...
2025-11-18 17:22:44,680 - INFO - ThreadPoolExecutor-0_1 - qdrant_module - [Qdrant] Success: Inserted 75 vectors.
2025-11-18 17:22:44,681 - INFO - ThreadPoolExecutor-0_1 - grpc_handler - [GRPC IN] ReceiveVectors processed successfully.
2025-11-18 17:22:45,828 - INFO - ThreadPoolExecutor-0_0 - grpc_handler - [GRPC IN] ReceiveVectors called. ReqID: 57, Type: clustered, Count: 71
2025-11-18 17:22:45,829 - INFO - ThreadPoolExecutor-0_0 - server_logic - [Add Vectors] Processing 71 vectors. Sender Status: clustered. Current Node Status: clustered
2025-11-18 17:22:45,829 - INFO - ThreadPoolExecutor-0_0 - server_logic - [Add Vectors] Direct Insert: Storing 71 vectors in local Qdrant (Sender is clustered).
2025-11-18 17:22:45,881 - INFO - ThreadPoolExecutor-0_0 - httpx - HTTP Request: GET http://localhost:6361 "HTTP/1.1 200 OK"
2025-11-18 17:22:45,882 - INFO - ThreadPoolExecutor-0_0 - qdrant_module - [Qdrant] Attempting to insert 71 vectors into vectors on http://localhost:6361...
2025-11-18 17:22:45,895 - INFO - ThreadPoolExecutor-0_0 - qdrant_module - [Qdrant] Success: Inserted 71 vectors.
2025-11-18 17:22:45,897 - INFO - ThreadPoolExecutor-0_0 - grpc_handler - [GRPC IN] ReceiveVectors processed successfully.
2025-11-18 17:22:47,042 - INFO - ThreadPoolExecutor-0_1 - grpc_handler - [GRPC IN] ReceiveVectors called. ReqID: 58, Type: clustered, Count: 72
2025-11-18 17:22:47,043 - INFO - ThreadPoolExecutor-0_1 - server_logic - [Add Vectors] Processing 72 vectors. Sender Status: clustered. Current Node Status: clustered
2025-11-18 17:22:47,043 - INFO - ThreadPoolExecutor-0_1 - server_logic - [Add Vectors] Direct Insert: Storing 72 vectors in local Qdrant (Sender is clustered).
2025-11-18 17:22:47,100 - INFO - ThreadPoolExecutor-0_1 - httpx - HTTP Request: GET http://localhost:6361 "HTTP/1.1 200 OK"
2025-11-18 17:22:47,101 - INFO - ThreadPoolExecutor-0_1 - qdrant_module - [Qdrant] Attempting to insert 72 vectors into vectors on http://localhost:6361...
2025-11-18 17:22:47,115 - INFO - ThreadPoolExecutor-0_1 - qdrant_module - [Qdrant] Success: Inserted 72 vectors.
2025-11-18 17:22:47,116 - INFO - ThreadPoolExecutor-0_1 - grpc_handler - [GRPC IN] ReceiveVectors processed successfully.
2025-11-18 17:22:48,259 - INFO - ThreadPoolExecutor-0_0 - grpc_handler - [GRPC IN] ReceiveVectors called. ReqID: 59, Type: clustered, Count: 71
2025-11-18 17:22:48,260 - INFO - ThreadPoolExecutor-0_0 - server_logic - [Add Vectors] Processing 71 vectors. Sender Status: clustered. Current Node Status: clustered
2025-11-18 17:22:48,260 - INFO - ThreadPoolExecutor-0_0 - server_logic - [Add Vectors] Direct Insert: Storing 71 vectors in local Qdrant (Sender is clustered).
2025-11-18 17:22:48,312 - INFO - ThreadPoolExecutor-0_0 - httpx - HTTP Request: GET http://localhost:6361 "HTTP/1.1 200 OK"
2025-11-18 17:22:48,312 - INFO - ThreadPoolExecutor-0_0 - qdrant_module - [Qdrant] Attempting to insert 71 vectors into vectors on http://localhost:6361...
2025-11-18 17:22:48,325 - INFO - ThreadPoolExecutor-0_0 - qdrant_module - [Qdrant] Success: Inserted 71 vectors.
2025-11-18 17:22:48,326 - INFO - ThreadPoolExecutor-0_0 - grpc_handler - [GRPC IN] ReceiveVectors processed successfully.
2025-11-18 17:22:49,501 - INFO - ThreadPoolExecutor-0_1 - grpc_handler - [GRPC IN] ReceiveVectors called. ReqID: 60, Type: clustered, Count: 75
2025-11-18 17:22:49,502 - INFO - ThreadPoolExecutor-0_1 - server_logic - [Add Vectors] Processing 75 vectors. Sender Status: clustered. Current Node Status: clustered
2025-11-18 17:22:49,502 - INFO - ThreadPoolExecutor-0_1 - server_logic - [Add Vectors] Direct Insert: Storing 75 vectors in local Qdrant (Sender is clustered).
2025-11-18 17:22:49,553 - INFO - ThreadPoolExecutor-0_1 - httpx - HTTP Request: GET http://localhost:6361 "HTTP/1.1 200 OK"
2025-11-18 17:22:49,554 - INFO - ThreadPoolExecutor-0_1 - qdrant_module - [Qdrant] Attempting to insert 75 vectors into vectors on http://localhost:6361...
2025-11-18 17:22:49,568 - INFO - ThreadPoolExecutor-0_1 - qdrant_module - [Qdrant] Success: Inserted 75 vectors.
2025-11-18 17:22:49,569 - INFO - ThreadPoolExecutor-0_1 - grpc_handler - [GRPC IN] ReceiveVectors processed successfully.
2025-11-18 17:22:50,701 - INFO - ThreadPoolExecutor-0_0 - grpc_handler - [GRPC IN] ReceiveVectors called. ReqID: 61, Type: clustered, Count: 79
2025-11-18 17:22:50,702 - INFO - ThreadPoolExecutor-0_0 - server_logic - [Add Vectors] Processing 79 vectors. Sender Status: clustered. Current Node Status: clustered
2025-11-18 17:22:50,702 - INFO - ThreadPoolExecutor-0_0 - server_logic - [Add Vectors] Direct Insert: Storing 79 vectors in local Qdrant (Sender is clustered).
2025-11-18 17:22:50,754 - INFO - ThreadPoolExecutor-0_0 - httpx - HTTP Request: GET http://localhost:6361 "HTTP/1.1 200 OK"
2025-11-18 17:22:50,754 - INFO - ThreadPoolExecutor-0_0 - qdrant_module - [Qdrant] Attempting to insert 79 vectors into vectors on http://localhost:6361...
2025-11-18 17:22:50,768 - INFO - ThreadPoolExecutor-0_0 - qdrant_module - [Qdrant] Success: Inserted 79 vectors.
2025-11-18 17:22:50,769 - INFO - ThreadPoolExecutor-0_0 - grpc_handler - [GRPC IN] ReceiveVectors processed successfully.
2025-11-18 17:22:51,908 - INFO - ThreadPoolExecutor-0_1 - grpc_handler - [GRPC IN] ReceiveVectors called. ReqID: 62, Type: clustered, Count: 61
2025-11-18 17:22:51,908 - INFO - ThreadPoolExecutor-0_1 - server_logic - [Add Vectors] Processing 61 vectors. Sender Status: clustered. Current Node Status: clustered
2025-11-18 17:22:51,908 - INFO - ThreadPoolExecutor-0_1 - server_logic - [Add Vectors] Direct Insert: Storing 61 vectors in local Qdrant (Sender is clustered).
2025-11-18 17:22:51,960 - INFO - ThreadPoolExecutor-0_1 - httpx - HTTP Request: GET http://localhost:6361 "HTTP/1.1 200 OK"
2025-11-18 17:22:51,960 - INFO - ThreadPoolExecutor-0_1 - qdrant_module - [Qdrant] Attempting to insert 61 vectors into vectors on http://localhost:6361...
2025-11-18 17:22:51,974 - INFO - ThreadPoolExecutor-0_1 - qdrant_module - [Qdrant] Success: Inserted 61 vectors.
2025-11-18 17:22:51,975 - INFO - ThreadPoolExecutor-0_1 - grpc_handler - [GRPC IN] ReceiveVectors processed successfully.
2025-11-18 17:22:52,191 - INFO - MainThread - __main__ - API: /add called. ReqID: 63, Vectors: 256
2025-11-18 17:22:52,191 - INFO - MainThread - server_logic - [Client Request] Client wants to add 256 vectors. My Status: clustered
2025-11-18 17:22:52,192 - INFO - MainThread - server_logic - [Client Request] System Clustered. Routing vectors to appropriate peers.
2025-11-18 17:22:52,192 - INFO - MainThread - server_logic - [Router] Routing 256 vectors among 16 nodes (Replicas: 4).
2025-11-18 17:22:52,192 - INFO - MainThread - server_logic - [DEBUG] found replica for vector: 1
2025-11-18 17:22:52,192 - INFO - MainThread - server_logic - [DEBUG] found replica for vector: 2
2025-11-18 17:22:52,192 - INFO - MainThread - server_logic - [DEBUG] found replica for vector: 3
2025-11-18 17:22:52,192 - INFO - MainThread - server_logic - [DEBUG] found replica for vector: 4
2025-11-18 17:22:52,192 - INFO - MainThread - server_logic - [DEBUG] found replica for vector: 1
2025-11-18 17:22:52,192 - INFO - MainThread - server_logic - [DEBUG] found replica for vector: 2
2025-11-18 17:22:52,192 - INFO - MainThread - server_logic - [DEBUG] found replica for vector: 3
2025-11-18 17:22:52,192 - INFO - MainThread - server_logic - [DEBUG] to me replica for vector: 3
2025-11-18 17:22:52,192 - INFO - MainThread - server_logic - [DEBUG] found replica for vector: 1
2025-11-18 17:22:52,192 - INFO - MainThread - server_logic - [DEBUG] found replica for vector: 2
2025-11-18 17:22:52,192 - INFO - MainThread - server_logic - [DEBUG] found replica for vector: 3
2025-11-18 17:22:52,192 - INFO - MainThread - server_logic - [DEBUG] found replica for vector: 4
2025-11-18 17:22:52,192 - INFO - MainThread - server_logic - [DEBUG] found replica for vector: 1
2025-11-18 17:22:52,192 - INFO - MainThread - server_logic - [DEBUG] found replica for vector: 2
2025-11-18 17:22:52,192 - INFO - MainThread - server_logic - [DEBUG] found replica for vector: 3
2025-11-18 17:22:52,192 - INFO - MainThread - server_logic - [DEBUG] to me replica for vector: 3
2025-11-18 17:22:52,192 - INFO - MainThread - server_logic - [DEBUG] found replica for vector: 1
2025-11-18 17:22:52,192 - INFO - MainThread - server_logic - [DEBUG] found replica for vector: 2
2025-11-18 17:22:52,192 - INFO - MainThread - server_logic - [DEBUG] found replica for vector: 3
2025-11-18 17:22:52,192 - INFO - MainThread - server_logic - [DEBUG] found replica for vector: 4
2025-11-18 17:22:52,192 - INFO - MainThread - server_logic - [DEBUG] found replica for vector: 1
2025-11-18 17:22:52,192 - INFO - MainThread - server_logic - [DEBUG] found replica for vector: 2
2025-11-18 17:22:52,192 - INFO - MainThread - server_logic - [DEBUG] found replica for vector: 3
2025-11-18 17:22:52,192 - INFO - MainThread - server_logic - [DEBUG] to me replica for vector: 3
2025-11-18 17:22:52,192 - INFO - MainThread - server_logic - [DEBUG] found replica for vector: 1
2025-11-18 17:22:52,192 - INFO - MainThread - server_logic - [DEBUG] found replica for vector: 2
2025-11-18 17:22:52,192 - INFO - MainThread - server_logic - [DEBUG] found replica for vector: 3
2025-11-18 17:22:52,192 - INFO - MainThread - server_logic - [DEBUG] found replica for vector: 4
2025-11-18 17:22:52,192 - INFO - MainThread - server_logic - [DEBUG] found replica for vector: 1
2025-11-18 17:22:52,192 - INFO - MainThread - server_logic - [DEBUG] found replica for vector: 2
2025-11-18 17:22:52,192 - INFO - MainThread - server_logic - [DEBUG] found replica for vector: 3
2025-11-18 17:22:52,192 - INFO - MainThread - server_logic - [DEBUG] found replica for vector: 4
2025-11-18 17:22:52,192 - INFO - MainThread - server_logic - [DEBUG] found replica for vector: 1
2025-11-18 17:22:52,192 - INFO - MainThread - server_logic - [DEBUG] found replica for vector: 2
2025-11-18 17:22:52,192 - INFO - MainThread - server_logic - [DEBUG] found replica for vector: 3
2025-11-18 17:22:52,192 - INFO - MainThread - server_logic - [DEBUG] to me replica for vector: 3
2025-11-18 17:22:52,192 - INFO - MainThread - server_logic - [DEBUG] found replica for vector: 1
2025-11-18 17:22:52,192 - INFO - MainThread - server_logic - [DEBUG] found replica for vector: 2
2025-11-18 17:22:52,192 - INFO - MainThread - server_logic - [DEBUG] found replica for vector: 3
2025-11-18 17:22:52,192 - INFO - MainThread - server_logic - [DEBUG] found replica for vector: 4
2025-11-18 17:22:52,192 - INFO - MainThread - server_logic - [DEBUG] found replica for vector: 1
2025-11-18 17:22:52,193 - INFO - MainThread - server_logic - [DEBUG] found replica for vector: 2
2025-11-18 17:22:52,193 - INFO - MainThread - server_logic - [DEBUG] found replica for vector: 3
2025-11-18 17:22:52,193 - INFO - MainThread - server_logic - [DEBUG] to me replica for vector: 3
2025-11-18 17:22:52,193 - INFO - MainThread - server_logic - [DEBUG] found replica for vector: 1
2025-11-18 17:22:52,193 - INFO - MainThread - server_logic - [DEBUG] found replica for vector: 2
2025-11-18 17:22:52,193 - INFO - MainThread - server_logic - [DEBUG] found replica for vector: 3
2025-11-18 17:22:52,193 - INFO - MainThread - server_logic - [DEBUG] found replica for vector: 4
2025-11-18 17:22:52,193 - INFO - MainThread - server_logic - [DEBUG] found replica for vector: 1
2025-11-18 17:22:52,193 - INFO - MainThread - server_logic - [DEBUG] found replica for vector: 2
2025-11-18 17:22:52,193 - INFO - MainThread - server_logic - [DEBUG] found replica for vector: 3
2025-11-18 17:22:52,193 - INFO - MainThread - server_logic - [DEBUG] found replica for vector: 4
2025-11-18 17:22:52,193 - INFO - MainThread - server_logic - [DEBUG] found replica for vector: 1
2025-11-18 17:22:52,193 - INFO - MainThread - server_logic - [DEBUG] found replica for vector: 2
2025-11-18 17:22:52,193 - INFO - MainThread - server_logic - [DEBUG] found replica for vector: 3
2025-11-18 17:22:52,193 - INFO - MainThread - server_logic - [DEBUG] found replica for vector: 4
2025-11-18 17:22:52,193 - INFO - MainThread - server_logic - [DEBUG] found replica for vector: 1
2025-11-18 17:22:52,193 - INFO - MainThread - server_logic - [DEBUG] found replica for vector: 2
2025-11-18 17:22:52,193 - INFO - MainThread - server_logic - [DEBUG] found replica for vector: 3
2025-11-18 17:22:52,193 - INFO - MainThread - server_logic - [DEBUG] to me replica for vector: 3
2025-11-18 17:22:52,193 - INFO - MainThread - server_logic - [DEBUG] found replica for vector: 1
2025-11-18 17:22:52,193 - INFO - MainThread - server_logic - [DEBUG] found replica for vector: 2
2025-11-18 17:22:52,193 - INFO - MainThread - server_logic - [DEBUG] found replica for vector: 3
2025-11-18 17:22:52,193 - INFO - MainThread - server_logic - [DEBUG] found replica for vector: 4
2025-11-18 17:22:52,193 - INFO - MainThread - server_logic - [DEBUG] found replica for vector: 1
2025-11-18 17:22:52,193 - INFO - MainThread - server_logic - [DEBUG] found replica for vector: 2
2025-11-18 17:22:52,193 - INFO - MainThread - server_logic - [DEBUG] found replica for vector: 3
2025-11-18 17:22:52,193 - INFO - MainThread - server_logic - [DEBUG] to me replica for vector: 3
2025-11-18 17:22:52,193 - INFO - MainThread - server_logic - [DEBUG] found replica for vector: 1
2025-11-18 17:22:52,193 - INFO - MainThread - server_logic - [DEBUG] found replica for vector: 2
2025-11-18 17:22:52,193 - INFO - MainThread - server_logic - [DEBUG] found replica for vector: 3
2025-11-18 17:22:52,193 - INFO - MainThread - server_logic - [DEBUG] found replica for vector: 4
2025-11-18 17:22:52,193 - INFO - MainThread - server_logic - [DEBUG] found replica for vector: 1
2025-11-18 17:22:52,193 - INFO - MainThread - server_logic - [DEBUG] found replica for vector: 2
2025-11-18 17:22:52,193 - INFO - MainThread - server_logic - [DEBUG] found replica for vector: 3
2025-11-18 17:22:52,193 - INFO - MainThread - server_logic - [DEBUG] found replica for vector: 4
2025-11-18 17:22:52,193 - INFO - MainThread - server_logic - [DEBUG] found replica for vector: 1
2025-11-18 17:22:52,193 - INFO - MainThread - server_logic - [DEBUG] found replica for vector: 2
2025-11-18 17:22:52,193 - INFO - MainThread - server_logic - [DEBUG] found replica for vector: 3
2025-11-18 17:22:52,193 - INFO - MainThread - server_logic - [DEBUG] found replica for vector: 4
2025-11-18 17:22:52,193 - INFO - MainThread - server_logic - [DEBUG] found replica for vector: 1
2025-11-18 17:22:52,193 - INFO - MainThread - server_logic - [DEBUG] found replica for vector: 2
2025-11-18 17:22:52,193 - INFO - MainThread - server_logic - [DEBUG] found replica for vector: 3
2025-11-18 17:22:52,193 - INFO - MainThread - server_logic - [DEBUG] found replica for vector: 4
2025-11-18 17:22:52,193 - INFO - MainThread - server_logic - [DEBUG] found replica for vector: 1
2025-11-18 17:22:52,193 - INFO - MainThread - server_logic - [DEBUG] found replica for vector: 2
2025-11-18 17:22:52,193 - INFO - MainThread - server_logic - [DEBUG] found replica for vector: 3
2025-11-18 17:22:52,193 - INFO - MainThread - server_logic - [DEBUG] to me replica for vector: 3
2025-11-18 17:22:52,193 - INFO - MainThread - server_logic - [DEBUG] found replica for vector: 1
2025-11-18 17:22:52,193 - INFO - MainThread - server_logic - [DEBUG] found replica for vector: 2
2025-11-18 17:22:52,193 - INFO - MainThread - server_logic - [DEBUG] found replica for vector: 3
2025-11-18 17:22:52,193 - INFO - MainThread - server_logic - [DEBUG] to me replica for vector: 3
2025-11-18 17:22:52,193 - INFO - MainThread - server_logic - [DEBUG] found replica for vector: 1
2025-11-18 17:22:52,193 - INFO - MainThread - server_logic - [DEBUG] found replica for vector: 2
2025-11-18 17:22:52,193 - INFO - MainThread - server_logic - [DEBUG] found replica for vector: 3
2025-11-18 17:22:52,193 - INFO - MainThread - server_logic - [DEBUG] to me replica for vector: 3
2025-11-18 17:22:52,193 - INFO - MainThread - server_logic - [DEBUG] found replica for vector: 1
2025-11-18 17:22:52,193 - INFO - MainThread - server_logic - [DEBUG] found replica for vector: 2
2025-11-18 17:22:52,194 - INFO - MainThread - server_logic - [DEBUG] found replica for vector: 3
2025-11-18 17:22:52,194 - INFO - MainThread - server_logic - [DEBUG] found replica for vector: 4
2025-11-18 17:22:52,194 - INFO - MainThread - server_logic - [DEBUG] found replica for vector: 1
2025-11-18 17:22:52,194 - INFO - MainThread - server_logic - [DEBUG] found replica for vector: 2
2025-11-18 17:22:52,194 - INFO - MainThread - server_logic - [DEBUG] found replica for vector: 3
2025-11-18 17:22:52,194 - INFO - MainThread - server_logic - [DEBUG] found replica for vector: 4
2025-11-18 17:22:52,194 - INFO - MainThread - server_logic - [DEBUG] found replica for vector: 1
2025-11-18 17:22:52,194 - INFO - MainThread - server_logic - [DEBUG] found replica for vector: 2
2025-11-18 17:22:52,194 - INFO - MainThread - server_logic - [DEBUG] found replica for vector: 3
2025-11-18 17:22:52,194 - INFO - MainThread - server_logic - [DEBUG] found replica for vector: 4
2025-11-18 17:22:52,194 - INFO - MainThread - server_logic - [DEBUG] found replica for vector: 1
2025-11-18 17:22:52,194 - INFO - MainThread - server_logic - [DEBUG] found replica for vector: 2
2025-11-18 17:22:52,194 - INFO - MainThread - server_logic - [DEBUG] found replica for vector: 3
2025-11-18 17:22:52,194 - INFO - MainThread - server_logic - [DEBUG] found replica for vector: 4
2025-11-18 17:22:52,194 - INFO - MainThread - server_logic - [DEBUG] found replica for vector: 1
2025-11-18 17:22:52,194 - INFO - MainThread - server_logic - [DEBUG] found replica for vector: 2
2025-11-18 17:22:52,194 - INFO - MainThread - server_logic - [DEBUG] found replica for vector: 3
2025-11-18 17:22:52,194 - INFO - MainThread - server_logic - [DEBUG] to me replica for vector: 3
2025-11-18 17:22:52,194 - INFO - MainThread - server_logic - [DEBUG] found replica for vector: 1
2025-11-18 17:22:52,194 - INFO - MainThread - server_logic - [DEBUG] found replica for vector: 2
2025-11-18 17:22:52,194 - INFO - MainThread - server_logic - [DEBUG] found replica for vector: 3
2025-11-18 17:22:52,194 - INFO - MainThread - server_logic - [DEBUG] found replica for vector: 4
2025-11-18 17:22:52,194 - INFO - MainThread - server_logic - [DEBUG] found replica for vector: 1
2025-11-18 17:22:52,194 - INFO - MainThread - server_logic - [DEBUG] found replica for vector: 2
2025-11-18 17:22:52,194 - INFO - MainThread - server_logic - [DEBUG] found replica for vector: 3
2025-11-18 17:22:52,194 - INFO - MainThread - server_logic - [DEBUG] found replica for vector: 4
2025-11-18 17:22:52,194 - INFO - MainThread - server_logic - [DEBUG] found replica for vector: 1
2025-11-18 17:22:52,194 - INFO - MainThread - server_logic - [DEBUG] found replica for vector: 2
2025-11-18 17:22:52,194 - INFO - MainThread - server_logic - [DEBUG] found replica for vector: 3
2025-11-18 17:22:52,194 - INFO - MainThread - server_logic - [DEBUG] found replica for vector: 4
2025-11-18 17:22:52,194 - INFO - MainThread - server_logic - [DEBUG] found replica for vector: 1
2025-11-18 17:22:52,194 - INFO - MainThread - server_logic - [DEBUG] found replica for vector: 2
2025-11-18 17:22:52,194 - INFO - MainThread - server_logic - [DEBUG] found replica for vector: 3
2025-11-18 17:22:52,194 - INFO - MainThread - server_logic - [DEBUG] found replica for vector: 4
2025-11-18 17:22:52,194 - INFO - MainThread - server_logic - [DEBUG] found replica for vector: 1
2025-11-18 17:22:52,194 - INFO - MainThread - server_logic - [DEBUG] found replica for vector: 2
2025-11-18 17:22:52,194 - INFO - MainThread - server_logic - [DEBUG] found replica for vector: 3
2025-11-18 17:22:52,194 - INFO - MainThread - server_logic - [DEBUG] found replica for vector: 4
2025-11-18 17:22:52,194 - INFO - MainThread - server_logic - [DEBUG] found replica for vector: 1
2025-11-18 17:22:52,194 - INFO - MainThread - server_logic - [DEBUG] found replica for vector: 2
2025-11-18 17:22:52,194 - INFO - MainThread - server_logic - [DEBUG] found replica for vector: 3
2025-11-18 17:22:52,194 - INFO - MainThread - server_logic - [DEBUG] found replica for vector: 4
2025-11-18 17:22:52,194 - INFO - MainThread - server_logic - [DEBUG] found replica for vector: 1
2025-11-18 17:22:52,194 - INFO - MainThread - server_logic - [DEBUG] found replica for vector: 2
2025-11-18 17:22:52,194 - INFO - MainThread - server_logic - [DEBUG] found replica for vector: 3
2025-11-18 17:22:52,194 - INFO - MainThread - server_logic - [DEBUG] found replica for vector: 4
2025-11-18 17:22:52,194 - INFO - MainThread - server_logic - [DEBUG] found replica for vector: 1
2025-11-18 17:22:52,194 - INFO - MainThread - server_logic - [DEBUG] found replica for vector: 2
2025-11-18 17:22:52,194 - INFO - MainThread - server_logic - [DEBUG] found replica for vector: 3
2025-11-18 17:22:52,194 - INFO - MainThread - server_logic - [DEBUG] found replica for vector: 4
2025-11-18 17:22:52,194 - INFO - MainThread - server_logic - [DEBUG] found replica for vector: 1
2025-11-18 17:22:52,194 - INFO - MainThread - server_logic - [DEBUG] found replica for vector: 2
2025-11-18 17:22:52,194 - INFO - MainThread - server_logic - [DEBUG] found replica for vector: 3
2025-11-18 17:22:52,194 - INFO - MainThread - server_logic - [DEBUG] found replica for vector: 4
2025-11-18 17:22:52,194 - INFO - MainThread - server_logic - [DEBUG] found replica for vector: 1
2025-11-18 17:22:52,194 - INFO - MainThread - server_logic - [DEBUG] found replica for vector: 2
2025-11-18 17:22:52,194 - INFO - MainThread - server_logic - [DEBUG] found replica for vector: 3
2025-11-18 17:22:52,194 - INFO - MainThread - server_logic - [DEBUG] found replica for vector: 4
2025-11-18 17:22:52,195 - INFO - MainThread - server_logic - [DEBUG] found replica for vector: 1
2025-11-18 17:22:52,195 - INFO - MainThread - server_logic - [DEBUG] found replica for vector: 2
2025-11-18 17:22:52,195 - INFO - MainThread - server_logic - [DEBUG] found replica for vector: 3
2025-11-18 17:22:52,195 - INFO - MainThread - server_logic - [DEBUG] found replica for vector: 4
2025-11-18 17:22:52,195 - INFO - MainThread - server_logic - [DEBUG] found replica for vector: 1
2025-11-18 17:22:52,195 - INFO - MainThread - server_logic - [DEBUG] found replica for vector: 2
2025-11-18 17:22:52,195 - INFO - MainThread - server_logic - [DEBUG] found replica for vector: 3
2025-11-18 17:22:52,195 - INFO - MainThread - server_logic - [DEBUG] to me replica for vector: 3
2025-11-18 17:22:52,195 - INFO - MainThread - server_logic - [DEBUG] found replica for vector: 1
2025-11-18 17:22:52,195 - INFO - MainThread - server_logic - [DEBUG] found replica for vector: 2
2025-11-18 17:22:52,195 - INFO - MainThread - server_logic - [DEBUG] found replica for vector: 3
2025-11-18 17:22:52,195 - INFO - MainThread - server_logic - [DEBUG] to me replica for vector: 3
2025-11-18 17:22:52,195 - INFO - MainThread - server_logic - [DEBUG] found replica for vector: 1
2025-11-18 17:22:52,195 - INFO - MainThread - server_logic - [DEBUG] found replica for vector: 2
2025-11-18 17:22:52,195 - INFO - MainThread - server_logic - [DEBUG] found replica for vector: 3
2025-11-18 17:22:52,195 - INFO - MainThread - server_logic - [DEBUG] found replica for vector: 4
2025-11-18 17:22:52,195 - INFO - MainThread - server_logic - [DEBUG] found replica for vector: 1
2025-11-18 17:22:52,195 - INFO - MainThread - server_logic - [DEBUG] found replica for vector: 2
2025-11-18 17:22:52,195 - INFO - MainThread - server_logic - [DEBUG] found replica for vector: 3
2025-11-18 17:22:52,195 - INFO - MainThread - server_logic - [DEBUG] found replica for vector: 4
2025-11-18 17:22:52,195 - INFO - MainThread - server_logic - [DEBUG] found replica for vector: 1
2025-11-18 17:22:52,195 - INFO - MainThread - server_logic - [DEBUG] found replica for vector: 2
2025-11-18 17:22:52,195 - INFO - MainThread - server_logic - [DEBUG] found replica for vector: 3
2025-11-18 17:22:52,195 - INFO - MainThread - server_logic - [DEBUG] found replica for vector: 4
2025-11-18 17:22:52,195 - INFO - MainThread - server_logic - [DEBUG] found replica for vector: 1
2025-11-18 17:22:52,195 - INFO - MainThread - server_logic - [DEBUG] found replica for vector: 2
2025-11-18 17:22:52,195 - INFO - MainThread - server_logic - [DEBUG] found replica for vector: 3
2025-11-18 17:22:52,195 - INFO - MainThread - server_logic - [DEBUG] to me replica for vector: 3
2025-11-18 17:22:52,195 - INFO - MainThread - server_logic - [DEBUG] found replica for vector: 1
2025-11-18 17:22:52,195 - INFO - MainThread - server_logic - [DEBUG] found replica for vector: 2
2025-11-18 17:22:52,195 - INFO - MainThread - server_logic - [DEBUG] found replica for vector: 3
2025-11-18 17:22:52,195 - INFO - MainThread - server_logic - [DEBUG] found replica for vector: 4
2025-11-18 17:22:52,195 - INFO - MainThread - server_logic - [DEBUG] found replica for vector: 1
2025-11-18 17:22:52,195 - INFO - MainThread - server_logic - [DEBUG] found replica for vector: 2
2025-11-18 17:22:52,195 - INFO - MainThread - server_logic - [DEBUG] found replica for vector: 3
2025-11-18 17:22:52,195 - INFO - MainThread - server_logic - [DEBUG] found replica for vector: 4
2025-11-18 17:22:52,195 - INFO - MainThread - server_logic - [DEBUG] found replica for vector: 1
2025-11-18 17:22:52,195 - INFO - MainThread - server_logic - [DEBUG] found replica for vector: 2
2025-11-18 17:22:52,195 - INFO - MainThread - server_logic - [DEBUG] found replica for vector: 3
2025-11-18 17:22:52,195 - INFO - MainThread - server_logic - [DEBUG] found replica for vector: 4
2025-11-18 17:22:52,195 - INFO - MainThread - server_logic - [DEBUG] found replica for vector: 1
2025-11-18 17:22:52,195 - INFO - MainThread - server_logic - [DEBUG] found replica for vector: 2
2025-11-18 17:22:52,195 - INFO - MainThread - server_logic - [DEBUG] found replica for vector: 3
2025-11-18 17:22:52,195 - INFO - MainThread - server_logic - [DEBUG] found replica for vector: 4
2025-11-18 17:22:52,195 - INFO - MainThread - server_logic - [DEBUG] found replica for vector: 1
2025-11-18 17:22:52,195 - INFO - MainThread - server_logic - [DEBUG] found replica for vector: 2
2025-11-18 17:22:52,195 - INFO - MainThread - server_logic - [DEBUG] found replica for vector: 3
2025-11-18 17:22:52,195 - INFO - MainThread - server_logic - [DEBUG] found replica for vector: 4
2025-11-18 17:22:52,195 - INFO - MainThread - server_logic - [DEBUG] found replica for vector: 1
2025-11-18 17:22:52,195 - INFO - MainThread - server_logic - [DEBUG] found replica for vector: 2
2025-11-18 17:22:52,195 - INFO - MainThread - server_logic - [DEBUG] found replica for vector: 3
2025-11-18 17:22:52,195 - INFO - MainThread - server_logic - [DEBUG] found replica for vector: 4
2025-11-18 17:22:52,195 - INFO - MainThread - server_logic - [DEBUG] found replica for vector: 1
2025-11-18 17:22:52,195 - INFO - MainThread - server_logic - [DEBUG] found replica for vector: 2
2025-11-18 17:22:52,195 - INFO - MainThread - server_logic - [DEBUG] found replica for vector: 3
2025-11-18 17:22:52,195 - INFO - MainThread - server_logic - [DEBUG] found replica for vector: 4
2025-11-18 17:22:52,195 - INFO - MainThread - server_logic - [DEBUG] found replica for vector: 1
2025-11-18 17:22:52,196 - INFO - MainThread - server_logic - [DEBUG] found replica for vector: 2
2025-11-18 17:22:52,196 - INFO - MainThread - server_logic - [DEBUG] found replica for vector: 3
2025-11-18 17:22:52,196 - INFO - MainThread - server_logic - [DEBUG] to me replica for vector: 3
2025-11-18 17:22:52,196 - INFO - MainThread - server_logic - [DEBUG] found replica for vector: 1
2025-11-18 17:22:52,196 - INFO - MainThread - server_logic - [DEBUG] found replica for vector: 2
2025-11-18 17:22:52,196 - INFO - MainThread - server_logic - [DEBUG] found replica for vector: 3
2025-11-18 17:22:52,196 - INFO - MainThread - server_logic - [DEBUG] found replica for vector: 4
2025-11-18 17:22:52,196 - INFO - MainThread - server_logic - [DEBUG] found replica for vector: 1
2025-11-18 17:22:52,196 - INFO - MainThread - server_logic - [DEBUG] found replica for vector: 2
2025-11-18 17:22:52,196 - INFO - MainThread - server_logic - [DEBUG] found replica for vector: 3
2025-11-18 17:22:52,196 - INFO - MainThread - server_logic - [DEBUG] found replica for vector: 4
2025-11-18 17:22:52,196 - INFO - MainThread - server_logic - [DEBUG] found replica for vector: 1
2025-11-18 17:22:52,196 - INFO - MainThread - server_logic - [DEBUG] found replica for vector: 2
2025-11-18 17:22:52,196 - INFO - MainThread - server_logic - [DEBUG] found replica for vector: 3
2025-11-18 17:22:52,196 - INFO - MainThread - server_logic - [DEBUG] found replica for vector: 4
2025-11-18 17:22:52,196 - INFO - MainThread - server_logic - [DEBUG] found replica for vector: 1
2025-11-18 17:22:52,196 - INFO - MainThread - server_logic - [DEBUG] found replica for vector: 2
2025-11-18 17:22:52,196 - INFO - MainThread - server_logic - [DEBUG] found replica for vector: 3
2025-11-18 17:22:52,196 - INFO - MainThread - server_logic - [DEBUG] found replica for vector: 4
2025-11-18 17:22:52,196 - INFO - MainThread - server_logic - [DEBUG] found replica for vector: 1
2025-11-18 17:22:52,196 - INFO - MainThread - server_logic - [DEBUG] found replica for vector: 2
2025-11-18 17:22:52,196 - INFO - MainThread - server_logic - [DEBUG] found replica for vector: 3
2025-11-18 17:22:52,196 - INFO - MainThread - server_logic - [DEBUG] found replica for vector: 4
2025-11-18 17:22:52,196 - INFO - MainThread - server_logic - [DEBUG] found replica for vector: 1
2025-11-18 17:22:52,196 - INFO - MainThread - server_logic - [DEBUG] found replica for vector: 2
2025-11-18 17:22:52,196 - INFO - MainThread - server_logic - [DEBUG] found replica for vector: 3
2025-11-18 17:22:52,196 - INFO - MainThread - server_logic - [DEBUG] found replica for vector: 4
2025-11-18 17:22:52,196 - INFO - MainThread - server_logic - [DEBUG] found replica for vector: 1
2025-11-18 17:22:52,196 - INFO - MainThread - server_logic - [DEBUG] found replica for vector: 2
2025-11-18 17:22:52,196 - INFO - MainThread - server_logic - [DEBUG] found replica for vector: 3
2025-11-18 17:22:52,196 - INFO - MainThread - server_logic - [DEBUG] found replica for vector: 4
2025-11-18 17:22:52,196 - INFO - MainThread - server_logic - [DEBUG] found replica for vector: 1
2025-11-18 17:22:52,196 - INFO - MainThread - server_logic - [DEBUG] found replica for vector: 2
2025-11-18 17:22:52,196 - INFO - MainThread - server_logic - [DEBUG] found replica for vector: 3
2025-11-18 17:22:52,196 - INFO - MainThread - server_logic - [DEBUG] found replica for vector: 4
2025-11-18 17:22:52,196 - INFO - MainThread - server_logic - [DEBUG] found replica for vector: 1
2025-11-18 17:22:52,196 - INFO - MainThread - server_logic - [DEBUG] found replica for vector: 2
2025-11-18 17:22:52,196 - INFO - MainThread - server_logic - [DEBUG] found replica for vector: 3
2025-11-18 17:22:52,196 - INFO - MainThread - server_logic - [DEBUG] found replica for vector: 4
2025-11-18 17:22:52,196 - INFO - MainThread - server_logic - [DEBUG] found replica for vector: 1
2025-11-18 17:22:52,196 - INFO - MainThread - server_logic - [DEBUG] found replica for vector: 2
2025-11-18 17:22:52,196 - INFO - MainThread - server_logic - [DEBUG] found replica for vector: 3
2025-11-18 17:22:52,196 - INFO - MainThread - server_logic - [DEBUG] found replica for vector: 4
2025-11-18 17:22:52,196 - INFO - MainThread - server_logic - [DEBUG] found replica for vector: 1
2025-11-18 17:22:52,196 - INFO - MainThread - server_logic - [DEBUG] found replica for vector: 2
2025-11-18 17:22:52,196 - INFO - MainThread - server_logic - [DEBUG] found replica for vector: 3
2025-11-18 17:22:52,196 - INFO - MainThread - server_logic - [DEBUG] found replica for vector: 4
2025-11-18 17:22:52,196 - INFO - MainThread - server_logic - [DEBUG] found replica for vector: 1
2025-11-18 17:22:52,196 - INFO - MainThread - server_logic - [DEBUG] found replica for vector: 2
2025-11-18 17:22:52,196 - INFO - MainThread - server_logic - [DEBUG] found replica for vector: 3
2025-11-18 17:22:52,196 - INFO - MainThread - server_logic - [DEBUG] to me replica for vector: 3
2025-11-18 17:22:52,196 - INFO - MainThread - server_logic - [DEBUG] found replica for vector: 1
2025-11-18 17:22:52,196 - INFO - MainThread - server_logic - [DEBUG] found replica for vector: 2
2025-11-18 17:22:52,196 - INFO - MainThread - server_logic - [DEBUG] found replica for vector: 3
2025-11-18 17:22:52,196 - INFO - MainThread - server_logic - [DEBUG] to me replica for vector: 3
2025-11-18 17:22:52,196 - INFO - MainThread - server_logic - [DEBUG] found replica for vector: 1
2025-11-18 17:22:52,196 - INFO - MainThread - server_logic - [DEBUG] found replica for vector: 2
2025-11-18 17:22:52,196 - INFO - MainThread - server_logic - [DEBUG] found replica for vector: 3
2025-11-18 17:22:52,196 - INFO - MainThread - server_logic - [DEBUG] found replica for vector: 4
2025-11-18 17:22:52,197 - INFO - MainThread - server_logic - [DEBUG] found replica for vector: 1
2025-11-18 17:22:52,197 - INFO - MainThread - server_logic - [DEBUG] found replica for vector: 2
2025-11-18 17:22:52,197 - INFO - MainThread - server_logic - [DEBUG] found replica for vector: 3
2025-11-18 17:22:52,197 - INFO - MainThread - server_logic - [DEBUG] to me replica for vector: 3
2025-11-18 17:22:52,197 - INFO - MainThread - server_logic - [DEBUG] found replica for vector: 1
2025-11-18 17:22:52,197 - INFO - MainThread - server_logic - [DEBUG] found replica for vector: 2
2025-11-18 17:22:52,197 - INFO - MainThread - server_logic - [DEBUG] found replica for vector: 3
2025-11-18 17:22:52,197 - INFO - MainThread - server_logic - [DEBUG] to me replica for vector: 3
2025-11-18 17:22:52,197 - INFO - MainThread - server_logic - [DEBUG] found replica for vector: 1
2025-11-18 17:22:52,197 - INFO - MainThread - server_logic - [DEBUG] found replica for vector: 2
2025-11-18 17:22:52,197 - INFO - MainThread - server_logic - [DEBUG] found replica for vector: 3
2025-11-18 17:22:52,197 - INFO - MainThread - server_logic - [DEBUG] found replica for vector: 4
2025-11-18 17:22:52,197 - INFO - MainThread - server_logic - [DEBUG] found replica for vector: 1
2025-11-18 17:22:52,197 - INFO - MainThread - server_logic - [DEBUG] found replica for vector: 2
2025-11-18 17:22:52,197 - INFO - MainThread - server_logic - [DEBUG] found replica for vector: 3
2025-11-18 17:22:52,197 - INFO - MainThread - server_logic - [DEBUG] found replica for vector: 4
2025-11-18 17:22:52,197 - INFO - MainThread - server_logic - [DEBUG] found replica for vector: 1
2025-11-18 17:22:52,197 - INFO - MainThread - server_logic - [DEBUG] found replica for vector: 2
2025-11-18 17:22:52,197 - INFO - MainThread - server_logic - [DEBUG] found replica for vector: 3
2025-11-18 17:22:52,197 - INFO - MainThread - server_logic - [DEBUG] found replica for vector: 4
2025-11-18 17:22:52,197 - INFO - MainThread - server_logic - [DEBUG] found replica for vector: 1
2025-11-18 17:22:52,197 - INFO - MainThread - server_logic - [DEBUG] found replica for vector: 2
2025-11-18 17:22:52,197 - INFO - MainThread - server_logic - [DEBUG] found replica for vector: 3
2025-11-18 17:22:52,197 - INFO - MainThread - server_logic - [DEBUG] found replica for vector: 4
2025-11-18 17:22:52,197 - INFO - MainThread - server_logic - [DEBUG] found replica for vector: 1
2025-11-18 17:22:52,197 - INFO - MainThread - server_logic - [DEBUG] found replica for vector: 2
2025-11-18 17:22:52,197 - INFO - MainThread - server_logic - [DEBUG] found replica for vector: 3
2025-11-18 17:22:52,197 - INFO - MainThread - server_logic - [DEBUG] found replica for vector: 4
2025-11-18 17:22:52,197 - INFO - MainThread - server_logic - [DEBUG] found replica for vector: 1
2025-11-18 17:22:52,197 - INFO - MainThread - server_logic - [DEBUG] found replica for vector: 2
2025-11-18 17:22:52,197 - INFO - MainThread - server_logic - [DEBUG] found replica for vector: 3
2025-11-18 17:22:52,197 - INFO - MainThread - server_logic - [DEBUG] found replica for vector: 4
2025-11-18 17:22:52,197 - INFO - MainThread - server_logic - [DEBUG] found replica for vector: 1
2025-11-18 17:22:52,197 - INFO - MainThread - server_logic - [DEBUG] found replica for vector: 2
2025-11-18 17:22:52,197 - INFO - MainThread - server_logic - [DEBUG] found replica for vector: 3
2025-11-18 17:22:52,197 - INFO - MainThread - server_logic - [DEBUG] found replica for vector: 4
2025-11-18 17:22:52,197 - INFO - MainThread - server_logic - [DEBUG] found replica for vector: 1
2025-11-18 17:22:52,197 - INFO - MainThread - server_logic - [DEBUG] found replica for vector: 2
2025-11-18 17:22:52,197 - INFO - MainThread - server_logic - [DEBUG] found replica for vector: 3
2025-11-18 17:22:52,197 - INFO - MainThread - server_logic - [DEBUG] found replica for vector: 4
2025-11-18 17:22:52,197 - INFO - MainThread - server_logic - [DEBUG] found replica for vector: 1
2025-11-18 17:22:52,197 - INFO - MainThread - server_logic - [DEBUG] found replica for vector: 2
2025-11-18 17:22:52,197 - INFO - MainThread - server_logic - [DEBUG] found replica for vector: 3
2025-11-18 17:22:52,197 - INFO - MainThread - server_logic - [DEBUG] found replica for vector: 4
2025-11-18 17:22:52,197 - INFO - MainThread - server_logic - [DEBUG] found replica for vector: 1
2025-11-18 17:22:52,197 - INFO - MainThread - server_logic - [DEBUG] found replica for vector: 2
2025-11-18 17:22:52,197 - INFO - MainThread - server_logic - [DEBUG] found replica for vector: 3
2025-11-18 17:22:52,197 - INFO - MainThread - server_logic - [DEBUG] found replica for vector: 4
2025-11-18 17:22:52,197 - INFO - MainThread - server_logic - [DEBUG] found replica for vector: 1
2025-11-18 17:22:52,197 - INFO - MainThread - server_logic - [DEBUG] found replica for vector: 2
2025-11-18 17:22:52,197 - INFO - MainThread - server_logic - [DEBUG] found replica for vector: 3
2025-11-18 17:22:52,197 - INFO - MainThread - server_logic - [DEBUG] found replica for vector: 4
2025-11-18 17:22:52,197 - INFO - MainThread - server_logic - [DEBUG] found replica for vector: 1
2025-11-18 17:22:52,197 - INFO - MainThread - server_logic - [DEBUG] found replica for vector: 2
2025-11-18 17:22:52,197 - INFO - MainThread - server_logic - [DEBUG] found replica for vector: 3
2025-11-18 17:22:52,197 - INFO - MainThread - server_logic - [DEBUG] found replica for vector: 4
2025-11-18 17:22:52,197 - INFO - MainThread - server_logic - [DEBUG] found replica for vector: 1
2025-11-18 17:22:52,197 - INFO - MainThread - server_logic - [DEBUG] found replica for vector: 2
2025-11-18 17:22:52,198 - INFO - MainThread - server_logic - [DEBUG] found replica for vector: 3
2025-11-18 17:22:52,198 - INFO - MainThread - server_logic - [DEBUG] found replica for vector: 4
2025-11-18 17:22:52,198 - INFO - MainThread - server_logic - [DEBUG] found replica for vector: 1
2025-11-18 17:22:52,198 - INFO - MainThread - server_logic - [DEBUG] found replica for vector: 2
2025-11-18 17:22:52,198 - INFO - MainThread - server_logic - [DEBUG] found replica for vector: 3
2025-11-18 17:22:52,198 - INFO - MainThread - server_logic - [DEBUG] found replica for vector: 4
2025-11-18 17:22:52,198 - INFO - MainThread - server_logic - [DEBUG] found replica for vector: 1
2025-11-18 17:22:52,198 - INFO - MainThread - server_logic - [DEBUG] found replica for vector: 2
2025-11-18 17:22:52,198 - INFO - MainThread - server_logic - [DEBUG] found replica for vector: 3
2025-11-18 17:22:52,198 - INFO - MainThread - server_logic - [DEBUG] to me replica for vector: 3
2025-11-18 17:22:52,198 - INFO - MainThread - server_logic - [DEBUG] found replica for vector: 1
2025-11-18 17:22:52,198 - INFO - MainThread - server_logic - [DEBUG] found replica for vector: 2
2025-11-18 17:22:52,198 - INFO - MainThread - server_logic - [DEBUG] found replica for vector: 3
2025-11-18 17:22:52,198 - INFO - MainThread - server_logic - [DEBUG] found replica for vector: 4
2025-11-18 17:22:52,198 - INFO - MainThread - server_logic - [DEBUG] found replica for vector: 1
2025-11-18 17:22:52,198 - INFO - MainThread - server_logic - [DEBUG] found replica for vector: 2
2025-11-18 17:22:52,198 - INFO - MainThread - server_logic - [DEBUG] found replica for vector: 3
2025-11-18 17:22:52,198 - INFO - MainThread - server_logic - [DEBUG] found replica for vector: 4
2025-11-18 17:22:52,198 - INFO - MainThread - server_logic - [DEBUG] found replica for vector: 1
2025-11-18 17:22:52,198 - INFO - MainThread - server_logic - [DEBUG] found replica for vector: 2
2025-11-18 17:22:52,198 - INFO - MainThread - server_logic - [DEBUG] found replica for vector: 3
2025-11-18 17:22:52,198 - INFO - MainThread - server_logic - [DEBUG] found replica for vector: 4
2025-11-18 17:22:52,198 - INFO - MainThread - server_logic - [DEBUG] found replica for vector: 1
2025-11-18 17:22:52,198 - INFO - MainThread - server_logic - [DEBUG] found replica for vector: 2
2025-11-18 17:22:52,198 - INFO - MainThread - server_logic - [DEBUG] found replica for vector: 3
2025-11-18 17:22:52,198 - INFO - MainThread - server_logic - [DEBUG] found replica for vector: 4
2025-11-18 17:22:52,198 - INFO - MainThread - server_logic - [DEBUG] found replica for vector: 1
2025-11-18 17:22:52,198 - INFO - MainThread - server_logic - [DEBUG] found replica for vector: 2
2025-11-18 17:22:52,198 - INFO - MainThread - server_logic - [DEBUG] found replica for vector: 3
2025-11-18 17:22:52,198 - INFO - MainThread - server_logic - [DEBUG] found replica for vector: 4
2025-11-18 17:22:52,198 - INFO - MainThread - server_logic - [DEBUG] found replica for vector: 1
2025-11-18 17:22:52,198 - INFO - MainThread - server_logic - [DEBUG] found replica for vector: 2
2025-11-18 17:22:52,198 - INFO - MainThread - server_logic - [DEBUG] found replica for vector: 3
2025-11-18 17:22:52,198 - INFO - MainThread - server_logic - [DEBUG] to me replica for vector: 3
2025-11-18 17:22:52,198 - INFO - MainThread - server_logic - [DEBUG] found replica for vector: 1
2025-11-18 17:22:52,198 - INFO - MainThread - server_logic - [DEBUG] found replica for vector: 2
2025-11-18 17:22:52,198 - INFO - MainThread - server_logic - [DEBUG] found replica for vector: 3
2025-11-18 17:22:52,198 - INFO - MainThread - server_logic - [DEBUG] to me replica for vector: 3
2025-11-18 17:22:52,198 - INFO - MainThread - server_logic - [DEBUG] found replica for vector: 1
2025-11-18 17:22:52,198 - INFO - MainThread - server_logic - [DEBUG] found replica for vector: 2
2025-11-18 17:22:52,198 - INFO - MainThread - server_logic - [DEBUG] found replica for vector: 3
2025-11-18 17:22:52,198 - INFO - MainThread - server_logic - [DEBUG] to me replica for vector: 3
2025-11-18 17:22:52,198 - INFO - MainThread - server_logic - [DEBUG] found replica for vector: 1
2025-11-18 17:22:52,198 - INFO - MainThread - server_logic - [DEBUG] found replica for vector: 2
2025-11-18 17:22:52,198 - INFO - MainThread - server_logic - [DEBUG] found replica for vector: 3
2025-11-18 17:22:52,198 - INFO - MainThread - server_logic - [DEBUG] found replica for vector: 4
2025-11-18 17:22:52,198 - INFO - MainThread - server_logic - [DEBUG] found replica for vector: 1
2025-11-18 17:22:52,198 - INFO - MainThread - server_logic - [DEBUG] found replica for vector: 2
2025-11-18 17:22:52,198 - INFO - MainThread - server_logic - [DEBUG] found replica for vector: 3
2025-11-18 17:22:52,198 - INFO - MainThread - server_logic - [DEBUG] found replica for vector: 4
2025-11-18 17:22:52,198 - INFO - MainThread - server_logic - [DEBUG] found replica for vector: 1
2025-11-18 17:22:52,198 - INFO - MainThread - server_logic - [DEBUG] found replica for vector: 2
2025-11-18 17:22:52,198 - INFO - MainThread - server_logic - [DEBUG] found replica for vector: 3
2025-11-18 17:22:52,198 - INFO - MainThread - server_logic - [DEBUG] to me replica for vector: 3
2025-11-18 17:22:52,198 - INFO - MainThread - server_logic - [DEBUG] found replica for vector: 1
2025-11-18 17:22:52,198 - INFO - MainThread - server_logic - [DEBUG] found replica for vector: 2
2025-11-18 17:22:52,198 - INFO - MainThread - server_logic - [DEBUG] found replica for vector: 3
2025-11-18 17:22:52,198 - INFO - MainThread - server_logic - [DEBUG] found replica for vector: 4
2025-11-18 17:22:52,199 - INFO - MainThread - server_logic - [DEBUG] found replica for vector: 1
2025-11-18 17:22:52,199 - INFO - MainThread - server_logic - [DEBUG] found replica for vector: 2
2025-11-18 17:22:52,199 - INFO - MainThread - server_logic - [DEBUG] found replica for vector: 3
2025-11-18 17:22:52,199 - INFO - MainThread - server_logic - [DEBUG] found replica for vector: 4
2025-11-18 17:22:52,199 - INFO - MainThread - server_logic - [DEBUG] found replica for vector: 1
2025-11-18 17:22:52,199 - INFO - MainThread - server_logic - [DEBUG] found replica for vector: 2
2025-11-18 17:22:52,199 - INFO - MainThread - server_logic - [DEBUG] found replica for vector: 3
2025-11-18 17:22:52,199 - INFO - MainThread - server_logic - [DEBUG] found replica for vector: 4
2025-11-18 17:22:52,199 - INFO - MainThread - server_logic - [DEBUG] found replica for vector: 1
2025-11-18 17:22:52,199 - INFO - MainThread - server_logic - [DEBUG] found replica for vector: 2
2025-11-18 17:22:52,199 - INFO - MainThread - server_logic - [DEBUG] found replica for vector: 3
2025-11-18 17:22:52,199 - INFO - MainThread - server_logic - [DEBUG] found replica for vector: 4
2025-11-18 17:22:52,199 - INFO - MainThread - server_logic - [DEBUG] found replica for vector: 1
2025-11-18 17:22:52,199 - INFO - MainThread - server_logic - [DEBUG] found replica for vector: 2
2025-11-18 17:22:52,199 - INFO - MainThread - server_logic - [DEBUG] found replica for vector: 3
2025-11-18 17:22:52,199 - INFO - MainThread - server_logic - [DEBUG] found replica for vector: 4
2025-11-18 17:22:52,199 - INFO - MainThread - server_logic - [DEBUG] found replica for vector: 1
2025-11-18 17:22:52,199 - INFO - MainThread - server_logic - [DEBUG] found replica for vector: 2
2025-11-18 17:22:52,199 - INFO - MainThread - server_logic - [DEBUG] found replica for vector: 3
2025-11-18 17:22:52,199 - INFO - MainThread - server_logic - [DEBUG] found replica for vector: 4
2025-11-18 17:22:52,199 - INFO - MainThread - server_logic - [DEBUG] found replica for vector: 1
2025-11-18 17:22:52,199 - INFO - MainThread - server_logic - [DEBUG] found replica for vector: 2
2025-11-18 17:22:52,199 - INFO - MainThread - server_logic - [DEBUG] found replica for vector: 3
2025-11-18 17:22:52,199 - INFO - MainThread - server_logic - [DEBUG] found replica for vector: 4
2025-11-18 17:22:52,199 - INFO - MainThread - server_logic - [DEBUG] found replica for vector: 1
2025-11-18 17:22:52,199 - INFO - MainThread - server_logic - [DEBUG] found replica for vector: 2
2025-11-18 17:22:52,199 - INFO - MainThread - server_logic - [DEBUG] found replica for vector: 3
2025-11-18 17:22:52,199 - INFO - MainThread - server_logic - [DEBUG] found replica for vector: 4
2025-11-18 17:22:52,199 - INFO - MainThread - server_logic - [DEBUG] found replica for vector: 1
2025-11-18 17:22:52,199 - INFO - MainThread - server_logic - [DEBUG] found replica for vector: 2
2025-11-18 17:22:52,199 - INFO - MainThread - server_logic - [DEBUG] found replica for vector: 3
2025-11-18 17:22:52,199 - INFO - MainThread - server_logic - [DEBUG] found replica for vector: 4
2025-11-18 17:22:52,199 - INFO - MainThread - server_logic - [DEBUG] found replica for vector: 1
2025-11-18 17:22:52,199 - INFO - MainThread - server_logic - [DEBUG] found replica for vector: 2
2025-11-18 17:22:52,199 - INFO - MainThread - server_logic - [DEBUG] found replica for vector: 3
2025-11-18 17:22:52,199 - INFO - MainThread - server_logic - [DEBUG] found replica for vector: 4
2025-11-18 17:22:52,199 - INFO - MainThread - server_logic - [DEBUG] found replica for vector: 1
2025-11-18 17:22:52,199 - INFO - MainThread - server_logic - [DEBUG] found replica for vector: 2
2025-11-18 17:22:52,199 - INFO - MainThread - server_logic - [DEBUG] found replica for vector: 3
2025-11-18 17:22:52,199 - INFO - MainThread - server_logic - [DEBUG] found replica for vector: 4
2025-11-18 17:22:52,199 - INFO - MainThread - server_logic - [DEBUG] found replica for vector: 1
2025-11-18 17:22:52,199 - INFO - MainThread - server_logic - [DEBUG] found replica for vector: 2
2025-11-18 17:22:52,199 - INFO - MainThread - server_logic - [DEBUG] found replica for vector: 3
2025-11-18 17:22:52,199 - INFO - MainThread - server_logic - [DEBUG] found replica for vector: 4
2025-11-18 17:22:52,199 - INFO - MainThread - server_logic - [DEBUG] found replica for vector: 1
2025-11-18 17:22:52,199 - INFO - MainThread - server_logic - [DEBUG] found replica for vector: 2
2025-11-18 17:22:52,199 - INFO - MainThread - server_logic - [DEBUG] found replica for vector: 3
2025-11-18 17:22:52,199 - INFO - MainThread - server_logic - [DEBUG] found replica for vector: 4
2025-11-18 17:22:52,199 - INFO - MainThread - server_logic - [DEBUG] found replica for vector: 1
2025-11-18 17:22:52,199 - INFO - MainThread - server_logic - [DEBUG] found replica for vector: 2
2025-11-18 17:22:52,199 - INFO - MainThread - server_logic - [DEBUG] found replica for vector: 3
2025-11-18 17:22:52,199 - INFO - MainThread - server_logic - [DEBUG] found replica for vector: 4
2025-11-18 17:22:52,199 - INFO - MainThread - server_logic - [DEBUG] found replica for vector: 1
2025-11-18 17:22:52,199 - INFO - MainThread - server_logic - [DEBUG] found replica for vector: 2
2025-11-18 17:22:52,199 - INFO - MainThread - server_logic - [DEBUG] found replica for vector: 3
2025-11-18 17:22:52,199 - INFO - MainThread - server_logic - [DEBUG] to me replica for vector: 3
2025-11-18 17:22:52,199 - INFO - MainThread - server_logic - [DEBUG] found replica for vector: 1
2025-11-18 17:22:52,199 - INFO - MainThread - server_logic - [DEBUG] found replica for vector: 2
2025-11-18 17:22:52,200 - INFO - MainThread - server_logic - [DEBUG] found replica for vector: 3
2025-11-18 17:22:52,200 - INFO - MainThread - server_logic - [DEBUG] found replica for vector: 4
2025-11-18 17:22:52,200 - INFO - MainThread - server_logic - [DEBUG] found replica for vector: 1
2025-11-18 17:22:52,200 - INFO - MainThread - server_logic - [DEBUG] found replica for vector: 2
2025-11-18 17:22:52,200 - INFO - MainThread - server_logic - [DEBUG] found replica for vector: 3
2025-11-18 17:22:52,200 - INFO - MainThread - server_logic - [DEBUG] found replica for vector: 4
2025-11-18 17:22:52,200 - INFO - MainThread - server_logic - [DEBUG] found replica for vector: 1
2025-11-18 17:22:52,200 - INFO - MainThread - server_logic - [DEBUG] found replica for vector: 2
2025-11-18 17:22:52,200 - INFO - MainThread - server_logic - [DEBUG] found replica for vector: 3
2025-11-18 17:22:52,200 - INFO - MainThread - server_logic - [DEBUG] found replica for vector: 4
2025-11-18 17:22:52,200 - INFO - MainThread - server_logic - [DEBUG] found replica for vector: 1
2025-11-18 17:22:52,200 - INFO - MainThread - server_logic - [DEBUG] found replica for vector: 2
2025-11-18 17:22:52,200 - INFO - MainThread - server_logic - [DEBUG] found replica for vector: 3
2025-11-18 17:22:52,200 - INFO - MainThread - server_logic - [DEBUG] found replica for vector: 4
2025-11-18 17:22:52,200 - INFO - MainThread - server_logic - [DEBUG] found replica for vector: 1
2025-11-18 17:22:52,200 - INFO - MainThread - server_logic - [DEBUG] found replica for vector: 2
2025-11-18 17:22:52,200 - INFO - MainThread - server_logic - [DEBUG] found replica for vector: 3
2025-11-18 17:22:52,200 - INFO - MainThread - server_logic - [DEBUG] found replica for vector: 4
2025-11-18 17:22:52,200 - INFO - MainThread - server_logic - [DEBUG] found replica for vector: 1
2025-11-18 17:22:52,200 - INFO - MainThread - server_logic - [DEBUG] found replica for vector: 2
2025-11-18 17:22:52,200 - INFO - MainThread - server_logic - [DEBUG] found replica for vector: 3
2025-11-18 17:22:52,200 - INFO - MainThread - server_logic - [DEBUG] found replica for vector: 4
2025-11-18 17:22:52,200 - INFO - MainThread - server_logic - [DEBUG] found replica for vector: 1
2025-11-18 17:22:52,200 - INFO - MainThread - server_logic - [DEBUG] found replica for vector: 2
2025-11-18 17:22:52,200 - INFO - MainThread - server_logic - [DEBUG] found replica for vector: 3
2025-11-18 17:22:52,200 - INFO - MainThread - server_logic - [DEBUG] found replica for vector: 4
2025-11-18 17:22:52,200 - INFO - MainThread - server_logic - [DEBUG] found replica for vector: 1
2025-11-18 17:22:52,200 - INFO - MainThread - server_logic - [DEBUG] found replica for vector: 2
2025-11-18 17:22:52,200 - INFO - MainThread - server_logic - [DEBUG] found replica for vector: 3
2025-11-18 17:22:52,200 - INFO - MainThread - server_logic - [DEBUG] to me replica for vector: 3
2025-11-18 17:22:52,200 - INFO - MainThread - server_logic - [DEBUG] found replica for vector: 1
2025-11-18 17:22:52,200 - INFO - MainThread - server_logic - [DEBUG] found replica for vector: 2
2025-11-18 17:22:52,200 - INFO - MainThread - server_logic - [DEBUG] found replica for vector: 3
2025-11-18 17:22:52,200 - INFO - MainThread - server_logic - [DEBUG] found replica for vector: 4
2025-11-18 17:22:52,200 - INFO - MainThread - server_logic - [DEBUG] found replica for vector: 1
2025-11-18 17:22:52,200 - INFO - MainThread - server_logic - [DEBUG] found replica for vector: 2
2025-11-18 17:22:52,200 - INFO - MainThread - server_logic - [DEBUG] found replica for vector: 3
2025-11-18 17:22:52,200 - INFO - MainThread - server_logic - [DEBUG] found replica for vector: 4
2025-11-18 17:22:52,200 - INFO - MainThread - server_logic - [DEBUG] found replica for vector: 1
2025-11-18 17:22:52,200 - INFO - MainThread - server_logic - [DEBUG] found replica for vector: 2
2025-11-18 17:22:52,200 - INFO - MainThread - server_logic - [DEBUG] found replica for vector: 3
2025-11-18 17:22:52,200 - INFO - MainThread - server_logic - [DEBUG] found replica for vector: 4
2025-11-18 17:22:52,200 - INFO - MainThread - server_logic - [DEBUG] found replica for vector: 1
2025-11-18 17:22:52,200 - INFO - MainThread - server_logic - [DEBUG] found replica for vector: 2
2025-11-18 17:22:52,200 - INFO - MainThread - server_logic - [DEBUG] found replica for vector: 3
2025-11-18 17:22:52,200 - INFO - MainThread - server_logic - [DEBUG] to me replica for vector: 3
2025-11-18 17:22:52,200 - INFO - MainThread - server_logic - [DEBUG] found replica for vector: 1
2025-11-18 17:22:52,200 - INFO - MainThread - server_logic - [DEBUG] found replica for vector: 2
2025-11-18 17:22:52,200 - INFO - MainThread - server_logic - [DEBUG] found replica for vector: 3
2025-11-18 17:22:52,200 - INFO - MainThread - server_logic - [DEBUG] found replica for vector: 4
2025-11-18 17:22:52,200 - INFO - MainThread - server_logic - [DEBUG] found replica for vector: 1
2025-11-18 17:22:52,200 - INFO - MainThread - server_logic - [DEBUG] found replica for vector: 2
2025-11-18 17:22:52,200 - INFO - MainThread - server_logic - [DEBUG] found replica for vector: 3
2025-11-18 17:22:52,200 - INFO - MainThread - server_logic - [DEBUG] to me replica for vector: 3
2025-11-18 17:22:52,200 - INFO - MainThread - server_logic - [DEBUG] found replica for vector: 1
2025-11-18 17:22:52,200 - INFO - MainThread - server_logic - [DEBUG] found replica for vector: 2
2025-11-18 17:22:52,200 - INFO - MainThread - server_logic - [DEBUG] found replica for vector: 3
2025-11-18 17:22:52,200 - INFO - MainThread - server_logic - [DEBUG] found replica for vector: 4
2025-11-18 17:22:52,201 - INFO - MainThread - server_logic - [DEBUG] found replica for vector: 1
2025-11-18 17:22:52,201 - INFO - MainThread - server_logic - [DEBUG] found replica for vector: 2
2025-11-18 17:22:52,201 - INFO - MainThread - server_logic - [DEBUG] found replica for vector: 3
2025-11-18 17:22:52,201 - INFO - MainThread - server_logic - [DEBUG] found replica for vector: 4
2025-11-18 17:22:52,201 - INFO - MainThread - server_logic - [DEBUG] found replica for vector: 1
2025-11-18 17:22:52,201 - INFO - MainThread - server_logic - [DEBUG] found replica for vector: 2
2025-11-18 17:22:52,201 - INFO - MainThread - server_logic - [DEBUG] found replica for vector: 3
2025-11-18 17:22:52,201 - INFO - MainThread - server_logic - [DEBUG] to me replica for vector: 3
2025-11-18 17:22:52,201 - INFO - MainThread - server_logic - [DEBUG] found replica for vector: 1
2025-11-18 17:22:52,201 - INFO - MainThread - server_logic - [DEBUG] found replica for vector: 2
2025-11-18 17:22:52,201 - INFO - MainThread - server_logic - [DEBUG] found replica for vector: 3
2025-11-18 17:22:52,201 - INFO - MainThread - server_logic - [DEBUG] found replica for vector: 4
2025-11-18 17:22:52,201 - INFO - MainThread - server_logic - [DEBUG] found replica for vector: 1
2025-11-18 17:22:52,201 - INFO - MainThread - server_logic - [DEBUG] found replica for vector: 2
2025-11-18 17:22:52,201 - INFO - MainThread - server_logic - [DEBUG] found replica for vector: 3
2025-11-18 17:22:52,201 - INFO - MainThread - server_logic - [DEBUG] found replica for vector: 4
2025-11-18 17:22:52,201 - INFO - MainThread - server_logic - [DEBUG] found replica for vector: 1
2025-11-18 17:22:52,201 - INFO - MainThread - server_logic - [DEBUG] found replica for vector: 2
2025-11-18 17:22:52,201 - INFO - MainThread - server_logic - [DEBUG] found replica for vector: 3
2025-11-18 17:22:52,201 - INFO - MainThread - server_logic - [DEBUG] found replica for vector: 4
2025-11-18 17:22:52,201 - INFO - MainThread - server_logic - [DEBUG] found replica for vector: 1
2025-11-18 17:22:52,201 - INFO - MainThread - server_logic - [DEBUG] found replica for vector: 2
2025-11-18 17:22:52,201 - INFO - MainThread - server_logic - [DEBUG] found replica for vector: 3
2025-11-18 17:22:52,201 - INFO - MainThread - server_logic - [DEBUG] found replica for vector: 4
2025-11-18 17:22:52,201 - INFO - MainThread - server_logic - [DEBUG] found replica for vector: 1
2025-11-18 17:22:52,201 - INFO - MainThread - server_logic - [DEBUG] found replica for vector: 2
2025-11-18 17:22:52,201 - INFO - MainThread - server_logic - [DEBUG] found replica for vector: 3
2025-11-18 17:22:52,201 - INFO - MainThread - server_logic - [DEBUG] found replica for vector: 4
2025-11-18 17:22:52,201 - INFO - MainThread - server_logic - [DEBUG] found replica for vector: 1
2025-11-18 17:22:52,201 - INFO - MainThread - server_logic - [DEBUG] found replica for vector: 2
2025-11-18 17:22:52,201 - INFO - MainThread - server_logic - [DEBUG] found replica for vector: 3
2025-11-18 17:22:52,201 - INFO - MainThread - server_logic - [DEBUG] found replica for vector: 4
2025-11-18 17:22:52,201 - INFO - MainThread - server_logic - [DEBUG] found replica for vector: 1
2025-11-18 17:22:52,201 - INFO - MainThread - server_logic - [DEBUG] found replica for vector: 2
2025-11-18 17:22:52,201 - INFO - MainThread - server_logic - [DEBUG] found replica for vector: 3
2025-11-18 17:22:52,201 - INFO - MainThread - server_logic - [DEBUG] found replica for vector: 4
2025-11-18 17:22:52,201 - INFO - MainThread - server_logic - [DEBUG] found replica for vector: 1
2025-11-18 17:22:52,201 - INFO - MainThread - server_logic - [DEBUG] found replica for vector: 2
2025-11-18 17:22:52,201 - INFO - MainThread - server_logic - [DEBUG] found replica for vector: 3
2025-11-18 17:22:52,201 - INFO - MainThread - server_logic - [DEBUG] found replica for vector: 4
2025-11-18 17:22:52,201 - INFO - MainThread - server_logic - [DEBUG] found replica for vector: 1
2025-11-18 17:22:52,201 - INFO - MainThread - server_logic - [DEBUG] found replica for vector: 2
2025-11-18 17:22:52,201 - INFO - MainThread - server_logic - [DEBUG] found replica for vector: 3
2025-11-18 17:22:52,201 - INFO - MainThread - server_logic - [DEBUG] found replica for vector: 4
2025-11-18 17:22:52,201 - INFO - MainThread - server_logic - [DEBUG] found replica for vector: 1
2025-11-18 17:22:52,201 - INFO - MainThread - server_logic - [DEBUG] found replica for vector: 2
2025-11-18 17:22:52,201 - INFO - MainThread - server_logic - [DEBUG] found replica for vector: 3
2025-11-18 17:22:52,201 - INFO - MainThread - server_logic - [DEBUG] found replica for vector: 4
2025-11-18 17:22:52,201 - INFO - MainThread - server_logic - [DEBUG] found replica for vector: 1
2025-11-18 17:22:52,201 - INFO - MainThread - server_logic - [DEBUG] found replica for vector: 2
2025-11-18 17:22:52,201 - INFO - MainThread - server_logic - [DEBUG] found replica for vector: 3
2025-11-18 17:22:52,201 - INFO - MainThread - server_logic - [DEBUG] found replica for vector: 4
2025-11-18 17:22:52,201 - INFO - MainThread - server_logic - [DEBUG] found replica for vector: 1
2025-11-18 17:22:52,201 - INFO - MainThread - server_logic - [DEBUG] found replica for vector: 2
2025-11-18 17:22:52,201 - INFO - MainThread - server_logic - [DEBUG] found replica for vector: 3
2025-11-18 17:22:52,201 - INFO - MainThread - server_logic - [DEBUG] found replica for vector: 4
2025-11-18 17:22:52,201 - INFO - MainThread - server_logic - [DEBUG] found replica for vector: 1
2025-11-18 17:22:52,201 - INFO - MainThread - server_logic - [DEBUG] found replica for vector: 2
2025-11-18 17:22:52,201 - INFO - MainThread - server_logic - [DEBUG] found replica for vector: 3
2025-11-18 17:22:52,201 - INFO - MainThread - server_logic - [DEBUG] found replica for vector: 4
2025-11-18 17:22:52,202 - INFO - MainThread - server_logic - [DEBUG] found replica for vector: 1
2025-11-18 17:22:52,202 - INFO - MainThread - server_logic - [DEBUG] found replica for vector: 2
2025-11-18 17:22:52,202 - INFO - MainThread - server_logic - [DEBUG] found replica for vector: 3
2025-11-18 17:22:52,202 - INFO - MainThread - server_logic - [DEBUG] found replica for vector: 4
2025-11-18 17:22:52,202 - INFO - MainThread - server_logic - [DEBUG] found replica for vector: 1
2025-11-18 17:22:52,202 - INFO - MainThread - server_logic - [DEBUG] found replica for vector: 2
2025-11-18 17:22:52,202 - INFO - MainThread - server_logic - [DEBUG] found replica for vector: 3
2025-11-18 17:22:52,202 - INFO - MainThread - server_logic - [DEBUG] found replica for vector: 4
2025-11-18 17:22:52,202 - INFO - MainThread - server_logic - [DEBUG] found replica for vector: 1
2025-11-18 17:22:52,202 - INFO - MainThread - server_logic - [DEBUG] found replica for vector: 2
2025-11-18 17:22:52,202 - INFO - MainThread - server_logic - [DEBUG] found replica for vector: 3
2025-11-18 17:22:52,202 - INFO - MainThread - server_logic - [DEBUG] found replica for vector: 4
2025-11-18 17:22:52,202 - INFO - MainThread - server_logic - [DEBUG] found replica for vector: 1
2025-11-18 17:22:52,202 - INFO - MainThread - server_logic - [DEBUG] found replica for vector: 2
2025-11-18 17:22:52,202 - INFO - MainThread - server_logic - [DEBUG] found replica for vector: 3
2025-11-18 17:22:52,202 - INFO - MainThread - server_logic - [DEBUG] to me replica for vector: 3
2025-11-18 17:22:52,202 - INFO - MainThread - server_logic - [DEBUG] found replica for vector: 1
2025-11-18 17:22:52,202 - INFO - MainThread - server_logic - [DEBUG] found replica for vector: 2
2025-11-18 17:22:52,202 - INFO - MainThread - server_logic - [DEBUG] found replica for vector: 3
2025-11-18 17:22:52,202 - INFO - MainThread - server_logic - [DEBUG] found replica for vector: 4
2025-11-18 17:22:52,202 - INFO - MainThread - server_logic - [DEBUG] found replica for vector: 1
2025-11-18 17:22:52,202 - INFO - MainThread - server_logic - [DEBUG] found replica for vector: 2
2025-11-18 17:22:52,202 - INFO - MainThread - server_logic - [DEBUG] found replica for vector: 3
2025-11-18 17:22:52,202 - INFO - MainThread - server_logic - [DEBUG] found replica for vector: 4
2025-11-18 17:22:52,202 - INFO - MainThread - server_logic - [DEBUG] found replica for vector: 1
2025-11-18 17:22:52,202 - INFO - MainThread - server_logic - [DEBUG] found replica for vector: 2
2025-11-18 17:22:52,202 - INFO - MainThread - server_logic - [DEBUG] found replica for vector: 3
2025-11-18 17:22:52,202 - INFO - MainThread - server_logic - [DEBUG] found replica for vector: 4
2025-11-18 17:22:52,202 - INFO - MainThread - server_logic - [DEBUG] found replica for vector: 1
2025-11-18 17:22:52,202 - INFO - MainThread - server_logic - [DEBUG] found replica for vector: 2
2025-11-18 17:22:52,202 - INFO - MainThread - server_logic - [DEBUG] found replica for vector: 3
2025-11-18 17:22:52,202 - INFO - MainThread - server_logic - [DEBUG] found replica for vector: 4
2025-11-18 17:22:52,202 - INFO - MainThread - server_logic - [DEBUG] found replica for vector: 1
2025-11-18 17:22:52,202 - INFO - MainThread - server_logic - [DEBUG] found replica for vector: 2
2025-11-18 17:22:52,202 - INFO - MainThread - server_logic - [DEBUG] found replica for vector: 3
2025-11-18 17:22:52,202 - INFO - MainThread - server_logic - [DEBUG] found replica for vector: 4
2025-11-18 17:22:52,202 - INFO - MainThread - server_logic - [DEBUG] found replica for vector: 1
2025-11-18 17:22:52,202 - INFO - MainThread - server_logic - [DEBUG] found replica for vector: 2
2025-11-18 17:22:52,202 - INFO - MainThread - server_logic - [DEBUG] found replica for vector: 3
2025-11-18 17:22:52,202 - INFO - MainThread - server_logic - [DEBUG] found replica for vector: 4
2025-11-18 17:22:52,202 - INFO - MainThread - server_logic - [DEBUG] found replica for vector: 1
2025-11-18 17:22:52,202 - INFO - MainThread - server_logic - [DEBUG] found replica for vector: 2
2025-11-18 17:22:52,202 - INFO - MainThread - server_logic - [DEBUG] found replica for vector: 3
2025-11-18 17:22:52,202 - INFO - MainThread - server_logic - [DEBUG] found replica for vector: 4
2025-11-18 17:22:52,202 - INFO - MainThread - server_logic - [DEBUG] found replica for vector: 1
2025-11-18 17:22:52,202 - INFO - MainThread - server_logic - [DEBUG] found replica for vector: 2
2025-11-18 17:22:52,202 - INFO - MainThread - server_logic - [DEBUG] found replica for vector: 3
2025-11-18 17:22:52,202 - INFO - MainThread - server_logic - [DEBUG] to me replica for vector: 3
2025-11-18 17:22:52,202 - INFO - MainThread - server_logic - [DEBUG] found replica for vector: 1
2025-11-18 17:22:52,202 - INFO - MainThread - server_logic - [DEBUG] found replica for vector: 2
2025-11-18 17:22:52,202 - INFO - MainThread - server_logic - [DEBUG] found replica for vector: 3
2025-11-18 17:22:52,202 - INFO - MainThread - server_logic - [DEBUG] to me replica for vector: 3
2025-11-18 17:22:52,202 - INFO - MainThread - server_logic - [DEBUG] found replica for vector: 1
2025-11-18 17:22:52,202 - INFO - MainThread - server_logic - [DEBUG] found replica for vector: 2
2025-11-18 17:22:52,202 - INFO - MainThread - server_logic - [DEBUG] found replica for vector: 3
2025-11-18 17:22:52,202 - INFO - MainThread - server_logic - [DEBUG] found replica for vector: 4
2025-11-18 17:22:52,202 - INFO - MainThread - server_logic - [DEBUG] found replica for vector: 1
2025-11-18 17:22:52,202 - INFO - MainThread - server_logic - [DEBUG] found replica for vector: 2
2025-11-18 17:22:52,203 - INFO - MainThread - server_logic - [DEBUG] found replica for vector: 3
2025-11-18 17:22:52,203 - INFO - MainThread - server_logic - [DEBUG] to me replica for vector: 3
2025-11-18 17:22:52,203 - INFO - MainThread - server_logic - [DEBUG] found replica for vector: 1
2025-11-18 17:22:52,203 - INFO - MainThread - server_logic - [DEBUG] found replica for vector: 2
2025-11-18 17:22:52,203 - INFO - MainThread - server_logic - [DEBUG] found replica for vector: 3
2025-11-18 17:22:52,203 - INFO - MainThread - server_logic - [DEBUG] found replica for vector: 4
2025-11-18 17:22:52,203 - INFO - MainThread - server_logic - [DEBUG] found replica for vector: 1
2025-11-18 17:22:52,203 - INFO - MainThread - server_logic - [DEBUG] found replica for vector: 2
2025-11-18 17:22:52,203 - INFO - MainThread - server_logic - [DEBUG] found replica for vector: 3
2025-11-18 17:22:52,203 - INFO - MainThread - server_logic - [DEBUG] found replica for vector: 4
2025-11-18 17:22:52,203 - INFO - MainThread - server_logic - [DEBUG] found replica for vector: 1
2025-11-18 17:22:52,203 - INFO - MainThread - server_logic - [DEBUG] found replica for vector: 2
2025-11-18 17:22:52,203 - INFO - MainThread - server_logic - [DEBUG] found replica for vector: 3
2025-11-18 17:22:52,203 - INFO - MainThread - server_logic - [DEBUG] found replica for vector: 4
2025-11-18 17:22:52,203 - INFO - MainThread - server_logic - [DEBUG] found replica for vector: 1
2025-11-18 17:22:52,203 - INFO - MainThread - server_logic - [DEBUG] found replica for vector: 2
2025-11-18 17:22:52,203 - INFO - MainThread - server_logic - [DEBUG] found replica for vector: 3
2025-11-18 17:22:52,203 - INFO - MainThread - server_logic - [DEBUG] found replica for vector: 4
2025-11-18 17:22:52,203 - INFO - MainThread - server_logic - [DEBUG] found replica for vector: 1
2025-11-18 17:22:52,203 - INFO - MainThread - server_logic - [DEBUG] found replica for vector: 2
2025-11-18 17:22:52,203 - INFO - MainThread - server_logic - [DEBUG] found replica for vector: 3
2025-11-18 17:22:52,203 - INFO - MainThread - server_logic - [DEBUG] found replica for vector: 4
2025-11-18 17:22:52,203 - INFO - MainThread - server_logic - [DEBUG] found replica for vector: 1
2025-11-18 17:22:52,203 - INFO - MainThread - server_logic - [DEBUG] found replica for vector: 2
2025-11-18 17:22:52,203 - INFO - MainThread - server_logic - [DEBUG] found replica for vector: 3
2025-11-18 17:22:52,203 - INFO - MainThread - server_logic - [DEBUG] found replica for vector: 4
2025-11-18 17:22:52,203 - INFO - MainThread - server_logic - [DEBUG] found replica for vector: 1
2025-11-18 17:22:52,203 - INFO - MainThread - server_logic - [DEBUG] found replica for vector: 2
2025-11-18 17:22:52,203 - INFO - MainThread - server_logic - [DEBUG] found replica for vector: 3
2025-11-18 17:22:52,203 - INFO - MainThread - server_logic - [DEBUG] found replica for vector: 4
2025-11-18 17:22:52,203 - INFO - MainThread - server_logic - [DEBUG] found replica for vector: 1
2025-11-18 17:22:52,203 - INFO - MainThread - server_logic - [DEBUG] found replica for vector: 2
2025-11-18 17:22:52,203 - INFO - MainThread - server_logic - [DEBUG] found replica for vector: 3
2025-11-18 17:22:52,203 - INFO - MainThread - server_logic - [DEBUG] to me replica for vector: 3
2025-11-18 17:22:52,203 - INFO - MainThread - server_logic - [DEBUG] found replica for vector: 1
2025-11-18 17:22:52,203 - INFO - MainThread - server_logic - [DEBUG] found replica for vector: 2
2025-11-18 17:22:52,203 - INFO - MainThread - server_logic - [DEBUG] found replica for vector: 3
2025-11-18 17:22:52,203 - INFO - MainThread - server_logic - [DEBUG] to me replica for vector: 3
2025-11-18 17:22:52,203 - INFO - MainThread - server_logic - [DEBUG] found replica for vector: 1
2025-11-18 17:22:52,203 - INFO - MainThread - server_logic - [DEBUG] found replica for vector: 2
2025-11-18 17:22:52,203 - INFO - MainThread - server_logic - [DEBUG] found replica for vector: 3
2025-11-18 17:22:52,203 - INFO - MainThread - server_logic - [DEBUG] to me replica for vector: 3
2025-11-18 17:22:52,203 - INFO - MainThread - server_logic - [DEBUG] found replica for vector: 1
2025-11-18 17:22:52,203 - INFO - MainThread - server_logic - [DEBUG] found replica for vector: 2
2025-11-18 17:22:52,203 - INFO - MainThread - server_logic - [DEBUG] found replica for vector: 3
2025-11-18 17:22:52,203 - INFO - MainThread - server_logic - [DEBUG] found replica for vector: 4
2025-11-18 17:22:52,203 - INFO - MainThread - server_logic - [DEBUG] found replica for vector: 1
2025-11-18 17:22:52,203 - INFO - MainThread - server_logic - [DEBUG] found replica for vector: 2
2025-11-18 17:22:52,203 - INFO - MainThread - server_logic - [DEBUG] found replica for vector: 3
2025-11-18 17:22:52,203 - INFO - MainThread - server_logic - [DEBUG] to me replica for vector: 3
2025-11-18 17:22:52,203 - INFO - MainThread - server_logic - [DEBUG] found replica for vector: 1
2025-11-18 17:22:52,203 - INFO - MainThread - server_logic - [DEBUG] found replica for vector: 2
2025-11-18 17:22:52,203 - INFO - MainThread - server_logic - [DEBUG] found replica for vector: 3
2025-11-18 17:22:52,203 - INFO - MainThread - server_logic - [DEBUG] found replica for vector: 4
2025-11-18 17:22:52,203 - INFO - MainThread - server_logic - [DEBUG] found replica for vector: 1
2025-11-18 17:22:52,203 - INFO - MainThread - server_logic - [DEBUG] found replica for vector: 2
2025-11-18 17:22:52,203 - INFO - MainThread - server_logic - [DEBUG] found replica for vector: 3
2025-11-18 17:22:52,203 - INFO - MainThread - server_logic - [DEBUG] found replica for vector: 4
2025-11-18 17:22:52,204 - INFO - MainThread - server_logic - [DEBUG] found replica for vector: 1
2025-11-18 17:22:52,204 - INFO - MainThread - server_logic - [DEBUG] found replica for vector: 2
2025-11-18 17:22:52,204 - INFO - MainThread - server_logic - [DEBUG] found replica for vector: 3
2025-11-18 17:22:52,204 - INFO - MainThread - server_logic - [DEBUG] found replica for vector: 4
2025-11-18 17:22:52,204 - INFO - MainThread - server_logic - [DEBUG] found replica for vector: 1
2025-11-18 17:22:52,204 - INFO - MainThread - server_logic - [DEBUG] found replica for vector: 2
2025-11-18 17:22:52,204 - INFO - MainThread - server_logic - [DEBUG] found replica for vector: 3
2025-11-18 17:22:52,204 - INFO - MainThread - server_logic - [DEBUG] to me replica for vector: 3
2025-11-18 17:22:52,204 - INFO - MainThread - server_logic - [DEBUG] found replica for vector: 1
2025-11-18 17:22:52,204 - INFO - MainThread - server_logic - [DEBUG] found replica for vector: 2
2025-11-18 17:22:52,204 - INFO - MainThread - server_logic - [DEBUG] found replica for vector: 3
2025-11-18 17:22:52,204 - INFO - MainThread - server_logic - [DEBUG] found replica for vector: 4
2025-11-18 17:22:52,204 - INFO - MainThread - server_logic - [DEBUG] found replica for vector: 1
2025-11-18 17:22:52,204 - INFO - MainThread - server_logic - [DEBUG] found replica for vector: 2
2025-11-18 17:22:52,204 - INFO - MainThread - server_logic - [DEBUG] found replica for vector: 3
2025-11-18 17:22:52,204 - INFO - MainThread - server_logic - [DEBUG] found replica for vector: 4
2025-11-18 17:22:52,204 - INFO - MainThread - server_logic - [DEBUG] found replica for vector: 1
2025-11-18 17:22:52,204 - INFO - MainThread - server_logic - [DEBUG] found replica for vector: 2
2025-11-18 17:22:52,204 - INFO - MainThread - server_logic - [DEBUG] found replica for vector: 3
2025-11-18 17:22:52,204 - INFO - MainThread - server_logic - [DEBUG] found replica for vector: 4
2025-11-18 17:22:52,204 - INFO - MainThread - server_logic - [DEBUG] found replica for vector: 1
2025-11-18 17:22:52,204 - INFO - MainThread - server_logic - [DEBUG] found replica for vector: 2
2025-11-18 17:22:52,204 - INFO - MainThread - server_logic - [DEBUG] found replica for vector: 3
2025-11-18 17:22:52,204 - INFO - MainThread - server_logic - [DEBUG] found replica for vector: 4
2025-11-18 17:22:52,204 - INFO - MainThread - server_logic - [DEBUG] found replica for vector: 1
2025-11-18 17:22:52,204 - INFO - MainThread - server_logic - [DEBUG] found replica for vector: 2
2025-11-18 17:22:52,204 - INFO - MainThread - server_logic - [DEBUG] found replica for vector: 3
2025-11-18 17:22:52,204 - INFO - MainThread - server_logic - [DEBUG] found replica for vector: 4
2025-11-18 17:22:52,204 - INFO - MainThread - server_logic - [DEBUG] found replica for vector: 1
2025-11-18 17:22:52,204 - INFO - MainThread - server_logic - [DEBUG] found replica for vector: 2
2025-11-18 17:22:52,204 - INFO - MainThread - server_logic - [DEBUG] found replica for vector: 3
2025-11-18 17:22:52,204 - INFO - MainThread - server_logic - [DEBUG] found replica for vector: 4
2025-11-18 17:22:52,204 - INFO - MainThread - server_logic - [DEBUG] found replica for vector: 1
2025-11-18 17:22:52,204 - INFO - MainThread - server_logic - [DEBUG] found replica for vector: 2
2025-11-18 17:22:52,204 - INFO - MainThread - server_logic - [DEBUG] found replica for vector: 3
2025-11-18 17:22:52,204 - INFO - MainThread - server_logic - [DEBUG] to me replica for vector: 3
2025-11-18 17:22:52,204 - INFO - MainThread - server_logic - [DEBUG] found replica for vector: 1
2025-11-18 17:22:52,204 - INFO - MainThread - server_logic - [DEBUG] found replica for vector: 2
2025-11-18 17:22:52,204 - INFO - MainThread - server_logic - [DEBUG] found replica for vector: 3
2025-11-18 17:22:52,204 - INFO - MainThread - server_logic - [DEBUG] found replica for vector: 4
2025-11-18 17:22:52,204 - INFO - MainThread - server_logic - [DEBUG] found replica for vector: 1
2025-11-18 17:22:52,204 - INFO - MainThread - server_logic - [DEBUG] found replica for vector: 2
2025-11-18 17:22:52,204 - INFO - MainThread - server_logic - [DEBUG] found replica for vector: 3
2025-11-18 17:22:52,204 - INFO - MainThread - server_logic - [DEBUG] found replica for vector: 4
2025-11-18 17:22:52,204 - INFO - MainThread - server_logic - [DEBUG] found replica for vector: 1
2025-11-18 17:22:52,204 - INFO - MainThread - server_logic - [DEBUG] found replica for vector: 2
2025-11-18 17:22:52,204 - INFO - MainThread - server_logic - [DEBUG] found replica for vector: 3
2025-11-18 17:22:52,204 - INFO - MainThread - server_logic - [DEBUG] to me replica for vector: 3
2025-11-18 17:22:52,204 - INFO - MainThread - server_logic - [DEBUG] found replica for vector: 1
2025-11-18 17:22:52,204 - INFO - MainThread - server_logic - [DEBUG] found replica for vector: 2
2025-11-18 17:22:52,204 - INFO - MainThread - server_logic - [DEBUG] found replica for vector: 3
2025-11-18 17:22:52,204 - INFO - MainThread - server_logic - [DEBUG] found replica for vector: 4
2025-11-18 17:22:52,204 - INFO - MainThread - server_logic - [DEBUG] found replica for vector: 1
2025-11-18 17:22:52,204 - INFO - MainThread - server_logic - [DEBUG] found replica for vector: 2
2025-11-18 17:22:52,204 - INFO - MainThread - server_logic - [DEBUG] found replica for vector: 3
2025-11-18 17:22:52,204 - INFO - MainThread - server_logic - [DEBUG] found replica for vector: 4
2025-11-18 17:22:52,204 - INFO - MainThread - server_logic - [DEBUG] found replica for vector: 1
2025-11-18 17:22:52,204 - INFO - MainThread - server_logic - [DEBUG] found replica for vector: 2
2025-11-18 17:22:52,204 - INFO - MainThread - server_logic - [DEBUG] found replica for vector: 3
2025-11-18 17:22:52,204 - INFO - MainThread - server_logic - [DEBUG] found replica for vector: 4
2025-11-18 17:22:52,205 - INFO - MainThread - server_logic - [DEBUG] found replica for vector: 1
2025-11-18 17:22:52,205 - INFO - MainThread - server_logic - [DEBUG] found replica for vector: 2
2025-11-18 17:22:52,205 - INFO - MainThread - server_logic - [DEBUG] found replica for vector: 3
2025-11-18 17:22:52,205 - INFO - MainThread - server_logic - [DEBUG] found replica for vector: 4
2025-11-18 17:22:52,205 - INFO - MainThread - server_logic - [DEBUG] found replica for vector: 1
2025-11-18 17:22:52,205 - INFO - MainThread - server_logic - [DEBUG] found replica for vector: 2
2025-11-18 17:22:52,205 - INFO - MainThread - server_logic - [DEBUG] found replica for vector: 3
2025-11-18 17:22:52,205 - INFO - MainThread - server_logic - [DEBUG] found replica for vector: 4
2025-11-18 17:22:52,205 - INFO - MainThread - server_logic - [DEBUG] found replica for vector: 1
2025-11-18 17:22:52,205 - INFO - MainThread - server_logic - [DEBUG] found replica for vector: 2
2025-11-18 17:22:52,205 - INFO - MainThread - server_logic - [DEBUG] found replica for vector: 3
2025-11-18 17:22:52,205 - INFO - MainThread - server_logic - [DEBUG] found replica for vector: 4
2025-11-18 17:22:52,205 - INFO - MainThread - server_logic - [DEBUG] found replica for vector: 1
2025-11-18 17:22:52,205 - INFO - MainThread - server_logic - [DEBUG] found replica for vector: 2
2025-11-18 17:22:52,205 - INFO - MainThread - server_logic - [DEBUG] found replica for vector: 3
2025-11-18 17:22:52,205 - INFO - MainThread - server_logic - [DEBUG] to me replica for vector: 3
2025-11-18 17:22:52,205 - INFO - MainThread - server_logic - [DEBUG] found replica for vector: 1
2025-11-18 17:22:52,205 - INFO - MainThread - server_logic - [DEBUG] found replica for vector: 2
2025-11-18 17:22:52,205 - INFO - MainThread - server_logic - [DEBUG] found replica for vector: 3
2025-11-18 17:22:52,205 - INFO - MainThread - server_logic - [DEBUG] to me replica for vector: 3
2025-11-18 17:22:52,205 - INFO - MainThread - server_logic - [DEBUG] found replica for vector: 1
2025-11-18 17:22:52,205 - INFO - MainThread - server_logic - [DEBUG] found replica for vector: 2
2025-11-18 17:22:52,205 - INFO - MainThread - server_logic - [DEBUG] found replica for vector: 3
2025-11-18 17:22:52,205 - INFO - MainThread - server_logic - [DEBUG] to me replica for vector: 3
2025-11-18 17:22:52,205 - INFO - MainThread - server_logic - [DEBUG] found replica for vector: 1
2025-11-18 17:22:52,205 - INFO - MainThread - server_logic - [DEBUG] found replica for vector: 2
2025-11-18 17:22:52,205 - INFO - MainThread - server_logic - [DEBUG] found replica for vector: 3
2025-11-18 17:22:52,205 - INFO - MainThread - server_logic - [DEBUG] found replica for vector: 4
2025-11-18 17:22:52,205 - INFO - MainThread - server_logic - [DEBUG] found replica for vector: 1
2025-11-18 17:22:52,205 - INFO - MainThread - server_logic - [DEBUG] found replica for vector: 2
2025-11-18 17:22:52,205 - INFO - MainThread - server_logic - [DEBUG] found replica for vector: 3
2025-11-18 17:22:52,205 - INFO - MainThread - server_logic - [DEBUG] found replica for vector: 4
2025-11-18 17:22:52,205 - INFO - MainThread - server_logic - [DEBUG] found replica for vector: 1
2025-11-18 17:22:52,205 - INFO - MainThread - server_logic - [DEBUG] found replica for vector: 2
2025-11-18 17:22:52,205 - INFO - MainThread - server_logic - [DEBUG] found replica for vector: 3
2025-11-18 17:22:52,205 - INFO - MainThread - server_logic - [DEBUG] found replica for vector: 4
2025-11-18 17:22:52,205 - INFO - MainThread - server_logic - [DEBUG] found replica for vector: 1
2025-11-18 17:22:52,205 - INFO - MainThread - server_logic - [DEBUG] found replica for vector: 2
2025-11-18 17:22:52,205 - INFO - MainThread - server_logic - [DEBUG] found replica for vector: 3
2025-11-18 17:22:52,205 - INFO - MainThread - server_logic - [DEBUG] found replica for vector: 4
2025-11-18 17:22:52,205 - INFO - MainThread - server_logic - [DEBUG] found replica for vector: 1
2025-11-18 17:22:52,205 - INFO - MainThread - server_logic - [DEBUG] found replica for vector: 2
2025-11-18 17:22:52,205 - INFO - MainThread - server_logic - [DEBUG] found replica for vector: 3
2025-11-18 17:22:52,205 - INFO - MainThread - server_logic - [DEBUG] found replica for vector: 4
2025-11-18 17:22:52,205 - INFO - MainThread - server_logic - [DEBUG] found replica for vector: 1
2025-11-18 17:22:52,205 - INFO - MainThread - server_logic - [DEBUG] found replica for vector: 2
2025-11-18 17:22:52,205 - INFO - MainThread - server_logic - [DEBUG] found replica for vector: 3
2025-11-18 17:22:52,205 - INFO - MainThread - server_logic - [DEBUG] found replica for vector: 4
2025-11-18 17:22:52,205 - INFO - MainThread - server_logic - [DEBUG] found replica for vector: 1
2025-11-18 17:22:52,205 - INFO - MainThread - server_logic - [DEBUG] found replica for vector: 2
2025-11-18 17:22:52,205 - INFO - MainThread - server_logic - [DEBUG] found replica for vector: 3
2025-11-18 17:22:52,205 - INFO - MainThread - server_logic - [DEBUG] found replica for vector: 4
2025-11-18 17:22:52,205 - INFO - MainThread - server_logic - [DEBUG] found replica for vector: 1
2025-11-18 17:22:52,205 - INFO - MainThread - server_logic - [DEBUG] found replica for vector: 2
2025-11-18 17:22:52,205 - INFO - MainThread - server_logic - [DEBUG] found replica for vector: 3
2025-11-18 17:22:52,205 - INFO - MainThread - server_logic - [DEBUG] found replica for vector: 4
2025-11-18 17:22:52,205 - INFO - MainThread - server_logic - [DEBUG] found replica for vector: 1
2025-11-18 17:22:52,205 - INFO - MainThread - server_logic - [DEBUG] found replica for vector: 2
2025-11-18 17:22:52,205 - INFO - MainThread - server_logic - [DEBUG] found replica for vector: 3
2025-11-18 17:22:52,206 - INFO - MainThread - server_logic - [DEBUG] to me replica for vector: 3
2025-11-18 17:22:52,206 - INFO - MainThread - server_logic - [DEBUG] found replica for vector: 1
2025-11-18 17:22:52,206 - INFO - MainThread - server_logic - [DEBUG] found replica for vector: 2
2025-11-18 17:22:52,206 - INFO - MainThread - server_logic - [DEBUG] found replica for vector: 3
2025-11-18 17:22:52,206 - INFO - MainThread - server_logic - [DEBUG] to me replica for vector: 3
2025-11-18 17:22:52,206 - INFO - MainThread - server_logic - [DEBUG] found replica for vector: 1
2025-11-18 17:22:52,206 - INFO - MainThread - server_logic - [DEBUG] found replica for vector: 2
2025-11-18 17:22:52,206 - INFO - MainThread - server_logic - [DEBUG] found replica for vector: 3
2025-11-18 17:22:52,206 - INFO - MainThread - server_logic - [DEBUG] found replica for vector: 4
2025-11-18 17:22:52,206 - INFO - MainThread - server_logic - [DEBUG] found replica for vector: 1
2025-11-18 17:22:52,206 - INFO - MainThread - server_logic - [DEBUG] found replica for vector: 2
2025-11-18 17:22:52,206 - INFO - MainThread - server_logic - [DEBUG] found replica for vector: 3
2025-11-18 17:22:52,206 - INFO - MainThread - server_logic - [DEBUG] found replica for vector: 4
2025-11-18 17:22:52,206 - INFO - MainThread - server_logic - [DEBUG] found replica for vector: 1
2025-11-18 17:22:52,206 - INFO - MainThread - server_logic - [DEBUG] found replica for vector: 2
2025-11-18 17:22:52,206 - INFO - MainThread - server_logic - [DEBUG] found replica for vector: 3
2025-11-18 17:22:52,206 - INFO - MainThread - server_logic - [DEBUG] found replica for vector: 4
2025-11-18 17:22:52,206 - INFO - MainThread - server_logic - [DEBUG] found replica for vector: 1
2025-11-18 17:22:52,206 - INFO - MainThread - server_logic - [DEBUG] found replica for vector: 2
2025-11-18 17:22:52,206 - INFO - MainThread - server_logic - [DEBUG] found replica for vector: 3
2025-11-18 17:22:52,206 - INFO - MainThread - server_logic - [DEBUG] found replica for vector: 4
2025-11-18 17:22:52,206 - INFO - MainThread - server_logic - [DEBUG] found replica for vector: 1
2025-11-18 17:22:52,206 - INFO - MainThread - server_logic - [DEBUG] found replica for vector: 2
2025-11-18 17:22:52,206 - INFO - MainThread - server_logic - [DEBUG] found replica for vector: 3
2025-11-18 17:22:52,206 - INFO - MainThread - server_logic - [DEBUG] to me replica for vector: 3
2025-11-18 17:22:52,206 - INFO - MainThread - server_logic - [DEBUG] found replica for vector: 1
2025-11-18 17:22:52,206 - INFO - MainThread - server_logic - [DEBUG] found replica for vector: 2
2025-11-18 17:22:52,206 - INFO - MainThread - server_logic - [DEBUG] found replica for vector: 3
2025-11-18 17:22:52,206 - INFO - MainThread - server_logic - [DEBUG] found replica for vector: 4
2025-11-18 17:22:52,206 - INFO - MainThread - server_logic - [DEBUG] found replica for vector: 1
2025-11-18 17:22:52,206 - INFO - MainThread - server_logic - [DEBUG] found replica for vector: 2
2025-11-18 17:22:52,206 - INFO - MainThread - server_logic - [DEBUG] found replica for vector: 3
2025-11-18 17:22:52,206 - INFO - MainThread - server_logic - [DEBUG] found replica for vector: 4
2025-11-18 17:22:52,206 - INFO - MainThread - server_logic - [DEBUG] found replica for vector: 1
2025-11-18 17:22:52,206 - INFO - MainThread - server_logic - [DEBUG] found replica for vector: 2
2025-11-18 17:22:52,206 - INFO - MainThread - server_logic - [DEBUG] found replica for vector: 3
2025-11-18 17:22:52,206 - INFO - MainThread - server_logic - [DEBUG] found replica for vector: 4
2025-11-18 17:22:52,206 - INFO - MainThread - server_logic - [DEBUG] found replica for vector: 1
2025-11-18 17:22:52,206 - INFO - MainThread - server_logic - [DEBUG] found replica for vector: 2
2025-11-18 17:22:52,206 - INFO - MainThread - server_logic - [DEBUG] found replica for vector: 3
2025-11-18 17:22:52,206 - INFO - MainThread - server_logic - [DEBUG] to me replica for vector: 3
2025-11-18 17:22:52,206 - INFO - MainThread - server_logic - [DEBUG] found replica for vector: 1
2025-11-18 17:22:52,206 - INFO - MainThread - server_logic - [DEBUG] found replica for vector: 2
2025-11-18 17:22:52,206 - INFO - MainThread - server_logic - [DEBUG] found replica for vector: 3
2025-11-18 17:22:52,206 - INFO - MainThread - server_logic - [DEBUG] to me replica for vector: 3
2025-11-18 17:22:52,206 - INFO - MainThread - server_logic - [DEBUG] found replica for vector: 1
2025-11-18 17:22:52,206 - INFO - MainThread - server_logic - [DEBUG] found replica for vector: 2
2025-11-18 17:22:52,206 - INFO - MainThread - server_logic - [DEBUG] found replica for vector: 3
2025-11-18 17:22:52,206 - INFO - MainThread - server_logic - [DEBUG] found replica for vector: 4
2025-11-18 17:22:52,206 - INFO - MainThread - server_logic - [DEBUG] found replica for vector: 1
2025-11-18 17:22:52,206 - INFO - MainThread - server_logic - [DEBUG] found replica for vector: 2
2025-11-18 17:22:52,206 - INFO - MainThread - server_logic - [DEBUG] found replica for vector: 3
2025-11-18 17:22:52,206 - INFO - MainThread - server_logic - [DEBUG] found replica for vector: 4
2025-11-18 17:22:52,206 - INFO - MainThread - server_logic - [DEBUG] found replica for vector: 1
2025-11-18 17:22:52,206 - INFO - MainThread - server_logic - [DEBUG] found replica for vector: 2
2025-11-18 17:22:52,206 - INFO - MainThread - server_logic - [DEBUG] found replica for vector: 3
2025-11-18 17:22:52,206 - INFO - MainThread - server_logic - [DEBUG] found replica for vector: 4
2025-11-18 17:22:52,206 - INFO - MainThread - server_logic - [DEBUG] found replica for vector: 1
2025-11-18 17:22:52,207 - INFO - MainThread - server_logic - [DEBUG] found replica for vector: 2
2025-11-18 17:22:52,207 - INFO - MainThread - server_logic - [DEBUG] found replica for vector: 3
2025-11-18 17:22:52,207 - INFO - MainThread - server_logic - [DEBUG] found replica for vector: 4
2025-11-18 17:22:52,207 - INFO - MainThread - server_logic - [DEBUG] found replica for vector: 1
2025-11-18 17:22:52,207 - INFO - MainThread - server_logic - [DEBUG] found replica for vector: 2
2025-11-18 17:22:52,207 - INFO - MainThread - server_logic - [DEBUG] found replica for vector: 3
2025-11-18 17:22:52,207 - INFO - MainThread - server_logic - [DEBUG] found replica for vector: 4
2025-11-18 17:22:52,207 - INFO - MainThread - server_logic - [DEBUG] found replica for vector: 1
2025-11-18 17:22:52,207 - INFO - MainThread - server_logic - [DEBUG] found replica for vector: 2
2025-11-18 17:22:52,207 - INFO - MainThread - server_logic - [DEBUG] found replica for vector: 3
2025-11-18 17:22:52,207 - INFO - MainThread - server_logic - [DEBUG] found replica for vector: 4
2025-11-18 17:22:52,207 - INFO - MainThread - server_logic - [DEBUG] found replica for vector: 1
2025-11-18 17:22:52,207 - INFO - MainThread - server_logic - [DEBUG] found replica for vector: 2
2025-11-18 17:22:52,207 - INFO - MainThread - server_logic - [DEBUG] found replica for vector: 3
2025-11-18 17:22:52,207 - INFO - MainThread - server_logic - [DEBUG] found replica for vector: 4
2025-11-18 17:22:52,207 - INFO - MainThread - server_logic - [DEBUG] found replica for vector: 1
2025-11-18 17:22:52,207 - INFO - MainThread - server_logic - [DEBUG] found replica for vector: 2
2025-11-18 17:22:52,207 - INFO - MainThread - server_logic - [DEBUG] found replica for vector: 3
2025-11-18 17:22:52,207 - INFO - MainThread - server_logic - [DEBUG] found replica for vector: 4
2025-11-18 17:22:52,207 - INFO - MainThread - server_logic - [DEBUG] found replica for vector: 1
2025-11-18 17:22:52,207 - INFO - MainThread - server_logic - [DEBUG] found replica for vector: 2
2025-11-18 17:22:52,207 - INFO - MainThread - server_logic - [DEBUG] found replica for vector: 3
2025-11-18 17:22:52,207 - INFO - MainThread - server_logic - [DEBUG] to me replica for vector: 3
2025-11-18 17:22:52,207 - INFO - MainThread - server_logic - [DEBUG] found replica for vector: 1
2025-11-18 17:22:52,207 - INFO - MainThread - server_logic - [DEBUG] found replica for vector: 2
2025-11-18 17:22:52,207 - INFO - MainThread - server_logic - [DEBUG] found replica for vector: 3
2025-11-18 17:22:52,207 - INFO - MainThread - server_logic - [DEBUG] to me replica for vector: 3
2025-11-18 17:22:52,207 - INFO - MainThread - server_logic - [DEBUG] found replica for vector: 1
2025-11-18 17:22:52,207 - INFO - MainThread - server_logic - [DEBUG] found replica for vector: 2
2025-11-18 17:22:52,207 - INFO - MainThread - server_logic - [DEBUG] found replica for vector: 3
2025-11-18 17:22:52,207 - INFO - MainThread - server_logic - [DEBUG] found replica for vector: 4
2025-11-18 17:22:52,207 - INFO - MainThread - server_logic - [DEBUG] found replica for vector: 1
2025-11-18 17:22:52,207 - INFO - MainThread - server_logic - [DEBUG] found replica for vector: 2
2025-11-18 17:22:52,207 - INFO - MainThread - server_logic - [DEBUG] found replica for vector: 3
2025-11-18 17:22:52,207 - INFO - MainThread - server_logic - [DEBUG] found replica for vector: 4
2025-11-18 17:22:52,207 - INFO - MainThread - server_logic - [DEBUG] found replica for vector: 1
2025-11-18 17:22:52,207 - INFO - MainThread - server_logic - [DEBUG] found replica for vector: 2
2025-11-18 17:22:52,207 - INFO - MainThread - server_logic - [DEBUG] found replica for vector: 3
2025-11-18 17:22:52,207 - INFO - MainThread - server_logic - [DEBUG] to me replica for vector: 3
2025-11-18 17:22:52,207 - INFO - MainThread - server_logic - [DEBUG] found replica for vector: 1
2025-11-18 17:22:52,207 - INFO - MainThread - server_logic - [DEBUG] found replica for vector: 2
2025-11-18 17:22:52,207 - INFO - MainThread - server_logic - [DEBUG] found replica for vector: 3
2025-11-18 17:22:52,207 - INFO - MainThread - server_logic - [DEBUG] to me replica for vector: 3
2025-11-18 17:22:52,207 - INFO - MainThread - server_logic - [DEBUG] found replica for vector: 1
2025-11-18 17:22:52,207 - INFO - MainThread - server_logic - [DEBUG] found replica for vector: 2
2025-11-18 17:22:52,207 - INFO - MainThread - server_logic - [DEBUG] found replica for vector: 3
2025-11-18 17:22:52,207 - INFO - MainThread - server_logic - [DEBUG] found replica for vector: 4
2025-11-18 17:22:52,207 - INFO - MainThread - server_logic - [DEBUG] found replica for vector: 1
2025-11-18 17:22:52,207 - INFO - MainThread - server_logic - [DEBUG] found replica for vector: 2
2025-11-18 17:22:52,207 - INFO - MainThread - server_logic - [DEBUG] found replica for vector: 3
2025-11-18 17:22:52,207 - INFO - MainThread - server_logic - [DEBUG] found replica for vector: 4
2025-11-18 17:22:52,207 - INFO - MainThread - server_logic - [DEBUG] found replica for vector: 1
2025-11-18 17:22:52,207 - INFO - MainThread - server_logic - [DEBUG] found replica for vector: 2
2025-11-18 17:22:52,207 - INFO - MainThread - server_logic - [DEBUG] found replica for vector: 3
2025-11-18 17:22:52,207 - INFO - MainThread - server_logic - [DEBUG] found replica for vector: 4
2025-11-18 17:22:52,207 - INFO - MainThread - server_logic - [DEBUG] found replica for vector: 1
2025-11-18 17:22:52,207 - INFO - MainThread - server_logic - [DEBUG] found replica for vector: 2
2025-11-18 17:22:52,207 - INFO - MainThread - server_logic - [DEBUG] found replica for vector: 3
2025-11-18 17:22:52,207 - INFO - MainThread - server_logic - [DEBUG] found replica for vector: 4
2025-11-18 17:22:52,208 - INFO - MainThread - server_logic - [DEBUG] found replica for vector: 1
2025-11-18 17:22:52,208 - INFO - MainThread - server_logic - [DEBUG] found replica for vector: 2
2025-11-18 17:22:52,208 - INFO - MainThread - server_logic - [DEBUG] found replica for vector: 3
2025-11-18 17:22:52,208 - INFO - MainThread - server_logic - [DEBUG] found replica for vector: 4
2025-11-18 17:22:52,208 - INFO - MainThread - server_logic - [DEBUG] found replica for vector: 1
2025-11-18 17:22:52,208 - INFO - MainThread - server_logic - [DEBUG] found replica for vector: 2
2025-11-18 17:22:52,208 - INFO - MainThread - server_logic - [DEBUG] found replica for vector: 3
2025-11-18 17:22:52,208 - INFO - MainThread - server_logic - [DEBUG] to me replica for vector: 3
2025-11-18 17:22:52,208 - INFO - MainThread - server_logic - [DEBUG] found replica for vector: 1
2025-11-18 17:22:52,208 - INFO - MainThread - server_logic - [DEBUG] found replica for vector: 2
2025-11-18 17:22:52,208 - INFO - MainThread - server_logic - [DEBUG] found replica for vector: 3
2025-11-18 17:22:52,208 - INFO - MainThread - server_logic - [DEBUG] found replica for vector: 4
2025-11-18 17:22:52,208 - INFO - MainThread - server_logic - [DEBUG] found replica for vector: 1
2025-11-18 17:22:52,208 - INFO - MainThread - server_logic - [DEBUG] found replica for vector: 2
2025-11-18 17:22:52,208 - INFO - MainThread - server_logic - [DEBUG] found replica for vector: 3
2025-11-18 17:22:52,208 - INFO - MainThread - server_logic - [DEBUG] found replica for vector: 4
2025-11-18 17:22:52,208 - INFO - MainThread - server_logic - [DEBUG] found replica for vector: 1
2025-11-18 17:22:52,208 - INFO - MainThread - server_logic - [DEBUG] found replica for vector: 2
2025-11-18 17:22:52,208 - INFO - MainThread - server_logic - [DEBUG] found replica for vector: 3
2025-11-18 17:22:52,208 - INFO - MainThread - server_logic - [DEBUG] found replica for vector: 4
2025-11-18 17:22:52,208 - INFO - MainThread - server_logic - [DEBUG] found replica for vector: 1
2025-11-18 17:22:52,208 - INFO - MainThread - server_logic - [DEBUG] found replica for vector: 2
2025-11-18 17:22:52,208 - INFO - MainThread - server_logic - [DEBUG] found replica for vector: 3
2025-11-18 17:22:52,208 - INFO - MainThread - server_logic - [DEBUG] found replica for vector: 4
2025-11-18 17:22:52,208 - INFO - MainThread - server_logic - [DEBUG] found replica for vector: 1
2025-11-18 17:22:52,208 - INFO - MainThread - server_logic - [DEBUG] found replica for vector: 2
2025-11-18 17:22:52,208 - INFO - MainThread - server_logic - [DEBUG] found replica for vector: 3
2025-11-18 17:22:52,208 - INFO - MainThread - server_logic - [DEBUG] found replica for vector: 4
2025-11-18 17:22:52,208 - INFO - MainThread - server_logic - [DEBUG] found replica for vector: 1
2025-11-18 17:22:52,208 - INFO - MainThread - server_logic - [DEBUG] found replica for vector: 2
2025-11-18 17:22:52,208 - INFO - MainThread - server_logic - [DEBUG] found replica for vector: 3
2025-11-18 17:22:52,208 - INFO - MainThread - server_logic - [DEBUG] found replica for vector: 4
2025-11-18 17:22:52,208 - INFO - MainThread - server_logic - [DEBUG] found replica for vector: 1
2025-11-18 17:22:52,208 - INFO - MainThread - server_logic - [DEBUG] found replica for vector: 2
2025-11-18 17:22:52,208 - INFO - MainThread - server_logic - [DEBUG] found replica for vector: 3
2025-11-18 17:22:52,208 - INFO - MainThread - server_logic - [DEBUG] to me replica for vector: 3
2025-11-18 17:22:52,208 - INFO - MainThread - server_logic - [DEBUG] found replica for vector: 1
2025-11-18 17:22:52,208 - INFO - MainThread - server_logic - [DEBUG] found replica for vector: 2
2025-11-18 17:22:52,208 - INFO - MainThread - server_logic - [DEBUG] found replica for vector: 3
2025-11-18 17:22:52,208 - INFO - MainThread - server_logic - [DEBUG] to me replica for vector: 3
2025-11-18 17:22:52,208 - INFO - MainThread - server_logic - [DEBUG] found replica for vector: 1
2025-11-18 17:22:52,208 - INFO - MainThread - server_logic - [DEBUG] found replica for vector: 2
2025-11-18 17:22:52,208 - INFO - MainThread - server_logic - [DEBUG] found replica for vector: 3
2025-11-18 17:22:52,208 - INFO - MainThread - server_logic - [DEBUG] to me replica for vector: 3
2025-11-18 17:22:52,208 - INFO - MainThread - server_logic - [DEBUG] found replica for vector: 1
2025-11-18 17:22:52,208 - INFO - MainThread - server_logic - [DEBUG] found replica for vector: 2
2025-11-18 17:22:52,208 - INFO - MainThread - server_logic - [DEBUG] found replica for vector: 3
2025-11-18 17:22:52,208 - INFO - MainThread - server_logic - [DEBUG] found replica for vector: 4
2025-11-18 17:22:52,208 - INFO - MainThread - server_logic - [DEBUG] found replica for vector: 1
2025-11-18 17:22:52,208 - INFO - MainThread - server_logic - [DEBUG] found replica for vector: 2
2025-11-18 17:22:52,208 - INFO - MainThread - server_logic - [DEBUG] found replica for vector: 3
2025-11-18 17:22:52,208 - INFO - MainThread - server_logic - [DEBUG] to me replica for vector: 3
2025-11-18 17:22:52,208 - INFO - MainThread - server_logic - [DEBUG] found replica for vector: 1
2025-11-18 17:22:52,208 - INFO - MainThread - server_logic - [DEBUG] found replica for vector: 2
2025-11-18 17:22:52,208 - INFO - MainThread - server_logic - [DEBUG] found replica for vector: 3
2025-11-18 17:22:52,208 - INFO - MainThread - server_logic - [DEBUG] to me replica for vector: 3
2025-11-18 17:22:52,208 - INFO - MainThread - server_logic - [DEBUG] found replica for vector: 1
2025-11-18 17:22:52,208 - INFO - MainThread - server_logic - [DEBUG] found replica for vector: 2
2025-11-18 17:22:52,208 - INFO - MainThread - server_logic - [DEBUG] found replica for vector: 3
2025-11-18 17:22:52,208 - INFO - MainThread - server_logic - [DEBUG] found replica for vector: 4
2025-11-18 17:22:52,209 - INFO - MainThread - server_logic - [DEBUG] found replica for vector: 1
2025-11-18 17:22:52,209 - INFO - MainThread - server_logic - [DEBUG] found replica for vector: 2
2025-11-18 17:22:52,209 - INFO - MainThread - server_logic - [DEBUG] found replica for vector: 3
2025-11-18 17:22:52,209 - INFO - MainThread - server_logic - [DEBUG] to me replica for vector: 3
2025-11-18 17:22:52,209 - INFO - MainThread - server_logic - [DEBUG] found replica for vector: 1
2025-11-18 17:22:52,209 - INFO - MainThread - server_logic - [DEBUG] found replica for vector: 2
2025-11-18 17:22:52,209 - INFO - MainThread - server_logic - [DEBUG] found replica for vector: 3
2025-11-18 17:22:52,209 - INFO - MainThread - server_logic - [DEBUG] found replica for vector: 4
2025-11-18 17:22:52,209 - INFO - MainThread - server_logic - [DEBUG] found replica for vector: 1
2025-11-18 17:22:52,209 - INFO - MainThread - server_logic - [DEBUG] found replica for vector: 2
2025-11-18 17:22:52,209 - INFO - MainThread - server_logic - [DEBUG] found replica for vector: 3
2025-11-18 17:22:52,209 - INFO - MainThread - server_logic - [DEBUG] found replica for vector: 4
2025-11-18 17:22:52,209 - INFO - MainThread - server_logic - [DEBUG] found replica for vector: 1
2025-11-18 17:22:52,209 - INFO - MainThread - server_logic - [DEBUG] found replica for vector: 2
2025-11-18 17:22:52,209 - INFO - MainThread - server_logic - [DEBUG] found replica for vector: 3
2025-11-18 17:22:52,209 - INFO - MainThread - server_logic - [DEBUG] found replica for vector: 4
2025-11-18 17:22:52,209 - INFO - MainThread - server_logic - [DEBUG] found replica for vector: 1
2025-11-18 17:22:52,209 - INFO - MainThread - server_logic - [DEBUG] found replica for vector: 2
2025-11-18 17:22:52,209 - INFO - MainThread - server_logic - [DEBUG] found replica for vector: 3
2025-11-18 17:22:52,209 - INFO - MainThread - server_logic - [DEBUG] found replica for vector: 4
2025-11-18 17:22:52,209 - INFO - MainThread - server_logic - [DEBUG] found replica for vector: 1
2025-11-18 17:22:52,209 - INFO - MainThread - server_logic - [DEBUG] found replica for vector: 2
2025-11-18 17:22:52,209 - INFO - MainThread - server_logic - [DEBUG] found replica for vector: 3
2025-11-18 17:22:52,209 - INFO - MainThread - server_logic - [DEBUG] to me replica for vector: 3
2025-11-18 17:22:52,209 - INFO - MainThread - server_logic - [DEBUG] found replica for vector: 1
2025-11-18 17:22:52,209 - INFO - MainThread - server_logic - [DEBUG] found replica for vector: 2
2025-11-18 17:22:52,209 - INFO - MainThread - server_logic - [DEBUG] found replica for vector: 3
2025-11-18 17:22:52,209 - INFO - MainThread - server_logic - [DEBUG] found replica for vector: 4
2025-11-18 17:22:52,209 - INFO - MainThread - server_logic - [DEBUG] found replica for vector: 1
2025-11-18 17:22:52,209 - INFO - MainThread - server_logic - [DEBUG] found replica for vector: 2
2025-11-18 17:22:52,209 - INFO - MainThread - server_logic - [DEBUG] found replica for vector: 3
2025-11-18 17:22:52,209 - INFO - MainThread - server_logic - [DEBUG] found replica for vector: 4
2025-11-18 17:22:52,209 - INFO - MainThread - server_logic - [DEBUG] found replica for vector: 1
2025-11-18 17:22:52,209 - INFO - MainThread - server_logic - [DEBUG] found replica for vector: 2
2025-11-18 17:22:52,209 - INFO - MainThread - server_logic - [DEBUG] found replica for vector: 3
2025-11-18 17:22:52,209 - INFO - MainThread - server_logic - [DEBUG] found replica for vector: 4
2025-11-18 17:22:52,209 - INFO - MainThread - server_logic - [DEBUG] found replica for vector: 1
2025-11-18 17:22:52,209 - INFO - MainThread - server_logic - [DEBUG] found replica for vector: 2
2025-11-18 17:22:52,209 - INFO - MainThread - server_logic - [DEBUG] found replica for vector: 3
2025-11-18 17:22:52,209 - INFO - MainThread - server_logic - [DEBUG] found replica for vector: 4
2025-11-18 17:22:52,209 - INFO - MainThread - server_logic - [DEBUG] found replica for vector: 1
2025-11-18 17:22:52,209 - INFO - MainThread - server_logic - [DEBUG] found replica for vector: 2
2025-11-18 17:22:52,209 - INFO - MainThread - server_logic - [DEBUG] found replica for vector: 3
2025-11-18 17:22:52,209 - INFO - MainThread - server_logic - [DEBUG] found replica for vector: 4
2025-11-18 17:22:52,209 - INFO - MainThread - server_logic - [DEBUG] found replica for vector: 1
2025-11-18 17:22:52,209 - INFO - MainThread - server_logic - [DEBUG] found replica for vector: 2
2025-11-18 17:22:52,209 - INFO - MainThread - server_logic - [DEBUG] found replica for vector: 3
2025-11-18 17:22:52,209 - INFO - MainThread - server_logic - [DEBUG] found replica for vector: 4
2025-11-18 17:22:52,209 - INFO - MainThread - server_logic - [Router] Distribution: Peer node1: 60, Peer node2: 63, Peer node3: 63, Peer node4: 63, Peer node5: 63, Peer node6: 55, Peer node7: 55, Peer node8: 55, Peer node9: 55, Peer node10: 78, Peer node11: 78, Peer node12: 78, Peer node13: 78, Peer node14: 60, Peer node16: 60, Me (node15): 60
2025-11-18 17:22:52,209 - INFO - MainThread - server_logic - --> [Peer Send] Sending 60 vectors to Peer node1 (localhost:9001) | Status: clustered
2025-11-18 17:22:52,281 - INFO - MainThread - server_logic - --> [Peer Send] Success: Sent vectors to node1
2025-11-18 17:22:52,281 - INFO - MainThread - server_logic - --> [Peer Send] Sending 63 vectors to Peer node2 (localhost:9002) | Status: clustered
2025-11-18 17:22:52,353 - INFO - MainThread - server_logic - --> [Peer Send] Success: Sent vectors to node2
2025-11-18 17:22:52,353 - INFO - MainThread - server_logic - --> [Peer Send] Sending 63 vectors to Peer node3 (localhost:9003) | Status: clustered
2025-11-18 17:22:52,425 - INFO - MainThread - server_logic - --> [Peer Send] Success: Sent vectors to node3
2025-11-18 17:22:52,425 - INFO - MainThread - server_logic - --> [Peer Send] Sending 63 vectors to Peer node4 (localhost:9004) | Status: clustered
2025-11-18 17:22:52,495 - INFO - MainThread - server_logic - --> [Peer Send] Success: Sent vectors to node4
2025-11-18 17:22:52,495 - INFO - MainThread - server_logic - --> [Peer Send] Sending 63 vectors to Peer node5 (localhost:9005) | Status: clustered
2025-11-18 17:22:52,563 - INFO - MainThread - server_logic - --> [Peer Send] Success: Sent vectors to node5
2025-11-18 17:22:52,564 - INFO - MainThread - server_logic - --> [Peer Send] Sending 55 vectors to Peer node6 (localhost:9006) | Status: clustered
2025-11-18 17:22:52,630 - INFO - MainThread - server_logic - --> [Peer Send] Success: Sent vectors to node6
2025-11-18 17:22:52,630 - INFO - MainThread - server_logic - --> [Peer Send] Sending 55 vectors to Peer node7 (localhost:9007) | Status: clustered
2025-11-18 17:22:52,697 - INFO - MainThread - server_logic - --> [Peer Send] Success: Sent vectors to node7
2025-11-18 17:22:52,697 - INFO - MainThread - server_logic - --> [Peer Send] Sending 55 vectors to Peer node8 (localhost:9008) | Status: clustered
2025-11-18 17:22:52,765 - INFO - MainThread - server_logic - --> [Peer Send] Success: Sent vectors to node8
2025-11-18 17:22:52,765 - INFO - MainThread - server_logic - --> [Peer Send] Sending 55 vectors to Peer node9 (localhost:9009) | Status: clustered
2025-11-18 17:22:52,833 - INFO - MainThread - server_logic - --> [Peer Send] Success: Sent vectors to node9
2025-11-18 17:22:52,833 - INFO - MainThread - server_logic - --> [Peer Send] Sending 78 vectors to Peer node10 (localhost:9010) | Status: clustered
2025-11-18 17:22:52,903 - INFO - MainThread - server_logic - --> [Peer Send] Success: Sent vectors to node10
2025-11-18 17:22:52,903 - INFO - MainThread - server_logic - --> [Peer Send] Sending 78 vectors to Peer node11 (localhost:9011) | Status: clustered
2025-11-18 17:22:52,979 - INFO - MainThread - server_logic - --> [Peer Send] Success: Sent vectors to node11
2025-11-18 17:22:52,979 - INFO - MainThread - server_logic - --> [Peer Send] Sending 78 vectors to Peer node12 (localhost:9012) | Status: clustered
2025-11-18 17:22:53,050 - INFO - MainThread - server_logic - --> [Peer Send] Success: Sent vectors to node12
2025-11-18 17:22:53,050 - INFO - MainThread - server_logic - --> [Peer Send] Sending 78 vectors to Peer node13 (localhost:9013) | Status: clustered
2025-11-18 17:22:53,123 - INFO - MainThread - server_logic - --> [Peer Send] Success: Sent vectors to node13
2025-11-18 17:22:53,123 - INFO - MainThread - server_logic - --> [Peer Send] Sending 60 vectors to Peer node14 (localhost:9014) | Status: clustered
2025-11-18 17:22:53,192 - INFO - MainThread - server_logic - --> [Peer Send] Success: Sent vectors to node14
2025-11-18 17:22:53,192 - INFO - MainThread - server_logic - --> [Peer Send] Sending 60 vectors to Peer node16 (localhost:9016) | Status: clustered
2025-11-18 17:22:53,260 - INFO - MainThread - server_logic - --> [Peer Send] Success: Sent vectors to node16
2025-11-18 17:22:53,260 - INFO - MainThread - server_logic - [Add Vectors] Processing 60 vectors. Sender Status: clustered. Current Node Status: clustered
2025-11-18 17:22:53,260 - INFO - MainThread - server_logic - [Add Vectors] Direct Insert: Storing 60 vectors in local Qdrant (Sender is clustered).
2025-11-18 17:22:53,314 - INFO - MainThread - httpx - HTTP Request: GET http://localhost:6361 "HTTP/1.1 200 OK"
2025-11-18 17:22:53,314 - INFO - MainThread - qdrant_module - [Qdrant] Attempting to insert 60 vectors into vectors on http://localhost:6361...
2025-11-18 17:22:53,325 - INFO - MainThread - qdrant_module - [Qdrant] Success: Inserted 60 vectors.
2025-11-18 17:22:53,326 - INFO - MainThread - __main__ - API: /add completed
2025-11-18 17:22:53,326 - INFO - MainThread - uvicorn.access - 127.0.0.1:50493 - "POST /add HTTP/1.1" 200
2025-11-18 17:22:54,398 - INFO - ThreadPoolExecutor-0_0 - grpc_handler - [GRPC IN] ReceiveVectors called. ReqID: 64, Type: clustered, Count: 61
2025-11-18 17:22:54,399 - INFO - ThreadPoolExecutor-0_0 - server_logic - [Add Vectors] Processing 61 vectors. Sender Status: clustered. Current Node Status: clustered
2025-11-18 17:22:54,400 - INFO - ThreadPoolExecutor-0_0 - server_logic - [Add Vectors] Direct Insert: Storing 61 vectors in local Qdrant (Sender is clustered).
2025-11-18 17:22:54,453 - INFO - ThreadPoolExecutor-0_0 - httpx - HTTP Request: GET http://localhost:6361 "HTTP/1.1 200 OK"
2025-11-18 17:22:54,453 - INFO - ThreadPoolExecutor-0_0 - qdrant_module - [Qdrant] Attempting to insert 61 vectors into vectors on http://localhost:6361...
2025-11-18 17:22:54,466 - INFO - ThreadPoolExecutor-0_0 - qdrant_module - [Qdrant] Success: Inserted 61 vectors.
2025-11-18 17:22:54,467 - INFO - ThreadPoolExecutor-0_0 - grpc_handler - [GRPC IN] ReceiveVectors processed successfully.
2025-11-18 17:22:55,540 - INFO - ThreadPoolExecutor-0_1 - grpc_handler - [GRPC IN] ReceiveVectors called. ReqID: 65, Type: clustered, Count: 66
2025-11-18 17:22:55,541 - INFO - ThreadPoolExecutor-0_1 - server_logic - [Add Vectors] Processing 66 vectors. Sender Status: clustered. Current Node Status: clustered
2025-11-18 17:22:55,541 - INFO - ThreadPoolExecutor-0_1 - server_logic - [Add Vectors] Direct Insert: Storing 66 vectors in local Qdrant (Sender is clustered).
2025-11-18 17:22:55,593 - INFO - ThreadPoolExecutor-0_1 - httpx - HTTP Request: GET http://localhost:6361 "HTTP/1.1 200 OK"
2025-11-18 17:22:55,594 - INFO - ThreadPoolExecutor-0_1 - qdrant_module - [Qdrant] Attempting to insert 66 vectors into vectors on http://localhost:6361...
2025-11-18 17:22:55,607 - INFO - ThreadPoolExecutor-0_1 - qdrant_module - [Qdrant] Success: Inserted 66 vectors.
2025-11-18 17:22:55,608 - INFO - ThreadPoolExecutor-0_1 - grpc_handler - [GRPC IN] ReceiveVectors processed successfully.
2025-11-18 17:22:56,739 - INFO - ThreadPoolExecutor-0_0 - grpc_handler - [GRPC IN] ReceiveVectors called. ReqID: 66, Type: clustered, Count: 71
2025-11-18 17:22:56,740 - INFO - ThreadPoolExecutor-0_0 - server_logic - [Add Vectors] Processing 71 vectors. Sender Status: clustered. Current Node Status: clustered
2025-11-18 17:22:56,740 - INFO - ThreadPoolExecutor-0_0 - server_logic - [Add Vectors] Direct Insert: Storing 71 vectors in local Qdrant (Sender is clustered).
2025-11-18 17:22:56,792 - INFO - ThreadPoolExecutor-0_0 - httpx - HTTP Request: GET http://localhost:6361 "HTTP/1.1 200 OK"
2025-11-18 17:22:56,792 - INFO - ThreadPoolExecutor-0_0 - qdrant_module - [Qdrant] Attempting to insert 71 vectors into vectors on http://localhost:6361...
2025-11-18 17:22:56,819 - INFO - ThreadPoolExecutor-0_0 - qdrant_module - [Qdrant] Success: Inserted 71 vectors.
2025-11-18 17:22:56,820 - INFO - ThreadPoolExecutor-0_0 - grpc_handler - [GRPC IN] ReceiveVectors processed successfully.
2025-11-18 17:22:57,951 - INFO - ThreadPoolExecutor-0_1 - grpc_handler - [GRPC IN] ReceiveVectors called. ReqID: 67, Type: clustered, Count: 69
2025-11-18 17:22:57,952 - INFO - ThreadPoolExecutor-0_1 - server_logic - [Add Vectors] Processing 69 vectors. Sender Status: clustered. Current Node Status: clustered
2025-11-18 17:22:57,952 - INFO - ThreadPoolExecutor-0_1 - server_logic - [Add Vectors] Direct Insert: Storing 69 vectors in local Qdrant (Sender is clustered).
2025-11-18 17:22:58,004 - INFO - ThreadPoolExecutor-0_1 - httpx - HTTP Request: GET http://localhost:6361 "HTTP/1.1 200 OK"
2025-11-18 17:22:58,007 - INFO - ThreadPoolExecutor-0_1 - qdrant_module - [Qdrant] Attempting to insert 69 vectors into vectors on http://localhost:6361...
2025-11-18 17:22:58,019 - INFO - ThreadPoolExecutor-0_1 - qdrant_module - [Qdrant] Success: Inserted 69 vectors.
2025-11-18 17:22:58,021 - INFO - ThreadPoolExecutor-0_1 - grpc_handler - [GRPC IN] ReceiveVectors processed successfully.
2025-11-18 17:22:59,149 - INFO - ThreadPoolExecutor-0_0 - grpc_handler - [GRPC IN] ReceiveVectors called. ReqID: 68, Type: clustered, Count: 73
2025-11-18 17:22:59,150 - INFO - ThreadPoolExecutor-0_0 - server_logic - [Add Vectors] Processing 73 vectors. Sender Status: clustered. Current Node Status: clustered
2025-11-18 17:22:59,150 - INFO - ThreadPoolExecutor-0_0 - server_logic - [Add Vectors] Direct Insert: Storing 73 vectors in local Qdrant (Sender is clustered).
2025-11-18 17:22:59,200 - INFO - ThreadPoolExecutor-0_0 - httpx - HTTP Request: GET http://localhost:6361 "HTTP/1.1 200 OK"
2025-11-18 17:22:59,201 - INFO - ThreadPoolExecutor-0_0 - qdrant_module - [Qdrant] Attempting to insert 73 vectors into vectors on http://localhost:6361...
2025-11-18 17:22:59,212 - INFO - ThreadPoolExecutor-0_0 - qdrant_module - [Qdrant] Success: Inserted 73 vectors.
2025-11-18 17:22:59,213 - INFO - ThreadPoolExecutor-0_0 - grpc_handler - [GRPC IN] ReceiveVectors processed successfully.
2025-11-18 17:23:00,358 - INFO - ThreadPoolExecutor-0_1 - grpc_handler - [GRPC IN] ReceiveVectors called. ReqID: 69, Type: clustered, Count: 75
2025-11-18 17:23:00,359 - INFO - ThreadPoolExecutor-0_1 - server_logic - [Add Vectors] Processing 75 vectors. Sender Status: clustered. Current Node Status: clustered
2025-11-18 17:23:00,359 - INFO - ThreadPoolExecutor-0_1 - server_logic - [Add Vectors] Direct Insert: Storing 75 vectors in local Qdrant (Sender is clustered).
2025-11-18 17:23:00,412 - INFO - ThreadPoolExecutor-0_1 - httpx - HTTP Request: GET http://localhost:6361 "HTTP/1.1 200 OK"
2025-11-18 17:23:00,412 - INFO - ThreadPoolExecutor-0_1 - qdrant_module - [Qdrant] Attempting to insert 75 vectors into vectors on http://localhost:6361...
2025-11-18 17:23:00,428 - INFO - ThreadPoolExecutor-0_1 - qdrant_module - [Qdrant] Success: Inserted 75 vectors.
2025-11-18 17:23:00,429 - INFO - ThreadPoolExecutor-0_1 - grpc_handler - [GRPC IN] ReceiveVectors processed successfully.
2025-11-18 17:23:01,580 - INFO - ThreadPoolExecutor-0_0 - grpc_handler - [GRPC IN] ReceiveVectors called. ReqID: 70, Type: clustered, Count: 57
2025-11-18 17:23:01,581 - INFO - ThreadPoolExecutor-0_0 - server_logic - [Add Vectors] Processing 57 vectors. Sender Status: clustered. Current Node Status: clustered
2025-11-18 17:23:01,581 - INFO - ThreadPoolExecutor-0_0 - server_logic - [Add Vectors] Direct Insert: Storing 57 vectors in local Qdrant (Sender is clustered).
2025-11-18 17:23:01,633 - INFO - ThreadPoolExecutor-0_0 - httpx - HTTP Request: GET http://localhost:6361 "HTTP/1.1 200 OK"
2025-11-18 17:23:01,633 - INFO - ThreadPoolExecutor-0_0 - qdrant_module - [Qdrant] Attempting to insert 57 vectors into vectors on http://localhost:6361...
2025-11-18 17:23:01,644 - INFO - ThreadPoolExecutor-0_0 - qdrant_module - [Qdrant] Success: Inserted 57 vectors.
2025-11-18 17:23:01,646 - INFO - ThreadPoolExecutor-0_0 - grpc_handler - [GRPC IN] ReceiveVectors processed successfully.
2025-11-18 17:23:02,789 - INFO - ThreadPoolExecutor-0_1 - grpc_handler - [GRPC IN] ReceiveVectors called. ReqID: 71, Type: clustered, Count: 73
2025-11-18 17:23:02,790 - INFO - ThreadPoolExecutor-0_1 - server_logic - [Add Vectors] Processing 73 vectors. Sender Status: clustered. Current Node Status: clustered
2025-11-18 17:23:02,790 - INFO - ThreadPoolExecutor-0_1 - server_logic - [Add Vectors] Direct Insert: Storing 73 vectors in local Qdrant (Sender is clustered).
2025-11-18 17:23:02,842 - INFO - ThreadPoolExecutor-0_1 - httpx - HTTP Request: GET http://localhost:6361 "HTTP/1.1 200 OK"
2025-11-18 17:23:02,842 - INFO - ThreadPoolExecutor-0_1 - qdrant_module - [Qdrant] Attempting to insert 73 vectors into vectors on http://localhost:6361...
2025-11-18 17:23:02,856 - INFO - ThreadPoolExecutor-0_1 - qdrant_module - [Qdrant] Success: Inserted 73 vectors.
2025-11-18 17:23:02,857 - INFO - ThreadPoolExecutor-0_1 - grpc_handler - [GRPC IN] ReceiveVectors processed successfully.
2025-11-18 17:23:04,009 - INFO - ThreadPoolExecutor-0_0 - grpc_handler - [GRPC IN] ReceiveVectors called. ReqID: 72, Type: clustered, Count: 59
2025-11-18 17:23:04,010 - INFO - ThreadPoolExecutor-0_0 - server_logic - [Add Vectors] Processing 59 vectors. Sender Status: clustered. Current Node Status: clustered
2025-11-18 17:23:04,010 - INFO - ThreadPoolExecutor-0_0 - server_logic - [Add Vectors] Direct Insert: Storing 59 vectors in local Qdrant (Sender is clustered).
2025-11-18 17:23:04,063 - INFO - ThreadPoolExecutor-0_0 - httpx - HTTP Request: GET http://localhost:6361 "HTTP/1.1 200 OK"
2025-11-18 17:23:04,063 - INFO - ThreadPoolExecutor-0_0 - qdrant_module - [Qdrant] Attempting to insert 59 vectors into vectors on http://localhost:6361...
2025-11-18 17:23:04,074 - INFO - ThreadPoolExecutor-0_0 - qdrant_module - [Qdrant] Success: Inserted 59 vectors.
2025-11-18 17:23:04,075 - INFO - ThreadPoolExecutor-0_0 - grpc_handler - [GRPC IN] ReceiveVectors processed successfully.
2025-11-18 17:23:05,224 - INFO - ThreadPoolExecutor-0_1 - grpc_handler - [GRPC IN] ReceiveVectors called. ReqID: 73, Type: clustered, Count: 73
2025-11-18 17:23:05,225 - INFO - ThreadPoolExecutor-0_1 - server_logic - [Add Vectors] Processing 73 vectors. Sender Status: clustered. Current Node Status: clustered
2025-11-18 17:23:05,225 - INFO - ThreadPoolExecutor-0_1 - server_logic - [Add Vectors] Direct Insert: Storing 73 vectors in local Qdrant (Sender is clustered).
2025-11-18 17:23:05,279 - INFO - ThreadPoolExecutor-0_1 - httpx - HTTP Request: GET http://localhost:6361 "HTTP/1.1 200 OK"
2025-11-18 17:23:05,279 - INFO - ThreadPoolExecutor-0_1 - qdrant_module - [Qdrant] Attempting to insert 73 vectors into vectors on http://localhost:6361...
2025-11-18 17:23:05,300 - INFO - ThreadPoolExecutor-0_1 - qdrant_module - [Qdrant] Success: Inserted 73 vectors.
2025-11-18 17:23:05,301 - INFO - ThreadPoolExecutor-0_1 - grpc_handler - [GRPC IN] ReceiveVectors processed successfully.
2025-11-18 17:23:06,482 - INFO - ThreadPoolExecutor-0_0 - grpc_handler - [GRPC IN] ReceiveVectors called. ReqID: 74, Type: clustered, Count: 61
2025-11-18 17:23:06,483 - INFO - ThreadPoolExecutor-0_0 - server_logic - [Add Vectors] Processing 61 vectors. Sender Status: clustered. Current Node Status: clustered
2025-11-18 17:23:06,483 - INFO - ThreadPoolExecutor-0_0 - server_logic - [Add Vectors] Direct Insert: Storing 61 vectors in local Qdrant (Sender is clustered).
2025-11-18 17:23:06,535 - INFO - ThreadPoolExecutor-0_0 - httpx - HTTP Request: GET http://localhost:6361 "HTTP/1.1 200 OK"
2025-11-18 17:23:06,536 - INFO - ThreadPoolExecutor-0_0 - qdrant_module - [Qdrant] Attempting to insert 61 vectors into vectors on http://localhost:6361...
2025-11-18 17:23:06,546 - INFO - ThreadPoolExecutor-0_0 - qdrant_module - [Qdrant] Success: Inserted 61 vectors.
2025-11-18 17:23:06,547 - INFO - ThreadPoolExecutor-0_0 - grpc_handler - [GRPC IN] ReceiveVectors processed successfully.
2025-11-18 17:23:07,691 - INFO - ThreadPoolExecutor-0_1 - grpc_handler - [GRPC IN] ReceiveVectors called. ReqID: 75, Type: clustered, Count: 71
2025-11-18 17:23:07,692 - INFO - ThreadPoolExecutor-0_1 - server_logic - [Add Vectors] Processing 71 vectors. Sender Status: clustered. Current Node Status: clustered
2025-11-18 17:23:07,692 - INFO - ThreadPoolExecutor-0_1 - server_logic - [Add Vectors] Direct Insert: Storing 71 vectors in local Qdrant (Sender is clustered).
2025-11-18 17:23:07,744 - INFO - ThreadPoolExecutor-0_1 - httpx - HTTP Request: GET http://localhost:6361 "HTTP/1.1 200 OK"
2025-11-18 17:23:07,745 - INFO - ThreadPoolExecutor-0_1 - qdrant_module - [Qdrant] Attempting to insert 71 vectors into vectors on http://localhost:6361...
2025-11-18 17:23:07,761 - INFO - ThreadPoolExecutor-0_1 - qdrant_module - [Qdrant] Success: Inserted 71 vectors.
2025-11-18 17:23:07,762 - INFO - ThreadPoolExecutor-0_1 - grpc_handler - [GRPC IN] ReceiveVectors processed successfully.
2025-11-18 17:23:08,906 - INFO - ThreadPoolExecutor-0_0 - grpc_handler - [GRPC IN] ReceiveVectors called. ReqID: 76, Type: clustered, Count: 72
2025-11-18 17:23:08,907 - INFO - ThreadPoolExecutor-0_0 - server_logic - [Add Vectors] Processing 72 vectors. Sender Status: clustered. Current Node Status: clustered
2025-11-18 17:23:08,907 - INFO - ThreadPoolExecutor-0_0 - server_logic - [Add Vectors] Direct Insert: Storing 72 vectors in local Qdrant (Sender is clustered).
2025-11-18 17:23:08,959 - INFO - ThreadPoolExecutor-0_0 - httpx - HTTP Request: GET http://localhost:6361 "HTTP/1.1 200 OK"
2025-11-18 17:23:08,959 - INFO - ThreadPoolExecutor-0_0 - qdrant_module - [Qdrant] Attempting to insert 72 vectors into vectors on http://localhost:6361...
2025-11-18 17:23:08,974 - INFO - ThreadPoolExecutor-0_0 - qdrant_module - [Qdrant] Success: Inserted 72 vectors.
2025-11-18 17:23:08,976 - INFO - ThreadPoolExecutor-0_0 - grpc_handler - [GRPC IN] ReceiveVectors processed successfully.
2025-11-18 17:23:10,114 - INFO - ThreadPoolExecutor-0_1 - grpc_handler - [GRPC IN] ReceiveVectors called. ReqID: 77, Type: clustered, Count: 60
2025-11-18 17:23:10,115 - INFO - ThreadPoolExecutor-0_1 - server_logic - [Add Vectors] Processing 60 vectors. Sender Status: clustered. Current Node Status: clustered
2025-11-18 17:23:10,115 - INFO - ThreadPoolExecutor-0_1 - server_logic - [Add Vectors] Direct Insert: Storing 60 vectors in local Qdrant (Sender is clustered).
2025-11-18 17:23:10,168 - INFO - ThreadPoolExecutor-0_1 - httpx - HTTP Request: GET http://localhost:6361 "HTTP/1.1 200 OK"
2025-11-18 17:23:10,168 - INFO - ThreadPoolExecutor-0_1 - qdrant_module - [Qdrant] Attempting to insert 60 vectors into vectors on http://localhost:6361...
2025-11-18 17:23:10,180 - INFO - ThreadPoolExecutor-0_1 - qdrant_module - [Qdrant] Success: Inserted 60 vectors.
2025-11-18 17:23:10,181 - INFO - ThreadPoolExecutor-0_1 - grpc_handler - [GRPC IN] ReceiveVectors processed successfully.
2025-11-18 17:23:11,315 - INFO - ThreadPoolExecutor-0_0 - grpc_handler - [GRPC IN] ReceiveVectors called. ReqID: 78, Type: clustered, Count: 78
2025-11-18 17:23:11,316 - INFO - ThreadPoolExecutor-0_0 - server_logic - [Add Vectors] Processing 78 vectors. Sender Status: clustered. Current Node Status: clustered
2025-11-18 17:23:11,316 - INFO - ThreadPoolExecutor-0_0 - server_logic - [Add Vectors] Direct Insert: Storing 78 vectors in local Qdrant (Sender is clustered).
2025-11-18 17:23:11,369 - INFO - ThreadPoolExecutor-0_0 - httpx - HTTP Request: GET http://localhost:6361 "HTTP/1.1 200 OK"
2025-11-18 17:23:11,369 - INFO - ThreadPoolExecutor-0_0 - qdrant_module - [Qdrant] Attempting to insert 78 vectors into vectors on http://localhost:6361...
2025-11-18 17:23:11,387 - INFO - ThreadPoolExecutor-0_0 - qdrant_module - [Qdrant] Success: Inserted 78 vectors.
2025-11-18 17:23:11,388 - INFO - ThreadPoolExecutor-0_0 - grpc_handler - [GRPC IN] ReceiveVectors processed successfully.
2025-11-18 17:23:11,608 - INFO - MainThread - __main__ - API: /add called. ReqID: 79, Vectors: 256
2025-11-18 17:23:11,608 - INFO - MainThread - server_logic - [Client Request] Client wants to add 256 vectors. My Status: clustered
2025-11-18 17:23:11,608 - INFO - MainThread - server_logic - [Client Request] System Clustered. Routing vectors to appropriate peers.
2025-11-18 17:23:11,608 - INFO - MainThread - server_logic - [Router] Routing 256 vectors among 16 nodes (Replicas: 4).
2025-11-18 17:23:11,608 - INFO - MainThread - server_logic - [DEBUG] found replica for vector: 1
2025-11-18 17:23:11,608 - INFO - MainThread - server_logic - [DEBUG] found replica for vector: 2
2025-11-18 17:23:11,608 - INFO - MainThread - server_logic - [DEBUG] found replica for vector: 3
2025-11-18 17:23:11,608 - INFO - MainThread - server_logic - [DEBUG] found replica for vector: 4
2025-11-18 17:23:11,608 - INFO - MainThread - server_logic - [DEBUG] found replica for vector: 1
2025-11-18 17:23:11,608 - INFO - MainThread - server_logic - [DEBUG] found replica for vector: 2
2025-11-18 17:23:11,609 - INFO - MainThread - server_logic - [DEBUG] found replica for vector: 3
2025-11-18 17:23:11,609 - INFO - MainThread - server_logic - [DEBUG] to me replica for vector: 3
2025-11-18 17:23:11,609 - INFO - MainThread - server_logic - [DEBUG] found replica for vector: 1
2025-11-18 17:23:11,609 - INFO - MainThread - server_logic - [DEBUG] found replica for vector: 2
2025-11-18 17:23:11,609 - INFO - MainThread - server_logic - [DEBUG] found replica for vector: 3
2025-11-18 17:23:11,609 - INFO - MainThread - server_logic - [DEBUG] found replica for vector: 4
2025-11-18 17:23:11,609 - INFO - MainThread - server_logic - [DEBUG] found replica for vector: 1
2025-11-18 17:23:11,609 - INFO - MainThread - server_logic - [DEBUG] found replica for vector: 2
2025-11-18 17:23:11,609 - INFO - MainThread - server_logic - [DEBUG] found replica for vector: 3
2025-11-18 17:23:11,609 - INFO - MainThread - server_logic - [DEBUG] found replica for vector: 4
2025-11-18 17:23:11,609 - INFO - MainThread - server_logic - [DEBUG] found replica for vector: 1
2025-11-18 17:23:11,609 - INFO - MainThread - server_logic - [DEBUG] found replica for vector: 2
2025-11-18 17:23:11,609 - INFO - MainThread - server_logic - [DEBUG] found replica for vector: 3
2025-11-18 17:23:11,609 - INFO - MainThread - server_logic - [DEBUG] found replica for vector: 4
2025-11-18 17:23:11,609 - INFO - MainThread - server_logic - [DEBUG] found replica for vector: 1
2025-11-18 17:23:11,609 - INFO - MainThread - server_logic - [DEBUG] found replica for vector: 2
2025-11-18 17:23:11,609 - INFO - MainThread - server_logic - [DEBUG] found replica for vector: 3
2025-11-18 17:23:11,609 - INFO - MainThread - server_logic - [DEBUG] found replica for vector: 4
2025-11-18 17:23:11,609 - INFO - MainThread - server_logic - [DEBUG] found replica for vector: 1
2025-11-18 17:23:11,609 - INFO - MainThread - server_logic - [DEBUG] found replica for vector: 2
2025-11-18 17:23:11,609 - INFO - MainThread - server_logic - [DEBUG] found replica for vector: 3
2025-11-18 17:23:11,609 - INFO - MainThread - server_logic - [DEBUG] found replica for vector: 4
2025-11-18 17:23:11,609 - INFO - MainThread - server_logic - [DEBUG] found replica for vector: 1
2025-11-18 17:23:11,609 - INFO - MainThread - server_logic - [DEBUG] found replica for vector: 2
2025-11-18 17:23:11,609 - INFO - MainThread - server_logic - [DEBUG] found replica for vector: 3
2025-11-18 17:23:11,609 - INFO - MainThread - server_logic - [DEBUG] to me replica for vector: 3
2025-11-18 17:23:11,609 - INFO - MainThread - server_logic - [DEBUG] found replica for vector: 1
2025-11-18 17:23:11,609 - INFO - MainThread - server_logic - [DEBUG] found replica for vector: 2
2025-11-18 17:23:11,609 - INFO - MainThread - server_logic - [DEBUG] found replica for vector: 3
2025-11-18 17:23:11,609 - INFO - MainThread - server_logic - [DEBUG] found replica for vector: 4
2025-11-18 17:23:11,609 - INFO - MainThread - server_logic - [DEBUG] found replica for vector: 1
2025-11-18 17:23:11,609 - INFO - MainThread - server_logic - [DEBUG] found replica for vector: 2
2025-11-18 17:23:11,609 - INFO - MainThread - server_logic - [DEBUG] found replica for vector: 3
2025-11-18 17:23:11,609 - INFO - MainThread - server_logic - [DEBUG] found replica for vector: 4
2025-11-18 17:23:11,609 - INFO - MainThread - server_logic - [DEBUG] found replica for vector: 1
2025-11-18 17:23:11,609 - INFO - MainThread - server_logic - [DEBUG] found replica for vector: 2
2025-11-18 17:23:11,609 - INFO - MainThread - server_logic - [DEBUG] found replica for vector: 3
2025-11-18 17:23:11,609 - INFO - MainThread - server_logic - [DEBUG] to me replica for vector: 3
2025-11-18 17:23:11,609 - INFO - MainThread - server_logic - [DEBUG] found replica for vector: 1
2025-11-18 17:23:11,609 - INFO - MainThread - server_logic - [DEBUG] found replica for vector: 2
2025-11-18 17:23:11,609 - INFO - MainThread - server_logic - [DEBUG] found replica for vector: 3
2025-11-18 17:23:11,609 - INFO - MainThread - server_logic - [DEBUG] found replica for vector: 4
2025-11-18 17:23:11,609 - INFO - MainThread - server_logic - [DEBUG] found replica for vector: 1
2025-11-18 17:23:11,609 - INFO - MainThread - server_logic - [DEBUG] found replica for vector: 2
2025-11-18 17:23:11,609 - INFO - MainThread - server_logic - [DEBUG] found replica for vector: 3
2025-11-18 17:23:11,609 - INFO - MainThread - server_logic - [DEBUG] found replica for vector: 4
2025-11-18 17:23:11,609 - INFO - MainThread - server_logic - [DEBUG] found replica for vector: 1
2025-11-18 17:23:11,609 - INFO - MainThread - server_logic - [DEBUG] found replica for vector: 2
2025-11-18 17:23:11,609 - INFO - MainThread - server_logic - [DEBUG] found replica for vector: 3
2025-11-18 17:23:11,609 - INFO - MainThread - server_logic - [DEBUG] to me replica for vector: 3
2025-11-18 17:23:11,609 - INFO - MainThread - server_logic - [DEBUG] found replica for vector: 1
2025-11-18 17:23:11,609 - INFO - MainThread - server_logic - [DEBUG] found replica for vector: 2
2025-11-18 17:23:11,609 - INFO - MainThread - server_logic - [DEBUG] found replica for vector: 3
2025-11-18 17:23:11,610 - INFO - MainThread - server_logic - [DEBUG] found replica for vector: 4
2025-11-18 17:23:11,610 - INFO - MainThread - server_logic - [DEBUG] found replica for vector: 1
2025-11-18 17:23:11,610 - INFO - MainThread - server_logic - [DEBUG] found replica for vector: 2
2025-11-18 17:23:11,610 - INFO - MainThread - server_logic - [DEBUG] found replica for vector: 3
2025-11-18 17:23:11,610 - INFO - MainThread - server_logic - [DEBUG] found replica for vector: 4
2025-11-18 17:23:11,610 - INFO - MainThread - server_logic - [DEBUG] found replica for vector: 1
2025-11-18 17:23:11,610 - INFO - MainThread - server_logic - [DEBUG] found replica for vector: 2
2025-11-18 17:23:11,610 - INFO - MainThread - server_logic - [DEBUG] found replica for vector: 3
2025-11-18 17:23:11,610 - INFO - MainThread - server_logic - [DEBUG] to me replica for vector: 3
2025-11-18 17:23:11,610 - INFO - MainThread - server_logic - [DEBUG] found replica for vector: 1
2025-11-18 17:23:11,610 - INFO - MainThread - server_logic - [DEBUG] found replica for vector: 2
2025-11-18 17:23:11,610 - INFO - MainThread - server_logic - [DEBUG] found replica for vector: 3
2025-11-18 17:23:11,610 - INFO - MainThread - server_logic - [DEBUG] to me replica for vector: 3
2025-11-18 17:23:11,610 - INFO - MainThread - server_logic - [DEBUG] found replica for vector: 1
2025-11-18 17:23:11,610 - INFO - MainThread - server_logic - [DEBUG] found replica for vector: 2
2025-11-18 17:23:11,610 - INFO - MainThread - server_logic - [DEBUG] found replica for vector: 3
2025-11-18 17:23:11,610 - INFO - MainThread - server_logic - [DEBUG] found replica for vector: 4
2025-11-18 17:23:11,610 - INFO - MainThread - server_logic - [DEBUG] found replica for vector: 1
2025-11-18 17:23:11,610 - INFO - MainThread - server_logic - [DEBUG] found replica for vector: 2
2025-11-18 17:23:11,610 - INFO - MainThread - server_logic - [DEBUG] found replica for vector: 3
2025-11-18 17:23:11,610 - INFO - MainThread - server_logic - [DEBUG] found replica for vector: 4
2025-11-18 17:23:11,610 - INFO - MainThread - server_logic - [DEBUG] found replica for vector: 1
2025-11-18 17:23:11,610 - INFO - MainThread - server_logic - [DEBUG] found replica for vector: 2
2025-11-18 17:23:11,610 - INFO - MainThread - server_logic - [DEBUG] found replica for vector: 3
2025-11-18 17:23:11,610 - INFO - MainThread - server_logic - [DEBUG] found replica for vector: 4
2025-11-18 17:23:11,610 - INFO - MainThread - server_logic - [DEBUG] found replica for vector: 1
2025-11-18 17:23:11,610 - INFO - MainThread - server_logic - [DEBUG] found replica for vector: 2
2025-11-18 17:23:11,610 - INFO - MainThread - server_logic - [DEBUG] found replica for vector: 3
2025-11-18 17:23:11,610 - INFO - MainThread - server_logic - [DEBUG] found replica for vector: 4
2025-11-18 17:23:11,610 - INFO - MainThread - server_logic - [DEBUG] found replica for vector: 1
2025-11-18 17:23:11,610 - INFO - MainThread - server_logic - [DEBUG] found replica for vector: 2
2025-11-18 17:23:11,610 - INFO - MainThread - server_logic - [DEBUG] found replica for vector: 3
2025-11-18 17:23:11,610 - INFO - MainThread - server_logic - [DEBUG] found replica for vector: 4
2025-11-18 17:23:11,610 - INFO - MainThread - server_logic - [DEBUG] found replica for vector: 1
2025-11-18 17:23:11,610 - INFO - MainThread - server_logic - [DEBUG] found replica for vector: 2
2025-11-18 17:23:11,610 - INFO - MainThread - server_logic - [DEBUG] found replica for vector: 3
2025-11-18 17:23:11,610 - INFO - MainThread - server_logic - [DEBUG] found replica for vector: 4
2025-11-18 17:23:11,610 - INFO - MainThread - server_logic - [DEBUG] found replica for vector: 1
2025-11-18 17:23:11,610 - INFO - MainThread - server_logic - [DEBUG] found replica for vector: 2
2025-11-18 17:23:11,610 - INFO - MainThread - server_logic - [DEBUG] found replica for vector: 3
2025-11-18 17:23:11,610 - INFO - MainThread - server_logic - [DEBUG] found replica for vector: 4
2025-11-18 17:23:11,610 - INFO - MainThread - server_logic - [DEBUG] found replica for vector: 1
2025-11-18 17:23:11,610 - INFO - MainThread - server_logic - [DEBUG] found replica for vector: 2
2025-11-18 17:23:11,610 - INFO - MainThread - server_logic - [DEBUG] found replica for vector: 3
2025-11-18 17:23:11,610 - INFO - MainThread - server_logic - [DEBUG] found replica for vector: 4
2025-11-18 17:23:11,610 - INFO - MainThread - server_logic - [DEBUG] found replica for vector: 1
2025-11-18 17:23:11,610 - INFO - MainThread - server_logic - [DEBUG] found replica for vector: 2
2025-11-18 17:23:11,610 - INFO - MainThread - server_logic - [DEBUG] found replica for vector: 3
2025-11-18 17:23:11,610 - INFO - MainThread - server_logic - [DEBUG] found replica for vector: 4
2025-11-18 17:23:11,610 - INFO - MainThread - server_logic - [DEBUG] found replica for vector: 1
2025-11-18 17:23:11,610 - INFO - MainThread - server_logic - [DEBUG] found replica for vector: 2
2025-11-18 17:23:11,610 - INFO - MainThread - server_logic - [DEBUG] found replica for vector: 3
2025-11-18 17:23:11,610 - INFO - MainThread - server_logic - [DEBUG] to me replica for vector: 3
2025-11-18 17:23:11,611 - INFO - MainThread - server_logic - [DEBUG] found replica for vector: 1
2025-11-18 17:23:11,611 - INFO - MainThread - server_logic - [DEBUG] found replica for vector: 2
2025-11-18 17:23:11,611 - INFO - MainThread - server_logic - [DEBUG] found replica for vector: 3
2025-11-18 17:23:11,611 - INFO - MainThread - server_logic - [DEBUG] to me replica for vector: 3
2025-11-18 17:23:11,611 - INFO - MainThread - server_logic - [DEBUG] found replica for vector: 1
2025-11-18 17:23:11,611 - INFO - MainThread - server_logic - [DEBUG] found replica for vector: 2
2025-11-18 17:23:11,611 - INFO - MainThread - server_logic - [DEBUG] found replica for vector: 3
2025-11-18 17:23:11,611 - INFO - MainThread - server_logic - [DEBUG] found replica for vector: 4
2025-11-18 17:23:11,611 - INFO - MainThread - server_logic - [DEBUG] found replica for vector: 1
2025-11-18 17:23:11,611 - INFO - MainThread - server_logic - [DEBUG] found replica for vector: 2
2025-11-18 17:23:11,611 - INFO - MainThread - server_logic - [DEBUG] found replica for vector: 3
2025-11-18 17:23:11,611 - INFO - MainThread - server_logic - [DEBUG] found replica for vector: 4
2025-11-18 17:23:11,611 - INFO - MainThread - server_logic - [DEBUG] found replica for vector: 1
2025-11-18 17:23:11,611 - INFO - MainThread - server_logic - [DEBUG] found replica for vector: 2
2025-11-18 17:23:11,611 - INFO - MainThread - server_logic - [DEBUG] found replica for vector: 3
2025-11-18 17:23:11,611 - INFO - MainThread - server_logic - [DEBUG] found replica for vector: 4
2025-11-18 17:23:11,611 - INFO - MainThread - server_logic - [DEBUG] found replica for vector: 1
2025-11-18 17:23:11,611 - INFO - MainThread - server_logic - [DEBUG] found replica for vector: 2
2025-11-18 17:23:11,611 - INFO - MainThread - server_logic - [DEBUG] found replica for vector: 3
2025-11-18 17:23:11,611 - INFO - MainThread - server_logic - [DEBUG] found replica for vector: 4
2025-11-18 17:23:11,611 - INFO - MainThread - server_logic - [DEBUG] found replica for vector: 1
2025-11-18 17:23:11,611 - INFO - MainThread - server_logic - [DEBUG] found replica for vector: 2
2025-11-18 17:23:11,611 - INFO - MainThread - server_logic - [DEBUG] found replica for vector: 3
2025-11-18 17:23:11,611 - INFO - MainThread - server_logic - [DEBUG] found replica for vector: 4
2025-11-18 17:23:11,611 - INFO - MainThread - server_logic - [DEBUG] found replica for vector: 1
2025-11-18 17:23:11,611 - INFO - MainThread - server_logic - [DEBUG] found replica for vector: 2
2025-11-18 17:23:11,611 - INFO - MainThread - server_logic - [DEBUG] found replica for vector: 3
2025-11-18 17:23:11,611 - INFO - MainThread - server_logic - [DEBUG] found replica for vector: 4
2025-11-18 17:23:11,611 - INFO - MainThread - server_logic - [DEBUG] found replica for vector: 1
2025-11-18 17:23:11,611 - INFO - MainThread - server_logic - [DEBUG] found replica for vector: 2
2025-11-18 17:23:11,611 - INFO - MainThread - server_logic - [DEBUG] found replica for vector: 3
2025-11-18 17:23:11,611 - INFO - MainThread - server_logic - [DEBUG] to me replica for vector: 3
2025-11-18 17:23:11,611 - INFO - MainThread - server_logic - [DEBUG] found replica for vector: 1
2025-11-18 17:23:11,611 - INFO - MainThread - server_logic - [DEBUG] found replica for vector: 2
2025-11-18 17:23:11,611 - INFO - MainThread - server_logic - [DEBUG] found replica for vector: 3
2025-11-18 17:23:11,611 - INFO - MainThread - server_logic - [DEBUG] found replica for vector: 4
2025-11-18 17:23:11,611 - INFO - MainThread - server_logic - [DEBUG] found replica for vector: 1
2025-11-18 17:23:11,611 - INFO - MainThread - server_logic - [DEBUG] found replica for vector: 2
2025-11-18 17:23:11,611 - INFO - MainThread - server_logic - [DEBUG] found replica for vector: 3
2025-11-18 17:23:11,611 - INFO - MainThread - server_logic - [DEBUG] found replica for vector: 4
2025-11-18 17:23:11,611 - INFO - MainThread - server_logic - [DEBUG] found replica for vector: 1
2025-11-18 17:23:11,611 - INFO - MainThread - server_logic - [DEBUG] found replica for vector: 2
2025-11-18 17:23:11,611 - INFO - MainThread - server_logic - [DEBUG] found replica for vector: 3
2025-11-18 17:23:11,611 - INFO - MainThread - server_logic - [DEBUG] to me replica for vector: 3
2025-11-18 17:23:11,611 - INFO - MainThread - server_logic - [DEBUG] found replica for vector: 1
2025-11-18 17:23:11,611 - INFO - MainThread - server_logic - [DEBUG] found replica for vector: 2
2025-11-18 17:23:11,611 - INFO - MainThread - server_logic - [DEBUG] found replica for vector: 3
2025-11-18 17:23:11,611 - INFO - MainThread - server_logic - [DEBUG] found replica for vector: 4
2025-11-18 17:23:11,611 - INFO - MainThread - server_logic - [DEBUG] found replica for vector: 1
2025-11-18 17:23:11,611 - INFO - MainThread - server_logic - [DEBUG] found replica for vector: 2
2025-11-18 17:23:11,611 - INFO - MainThread - server_logic - [DEBUG] found replica for vector: 3
2025-11-18 17:23:11,611 - INFO - MainThread - server_logic - [DEBUG] found replica for vector: 4
2025-11-18 17:23:11,611 - INFO - MainThread - server_logic - [DEBUG] found replica for vector: 1
2025-11-18 17:23:11,611 - INFO - MainThread - server_logic - [DEBUG] found replica for vector: 2
2025-11-18 17:23:11,611 - INFO - MainThread - server_logic - [DEBUG] found replica for vector: 3
2025-11-18 17:23:11,612 - INFO - MainThread - server_logic - [DEBUG] found replica for vector: 4
2025-11-18 17:23:11,612 - INFO - MainThread - server_logic - [DEBUG] found replica for vector: 1
2025-11-18 17:23:11,612 - INFO - MainThread - server_logic - [DEBUG] found replica for vector: 2
2025-11-18 17:23:11,612 - INFO - MainThread - server_logic - [DEBUG] found replica for vector: 3
2025-11-18 17:23:11,612 - INFO - MainThread - server_logic - [DEBUG] found replica for vector: 4
2025-11-18 17:23:11,612 - INFO - MainThread - server_logic - [DEBUG] found replica for vector: 1
2025-11-18 17:23:11,612 - INFO - MainThread - server_logic - [DEBUG] found replica for vector: 2
2025-11-18 17:23:11,612 - INFO - MainThread - server_logic - [DEBUG] found replica for vector: 3
2025-11-18 17:23:11,612 - INFO - MainThread - server_logic - [DEBUG] found replica for vector: 4
2025-11-18 17:23:11,612 - INFO - MainThread - server_logic - [DEBUG] found replica for vector: 1
2025-11-18 17:23:11,612 - INFO - MainThread - server_logic - [DEBUG] found replica for vector: 2
2025-11-18 17:23:11,612 - INFO - MainThread - server_logic - [DEBUG] found replica for vector: 3
2025-11-18 17:23:11,612 - INFO - MainThread - server_logic - [DEBUG] found replica for vector: 4
2025-11-18 17:23:11,612 - INFO - MainThread - server_logic - [DEBUG] found replica for vector: 1
2025-11-18 17:23:11,612 - INFO - MainThread - server_logic - [DEBUG] found replica for vector: 2
2025-11-18 17:23:11,612 - INFO - MainThread - server_logic - [DEBUG] found replica for vector: 3
2025-11-18 17:23:11,612 - INFO - MainThread - server_logic - [DEBUG] found replica for vector: 4
2025-11-18 17:23:11,612 - INFO - MainThread - server_logic - [DEBUG] found replica for vector: 1
2025-11-18 17:23:11,612 - INFO - MainThread - server_logic - [DEBUG] found replica for vector: 2
2025-11-18 17:23:11,612 - INFO - MainThread - server_logic - [DEBUG] found replica for vector: 3
2025-11-18 17:23:11,612 - INFO - MainThread - server_logic - [DEBUG] found replica for vector: 4
2025-11-18 17:23:11,612 - INFO - MainThread - server_logic - [DEBUG] found replica for vector: 1
2025-11-18 17:23:11,612 - INFO - MainThread - server_logic - [DEBUG] found replica for vector: 2
2025-11-18 17:23:11,612 - INFO - MainThread - server_logic - [DEBUG] found replica for vector: 3
2025-11-18 17:23:11,612 - INFO - MainThread - server_logic - [DEBUG] found replica for vector: 4
2025-11-18 17:23:11,612 - INFO - MainThread - server_logic - [DEBUG] found replica for vector: 1
2025-11-18 17:23:11,612 - INFO - MainThread - server_logic - [DEBUG] found replica for vector: 2
2025-11-18 17:23:11,612 - INFO - MainThread - server_logic - [DEBUG] found replica for vector: 3
2025-11-18 17:23:11,612 - INFO - MainThread - server_logic - [DEBUG] found replica for vector: 4
2025-11-18 17:23:11,612 - INFO - MainThread - server_logic - [DEBUG] found replica for vector: 1
2025-11-18 17:23:11,612 - INFO - MainThread - server_logic - [DEBUG] found replica for vector: 2
2025-11-18 17:23:11,612 - INFO - MainThread - server_logic - [DEBUG] found replica for vector: 3
2025-11-18 17:23:11,612 - INFO - MainThread - server_logic - [DEBUG] found replica for vector: 4
2025-11-18 17:23:11,612 - INFO - MainThread - server_logic - [DEBUG] found replica for vector: 1
2025-11-18 17:23:11,612 - INFO - MainThread - server_logic - [DEBUG] found replica for vector: 2
2025-11-18 17:23:11,612 - INFO - MainThread - server_logic - [DEBUG] found replica for vector: 3
2025-11-18 17:23:11,612 - INFO - MainThread - server_logic - [DEBUG] found replica for vector: 4
2025-11-18 17:23:11,612 - INFO - MainThread - server_logic - [DEBUG] found replica for vector: 1
2025-11-18 17:23:11,612 - INFO - MainThread - server_logic - [DEBUG] found replica for vector: 2
2025-11-18 17:23:11,612 - INFO - MainThread - server_logic - [DEBUG] found replica for vector: 3
2025-11-18 17:23:11,612 - INFO - MainThread - server_logic - [DEBUG] found replica for vector: 4
2025-11-18 17:23:11,612 - INFO - MainThread - server_logic - [DEBUG] found replica for vector: 1
2025-11-18 17:23:11,612 - INFO - MainThread - server_logic - [DEBUG] found replica for vector: 2
2025-11-18 17:23:11,612 - INFO - MainThread - server_logic - [DEBUG] found replica for vector: 3
2025-11-18 17:23:11,612 - INFO - MainThread - server_logic - [DEBUG] found replica for vector: 4
2025-11-18 17:23:11,612 - INFO - MainThread - server_logic - [DEBUG] found replica for vector: 1
2025-11-18 17:23:11,612 - INFO - MainThread - server_logic - [DEBUG] found replica for vector: 2
2025-11-18 17:23:11,612 - INFO - MainThread - server_logic - [DEBUG] found replica for vector: 3
2025-11-18 17:23:11,612 - INFO - MainThread - server_logic - [DEBUG] found replica for vector: 4
2025-11-18 17:23:11,612 - INFO - MainThread - server_logic - [DEBUG] found replica for vector: 1
2025-11-18 17:23:11,612 - INFO - MainThread - server_logic - [DEBUG] found replica for vector: 2
2025-11-18 17:23:11,612 - INFO - MainThread - server_logic - [DEBUG] found replica for vector: 3
2025-11-18 17:23:11,612 - INFO - MainThread - server_logic - [DEBUG] found replica for vector: 4
2025-11-18 17:23:11,612 - INFO - MainThread - server_logic - [DEBUG] found replica for vector: 1
2025-11-18 17:23:11,612 - INFO - MainThread - server_logic - [DEBUG] found replica for vector: 2
2025-11-18 17:23:11,612 - INFO - MainThread - server_logic - [DEBUG] found replica for vector: 3
2025-11-18 17:23:11,613 - INFO - MainThread - server_logic - [DEBUG] found replica for vector: 4
2025-11-18 17:23:11,613 - INFO - MainThread - server_logic - [DEBUG] found replica for vector: 1
2025-11-18 17:23:11,613 - INFO - MainThread - server_logic - [DEBUG] found replica for vector: 2
2025-11-18 17:23:11,613 - INFO - MainThread - server_logic - [DEBUG] found replica for vector: 3
2025-11-18 17:23:11,613 - INFO - MainThread - server_logic - [DEBUG] found replica for vector: 4
2025-11-18 17:23:11,613 - INFO - MainThread - server_logic - [DEBUG] found replica for vector: 1
2025-11-18 17:23:11,613 - INFO - MainThread - server_logic - [DEBUG] found replica for vector: 2
2025-11-18 17:23:11,613 - INFO - MainThread - server_logic - [DEBUG] found replica for vector: 3
2025-11-18 17:23:11,613 - INFO - MainThread - server_logic - [DEBUG] found replica for vector: 4
2025-11-18 17:23:11,613 - INFO - MainThread - server_logic - [DEBUG] found replica for vector: 1
2025-11-18 17:23:11,613 - INFO - MainThread - server_logic - [DEBUG] found replica for vector: 2
2025-11-18 17:23:11,613 - INFO - MainThread - server_logic - [DEBUG] found replica for vector: 3
2025-11-18 17:23:11,613 - INFO - MainThread - server_logic - [DEBUG] found replica for vector: 4
2025-11-18 17:23:11,613 - INFO - MainThread - server_logic - [DEBUG] found replica for vector: 1
2025-11-18 17:23:11,613 - INFO - MainThread - server_logic - [DEBUG] found replica for vector: 2
2025-11-18 17:23:11,613 - INFO - MainThread - server_logic - [DEBUG] found replica for vector: 3
2025-11-18 17:23:11,613 - INFO - MainThread - server_logic - [DEBUG] found replica for vector: 4
2025-11-18 17:23:11,613 - INFO - MainThread - server_logic - [DEBUG] found replica for vector: 1
2025-11-18 17:23:11,613 - INFO - MainThread - server_logic - [DEBUG] found replica for vector: 2
2025-11-18 17:23:11,613 - INFO - MainThread - server_logic - [DEBUG] found replica for vector: 3
2025-11-18 17:23:11,613 - INFO - MainThread - server_logic - [DEBUG] found replica for vector: 4
2025-11-18 17:23:11,613 - INFO - MainThread - server_logic - [DEBUG] found replica for vector: 1
2025-11-18 17:23:11,613 - INFO - MainThread - server_logic - [DEBUG] found replica for vector: 2
2025-11-18 17:23:11,613 - INFO - MainThread - server_logic - [DEBUG] found replica for vector: 3
2025-11-18 17:23:11,613 - INFO - MainThread - server_logic - [DEBUG] found replica for vector: 4
2025-11-18 17:23:11,613 - INFO - MainThread - server_logic - [DEBUG] found replica for vector: 1
2025-11-18 17:23:11,613 - INFO - MainThread - server_logic - [DEBUG] found replica for vector: 2
2025-11-18 17:23:11,613 - INFO - MainThread - server_logic - [DEBUG] found replica for vector: 3
2025-11-18 17:23:11,613 - INFO - MainThread - server_logic - [DEBUG] found replica for vector: 4
2025-11-18 17:23:11,613 - INFO - MainThread - server_logic - [DEBUG] found replica for vector: 1
2025-11-18 17:23:11,613 - INFO - MainThread - server_logic - [DEBUG] found replica for vector: 2
2025-11-18 17:23:11,613 - INFO - MainThread - server_logic - [DEBUG] found replica for vector: 3
2025-11-18 17:23:11,613 - INFO - MainThread - server_logic - [DEBUG] found replica for vector: 4
2025-11-18 17:23:11,613 - INFO - MainThread - server_logic - [DEBUG] found replica for vector: 1
2025-11-18 17:23:11,613 - INFO - MainThread - server_logic - [DEBUG] found replica for vector: 2
2025-11-18 17:23:11,613 - INFO - MainThread - server_logic - [DEBUG] found replica for vector: 3
2025-11-18 17:23:11,613 - INFO - MainThread - server_logic - [DEBUG] to me replica for vector: 3
2025-11-18 17:23:11,613 - INFO - MainThread - server_logic - [DEBUG] found replica for vector: 1
2025-11-18 17:23:11,613 - INFO - MainThread - server_logic - [DEBUG] found replica for vector: 2
2025-11-18 17:23:11,613 - INFO - MainThread - server_logic - [DEBUG] found replica for vector: 3
2025-11-18 17:23:11,613 - INFO - MainThread - server_logic - [DEBUG] found replica for vector: 4
2025-11-18 17:23:11,613 - INFO - MainThread - server_logic - [DEBUG] found replica for vector: 1
2025-11-18 17:23:11,613 - INFO - MainThread - server_logic - [DEBUG] found replica for vector: 2
2025-11-18 17:23:11,613 - INFO - MainThread - server_logic - [DEBUG] found replica for vector: 3
2025-11-18 17:23:11,613 - INFO - MainThread - server_logic - [DEBUG] found replica for vector: 4
2025-11-18 17:23:11,613 - INFO - MainThread - server_logic - [DEBUG] found replica for vector: 1
2025-11-18 17:23:11,613 - INFO - MainThread - server_logic - [DEBUG] found replica for vector: 2
2025-11-18 17:23:11,613 - INFO - MainThread - server_logic - [DEBUG] found replica for vector: 3
2025-11-18 17:23:11,613 - INFO - MainThread - server_logic - [DEBUG] found replica for vector: 4
2025-11-18 17:23:11,613 - INFO - MainThread - server_logic - [DEBUG] found replica for vector: 1
2025-11-18 17:23:11,613 - INFO - MainThread - server_logic - [DEBUG] found replica for vector: 2
2025-11-18 17:23:11,613 - INFO - MainThread - server_logic - [DEBUG] found replica for vector: 3
2025-11-18 17:23:11,613 - INFO - MainThread - server_logic - [DEBUG] found replica for vector: 4
2025-11-18 17:23:11,613 - INFO - MainThread - server_logic - [DEBUG] found replica for vector: 1
2025-11-18 17:23:11,614 - INFO - MainThread - server_logic - [DEBUG] found replica for vector: 2
2025-11-18 17:23:11,614 - INFO - MainThread - server_logic - [DEBUG] found replica for vector: 3
2025-11-18 17:23:11,614 - INFO - MainThread - server_logic - [DEBUG] found replica for vector: 4
2025-11-18 17:23:11,614 - INFO - MainThread - server_logic - [DEBUG] found replica for vector: 1
2025-11-18 17:23:11,614 - INFO - MainThread - server_logic - [DEBUG] found replica for vector: 2
2025-11-18 17:23:11,614 - INFO - MainThread - server_logic - [DEBUG] found replica for vector: 3
2025-11-18 17:23:11,614 - INFO - MainThread - server_logic - [DEBUG] found replica for vector: 4
2025-11-18 17:23:11,614 - INFO - MainThread - server_logic - [DEBUG] found replica for vector: 1
2025-11-18 17:23:11,614 - INFO - MainThread - server_logic - [DEBUG] found replica for vector: 2
2025-11-18 17:23:11,614 - INFO - MainThread - server_logic - [DEBUG] found replica for vector: 3
2025-11-18 17:23:11,614 - INFO - MainThread - server_logic - [DEBUG] to me replica for vector: 3
2025-11-18 17:23:11,614 - INFO - MainThread - server_logic - [DEBUG] found replica for vector: 1
2025-11-18 17:23:11,614 - INFO - MainThread - server_logic - [DEBUG] found replica for vector: 2
2025-11-18 17:23:11,614 - INFO - MainThread - server_logic - [DEBUG] found replica for vector: 3
2025-11-18 17:23:11,614 - INFO - MainThread - server_logic - [DEBUG] found replica for vector: 4
2025-11-18 17:23:11,614 - INFO - MainThread - server_logic - [DEBUG] found replica for vector: 1
2025-11-18 17:23:11,614 - INFO - MainThread - server_logic - [DEBUG] found replica for vector: 2
2025-11-18 17:23:11,614 - INFO - MainThread - server_logic - [DEBUG] found replica for vector: 3
2025-11-18 17:23:11,614 - INFO - MainThread - server_logic - [DEBUG] found replica for vector: 4
2025-11-18 17:23:11,614 - INFO - MainThread - server_logic - [DEBUG] found replica for vector: 1
2025-11-18 17:23:11,614 - INFO - MainThread - server_logic - [DEBUG] found replica for vector: 2
2025-11-18 17:23:11,614 - INFO - MainThread - server_logic - [DEBUG] found replica for vector: 3
2025-11-18 17:23:11,614 - INFO - MainThread - server_logic - [DEBUG] found replica for vector: 4
2025-11-18 17:23:11,614 - INFO - MainThread - server_logic - [DEBUG] found replica for vector: 1
2025-11-18 17:23:11,614 - INFO - MainThread - server_logic - [DEBUG] found replica for vector: 2
2025-11-18 17:23:11,614 - INFO - MainThread - server_logic - [DEBUG] found replica for vector: 3
2025-11-18 17:23:11,614 - INFO - MainThread - server_logic - [DEBUG] to me replica for vector: 3
2025-11-18 17:23:11,614 - INFO - MainThread - server_logic - [DEBUG] found replica for vector: 1
2025-11-18 17:23:11,614 - INFO - MainThread - server_logic - [DEBUG] found replica for vector: 2
2025-11-18 17:23:11,614 - INFO - MainThread - server_logic - [DEBUG] found replica for vector: 3
2025-11-18 17:23:11,614 - INFO - MainThread - server_logic - [DEBUG] found replica for vector: 4
2025-11-18 17:23:11,614 - INFO - MainThread - server_logic - [DEBUG] found replica for vector: 1
2025-11-18 17:23:11,614 - INFO - MainThread - server_logic - [DEBUG] found replica for vector: 2
2025-11-18 17:23:11,614 - INFO - MainThread - server_logic - [DEBUG] found replica for vector: 3
2025-11-18 17:23:11,614 - INFO - MainThread - server_logic - [DEBUG] found replica for vector: 4
2025-11-18 17:23:11,614 - INFO - MainThread - server_logic - [DEBUG] found replica for vector: 1
2025-11-18 17:23:11,614 - INFO - MainThread - server_logic - [DEBUG] found replica for vector: 2
2025-11-18 17:23:11,614 - INFO - MainThread - server_logic - [DEBUG] found replica for vector: 3
2025-11-18 17:23:11,614 - INFO - MainThread - server_logic - [DEBUG] found replica for vector: 4
2025-11-18 17:23:11,614 - INFO - MainThread - server_logic - [DEBUG] found replica for vector: 1
2025-11-18 17:23:11,614 - INFO - MainThread - server_logic - [DEBUG] found replica for vector: 2
2025-11-18 17:23:11,614 - INFO - MainThread - server_logic - [DEBUG] found replica for vector: 3
2025-11-18 17:23:11,614 - INFO - MainThread - server_logic - [DEBUG] found replica for vector: 4
2025-11-18 17:23:11,614 - INFO - MainThread - server_logic - [DEBUG] found replica for vector: 1
2025-11-18 17:23:11,614 - INFO - MainThread - server_logic - [DEBUG] found replica for vector: 2
2025-11-18 17:23:11,614 - INFO - MainThread - server_logic - [DEBUG] found replica for vector: 3
2025-11-18 17:23:11,614 - INFO - MainThread - server_logic - [DEBUG] found replica for vector: 4
2025-11-18 17:23:11,614 - INFO - MainThread - server_logic - [DEBUG] found replica for vector: 1
2025-11-18 17:23:11,614 - INFO - MainThread - server_logic - [DEBUG] found replica for vector: 2
2025-11-18 17:23:11,614 - INFO - MainThread - server_logic - [DEBUG] found replica for vector: 3
2025-11-18 17:23:11,614 - INFO - MainThread - server_logic - [DEBUG] found replica for vector: 4
2025-11-18 17:23:11,614 - INFO - MainThread - server_logic - [DEBUG] found replica for vector: 1
2025-11-18 17:23:11,614 - INFO - MainThread - server_logic - [DEBUG] found replica for vector: 2
2025-11-18 17:23:11,614 - INFO - MainThread - server_logic - [DEBUG] found replica for vector: 3
2025-11-18 17:23:11,614 - INFO - MainThread - server_logic - [DEBUG] found replica for vector: 4
2025-11-18 17:23:11,615 - INFO - MainThread - server_logic - [DEBUG] found replica for vector: 1
2025-11-18 17:23:11,615 - INFO - MainThread - server_logic - [DEBUG] found replica for vector: 2
2025-11-18 17:23:11,615 - INFO - MainThread - server_logic - [DEBUG] found replica for vector: 3
2025-11-18 17:23:11,615 - INFO - MainThread - server_logic - [DEBUG] found replica for vector: 4
2025-11-18 17:23:11,615 - INFO - MainThread - server_logic - [DEBUG] found replica for vector: 1
2025-11-18 17:23:11,615 - INFO - MainThread - server_logic - [DEBUG] found replica for vector: 2
2025-11-18 17:23:11,615 - INFO - MainThread - server_logic - [DEBUG] found replica for vector: 3
2025-11-18 17:23:11,615 - INFO - MainThread - server_logic - [DEBUG] to me replica for vector: 3
2025-11-18 17:23:11,615 - INFO - MainThread - server_logic - [DEBUG] found replica for vector: 1
2025-11-18 17:23:11,615 - INFO - MainThread - server_logic - [DEBUG] found replica for vector: 2
2025-11-18 17:23:11,615 - INFO - MainThread - server_logic - [DEBUG] found replica for vector: 3
2025-11-18 17:23:11,615 - INFO - MainThread - server_logic - [DEBUG] to me replica for vector: 3
2025-11-18 17:23:11,615 - INFO - MainThread - server_logic - [DEBUG] found replica for vector: 1
2025-11-18 17:23:11,615 - INFO - MainThread - server_logic - [DEBUG] found replica for vector: 2
2025-11-18 17:23:11,615 - INFO - MainThread - server_logic - [DEBUG] found replica for vector: 3
2025-11-18 17:23:11,615 - INFO - MainThread - server_logic - [DEBUG] found replica for vector: 4
2025-11-18 17:23:11,615 - INFO - MainThread - server_logic - [DEBUG] found replica for vector: 1
2025-11-18 17:23:11,615 - INFO - MainThread - server_logic - [DEBUG] found replica for vector: 2
2025-11-18 17:23:11,615 - INFO - MainThread - server_logic - [DEBUG] found replica for vector: 3
2025-11-18 17:23:11,615 - INFO - MainThread - server_logic - [DEBUG] found replica for vector: 4
2025-11-18 17:23:11,615 - INFO - MainThread - server_logic - [DEBUG] found replica for vector: 1
2025-11-18 17:23:11,615 - INFO - MainThread - server_logic - [DEBUG] found replica for vector: 2
2025-11-18 17:23:11,615 - INFO - MainThread - server_logic - [DEBUG] found replica for vector: 3
2025-11-18 17:23:11,615 - INFO - MainThread - server_logic - [DEBUG] found replica for vector: 4
2025-11-18 17:23:11,615 - INFO - MainThread - server_logic - [DEBUG] found replica for vector: 1
2025-11-18 17:23:11,615 - INFO - MainThread - server_logic - [DEBUG] found replica for vector: 2
2025-11-18 17:23:11,615 - INFO - MainThread - server_logic - [DEBUG] found replica for vector: 3
2025-11-18 17:23:11,615 - INFO - MainThread - server_logic - [DEBUG] found replica for vector: 4
2025-11-18 17:23:11,615 - INFO - MainThread - server_logic - [DEBUG] found replica for vector: 1
2025-11-18 17:23:11,615 - INFO - MainThread - server_logic - [DEBUG] found replica for vector: 2
2025-11-18 17:23:11,615 - INFO - MainThread - server_logic - [DEBUG] found replica for vector: 3
2025-11-18 17:23:11,615 - INFO - MainThread - server_logic - [DEBUG] to me replica for vector: 3
2025-11-18 17:23:11,615 - INFO - MainThread - server_logic - [DEBUG] found replica for vector: 1
2025-11-18 17:23:11,615 - INFO - MainThread - server_logic - [DEBUG] found replica for vector: 2
2025-11-18 17:23:11,615 - INFO - MainThread - server_logic - [DEBUG] found replica for vector: 3
2025-11-18 17:23:11,615 - INFO - MainThread - server_logic - [DEBUG] to me replica for vector: 3
2025-11-18 17:23:11,615 - INFO - MainThread - server_logic - [DEBUG] found replica for vector: 1
2025-11-18 17:23:11,615 - INFO - MainThread - server_logic - [DEBUG] found replica for vector: 2
2025-11-18 17:23:11,615 - INFO - MainThread - server_logic - [DEBUG] found replica for vector: 3
2025-11-18 17:23:11,615 - INFO - MainThread - server_logic - [DEBUG] found replica for vector: 4
2025-11-18 17:23:11,615 - INFO - MainThread - server_logic - [DEBUG] found replica for vector: 1
2025-11-18 17:23:11,615 - INFO - MainThread - server_logic - [DEBUG] found replica for vector: 2
2025-11-18 17:23:11,615 - INFO - MainThread - server_logic - [DEBUG] found replica for vector: 3
2025-11-18 17:23:11,615 - INFO - MainThread - server_logic - [DEBUG] found replica for vector: 4
2025-11-18 17:23:11,615 - INFO - MainThread - server_logic - [DEBUG] found replica for vector: 1
2025-11-18 17:23:11,615 - INFO - MainThread - server_logic - [DEBUG] found replica for vector: 2
2025-11-18 17:23:11,615 - INFO - MainThread - server_logic - [DEBUG] found replica for vector: 3
2025-11-18 17:23:11,615 - INFO - MainThread - server_logic - [DEBUG] to me replica for vector: 3
2025-11-18 17:23:11,615 - INFO - MainThread - server_logic - [DEBUG] found replica for vector: 1
2025-11-18 17:23:11,615 - INFO - MainThread - server_logic - [DEBUG] found replica for vector: 2
2025-11-18 17:23:11,615 - INFO - MainThread - server_logic - [DEBUG] found replica for vector: 3
2025-11-18 17:23:11,615 - INFO - MainThread - server_logic - [DEBUG] to me replica for vector: 3
2025-11-18 17:23:11,615 - INFO - MainThread - server_logic - [DEBUG] found replica for vector: 1
2025-11-18 17:23:11,615 - INFO - MainThread - server_logic - [DEBUG] found replica for vector: 2
2025-11-18 17:23:11,615 - INFO - MainThread - server_logic - [DEBUG] found replica for vector: 3
2025-11-18 17:23:11,615 - INFO - MainThread - server_logic - [DEBUG] found replica for vector: 4
2025-11-18 17:23:11,616 - INFO - MainThread - server_logic - [DEBUG] found replica for vector: 1
2025-11-18 17:23:11,616 - INFO - MainThread - server_logic - [DEBUG] found replica for vector: 2
2025-11-18 17:23:11,616 - INFO - MainThread - server_logic - [DEBUG] found replica for vector: 3
2025-11-18 17:23:11,616 - INFO - MainThread - server_logic - [DEBUG] found replica for vector: 4
2025-11-18 17:23:11,616 - INFO - MainThread - server_logic - [DEBUG] found replica for vector: 1
2025-11-18 17:23:11,616 - INFO - MainThread - server_logic - [DEBUG] found replica for vector: 2
2025-11-18 17:23:11,616 - INFO - MainThread - server_logic - [DEBUG] found replica for vector: 3
2025-11-18 17:23:11,616 - INFO - MainThread - server_logic - [DEBUG] to me replica for vector: 3
2025-11-18 17:23:11,616 - INFO - MainThread - server_logic - [DEBUG] found replica for vector: 1
2025-11-18 17:23:11,616 - INFO - MainThread - server_logic - [DEBUG] found replica for vector: 2
2025-11-18 17:23:11,616 - INFO - MainThread - server_logic - [DEBUG] found replica for vector: 3
2025-11-18 17:23:11,616 - INFO - MainThread - server_logic - [DEBUG] to me replica for vector: 3
2025-11-18 17:23:11,616 - INFO - MainThread - server_logic - [DEBUG] found replica for vector: 1
2025-11-18 17:23:11,616 - INFO - MainThread - server_logic - [DEBUG] found replica for vector: 2
2025-11-18 17:23:11,616 - INFO - MainThread - server_logic - [DEBUG] found replica for vector: 3
2025-11-18 17:23:11,616 - INFO - MainThread - server_logic - [DEBUG] found replica for vector: 4
2025-11-18 17:23:11,616 - INFO - MainThread - server_logic - [DEBUG] found replica for vector: 1
2025-11-18 17:23:11,616 - INFO - MainThread - server_logic - [DEBUG] found replica for vector: 2
2025-11-18 17:23:11,616 - INFO - MainThread - server_logic - [DEBUG] found replica for vector: 3
2025-11-18 17:23:11,616 - INFO - MainThread - server_logic - [DEBUG] to me replica for vector: 3
2025-11-18 17:23:11,616 - INFO - MainThread - server_logic - [DEBUG] found replica for vector: 1
2025-11-18 17:23:11,616 - INFO - MainThread - server_logic - [DEBUG] found replica for vector: 2
2025-11-18 17:23:11,616 - INFO - MainThread - server_logic - [DEBUG] found replica for vector: 3
2025-11-18 17:23:11,616 - INFO - MainThread - server_logic - [DEBUG] to me replica for vector: 3
2025-11-18 17:23:11,616 - INFO - MainThread - server_logic - [DEBUG] found replica for vector: 1
2025-11-18 17:23:11,616 - INFO - MainThread - server_logic - [DEBUG] found replica for vector: 2
2025-11-18 17:23:11,616 - INFO - MainThread - server_logic - [DEBUG] found replica for vector: 3
2025-11-18 17:23:11,616 - INFO - MainThread - server_logic - [DEBUG] found replica for vector: 4
2025-11-18 17:23:11,616 - INFO - MainThread - server_logic - [DEBUG] found replica for vector: 1
2025-11-18 17:23:11,616 - INFO - MainThread - server_logic - [DEBUG] found replica for vector: 2
2025-11-18 17:23:11,616 - INFO - MainThread - server_logic - [DEBUG] found replica for vector: 3
2025-11-18 17:23:11,616 - INFO - MainThread - server_logic - [DEBUG] found replica for vector: 4
2025-11-18 17:23:11,616 - INFO - MainThread - server_logic - [DEBUG] found replica for vector: 1
2025-11-18 17:23:11,616 - INFO - MainThread - server_logic - [DEBUG] found replica for vector: 2
2025-11-18 17:23:11,616 - INFO - MainThread - server_logic - [DEBUG] found replica for vector: 3
2025-11-18 17:23:11,616 - INFO - MainThread - server_logic - [DEBUG] to me replica for vector: 3
2025-11-18 17:23:11,616 - INFO - MainThread - server_logic - [DEBUG] found replica for vector: 1
2025-11-18 17:23:11,616 - INFO - MainThread - server_logic - [DEBUG] found replica for vector: 2
2025-11-18 17:23:11,616 - INFO - MainThread - server_logic - [DEBUG] found replica for vector: 3
2025-11-18 17:23:11,616 - INFO - MainThread - server_logic - [DEBUG] found replica for vector: 4
2025-11-18 17:23:11,616 - INFO - MainThread - server_logic - [DEBUG] found replica for vector: 1
2025-11-18 17:23:11,616 - INFO - MainThread - server_logic - [DEBUG] found replica for vector: 2
2025-11-18 17:23:11,616 - INFO - MainThread - server_logic - [DEBUG] found replica for vector: 3
2025-11-18 17:23:11,616 - INFO - MainThread - server_logic - [DEBUG] to me replica for vector: 3
2025-11-18 17:23:11,616 - INFO - MainThread - server_logic - [DEBUG] found replica for vector: 1
2025-11-18 17:23:11,616 - INFO - MainThread - server_logic - [DEBUG] found replica for vector: 2
2025-11-18 17:23:11,616 - INFO - MainThread - server_logic - [DEBUG] found replica for vector: 3
2025-11-18 17:23:11,616 - INFO - MainThread - server_logic - [DEBUG] found replica for vector: 4
2025-11-18 17:23:11,616 - INFO - MainThread - server_logic - [DEBUG] found replica for vector: 1
2025-11-18 17:23:11,616 - INFO - MainThread - server_logic - [DEBUG] found replica for vector: 2
2025-11-18 17:23:11,616 - INFO - MainThread - server_logic - [DEBUG] found replica for vector: 3
2025-11-18 17:23:11,616 - INFO - MainThread - server_logic - [DEBUG] found replica for vector: 4
2025-11-18 17:23:11,616 - INFO - MainThread - server_logic - [DEBUG] found replica for vector: 1
2025-11-18 17:23:11,616 - INFO - MainThread - server_logic - [DEBUG] found replica for vector: 2
2025-11-18 17:23:11,616 - INFO - MainThread - server_logic - [DEBUG] found replica for vector: 3
2025-11-18 17:23:11,616 - INFO - MainThread - server_logic - [DEBUG] to me replica for vector: 3
2025-11-18 17:23:11,617 - INFO - MainThread - server_logic - [DEBUG] found replica for vector: 1
2025-11-18 17:23:11,617 - INFO - MainThread - server_logic - [DEBUG] found replica for vector: 2
2025-11-18 17:23:11,617 - INFO - MainThread - server_logic - [DEBUG] found replica for vector: 3
2025-11-18 17:23:11,617 - INFO - MainThread - server_logic - [DEBUG] to me replica for vector: 3
2025-11-18 17:23:11,617 - INFO - MainThread - server_logic - [DEBUG] found replica for vector: 1
2025-11-18 17:23:11,617 - INFO - MainThread - server_logic - [DEBUG] found replica for vector: 2
2025-11-18 17:23:11,617 - INFO - MainThread - server_logic - [DEBUG] found replica for vector: 3
2025-11-18 17:23:11,617 - INFO - MainThread - server_logic - [DEBUG] found replica for vector: 4
2025-11-18 17:23:11,617 - INFO - MainThread - server_logic - [DEBUG] found replica for vector: 1
2025-11-18 17:23:11,617 - INFO - MainThread - server_logic - [DEBUG] found replica for vector: 2
2025-11-18 17:23:11,617 - INFO - MainThread - server_logic - [DEBUG] found replica for vector: 3
2025-11-18 17:23:11,617 - INFO - MainThread - server_logic - [DEBUG] found replica for vector: 4
2025-11-18 17:23:11,617 - INFO - MainThread - server_logic - [DEBUG] found replica for vector: 1
2025-11-18 17:23:11,617 - INFO - MainThread - server_logic - [DEBUG] found replica for vector: 2
2025-11-18 17:23:11,617 - INFO - MainThread - server_logic - [DEBUG] found replica for vector: 3
2025-11-18 17:23:11,617 - INFO - MainThread - server_logic - [DEBUG] found replica for vector: 4
2025-11-18 17:23:11,617 - INFO - MainThread - server_logic - [DEBUG] found replica for vector: 1
2025-11-18 17:23:11,617 - INFO - MainThread - server_logic - [DEBUG] found replica for vector: 2
2025-11-18 17:23:11,617 - INFO - MainThread - server_logic - [DEBUG] found replica for vector: 3
2025-11-18 17:23:11,617 - INFO - MainThread - server_logic - [DEBUG] to me replica for vector: 3
2025-11-18 17:23:11,617 - INFO - MainThread - server_logic - [DEBUG] found replica for vector: 1
2025-11-18 17:23:11,617 - INFO - MainThread - server_logic - [DEBUG] found replica for vector: 2
2025-11-18 17:23:11,617 - INFO - MainThread - server_logic - [DEBUG] found replica for vector: 3
2025-11-18 17:23:11,617 - INFO - MainThread - server_logic - [DEBUG] found replica for vector: 4
2025-11-18 17:23:11,617 - INFO - MainThread - server_logic - [DEBUG] found replica for vector: 1
2025-11-18 17:23:11,617 - INFO - MainThread - server_logic - [DEBUG] found replica for vector: 2
2025-11-18 17:23:11,617 - INFO - MainThread - server_logic - [DEBUG] found replica for vector: 3
2025-11-18 17:23:11,617 - INFO - MainThread - server_logic - [DEBUG] found replica for vector: 4
2025-11-18 17:23:11,617 - INFO - MainThread - server_logic - [DEBUG] found replica for vector: 1
2025-11-18 17:23:11,617 - INFO - MainThread - server_logic - [DEBUG] found replica for vector: 2
2025-11-18 17:23:11,617 - INFO - MainThread - server_logic - [DEBUG] found replica for vector: 3
2025-11-18 17:23:11,617 - INFO - MainThread - server_logic - [DEBUG] found replica for vector: 4
2025-11-18 17:23:11,617 - INFO - MainThread - server_logic - [DEBUG] found replica for vector: 1
2025-11-18 17:23:11,617 - INFO - MainThread - server_logic - [DEBUG] found replica for vector: 2
2025-11-18 17:23:11,617 - INFO - MainThread - server_logic - [DEBUG] found replica for vector: 3
2025-11-18 17:23:11,617 - INFO - MainThread - server_logic - [DEBUG] found replica for vector: 4
2025-11-18 17:23:11,617 - INFO - MainThread - server_logic - [DEBUG] found replica for vector: 1
2025-11-18 17:23:11,617 - INFO - MainThread - server_logic - [DEBUG] found replica for vector: 2
2025-11-18 17:23:11,617 - INFO - MainThread - server_logic - [DEBUG] found replica for vector: 3
2025-11-18 17:23:11,617 - INFO - MainThread - server_logic - [DEBUG] found replica for vector: 4
2025-11-18 17:23:11,617 - INFO - MainThread - server_logic - [DEBUG] found replica for vector: 1
2025-11-18 17:23:11,617 - INFO - MainThread - server_logic - [DEBUG] found replica for vector: 2
2025-11-18 17:23:11,617 - INFO - MainThread - server_logic - [DEBUG] found replica for vector: 3
2025-11-18 17:23:11,617 - INFO - MainThread - server_logic - [DEBUG] to me replica for vector: 3
2025-11-18 17:23:11,617 - INFO - MainThread - server_logic - [DEBUG] found replica for vector: 1
2025-11-18 17:23:11,617 - INFO - MainThread - server_logic - [DEBUG] found replica for vector: 2
2025-11-18 17:23:11,617 - INFO - MainThread - server_logic - [DEBUG] found replica for vector: 3
2025-11-18 17:23:11,617 - INFO - MainThread - server_logic - [DEBUG] to me replica for vector: 3
2025-11-18 17:23:11,617 - INFO - MainThread - server_logic - [DEBUG] found replica for vector: 1
2025-11-18 17:23:11,617 - INFO - MainThread - server_logic - [DEBUG] found replica for vector: 2
2025-11-18 17:23:11,617 - INFO - MainThread - server_logic - [DEBUG] found replica for vector: 3
2025-11-18 17:23:11,617 - INFO - MainThread - server_logic - [DEBUG] found replica for vector: 4
2025-11-18 17:23:11,617 - INFO - MainThread - server_logic - [DEBUG] found replica for vector: 1
2025-11-18 17:23:11,617 - INFO - MainThread - server_logic - [DEBUG] found replica for vector: 2
2025-11-18 17:23:11,617 - INFO - MainThread - server_logic - [DEBUG] found replica for vector: 3
2025-11-18 17:23:11,618 - INFO - MainThread - server_logic - [DEBUG] found replica for vector: 4
2025-11-18 17:23:11,618 - INFO - MainThread - server_logic - [DEBUG] found replica for vector: 1
2025-11-18 17:23:11,618 - INFO - MainThread - server_logic - [DEBUG] found replica for vector: 2
2025-11-18 17:23:11,618 - INFO - MainThread - server_logic - [DEBUG] found replica for vector: 3
2025-11-18 17:23:11,618 - INFO - MainThread - server_logic - [DEBUG] found replica for vector: 4
2025-11-18 17:23:11,618 - INFO - MainThread - server_logic - [DEBUG] found replica for vector: 1
2025-11-18 17:23:11,618 - INFO - MainThread - server_logic - [DEBUG] found replica for vector: 2
2025-11-18 17:23:11,618 - INFO - MainThread - server_logic - [DEBUG] found replica for vector: 3
2025-11-18 17:23:11,618 - INFO - MainThread - server_logic - [DEBUG] to me replica for vector: 3
2025-11-18 17:23:11,618 - INFO - MainThread - server_logic - [DEBUG] found replica for vector: 1
2025-11-18 17:23:11,618 - INFO - MainThread - server_logic - [DEBUG] found replica for vector: 2
2025-11-18 17:23:11,618 - INFO - MainThread - server_logic - [DEBUG] found replica for vector: 3
2025-11-18 17:23:11,618 - INFO - MainThread - server_logic - [DEBUG] to me replica for vector: 3
2025-11-18 17:23:11,618 - INFO - MainThread - server_logic - [DEBUG] found replica for vector: 1
2025-11-18 17:23:11,618 - INFO - MainThread - server_logic - [DEBUG] found replica for vector: 2
2025-11-18 17:23:11,618 - INFO - MainThread - server_logic - [DEBUG] found replica for vector: 3
2025-11-18 17:23:11,618 - INFO - MainThread - server_logic - [DEBUG] to me replica for vector: 3
2025-11-18 17:23:11,618 - INFO - MainThread - server_logic - [DEBUG] found replica for vector: 1
2025-11-18 17:23:11,618 - INFO - MainThread - server_logic - [DEBUG] found replica for vector: 2
2025-11-18 17:23:11,618 - INFO - MainThread - server_logic - [DEBUG] found replica for vector: 3
2025-11-18 17:23:11,618 - INFO - MainThread - server_logic - [DEBUG] found replica for vector: 4
2025-11-18 17:23:11,618 - INFO - MainThread - server_logic - [DEBUG] found replica for vector: 1
2025-11-18 17:23:11,618 - INFO - MainThread - server_logic - [DEBUG] found replica for vector: 2
2025-11-18 17:23:11,618 - INFO - MainThread - server_logic - [DEBUG] found replica for vector: 3
2025-11-18 17:23:11,618 - INFO - MainThread - server_logic - [DEBUG] found replica for vector: 4
2025-11-18 17:23:11,618 - INFO - MainThread - server_logic - [DEBUG] found replica for vector: 1
2025-11-18 17:23:11,618 - INFO - MainThread - server_logic - [DEBUG] found replica for vector: 2
2025-11-18 17:23:11,618 - INFO - MainThread - server_logic - [DEBUG] found replica for vector: 3
2025-11-18 17:23:11,618 - INFO - MainThread - server_logic - [DEBUG] found replica for vector: 4
2025-11-18 17:23:11,618 - INFO - MainThread - server_logic - [DEBUG] found replica for vector: 1
2025-11-18 17:23:11,618 - INFO - MainThread - server_logic - [DEBUG] found replica for vector: 2
2025-11-18 17:23:11,618 - INFO - MainThread - server_logic - [DEBUG] found replica for vector: 3
2025-11-18 17:23:11,618 - INFO - MainThread - server_logic - [DEBUG] found replica for vector: 4
2025-11-18 17:23:11,618 - INFO - MainThread - server_logic - [DEBUG] found replica for vector: 1
2025-11-18 17:23:11,618 - INFO - MainThread - server_logic - [DEBUG] found replica for vector: 2
2025-11-18 17:23:11,618 - INFO - MainThread - server_logic - [DEBUG] found replica for vector: 3
2025-11-18 17:23:11,618 - INFO - MainThread - server_logic - [DEBUG] found replica for vector: 4
2025-11-18 17:23:11,618 - INFO - MainThread - server_logic - [DEBUG] found replica for vector: 1
2025-11-18 17:23:11,618 - INFO - MainThread - server_logic - [DEBUG] found replica for vector: 2
2025-11-18 17:23:11,618 - INFO - MainThread - server_logic - [DEBUG] found replica for vector: 3
2025-11-18 17:23:11,618 - INFO - MainThread - server_logic - [DEBUG] to me replica for vector: 3
2025-11-18 17:23:11,618 - INFO - MainThread - server_logic - [DEBUG] found replica for vector: 1
2025-11-18 17:23:11,618 - INFO - MainThread - server_logic - [DEBUG] found replica for vector: 2
2025-11-18 17:23:11,618 - INFO - MainThread - server_logic - [DEBUG] found replica for vector: 3
2025-11-18 17:23:11,618 - INFO - MainThread - server_logic - [DEBUG] to me replica for vector: 3
2025-11-18 17:23:11,618 - INFO - MainThread - server_logic - [DEBUG] found replica for vector: 1
2025-11-18 17:23:11,618 - INFO - MainThread - server_logic - [DEBUG] found replica for vector: 2
2025-11-18 17:23:11,618 - INFO - MainThread - server_logic - [DEBUG] found replica for vector: 3
2025-11-18 17:23:11,618 - INFO - MainThread - server_logic - [DEBUG] to me replica for vector: 3
2025-11-18 17:23:11,618 - INFO - MainThread - server_logic - [DEBUG] found replica for vector: 1
2025-11-18 17:23:11,618 - INFO - MainThread - server_logic - [DEBUG] found replica for vector: 2
2025-11-18 17:23:11,618 - INFO - MainThread - server_logic - [DEBUG] found replica for vector: 3
2025-11-18 17:23:11,618 - INFO - MainThread - server_logic - [DEBUG] found replica for vector: 4
2025-11-18 17:23:11,618 - INFO - MainThread - server_logic - [DEBUG] found replica for vector: 1
2025-11-18 17:23:11,618 - INFO - MainThread - server_logic - [DEBUG] found replica for vector: 2
2025-11-18 17:23:11,619 - INFO - MainThread - server_logic - [DEBUG] found replica for vector: 3
2025-11-18 17:23:11,619 - INFO - MainThread - server_logic - [DEBUG] found replica for vector: 4
2025-11-18 17:23:11,619 - INFO - MainThread - server_logic - [DEBUG] found replica for vector: 1
2025-11-18 17:23:11,619 - INFO - MainThread - server_logic - [DEBUG] found replica for vector: 2
2025-11-18 17:23:11,619 - INFO - MainThread - server_logic - [DEBUG] found replica for vector: 3
2025-11-18 17:23:11,619 - INFO - MainThread - server_logic - [DEBUG] found replica for vector: 4
2025-11-18 17:23:11,619 - INFO - MainThread - server_logic - [DEBUG] found replica for vector: 1
2025-11-18 17:23:11,619 - INFO - MainThread - server_logic - [DEBUG] found replica for vector: 2
2025-11-18 17:23:11,619 - INFO - MainThread - server_logic - [DEBUG] found replica for vector: 3
2025-11-18 17:23:11,619 - INFO - MainThread - server_logic - [DEBUG] found replica for vector: 4
2025-11-18 17:23:11,619 - INFO - MainThread - server_logic - [DEBUG] found replica for vector: 1
2025-11-18 17:23:11,619 - INFO - MainThread - server_logic - [DEBUG] found replica for vector: 2
2025-11-18 17:23:11,619 - INFO - MainThread - server_logic - [DEBUG] found replica for vector: 3
2025-11-18 17:23:11,619 - INFO - MainThread - server_logic - [DEBUG] to me replica for vector: 3
2025-11-18 17:23:11,619 - INFO - MainThread - server_logic - [DEBUG] found replica for vector: 1
2025-11-18 17:23:11,619 - INFO - MainThread - server_logic - [DEBUG] found replica for vector: 2
2025-11-18 17:23:11,619 - INFO - MainThread - server_logic - [DEBUG] found replica for vector: 3
2025-11-18 17:23:11,619 - INFO - MainThread - server_logic - [DEBUG] found replica for vector: 4
2025-11-18 17:23:11,619 - INFO - MainThread - server_logic - [DEBUG] found replica for vector: 1
2025-11-18 17:23:11,619 - INFO - MainThread - server_logic - [DEBUG] found replica for vector: 2
2025-11-18 17:23:11,619 - INFO - MainThread - server_logic - [DEBUG] found replica for vector: 3
2025-11-18 17:23:11,619 - INFO - MainThread - server_logic - [DEBUG] to me replica for vector: 3
2025-11-18 17:23:11,619 - INFO - MainThread - server_logic - [DEBUG] found replica for vector: 1
2025-11-18 17:23:11,619 - INFO - MainThread - server_logic - [DEBUG] found replica for vector: 2
2025-11-18 17:23:11,619 - INFO - MainThread - server_logic - [DEBUG] found replica for vector: 3
2025-11-18 17:23:11,619 - INFO - MainThread - server_logic - [DEBUG] found replica for vector: 4
2025-11-18 17:23:11,619 - INFO - MainThread - server_logic - [DEBUG] found replica for vector: 1
2025-11-18 17:23:11,619 - INFO - MainThread - server_logic - [DEBUG] found replica for vector: 2
2025-11-18 17:23:11,619 - INFO - MainThread - server_logic - [DEBUG] found replica for vector: 3
2025-11-18 17:23:11,619 - INFO - MainThread - server_logic - [DEBUG] found replica for vector: 4
2025-11-18 17:23:11,619 - INFO - MainThread - server_logic - [DEBUG] found replica for vector: 1
2025-11-18 17:23:11,619 - INFO - MainThread - server_logic - [DEBUG] found replica for vector: 2
2025-11-18 17:23:11,619 - INFO - MainThread - server_logic - [DEBUG] found replica for vector: 3
2025-11-18 17:23:11,619 - INFO - MainThread - server_logic - [DEBUG] found replica for vector: 4
2025-11-18 17:23:11,619 - INFO - MainThread - server_logic - [DEBUG] found replica for vector: 1
2025-11-18 17:23:11,619 - INFO - MainThread - server_logic - [DEBUG] found replica for vector: 2
2025-11-18 17:23:11,619 - INFO - MainThread - server_logic - [DEBUG] found replica for vector: 3
2025-11-18 17:23:11,619 - INFO - MainThread - server_logic - [DEBUG] found replica for vector: 4
2025-11-18 17:23:11,619 - INFO - MainThread - server_logic - [DEBUG] found replica for vector: 1
2025-11-18 17:23:11,619 - INFO - MainThread - server_logic - [DEBUG] found replica for vector: 2
2025-11-18 17:23:11,619 - INFO - MainThread - server_logic - [DEBUG] found replica for vector: 3
2025-11-18 17:23:11,619 - INFO - MainThread - server_logic - [DEBUG] found replica for vector: 4
2025-11-18 17:23:11,619 - INFO - MainThread - server_logic - [DEBUG] found replica for vector: 1
2025-11-18 17:23:11,619 - INFO - MainThread - server_logic - [DEBUG] found replica for vector: 2
2025-11-18 17:23:11,619 - INFO - MainThread - server_logic - [DEBUG] found replica for vector: 3
2025-11-18 17:23:11,619 - INFO - MainThread - server_logic - [DEBUG] found replica for vector: 4
2025-11-18 17:23:11,619 - INFO - MainThread - server_logic - [DEBUG] found replica for vector: 1
2025-11-18 17:23:11,619 - INFO - MainThread - server_logic - [DEBUG] found replica for vector: 2
2025-11-18 17:23:11,619 - INFO - MainThread - server_logic - [DEBUG] found replica for vector: 3
2025-11-18 17:23:11,619 - INFO - MainThread - server_logic - [DEBUG] found replica for vector: 4
2025-11-18 17:23:11,619 - INFO - MainThread - server_logic - [DEBUG] found replica for vector: 1
2025-11-18 17:23:11,619 - INFO - MainThread - server_logic - [DEBUG] found replica for vector: 2
2025-11-18 17:23:11,619 - INFO - MainThread - server_logic - [DEBUG] found replica for vector: 3
2025-11-18 17:23:11,619 - INFO - MainThread - server_logic - [DEBUG] found replica for vector: 4
2025-11-18 17:23:11,619 - INFO - MainThread - server_logic - [DEBUG] found replica for vector: 1
2025-11-18 17:23:11,619 - INFO - MainThread - server_logic - [DEBUG] found replica for vector: 2
2025-11-18 17:23:11,620 - INFO - MainThread - server_logic - [DEBUG] found replica for vector: 3
2025-11-18 17:23:11,620 - INFO - MainThread - server_logic - [DEBUG] found replica for vector: 4
2025-11-18 17:23:11,620 - INFO - MainThread - server_logic - [DEBUG] found replica for vector: 1
2025-11-18 17:23:11,620 - INFO - MainThread - server_logic - [DEBUG] found replica for vector: 2
2025-11-18 17:23:11,620 - INFO - MainThread - server_logic - [DEBUG] found replica for vector: 3
2025-11-18 17:23:11,620 - INFO - MainThread - server_logic - [DEBUG] to me replica for vector: 3
2025-11-18 17:23:11,620 - INFO - MainThread - server_logic - [DEBUG] found replica for vector: 1
2025-11-18 17:23:11,620 - INFO - MainThread - server_logic - [DEBUG] found replica for vector: 2
2025-11-18 17:23:11,620 - INFO - MainThread - server_logic - [DEBUG] found replica for vector: 3
2025-11-18 17:23:11,620 - INFO - MainThread - server_logic - [DEBUG] to me replica for vector: 3
2025-11-18 17:23:11,620 - INFO - MainThread - server_logic - [DEBUG] found replica for vector: 1
2025-11-18 17:23:11,620 - INFO - MainThread - server_logic - [DEBUG] found replica for vector: 2
2025-11-18 17:23:11,620 - INFO - MainThread - server_logic - [DEBUG] found replica for vector: 3
2025-11-18 17:23:11,620 - INFO - MainThread - server_logic - [DEBUG] found replica for vector: 4
2025-11-18 17:23:11,620 - INFO - MainThread - server_logic - [DEBUG] found replica for vector: 1
2025-11-18 17:23:11,620 - INFO - MainThread - server_logic - [DEBUG] found replica for vector: 2
2025-11-18 17:23:11,620 - INFO - MainThread - server_logic - [DEBUG] found replica for vector: 3
2025-11-18 17:23:11,620 - INFO - MainThread - server_logic - [DEBUG] found replica for vector: 4
2025-11-18 17:23:11,620 - INFO - MainThread - server_logic - [DEBUG] found replica for vector: 1
2025-11-18 17:23:11,620 - INFO - MainThread - server_logic - [DEBUG] found replica for vector: 2
2025-11-18 17:23:11,620 - INFO - MainThread - server_logic - [DEBUG] found replica for vector: 3
2025-11-18 17:23:11,620 - INFO - MainThread - server_logic - [DEBUG] found replica for vector: 4
2025-11-18 17:23:11,620 - INFO - MainThread - server_logic - [DEBUG] found replica for vector: 1
2025-11-18 17:23:11,620 - INFO - MainThread - server_logic - [DEBUG] found replica for vector: 2
2025-11-18 17:23:11,620 - INFO - MainThread - server_logic - [DEBUG] found replica for vector: 3
2025-11-18 17:23:11,620 - INFO - MainThread - server_logic - [DEBUG] found replica for vector: 4
2025-11-18 17:23:11,620 - INFO - MainThread - server_logic - [DEBUG] found replica for vector: 1
2025-11-18 17:23:11,620 - INFO - MainThread - server_logic - [DEBUG] found replica for vector: 2
2025-11-18 17:23:11,620 - INFO - MainThread - server_logic - [DEBUG] found replica for vector: 3
2025-11-18 17:23:11,620 - INFO - MainThread - server_logic - [DEBUG] found replica for vector: 4
2025-11-18 17:23:11,620 - INFO - MainThread - server_logic - [DEBUG] found replica for vector: 1
2025-11-18 17:23:11,620 - INFO - MainThread - server_logic - [DEBUG] found replica for vector: 2
2025-11-18 17:23:11,620 - INFO - MainThread - server_logic - [DEBUG] found replica for vector: 3
2025-11-18 17:23:11,620 - INFO - MainThread - server_logic - [DEBUG] found replica for vector: 4
2025-11-18 17:23:11,620 - INFO - MainThread - server_logic - [DEBUG] found replica for vector: 1
2025-11-18 17:23:11,620 - INFO - MainThread - server_logic - [DEBUG] found replica for vector: 2
2025-11-18 17:23:11,620 - INFO - MainThread - server_logic - [DEBUG] found replica for vector: 3
2025-11-18 17:23:11,620 - INFO - MainThread - server_logic - [DEBUG] to me replica for vector: 3
2025-11-18 17:23:11,620 - INFO - MainThread - server_logic - [DEBUG] found replica for vector: 1
2025-11-18 17:23:11,620 - INFO - MainThread - server_logic - [DEBUG] found replica for vector: 2
2025-11-18 17:23:11,620 - INFO - MainThread - server_logic - [DEBUG] found replica for vector: 3
2025-11-18 17:23:11,620 - INFO - MainThread - server_logic - [DEBUG] found replica for vector: 4
2025-11-18 17:23:11,620 - INFO - MainThread - server_logic - [DEBUG] found replica for vector: 1
2025-11-18 17:23:11,620 - INFO - MainThread - server_logic - [DEBUG] found replica for vector: 2
2025-11-18 17:23:11,620 - INFO - MainThread - server_logic - [DEBUG] found replica for vector: 3
2025-11-18 17:23:11,620 - INFO - MainThread - server_logic - [DEBUG] found replica for vector: 4
2025-11-18 17:23:11,620 - INFO - MainThread - server_logic - [DEBUG] found replica for vector: 1
2025-11-18 17:23:11,620 - INFO - MainThread - server_logic - [DEBUG] found replica for vector: 2
2025-11-18 17:23:11,620 - INFO - MainThread - server_logic - [DEBUG] found replica for vector: 3
2025-11-18 17:23:11,620 - INFO - MainThread - server_logic - [DEBUG] found replica for vector: 4
2025-11-18 17:23:11,620 - INFO - MainThread - server_logic - [DEBUG] found replica for vector: 1
2025-11-18 17:23:11,620 - INFO - MainThread - server_logic - [DEBUG] found replica for vector: 2
2025-11-18 17:23:11,620 - INFO - MainThread - server_logic - [DEBUG] found replica for vector: 3
2025-11-18 17:23:11,620 - INFO - MainThread - server_logic - [DEBUG] found replica for vector: 4
2025-11-18 17:23:11,620 - INFO - MainThread - server_logic - [DEBUG] found replica for vector: 1
2025-11-18 17:23:11,621 - INFO - MainThread - server_logic - [DEBUG] found replica for vector: 2
2025-11-18 17:23:11,621 - INFO - MainThread - server_logic - [DEBUG] found replica for vector: 3
2025-11-18 17:23:11,621 - INFO - MainThread - server_logic - [DEBUG] to me replica for vector: 3
2025-11-18 17:23:11,621 - INFO - MainThread - server_logic - [DEBUG] found replica for vector: 1
2025-11-18 17:23:11,621 - INFO - MainThread - server_logic - [DEBUG] found replica for vector: 2
2025-11-18 17:23:11,621 - INFO - MainThread - server_logic - [DEBUG] found replica for vector: 3
2025-11-18 17:23:11,621 - INFO - MainThread - server_logic - [DEBUG] found replica for vector: 4
2025-11-18 17:23:11,621 - INFO - MainThread - server_logic - [DEBUG] found replica for vector: 1
2025-11-18 17:23:11,621 - INFO - MainThread - server_logic - [DEBUG] found replica for vector: 2
2025-11-18 17:23:11,621 - INFO - MainThread - server_logic - [DEBUG] found replica for vector: 3
2025-11-18 17:23:11,621 - INFO - MainThread - server_logic - [DEBUG] to me replica for vector: 3
2025-11-18 17:23:11,621 - INFO - MainThread - server_logic - [DEBUG] found replica for vector: 1
2025-11-18 17:23:11,621 - INFO - MainThread - server_logic - [DEBUG] found replica for vector: 2
2025-11-18 17:23:11,621 - INFO - MainThread - server_logic - [DEBUG] found replica for vector: 3
2025-11-18 17:23:11,621 - INFO - MainThread - server_logic - [DEBUG] found replica for vector: 4
2025-11-18 17:23:11,621 - INFO - MainThread - server_logic - [DEBUG] found replica for vector: 1
2025-11-18 17:23:11,621 - INFO - MainThread - server_logic - [DEBUG] found replica for vector: 2
2025-11-18 17:23:11,621 - INFO - MainThread - server_logic - [DEBUG] found replica for vector: 3
2025-11-18 17:23:11,621 - INFO - MainThread - server_logic - [DEBUG] to me replica for vector: 3
2025-11-18 17:23:11,621 - INFO - MainThread - server_logic - [DEBUG] found replica for vector: 1
2025-11-18 17:23:11,621 - INFO - MainThread - server_logic - [DEBUG] found replica for vector: 2
2025-11-18 17:23:11,621 - INFO - MainThread - server_logic - [DEBUG] found replica for vector: 3
2025-11-18 17:23:11,621 - INFO - MainThread - server_logic - [DEBUG] found replica for vector: 4
2025-11-18 17:23:11,621 - INFO - MainThread - server_logic - [DEBUG] found replica for vector: 1
2025-11-18 17:23:11,621 - INFO - MainThread - server_logic - [DEBUG] found replica for vector: 2
2025-11-18 17:23:11,621 - INFO - MainThread - server_logic - [DEBUG] found replica for vector: 3
2025-11-18 17:23:11,621 - INFO - MainThread - server_logic - [DEBUG] found replica for vector: 4
2025-11-18 17:23:11,621 - INFO - MainThread - server_logic - [DEBUG] found replica for vector: 1
2025-11-18 17:23:11,621 - INFO - MainThread - server_logic - [DEBUG] found replica for vector: 2
2025-11-18 17:23:11,621 - INFO - MainThread - server_logic - [DEBUG] found replica for vector: 3
2025-11-18 17:23:11,621 - INFO - MainThread - server_logic - [DEBUG] found replica for vector: 4
2025-11-18 17:23:11,621 - INFO - MainThread - server_logic - [DEBUG] found replica for vector: 1
2025-11-18 17:23:11,621 - INFO - MainThread - server_logic - [DEBUG] found replica for vector: 2
2025-11-18 17:23:11,621 - INFO - MainThread - server_logic - [DEBUG] found replica for vector: 3
2025-11-18 17:23:11,621 - INFO - MainThread - server_logic - [DEBUG] found replica for vector: 4
2025-11-18 17:23:11,621 - INFO - MainThread - server_logic - [DEBUG] found replica for vector: 1
2025-11-18 17:23:11,621 - INFO - MainThread - server_logic - [DEBUG] found replica for vector: 2
2025-11-18 17:23:11,621 - INFO - MainThread - server_logic - [DEBUG] found replica for vector: 3
2025-11-18 17:23:11,621 - INFO - MainThread - server_logic - [DEBUG] to me replica for vector: 3
2025-11-18 17:23:11,621 - INFO - MainThread - server_logic - [DEBUG] found replica for vector: 1
2025-11-18 17:23:11,621 - INFO - MainThread - server_logic - [DEBUG] found replica for vector: 2
2025-11-18 17:23:11,621 - INFO - MainThread - server_logic - [DEBUG] found replica for vector: 3
2025-11-18 17:23:11,621 - INFO - MainThread - server_logic - [DEBUG] found replica for vector: 4
2025-11-18 17:23:11,621 - INFO - MainThread - server_logic - [DEBUG] found replica for vector: 1
2025-11-18 17:23:11,621 - INFO - MainThread - server_logic - [DEBUG] found replica for vector: 2
2025-11-18 17:23:11,621 - INFO - MainThread - server_logic - [DEBUG] found replica for vector: 3
2025-11-18 17:23:11,621 - INFO - MainThread - server_logic - [DEBUG] to me replica for vector: 3
2025-11-18 17:23:11,621 - INFO - MainThread - server_logic - [DEBUG] found replica for vector: 1
2025-11-18 17:23:11,621 - INFO - MainThread - server_logic - [DEBUG] found replica for vector: 2
2025-11-18 17:23:11,621 - INFO - MainThread - server_logic - [DEBUG] found replica for vector: 3
2025-11-18 17:23:11,621 - INFO - MainThread - server_logic - [DEBUG] to me replica for vector: 3
2025-11-18 17:23:11,621 - INFO - MainThread - server_logic - [DEBUG] found replica for vector: 1
2025-11-18 17:23:11,621 - INFO - MainThread - server_logic - [DEBUG] found replica for vector: 2
2025-11-18 17:23:11,621 - INFO - MainThread - server_logic - [DEBUG] found replica for vector: 3
2025-11-18 17:23:11,621 - INFO - MainThread - server_logic - [DEBUG] found replica for vector: 4
2025-11-18 17:23:11,621 - INFO - MainThread - server_logic - [DEBUG] found replica for vector: 1
2025-11-18 17:23:11,621 - INFO - MainThread - server_logic - [DEBUG] found replica for vector: 2
2025-11-18 17:23:11,621 - INFO - MainThread - server_logic - [DEBUG] found replica for vector: 3
2025-11-18 17:23:11,621 - INFO - MainThread - server_logic - [DEBUG] found replica for vector: 4
2025-11-18 17:23:11,622 - INFO - MainThread - server_logic - [DEBUG] found replica for vector: 1
2025-11-18 17:23:11,622 - INFO - MainThread - server_logic - [DEBUG] found replica for vector: 2
2025-11-18 17:23:11,622 - INFO - MainThread - server_logic - [DEBUG] found replica for vector: 3
2025-11-18 17:23:11,622 - INFO - MainThread - server_logic - [DEBUG] found replica for vector: 4
2025-11-18 17:23:11,622 - INFO - MainThread - server_logic - [DEBUG] found replica for vector: 1
2025-11-18 17:23:11,622 - INFO - MainThread - server_logic - [DEBUG] found replica for vector: 2
2025-11-18 17:23:11,622 - INFO - MainThread - server_logic - [DEBUG] found replica for vector: 3
2025-11-18 17:23:11,622 - INFO - MainThread - server_logic - [DEBUG] to me replica for vector: 3
2025-11-18 17:23:11,622 - INFO - MainThread - server_logic - [DEBUG] found replica for vector: 1
2025-11-18 17:23:11,622 - INFO - MainThread - server_logic - [DEBUG] found replica for vector: 2
2025-11-18 17:23:11,622 - INFO - MainThread - server_logic - [DEBUG] found replica for vector: 3
2025-11-18 17:23:11,622 - INFO - MainThread - server_logic - [DEBUG] found replica for vector: 4
2025-11-18 17:23:11,622 - INFO - MainThread - server_logic - [DEBUG] found replica for vector: 1
2025-11-18 17:23:11,622 - INFO - MainThread - server_logic - [DEBUG] found replica for vector: 2
2025-11-18 17:23:11,622 - INFO - MainThread - server_logic - [DEBUG] found replica for vector: 3
2025-11-18 17:23:11,622 - INFO - MainThread - server_logic - [DEBUG] to me replica for vector: 3
2025-11-18 17:23:11,622 - INFO - MainThread - server_logic - [DEBUG] found replica for vector: 1
2025-11-18 17:23:11,622 - INFO - MainThread - server_logic - [DEBUG] found replica for vector: 2
2025-11-18 17:23:11,622 - INFO - MainThread - server_logic - [DEBUG] found replica for vector: 3
2025-11-18 17:23:11,622 - INFO - MainThread - server_logic - [DEBUG] to me replica for vector: 3
2025-11-18 17:23:11,622 - INFO - MainThread - server_logic - [DEBUG] found replica for vector: 1
2025-11-18 17:23:11,622 - INFO - MainThread - server_logic - [DEBUG] found replica for vector: 2
2025-11-18 17:23:11,622 - INFO - MainThread - server_logic - [DEBUG] found replica for vector: 3
2025-11-18 17:23:11,622 - INFO - MainThread - server_logic - [DEBUG] found replica for vector: 4
2025-11-18 17:23:11,622 - INFO - MainThread - server_logic - [DEBUG] found replica for vector: 1
2025-11-18 17:23:11,622 - INFO - MainThread - server_logic - [DEBUG] found replica for vector: 2
2025-11-18 17:23:11,622 - INFO - MainThread - server_logic - [DEBUG] found replica for vector: 3
2025-11-18 17:23:11,622 - INFO - MainThread - server_logic - [DEBUG] found replica for vector: 4
2025-11-18 17:23:11,622 - INFO - MainThread - server_logic - [DEBUG] found replica for vector: 1
2025-11-18 17:23:11,622 - INFO - MainThread - server_logic - [DEBUG] found replica for vector: 2
2025-11-18 17:23:11,622 - INFO - MainThread - server_logic - [DEBUG] found replica for vector: 3
2025-11-18 17:23:11,622 - INFO - MainThread - server_logic - [DEBUG] found replica for vector: 4
2025-11-18 17:23:11,622 - INFO - MainThread - server_logic - [DEBUG] found replica for vector: 1
2025-11-18 17:23:11,622 - INFO - MainThread - server_logic - [DEBUG] found replica for vector: 2
2025-11-18 17:23:11,622 - INFO - MainThread - server_logic - [DEBUG] found replica for vector: 3
2025-11-18 17:23:11,622 - INFO - MainThread - server_logic - [DEBUG] found replica for vector: 4
2025-11-18 17:23:11,622 - INFO - MainThread - server_logic - [DEBUG] found replica for vector: 1
2025-11-18 17:23:11,622 - INFO - MainThread - server_logic - [DEBUG] found replica for vector: 2
2025-11-18 17:23:11,622 - INFO - MainThread - server_logic - [DEBUG] found replica for vector: 3
2025-11-18 17:23:11,622 - INFO - MainThread - server_logic - [DEBUG] found replica for vector: 4
2025-11-18 17:23:11,622 - INFO - MainThread - server_logic - [DEBUG] found replica for vector: 1
2025-11-18 17:23:11,622 - INFO - MainThread - server_logic - [DEBUG] found replica for vector: 2
2025-11-18 17:23:11,622 - INFO - MainThread - server_logic - [DEBUG] found replica for vector: 3
2025-11-18 17:23:11,622 - INFO - MainThread - server_logic - [DEBUG] found replica for vector: 4
2025-11-18 17:23:11,622 - INFO - MainThread - server_logic - [DEBUG] found replica for vector: 1
2025-11-18 17:23:11,622 - INFO - MainThread - server_logic - [DEBUG] found replica for vector: 2
2025-11-18 17:23:11,622 - INFO - MainThread - server_logic - [DEBUG] found replica for vector: 3
2025-11-18 17:23:11,622 - INFO - MainThread - server_logic - [DEBUG] to me replica for vector: 3
2025-11-18 17:23:11,622 - INFO - MainThread - server_logic - [DEBUG] found replica for vector: 1
2025-11-18 17:23:11,622 - INFO - MainThread - server_logic - [DEBUG] found replica for vector: 2
2025-11-18 17:23:11,622 - INFO - MainThread - server_logic - [DEBUG] found replica for vector: 3
2025-11-18 17:23:11,622 - INFO - MainThread - server_logic - [DEBUG] found replica for vector: 4
2025-11-18 17:23:11,622 - INFO - MainThread - server_logic - [DEBUG] found replica for vector: 1
2025-11-18 17:23:11,622 - INFO - MainThread - server_logic - [DEBUG] found replica for vector: 2
2025-11-18 17:23:11,622 - INFO - MainThread - server_logic - [DEBUG] found replica for vector: 3
2025-11-18 17:23:11,622 - INFO - MainThread - server_logic - [DEBUG] found replica for vector: 4
2025-11-18 17:23:11,622 - INFO - MainThread - server_logic - [DEBUG] found replica for vector: 1
2025-11-18 17:23:11,622 - INFO - MainThread - server_logic - [DEBUG] found replica for vector: 2
2025-11-18 17:23:11,622 - INFO - MainThread - server_logic - [DEBUG] found replica for vector: 3
2025-11-18 17:23:11,623 - INFO - MainThread - server_logic - [DEBUG] to me replica for vector: 3
2025-11-18 17:23:11,623 - INFO - MainThread - server_logic - [DEBUG] found replica for vector: 1
2025-11-18 17:23:11,623 - INFO - MainThread - server_logic - [DEBUG] found replica for vector: 2
2025-11-18 17:23:11,623 - INFO - MainThread - server_logic - [DEBUG] found replica for vector: 3
2025-11-18 17:23:11,623 - INFO - MainThread - server_logic - [DEBUG] found replica for vector: 4
2025-11-18 17:23:11,623 - INFO - MainThread - server_logic - [DEBUG] found replica for vector: 1
2025-11-18 17:23:11,623 - INFO - MainThread - server_logic - [DEBUG] found replica for vector: 2
2025-11-18 17:23:11,623 - INFO - MainThread - server_logic - [DEBUG] found replica for vector: 3
2025-11-18 17:23:11,623 - INFO - MainThread - server_logic - [DEBUG] found replica for vector: 4
2025-11-18 17:23:11,623 - INFO - MainThread - server_logic - [DEBUG] found replica for vector: 1
2025-11-18 17:23:11,623 - INFO - MainThread - server_logic - [DEBUG] found replica for vector: 2
2025-11-18 17:23:11,623 - INFO - MainThread - server_logic - [DEBUG] found replica for vector: 3
2025-11-18 17:23:11,623 - INFO - MainThread - server_logic - [DEBUG] found replica for vector: 4
2025-11-18 17:23:11,623 - INFO - MainThread - server_logic - [DEBUG] found replica for vector: 1
2025-11-18 17:23:11,623 - INFO - MainThread - server_logic - [DEBUG] found replica for vector: 2
2025-11-18 17:23:11,623 - INFO - MainThread - server_logic - [DEBUG] found replica for vector: 3
2025-11-18 17:23:11,623 - INFO - MainThread - server_logic - [DEBUG] to me replica for vector: 3
2025-11-18 17:23:11,623 - INFO - MainThread - server_logic - [DEBUG] found replica for vector: 1
2025-11-18 17:23:11,623 - INFO - MainThread - server_logic - [DEBUG] found replica for vector: 2
2025-11-18 17:23:11,623 - INFO - MainThread - server_logic - [DEBUG] found replica for vector: 3
2025-11-18 17:23:11,623 - INFO - MainThread - server_logic - [DEBUG] to me replica for vector: 3
2025-11-18 17:23:11,623 - INFO - MainThread - server_logic - [DEBUG] found replica for vector: 1
2025-11-18 17:23:11,623 - INFO - MainThread - server_logic - [DEBUG] found replica for vector: 2
2025-11-18 17:23:11,623 - INFO - MainThread - server_logic - [DEBUG] found replica for vector: 3
2025-11-18 17:23:11,623 - INFO - MainThread - server_logic - [DEBUG] found replica for vector: 4
2025-11-18 17:23:11,623 - INFO - MainThread - server_logic - [DEBUG] found replica for vector: 1
2025-11-18 17:23:11,623 - INFO - MainThread - server_logic - [DEBUG] found replica for vector: 2
2025-11-18 17:23:11,623 - INFO - MainThread - server_logic - [DEBUG] found replica for vector: 3
2025-11-18 17:23:11,623 - INFO - MainThread - server_logic - [DEBUG] to me replica for vector: 3
2025-11-18 17:23:11,623 - INFO - MainThread - server_logic - [DEBUG] found replica for vector: 1
2025-11-18 17:23:11,623 - INFO - MainThread - server_logic - [DEBUG] found replica for vector: 2
2025-11-18 17:23:11,623 - INFO - MainThread - server_logic - [DEBUG] found replica for vector: 3
2025-11-18 17:23:11,623 - INFO - MainThread - server_logic - [DEBUG] to me replica for vector: 3
2025-11-18 17:23:11,623 - INFO - MainThread - server_logic - [DEBUG] found replica for vector: 1
2025-11-18 17:23:11,623 - INFO - MainThread - server_logic - [DEBUG] found replica for vector: 2
2025-11-18 17:23:11,623 - INFO - MainThread - server_logic - [DEBUG] found replica for vector: 3
2025-11-18 17:23:11,623 - INFO - MainThread - server_logic - [DEBUG] to me replica for vector: 3
2025-11-18 17:23:11,623 - INFO - MainThread - server_logic - [DEBUG] found replica for vector: 1
2025-11-18 17:23:11,623 - INFO - MainThread - server_logic - [DEBUG] found replica for vector: 2
2025-11-18 17:23:11,623 - INFO - MainThread - server_logic - [DEBUG] found replica for vector: 3
2025-11-18 17:23:11,623 - INFO - MainThread - server_logic - [DEBUG] found replica for vector: 4
2025-11-18 17:23:11,623 - INFO - MainThread - server_logic - [DEBUG] found replica for vector: 1
2025-11-18 17:23:11,623 - INFO - MainThread - server_logic - [DEBUG] found replica for vector: 2
2025-11-18 17:23:11,623 - INFO - MainThread - server_logic - [DEBUG] found replica for vector: 3
2025-11-18 17:23:11,623 - INFO - MainThread - server_logic - [DEBUG] found replica for vector: 4
2025-11-18 17:23:11,623 - INFO - MainThread - server_logic - [DEBUG] found replica for vector: 1
2025-11-18 17:23:11,623 - INFO - MainThread - server_logic - [DEBUG] found replica for vector: 2
2025-11-18 17:23:11,623 - INFO - MainThread - server_logic - [DEBUG] found replica for vector: 3
2025-11-18 17:23:11,623 - INFO - MainThread - server_logic - [DEBUG] to me replica for vector: 3
2025-11-18 17:23:11,623 - INFO - MainThread - server_logic - [DEBUG] found replica for vector: 1
2025-11-18 17:23:11,623 - INFO - MainThread - server_logic - [DEBUG] found replica for vector: 2
2025-11-18 17:23:11,623 - INFO - MainThread - server_logic - [DEBUG] found replica for vector: 3
2025-11-18 17:23:11,623 - INFO - MainThread - server_logic - [DEBUG] found replica for vector: 4
2025-11-18 17:23:11,623 - INFO - MainThread - server_logic - [DEBUG] found replica for vector: 1
2025-11-18 17:23:11,623 - INFO - MainThread - server_logic - [DEBUG] found replica for vector: 2
2025-11-18 17:23:11,623 - INFO - MainThread - server_logic - [DEBUG] found replica for vector: 3
2025-11-18 17:23:11,623 - INFO - MainThread - server_logic - [DEBUG] found replica for vector: 4
2025-11-18 17:23:11,623 - INFO - MainThread - server_logic - [DEBUG] found replica for vector: 1
2025-11-18 17:23:11,624 - INFO - MainThread - server_logic - [DEBUG] found replica for vector: 2
2025-11-18 17:23:11,624 - INFO - MainThread - server_logic - [DEBUG] found replica for vector: 3
2025-11-18 17:23:11,624 - INFO - MainThread - server_logic - [DEBUG] found replica for vector: 4
2025-11-18 17:23:11,624 - INFO - MainThread - server_logic - [DEBUG] found replica for vector: 1
2025-11-18 17:23:11,624 - INFO - MainThread - server_logic - [DEBUG] found replica for vector: 2
2025-11-18 17:23:11,624 - INFO - MainThread - server_logic - [DEBUG] found replica for vector: 3
2025-11-18 17:23:11,624 - INFO - MainThread - server_logic - [DEBUG] to me replica for vector: 3
2025-11-18 17:23:11,624 - INFO - MainThread - server_logic - [DEBUG] found replica for vector: 1
2025-11-18 17:23:11,624 - INFO - MainThread - server_logic - [DEBUG] found replica for vector: 2
2025-11-18 17:23:11,624 - INFO - MainThread - server_logic - [DEBUG] found replica for vector: 3
2025-11-18 17:23:11,624 - INFO - MainThread - server_logic - [DEBUG] found replica for vector: 4
2025-11-18 17:23:11,624 - INFO - MainThread - server_logic - [DEBUG] found replica for vector: 1
2025-11-18 17:23:11,624 - INFO - MainThread - server_logic - [DEBUG] found replica for vector: 2
2025-11-18 17:23:11,624 - INFO - MainThread - server_logic - [DEBUG] found replica for vector: 3
2025-11-18 17:23:11,624 - INFO - MainThread - server_logic - [DEBUG] found replica for vector: 4
2025-11-18 17:23:11,624 - INFO - MainThread - server_logic - [DEBUG] found replica for vector: 1
2025-11-18 17:23:11,624 - INFO - MainThread - server_logic - [DEBUG] found replica for vector: 2
2025-11-18 17:23:11,624 - INFO - MainThread - server_logic - [DEBUG] found replica for vector: 3
2025-11-18 17:23:11,624 - INFO - MainThread - server_logic - [DEBUG] to me replica for vector: 3
2025-11-18 17:23:11,624 - INFO - MainThread - server_logic - [DEBUG] found replica for vector: 1
2025-11-18 17:23:11,624 - INFO - MainThread - server_logic - [DEBUG] found replica for vector: 2
2025-11-18 17:23:11,624 - INFO - MainThread - server_logic - [DEBUG] found replica for vector: 3
2025-11-18 17:23:11,624 - INFO - MainThread - server_logic - [DEBUG] found replica for vector: 4
2025-11-18 17:23:11,624 - INFO - MainThread - server_logic - [DEBUG] found replica for vector: 1
2025-11-18 17:23:11,624 - INFO - MainThread - server_logic - [DEBUG] found replica for vector: 2
2025-11-18 17:23:11,624 - INFO - MainThread - server_logic - [DEBUG] found replica for vector: 3
2025-11-18 17:23:11,624 - INFO - MainThread - server_logic - [DEBUG] found replica for vector: 4
2025-11-18 17:23:11,624 - INFO - MainThread - server_logic - [DEBUG] found replica for vector: 1
2025-11-18 17:23:11,624 - INFO - MainThread - server_logic - [DEBUG] found replica for vector: 2
2025-11-18 17:23:11,624 - INFO - MainThread - server_logic - [DEBUG] found replica for vector: 3
2025-11-18 17:23:11,624 - INFO - MainThread - server_logic - [DEBUG] found replica for vector: 4
2025-11-18 17:23:11,624 - INFO - MainThread - server_logic - [DEBUG] found replica for vector: 1
2025-11-18 17:23:11,624 - INFO - MainThread - server_logic - [DEBUG] found replica for vector: 2
2025-11-18 17:23:11,624 - INFO - MainThread - server_logic - [DEBUG] found replica for vector: 3
2025-11-18 17:23:11,624 - INFO - MainThread - server_logic - [DEBUG] found replica for vector: 4
2025-11-18 17:23:11,624 - INFO - MainThread - server_logic - [DEBUG] found replica for vector: 1
2025-11-18 17:23:11,624 - INFO - MainThread - server_logic - [DEBUG] found replica for vector: 2
2025-11-18 17:23:11,624 - INFO - MainThread - server_logic - [DEBUG] found replica for vector: 3
2025-11-18 17:23:11,624 - INFO - MainThread - server_logic - [DEBUG] found replica for vector: 4
2025-11-18 17:23:11,624 - INFO - MainThread - server_logic - [DEBUG] found replica for vector: 1
2025-11-18 17:23:11,624 - INFO - MainThread - server_logic - [DEBUG] found replica for vector: 2
2025-11-18 17:23:11,624 - INFO - MainThread - server_logic - [DEBUG] found replica for vector: 3
2025-11-18 17:23:11,624 - INFO - MainThread - server_logic - [DEBUG] found replica for vector: 4
2025-11-18 17:23:11,624 - INFO - MainThread - server_logic - [DEBUG] found replica for vector: 1
2025-11-18 17:23:11,624 - INFO - MainThread - server_logic - [DEBUG] found replica for vector: 2
2025-11-18 17:23:11,624 - INFO - MainThread - server_logic - [DEBUG] found replica for vector: 3
2025-11-18 17:23:11,624 - INFO - MainThread - server_logic - [DEBUG] found replica for vector: 4
2025-11-18 17:23:11,624 - INFO - MainThread - server_logic - [DEBUG] found replica for vector: 1
2025-11-18 17:23:11,624 - INFO - MainThread - server_logic - [DEBUG] found replica for vector: 2
2025-11-18 17:23:11,624 - INFO - MainThread - server_logic - [DEBUG] found replica for vector: 3
2025-11-18 17:23:11,624 - INFO - MainThread - server_logic - [DEBUG] found replica for vector: 4
2025-11-18 17:23:11,624 - INFO - MainThread - server_logic - [DEBUG] found replica for vector: 1
2025-11-18 17:23:11,624 - INFO - MainThread - server_logic - [DEBUG] found replica for vector: 2
2025-11-18 17:23:11,624 - INFO - MainThread - server_logic - [DEBUG] found replica for vector: 3
2025-11-18 17:23:11,624 - INFO - MainThread - server_logic - [DEBUG] to me replica for vector: 3
2025-11-18 17:23:11,624 - INFO - MainThread - server_logic - [DEBUG] found replica for vector: 1
2025-11-18 17:23:11,624 - INFO - MainThread - server_logic - [DEBUG] found replica for vector: 2
2025-11-18 17:23:11,624 - INFO - MainThread - server_logic - [DEBUG] found replica for vector: 3
2025-11-18 17:23:11,624 - INFO - MainThread - server_logic - [DEBUG] found replica for vector: 4
2025-11-18 17:23:11,625 - INFO - MainThread - server_logic - [DEBUG] found replica for vector: 1
2025-11-18 17:23:11,625 - INFO - MainThread - server_logic - [DEBUG] found replica for vector: 2
2025-11-18 17:23:11,625 - INFO - MainThread - server_logic - [DEBUG] found replica for vector: 3
2025-11-18 17:23:11,625 - INFO - MainThread - server_logic - [DEBUG] found replica for vector: 4
2025-11-18 17:23:11,625 - INFO - MainThread - server_logic - [DEBUG] found replica for vector: 1
2025-11-18 17:23:11,625 - INFO - MainThread - server_logic - [DEBUG] found replica for vector: 2
2025-11-18 17:23:11,625 - INFO - MainThread - server_logic - [DEBUG] found replica for vector: 3
2025-11-18 17:23:11,625 - INFO - MainThread - server_logic - [DEBUG] found replica for vector: 4
2025-11-18 17:23:11,625 - INFO - MainThread - server_logic - [DEBUG] found replica for vector: 1
2025-11-18 17:23:11,625 - INFO - MainThread - server_logic - [DEBUG] found replica for vector: 2
2025-11-18 17:23:11,625 - INFO - MainThread - server_logic - [DEBUG] found replica for vector: 3
2025-11-18 17:23:11,625 - INFO - MainThread - server_logic - [DEBUG] found replica for vector: 4
2025-11-18 17:23:11,625 - INFO - MainThread - server_logic - [DEBUG] found replica for vector: 1
2025-11-18 17:23:11,625 - INFO - MainThread - server_logic - [DEBUG] found replica for vector: 2
2025-11-18 17:23:11,625 - INFO - MainThread - server_logic - [DEBUG] found replica for vector: 3
2025-11-18 17:23:11,625 - INFO - MainThread - server_logic - [DEBUG] found replica for vector: 4
2025-11-18 17:23:11,625 - INFO - MainThread - server_logic - [DEBUG] found replica for vector: 1
2025-11-18 17:23:11,625 - INFO - MainThread - server_logic - [DEBUG] found replica for vector: 2
2025-11-18 17:23:11,625 - INFO - MainThread - server_logic - [DEBUG] found replica for vector: 3
2025-11-18 17:23:11,625 - INFO - MainThread - server_logic - [DEBUG] found replica for vector: 4
2025-11-18 17:23:11,625 - INFO - MainThread - server_logic - [DEBUG] found replica for vector: 1
2025-11-18 17:23:11,625 - INFO - MainThread - server_logic - [DEBUG] found replica for vector: 2
2025-11-18 17:23:11,625 - INFO - MainThread - server_logic - [DEBUG] found replica for vector: 3
2025-11-18 17:23:11,625 - INFO - MainThread - server_logic - [DEBUG] found replica for vector: 4
2025-11-18 17:23:11,625 - INFO - MainThread - server_logic - [DEBUG] found replica for vector: 1
2025-11-18 17:23:11,625 - INFO - MainThread - server_logic - [DEBUG] found replica for vector: 2
2025-11-18 17:23:11,625 - INFO - MainThread - server_logic - [DEBUG] found replica for vector: 3
2025-11-18 17:23:11,625 - INFO - MainThread - server_logic - [DEBUG] found replica for vector: 4
2025-11-18 17:23:11,625 - INFO - MainThread - server_logic - [DEBUG] found replica for vector: 1
2025-11-18 17:23:11,625 - INFO - MainThread - server_logic - [DEBUG] found replica for vector: 2
2025-11-18 17:23:11,625 - INFO - MainThread - server_logic - [DEBUG] found replica for vector: 3
2025-11-18 17:23:11,625 - INFO - MainThread - server_logic - [DEBUG] found replica for vector: 4
2025-11-18 17:23:11,625 - INFO - MainThread - server_logic - [DEBUG] found replica for vector: 1
2025-11-18 17:23:11,625 - INFO - MainThread - server_logic - [DEBUG] found replica for vector: 2
2025-11-18 17:23:11,625 - INFO - MainThread - server_logic - [DEBUG] found replica for vector: 3
2025-11-18 17:23:11,625 - INFO - MainThread - server_logic - [DEBUG] to me replica for vector: 3
2025-11-18 17:23:11,625 - INFO - MainThread - server_logic - [DEBUG] found replica for vector: 1
2025-11-18 17:23:11,625 - INFO - MainThread - server_logic - [DEBUG] found replica for vector: 2
2025-11-18 17:23:11,625 - INFO - MainThread - server_logic - [DEBUG] found replica for vector: 3
2025-11-18 17:23:11,625 - INFO - MainThread - server_logic - [DEBUG] found replica for vector: 4
2025-11-18 17:23:11,625 - INFO - MainThread - server_logic - [DEBUG] found replica for vector: 1
2025-11-18 17:23:11,625 - INFO - MainThread - server_logic - [DEBUG] found replica for vector: 2
2025-11-18 17:23:11,625 - INFO - MainThread - server_logic - [DEBUG] found replica for vector: 3
2025-11-18 17:23:11,625 - INFO - MainThread - server_logic - [DEBUG] to me replica for vector: 3
2025-11-18 17:23:11,625 - INFO - MainThread - server_logic - [DEBUG] found replica for vector: 1
2025-11-18 17:23:11,625 - INFO - MainThread - server_logic - [DEBUG] found replica for vector: 2
2025-11-18 17:23:11,625 - INFO - MainThread - server_logic - [DEBUG] found replica for vector: 3
2025-11-18 17:23:11,625 - INFO - MainThread - server_logic - [DEBUG] to me replica for vector: 3
2025-11-18 17:23:11,625 - INFO - MainThread - server_logic - [DEBUG] found replica for vector: 1
2025-11-18 17:23:11,625 - INFO - MainThread - server_logic - [DEBUG] found replica for vector: 2
2025-11-18 17:23:11,625 - INFO - MainThread - server_logic - [DEBUG] found replica for vector: 3
2025-11-18 17:23:11,625 - INFO - MainThread - server_logic - [DEBUG] to me replica for vector: 3
2025-11-18 17:23:11,625 - INFO - MainThread - server_logic - [DEBUG] found replica for vector: 1
2025-11-18 17:23:11,625 - INFO - MainThread - server_logic - [DEBUG] found replica for vector: 2
2025-11-18 17:23:11,625 - INFO - MainThread - server_logic - [DEBUG] found replica for vector: 3
2025-11-18 17:23:11,625 - INFO - MainThread - server_logic - [DEBUG] found replica for vector: 4
2025-11-18 17:23:11,625 - INFO - MainThread - server_logic - [DEBUG] found replica for vector: 1
2025-11-18 17:23:11,625 - INFO - MainThread - server_logic - [DEBUG] found replica for vector: 2
2025-11-18 17:23:11,625 - INFO - MainThread - server_logic - [DEBUG] found replica for vector: 3
2025-11-18 17:23:11,626 - INFO - MainThread - server_logic - [DEBUG] to me replica for vector: 3
2025-11-18 17:23:11,626 - INFO - MainThread - server_logic - [DEBUG] found replica for vector: 1
2025-11-18 17:23:11,626 - INFO - MainThread - server_logic - [DEBUG] found replica for vector: 2
2025-11-18 17:23:11,626 - INFO - MainThread - server_logic - [DEBUG] found replica for vector: 3
2025-11-18 17:23:11,626 - INFO - MainThread - server_logic - [DEBUG] to me replica for vector: 3
2025-11-18 17:23:11,626 - INFO - MainThread - server_logic - [DEBUG] found replica for vector: 1
2025-11-18 17:23:11,626 - INFO - MainThread - server_logic - [DEBUG] found replica for vector: 2
2025-11-18 17:23:11,626 - INFO - MainThread - server_logic - [DEBUG] found replica for vector: 3
2025-11-18 17:23:11,626 - INFO - MainThread - server_logic - [DEBUG] found replica for vector: 4
2025-11-18 17:23:11,626 - INFO - MainThread - server_logic - [DEBUG] found replica for vector: 1
2025-11-18 17:23:11,626 - INFO - MainThread - server_logic - [DEBUG] found replica for vector: 2
2025-11-18 17:23:11,626 - INFO - MainThread - server_logic - [DEBUG] found replica for vector: 3
2025-11-18 17:23:11,626 - INFO - MainThread - server_logic - [DEBUG] found replica for vector: 4
2025-11-18 17:23:11,626 - INFO - MainThread - server_logic - [DEBUG] found replica for vector: 1
2025-11-18 17:23:11,626 - INFO - MainThread - server_logic - [DEBUG] found replica for vector: 2
2025-11-18 17:23:11,626 - INFO - MainThread - server_logic - [DEBUG] found replica for vector: 3
2025-11-18 17:23:11,626 - INFO - MainThread - server_logic - [DEBUG] found replica for vector: 4
2025-11-18 17:23:11,626 - INFO - MainThread - server_logic - [DEBUG] found replica for vector: 1
2025-11-18 17:23:11,626 - INFO - MainThread - server_logic - [DEBUG] found replica for vector: 2
2025-11-18 17:23:11,626 - INFO - MainThread - server_logic - [DEBUG] found replica for vector: 3
2025-11-18 17:23:11,626 - INFO - MainThread - server_logic - [DEBUG] to me replica for vector: 3
2025-11-18 17:23:11,626 - INFO - MainThread - server_logic - [DEBUG] found replica for vector: 1
2025-11-18 17:23:11,626 - INFO - MainThread - server_logic - [DEBUG] found replica for vector: 2
2025-11-18 17:23:11,626 - INFO - MainThread - server_logic - [DEBUG] found replica for vector: 3
2025-11-18 17:23:11,626 - INFO - MainThread - server_logic - [DEBUG] to me replica for vector: 3
2025-11-18 17:23:11,626 - INFO - MainThread - server_logic - [DEBUG] found replica for vector: 1
2025-11-18 17:23:11,626 - INFO - MainThread - server_logic - [DEBUG] found replica for vector: 2
2025-11-18 17:23:11,626 - INFO - MainThread - server_logic - [DEBUG] found replica for vector: 3
2025-11-18 17:23:11,626 - INFO - MainThread - server_logic - [DEBUG] found replica for vector: 4
2025-11-18 17:23:11,626 - INFO - MainThread - server_logic - [DEBUG] found replica for vector: 1
2025-11-18 17:23:11,626 - INFO - MainThread - server_logic - [DEBUG] found replica for vector: 2
2025-11-18 17:23:11,626 - INFO - MainThread - server_logic - [DEBUG] found replica for vector: 3
2025-11-18 17:23:11,626 - INFO - MainThread - server_logic - [DEBUG] found replica for vector: 4
2025-11-18 17:23:11,626 - INFO - MainThread - server_logic - [DEBUG] found replica for vector: 1
2025-11-18 17:23:11,626 - INFO - MainThread - server_logic - [DEBUG] found replica for vector: 2
2025-11-18 17:23:11,626 - INFO - MainThread - server_logic - [DEBUG] found replica for vector: 3
2025-11-18 17:23:11,626 - INFO - MainThread - server_logic - [DEBUG] found replica for vector: 4
2025-11-18 17:23:11,626 - INFO - MainThread - server_logic - [DEBUG] found replica for vector: 1
2025-11-18 17:23:11,626 - INFO - MainThread - server_logic - [DEBUG] found replica for vector: 2
2025-11-18 17:23:11,626 - INFO - MainThread - server_logic - [DEBUG] found replica for vector: 3
2025-11-18 17:23:11,626 - INFO - MainThread - server_logic - [DEBUG] found replica for vector: 4
2025-11-18 17:23:11,626 - INFO - MainThread - server_logic - [DEBUG] found replica for vector: 1
2025-11-18 17:23:11,626 - INFO - MainThread - server_logic - [DEBUG] found replica for vector: 2
2025-11-18 17:23:11,626 - INFO - MainThread - server_logic - [DEBUG] found replica for vector: 3
2025-11-18 17:23:11,626 - INFO - MainThread - server_logic - [DEBUG] to me replica for vector: 3
2025-11-18 17:23:11,626 - INFO - MainThread - server_logic - [DEBUG] found replica for vector: 1
2025-11-18 17:23:11,626 - INFO - MainThread - server_logic - [DEBUG] found replica for vector: 2
2025-11-18 17:23:11,626 - INFO - MainThread - server_logic - [DEBUG] found replica for vector: 3
2025-11-18 17:23:11,626 - INFO - MainThread - server_logic - [DEBUG] found replica for vector: 4
2025-11-18 17:23:11,626 - INFO - MainThread - server_logic - [DEBUG] found replica for vector: 1
2025-11-18 17:23:11,626 - INFO - MainThread - server_logic - [DEBUG] found replica for vector: 2
2025-11-18 17:23:11,626 - INFO - MainThread - server_logic - [DEBUG] found replica for vector: 3
2025-11-18 17:23:11,626 - INFO - MainThread - server_logic - [DEBUG] found replica for vector: 4
2025-11-18 17:23:11,626 - INFO - MainThread - server_logic - [DEBUG] found replica for vector: 1
2025-11-18 17:23:11,626 - INFO - MainThread - server_logic - [DEBUG] found replica for vector: 2
2025-11-18 17:23:11,626 - INFO - MainThread - server_logic - [DEBUG] found replica for vector: 3
2025-11-18 17:23:11,626 - INFO - MainThread - server_logic - [DEBUG] found replica for vector: 4
2025-11-18 17:23:11,627 - INFO - MainThread - server_logic - [DEBUG] found replica for vector: 1
2025-11-18 17:23:11,627 - INFO - MainThread - server_logic - [DEBUG] found replica for vector: 2
2025-11-18 17:23:11,627 - INFO - MainThread - server_logic - [DEBUG] found replica for vector: 3
2025-11-18 17:23:11,627 - INFO - MainThread - server_logic - [DEBUG] found replica for vector: 4
2025-11-18 17:23:11,627 - INFO - MainThread - server_logic - [DEBUG] found replica for vector: 1
2025-11-18 17:23:11,627 - INFO - MainThread - server_logic - [DEBUG] found replica for vector: 2
2025-11-18 17:23:11,627 - INFO - MainThread - server_logic - [DEBUG] found replica for vector: 3
2025-11-18 17:23:11,627 - INFO - MainThread - server_logic - [DEBUG] to me replica for vector: 3
2025-11-18 17:23:11,627 - INFO - MainThread - server_logic - [Router] Distribution: Peer node1: 71, Peer node2: 64, Peer node3: 64, Peer node4: 64, Peer node5: 64, Peer node6: 44, Peer node7: 44, Peer node8: 44, Peer node9: 44, Peer node10: 77, Peer node11: 77, Peer node12: 77, Peer node13: 77, Peer node14: 71, Peer node16: 71, Me (node15): 71
2025-11-18 17:23:11,627 - INFO - MainThread - server_logic - --> [Peer Send] Sending 71 vectors to Peer node1 (localhost:9001) | Status: clustered
2025-11-18 17:23:11,698 - INFO - MainThread - server_logic - --> [Peer Send] Success: Sent vectors to node1
2025-11-18 17:23:11,699 - INFO - MainThread - server_logic - --> [Peer Send] Sending 64 vectors to Peer node2 (localhost:9002) | Status: clustered
2025-11-18 17:23:11,769 - INFO - MainThread - server_logic - --> [Peer Send] Success: Sent vectors to node2
2025-11-18 17:23:11,769 - INFO - MainThread - server_logic - --> [Peer Send] Sending 64 vectors to Peer node3 (localhost:9003) | Status: clustered
2025-11-18 17:23:11,843 - INFO - MainThread - server_logic - --> [Peer Send] Success: Sent vectors to node3
2025-11-18 17:23:11,843 - INFO - MainThread - server_logic - --> [Peer Send] Sending 64 vectors to Peer node4 (localhost:9004) | Status: clustered
2025-11-18 17:23:11,916 - INFO - MainThread - server_logic - --> [Peer Send] Success: Sent vectors to node4
2025-11-18 17:23:11,916 - INFO - MainThread - server_logic - --> [Peer Send] Sending 64 vectors to Peer node5 (localhost:9005) | Status: clustered
2025-11-18 17:23:11,987 - INFO - MainThread - server_logic - --> [Peer Send] Success: Sent vectors to node5
2025-11-18 17:23:11,987 - INFO - MainThread - server_logic - --> [Peer Send] Sending 44 vectors to Peer node6 (localhost:9006) | Status: clustered
2025-11-18 17:23:12,054 - INFO - MainThread - server_logic - --> [Peer Send] Success: Sent vectors to node6
2025-11-18 17:23:12,054 - INFO - MainThread - server_logic - --> [Peer Send] Sending 44 vectors to Peer node7 (localhost:9007) | Status: clustered
2025-11-18 17:23:12,120 - INFO - MainThread - server_logic - --> [Peer Send] Success: Sent vectors to node7
2025-11-18 17:23:12,120 - INFO - MainThread - server_logic - --> [Peer Send] Sending 44 vectors to Peer node8 (localhost:9008) | Status: clustered
2025-11-18 17:23:12,187 - INFO - MainThread - server_logic - --> [Peer Send] Success: Sent vectors to node8
2025-11-18 17:23:12,188 - INFO - MainThread - server_logic - --> [Peer Send] Sending 44 vectors to Peer node9 (localhost:9009) | Status: clustered
2025-11-18 17:23:12,250 - INFO - MainThread - server_logic - --> [Peer Send] Success: Sent vectors to node9
2025-11-18 17:23:12,251 - INFO - MainThread - server_logic - --> [Peer Send] Sending 77 vectors to Peer node10 (localhost:9010) | Status: clustered
2025-11-18 17:23:12,322 - INFO - MainThread - server_logic - --> [Peer Send] Success: Sent vectors to node10
2025-11-18 17:23:12,322 - INFO - MainThread - server_logic - --> [Peer Send] Sending 77 vectors to Peer node11 (localhost:9011) | Status: clustered
2025-11-18 17:23:12,391 - INFO - MainThread - server_logic - --> [Peer Send] Success: Sent vectors to node11
2025-11-18 17:23:12,391 - INFO - MainThread - server_logic - --> [Peer Send] Sending 77 vectors to Peer node12 (localhost:9012) | Status: clustered
2025-11-18 17:23:12,462 - INFO - MainThread - server_logic - --> [Peer Send] Success: Sent vectors to node12
2025-11-18 17:23:12,462 - INFO - MainThread - server_logic - --> [Peer Send] Sending 77 vectors to Peer node13 (localhost:9013) | Status: clustered
2025-11-18 17:23:12,548 - INFO - MainThread - server_logic - --> [Peer Send] Success: Sent vectors to node13
2025-11-18 17:23:12,548 - INFO - MainThread - server_logic - --> [Peer Send] Sending 71 vectors to Peer node14 (localhost:9014) | Status: clustered
2025-11-18 17:23:12,616 - INFO - MainThread - server_logic - --> [Peer Send] Success: Sent vectors to node14
2025-11-18 17:23:12,616 - INFO - MainThread - server_logic - --> [Peer Send] Sending 71 vectors to Peer node16 (localhost:9016) | Status: clustered
2025-11-18 17:23:12,685 - INFO - MainThread - server_logic - --> [Peer Send] Success: Sent vectors to node16
2025-11-18 17:23:12,685 - INFO - MainThread - server_logic - [Add Vectors] Processing 71 vectors. Sender Status: clustered. Current Node Status: clustered
2025-11-18 17:23:12,685 - INFO - MainThread - server_logic - [Add Vectors] Direct Insert: Storing 71 vectors in local Qdrant (Sender is clustered).
2025-11-18 17:23:12,738 - INFO - MainThread - httpx - HTTP Request: GET http://localhost:6361 "HTTP/1.1 200 OK"
2025-11-18 17:23:12,738 - INFO - MainThread - qdrant_module - [Qdrant] Attempting to insert 71 vectors into vectors on http://localhost:6361...
2025-11-18 17:23:12,751 - INFO - MainThread - qdrant_module - [Qdrant] Success: Inserted 71 vectors.
2025-11-18 17:23:12,752 - INFO - MainThread - __main__ - API: /add completed
2025-11-18 17:23:12,753 - INFO - MainThread - uvicorn.access - 127.0.0.1:51282 - "POST /add HTTP/1.1" 200
2025-11-18 17:23:13,830 - INFO - ThreadPoolExecutor-0_1 - grpc_handler - [GRPC IN] ReceiveVectors called. ReqID: 80, Type: clustered, Count: 68
2025-11-18 17:23:13,831 - INFO - ThreadPoolExecutor-0_1 - server_logic - [Add Vectors] Processing 68 vectors. Sender Status: clustered. Current Node Status: clustered
2025-11-18 17:23:13,831 - INFO - ThreadPoolExecutor-0_1 - server_logic - [Add Vectors] Direct Insert: Storing 68 vectors in local Qdrant (Sender is clustered).
2025-11-18 17:23:13,883 - INFO - ThreadPoolExecutor-0_1 - httpx - HTTP Request: GET http://localhost:6361 "HTTP/1.1 200 OK"
2025-11-18 17:23:13,884 - INFO - ThreadPoolExecutor-0_1 - qdrant_module - [Qdrant] Attempting to insert 68 vectors into vectors on http://localhost:6361...
2025-11-18 17:23:13,898 - INFO - ThreadPoolExecutor-0_1 - qdrant_module - [Qdrant] Success: Inserted 68 vectors.
2025-11-18 17:23:13,899 - INFO - ThreadPoolExecutor-0_1 - grpc_handler - [GRPC IN] ReceiveVectors processed successfully.
2025-11-18 17:23:14,995 - INFO - ThreadPoolExecutor-0_0 - grpc_handler - [GRPC IN] ReceiveVectors called. ReqID: 81, Type: clustered, Count: 69
2025-11-18 17:23:14,997 - INFO - ThreadPoolExecutor-0_0 - server_logic - [Add Vectors] Processing 69 vectors. Sender Status: clustered. Current Node Status: clustered
2025-11-18 17:23:14,997 - INFO - ThreadPoolExecutor-0_0 - server_logic - [Add Vectors] Direct Insert: Storing 69 vectors in local Qdrant (Sender is clustered).
2025-11-18 17:23:15,048 - INFO - ThreadPoolExecutor-0_0 - httpx - HTTP Request: GET http://localhost:6361 "HTTP/1.1 200 OK"
2025-11-18 17:23:15,049 - INFO - ThreadPoolExecutor-0_0 - qdrant_module - [Qdrant] Attempting to insert 69 vectors into vectors on http://localhost:6361...
2025-11-18 17:23:15,061 - INFO - ThreadPoolExecutor-0_0 - qdrant_module - [Qdrant] Success: Inserted 69 vectors.
2025-11-18 17:23:15,062 - INFO - ThreadPoolExecutor-0_0 - grpc_handler - [GRPC IN] ReceiveVectors processed successfully.
2025-11-18 17:23:16,202 - INFO - ThreadPoolExecutor-0_1 - grpc_handler - [GRPC IN] ReceiveVectors called. ReqID: 82, Type: clustered, Count: 76
2025-11-18 17:23:16,203 - INFO - ThreadPoolExecutor-0_1 - server_logic - [Add Vectors] Processing 76 vectors. Sender Status: clustered. Current Node Status: clustered
2025-11-18 17:23:16,203 - INFO - ThreadPoolExecutor-0_1 - server_logic - [Add Vectors] Direct Insert: Storing 76 vectors in local Qdrant (Sender is clustered).
2025-11-18 17:23:16,254 - INFO - ThreadPoolExecutor-0_1 - httpx - HTTP Request: GET http://localhost:6361 "HTTP/1.1 200 OK"
2025-11-18 17:23:16,255 - INFO - ThreadPoolExecutor-0_1 - qdrant_module - [Qdrant] Attempting to insert 76 vectors into vectors on http://localhost:6361...
2025-11-18 17:23:16,268 - INFO - ThreadPoolExecutor-0_1 - qdrant_module - [Qdrant] Success: Inserted 76 vectors.
2025-11-18 17:23:16,269 - INFO - ThreadPoolExecutor-0_1 - grpc_handler - [GRPC IN] ReceiveVectors processed successfully.
2025-11-18 17:23:17,409 - INFO - ThreadPoolExecutor-0_0 - grpc_handler - [GRPC IN] ReceiveVectors called. ReqID: 83, Type: clustered, Count: 81
2025-11-18 17:23:17,410 - INFO - ThreadPoolExecutor-0_0 - server_logic - [Add Vectors] Processing 81 vectors. Sender Status: clustered. Current Node Status: clustered
2025-11-18 17:23:17,410 - INFO - ThreadPoolExecutor-0_0 - server_logic - [Add Vectors] Direct Insert: Storing 81 vectors in local Qdrant (Sender is clustered).
2025-11-18 17:23:17,462 - INFO - ThreadPoolExecutor-0_0 - httpx - HTTP Request: GET http://localhost:6361 "HTTP/1.1 200 OK"
2025-11-18 17:23:17,462 - INFO - ThreadPoolExecutor-0_0 - qdrant_module - [Qdrant] Attempting to insert 81 vectors into vectors on http://localhost:6361...
2025-11-18 17:23:17,477 - INFO - ThreadPoolExecutor-0_0 - qdrant_module - [Qdrant] Success: Inserted 81 vectors.
2025-11-18 17:23:17,478 - INFO - ThreadPoolExecutor-0_0 - grpc_handler - [GRPC IN] ReceiveVectors processed successfully.
2025-11-18 17:23:18,646 - INFO - ThreadPoolExecutor-0_1 - grpc_handler - [GRPC IN] ReceiveVectors called. ReqID: 84, Type: clustered, Count: 75
2025-11-18 17:23:18,647 - INFO - ThreadPoolExecutor-0_1 - server_logic - [Add Vectors] Processing 75 vectors. Sender Status: clustered. Current Node Status: clustered
2025-11-18 17:23:18,647 - INFO - ThreadPoolExecutor-0_1 - server_logic - [Add Vectors] Direct Insert: Storing 75 vectors in local Qdrant (Sender is clustered).
2025-11-18 17:23:18,700 - INFO - ThreadPoolExecutor-0_1 - httpx - HTTP Request: GET http://localhost:6361 "HTTP/1.1 200 OK"
2025-11-18 17:23:18,700 - INFO - ThreadPoolExecutor-0_1 - qdrant_module - [Qdrant] Attempting to insert 75 vectors into vectors on http://localhost:6361...
2025-11-18 17:23:18,714 - INFO - ThreadPoolExecutor-0_1 - qdrant_module - [Qdrant] Success: Inserted 75 vectors.
2025-11-18 17:23:18,715 - INFO - ThreadPoolExecutor-0_1 - grpc_handler - [GRPC IN] ReceiveVectors processed successfully.
2025-11-18 17:23:19,851 - INFO - ThreadPoolExecutor-0_0 - grpc_handler - [GRPC IN] ReceiveVectors called. ReqID: 85, Type: clustered, Count: 82
2025-11-18 17:23:19,852 - INFO - ThreadPoolExecutor-0_0 - server_logic - [Add Vectors] Processing 82 vectors. Sender Status: clustered. Current Node Status: clustered
2025-11-18 17:23:19,852 - INFO - ThreadPoolExecutor-0_0 - server_logic - [Add Vectors] Direct Insert: Storing 82 vectors in local Qdrant (Sender is clustered).
2025-11-18 17:23:19,905 - INFO - ThreadPoolExecutor-0_0 - httpx - HTTP Request: GET http://localhost:6361 "HTTP/1.1 200 OK"
2025-11-18 17:23:19,905 - INFO - ThreadPoolExecutor-0_0 - qdrant_module - [Qdrant] Attempting to insert 82 vectors into vectors on http://localhost:6361...
2025-11-18 17:23:19,919 - INFO - ThreadPoolExecutor-0_0 - qdrant_module - [Qdrant] Success: Inserted 82 vectors.
2025-11-18 17:23:19,921 - INFO - ThreadPoolExecutor-0_0 - grpc_handler - [GRPC IN] ReceiveVectors processed successfully.
2025-11-18 17:23:21,060 - INFO - ThreadPoolExecutor-0_1 - grpc_handler - [GRPC IN] ReceiveVectors called. ReqID: 86, Type: clustered, Count: 76
2025-11-18 17:23:21,061 - INFO - ThreadPoolExecutor-0_1 - server_logic - [Add Vectors] Processing 76 vectors. Sender Status: clustered. Current Node Status: clustered
2025-11-18 17:23:21,061 - INFO - ThreadPoolExecutor-0_1 - server_logic - [Add Vectors] Direct Insert: Storing 76 vectors in local Qdrant (Sender is clustered).
2025-11-18 17:23:21,113 - INFO - ThreadPoolExecutor-0_1 - httpx - HTTP Request: GET http://localhost:6361 "HTTP/1.1 200 OK"
2025-11-18 17:23:21,114 - INFO - ThreadPoolExecutor-0_1 - qdrant_module - [Qdrant] Attempting to insert 76 vectors into vectors on http://localhost:6361...
2025-11-18 17:23:21,128 - INFO - ThreadPoolExecutor-0_1 - qdrant_module - [Qdrant] Success: Inserted 76 vectors.
2025-11-18 17:23:21,129 - INFO - ThreadPoolExecutor-0_1 - grpc_handler - [GRPC IN] ReceiveVectors processed successfully.
2025-11-18 17:23:22,277 - INFO - ThreadPoolExecutor-0_0 - grpc_handler - [GRPC IN] ReceiveVectors called. ReqID: 87, Type: clustered, Count: 62
2025-11-18 17:23:22,278 - INFO - ThreadPoolExecutor-0_0 - server_logic - [Add Vectors] Processing 62 vectors. Sender Status: clustered. Current Node Status: clustered
2025-11-18 17:23:22,278 - INFO - ThreadPoolExecutor-0_0 - server_logic - [Add Vectors] Direct Insert: Storing 62 vectors in local Qdrant (Sender is clustered).
2025-11-18 17:23:22,330 - INFO - ThreadPoolExecutor-0_0 - httpx - HTTP Request: GET http://localhost:6361 "HTTP/1.1 200 OK"
2025-11-18 17:23:22,330 - INFO - ThreadPoolExecutor-0_0 - qdrant_module - [Qdrant] Attempting to insert 62 vectors into vectors on http://localhost:6361...
2025-11-18 17:23:22,341 - INFO - ThreadPoolExecutor-0_0 - qdrant_module - [Qdrant] Success: Inserted 62 vectors.
2025-11-18 17:23:22,342 - INFO - ThreadPoolExecutor-0_0 - grpc_handler - [GRPC IN] ReceiveVectors processed successfully.
2025-11-18 17:23:23,468 - INFO - ThreadPoolExecutor-0_1 - grpc_handler - [GRPC IN] ReceiveVectors called. ReqID: 88, Type: clustered, Count: 71
2025-11-18 17:23:23,469 - INFO - ThreadPoolExecutor-0_1 - server_logic - [Add Vectors] Processing 71 vectors. Sender Status: clustered. Current Node Status: clustered
2025-11-18 17:23:23,469 - INFO - ThreadPoolExecutor-0_1 - server_logic - [Add Vectors] Direct Insert: Storing 71 vectors in local Qdrant (Sender is clustered).
2025-11-18 17:23:23,521 - INFO - ThreadPoolExecutor-0_1 - httpx - HTTP Request: GET http://localhost:6361 "HTTP/1.1 200 OK"
2025-11-18 17:23:23,521 - INFO - ThreadPoolExecutor-0_1 - qdrant_module - [Qdrant] Attempting to insert 71 vectors into vectors on http://localhost:6361...
2025-11-18 17:23:23,550 - INFO - ThreadPoolExecutor-0_1 - qdrant_module - [Qdrant] Success: Inserted 71 vectors.
2025-11-18 17:23:23,551 - INFO - ThreadPoolExecutor-0_1 - grpc_handler - [GRPC IN] ReceiveVectors processed successfully.
2025-11-18 17:23:24,690 - INFO - ThreadPoolExecutor-0_0 - grpc_handler - [GRPC IN] ReceiveVectors called. ReqID: 89, Type: clustered, Count: 50
2025-11-18 17:23:24,691 - INFO - ThreadPoolExecutor-0_0 - server_logic - [Add Vectors] Processing 50 vectors. Sender Status: clustered. Current Node Status: clustered
2025-11-18 17:23:24,691 - INFO - ThreadPoolExecutor-0_0 - server_logic - [Add Vectors] Direct Insert: Storing 50 vectors in local Qdrant (Sender is clustered).
2025-11-18 17:23:24,743 - INFO - ThreadPoolExecutor-0_0 - httpx - HTTP Request: GET http://localhost:6361 "HTTP/1.1 200 OK"
2025-11-18 17:23:24,743 - INFO - ThreadPoolExecutor-0_0 - qdrant_module - [Qdrant] Attempting to insert 50 vectors into vectors on http://localhost:6361...
2025-11-18 17:23:24,754 - INFO - ThreadPoolExecutor-0_0 - qdrant_module - [Qdrant] Success: Inserted 50 vectors.
2025-11-18 17:23:24,755 - INFO - ThreadPoolExecutor-0_0 - grpc_handler - [GRPC IN] ReceiveVectors processed successfully.
2025-11-18 17:23:25,897 - INFO - ThreadPoolExecutor-0_1 - grpc_handler - [GRPC IN] ReceiveVectors called. ReqID: 90, Type: clustered, Count: 64
2025-11-18 17:23:25,898 - INFO - ThreadPoolExecutor-0_1 - server_logic - [Add Vectors] Processing 64 vectors. Sender Status: clustered. Current Node Status: clustered
2025-11-18 17:23:25,898 - INFO - ThreadPoolExecutor-0_1 - server_logic - [Add Vectors] Direct Insert: Storing 64 vectors in local Qdrant (Sender is clustered).
2025-11-18 17:23:25,951 - INFO - ThreadPoolExecutor-0_1 - httpx - HTTP Request: GET http://localhost:6361 "HTTP/1.1 200 OK"
2025-11-18 17:23:25,951 - INFO - ThreadPoolExecutor-0_1 - qdrant_module - [Qdrant] Attempting to insert 64 vectors into vectors on http://localhost:6361...
2025-11-18 17:23:25,964 - INFO - ThreadPoolExecutor-0_1 - qdrant_module - [Qdrant] Success: Inserted 64 vectors.
2025-11-18 17:23:25,965 - INFO - ThreadPoolExecutor-0_1 - grpc_handler - [GRPC IN] ReceiveVectors processed successfully.
2025-11-18 17:23:27,105 - INFO - ThreadPoolExecutor-0_0 - grpc_handler - [GRPC IN] ReceiveVectors called. ReqID: 91, Type: clustered, Count: 72
2025-11-18 17:23:27,106 - INFO - ThreadPoolExecutor-0_0 - server_logic - [Add Vectors] Processing 72 vectors. Sender Status: clustered. Current Node Status: clustered
2025-11-18 17:23:27,106 - INFO - ThreadPoolExecutor-0_0 - server_logic - [Add Vectors] Direct Insert: Storing 72 vectors in local Qdrant (Sender is clustered).
2025-11-18 17:23:27,158 - INFO - ThreadPoolExecutor-0_0 - httpx - HTTP Request: GET http://localhost:6361 "HTTP/1.1 200 OK"
2025-11-18 17:23:27,158 - INFO - ThreadPoolExecutor-0_0 - qdrant_module - [Qdrant] Attempting to insert 72 vectors into vectors on http://localhost:6361...
2025-11-18 17:23:27,172 - INFO - ThreadPoolExecutor-0_0 - qdrant_module - [Qdrant] Success: Inserted 72 vectors.
2025-11-18 17:23:27,174 - INFO - ThreadPoolExecutor-0_0 - grpc_handler - [GRPC IN] ReceiveVectors processed successfully.
2025-11-18 17:23:28,379 - INFO - ThreadPoolExecutor-0_1 - grpc_handler - [GRPC IN] ReceiveVectors called. ReqID: 92, Type: clustered, Count: 58
2025-11-18 17:23:28,380 - INFO - ThreadPoolExecutor-0_1 - server_logic - [Add Vectors] Processing 58 vectors. Sender Status: clustered. Current Node Status: clustered
2025-11-18 17:23:28,380 - INFO - ThreadPoolExecutor-0_1 - server_logic - [Add Vectors] Direct Insert: Storing 58 vectors in local Qdrant (Sender is clustered).
2025-11-18 17:23:28,431 - INFO - ThreadPoolExecutor-0_1 - httpx - HTTP Request: GET http://localhost:6361 "HTTP/1.1 200 OK"
2025-11-18 17:23:28,431 - INFO - ThreadPoolExecutor-0_1 - qdrant_module - [Qdrant] Attempting to insert 58 vectors into vectors on http://localhost:6361...
2025-11-18 17:23:28,443 - INFO - ThreadPoolExecutor-0_1 - qdrant_module - [Qdrant] Success: Inserted 58 vectors.
2025-11-18 17:23:28,444 - INFO - ThreadPoolExecutor-0_1 - grpc_handler - [GRPC IN] ReceiveVectors processed successfully.
2025-11-18 17:23:29,576 - INFO - ThreadPoolExecutor-0_0 - grpc_handler - [GRPC IN] ReceiveVectors called. ReqID: 93, Type: clustered, Count: 76
2025-11-18 17:23:29,577 - INFO - ThreadPoolExecutor-0_0 - server_logic - [Add Vectors] Processing 76 vectors. Sender Status: clustered. Current Node Status: clustered
2025-11-18 17:23:29,577 - INFO - ThreadPoolExecutor-0_0 - server_logic - [Add Vectors] Direct Insert: Storing 76 vectors in local Qdrant (Sender is clustered).
2025-11-18 17:23:29,629 - INFO - ThreadPoolExecutor-0_0 - httpx - HTTP Request: GET http://localhost:6361 "HTTP/1.1 200 OK"
2025-11-18 17:23:29,629 - INFO - ThreadPoolExecutor-0_0 - qdrant_module - [Qdrant] Attempting to insert 76 vectors into vectors on http://localhost:6361...
2025-11-18 17:23:29,644 - INFO - ThreadPoolExecutor-0_0 - qdrant_module - [Qdrant] Success: Inserted 76 vectors.
2025-11-18 17:23:29,645 - INFO - ThreadPoolExecutor-0_0 - grpc_handler - [GRPC IN] ReceiveVectors processed successfully.
2025-11-18 17:23:30,799 - INFO - ThreadPoolExecutor-0_1 - grpc_handler - [GRPC IN] ReceiveVectors called. ReqID: 94, Type: clustered, Count: 55
2025-11-18 17:23:30,800 - INFO - ThreadPoolExecutor-0_1 - server_logic - [Add Vectors] Processing 55 vectors. Sender Status: clustered. Current Node Status: clustered
2025-11-18 17:23:30,800 - INFO - ThreadPoolExecutor-0_1 - server_logic - [Add Vectors] Direct Insert: Storing 55 vectors in local Qdrant (Sender is clustered).
2025-11-18 17:23:30,852 - INFO - ThreadPoolExecutor-0_1 - httpx - HTTP Request: GET http://localhost:6361 "HTTP/1.1 200 OK"
2025-11-18 17:23:30,852 - INFO - ThreadPoolExecutor-0_1 - qdrant_module - [Qdrant] Attempting to insert 55 vectors into vectors on http://localhost:6361...
2025-11-18 17:23:30,862 - INFO - ThreadPoolExecutor-0_1 - qdrant_module - [Qdrant] Success: Inserted 55 vectors.
2025-11-18 17:23:30,863 - INFO - ThreadPoolExecutor-0_1 - grpc_handler - [GRPC IN] ReceiveVectors processed successfully.
2025-11-18 17:23:31,076 - INFO - MainThread - __main__ - API: /add called. ReqID: 95, Vectors: 256
2025-11-18 17:23:31,076 - INFO - MainThread - server_logic - [Client Request] Client wants to add 256 vectors. My Status: clustered
2025-11-18 17:23:31,076 - INFO - MainThread - server_logic - [Client Request] System Clustered. Routing vectors to appropriate peers.
2025-11-18 17:23:31,076 - INFO - MainThread - server_logic - [Router] Routing 256 vectors among 16 nodes (Replicas: 4).
2025-11-18 17:23:31,076 - INFO - MainThread - server_logic - [DEBUG] found replica for vector: 1
2025-11-18 17:23:31,077 - INFO - MainThread - server_logic - [DEBUG] found replica for vector: 2
2025-11-18 17:23:31,077 - INFO - MainThread - server_logic - [DEBUG] found replica for vector: 3
2025-11-18 17:23:31,077 - INFO - MainThread - server_logic - [DEBUG] found replica for vector: 4
2025-11-18 17:23:31,077 - INFO - MainThread - server_logic - [DEBUG] found replica for vector: 1
2025-11-18 17:23:31,077 - INFO - MainThread - server_logic - [DEBUG] found replica for vector: 2
2025-11-18 17:23:31,077 - INFO - MainThread - server_logic - [DEBUG] found replica for vector: 3
2025-11-18 17:23:31,077 - INFO - MainThread - server_logic - [DEBUG] found replica for vector: 4
2025-11-18 17:23:31,077 - INFO - MainThread - server_logic - [DEBUG] found replica for vector: 1
2025-11-18 17:23:31,077 - INFO - MainThread - server_logic - [DEBUG] found replica for vector: 2
2025-11-18 17:23:31,077 - INFO - MainThread - server_logic - [DEBUG] found replica for vector: 3
2025-11-18 17:23:31,077 - INFO - MainThread - server_logic - [DEBUG] found replica for vector: 4
2025-11-18 17:23:31,077 - INFO - MainThread - server_logic - [DEBUG] found replica for vector: 1
2025-11-18 17:23:31,077 - INFO - MainThread - server_logic - [DEBUG] found replica for vector: 2
2025-11-18 17:23:31,077 - INFO - MainThread - server_logic - [DEBUG] found replica for vector: 3
2025-11-18 17:23:31,077 - INFO - MainThread - server_logic - [DEBUG] to me replica for vector: 3
2025-11-18 17:23:31,077 - INFO - MainThread - server_logic - [DEBUG] found replica for vector: 1
2025-11-18 17:23:31,077 - INFO - MainThread - server_logic - [DEBUG] found replica for vector: 2
2025-11-18 17:23:31,077 - INFO - MainThread - server_logic - [DEBUG] found replica for vector: 3
2025-11-18 17:23:31,077 - INFO - MainThread - server_logic - [DEBUG] found replica for vector: 4
2025-11-18 17:23:31,077 - INFO - MainThread - server_logic - [DEBUG] found replica for vector: 1
2025-11-18 17:23:31,077 - INFO - MainThread - server_logic - [DEBUG] found replica for vector: 2
2025-11-18 17:23:31,077 - INFO - MainThread - server_logic - [DEBUG] found replica for vector: 3
2025-11-18 17:23:31,077 - INFO - MainThread - server_logic - [DEBUG] found replica for vector: 4
2025-11-18 17:23:31,077 - INFO - MainThread - server_logic - [DEBUG] found replica for vector: 1
2025-11-18 17:23:31,077 - INFO - MainThread - server_logic - [DEBUG] found replica for vector: 2
2025-11-18 17:23:31,077 - INFO - MainThread - server_logic - [DEBUG] found replica for vector: 3
2025-11-18 17:23:31,077 - INFO - MainThread - server_logic - [DEBUG] found replica for vector: 4
2025-11-18 17:23:31,077 - INFO - MainThread - server_logic - [DEBUG] found replica for vector: 1
2025-11-18 17:23:31,077 - INFO - MainThread - server_logic - [DEBUG] found replica for vector: 2
2025-11-18 17:23:31,077 - INFO - MainThread - server_logic - [DEBUG] found replica for vector: 3
2025-11-18 17:23:31,077 - INFO - MainThread - server_logic - [DEBUG] found replica for vector: 4
2025-11-18 17:23:31,077 - INFO - MainThread - server_logic - [DEBUG] found replica for vector: 1
2025-11-18 17:23:31,077 - INFO - MainThread - server_logic - [DEBUG] found replica for vector: 2
2025-11-18 17:23:31,077 - INFO - MainThread - server_logic - [DEBUG] found replica for vector: 3
2025-11-18 17:23:31,077 - INFO - MainThread - server_logic - [DEBUG] found replica for vector: 4
2025-11-18 17:23:31,077 - INFO - MainThread - server_logic - [DEBUG] found replica for vector: 1
2025-11-18 17:23:31,077 - INFO - MainThread - server_logic - [DEBUG] found replica for vector: 2
2025-11-18 17:23:31,077 - INFO - MainThread - server_logic - [DEBUG] found replica for vector: 3
2025-11-18 17:23:31,077 - INFO - MainThread - server_logic - [DEBUG] to me replica for vector: 3
2025-11-18 17:23:31,077 - INFO - MainThread - server_logic - [DEBUG] found replica for vector: 1
2025-11-18 17:23:31,077 - INFO - MainThread - server_logic - [DEBUG] found replica for vector: 2
2025-11-18 17:23:31,077 - INFO - MainThread - server_logic - [DEBUG] found replica for vector: 3
2025-11-18 17:23:31,077 - INFO - MainThread - server_logic - [DEBUG] found replica for vector: 4
2025-11-18 17:23:31,077 - INFO - MainThread - server_logic - [DEBUG] found replica for vector: 1
2025-11-18 17:23:31,077 - INFO - MainThread - server_logic - [DEBUG] found replica for vector: 2
2025-11-18 17:23:31,077 - INFO - MainThread - server_logic - [DEBUG] found replica for vector: 3
2025-11-18 17:23:31,077 - INFO - MainThread - server_logic - [DEBUG] to me replica for vector: 3
2025-11-18 17:23:31,077 - INFO - MainThread - server_logic - [DEBUG] found replica for vector: 1
2025-11-18 17:23:31,077 - INFO - MainThread - server_logic - [DEBUG] found replica for vector: 2
2025-11-18 17:23:31,077 - INFO - MainThread - server_logic - [DEBUG] found replica for vector: 3
2025-11-18 17:23:31,077 - INFO - MainThread - server_logic - [DEBUG] found replica for vector: 4
2025-11-18 17:23:31,078 - INFO - MainThread - server_logic - [DEBUG] found replica for vector: 1
2025-11-18 17:23:31,078 - INFO - MainThread - server_logic - [DEBUG] found replica for vector: 2
2025-11-18 17:23:31,078 - INFO - MainThread - server_logic - [DEBUG] found replica for vector: 3
2025-11-18 17:23:31,078 - INFO - MainThread - server_logic - [DEBUG] found replica for vector: 4
2025-11-18 17:23:31,078 - INFO - MainThread - server_logic - [DEBUG] found replica for vector: 1
2025-11-18 17:23:31,078 - INFO - MainThread - server_logic - [DEBUG] found replica for vector: 2
2025-11-18 17:23:31,078 - INFO - MainThread - server_logic - [DEBUG] found replica for vector: 3
2025-11-18 17:23:31,078 - INFO - MainThread - server_logic - [DEBUG] found replica for vector: 4
2025-11-18 17:23:31,078 - INFO - MainThread - server_logic - [DEBUG] found replica for vector: 1
2025-11-18 17:23:31,078 - INFO - MainThread - server_logic - [DEBUG] found replica for vector: 2
2025-11-18 17:23:31,078 - INFO - MainThread - server_logic - [DEBUG] found replica for vector: 3
2025-11-18 17:23:31,078 - INFO - MainThread - server_logic - [DEBUG] found replica for vector: 4
2025-11-18 17:23:31,078 - INFO - MainThread - server_logic - [DEBUG] found replica for vector: 1
2025-11-18 17:23:31,078 - INFO - MainThread - server_logic - [DEBUG] found replica for vector: 2
2025-11-18 17:23:31,078 - INFO - MainThread - server_logic - [DEBUG] found replica for vector: 3
2025-11-18 17:23:31,078 - INFO - MainThread - server_logic - [DEBUG] found replica for vector: 4
2025-11-18 17:23:31,078 - INFO - MainThread - server_logic - [DEBUG] found replica for vector: 1
2025-11-18 17:23:31,078 - INFO - MainThread - server_logic - [DEBUG] found replica for vector: 2
2025-11-18 17:23:31,078 - INFO - MainThread - server_logic - [DEBUG] found replica for vector: 3
2025-11-18 17:23:31,078 - INFO - MainThread - server_logic - [DEBUG] to me replica for vector: 3
2025-11-18 17:23:31,078 - INFO - MainThread - server_logic - [DEBUG] found replica for vector: 1
2025-11-18 17:23:31,078 - INFO - MainThread - server_logic - [DEBUG] found replica for vector: 2
2025-11-18 17:23:31,078 - INFO - MainThread - server_logic - [DEBUG] found replica for vector: 3
2025-11-18 17:23:31,078 - INFO - MainThread - server_logic - [DEBUG] to me replica for vector: 3
2025-11-18 17:23:31,078 - INFO - MainThread - server_logic - [DEBUG] found replica for vector: 1
2025-11-18 17:23:31,078 - INFO - MainThread - server_logic - [DEBUG] found replica for vector: 2
2025-11-18 17:23:31,078 - INFO - MainThread - server_logic - [DEBUG] found replica for vector: 3
2025-11-18 17:23:31,078 - INFO - MainThread - server_logic - [DEBUG] to me replica for vector: 3
2025-11-18 17:23:31,078 - INFO - MainThread - server_logic - [DEBUG] found replica for vector: 1
2025-11-18 17:23:31,078 - INFO - MainThread - server_logic - [DEBUG] found replica for vector: 2
2025-11-18 17:23:31,078 - INFO - MainThread - server_logic - [DEBUG] found replica for vector: 3
2025-11-18 17:23:31,078 - INFO - MainThread - server_logic - [DEBUG] found replica for vector: 4
2025-11-18 17:23:31,078 - INFO - MainThread - server_logic - [DEBUG] found replica for vector: 1
2025-11-18 17:23:31,078 - INFO - MainThread - server_logic - [DEBUG] found replica for vector: 2
2025-11-18 17:23:31,078 - INFO - MainThread - server_logic - [DEBUG] found replica for vector: 3
2025-11-18 17:23:31,078 - INFO - MainThread - server_logic - [DEBUG] found replica for vector: 4
2025-11-18 17:23:31,078 - INFO - MainThread - server_logic - [DEBUG] found replica for vector: 1
2025-11-18 17:23:31,078 - INFO - MainThread - server_logic - [DEBUG] found replica for vector: 2
2025-11-18 17:23:31,078 - INFO - MainThread - server_logic - [DEBUG] found replica for vector: 3
2025-11-18 17:23:31,078 - INFO - MainThread - server_logic - [DEBUG] found replica for vector: 4
2025-11-18 17:23:31,078 - INFO - MainThread - server_logic - [DEBUG] found replica for vector: 1
2025-11-18 17:23:31,078 - INFO - MainThread - server_logic - [DEBUG] found replica for vector: 2
2025-11-18 17:23:31,078 - INFO - MainThread - server_logic - [DEBUG] found replica for vector: 3
2025-11-18 17:23:31,078 - INFO - MainThread - server_logic - [DEBUG] to me replica for vector: 3
2025-11-18 17:23:31,078 - INFO - MainThread - server_logic - [DEBUG] found replica for vector: 1
2025-11-18 17:23:31,078 - INFO - MainThread - server_logic - [DEBUG] found replica for vector: 2
2025-11-18 17:23:31,078 - INFO - MainThread - server_logic - [DEBUG] found replica for vector: 3
2025-11-18 17:23:31,078 - INFO - MainThread - server_logic - [DEBUG] found replica for vector: 4
2025-11-18 17:23:31,078 - INFO - MainThread - server_logic - [DEBUG] found replica for vector: 1
2025-11-18 17:23:31,078 - INFO - MainThread - server_logic - [DEBUG] found replica for vector: 2
2025-11-18 17:23:31,078 - INFO - MainThread - server_logic - [DEBUG] found replica for vector: 3
2025-11-18 17:23:31,078 - INFO - MainThread - server_logic - [DEBUG] found replica for vector: 4
2025-11-18 17:23:31,078 - INFO - MainThread - server_logic - [DEBUG] found replica for vector: 1
2025-11-18 17:23:31,079 - INFO - MainThread - server_logic - [DEBUG] found replica for vector: 2
2025-11-18 17:23:31,079 - INFO - MainThread - server_logic - [DEBUG] found replica for vector: 3
2025-11-18 17:23:31,079 - INFO - MainThread - server_logic - [DEBUG] found replica for vector: 4
2025-11-18 17:23:31,079 - INFO - MainThread - server_logic - [DEBUG] found replica for vector: 1
2025-11-18 17:23:31,079 - INFO - MainThread - server_logic - [DEBUG] found replica for vector: 2
2025-11-18 17:23:31,079 - INFO - MainThread - server_logic - [DEBUG] found replica for vector: 3
2025-11-18 17:23:31,079 - INFO - MainThread - server_logic - [DEBUG] found replica for vector: 4
2025-11-18 17:23:31,079 - INFO - MainThread - server_logic - [DEBUG] found replica for vector: 1
2025-11-18 17:23:31,079 - INFO - MainThread - server_logic - [DEBUG] found replica for vector: 2
2025-11-18 17:23:31,079 - INFO - MainThread - server_logic - [DEBUG] found replica for vector: 3
2025-11-18 17:23:31,079 - INFO - MainThread - server_logic - [DEBUG] found replica for vector: 4
2025-11-18 17:23:31,079 - INFO - MainThread - server_logic - [DEBUG] found replica for vector: 1
2025-11-18 17:23:31,079 - INFO - MainThread - server_logic - [DEBUG] found replica for vector: 2
2025-11-18 17:23:31,079 - INFO - MainThread - server_logic - [DEBUG] found replica for vector: 3
2025-11-18 17:23:31,079 - INFO - MainThread - server_logic - [DEBUG] found replica for vector: 4
2025-11-18 17:23:31,079 - INFO - MainThread - server_logic - [DEBUG] found replica for vector: 1
2025-11-18 17:23:31,079 - INFO - MainThread - server_logic - [DEBUG] found replica for vector: 2
2025-11-18 17:23:31,079 - INFO - MainThread - server_logic - [DEBUG] found replica for vector: 3
2025-11-18 17:23:31,079 - INFO - MainThread - server_logic - [DEBUG] found replica for vector: 4
2025-11-18 17:23:31,079 - INFO - MainThread - server_logic - [DEBUG] found replica for vector: 1
2025-11-18 17:23:31,079 - INFO - MainThread - server_logic - [DEBUG] found replica for vector: 2
2025-11-18 17:23:31,079 - INFO - MainThread - server_logic - [DEBUG] found replica for vector: 3
2025-11-18 17:23:31,079 - INFO - MainThread - server_logic - [DEBUG] to me replica for vector: 3
2025-11-18 17:23:31,079 - INFO - MainThread - server_logic - [DEBUG] found replica for vector: 1
2025-11-18 17:23:31,079 - INFO - MainThread - server_logic - [DEBUG] found replica for vector: 2
2025-11-18 17:23:31,079 - INFO - MainThread - server_logic - [DEBUG] found replica for vector: 3
2025-11-18 17:23:31,079 - INFO - MainThread - server_logic - [DEBUG] found replica for vector: 4
2025-11-18 17:23:31,079 - INFO - MainThread - server_logic - [DEBUG] found replica for vector: 1
2025-11-18 17:23:31,079 - INFO - MainThread - server_logic - [DEBUG] found replica for vector: 2
2025-11-18 17:23:31,079 - INFO - MainThread - server_logic - [DEBUG] found replica for vector: 3
2025-11-18 17:23:31,079 - INFO - MainThread - server_logic - [DEBUG] found replica for vector: 4
2025-11-18 17:23:31,079 - INFO - MainThread - server_logic - [DEBUG] found replica for vector: 1
2025-11-18 17:23:31,079 - INFO - MainThread - server_logic - [DEBUG] found replica for vector: 2
2025-11-18 17:23:31,079 - INFO - MainThread - server_logic - [DEBUG] found replica for vector: 3
2025-11-18 17:23:31,079 - INFO - MainThread - server_logic - [DEBUG] found replica for vector: 4
2025-11-18 17:23:31,079 - INFO - MainThread - server_logic - [DEBUG] found replica for vector: 1
2025-11-18 17:23:31,079 - INFO - MainThread - server_logic - [DEBUG] found replica for vector: 2
2025-11-18 17:23:31,079 - INFO - MainThread - server_logic - [DEBUG] found replica for vector: 3
2025-11-18 17:23:31,079 - INFO - MainThread - server_logic - [DEBUG] found replica for vector: 4
2025-11-18 17:23:31,079 - INFO - MainThread - server_logic - [DEBUG] found replica for vector: 1
2025-11-18 17:23:31,079 - INFO - MainThread - server_logic - [DEBUG] found replica for vector: 2
2025-11-18 17:23:31,079 - INFO - MainThread - server_logic - [DEBUG] found replica for vector: 3
2025-11-18 17:23:31,079 - INFO - MainThread - server_logic - [DEBUG] found replica for vector: 4
2025-11-18 17:23:31,079 - INFO - MainThread - server_logic - [DEBUG] found replica for vector: 1
2025-11-18 17:23:31,079 - INFO - MainThread - server_logic - [DEBUG] found replica for vector: 2
2025-11-18 17:23:31,079 - INFO - MainThread - server_logic - [DEBUG] found replica for vector: 3
2025-11-18 17:23:31,079 - INFO - MainThread - server_logic - [DEBUG] found replica for vector: 4
2025-11-18 17:23:31,079 - INFO - MainThread - server_logic - [DEBUG] found replica for vector: 1
2025-11-18 17:23:31,079 - INFO - MainThread - server_logic - [DEBUG] found replica for vector: 2
2025-11-18 17:23:31,079 - INFO - MainThread - server_logic - [DEBUG] found replica for vector: 3
2025-11-18 17:23:31,079 - INFO - MainThread - server_logic - [DEBUG] found replica for vector: 4
2025-11-18 17:23:31,079 - INFO - MainThread - server_logic - [DEBUG] found replica for vector: 1
2025-11-18 17:23:31,079 - INFO - MainThread - server_logic - [DEBUG] found replica for vector: 2
2025-11-18 17:23:31,079 - INFO - MainThread - server_logic - [DEBUG] found replica for vector: 3
2025-11-18 17:23:31,079 - INFO - MainThread - server_logic - [DEBUG] to me replica for vector: 3
2025-11-18 17:23:31,079 - INFO - MainThread - server_logic - [DEBUG] found replica for vector: 1
2025-11-18 17:23:31,079 - INFO - MainThread - server_logic - [DEBUG] found replica for vector: 2
2025-11-18 17:23:31,080 - INFO - MainThread - server_logic - [DEBUG] found replica for vector: 3
2025-11-18 17:23:31,080 - INFO - MainThread - server_logic - [DEBUG] found replica for vector: 4
2025-11-18 17:23:31,080 - INFO - MainThread - server_logic - [DEBUG] found replica for vector: 1
2025-11-18 17:23:31,080 - INFO - MainThread - server_logic - [DEBUG] found replica for vector: 2
2025-11-18 17:23:31,080 - INFO - MainThread - server_logic - [DEBUG] found replica for vector: 3
2025-11-18 17:23:31,080 - INFO - MainThread - server_logic - [DEBUG] found replica for vector: 4
2025-11-18 17:23:31,080 - INFO - MainThread - server_logic - [DEBUG] found replica for vector: 1
2025-11-18 17:23:31,080 - INFO - MainThread - server_logic - [DEBUG] found replica for vector: 2
2025-11-18 17:23:31,080 - INFO - MainThread - server_logic - [DEBUG] found replica for vector: 3
2025-11-18 17:23:31,080 - INFO - MainThread - server_logic - [DEBUG] to me replica for vector: 3
2025-11-18 17:23:31,080 - INFO - MainThread - server_logic - [DEBUG] found replica for vector: 1
2025-11-18 17:23:31,080 - INFO - MainThread - server_logic - [DEBUG] found replica for vector: 2
2025-11-18 17:23:31,080 - INFO - MainThread - server_logic - [DEBUG] found replica for vector: 3
2025-11-18 17:23:31,080 - INFO - MainThread - server_logic - [DEBUG] found replica for vector: 4
2025-11-18 17:23:31,080 - INFO - MainThread - server_logic - [DEBUG] found replica for vector: 1
2025-11-18 17:23:31,080 - INFO - MainThread - server_logic - [DEBUG] found replica for vector: 2
2025-11-18 17:23:31,080 - INFO - MainThread - server_logic - [DEBUG] found replica for vector: 3
2025-11-18 17:23:31,080 - INFO - MainThread - server_logic - [DEBUG] found replica for vector: 4
2025-11-18 17:23:31,080 - INFO - MainThread - server_logic - [DEBUG] found replica for vector: 1
2025-11-18 17:23:31,080 - INFO - MainThread - server_logic - [DEBUG] found replica for vector: 2
2025-11-18 17:23:31,080 - INFO - MainThread - server_logic - [DEBUG] found replica for vector: 3
2025-11-18 17:23:31,080 - INFO - MainThread - server_logic - [DEBUG] found replica for vector: 4
2025-11-18 17:23:31,080 - INFO - MainThread - server_logic - [DEBUG] found replica for vector: 1
2025-11-18 17:23:31,080 - INFO - MainThread - server_logic - [DEBUG] found replica for vector: 2
2025-11-18 17:23:31,080 - INFO - MainThread - server_logic - [DEBUG] found replica for vector: 3
2025-11-18 17:23:31,080 - INFO - MainThread - server_logic - [DEBUG] found replica for vector: 4
2025-11-18 17:23:31,080 - INFO - MainThread - server_logic - [DEBUG] found replica for vector: 1
2025-11-18 17:23:31,080 - INFO - MainThread - server_logic - [DEBUG] found replica for vector: 2
2025-11-18 17:23:31,080 - INFO - MainThread - server_logic - [DEBUG] found replica for vector: 3
2025-11-18 17:23:31,080 - INFO - MainThread - server_logic - [DEBUG] found replica for vector: 4
2025-11-18 17:23:31,080 - INFO - MainThread - server_logic - [DEBUG] found replica for vector: 1
2025-11-18 17:23:31,080 - INFO - MainThread - server_logic - [DEBUG] found replica for vector: 2
2025-11-18 17:23:31,080 - INFO - MainThread - server_logic - [DEBUG] found replica for vector: 3
2025-11-18 17:23:31,080 - INFO - MainThread - server_logic - [DEBUG] to me replica for vector: 3
2025-11-18 17:23:31,080 - INFO - MainThread - server_logic - [DEBUG] found replica for vector: 1
2025-11-18 17:23:31,080 - INFO - MainThread - server_logic - [DEBUG] found replica for vector: 2
2025-11-18 17:23:31,080 - INFO - MainThread - server_logic - [DEBUG] found replica for vector: 3
2025-11-18 17:23:31,080 - INFO - MainThread - server_logic - [DEBUG] found replica for vector: 4
2025-11-18 17:23:31,080 - INFO - MainThread - server_logic - [DEBUG] found replica for vector: 1
2025-11-18 17:23:31,080 - INFO - MainThread - server_logic - [DEBUG] found replica for vector: 2
2025-11-18 17:23:31,080 - INFO - MainThread - server_logic - [DEBUG] found replica for vector: 3
2025-11-18 17:23:31,080 - INFO - MainThread - server_logic - [DEBUG] found replica for vector: 4
2025-11-18 17:23:31,080 - INFO - MainThread - server_logic - [DEBUG] found replica for vector: 1
2025-11-18 17:23:31,080 - INFO - MainThread - server_logic - [DEBUG] found replica for vector: 2
2025-11-18 17:23:31,080 - INFO - MainThread - server_logic - [DEBUG] found replica for vector: 3
2025-11-18 17:23:31,080 - INFO - MainThread - server_logic - [DEBUG] found replica for vector: 4
2025-11-18 17:23:31,080 - INFO - MainThread - server_logic - [DEBUG] found replica for vector: 1
2025-11-18 17:23:31,080 - INFO - MainThread - server_logic - [DEBUG] found replica for vector: 2
2025-11-18 17:23:31,080 - INFO - MainThread - server_logic - [DEBUG] found replica for vector: 3
2025-11-18 17:23:31,080 - INFO - MainThread - server_logic - [DEBUG] found replica for vector: 4
2025-11-18 17:23:31,080 - INFO - MainThread - server_logic - [DEBUG] found replica for vector: 1
2025-11-18 17:23:31,080 - INFO - MainThread - server_logic - [DEBUG] found replica for vector: 2
2025-11-18 17:23:31,080 - INFO - MainThread - server_logic - [DEBUG] found replica for vector: 3
2025-11-18 17:23:31,080 - INFO - MainThread - server_logic - [DEBUG] found replica for vector: 4
2025-11-18 17:23:31,080 - INFO - MainThread - server_logic - [DEBUG] found replica for vector: 1
2025-11-18 17:23:31,080 - INFO - MainThread - server_logic - [DEBUG] found replica for vector: 2
2025-11-18 17:23:31,080 - INFO - MainThread - server_logic - [DEBUG] found replica for vector: 3
2025-11-18 17:23:31,081 - INFO - MainThread - server_logic - [DEBUG] to me replica for vector: 3
2025-11-18 17:23:31,081 - INFO - MainThread - server_logic - [DEBUG] found replica for vector: 1
2025-11-18 17:23:31,081 - INFO - MainThread - server_logic - [DEBUG] found replica for vector: 2
2025-11-18 17:23:31,081 - INFO - MainThread - server_logic - [DEBUG] found replica for vector: 3
2025-11-18 17:23:31,081 - INFO - MainThread - server_logic - [DEBUG] to me replica for vector: 3
2025-11-18 17:23:31,081 - INFO - MainThread - server_logic - [DEBUG] found replica for vector: 1
2025-11-18 17:23:31,081 - INFO - MainThread - server_logic - [DEBUG] found replica for vector: 2
2025-11-18 17:23:31,081 - INFO - MainThread - server_logic - [DEBUG] found replica for vector: 3
2025-11-18 17:23:31,081 - INFO - MainThread - server_logic - [DEBUG] found replica for vector: 4
2025-11-18 17:23:31,081 - INFO - MainThread - server_logic - [DEBUG] found replica for vector: 1
2025-11-18 17:23:31,081 - INFO - MainThread - server_logic - [DEBUG] found replica for vector: 2
2025-11-18 17:23:31,081 - INFO - MainThread - server_logic - [DEBUG] found replica for vector: 3
2025-11-18 17:23:31,081 - INFO - MainThread - server_logic - [DEBUG] found replica for vector: 4
2025-11-18 17:23:31,081 - INFO - MainThread - server_logic - [DEBUG] found replica for vector: 1
2025-11-18 17:23:31,081 - INFO - MainThread - server_logic - [DEBUG] found replica for vector: 2
2025-11-18 17:23:31,081 - INFO - MainThread - server_logic - [DEBUG] found replica for vector: 3
2025-11-18 17:23:31,081 - INFO - MainThread - server_logic - [DEBUG] to me replica for vector: 3
2025-11-18 17:23:31,081 - INFO - MainThread - server_logic - [DEBUG] found replica for vector: 1
2025-11-18 17:23:31,081 - INFO - MainThread - server_logic - [DEBUG] found replica for vector: 2
2025-11-18 17:23:31,081 - INFO - MainThread - server_logic - [DEBUG] found replica for vector: 3
2025-11-18 17:23:31,081 - INFO - MainThread - server_logic - [DEBUG] to me replica for vector: 3
2025-11-18 17:23:31,081 - INFO - MainThread - server_logic - [DEBUG] found replica for vector: 1
2025-11-18 17:23:31,081 - INFO - MainThread - server_logic - [DEBUG] found replica for vector: 2
2025-11-18 17:23:31,081 - INFO - MainThread - server_logic - [DEBUG] found replica for vector: 3
2025-11-18 17:23:31,081 - INFO - MainThread - server_logic - [DEBUG] to me replica for vector: 3
2025-11-18 17:23:31,081 - INFO - MainThread - server_logic - [DEBUG] found replica for vector: 1
2025-11-18 17:23:31,081 - INFO - MainThread - server_logic - [DEBUG] found replica for vector: 2
2025-11-18 17:23:31,081 - INFO - MainThread - server_logic - [DEBUG] found replica for vector: 3
2025-11-18 17:23:31,081 - INFO - MainThread - server_logic - [DEBUG] found replica for vector: 4
2025-11-18 17:23:31,081 - INFO - MainThread - server_logic - [DEBUG] found replica for vector: 1
2025-11-18 17:23:31,081 - INFO - MainThread - server_logic - [DEBUG] found replica for vector: 2
2025-11-18 17:23:31,081 - INFO - MainThread - server_logic - [DEBUG] found replica for vector: 3
2025-11-18 17:23:31,081 - INFO - MainThread - server_logic - [DEBUG] found replica for vector: 4
2025-11-18 17:23:31,081 - INFO - MainThread - server_logic - [DEBUG] found replica for vector: 1
2025-11-18 17:23:31,081 - INFO - MainThread - server_logic - [DEBUG] found replica for vector: 2
2025-11-18 17:23:31,081 - INFO - MainThread - server_logic - [DEBUG] found replica for vector: 3
2025-11-18 17:23:31,081 - INFO - MainThread - server_logic - [DEBUG] found replica for vector: 4
2025-11-18 17:23:31,081 - INFO - MainThread - server_logic - [DEBUG] found replica for vector: 1
2025-11-18 17:23:31,081 - INFO - MainThread - server_logic - [DEBUG] found replica for vector: 2
2025-11-18 17:23:31,081 - INFO - MainThread - server_logic - [DEBUG] found replica for vector: 3
2025-11-18 17:23:31,081 - INFO - MainThread - server_logic - [DEBUG] found replica for vector: 4
2025-11-18 17:23:31,081 - INFO - MainThread - server_logic - [DEBUG] found replica for vector: 1
2025-11-18 17:23:31,081 - INFO - MainThread - server_logic - [DEBUG] found replica for vector: 2
2025-11-18 17:23:31,081 - INFO - MainThread - server_logic - [DEBUG] found replica for vector: 3
2025-11-18 17:23:31,081 - INFO - MainThread - server_logic - [DEBUG] found replica for vector: 4
2025-11-18 17:23:31,081 - INFO - MainThread - server_logic - [DEBUG] found replica for vector: 1
2025-11-18 17:23:31,081 - INFO - MainThread - server_logic - [DEBUG] found replica for vector: 2
2025-11-18 17:23:31,081 - INFO - MainThread - server_logic - [DEBUG] found replica for vector: 3
2025-11-18 17:23:31,081 - INFO - MainThread - server_logic - [DEBUG] found replica for vector: 4
2025-11-18 17:23:31,081 - INFO - MainThread - server_logic - [DEBUG] found replica for vector: 1
2025-11-18 17:23:31,081 - INFO - MainThread - server_logic - [DEBUG] found replica for vector: 2
2025-11-18 17:23:31,081 - INFO - MainThread - server_logic - [DEBUG] found replica for vector: 3
2025-11-18 17:23:31,081 - INFO - MainThread - server_logic - [DEBUG] to me replica for vector: 3
2025-11-18 17:23:31,081 - INFO - MainThread - server_logic - [DEBUG] found replica for vector: 1
2025-11-18 17:23:31,081 - INFO - MainThread - server_logic - [DEBUG] found replica for vector: 2
2025-11-18 17:23:31,081 - INFO - MainThread - server_logic - [DEBUG] found replica for vector: 3
2025-11-18 17:23:31,081 - INFO - MainThread - server_logic - [DEBUG] found replica for vector: 4
2025-11-18 17:23:31,082 - INFO - MainThread - server_logic - [DEBUG] found replica for vector: 1
2025-11-18 17:23:31,082 - INFO - MainThread - server_logic - [DEBUG] found replica for vector: 2
2025-11-18 17:23:31,082 - INFO - MainThread - server_logic - [DEBUG] found replica for vector: 3
2025-11-18 17:23:31,082 - INFO - MainThread - server_logic - [DEBUG] found replica for vector: 4
2025-11-18 17:23:31,082 - INFO - MainThread - server_logic - [DEBUG] found replica for vector: 1
2025-11-18 17:23:31,082 - INFO - MainThread - server_logic - [DEBUG] found replica for vector: 2
2025-11-18 17:23:31,082 - INFO - MainThread - server_logic - [DEBUG] found replica for vector: 3
2025-11-18 17:23:31,082 - INFO - MainThread - server_logic - [DEBUG] to me replica for vector: 3
2025-11-18 17:23:31,082 - INFO - MainThread - server_logic - [DEBUG] found replica for vector: 1
2025-11-18 17:23:31,082 - INFO - MainThread - server_logic - [DEBUG] found replica for vector: 2
2025-11-18 17:23:31,082 - INFO - MainThread - server_logic - [DEBUG] found replica for vector: 3
2025-11-18 17:23:31,082 - INFO - MainThread - server_logic - [DEBUG] found replica for vector: 4
2025-11-18 17:23:31,082 - INFO - MainThread - server_logic - [DEBUG] found replica for vector: 1
2025-11-18 17:23:31,082 - INFO - MainThread - server_logic - [DEBUG] found replica for vector: 2
2025-11-18 17:23:31,082 - INFO - MainThread - server_logic - [DEBUG] found replica for vector: 3
2025-11-18 17:23:31,082 - INFO - MainThread - server_logic - [DEBUG] found replica for vector: 4
2025-11-18 17:23:31,082 - INFO - MainThread - server_logic - [DEBUG] found replica for vector: 1
2025-11-18 17:23:31,082 - INFO - MainThread - server_logic - [DEBUG] found replica for vector: 2
2025-11-18 17:23:31,082 - INFO - MainThread - server_logic - [DEBUG] found replica for vector: 3
2025-11-18 17:23:31,082 - INFO - MainThread - server_logic - [DEBUG] to me replica for vector: 3
2025-11-18 17:23:31,082 - INFO - MainThread - server_logic - [DEBUG] found replica for vector: 1
2025-11-18 17:23:31,082 - INFO - MainThread - server_logic - [DEBUG] found replica for vector: 2
2025-11-18 17:23:31,082 - INFO - MainThread - server_logic - [DEBUG] found replica for vector: 3
2025-11-18 17:23:31,082 - INFO - MainThread - server_logic - [DEBUG] found replica for vector: 4
2025-11-18 17:23:31,082 - INFO - MainThread - server_logic - [DEBUG] found replica for vector: 1
2025-11-18 17:23:31,082 - INFO - MainThread - server_logic - [DEBUG] found replica for vector: 2
2025-11-18 17:23:31,082 - INFO - MainThread - server_logic - [DEBUG] found replica for vector: 3
2025-11-18 17:23:31,082 - INFO - MainThread - server_logic - [DEBUG] to me replica for vector: 3
2025-11-18 17:23:31,082 - INFO - MainThread - server_logic - [DEBUG] found replica for vector: 1
2025-11-18 17:23:31,082 - INFO - MainThread - server_logic - [DEBUG] found replica for vector: 2
2025-11-18 17:23:31,082 - INFO - MainThread - server_logic - [DEBUG] found replica for vector: 3
2025-11-18 17:23:31,082 - INFO - MainThread - server_logic - [DEBUG] found replica for vector: 4
2025-11-18 17:23:31,082 - INFO - MainThread - server_logic - [DEBUG] found replica for vector: 1
2025-11-18 17:23:31,082 - INFO - MainThread - server_logic - [DEBUG] found replica for vector: 2
2025-11-18 17:23:31,082 - INFO - MainThread - server_logic - [DEBUG] found replica for vector: 3
2025-11-18 17:23:31,082 - INFO - MainThread - server_logic - [DEBUG] found replica for vector: 4
2025-11-18 17:23:31,082 - INFO - MainThread - server_logic - [DEBUG] found replica for vector: 1
2025-11-18 17:23:31,082 - INFO - MainThread - server_logic - [DEBUG] found replica for vector: 2
2025-11-18 17:23:31,082 - INFO - MainThread - server_logic - [DEBUG] found replica for vector: 3
2025-11-18 17:23:31,082 - INFO - MainThread - server_logic - [DEBUG] found replica for vector: 4
2025-11-18 17:23:31,082 - INFO - MainThread - server_logic - [DEBUG] found replica for vector: 1
2025-11-18 17:23:31,082 - INFO - MainThread - server_logic - [DEBUG] found replica for vector: 2
2025-11-18 17:23:31,082 - INFO - MainThread - server_logic - [DEBUG] found replica for vector: 3
2025-11-18 17:23:31,082 - INFO - MainThread - server_logic - [DEBUG] found replica for vector: 4
2025-11-18 17:23:31,082 - INFO - MainThread - server_logic - [DEBUG] found replica for vector: 1
2025-11-18 17:23:31,082 - INFO - MainThread - server_logic - [DEBUG] found replica for vector: 2
2025-11-18 17:23:31,082 - INFO - MainThread - server_logic - [DEBUG] found replica for vector: 3
2025-11-18 17:23:31,082 - INFO - MainThread - server_logic - [DEBUG] found replica for vector: 4
2025-11-18 17:23:31,082 - INFO - MainThread - server_logic - [DEBUG] found replica for vector: 1
2025-11-18 17:23:31,082 - INFO - MainThread - server_logic - [DEBUG] found replica for vector: 2
2025-11-18 17:23:31,082 - INFO - MainThread - server_logic - [DEBUG] found replica for vector: 3
2025-11-18 17:23:31,082 - INFO - MainThread - server_logic - [DEBUG] to me replica for vector: 3
2025-11-18 17:23:31,082 - INFO - MainThread - server_logic - [DEBUG] found replica for vector: 1
2025-11-18 17:23:31,082 - INFO - MainThread - server_logic - [DEBUG] found replica for vector: 2
2025-11-18 17:23:31,082 - INFO - MainThread - server_logic - [DEBUG] found replica for vector: 3
2025-11-18 17:23:31,082 - INFO - MainThread - server_logic - [DEBUG] found replica for vector: 4
2025-11-18 17:23:31,083 - INFO - MainThread - server_logic - [DEBUG] found replica for vector: 1
2025-11-18 17:23:31,083 - INFO - MainThread - server_logic - [DEBUG] found replica for vector: 2
2025-11-18 17:23:31,083 - INFO - MainThread - server_logic - [DEBUG] found replica for vector: 3
2025-11-18 17:23:31,083 - INFO - MainThread - server_logic - [DEBUG] to me replica for vector: 3
2025-11-18 17:23:31,083 - INFO - MainThread - server_logic - [DEBUG] found replica for vector: 1
2025-11-18 17:23:31,083 - INFO - MainThread - server_logic - [DEBUG] found replica for vector: 2
2025-11-18 17:23:31,083 - INFO - MainThread - server_logic - [DEBUG] found replica for vector: 3
2025-11-18 17:23:31,083 - INFO - MainThread - server_logic - [DEBUG] found replica for vector: 4
2025-11-18 17:23:31,083 - INFO - MainThread - server_logic - [DEBUG] found replica for vector: 1
2025-11-18 17:23:31,083 - INFO - MainThread - server_logic - [DEBUG] found replica for vector: 2
2025-11-18 17:23:31,083 - INFO - MainThread - server_logic - [DEBUG] found replica for vector: 3
2025-11-18 17:23:31,083 - INFO - MainThread - server_logic - [DEBUG] to me replica for vector: 3
2025-11-18 17:23:31,083 - INFO - MainThread - server_logic - [DEBUG] found replica for vector: 1
2025-11-18 17:23:31,083 - INFO - MainThread - server_logic - [DEBUG] found replica for vector: 2
2025-11-18 17:23:31,083 - INFO - MainThread - server_logic - [DEBUG] found replica for vector: 3
2025-11-18 17:23:31,083 - INFO - MainThread - server_logic - [DEBUG] to me replica for vector: 3
2025-11-18 17:23:31,083 - INFO - MainThread - server_logic - [DEBUG] found replica for vector: 1
2025-11-18 17:23:31,083 - INFO - MainThread - server_logic - [DEBUG] found replica for vector: 2
2025-11-18 17:23:31,083 - INFO - MainThread - server_logic - [DEBUG] found replica for vector: 3
2025-11-18 17:23:31,083 - INFO - MainThread - server_logic - [DEBUG] found replica for vector: 4
2025-11-18 17:23:31,083 - INFO - MainThread - server_logic - [DEBUG] found replica for vector: 1
2025-11-18 17:23:31,083 - INFO - MainThread - server_logic - [DEBUG] found replica for vector: 2
2025-11-18 17:23:31,083 - INFO - MainThread - server_logic - [DEBUG] found replica for vector: 3
2025-11-18 17:23:31,083 - INFO - MainThread - server_logic - [DEBUG] found replica for vector: 4
2025-11-18 17:23:31,083 - INFO - MainThread - server_logic - [DEBUG] found replica for vector: 1
2025-11-18 17:23:31,083 - INFO - MainThread - server_logic - [DEBUG] found replica for vector: 2
2025-11-18 17:23:31,083 - INFO - MainThread - server_logic - [DEBUG] found replica for vector: 3
2025-11-18 17:23:31,083 - INFO - MainThread - server_logic - [DEBUG] to me replica for vector: 3
2025-11-18 17:23:31,083 - INFO - MainThread - server_logic - [DEBUG] found replica for vector: 1
2025-11-18 17:23:31,083 - INFO - MainThread - server_logic - [DEBUG] found replica for vector: 2
2025-11-18 17:23:31,083 - INFO - MainThread - server_logic - [DEBUG] found replica for vector: 3
2025-11-18 17:23:31,083 - INFO - MainThread - server_logic - [DEBUG] to me replica for vector: 3
2025-11-18 17:23:31,083 - INFO - MainThread - server_logic - [DEBUG] found replica for vector: 1
2025-11-18 17:23:31,083 - INFO - MainThread - server_logic - [DEBUG] found replica for vector: 2
2025-11-18 17:23:31,083 - INFO - MainThread - server_logic - [DEBUG] found replica for vector: 3
2025-11-18 17:23:31,083 - INFO - MainThread - server_logic - [DEBUG] to me replica for vector: 3
2025-11-18 17:23:31,083 - INFO - MainThread - server_logic - [DEBUG] found replica for vector: 1
2025-11-18 17:23:31,083 - INFO - MainThread - server_logic - [DEBUG] found replica for vector: 2
2025-11-18 17:23:31,083 - INFO - MainThread - server_logic - [DEBUG] found replica for vector: 3
2025-11-18 17:23:31,083 - INFO - MainThread - server_logic - [DEBUG] to me replica for vector: 3
2025-11-18 17:23:31,083 - INFO - MainThread - server_logic - [DEBUG] found replica for vector: 1
2025-11-18 17:23:31,083 - INFO - MainThread - server_logic - [DEBUG] found replica for vector: 2
2025-11-18 17:23:31,083 - INFO - MainThread - server_logic - [DEBUG] found replica for vector: 3
2025-11-18 17:23:31,083 - INFO - MainThread - server_logic - [DEBUG] to me replica for vector: 3
2025-11-18 17:23:31,083 - INFO - MainThread - server_logic - [DEBUG] found replica for vector: 1
2025-11-18 17:23:31,083 - INFO - MainThread - server_logic - [DEBUG] found replica for vector: 2
2025-11-18 17:23:31,083 - INFO - MainThread - server_logic - [DEBUG] found replica for vector: 3
2025-11-18 17:23:31,083 - INFO - MainThread - server_logic - [DEBUG] found replica for vector: 4
2025-11-18 17:23:31,083 - INFO - MainThread - server_logic - [DEBUG] found replica for vector: 1
2025-11-18 17:23:31,083 - INFO - MainThread - server_logic - [DEBUG] found replica for vector: 2
2025-11-18 17:23:31,083 - INFO - MainThread - server_logic - [DEBUG] found replica for vector: 3
2025-11-18 17:23:31,083 - INFO - MainThread - server_logic - [DEBUG] to me replica for vector: 3
2025-11-18 17:23:31,083 - INFO - MainThread - server_logic - [DEBUG] found replica for vector: 1
2025-11-18 17:23:31,083 - INFO - MainThread - server_logic - [DEBUG] found replica for vector: 2
2025-11-18 17:23:31,083 - INFO - MainThread - server_logic - [DEBUG] found replica for vector: 3
2025-11-18 17:23:31,083 - INFO - MainThread - server_logic - [DEBUG] found replica for vector: 4
2025-11-18 17:23:31,083 - INFO - MainThread - server_logic - [DEBUG] found replica for vector: 1
2025-11-18 17:23:31,083 - INFO - MainThread - server_logic - [DEBUG] found replica for vector: 2
2025-11-18 17:23:31,084 - INFO - MainThread - server_logic - [DEBUG] found replica for vector: 3
2025-11-18 17:23:31,084 - INFO - MainThread - server_logic - [DEBUG] found replica for vector: 4
2025-11-18 17:23:31,084 - INFO - MainThread - server_logic - [DEBUG] found replica for vector: 1
2025-11-18 17:23:31,084 - INFO - MainThread - server_logic - [DEBUG] found replica for vector: 2
2025-11-18 17:23:31,084 - INFO - MainThread - server_logic - [DEBUG] found replica for vector: 3
2025-11-18 17:23:31,084 - INFO - MainThread - server_logic - [DEBUG] found replica for vector: 4
2025-11-18 17:23:31,084 - INFO - MainThread - server_logic - [DEBUG] found replica for vector: 1
2025-11-18 17:23:31,084 - INFO - MainThread - server_logic - [DEBUG] found replica for vector: 2
2025-11-18 17:23:31,084 - INFO - MainThread - server_logic - [DEBUG] found replica for vector: 3
2025-11-18 17:23:31,084 - INFO - MainThread - server_logic - [DEBUG] found replica for vector: 4
2025-11-18 17:23:31,084 - INFO - MainThread - server_logic - [DEBUG] found replica for vector: 1
2025-11-18 17:23:31,084 - INFO - MainThread - server_logic - [DEBUG] found replica for vector: 2
2025-11-18 17:23:31,084 - INFO - MainThread - server_logic - [DEBUG] found replica for vector: 3
2025-11-18 17:23:31,084 - INFO - MainThread - server_logic - [DEBUG] found replica for vector: 4
2025-11-18 17:23:31,084 - INFO - MainThread - server_logic - [DEBUG] found replica for vector: 1
2025-11-18 17:23:31,084 - INFO - MainThread - server_logic - [DEBUG] found replica for vector: 2
2025-11-18 17:23:31,084 - INFO - MainThread - server_logic - [DEBUG] found replica for vector: 3
2025-11-18 17:23:31,084 - INFO - MainThread - server_logic - [DEBUG] found replica for vector: 4
2025-11-18 17:23:31,084 - INFO - MainThread - server_logic - [DEBUG] found replica for vector: 1
2025-11-18 17:23:31,084 - INFO - MainThread - server_logic - [DEBUG] found replica for vector: 2
2025-11-18 17:23:31,084 - INFO - MainThread - server_logic - [DEBUG] found replica for vector: 3
2025-11-18 17:23:31,084 - INFO - MainThread - server_logic - [DEBUG] found replica for vector: 4
2025-11-18 17:23:31,084 - INFO - MainThread - server_logic - [DEBUG] found replica for vector: 1
2025-11-18 17:23:31,084 - INFO - MainThread - server_logic - [DEBUG] found replica for vector: 2
2025-11-18 17:23:31,084 - INFO - MainThread - server_logic - [DEBUG] found replica for vector: 3
2025-11-18 17:23:31,084 - INFO - MainThread - server_logic - [DEBUG] found replica for vector: 4
2025-11-18 17:23:31,084 - INFO - MainThread - server_logic - [DEBUG] found replica for vector: 1
2025-11-18 17:23:31,084 - INFO - MainThread - server_logic - [DEBUG] found replica for vector: 2
2025-11-18 17:23:31,084 - INFO - MainThread - server_logic - [DEBUG] found replica for vector: 3
2025-11-18 17:23:31,084 - INFO - MainThread - server_logic - [DEBUG] found replica for vector: 4
2025-11-18 17:23:31,084 - INFO - MainThread - server_logic - [DEBUG] found replica for vector: 1
2025-11-18 17:23:31,084 - INFO - MainThread - server_logic - [DEBUG] found replica for vector: 2
2025-11-18 17:23:31,084 - INFO - MainThread - server_logic - [DEBUG] found replica for vector: 3
2025-11-18 17:23:31,084 - INFO - MainThread - server_logic - [DEBUG] found replica for vector: 4
2025-11-18 17:23:31,084 - INFO - MainThread - server_logic - [DEBUG] found replica for vector: 1
2025-11-18 17:23:31,084 - INFO - MainThread - server_logic - [DEBUG] found replica for vector: 2
2025-11-18 17:23:31,084 - INFO - MainThread - server_logic - [DEBUG] found replica for vector: 3
2025-11-18 17:23:31,084 - INFO - MainThread - server_logic - [DEBUG] found replica for vector: 4
2025-11-18 17:23:31,084 - INFO - MainThread - server_logic - [DEBUG] found replica for vector: 1
2025-11-18 17:23:31,084 - INFO - MainThread - server_logic - [DEBUG] found replica for vector: 2
2025-11-18 17:23:31,084 - INFO - MainThread - server_logic - [DEBUG] found replica for vector: 3
2025-11-18 17:23:31,084 - INFO - MainThread - server_logic - [DEBUG] found replica for vector: 4
2025-11-18 17:23:31,084 - INFO - MainThread - server_logic - [DEBUG] found replica for vector: 1
2025-11-18 17:23:31,084 - INFO - MainThread - server_logic - [DEBUG] found replica for vector: 2
2025-11-18 17:23:31,084 - INFO - MainThread - server_logic - [DEBUG] found replica for vector: 3
2025-11-18 17:23:31,084 - INFO - MainThread - server_logic - [DEBUG] found replica for vector: 4
2025-11-18 17:23:31,084 - INFO - MainThread - server_logic - [DEBUG] found replica for vector: 1
2025-11-18 17:23:31,084 - INFO - MainThread - server_logic - [DEBUG] found replica for vector: 2
2025-11-18 17:23:31,084 - INFO - MainThread - server_logic - [DEBUG] found replica for vector: 3
2025-11-18 17:23:31,084 - INFO - MainThread - server_logic - [DEBUG] to me replica for vector: 3
2025-11-18 17:23:31,084 - INFO - MainThread - server_logic - [DEBUG] found replica for vector: 1
2025-11-18 17:23:31,084 - INFO - MainThread - server_logic - [DEBUG] found replica for vector: 2
2025-11-18 17:23:31,084 - INFO - MainThread - server_logic - [DEBUG] found replica for vector: 3
2025-11-18 17:23:31,084 - INFO - MainThread - server_logic - [DEBUG] found replica for vector: 4
2025-11-18 17:23:31,084 - INFO - MainThread - server_logic - [DEBUG] found replica for vector: 1
2025-11-18 17:23:31,084 - INFO - MainThread - server_logic - [DEBUG] found replica for vector: 2
2025-11-18 17:23:31,084 - INFO - MainThread - server_logic - [DEBUG] found replica for vector: 3
2025-11-18 17:23:31,084 - INFO - MainThread - server_logic - [DEBUG] found replica for vector: 4
2025-11-18 17:23:31,085 - INFO - MainThread - server_logic - [DEBUG] found replica for vector: 1
2025-11-18 17:23:31,085 - INFO - MainThread - server_logic - [DEBUG] found replica for vector: 2
2025-11-18 17:23:31,085 - INFO - MainThread - server_logic - [DEBUG] found replica for vector: 3
2025-11-18 17:23:31,085 - INFO - MainThread - server_logic - [DEBUG] found replica for vector: 4
2025-11-18 17:23:31,085 - INFO - MainThread - server_logic - [DEBUG] found replica for vector: 1
2025-11-18 17:23:31,085 - INFO - MainThread - server_logic - [DEBUG] found replica for vector: 2
2025-11-18 17:23:31,085 - INFO - MainThread - server_logic - [DEBUG] found replica for vector: 3
2025-11-18 17:23:31,085 - INFO - MainThread - server_logic - [DEBUG] found replica for vector: 4
2025-11-18 17:23:31,085 - INFO - MainThread - server_logic - [DEBUG] found replica for vector: 1
2025-11-18 17:23:31,085 - INFO - MainThread - server_logic - [DEBUG] found replica for vector: 2
2025-11-18 17:23:31,085 - INFO - MainThread - server_logic - [DEBUG] found replica for vector: 3
2025-11-18 17:23:31,085 - INFO - MainThread - server_logic - [DEBUG] found replica for vector: 4
2025-11-18 17:23:31,085 - INFO - MainThread - server_logic - [DEBUG] found replica for vector: 1
2025-11-18 17:23:31,085 - INFO - MainThread - server_logic - [DEBUG] found replica for vector: 2
2025-11-18 17:23:31,085 - INFO - MainThread - server_logic - [DEBUG] found replica for vector: 3
2025-11-18 17:23:31,085 - INFO - MainThread - server_logic - [DEBUG] found replica for vector: 4
2025-11-18 17:23:31,085 - INFO - MainThread - server_logic - [DEBUG] found replica for vector: 1
2025-11-18 17:23:31,085 - INFO - MainThread - server_logic - [DEBUG] found replica for vector: 2
2025-11-18 17:23:31,085 - INFO - MainThread - server_logic - [DEBUG] found replica for vector: 3
2025-11-18 17:23:31,085 - INFO - MainThread - server_logic - [DEBUG] found replica for vector: 4
2025-11-18 17:23:31,085 - INFO - MainThread - server_logic - [DEBUG] found replica for vector: 1
2025-11-18 17:23:31,085 - INFO - MainThread - server_logic - [DEBUG] found replica for vector: 2
2025-11-18 17:23:31,085 - INFO - MainThread - server_logic - [DEBUG] found replica for vector: 3
2025-11-18 17:23:31,085 - INFO - MainThread - server_logic - [DEBUG] found replica for vector: 4
2025-11-18 17:23:31,085 - INFO - MainThread - server_logic - [DEBUG] found replica for vector: 1
2025-11-18 17:23:31,085 - INFO - MainThread - server_logic - [DEBUG] found replica for vector: 2
2025-11-18 17:23:31,085 - INFO - MainThread - server_logic - [DEBUG] found replica for vector: 3
2025-11-18 17:23:31,085 - INFO - MainThread - server_logic - [DEBUG] found replica for vector: 4
2025-11-18 17:23:31,085 - INFO - MainThread - server_logic - [DEBUG] found replica for vector: 1
2025-11-18 17:23:31,085 - INFO - MainThread - server_logic - [DEBUG] found replica for vector: 2
2025-11-18 17:23:31,085 - INFO - MainThread - server_logic - [DEBUG] found replica for vector: 3
2025-11-18 17:23:31,085 - INFO - MainThread - server_logic - [DEBUG] found replica for vector: 4
2025-11-18 17:23:31,085 - INFO - MainThread - server_logic - [DEBUG] found replica for vector: 1
2025-11-18 17:23:31,085 - INFO - MainThread - server_logic - [DEBUG] found replica for vector: 2
2025-11-18 17:23:31,085 - INFO - MainThread - server_logic - [DEBUG] found replica for vector: 3
2025-11-18 17:23:31,085 - INFO - MainThread - server_logic - [DEBUG] found replica for vector: 4
2025-11-18 17:23:31,085 - INFO - MainThread - server_logic - [DEBUG] found replica for vector: 1
2025-11-18 17:23:31,085 - INFO - MainThread - server_logic - [DEBUG] found replica for vector: 2
2025-11-18 17:23:31,085 - INFO - MainThread - server_logic - [DEBUG] found replica for vector: 3
2025-11-18 17:23:31,085 - INFO - MainThread - server_logic - [DEBUG] found replica for vector: 4
2025-11-18 17:23:31,085 - INFO - MainThread - server_logic - [DEBUG] found replica for vector: 1
2025-11-18 17:23:31,085 - INFO - MainThread - server_logic - [DEBUG] found replica for vector: 2
2025-11-18 17:23:31,085 - INFO - MainThread - server_logic - [DEBUG] found replica for vector: 3
2025-11-18 17:23:31,085 - INFO - MainThread - server_logic - [DEBUG] found replica for vector: 4
2025-11-18 17:23:31,085 - INFO - MainThread - server_logic - [DEBUG] found replica for vector: 1
2025-11-18 17:23:31,085 - INFO - MainThread - server_logic - [DEBUG] found replica for vector: 2
2025-11-18 17:23:31,085 - INFO - MainThread - server_logic - [DEBUG] found replica for vector: 3
2025-11-18 17:23:31,085 - INFO - MainThread - server_logic - [DEBUG] to me replica for vector: 3
2025-11-18 17:23:31,085 - INFO - MainThread - server_logic - [DEBUG] found replica for vector: 1
2025-11-18 17:23:31,085 - INFO - MainThread - server_logic - [DEBUG] found replica for vector: 2
2025-11-18 17:23:31,085 - INFO - MainThread - server_logic - [DEBUG] found replica for vector: 3
2025-11-18 17:23:31,085 - INFO - MainThread - server_logic - [DEBUG] found replica for vector: 4
2025-11-18 17:23:31,085 - INFO - MainThread - server_logic - [DEBUG] found replica for vector: 1
2025-11-18 17:23:31,085 - INFO - MainThread - server_logic - [DEBUG] found replica for vector: 2
2025-11-18 17:23:31,085 - INFO - MainThread - server_logic - [DEBUG] found replica for vector: 3
2025-11-18 17:23:31,085 - INFO - MainThread - server_logic - [DEBUG] to me replica for vector: 3
2025-11-18 17:23:31,086 - INFO - MainThread - server_logic - [DEBUG] found replica for vector: 1
2025-11-18 17:23:31,086 - INFO - MainThread - server_logic - [DEBUG] found replica for vector: 2
2025-11-18 17:23:31,086 - INFO - MainThread - server_logic - [DEBUG] found replica for vector: 3
2025-11-18 17:23:31,086 - INFO - MainThread - server_logic - [DEBUG] found replica for vector: 4
2025-11-18 17:23:31,086 - INFO - MainThread - server_logic - [DEBUG] found replica for vector: 1
2025-11-18 17:23:31,086 - INFO - MainThread - server_logic - [DEBUG] found replica for vector: 2
2025-11-18 17:23:31,086 - INFO - MainThread - server_logic - [DEBUG] found replica for vector: 3
2025-11-18 17:23:31,086 - INFO - MainThread - server_logic - [DEBUG] to me replica for vector: 3
2025-11-18 17:23:31,086 - INFO - MainThread - server_logic - [DEBUG] found replica for vector: 1
2025-11-18 17:23:31,086 - INFO - MainThread - server_logic - [DEBUG] found replica for vector: 2
2025-11-18 17:23:31,086 - INFO - MainThread - server_logic - [DEBUG] found replica for vector: 3
2025-11-18 17:23:31,086 - INFO - MainThread - server_logic - [DEBUG] to me replica for vector: 3
2025-11-18 17:23:31,086 - INFO - MainThread - server_logic - [DEBUG] found replica for vector: 1
2025-11-18 17:23:31,086 - INFO - MainThread - server_logic - [DEBUG] found replica for vector: 2
2025-11-18 17:23:31,086 - INFO - MainThread - server_logic - [DEBUG] found replica for vector: 3
2025-11-18 17:23:31,086 - INFO - MainThread - server_logic - [DEBUG] found replica for vector: 4
2025-11-18 17:23:31,086 - INFO - MainThread - server_logic - [DEBUG] found replica for vector: 1
2025-11-18 17:23:31,086 - INFO - MainThread - server_logic - [DEBUG] found replica for vector: 2
2025-11-18 17:23:31,086 - INFO - MainThread - server_logic - [DEBUG] found replica for vector: 3
2025-11-18 17:23:31,086 - INFO - MainThread - server_logic - [DEBUG] found replica for vector: 4
2025-11-18 17:23:31,086 - INFO - MainThread - server_logic - [DEBUG] found replica for vector: 1
2025-11-18 17:23:31,086 - INFO - MainThread - server_logic - [DEBUG] found replica for vector: 2
2025-11-18 17:23:31,086 - INFO - MainThread - server_logic - [DEBUG] found replica for vector: 3
2025-11-18 17:23:31,086 - INFO - MainThread - server_logic - [DEBUG] found replica for vector: 4
2025-11-18 17:23:31,086 - INFO - MainThread - server_logic - [DEBUG] found replica for vector: 1
2025-11-18 17:23:31,086 - INFO - MainThread - server_logic - [DEBUG] found replica for vector: 2
2025-11-18 17:23:31,086 - INFO - MainThread - server_logic - [DEBUG] found replica for vector: 3
2025-11-18 17:23:31,086 - INFO - MainThread - server_logic - [DEBUG] found replica for vector: 4
2025-11-18 17:23:31,086 - INFO - MainThread - server_logic - [DEBUG] found replica for vector: 1
2025-11-18 17:23:31,086 - INFO - MainThread - server_logic - [DEBUG] found replica for vector: 2
2025-11-18 17:23:31,086 - INFO - MainThread - server_logic - [DEBUG] found replica for vector: 3
2025-11-18 17:23:31,086 - INFO - MainThread - server_logic - [DEBUG] found replica for vector: 4
2025-11-18 17:23:31,086 - INFO - MainThread - server_logic - [DEBUG] found replica for vector: 1
2025-11-18 17:23:31,086 - INFO - MainThread - server_logic - [DEBUG] found replica for vector: 2
2025-11-18 17:23:31,086 - INFO - MainThread - server_logic - [DEBUG] found replica for vector: 3
2025-11-18 17:23:31,086 - INFO - MainThread - server_logic - [DEBUG] found replica for vector: 4
2025-11-18 17:23:31,086 - INFO - MainThread - server_logic - [DEBUG] found replica for vector: 1
2025-11-18 17:23:31,086 - INFO - MainThread - server_logic - [DEBUG] found replica for vector: 2
2025-11-18 17:23:31,086 - INFO - MainThread - server_logic - [DEBUG] found replica for vector: 3
2025-11-18 17:23:31,086 - INFO - MainThread - server_logic - [DEBUG] to me replica for vector: 3
2025-11-18 17:23:31,086 - INFO - MainThread - server_logic - [DEBUG] found replica for vector: 1
2025-11-18 17:23:31,086 - INFO - MainThread - server_logic - [DEBUG] found replica for vector: 2
2025-11-18 17:23:31,086 - INFO - MainThread - server_logic - [DEBUG] found replica for vector: 3
2025-11-18 17:23:31,086 - INFO - MainThread - server_logic - [DEBUG] found replica for vector: 4
2025-11-18 17:23:31,086 - INFO - MainThread - server_logic - [DEBUG] found replica for vector: 1
2025-11-18 17:23:31,086 - INFO - MainThread - server_logic - [DEBUG] found replica for vector: 2
2025-11-18 17:23:31,086 - INFO - MainThread - server_logic - [DEBUG] found replica for vector: 3
2025-11-18 17:23:31,086 - INFO - MainThread - server_logic - [DEBUG] found replica for vector: 4
2025-11-18 17:23:31,086 - INFO - MainThread - server_logic - [DEBUG] found replica for vector: 1
2025-11-18 17:23:31,086 - INFO - MainThread - server_logic - [DEBUG] found replica for vector: 2
2025-11-18 17:23:31,086 - INFO - MainThread - server_logic - [DEBUG] found replica for vector: 3
2025-11-18 17:23:31,086 - INFO - MainThread - server_logic - [DEBUG] found replica for vector: 4
2025-11-18 17:23:31,086 - INFO - MainThread - server_logic - [DEBUG] found replica for vector: 1
2025-11-18 17:23:31,086 - INFO - MainThread - server_logic - [DEBUG] found replica for vector: 2
2025-11-18 17:23:31,086 - INFO - MainThread - server_logic - [DEBUG] found replica for vector: 3
2025-11-18 17:23:31,086 - INFO - MainThread - server_logic - [DEBUG] found replica for vector: 4
2025-11-18 17:23:31,086 - INFO - MainThread - server_logic - [DEBUG] found replica for vector: 1
2025-11-18 17:23:31,087 - INFO - MainThread - server_logic - [DEBUG] found replica for vector: 2
2025-11-18 17:23:31,087 - INFO - MainThread - server_logic - [DEBUG] found replica for vector: 3
2025-11-18 17:23:31,087 - INFO - MainThread - server_logic - [DEBUG] to me replica for vector: 3
2025-11-18 17:23:31,087 - INFO - MainThread - server_logic - [DEBUG] found replica for vector: 1
2025-11-18 17:23:31,087 - INFO - MainThread - server_logic - [DEBUG] found replica for vector: 2
2025-11-18 17:23:31,087 - INFO - MainThread - server_logic - [DEBUG] found replica for vector: 3
2025-11-18 17:23:31,087 - INFO - MainThread - server_logic - [DEBUG] found replica for vector: 4
2025-11-18 17:23:31,087 - INFO - MainThread - server_logic - [DEBUG] found replica for vector: 1
2025-11-18 17:23:31,087 - INFO - MainThread - server_logic - [DEBUG] found replica for vector: 2
2025-11-18 17:23:31,087 - INFO - MainThread - server_logic - [DEBUG] found replica for vector: 3
2025-11-18 17:23:31,087 - INFO - MainThread - server_logic - [DEBUG] to me replica for vector: 3
2025-11-18 17:23:31,087 - INFO - MainThread - server_logic - [DEBUG] found replica for vector: 1
2025-11-18 17:23:31,087 - INFO - MainThread - server_logic - [DEBUG] found replica for vector: 2
2025-11-18 17:23:31,087 - INFO - MainThread - server_logic - [DEBUG] found replica for vector: 3
2025-11-18 17:23:31,087 - INFO - MainThread - server_logic - [DEBUG] found replica for vector: 4
2025-11-18 17:23:31,087 - INFO - MainThread - server_logic - [DEBUG] found replica for vector: 1
2025-11-18 17:23:31,087 - INFO - MainThread - server_logic - [DEBUG] found replica for vector: 2
2025-11-18 17:23:31,087 - INFO - MainThread - server_logic - [DEBUG] found replica for vector: 3
2025-11-18 17:23:31,087 - INFO - MainThread - server_logic - [DEBUG] to me replica for vector: 3
2025-11-18 17:23:31,087 - INFO - MainThread - server_logic - [DEBUG] found replica for vector: 1
2025-11-18 17:23:31,087 - INFO - MainThread - server_logic - [DEBUG] found replica for vector: 2
2025-11-18 17:23:31,087 - INFO - MainThread - server_logic - [DEBUG] found replica for vector: 3
2025-11-18 17:23:31,087 - INFO - MainThread - server_logic - [DEBUG] found replica for vector: 4
2025-11-18 17:23:31,087 - INFO - MainThread - server_logic - [DEBUG] found replica for vector: 1
2025-11-18 17:23:31,087 - INFO - MainThread - server_logic - [DEBUG] found replica for vector: 2
2025-11-18 17:23:31,087 - INFO - MainThread - server_logic - [DEBUG] found replica for vector: 3
2025-11-18 17:23:31,087 - INFO - MainThread - server_logic - [DEBUG] found replica for vector: 4
2025-11-18 17:23:31,087 - INFO - MainThread - server_logic - [DEBUG] found replica for vector: 1
2025-11-18 17:23:31,087 - INFO - MainThread - server_logic - [DEBUG] found replica for vector: 2
2025-11-18 17:23:31,087 - INFO - MainThread - server_logic - [DEBUG] found replica for vector: 3
2025-11-18 17:23:31,087 - INFO - MainThread - server_logic - [DEBUG] found replica for vector: 4
2025-11-18 17:23:31,087 - INFO - MainThread - server_logic - [DEBUG] found replica for vector: 1
2025-11-18 17:23:31,087 - INFO - MainThread - server_logic - [DEBUG] found replica for vector: 2
2025-11-18 17:23:31,087 - INFO - MainThread - server_logic - [DEBUG] found replica for vector: 3
2025-11-18 17:23:31,087 - INFO - MainThread - server_logic - [DEBUG] to me replica for vector: 3
2025-11-18 17:23:31,087 - INFO - MainThread - server_logic - [DEBUG] found replica for vector: 1
2025-11-18 17:23:31,087 - INFO - MainThread - server_logic - [DEBUG] found replica for vector: 2
2025-11-18 17:23:31,087 - INFO - MainThread - server_logic - [DEBUG] found replica for vector: 3
2025-11-18 17:23:31,087 - INFO - MainThread - server_logic - [DEBUG] to me replica for vector: 3
2025-11-18 17:23:31,087 - INFO - MainThread - server_logic - [DEBUG] found replica for vector: 1
2025-11-18 17:23:31,087 - INFO - MainThread - server_logic - [DEBUG] found replica for vector: 2
2025-11-18 17:23:31,087 - INFO - MainThread - server_logic - [DEBUG] found replica for vector: 3
2025-11-18 17:23:31,087 - INFO - MainThread - server_logic - [DEBUG] found replica for vector: 4
2025-11-18 17:23:31,087 - INFO - MainThread - server_logic - [DEBUG] found replica for vector: 1
2025-11-18 17:23:31,087 - INFO - MainThread - server_logic - [DEBUG] found replica for vector: 2
2025-11-18 17:23:31,087 - INFO - MainThread - server_logic - [DEBUG] found replica for vector: 3
2025-11-18 17:23:31,087 - INFO - MainThread - server_logic - [DEBUG] to me replica for vector: 3
2025-11-18 17:23:31,087 - INFO - MainThread - server_logic - [DEBUG] found replica for vector: 1
2025-11-18 17:23:31,087 - INFO - MainThread - server_logic - [DEBUG] found replica for vector: 2
2025-11-18 17:23:31,087 - INFO - MainThread - server_logic - [DEBUG] found replica for vector: 3
2025-11-18 17:23:31,087 - INFO - MainThread - server_logic - [DEBUG] found replica for vector: 4
2025-11-18 17:23:31,087 - INFO - MainThread - server_logic - [DEBUG] found replica for vector: 1
2025-11-18 17:23:31,087 - INFO - MainThread - server_logic - [DEBUG] found replica for vector: 2
2025-11-18 17:23:31,087 - INFO - MainThread - server_logic - [DEBUG] found replica for vector: 3
2025-11-18 17:23:31,087 - INFO - MainThread - server_logic - [DEBUG] to me replica for vector: 3
2025-11-18 17:23:31,087 - INFO - MainThread - server_logic - [DEBUG] found replica for vector: 1
2025-11-18 17:23:31,087 - INFO - MainThread - server_logic - [DEBUG] found replica for vector: 2
2025-11-18 17:23:31,087 - INFO - MainThread - server_logic - [DEBUG] found replica for vector: 3
2025-11-18 17:23:31,088 - INFO - MainThread - server_logic - [DEBUG] found replica for vector: 4
2025-11-18 17:23:31,088 - INFO - MainThread - server_logic - [DEBUG] found replica for vector: 1
2025-11-18 17:23:31,088 - INFO - MainThread - server_logic - [DEBUG] found replica for vector: 2
2025-11-18 17:23:31,088 - INFO - MainThread - server_logic - [DEBUG] found replica for vector: 3
2025-11-18 17:23:31,088 - INFO - MainThread - server_logic - [DEBUG] found replica for vector: 4
2025-11-18 17:23:31,088 - INFO - MainThread - server_logic - [DEBUG] found replica for vector: 1
2025-11-18 17:23:31,088 - INFO - MainThread - server_logic - [DEBUG] found replica for vector: 2
2025-11-18 17:23:31,088 - INFO - MainThread - server_logic - [DEBUG] found replica for vector: 3
2025-11-18 17:23:31,088 - INFO - MainThread - server_logic - [DEBUG] found replica for vector: 4
2025-11-18 17:23:31,088 - INFO - MainThread - server_logic - [DEBUG] found replica for vector: 1
2025-11-18 17:23:31,088 - INFO - MainThread - server_logic - [DEBUG] found replica for vector: 2
2025-11-18 17:23:31,088 - INFO - MainThread - server_logic - [DEBUG] found replica for vector: 3
2025-11-18 17:23:31,088 - INFO - MainThread - server_logic - [DEBUG] found replica for vector: 4
2025-11-18 17:23:31,088 - INFO - MainThread - server_logic - [DEBUG] found replica for vector: 1
2025-11-18 17:23:31,088 - INFO - MainThread - server_logic - [DEBUG] found replica for vector: 2
2025-11-18 17:23:31,088 - INFO - MainThread - server_logic - [DEBUG] found replica for vector: 3
2025-11-18 17:23:31,088 - INFO - MainThread - server_logic - [DEBUG] found replica for vector: 4
2025-11-18 17:23:31,088 - INFO - MainThread - server_logic - [DEBUG] found replica for vector: 1
2025-11-18 17:23:31,088 - INFO - MainThread - server_logic - [DEBUG] found replica for vector: 2
2025-11-18 17:23:31,088 - INFO - MainThread - server_logic - [DEBUG] found replica for vector: 3
2025-11-18 17:23:31,088 - INFO - MainThread - server_logic - [DEBUG] found replica for vector: 4
2025-11-18 17:23:31,088 - INFO - MainThread - server_logic - [DEBUG] found replica for vector: 1
2025-11-18 17:23:31,088 - INFO - MainThread - server_logic - [DEBUG] found replica for vector: 2
2025-11-18 17:23:31,088 - INFO - MainThread - server_logic - [DEBUG] found replica for vector: 3
2025-11-18 17:23:31,088 - INFO - MainThread - server_logic - [DEBUG] to me replica for vector: 3
2025-11-18 17:23:31,088 - INFO - MainThread - server_logic - [DEBUG] found replica for vector: 1
2025-11-18 17:23:31,088 - INFO - MainThread - server_logic - [DEBUG] found replica for vector: 2
2025-11-18 17:23:31,088 - INFO - MainThread - server_logic - [DEBUG] found replica for vector: 3
2025-11-18 17:23:31,088 - INFO - MainThread - server_logic - [DEBUG] to me replica for vector: 3
2025-11-18 17:23:31,088 - INFO - MainThread - server_logic - [DEBUG] found replica for vector: 1
2025-11-18 17:23:31,088 - INFO - MainThread - server_logic - [DEBUG] found replica for vector: 2
2025-11-18 17:23:31,088 - INFO - MainThread - server_logic - [DEBUG] found replica for vector: 3
2025-11-18 17:23:31,088 - INFO - MainThread - server_logic - [DEBUG] to me replica for vector: 3
2025-11-18 17:23:31,088 - INFO - MainThread - server_logic - [DEBUG] found replica for vector: 1
2025-11-18 17:23:31,088 - INFO - MainThread - server_logic - [DEBUG] found replica for vector: 2
2025-11-18 17:23:31,088 - INFO - MainThread - server_logic - [DEBUG] found replica for vector: 3
2025-11-18 17:23:31,088 - INFO - MainThread - server_logic - [DEBUG] to me replica for vector: 3
2025-11-18 17:23:31,088 - INFO - MainThread - server_logic - [DEBUG] found replica for vector: 1
2025-11-18 17:23:31,088 - INFO - MainThread - server_logic - [DEBUG] found replica for vector: 2
2025-11-18 17:23:31,088 - INFO - MainThread - server_logic - [DEBUG] found replica for vector: 3
2025-11-18 17:23:31,088 - INFO - MainThread - server_logic - [DEBUG] found replica for vector: 4
2025-11-18 17:23:31,088 - INFO - MainThread - server_logic - [DEBUG] found replica for vector: 1
2025-11-18 17:23:31,088 - INFO - MainThread - server_logic - [DEBUG] found replica for vector: 2
2025-11-18 17:23:31,088 - INFO - MainThread - server_logic - [DEBUG] found replica for vector: 3
2025-11-18 17:23:31,088 - INFO - MainThread - server_logic - [DEBUG] to me replica for vector: 3
2025-11-18 17:23:31,088 - INFO - MainThread - server_logic - [DEBUG] found replica for vector: 1
2025-11-18 17:23:31,088 - INFO - MainThread - server_logic - [DEBUG] found replica for vector: 2
2025-11-18 17:23:31,088 - INFO - MainThread - server_logic - [DEBUG] found replica for vector: 3
2025-11-18 17:23:31,088 - INFO - MainThread - server_logic - [DEBUG] found replica for vector: 4
2025-11-18 17:23:31,088 - INFO - MainThread - server_logic - [DEBUG] found replica for vector: 1
2025-11-18 17:23:31,088 - INFO - MainThread - server_logic - [DEBUG] found replica for vector: 2
2025-11-18 17:23:31,088 - INFO - MainThread - server_logic - [DEBUG] found replica for vector: 3
2025-11-18 17:23:31,088 - INFO - MainThread - server_logic - [DEBUG] found replica for vector: 4
2025-11-18 17:23:31,088 - INFO - MainThread - server_logic - [DEBUG] found replica for vector: 1
2025-11-18 17:23:31,088 - INFO - MainThread - server_logic - [DEBUG] found replica for vector: 2
2025-11-18 17:23:31,088 - INFO - MainThread - server_logic - [DEBUG] found replica for vector: 3
2025-11-18 17:23:31,088 - INFO - MainThread - server_logic - [DEBUG] found replica for vector: 4
2025-11-18 17:23:31,089 - INFO - MainThread - server_logic - [DEBUG] found replica for vector: 1
2025-11-18 17:23:31,089 - INFO - MainThread - server_logic - [DEBUG] found replica for vector: 2
2025-11-18 17:23:31,089 - INFO - MainThread - server_logic - [DEBUG] found replica for vector: 3
2025-11-18 17:23:31,089 - INFO - MainThread - server_logic - [DEBUG] found replica for vector: 4
2025-11-18 17:23:31,089 - INFO - MainThread - server_logic - [DEBUG] found replica for vector: 1
2025-11-18 17:23:31,089 - INFO - MainThread - server_logic - [DEBUG] found replica for vector: 2
2025-11-18 17:23:31,089 - INFO - MainThread - server_logic - [DEBUG] found replica for vector: 3
2025-11-18 17:23:31,089 - INFO - MainThread - server_logic - [DEBUG] found replica for vector: 4
2025-11-18 17:23:31,089 - INFO - MainThread - server_logic - [DEBUG] found replica for vector: 1
2025-11-18 17:23:31,089 - INFO - MainThread - server_logic - [DEBUG] found replica for vector: 2
2025-11-18 17:23:31,089 - INFO - MainThread - server_logic - [DEBUG] found replica for vector: 3
2025-11-18 17:23:31,089 - INFO - MainThread - server_logic - [DEBUG] found replica for vector: 4
2025-11-18 17:23:31,089 - INFO - MainThread - server_logic - [DEBUG] found replica for vector: 1
2025-11-18 17:23:31,089 - INFO - MainThread - server_logic - [DEBUG] found replica for vector: 2
2025-11-18 17:23:31,089 - INFO - MainThread - server_logic - [DEBUG] found replica for vector: 3
2025-11-18 17:23:31,089 - INFO - MainThread - server_logic - [DEBUG] found replica for vector: 4
2025-11-18 17:23:31,089 - INFO - MainThread - server_logic - [DEBUG] found replica for vector: 1
2025-11-18 17:23:31,089 - INFO - MainThread - server_logic - [DEBUG] found replica for vector: 2
2025-11-18 17:23:31,089 - INFO - MainThread - server_logic - [DEBUG] found replica for vector: 3
2025-11-18 17:23:31,089 - INFO - MainThread - server_logic - [DEBUG] found replica for vector: 4
2025-11-18 17:23:31,089 - INFO - MainThread - server_logic - [DEBUG] found replica for vector: 1
2025-11-18 17:23:31,089 - INFO - MainThread - server_logic - [DEBUG] found replica for vector: 2
2025-11-18 17:23:31,089 - INFO - MainThread - server_logic - [DEBUG] found replica for vector: 3
2025-11-18 17:23:31,089 - INFO - MainThread - server_logic - [DEBUG] found replica for vector: 4
2025-11-18 17:23:31,089 - INFO - MainThread - server_logic - [DEBUG] found replica for vector: 1
2025-11-18 17:23:31,089 - INFO - MainThread - server_logic - [DEBUG] found replica for vector: 2
2025-11-18 17:23:31,089 - INFO - MainThread - server_logic - [DEBUG] found replica for vector: 3
2025-11-18 17:23:31,089 - INFO - MainThread - server_logic - [DEBUG] to me replica for vector: 3
2025-11-18 17:23:31,089 - INFO - MainThread - server_logic - [DEBUG] found replica for vector: 1
2025-11-18 17:23:31,089 - INFO - MainThread - server_logic - [DEBUG] found replica for vector: 2
2025-11-18 17:23:31,089 - INFO - MainThread - server_logic - [DEBUG] found replica for vector: 3
2025-11-18 17:23:31,089 - INFO - MainThread - server_logic - [DEBUG] found replica for vector: 4
2025-11-18 17:23:31,089 - INFO - MainThread - server_logic - [DEBUG] found replica for vector: 1
2025-11-18 17:23:31,089 - INFO - MainThread - server_logic - [DEBUG] found replica for vector: 2
2025-11-18 17:23:31,089 - INFO - MainThread - server_logic - [DEBUG] found replica for vector: 3
2025-11-18 17:23:31,089 - INFO - MainThread - server_logic - [DEBUG] found replica for vector: 4
2025-11-18 17:23:31,089 - INFO - MainThread - server_logic - [DEBUG] found replica for vector: 1
2025-11-18 17:23:31,089 - INFO - MainThread - server_logic - [DEBUG] found replica for vector: 2
2025-11-18 17:23:31,089 - INFO - MainThread - server_logic - [DEBUG] found replica for vector: 3
2025-11-18 17:23:31,089 - INFO - MainThread - server_logic - [DEBUG] found replica for vector: 4
2025-11-18 17:23:31,089 - INFO - MainThread - server_logic - [DEBUG] found replica for vector: 1
2025-11-18 17:23:31,089 - INFO - MainThread - server_logic - [DEBUG] found replica for vector: 2
2025-11-18 17:23:31,089 - INFO - MainThread - server_logic - [DEBUG] found replica for vector: 3
2025-11-18 17:23:31,089 - INFO - MainThread - server_logic - [DEBUG] found replica for vector: 4
2025-11-18 17:23:31,089 - INFO - MainThread - server_logic - [DEBUG] found replica for vector: 1
2025-11-18 17:23:31,089 - INFO - MainThread - server_logic - [DEBUG] found replica for vector: 2
2025-11-18 17:23:31,089 - INFO - MainThread - server_logic - [DEBUG] found replica for vector: 3
2025-11-18 17:23:31,089 - INFO - MainThread - server_logic - [DEBUG] found replica for vector: 4
2025-11-18 17:23:31,089 - INFO - MainThread - server_logic - [DEBUG] found replica for vector: 1
2025-11-18 17:23:31,089 - INFO - MainThread - server_logic - [DEBUG] found replica for vector: 2
2025-11-18 17:23:31,089 - INFO - MainThread - server_logic - [DEBUG] found replica for vector: 3
2025-11-18 17:23:31,089 - INFO - MainThread - server_logic - [DEBUG] found replica for vector: 4
2025-11-18 17:23:31,089 - INFO - MainThread - server_logic - [DEBUG] found replica for vector: 1
2025-11-18 17:23:31,089 - INFO - MainThread - server_logic - [DEBUG] found replica for vector: 2
2025-11-18 17:23:31,089 - INFO - MainThread - server_logic - [DEBUG] found replica for vector: 3
2025-11-18 17:23:31,089 - INFO - MainThread - server_logic - [DEBUG] found replica for vector: 4
2025-11-18 17:23:31,090 - INFO - MainThread - server_logic - [DEBUG] found replica for vector: 1
2025-11-18 17:23:31,090 - INFO - MainThread - server_logic - [DEBUG] found replica for vector: 2
2025-11-18 17:23:31,090 - INFO - MainThread - server_logic - [DEBUG] found replica for vector: 3
2025-11-18 17:23:31,090 - INFO - MainThread - server_logic - [DEBUG] found replica for vector: 4
2025-11-18 17:23:31,090 - INFO - MainThread - server_logic - [DEBUG] found replica for vector: 1
2025-11-18 17:23:31,090 - INFO - MainThread - server_logic - [DEBUG] found replica for vector: 2
2025-11-18 17:23:31,090 - INFO - MainThread - server_logic - [DEBUG] found replica for vector: 3
2025-11-18 17:23:31,090 - INFO - MainThread - server_logic - [DEBUG] found replica for vector: 4
2025-11-18 17:23:31,090 - INFO - MainThread - server_logic - [DEBUG] found replica for vector: 1
2025-11-18 17:23:31,090 - INFO - MainThread - server_logic - [DEBUG] found replica for vector: 2
2025-11-18 17:23:31,090 - INFO - MainThread - server_logic - [DEBUG] found replica for vector: 3
2025-11-18 17:23:31,090 - INFO - MainThread - server_logic - [DEBUG] to me replica for vector: 3
2025-11-18 17:23:31,090 - INFO - MainThread - server_logic - [DEBUG] found replica for vector: 1
2025-11-18 17:23:31,090 - INFO - MainThread - server_logic - [DEBUG] found replica for vector: 2
2025-11-18 17:23:31,090 - INFO - MainThread - server_logic - [DEBUG] found replica for vector: 3
2025-11-18 17:23:31,090 - INFO - MainThread - server_logic - [DEBUG] found replica for vector: 4
2025-11-18 17:23:31,090 - INFO - MainThread - server_logic - [DEBUG] found replica for vector: 1
2025-11-18 17:23:31,090 - INFO - MainThread - server_logic - [DEBUG] found replica for vector: 2
2025-11-18 17:23:31,090 - INFO - MainThread - server_logic - [DEBUG] found replica for vector: 3
2025-11-18 17:23:31,090 - INFO - MainThread - server_logic - [DEBUG] to me replica for vector: 3
2025-11-18 17:23:31,090 - INFO - MainThread - server_logic - [DEBUG] found replica for vector: 1
2025-11-18 17:23:31,090 - INFO - MainThread - server_logic - [DEBUG] found replica for vector: 2
2025-11-18 17:23:31,090 - INFO - MainThread - server_logic - [DEBUG] found replica for vector: 3
2025-11-18 17:23:31,090 - INFO - MainThread - server_logic - [DEBUG] to me replica for vector: 3
2025-11-18 17:23:31,090 - INFO - MainThread - server_logic - [DEBUG] found replica for vector: 1
2025-11-18 17:23:31,090 - INFO - MainThread - server_logic - [DEBUG] found replica for vector: 2
2025-11-18 17:23:31,090 - INFO - MainThread - server_logic - [DEBUG] found replica for vector: 3
2025-11-18 17:23:31,090 - INFO - MainThread - server_logic - [DEBUG] found replica for vector: 4
2025-11-18 17:23:31,090 - INFO - MainThread - server_logic - [DEBUG] found replica for vector: 1
2025-11-18 17:23:31,090 - INFO - MainThread - server_logic - [DEBUG] found replica for vector: 2
2025-11-18 17:23:31,090 - INFO - MainThread - server_logic - [DEBUG] found replica for vector: 3
2025-11-18 17:23:31,090 - INFO - MainThread - server_logic - [DEBUG] to me replica for vector: 3
2025-11-18 17:23:31,090 - INFO - MainThread - server_logic - [DEBUG] found replica for vector: 1
2025-11-18 17:23:31,090 - INFO - MainThread - server_logic - [DEBUG] found replica for vector: 2
2025-11-18 17:23:31,090 - INFO - MainThread - server_logic - [DEBUG] found replica for vector: 3
2025-11-18 17:23:31,090 - INFO - MainThread - server_logic - [DEBUG] found replica for vector: 4
2025-11-18 17:23:31,090 - INFO - MainThread - server_logic - [DEBUG] found replica for vector: 1
2025-11-18 17:23:31,090 - INFO - MainThread - server_logic - [DEBUG] found replica for vector: 2
2025-11-18 17:23:31,090 - INFO - MainThread - server_logic - [DEBUG] found replica for vector: 3
2025-11-18 17:23:31,090 - INFO - MainThread - server_logic - [DEBUG] to me replica for vector: 3
2025-11-18 17:23:31,090 - INFO - MainThread - server_logic - [DEBUG] found replica for vector: 1
2025-11-18 17:23:31,090 - INFO - MainThread - server_logic - [DEBUG] found replica for vector: 2
2025-11-18 17:23:31,090 - INFO - MainThread - server_logic - [DEBUG] found replica for vector: 3
2025-11-18 17:23:31,090 - INFO - MainThread - server_logic - [DEBUG] to me replica for vector: 3
2025-11-18 17:23:31,090 - INFO - MainThread - server_logic - [DEBUG] found replica for vector: 1
2025-11-18 17:23:31,090 - INFO - MainThread - server_logic - [DEBUG] found replica for vector: 2
2025-11-18 17:23:31,090 - INFO - MainThread - server_logic - [DEBUG] found replica for vector: 3
2025-11-18 17:23:31,090 - INFO - MainThread - server_logic - [DEBUG] found replica for vector: 4
2025-11-18 17:23:31,090 - INFO - MainThread - server_logic - [DEBUG] found replica for vector: 1
2025-11-18 17:23:31,090 - INFO - MainThread - server_logic - [DEBUG] found replica for vector: 2
2025-11-18 17:23:31,090 - INFO - MainThread - server_logic - [DEBUG] found replica for vector: 3
2025-11-18 17:23:31,090 - INFO - MainThread - server_logic - [DEBUG] found replica for vector: 4
2025-11-18 17:23:31,090 - INFO - MainThread - server_logic - [DEBUG] found replica for vector: 1
2025-11-18 17:23:31,090 - INFO - MainThread - server_logic - [DEBUG] found replica for vector: 2
2025-11-18 17:23:31,090 - INFO - MainThread - server_logic - [DEBUG] found replica for vector: 3
2025-11-18 17:23:31,090 - INFO - MainThread - server_logic - [DEBUG] found replica for vector: 4
2025-11-18 17:23:31,090 - INFO - MainThread - server_logic - [DEBUG] found replica for vector: 1
2025-11-18 17:23:31,091 - INFO - MainThread - server_logic - [DEBUG] found replica for vector: 2
2025-11-18 17:23:31,091 - INFO - MainThread - server_logic - [DEBUG] found replica for vector: 3
2025-11-18 17:23:31,091 - INFO - MainThread - server_logic - [DEBUG] found replica for vector: 4
2025-11-18 17:23:31,091 - INFO - MainThread - server_logic - [DEBUG] found replica for vector: 1
2025-11-18 17:23:31,091 - INFO - MainThread - server_logic - [DEBUG] found replica for vector: 2
2025-11-18 17:23:31,091 - INFO - MainThread - server_logic - [DEBUG] found replica for vector: 3
2025-11-18 17:23:31,091 - INFO - MainThread - server_logic - [DEBUG] found replica for vector: 4
2025-11-18 17:23:31,091 - INFO - MainThread - server_logic - [DEBUG] found replica for vector: 1
2025-11-18 17:23:31,091 - INFO - MainThread - server_logic - [DEBUG] found replica for vector: 2
2025-11-18 17:23:31,091 - INFO - MainThread - server_logic - [DEBUG] found replica for vector: 3
2025-11-18 17:23:31,091 - INFO - MainThread - server_logic - [DEBUG] found replica for vector: 4
2025-11-18 17:23:31,091 - INFO - MainThread - server_logic - [DEBUG] found replica for vector: 1
2025-11-18 17:23:31,091 - INFO - MainThread - server_logic - [DEBUG] found replica for vector: 2
2025-11-18 17:23:31,091 - INFO - MainThread - server_logic - [DEBUG] found replica for vector: 3
2025-11-18 17:23:31,091 - INFO - MainThread - server_logic - [DEBUG] to me replica for vector: 3
2025-11-18 17:23:31,091 - INFO - MainThread - server_logic - [DEBUG] found replica for vector: 1
2025-11-18 17:23:31,091 - INFO - MainThread - server_logic - [DEBUG] found replica for vector: 2
2025-11-18 17:23:31,091 - INFO - MainThread - server_logic - [DEBUG] found replica for vector: 3
2025-11-18 17:23:31,091 - INFO - MainThread - server_logic - [DEBUG] found replica for vector: 4
2025-11-18 17:23:31,091 - INFO - MainThread - server_logic - [DEBUG] found replica for vector: 1
2025-11-18 17:23:31,091 - INFO - MainThread - server_logic - [DEBUG] found replica for vector: 2
2025-11-18 17:23:31,091 - INFO - MainThread - server_logic - [DEBUG] found replica for vector: 3
2025-11-18 17:23:31,091 - INFO - MainThread - server_logic - [DEBUG] found replica for vector: 4
2025-11-18 17:23:31,091 - INFO - MainThread - server_logic - [DEBUG] found replica for vector: 1
2025-11-18 17:23:31,091 - INFO - MainThread - server_logic - [DEBUG] found replica for vector: 2
2025-11-18 17:23:31,091 - INFO - MainThread - server_logic - [DEBUG] found replica for vector: 3
2025-11-18 17:23:31,091 - INFO - MainThread - server_logic - [DEBUG] to me replica for vector: 3
2025-11-18 17:23:31,091 - INFO - MainThread - server_logic - [DEBUG] found replica for vector: 1
2025-11-18 17:23:31,091 - INFO - MainThread - server_logic - [DEBUG] found replica for vector: 2
2025-11-18 17:23:31,091 - INFO - MainThread - server_logic - [DEBUG] found replica for vector: 3
2025-11-18 17:23:31,091 - INFO - MainThread - server_logic - [DEBUG] found replica for vector: 4
2025-11-18 17:23:31,091 - INFO - MainThread - server_logic - [DEBUG] found replica for vector: 1
2025-11-18 17:23:31,091 - INFO - MainThread - server_logic - [DEBUG] found replica for vector: 2
2025-11-18 17:23:31,091 - INFO - MainThread - server_logic - [DEBUG] found replica for vector: 3
2025-11-18 17:23:31,091 - INFO - MainThread - server_logic - [DEBUG] found replica for vector: 4
2025-11-18 17:23:31,091 - INFO - MainThread - server_logic - [DEBUG] found replica for vector: 1
2025-11-18 17:23:31,091 - INFO - MainThread - server_logic - [DEBUG] found replica for vector: 2
2025-11-18 17:23:31,091 - INFO - MainThread - server_logic - [DEBUG] found replica for vector: 3
2025-11-18 17:23:31,091 - INFO - MainThread - server_logic - [DEBUG] found replica for vector: 4
2025-11-18 17:23:31,091 - INFO - MainThread - server_logic - [DEBUG] found replica for vector: 1
2025-11-18 17:23:31,091 - INFO - MainThread - server_logic - [DEBUG] found replica for vector: 2
2025-11-18 17:23:31,091 - INFO - MainThread - server_logic - [DEBUG] found replica for vector: 3
2025-11-18 17:23:31,091 - INFO - MainThread - server_logic - [DEBUG] found replica for vector: 4
2025-11-18 17:23:31,091 - INFO - MainThread - server_logic - [DEBUG] found replica for vector: 1
2025-11-18 17:23:31,091 - INFO - MainThread - server_logic - [DEBUG] found replica for vector: 2
2025-11-18 17:23:31,091 - INFO - MainThread - server_logic - [DEBUG] found replica for vector: 3
2025-11-18 17:23:31,091 - INFO - MainThread - server_logic - [DEBUG] to me replica for vector: 3
2025-11-18 17:23:31,091 - INFO - MainThread - server_logic - [DEBUG] found replica for vector: 1
2025-11-18 17:23:31,091 - INFO - MainThread - server_logic - [DEBUG] found replica for vector: 2
2025-11-18 17:23:31,091 - INFO - MainThread - server_logic - [DEBUG] found replica for vector: 3
2025-11-18 17:23:31,091 - INFO - MainThread - server_logic - [DEBUG] found replica for vector: 4
2025-11-18 17:23:31,091 - INFO - MainThread - server_logic - [DEBUG] found replica for vector: 1
2025-11-18 17:23:31,091 - INFO - MainThread - server_logic - [DEBUG] found replica for vector: 2
2025-11-18 17:23:31,091 - INFO - MainThread - server_logic - [DEBUG] found replica for vector: 3
2025-11-18 17:23:31,091 - INFO - MainThread - server_logic - [DEBUG] found replica for vector: 4
2025-11-18 17:23:31,091 - INFO - MainThread - server_logic - [DEBUG] found replica for vector: 1
2025-11-18 17:23:31,091 - INFO - MainThread - server_logic - [DEBUG] found replica for vector: 2
2025-11-18 17:23:31,091 - INFO - MainThread - server_logic - [DEBUG] found replica for vector: 3
2025-11-18 17:23:31,092 - INFO - MainThread - server_logic - [DEBUG] to me replica for vector: 3
2025-11-18 17:23:31,092 - INFO - MainThread - server_logic - [DEBUG] found replica for vector: 1
2025-11-18 17:23:31,092 - INFO - MainThread - server_logic - [DEBUG] found replica for vector: 2
2025-11-18 17:23:31,092 - INFO - MainThread - server_logic - [DEBUG] found replica for vector: 3
2025-11-18 17:23:31,092 - INFO - MainThread - server_logic - [DEBUG] found replica for vector: 4
2025-11-18 17:23:31,092 - INFO - MainThread - server_logic - [DEBUG] found replica for vector: 1
2025-11-18 17:23:31,092 - INFO - MainThread - server_logic - [DEBUG] found replica for vector: 2
2025-11-18 17:23:31,092 - INFO - MainThread - server_logic - [DEBUG] found replica for vector: 3
2025-11-18 17:23:31,092 - INFO - MainThread - server_logic - [DEBUG] found replica for vector: 4
2025-11-18 17:23:31,092 - INFO - MainThread - server_logic - [DEBUG] found replica for vector: 1
2025-11-18 17:23:31,092 - INFO - MainThread - server_logic - [DEBUG] found replica for vector: 2
2025-11-18 17:23:31,092 - INFO - MainThread - server_logic - [DEBUG] found replica for vector: 3
2025-11-18 17:23:31,092 - INFO - MainThread - server_logic - [DEBUG] to me replica for vector: 3
2025-11-18 17:23:31,092 - INFO - MainThread - server_logic - [DEBUG] found replica for vector: 1
2025-11-18 17:23:31,092 - INFO - MainThread - server_logic - [DEBUG] found replica for vector: 2
2025-11-18 17:23:31,092 - INFO - MainThread - server_logic - [DEBUG] found replica for vector: 3
2025-11-18 17:23:31,092 - INFO - MainThread - server_logic - [DEBUG] found replica for vector: 4
2025-11-18 17:23:31,092 - INFO - MainThread - server_logic - [DEBUG] found replica for vector: 1
2025-11-18 17:23:31,092 - INFO - MainThread - server_logic - [DEBUG] found replica for vector: 2
2025-11-18 17:23:31,092 - INFO - MainThread - server_logic - [DEBUG] found replica for vector: 3
2025-11-18 17:23:31,092 - INFO - MainThread - server_logic - [DEBUG] found replica for vector: 4
2025-11-18 17:23:31,092 - INFO - MainThread - server_logic - [DEBUG] found replica for vector: 1
2025-11-18 17:23:31,092 - INFO - MainThread - server_logic - [DEBUG] found replica for vector: 2
2025-11-18 17:23:31,092 - INFO - MainThread - server_logic - [DEBUG] found replica for vector: 3
2025-11-18 17:23:31,092 - INFO - MainThread - server_logic - [DEBUG] found replica for vector: 4
2025-11-18 17:23:31,092 - INFO - MainThread - server_logic - [DEBUG] found replica for vector: 1
2025-11-18 17:23:31,092 - INFO - MainThread - server_logic - [DEBUG] found replica for vector: 2
2025-11-18 17:23:31,092 - INFO - MainThread - server_logic - [DEBUG] found replica for vector: 3
2025-11-18 17:23:31,092 - INFO - MainThread - server_logic - [DEBUG] found replica for vector: 4
2025-11-18 17:23:31,092 - INFO - MainThread - server_logic - [DEBUG] found replica for vector: 1
2025-11-18 17:23:31,092 - INFO - MainThread - server_logic - [DEBUG] found replica for vector: 2
2025-11-18 17:23:31,092 - INFO - MainThread - server_logic - [DEBUG] found replica for vector: 3
2025-11-18 17:23:31,092 - INFO - MainThread - server_logic - [DEBUG] found replica for vector: 4
2025-11-18 17:23:31,092 - INFO - MainThread - server_logic - [DEBUG] found replica for vector: 1
2025-11-18 17:23:31,092 - INFO - MainThread - server_logic - [DEBUG] found replica for vector: 2
2025-11-18 17:23:31,092 - INFO - MainThread - server_logic - [DEBUG] found replica for vector: 3
2025-11-18 17:23:31,092 - INFO - MainThread - server_logic - [DEBUG] found replica for vector: 4
2025-11-18 17:23:31,092 - INFO - MainThread - server_logic - [DEBUG] found replica for vector: 1
2025-11-18 17:23:31,092 - INFO - MainThread - server_logic - [DEBUG] found replica for vector: 2
2025-11-18 17:23:31,092 - INFO - MainThread - server_logic - [DEBUG] found replica for vector: 3
2025-11-18 17:23:31,092 - INFO - MainThread - server_logic - [DEBUG] found replica for vector: 4
2025-11-18 17:23:31,092 - INFO - MainThread - server_logic - [DEBUG] found replica for vector: 1
2025-11-18 17:23:31,092 - INFO - MainThread - server_logic - [DEBUG] found replica for vector: 2
2025-11-18 17:23:31,092 - INFO - MainThread - server_logic - [DEBUG] found replica for vector: 3
2025-11-18 17:23:31,092 - INFO - MainThread - server_logic - [DEBUG] to me replica for vector: 3
2025-11-18 17:23:31,092 - INFO - MainThread - server_logic - [DEBUG] found replica for vector: 1
2025-11-18 17:23:31,092 - INFO - MainThread - server_logic - [DEBUG] found replica for vector: 2
2025-11-18 17:23:31,092 - INFO - MainThread - server_logic - [DEBUG] found replica for vector: 3
2025-11-18 17:23:31,092 - INFO - MainThread - server_logic - [DEBUG] found replica for vector: 4
2025-11-18 17:23:31,092 - INFO - MainThread - server_logic - [DEBUG] found replica for vector: 1
2025-11-18 17:23:31,092 - INFO - MainThread - server_logic - [DEBUG] found replica for vector: 2
2025-11-18 17:23:31,092 - INFO - MainThread - server_logic - [DEBUG] found replica for vector: 3
2025-11-18 17:23:31,092 - INFO - MainThread - server_logic - [DEBUG] found replica for vector: 4
2025-11-18 17:23:31,092 - INFO - MainThread - server_logic - [DEBUG] found replica for vector: 1
2025-11-18 17:23:31,092 - INFO - MainThread - server_logic - [DEBUG] found replica for vector: 2
2025-11-18 17:23:31,092 - INFO - MainThread - server_logic - [DEBUG] found replica for vector: 3
2025-11-18 17:23:31,092 - INFO - MainThread - server_logic - [DEBUG] found replica for vector: 4
2025-11-18 17:23:31,093 - INFO - MainThread - server_logic - [DEBUG] found replica for vector: 1
2025-11-18 17:23:31,093 - INFO - MainThread - server_logic - [DEBUG] found replica for vector: 2
2025-11-18 17:23:31,093 - INFO - MainThread - server_logic - [DEBUG] found replica for vector: 3
2025-11-18 17:23:31,093 - INFO - MainThread - server_logic - [DEBUG] found replica for vector: 4
2025-11-18 17:23:31,093 - INFO - MainThread - server_logic - [DEBUG] found replica for vector: 1
2025-11-18 17:23:31,093 - INFO - MainThread - server_logic - [DEBUG] found replica for vector: 2
2025-11-18 17:23:31,093 - INFO - MainThread - server_logic - [DEBUG] found replica for vector: 3
2025-11-18 17:23:31,093 - INFO - MainThread - server_logic - [DEBUG] found replica for vector: 4
2025-11-18 17:23:31,093 - INFO - MainThread - server_logic - [DEBUG] found replica for vector: 1
2025-11-18 17:23:31,093 - INFO - MainThread - server_logic - [DEBUG] found replica for vector: 2
2025-11-18 17:23:31,093 - INFO - MainThread - server_logic - [DEBUG] found replica for vector: 3
2025-11-18 17:23:31,093 - INFO - MainThread - server_logic - [DEBUG] found replica for vector: 4
2025-11-18 17:23:31,093 - INFO - MainThread - server_logic - [DEBUG] found replica for vector: 1
2025-11-18 17:23:31,093 - INFO - MainThread - server_logic - [DEBUG] found replica for vector: 2
2025-11-18 17:23:31,093 - INFO - MainThread - server_logic - [DEBUG] found replica for vector: 3
2025-11-18 17:23:31,093 - INFO - MainThread - server_logic - [DEBUG] found replica for vector: 4
2025-11-18 17:23:31,093 - INFO - MainThread - server_logic - [DEBUG] found replica for vector: 1
2025-11-18 17:23:31,093 - INFO - MainThread - server_logic - [DEBUG] found replica for vector: 2
2025-11-18 17:23:31,093 - INFO - MainThread - server_logic - [DEBUG] found replica for vector: 3
2025-11-18 17:23:31,093 - INFO - MainThread - server_logic - [DEBUG] found replica for vector: 4
2025-11-18 17:23:31,093 - INFO - MainThread - server_logic - [DEBUG] found replica for vector: 1
2025-11-18 17:23:31,093 - INFO - MainThread - server_logic - [DEBUG] found replica for vector: 2
2025-11-18 17:23:31,093 - INFO - MainThread - server_logic - [DEBUG] found replica for vector: 3
2025-11-18 17:23:31,093 - INFO - MainThread - server_logic - [DEBUG] found replica for vector: 4
2025-11-18 17:23:31,093 - INFO - MainThread - server_logic - [DEBUG] found replica for vector: 1
2025-11-18 17:23:31,093 - INFO - MainThread - server_logic - [DEBUG] found replica for vector: 2
2025-11-18 17:23:31,093 - INFO - MainThread - server_logic - [DEBUG] found replica for vector: 3
2025-11-18 17:23:31,093 - INFO - MainThread - server_logic - [DEBUG] found replica for vector: 4
2025-11-18 17:23:31,093 - INFO - MainThread - server_logic - [DEBUG] found replica for vector: 1
2025-11-18 17:23:31,093 - INFO - MainThread - server_logic - [DEBUG] found replica for vector: 2
2025-11-18 17:23:31,093 - INFO - MainThread - server_logic - [DEBUG] found replica for vector: 3
2025-11-18 17:23:31,093 - INFO - MainThread - server_logic - [DEBUG] found replica for vector: 4
2025-11-18 17:23:31,093 - INFO - MainThread - server_logic - [DEBUG] found replica for vector: 1
2025-11-18 17:23:31,093 - INFO - MainThread - server_logic - [DEBUG] found replica for vector: 2
2025-11-18 17:23:31,093 - INFO - MainThread - server_logic - [DEBUG] found replica for vector: 3
2025-11-18 17:23:31,093 - INFO - MainThread - server_logic - [DEBUG] found replica for vector: 4
2025-11-18 17:23:31,093 - INFO - MainThread - server_logic - [DEBUG] found replica for vector: 1
2025-11-18 17:23:31,093 - INFO - MainThread - server_logic - [DEBUG] found replica for vector: 2
2025-11-18 17:23:31,093 - INFO - MainThread - server_logic - [DEBUG] found replica for vector: 3
2025-11-18 17:23:31,093 - INFO - MainThread - server_logic - [DEBUG] found replica for vector: 4
2025-11-18 17:23:31,093 - INFO - MainThread - server_logic - [DEBUG] found replica for vector: 1
2025-11-18 17:23:31,093 - INFO - MainThread - server_logic - [DEBUG] found replica for vector: 2
2025-11-18 17:23:31,093 - INFO - MainThread - server_logic - [DEBUG] found replica for vector: 3
2025-11-18 17:23:31,093 - INFO - MainThread - server_logic - [DEBUG] found replica for vector: 4
2025-11-18 17:23:31,093 - INFO - MainThread - server_logic - [DEBUG] found replica for vector: 1
2025-11-18 17:23:31,093 - INFO - MainThread - server_logic - [DEBUG] found replica for vector: 2
2025-11-18 17:23:31,093 - INFO - MainThread - server_logic - [DEBUG] found replica for vector: 3
2025-11-18 17:23:31,093 - INFO - MainThread - server_logic - [DEBUG] to me replica for vector: 3
2025-11-18 17:23:31,093 - INFO - MainThread - server_logic - [DEBUG] found replica for vector: 1
2025-11-18 17:23:31,093 - INFO - MainThread - server_logic - [DEBUG] found replica for vector: 2
2025-11-18 17:23:31,093 - INFO - MainThread - server_logic - [DEBUG] found replica for vector: 3
2025-11-18 17:23:31,093 - INFO - MainThread - server_logic - [DEBUG] found replica for vector: 4
2025-11-18 17:23:31,093 - INFO - MainThread - server_logic - [DEBUG] found replica for vector: 1
2025-11-18 17:23:31,093 - INFO - MainThread - server_logic - [DEBUG] found replica for vector: 2
2025-11-18 17:23:31,093 - INFO - MainThread - server_logic - [DEBUG] found replica for vector: 3
2025-11-18 17:23:31,093 - INFO - MainThread - server_logic - [DEBUG] found replica for vector: 4
2025-11-18 17:23:31,094 - INFO - MainThread - server_logic - [DEBUG] found replica for vector: 1
2025-11-18 17:23:31,094 - INFO - MainThread - server_logic - [DEBUG] found replica for vector: 2
2025-11-18 17:23:31,094 - INFO - MainThread - server_logic - [DEBUG] found replica for vector: 3
2025-11-18 17:23:31,094 - INFO - MainThread - server_logic - [DEBUG] to me replica for vector: 3
2025-11-18 17:23:31,094 - INFO - MainThread - server_logic - [DEBUG] found replica for vector: 1
2025-11-18 17:23:31,094 - INFO - MainThread - server_logic - [DEBUG] found replica for vector: 2
2025-11-18 17:23:31,094 - INFO - MainThread - server_logic - [DEBUG] found replica for vector: 3
2025-11-18 17:23:31,094 - INFO - MainThread - server_logic - [DEBUG] found replica for vector: 4
2025-11-18 17:23:31,094 - INFO - MainThread - server_logic - [DEBUG] found replica for vector: 1
2025-11-18 17:23:31,094 - INFO - MainThread - server_logic - [DEBUG] found replica for vector: 2
2025-11-18 17:23:31,094 - INFO - MainThread - server_logic - [DEBUG] found replica for vector: 3
2025-11-18 17:23:31,094 - INFO - MainThread - server_logic - [DEBUG] found replica for vector: 4
2025-11-18 17:23:31,094 - INFO - MainThread - server_logic - [DEBUG] found replica for vector: 1
2025-11-18 17:23:31,094 - INFO - MainThread - server_logic - [DEBUG] found replica for vector: 2
2025-11-18 17:23:31,094 - INFO - MainThread - server_logic - [DEBUG] found replica for vector: 3
2025-11-18 17:23:31,094 - INFO - MainThread - server_logic - [DEBUG] found replica for vector: 4
2025-11-18 17:23:31,094 - INFO - MainThread - server_logic - [DEBUG] found replica for vector: 1
2025-11-18 17:23:31,094 - INFO - MainThread - server_logic - [DEBUG] found replica for vector: 2
2025-11-18 17:23:31,094 - INFO - MainThread - server_logic - [DEBUG] found replica for vector: 3
2025-11-18 17:23:31,094 - INFO - MainThread - server_logic - [DEBUG] found replica for vector: 4
2025-11-18 17:23:31,094 - INFO - MainThread - server_logic - [DEBUG] found replica for vector: 1
2025-11-18 17:23:31,094 - INFO - MainThread - server_logic - [DEBUG] found replica for vector: 2
2025-11-18 17:23:31,094 - INFO - MainThread - server_logic - [DEBUG] found replica for vector: 3
2025-11-18 17:23:31,094 - INFO - MainThread - server_logic - [DEBUG] found replica for vector: 4
2025-11-18 17:23:31,094 - INFO - MainThread - server_logic - [DEBUG] found replica for vector: 1
2025-11-18 17:23:31,094 - INFO - MainThread - server_logic - [DEBUG] found replica for vector: 2
2025-11-18 17:23:31,094 - INFO - MainThread - server_logic - [DEBUG] found replica for vector: 3
2025-11-18 17:23:31,094 - INFO - MainThread - server_logic - [DEBUG] found replica for vector: 4
2025-11-18 17:23:31,094 - INFO - MainThread - server_logic - [DEBUG] found replica for vector: 1
2025-11-18 17:23:31,094 - INFO - MainThread - server_logic - [DEBUG] found replica for vector: 2
2025-11-18 17:23:31,094 - INFO - MainThread - server_logic - [DEBUG] found replica for vector: 3
2025-11-18 17:23:31,094 - INFO - MainThread - server_logic - [DEBUG] to me replica for vector: 3
2025-11-18 17:23:31,094 - INFO - MainThread - server_logic - [DEBUG] found replica for vector: 1
2025-11-18 17:23:31,094 - INFO - MainThread - server_logic - [DEBUG] found replica for vector: 2
2025-11-18 17:23:31,094 - INFO - MainThread - server_logic - [DEBUG] found replica for vector: 3
2025-11-18 17:23:31,094 - INFO - MainThread - server_logic - [DEBUG] found replica for vector: 4
2025-11-18 17:23:31,094 - INFO - MainThread - server_logic - [DEBUG] found replica for vector: 1
2025-11-18 17:23:31,094 - INFO - MainThread - server_logic - [DEBUG] found replica for vector: 2
2025-11-18 17:23:31,094 - INFO - MainThread - server_logic - [DEBUG] found replica for vector: 3
2025-11-18 17:23:31,094 - INFO - MainThread - server_logic - [DEBUG] found replica for vector: 4
2025-11-18 17:23:31,094 - INFO - MainThread - server_logic - [DEBUG] found replica for vector: 1
2025-11-18 17:23:31,094 - INFO - MainThread - server_logic - [DEBUG] found replica for vector: 2
2025-11-18 17:23:31,094 - INFO - MainThread - server_logic - [DEBUG] found replica for vector: 3
2025-11-18 17:23:31,094 - INFO - MainThread - server_logic - [DEBUG] found replica for vector: 4
2025-11-18 17:23:31,094 - INFO - MainThread - server_logic - [DEBUG] found replica for vector: 1
2025-11-18 17:23:31,094 - INFO - MainThread - server_logic - [DEBUG] found replica for vector: 2
2025-11-18 17:23:31,094 - INFO - MainThread - server_logic - [DEBUG] found replica for vector: 3
2025-11-18 17:23:31,094 - INFO - MainThread - server_logic - [DEBUG] found replica for vector: 4
2025-11-18 17:23:31,094 - INFO - MainThread - server_logic - [DEBUG] found replica for vector: 1
2025-11-18 17:23:31,094 - INFO - MainThread - server_logic - [DEBUG] found replica for vector: 2
2025-11-18 17:23:31,094 - INFO - MainThread - server_logic - [DEBUG] found replica for vector: 3
2025-11-18 17:23:31,094 - INFO - MainThread - server_logic - [DEBUG] found replica for vector: 4
2025-11-18 17:23:31,094 - INFO - MainThread - server_logic - [DEBUG] found replica for vector: 1
2025-11-18 17:23:31,094 - INFO - MainThread - server_logic - [DEBUG] found replica for vector: 2
2025-11-18 17:23:31,094 - INFO - MainThread - server_logic - [DEBUG] found replica for vector: 3
2025-11-18 17:23:31,094 - INFO - MainThread - server_logic - [DEBUG] found replica for vector: 4
2025-11-18 17:23:31,094 - INFO - MainThread - server_logic - [DEBUG] found replica for vector: 1
2025-11-18 17:23:31,095 - INFO - MainThread - server_logic - [DEBUG] found replica for vector: 2
2025-11-18 17:23:31,095 - INFO - MainThread - server_logic - [DEBUG] found replica for vector: 3
2025-11-18 17:23:31,095 - INFO - MainThread - server_logic - [DEBUG] found replica for vector: 4
2025-11-18 17:23:31,095 - INFO - MainThread - server_logic - [DEBUG] found replica for vector: 1
2025-11-18 17:23:31,095 - INFO - MainThread - server_logic - [DEBUG] found replica for vector: 2
2025-11-18 17:23:31,095 - INFO - MainThread - server_logic - [DEBUG] found replica for vector: 3
2025-11-18 17:23:31,095 - INFO - MainThread - server_logic - [DEBUG] found replica for vector: 4
2025-11-18 17:23:31,095 - INFO - MainThread - server_logic - [Router] Distribution: Peer node1: 64, Peer node2: 65, Peer node3: 65, Peer node4: 65, Peer node5: 65, Peer node6: 50, Peer node7: 50, Peer node8: 50, Peer node9: 50, Peer node10: 77, Peer node11: 77, Peer node12: 77, Peer node13: 77, Peer node14: 64, Peer node16: 64, Me (node15): 64
2025-11-18 17:23:31,095 - INFO - MainThread - server_logic - --> [Peer Send] Sending 64 vectors to Peer node1 (localhost:9001) | Status: clustered
2025-11-18 17:23:31,166 - INFO - MainThread - server_logic - --> [Peer Send] Success: Sent vectors to node1
2025-11-18 17:23:31,166 - INFO - MainThread - server_logic - --> [Peer Send] Sending 65 vectors to Peer node2 (localhost:9002) | Status: clustered
2025-11-18 17:23:31,237 - INFO - MainThread - server_logic - --> [Peer Send] Success: Sent vectors to node2
2025-11-18 17:23:31,237 - INFO - MainThread - server_logic - --> [Peer Send] Sending 65 vectors to Peer node3 (localhost:9003) | Status: clustered
2025-11-18 17:23:31,308 - INFO - MainThread - server_logic - --> [Peer Send] Success: Sent vectors to node3
2025-11-18 17:23:31,308 - INFO - MainThread - server_logic - --> [Peer Send] Sending 65 vectors to Peer node4 (localhost:9004) | Status: clustered
2025-11-18 17:23:31,379 - INFO - MainThread - server_logic - --> [Peer Send] Success: Sent vectors to node4
2025-11-18 17:23:31,379 - INFO - MainThread - server_logic - --> [Peer Send] Sending 65 vectors to Peer node5 (localhost:9005) | Status: clustered
2025-11-18 17:23:31,450 - INFO - MainThread - server_logic - --> [Peer Send] Success: Sent vectors to node5
2025-11-18 17:23:31,450 - INFO - MainThread - server_logic - --> [Peer Send] Sending 50 vectors to Peer node6 (localhost:9006) | Status: clustered
2025-11-18 17:23:31,513 - INFO - MainThread - server_logic - --> [Peer Send] Success: Sent vectors to node6
2025-11-18 17:23:31,514 - INFO - MainThread - server_logic - --> [Peer Send] Sending 50 vectors to Peer node7 (localhost:9007) | Status: clustered
2025-11-18 17:23:31,578 - INFO - MainThread - server_logic - --> [Peer Send] Success: Sent vectors to node7
2025-11-18 17:23:31,578 - INFO - MainThread - server_logic - --> [Peer Send] Sending 50 vectors to Peer node8 (localhost:9008) | Status: clustered
2025-11-18 17:23:31,642 - INFO - MainThread - server_logic - --> [Peer Send] Success: Sent vectors to node8
2025-11-18 17:23:31,642 - INFO - MainThread - server_logic - --> [Peer Send] Sending 50 vectors to Peer node9 (localhost:9009) | Status: clustered
2025-11-18 17:23:31,706 - INFO - MainThread - server_logic - --> [Peer Send] Success: Sent vectors to node9
2025-11-18 17:23:31,706 - INFO - MainThread - server_logic - --> [Peer Send] Sending 77 vectors to Peer node10 (localhost:9010) | Status: clustered
2025-11-18 17:23:31,785 - INFO - MainThread - server_logic - --> [Peer Send] Success: Sent vectors to node10
2025-11-18 17:23:31,785 - INFO - MainThread - server_logic - --> [Peer Send] Sending 77 vectors to Peer node11 (localhost:9011) | Status: clustered
2025-11-18 17:23:31,856 - INFO - MainThread - server_logic - --> [Peer Send] Success: Sent vectors to node11
2025-11-18 17:23:31,856 - INFO - MainThread - server_logic - --> [Peer Send] Sending 77 vectors to Peer node12 (localhost:9012) | Status: clustered
2025-11-18 17:23:31,925 - INFO - MainThread - server_logic - --> [Peer Send] Success: Sent vectors to node12
2025-11-18 17:23:31,925 - INFO - MainThread - server_logic - --> [Peer Send] Sending 77 vectors to Peer node13 (localhost:9013) | Status: clustered
2025-11-18 17:23:31,996 - INFO - MainThread - server_logic - --> [Peer Send] Success: Sent vectors to node13
2025-11-18 17:23:31,996 - INFO - MainThread - server_logic - --> [Peer Send] Sending 64 vectors to Peer node14 (localhost:9014) | Status: clustered
2025-11-18 17:23:32,069 - INFO - MainThread - server_logic - --> [Peer Send] Success: Sent vectors to node14
2025-11-18 17:23:32,069 - INFO - MainThread - server_logic - --> [Peer Send] Sending 64 vectors to Peer node16 (localhost:9016) | Status: clustered
2025-11-18 17:23:32,139 - INFO - MainThread - server_logic - --> [Peer Send] Success: Sent vectors to node16
2025-11-18 17:23:32,139 - INFO - MainThread - server_logic - [Add Vectors] Processing 64 vectors. Sender Status: clustered. Current Node Status: clustered
2025-11-18 17:23:32,140 - INFO - MainThread - server_logic - [Add Vectors] Direct Insert: Storing 64 vectors in local Qdrant (Sender is clustered).
2025-11-18 17:23:32,193 - INFO - MainThread - httpx - HTTP Request: GET http://localhost:6361 "HTTP/1.1 200 OK"
2025-11-18 17:23:32,193 - INFO - MainThread - qdrant_module - [Qdrant] Attempting to insert 64 vectors into vectors on http://localhost:6361...
2025-11-18 17:23:32,206 - INFO - MainThread - qdrant_module - [Qdrant] Success: Inserted 64 vectors.
2025-11-18 17:23:32,207 - INFO - MainThread - __main__ - API: /add completed
2025-11-18 17:23:32,208 - INFO - MainThread - uvicorn.access - 127.0.0.1:52066 - "POST /add HTTP/1.1" 200
2025-11-18 17:23:33,292 - INFO - ThreadPoolExecutor-0_0 - grpc_handler - [GRPC IN] ReceiveVectors called. ReqID: 96, Type: clustered, Count: 57
2025-11-18 17:23:33,292 - INFO - ThreadPoolExecutor-0_0 - server_logic - [Add Vectors] Processing 57 vectors. Sender Status: clustered. Current Node Status: clustered
2025-11-18 17:23:33,292 - INFO - ThreadPoolExecutor-0_0 - server_logic - [Add Vectors] Direct Insert: Storing 57 vectors in local Qdrant (Sender is clustered).
2025-11-18 17:23:33,346 - INFO - ThreadPoolExecutor-0_0 - httpx - HTTP Request: GET http://localhost:6361 "HTTP/1.1 200 OK"
2025-11-18 17:23:33,346 - INFO - ThreadPoolExecutor-0_0 - qdrant_module - [Qdrant] Attempting to insert 57 vectors into vectors on http://localhost:6361...
2025-11-18 17:23:33,355 - INFO - ThreadPoolExecutor-0_0 - qdrant_module - [Qdrant] Success: Inserted 57 vectors.
2025-11-18 17:23:33,357 - INFO - ThreadPoolExecutor-0_0 - grpc_handler - [GRPC IN] ReceiveVectors processed successfully.
2025-11-18 17:23:34,432 - INFO - ThreadPoolExecutor-0_1 - grpc_handler - [GRPC IN] ReceiveVectors called. ReqID: 97, Type: clustered, Count: 79
2025-11-18 17:23:34,433 - INFO - ThreadPoolExecutor-0_1 - server_logic - [Add Vectors] Processing 79 vectors. Sender Status: clustered. Current Node Status: clustered
2025-11-18 17:23:34,433 - INFO - ThreadPoolExecutor-0_1 - server_logic - [Add Vectors] Direct Insert: Storing 79 vectors in local Qdrant (Sender is clustered).
2025-11-18 17:23:34,486 - INFO - ThreadPoolExecutor-0_1 - httpx - HTTP Request: GET http://localhost:6361 "HTTP/1.1 200 OK"
2025-11-18 17:23:34,486 - INFO - ThreadPoolExecutor-0_1 - qdrant_module - [Qdrant] Attempting to insert 79 vectors into vectors on http://localhost:6361...
2025-11-18 17:23:34,501 - INFO - ThreadPoolExecutor-0_1 - qdrant_module - [Qdrant] Success: Inserted 79 vectors.
2025-11-18 17:23:34,502 - INFO - ThreadPoolExecutor-0_1 - grpc_handler - [GRPC IN] ReceiveVectors processed successfully.
2025-11-18 17:23:35,653 - INFO - ThreadPoolExecutor-0_0 - grpc_handler - [GRPC IN] ReceiveVectors called. ReqID: 98, Type: clustered, Count: 65
2025-11-18 17:23:35,654 - INFO - ThreadPoolExecutor-0_0 - server_logic - [Add Vectors] Processing 65 vectors. Sender Status: clustered. Current Node Status: clustered
2025-11-18 17:23:35,654 - INFO - ThreadPoolExecutor-0_0 - server_logic - [Add Vectors] Direct Insert: Storing 65 vectors in local Qdrant (Sender is clustered).
2025-11-18 17:23:35,707 - INFO - ThreadPoolExecutor-0_0 - httpx - HTTP Request: GET http://localhost:6361 "HTTP/1.1 200 OK"
2025-11-18 17:23:35,707 - INFO - ThreadPoolExecutor-0_0 - qdrant_module - [Qdrant] Attempting to insert 65 vectors into vectors on http://localhost:6361...
2025-11-18 17:23:35,722 - INFO - ThreadPoolExecutor-0_0 - qdrant_module - [Qdrant] Success: Inserted 65 vectors.
2025-11-18 17:23:35,724 - INFO - ThreadPoolExecutor-0_0 - grpc_handler - [GRPC IN] ReceiveVectors processed successfully.
2025-11-18 17:23:36,868 - INFO - ThreadPoolExecutor-0_1 - grpc_handler - [GRPC IN] ReceiveVectors called. ReqID: 99, Type: clustered, Count: 78
2025-11-18 17:23:36,869 - INFO - ThreadPoolExecutor-0_1 - server_logic - [Add Vectors] Processing 78 vectors. Sender Status: clustered. Current Node Status: clustered
2025-11-18 17:23:36,869 - INFO - ThreadPoolExecutor-0_1 - server_logic - [Add Vectors] Direct Insert: Storing 78 vectors in local Qdrant (Sender is clustered).
2025-11-18 17:23:36,920 - INFO - ThreadPoolExecutor-0_1 - httpx - HTTP Request: GET http://localhost:6361 "HTTP/1.1 200 OK"
2025-11-18 17:23:36,921 - INFO - ThreadPoolExecutor-0_1 - qdrant_module - [Qdrant] Attempting to insert 78 vectors into vectors on http://localhost:6361...
2025-11-18 17:23:36,935 - INFO - ThreadPoolExecutor-0_1 - qdrant_module - [Qdrant] Success: Inserted 78 vectors.
2025-11-18 17:23:36,937 - INFO - ThreadPoolExecutor-0_1 - grpc_handler - [GRPC IN] ReceiveVectors processed successfully.
2025-11-18 17:23:38,091 - INFO - ThreadPoolExecutor-0_0 - grpc_handler - [GRPC IN] ReceiveVectors called. ReqID: 100, Type: clustered, Count: 59
2025-11-18 17:23:38,092 - INFO - ThreadPoolExecutor-0_0 - server_logic - [Add Vectors] Processing 59 vectors. Sender Status: clustered. Current Node Status: clustered
2025-11-18 17:23:38,092 - INFO - ThreadPoolExecutor-0_0 - server_logic - [Add Vectors] Direct Insert: Storing 59 vectors in local Qdrant (Sender is clustered).
2025-11-18 17:23:38,143 - INFO - ThreadPoolExecutor-0_0 - httpx - HTTP Request: GET http://localhost:6361 "HTTP/1.1 200 OK"
2025-11-18 17:23:38,143 - INFO - ThreadPoolExecutor-0_0 - qdrant_module - [Qdrant] Attempting to insert 59 vectors into vectors on http://localhost:6361...
2025-11-18 17:23:38,151 - INFO - ThreadPoolExecutor-0_0 - qdrant_module - [Qdrant] Success: Inserted 59 vectors.
2025-11-18 17:23:38,152 - INFO - ThreadPoolExecutor-0_0 - grpc_handler - [GRPC IN] ReceiveVectors processed successfully.
2025-11-18 17:23:39,283 - INFO - ThreadPoolExecutor-0_1 - grpc_handler - [GRPC IN] ReceiveVectors called. ReqID: 101, Type: clustered, Count: 77
2025-11-18 17:23:39,284 - INFO - ThreadPoolExecutor-0_1 - server_logic - [Add Vectors] Processing 77 vectors. Sender Status: clustered. Current Node Status: clustered
2025-11-18 17:23:39,284 - INFO - ThreadPoolExecutor-0_1 - server_logic - [Add Vectors] Direct Insert: Storing 77 vectors in local Qdrant (Sender is clustered).
2025-11-18 17:23:39,336 - INFO - ThreadPoolExecutor-0_1 - httpx - HTTP Request: GET http://localhost:6361 "HTTP/1.1 200 OK"
2025-11-18 17:23:39,336 - INFO - ThreadPoolExecutor-0_1 - qdrant_module - [Qdrant] Attempting to insert 77 vectors into vectors on http://localhost:6361...
2025-11-18 17:23:39,346 - INFO - ThreadPoolExecutor-0_1 - qdrant_module - [Qdrant] Success: Inserted 77 vectors.
2025-11-18 17:23:39,348 - INFO - ThreadPoolExecutor-0_1 - grpc_handler - [GRPC IN] ReceiveVectors processed successfully.
2025-11-18 17:23:40,503 - INFO - ThreadPoolExecutor-0_0 - grpc_handler - [GRPC IN] ReceiveVectors called. ReqID: 102, Type: clustered, Count: 69
2025-11-18 17:23:40,504 - INFO - ThreadPoolExecutor-0_0 - server_logic - [Add Vectors] Processing 69 vectors. Sender Status: clustered. Current Node Status: clustered
2025-11-18 17:23:40,504 - INFO - ThreadPoolExecutor-0_0 - server_logic - [Add Vectors] Direct Insert: Storing 69 vectors in local Qdrant (Sender is clustered).
2025-11-18 17:23:40,557 - INFO - ThreadPoolExecutor-0_0 - httpx - HTTP Request: GET http://localhost:6361 "HTTP/1.1 200 OK"
2025-11-18 17:23:40,557 - INFO - ThreadPoolExecutor-0_0 - qdrant_module - [Qdrant] Attempting to insert 69 vectors into vectors on http://localhost:6361...
2025-11-18 17:23:40,571 - INFO - ThreadPoolExecutor-0_0 - qdrant_module - [Qdrant] Success: Inserted 69 vectors.
2025-11-18 17:23:40,572 - INFO - ThreadPoolExecutor-0_0 - grpc_handler - [GRPC IN] ReceiveVectors processed successfully.
2025-11-18 17:23:41,720 - INFO - ThreadPoolExecutor-0_1 - grpc_handler - [GRPC IN] ReceiveVectors called. ReqID: 103, Type: clustered, Count: 64
2025-11-18 17:23:41,721 - INFO - ThreadPoolExecutor-0_1 - server_logic - [Add Vectors] Processing 64 vectors. Sender Status: clustered. Current Node Status: clustered
2025-11-18 17:23:41,721 - INFO - ThreadPoolExecutor-0_1 - server_logic - [Add Vectors] Direct Insert: Storing 64 vectors in local Qdrant (Sender is clustered).
2025-11-18 17:23:41,772 - INFO - ThreadPoolExecutor-0_1 - httpx - HTTP Request: GET http://localhost:6361 "HTTP/1.1 200 OK"
2025-11-18 17:23:41,772 - INFO - ThreadPoolExecutor-0_1 - qdrant_module - [Qdrant] Attempting to insert 64 vectors into vectors on http://localhost:6361...
2025-11-18 17:23:41,786 - INFO - ThreadPoolExecutor-0_1 - qdrant_module - [Qdrant] Success: Inserted 64 vectors.
2025-11-18 17:23:41,787 - INFO - ThreadPoolExecutor-0_1 - grpc_handler - [GRPC IN] ReceiveVectors processed successfully.
2025-11-18 17:23:42,929 - INFO - ThreadPoolExecutor-0_0 - grpc_handler - [GRPC IN] ReceiveVectors called. ReqID: 104, Type: clustered, Count: 72
2025-11-18 17:23:42,930 - INFO - ThreadPoolExecutor-0_0 - server_logic - [Add Vectors] Processing 72 vectors. Sender Status: clustered. Current Node Status: clustered
2025-11-18 17:23:42,930 - INFO - ThreadPoolExecutor-0_0 - server_logic - [Add Vectors] Direct Insert: Storing 72 vectors in local Qdrant (Sender is clustered).
2025-11-18 17:23:42,982 - INFO - ThreadPoolExecutor-0_0 - httpx - HTTP Request: GET http://localhost:6361 "HTTP/1.1 200 OK"
2025-11-18 17:23:42,982 - INFO - ThreadPoolExecutor-0_0 - qdrant_module - [Qdrant] Attempting to insert 72 vectors into vectors on http://localhost:6361...
2025-11-18 17:23:42,997 - INFO - ThreadPoolExecutor-0_0 - qdrant_module - [Qdrant] Success: Inserted 72 vectors.
2025-11-18 17:23:42,999 - INFO - ThreadPoolExecutor-0_0 - grpc_handler - [GRPC IN] ReceiveVectors processed successfully.
2025-11-18 17:23:44,423 - INFO - ThreadPoolExecutor-0_1 - grpc_handler - [GRPC IN] ReceiveVectors called. ReqID: 105, Type: clustered, Count: 77
2025-11-18 17:23:44,424 - INFO - ThreadPoolExecutor-0_1 - server_logic - [Add Vectors] Processing 77 vectors. Sender Status: clustered. Current Node Status: clustered
2025-11-18 17:23:44,424 - INFO - ThreadPoolExecutor-0_1 - server_logic - [Add Vectors] Direct Insert: Storing 77 vectors in local Qdrant (Sender is clustered).
2025-11-18 17:23:44,477 - INFO - ThreadPoolExecutor-0_1 - httpx - HTTP Request: GET http://localhost:6361 "HTTP/1.1 200 OK"
2025-11-18 17:23:44,477 - INFO - ThreadPoolExecutor-0_1 - qdrant_module - [Qdrant] Attempting to insert 77 vectors into vectors on http://localhost:6361...
2025-11-18 17:23:44,492 - INFO - ThreadPoolExecutor-0_1 - qdrant_module - [Qdrant] Success: Inserted 77 vectors.
2025-11-18 17:23:44,494 - INFO - ThreadPoolExecutor-0_1 - grpc_handler - [GRPC IN] ReceiveVectors processed successfully.
2025-11-18 17:23:45,617 - INFO - ThreadPoolExecutor-0_0 - grpc_handler - [GRPC IN] ReceiveVectors called. ReqID: 106, Type: clustered, Count: 62
2025-11-18 17:23:45,618 - INFO - ThreadPoolExecutor-0_0 - server_logic - [Add Vectors] Processing 62 vectors. Sender Status: clustered. Current Node Status: clustered
2025-11-18 17:23:45,618 - INFO - ThreadPoolExecutor-0_0 - server_logic - [Add Vectors] Direct Insert: Storing 62 vectors in local Qdrant (Sender is clustered).
2025-11-18 17:23:45,670 - INFO - ThreadPoolExecutor-0_0 - httpx - HTTP Request: GET http://localhost:6361 "HTTP/1.1 200 OK"
2025-11-18 17:23:45,670 - INFO - ThreadPoolExecutor-0_0 - qdrant_module - [Qdrant] Attempting to insert 62 vectors into vectors on http://localhost:6361...
2025-11-18 17:23:45,683 - INFO - ThreadPoolExecutor-0_0 - qdrant_module - [Qdrant] Success: Inserted 62 vectors.
2025-11-18 17:23:45,684 - INFO - ThreadPoolExecutor-0_0 - grpc_handler - [GRPC IN] ReceiveVectors processed successfully.
2025-11-18 17:23:46,836 - INFO - ThreadPoolExecutor-0_1 - grpc_handler - [GRPC IN] ReceiveVectors called. ReqID: 107, Type: clustered, Count: 81
2025-11-18 17:23:46,837 - INFO - ThreadPoolExecutor-0_1 - server_logic - [Add Vectors] Processing 81 vectors. Sender Status: clustered. Current Node Status: clustered
2025-11-18 17:23:46,837 - INFO - ThreadPoolExecutor-0_1 - server_logic - [Add Vectors] Direct Insert: Storing 81 vectors in local Qdrant (Sender is clustered).
2025-11-18 17:23:46,888 - INFO - ThreadPoolExecutor-0_1 - httpx - HTTP Request: GET http://localhost:6361 "HTTP/1.1 200 OK"
2025-11-18 17:23:46,889 - INFO - ThreadPoolExecutor-0_1 - qdrant_module - [Qdrant] Attempting to insert 81 vectors into vectors on http://localhost:6361...
2025-11-18 17:23:46,902 - INFO - ThreadPoolExecutor-0_1 - qdrant_module - [Qdrant] Success: Inserted 81 vectors.
2025-11-18 17:23:46,903 - INFO - ThreadPoolExecutor-0_1 - grpc_handler - [GRPC IN] ReceiveVectors processed successfully.
2025-11-18 17:23:48,037 - INFO - ThreadPoolExecutor-0_0 - grpc_handler - [GRPC IN] ReceiveVectors called. ReqID: 108, Type: clustered, Count: 64
2025-11-18 17:23:48,038 - INFO - ThreadPoolExecutor-0_0 - server_logic - [Add Vectors] Processing 64 vectors. Sender Status: clustered. Current Node Status: clustered
2025-11-18 17:23:48,038 - INFO - ThreadPoolExecutor-0_0 - server_logic - [Add Vectors] Direct Insert: Storing 64 vectors in local Qdrant (Sender is clustered).
2025-11-18 17:23:48,090 - INFO - ThreadPoolExecutor-0_0 - httpx - HTTP Request: GET http://localhost:6361 "HTTP/1.1 200 OK"
2025-11-18 17:23:48,090 - INFO - ThreadPoolExecutor-0_0 - qdrant_module - [Qdrant] Attempting to insert 64 vectors into vectors on http://localhost:6361...
2025-11-18 17:23:48,101 - INFO - ThreadPoolExecutor-0_0 - qdrant_module - [Qdrant] Success: Inserted 64 vectors.
2025-11-18 17:23:48,102 - INFO - ThreadPoolExecutor-0_0 - grpc_handler - [GRPC IN] ReceiveVectors processed successfully.
2025-11-18 17:23:49,261 - INFO - ThreadPoolExecutor-0_1 - grpc_handler - [GRPC IN] ReceiveVectors called. ReqID: 109, Type: clustered, Count: 67
2025-11-18 17:23:49,262 - INFO - ThreadPoolExecutor-0_1 - server_logic - [Add Vectors] Processing 67 vectors. Sender Status: clustered. Current Node Status: clustered
2025-11-18 17:23:49,262 - INFO - ThreadPoolExecutor-0_1 - server_logic - [Add Vectors] Direct Insert: Storing 67 vectors in local Qdrant (Sender is clustered).
2025-11-18 17:23:49,315 - INFO - ThreadPoolExecutor-0_1 - httpx - HTTP Request: GET http://localhost:6361 "HTTP/1.1 200 OK"
2025-11-18 17:23:49,315 - INFO - ThreadPoolExecutor-0_1 - qdrant_module - [Qdrant] Attempting to insert 67 vectors into vectors on http://localhost:6361...
2025-11-18 17:23:49,328 - INFO - ThreadPoolExecutor-0_1 - qdrant_module - [Qdrant] Success: Inserted 67 vectors.
2025-11-18 17:23:49,329 - INFO - ThreadPoolExecutor-0_1 - grpc_handler - [GRPC IN] ReceiveVectors processed successfully.
2025-11-18 17:23:50,468 - INFO - ThreadPoolExecutor-0_0 - grpc_handler - [GRPC IN] ReceiveVectors called. ReqID: 110, Type: clustered, Count: 60
2025-11-18 17:23:50,469 - INFO - ThreadPoolExecutor-0_0 - server_logic - [Add Vectors] Processing 60 vectors. Sender Status: clustered. Current Node Status: clustered
2025-11-18 17:23:50,469 - INFO - ThreadPoolExecutor-0_0 - server_logic - [Add Vectors] Direct Insert: Storing 60 vectors in local Qdrant (Sender is clustered).
2025-11-18 17:23:50,520 - INFO - ThreadPoolExecutor-0_0 - httpx - HTTP Request: GET http://localhost:6361 "HTTP/1.1 200 OK"
2025-11-18 17:23:50,520 - INFO - ThreadPoolExecutor-0_0 - qdrant_module - [Qdrant] Attempting to insert 60 vectors into vectors on http://localhost:6361...
2025-11-18 17:23:50,531 - INFO - ThreadPoolExecutor-0_0 - qdrant_module - [Qdrant] Success: Inserted 60 vectors.
2025-11-18 17:23:50,532 - INFO - ThreadPoolExecutor-0_0 - grpc_handler - [GRPC IN] ReceiveVectors processed successfully.
2025-11-18 17:23:50,748 - INFO - MainThread - __main__ - API: /add called. ReqID: 111, Vectors: 256
2025-11-18 17:23:50,748 - INFO - MainThread - server_logic - [Client Request] Client wants to add 256 vectors. My Status: clustered
2025-11-18 17:23:50,749 - INFO - MainThread - server_logic - [Client Request] System Clustered. Routing vectors to appropriate peers.
2025-11-18 17:23:50,749 - INFO - MainThread - server_logic - [Router] Routing 256 vectors among 16 nodes (Replicas: 4).
2025-11-18 17:23:50,749 - INFO - MainThread - server_logic - [DEBUG] found replica for vector: 1
2025-11-18 17:23:50,749 - INFO - MainThread - server_logic - [DEBUG] found replica for vector: 2
2025-11-18 17:23:50,749 - INFO - MainThread - server_logic - [DEBUG] found replica for vector: 3
2025-11-18 17:23:50,749 - INFO - MainThread - server_logic - [DEBUG] found replica for vector: 4
2025-11-18 17:23:50,749 - INFO - MainThread - server_logic - [DEBUG] found replica for vector: 1
2025-11-18 17:23:50,749 - INFO - MainThread - server_logic - [DEBUG] found replica for vector: 2
2025-11-18 17:23:50,749 - INFO - MainThread - server_logic - [DEBUG] found replica for vector: 3
2025-11-18 17:23:50,749 - INFO - MainThread - server_logic - [DEBUG] found replica for vector: 4
2025-11-18 17:23:50,749 - INFO - MainThread - server_logic - [DEBUG] found replica for vector: 1
2025-11-18 17:23:50,749 - INFO - MainThread - server_logic - [DEBUG] found replica for vector: 2
2025-11-18 17:23:50,749 - INFO - MainThread - server_logic - [DEBUG] found replica for vector: 3
2025-11-18 17:23:50,749 - INFO - MainThread - server_logic - [DEBUG] found replica for vector: 4
2025-11-18 17:23:50,749 - INFO - MainThread - server_logic - [DEBUG] found replica for vector: 1
2025-11-18 17:23:50,749 - INFO - MainThread - server_logic - [DEBUG] found replica for vector: 2
2025-11-18 17:23:50,749 - INFO - MainThread - server_logic - [DEBUG] found replica for vector: 3
2025-11-18 17:23:50,749 - INFO - MainThread - server_logic - [DEBUG] found replica for vector: 4
2025-11-18 17:23:50,749 - INFO - MainThread - server_logic - [DEBUG] found replica for vector: 1
2025-11-18 17:23:50,749 - INFO - MainThread - server_logic - [DEBUG] found replica for vector: 2
2025-11-18 17:23:50,749 - INFO - MainThread - server_logic - [DEBUG] found replica for vector: 3
2025-11-18 17:23:50,749 - INFO - MainThread - server_logic - [DEBUG] found replica for vector: 4
2025-11-18 17:23:50,749 - INFO - MainThread - server_logic - [DEBUG] found replica for vector: 1
2025-11-18 17:23:50,749 - INFO - MainThread - server_logic - [DEBUG] found replica for vector: 2
2025-11-18 17:23:50,749 - INFO - MainThread - server_logic - [DEBUG] found replica for vector: 3
2025-11-18 17:23:50,749 - INFO - MainThread - server_logic - [DEBUG] to me replica for vector: 3
2025-11-18 17:23:50,749 - INFO - MainThread - server_logic - [DEBUG] found replica for vector: 1
2025-11-18 17:23:50,749 - INFO - MainThread - server_logic - [DEBUG] found replica for vector: 2
2025-11-18 17:23:50,749 - INFO - MainThread - server_logic - [DEBUG] found replica for vector: 3
2025-11-18 17:23:50,749 - INFO - MainThread - server_logic - [DEBUG] to me replica for vector: 3
2025-11-18 17:23:50,749 - INFO - MainThread - server_logic - [DEBUG] found replica for vector: 1
2025-11-18 17:23:50,749 - INFO - MainThread - server_logic - [DEBUG] found replica for vector: 2
2025-11-18 17:23:50,749 - INFO - MainThread - server_logic - [DEBUG] found replica for vector: 3
2025-11-18 17:23:50,749 - INFO - MainThread - server_logic - [DEBUG] found replica for vector: 4
2025-11-18 17:23:50,749 - INFO - MainThread - server_logic - [DEBUG] found replica for vector: 1
2025-11-18 17:23:50,749 - INFO - MainThread - server_logic - [DEBUG] found replica for vector: 2
2025-11-18 17:23:50,749 - INFO - MainThread - server_logic - [DEBUG] found replica for vector: 3
2025-11-18 17:23:50,750 - INFO - MainThread - server_logic - [DEBUG] found replica for vector: 4
2025-11-18 17:23:50,750 - INFO - MainThread - server_logic - [DEBUG] found replica for vector: 1
2025-11-18 17:23:50,750 - INFO - MainThread - server_logic - [DEBUG] found replica for vector: 2
2025-11-18 17:23:50,750 - INFO - MainThread - server_logic - [DEBUG] found replica for vector: 3
2025-11-18 17:23:50,750 - INFO - MainThread - server_logic - [DEBUG] found replica for vector: 4
2025-11-18 17:23:50,750 - INFO - MainThread - server_logic - [DEBUG] found replica for vector: 1
2025-11-18 17:23:50,750 - INFO - MainThread - server_logic - [DEBUG] found replica for vector: 2
2025-11-18 17:23:50,750 - INFO - MainThread - server_logic - [DEBUG] found replica for vector: 3
2025-11-18 17:23:50,750 - INFO - MainThread - server_logic - [DEBUG] to me replica for vector: 3
2025-11-18 17:23:50,750 - INFO - MainThread - server_logic - [DEBUG] found replica for vector: 1
2025-11-18 17:23:50,750 - INFO - MainThread - server_logic - [DEBUG] found replica for vector: 2
2025-11-18 17:23:50,750 - INFO - MainThread - server_logic - [DEBUG] found replica for vector: 3
2025-11-18 17:23:50,750 - INFO - MainThread - server_logic - [DEBUG] found replica for vector: 4
2025-11-18 17:23:50,750 - INFO - MainThread - server_logic - [DEBUG] found replica for vector: 1
2025-11-18 17:23:50,750 - INFO - MainThread - server_logic - [DEBUG] found replica for vector: 2
2025-11-18 17:23:50,750 - INFO - MainThread - server_logic - [DEBUG] found replica for vector: 3
2025-11-18 17:23:50,750 - INFO - MainThread - server_logic - [DEBUG] found replica for vector: 4
2025-11-18 17:23:50,750 - INFO - MainThread - server_logic - [DEBUG] found replica for vector: 1
2025-11-18 17:23:50,750 - INFO - MainThread - server_logic - [DEBUG] found replica for vector: 2
2025-11-18 17:23:50,750 - INFO - MainThread - server_logic - [DEBUG] found replica for vector: 3
2025-11-18 17:23:50,750 - INFO - MainThread - server_logic - [DEBUG] to me replica for vector: 3
2025-11-18 17:23:50,750 - INFO - MainThread - server_logic - [DEBUG] found replica for vector: 1
2025-11-18 17:23:50,750 - INFO - MainThread - server_logic - [DEBUG] found replica for vector: 2
2025-11-18 17:23:50,750 - INFO - MainThread - server_logic - [DEBUG] found replica for vector: 3
2025-11-18 17:23:50,750 - INFO - MainThread - server_logic - [DEBUG] found replica for vector: 4
2025-11-18 17:23:50,750 - INFO - MainThread - server_logic - [DEBUG] found replica for vector: 1
2025-11-18 17:23:50,750 - INFO - MainThread - server_logic - [DEBUG] found replica for vector: 2
2025-11-18 17:23:50,750 - INFO - MainThread - server_logic - [DEBUG] found replica for vector: 3
2025-11-18 17:23:50,750 - INFO - MainThread - server_logic - [DEBUG] found replica for vector: 4
2025-11-18 17:23:50,750 - INFO - MainThread - server_logic - [DEBUG] found replica for vector: 1
2025-11-18 17:23:50,750 - INFO - MainThread - server_logic - [DEBUG] found replica for vector: 2
2025-11-18 17:23:50,750 - INFO - MainThread - server_logic - [DEBUG] found replica for vector: 3
2025-11-18 17:23:50,750 - INFO - MainThread - server_logic - [DEBUG] found replica for vector: 4
2025-11-18 17:23:50,750 - INFO - MainThread - server_logic - [DEBUG] found replica for vector: 1
2025-11-18 17:23:50,750 - INFO - MainThread - server_logic - [DEBUG] found replica for vector: 2
2025-11-18 17:23:50,750 - INFO - MainThread - server_logic - [DEBUG] found replica for vector: 3
2025-11-18 17:23:50,750 - INFO - MainThread - server_logic - [DEBUG] found replica for vector: 4
2025-11-18 17:23:50,750 - INFO - MainThread - server_logic - [DEBUG] found replica for vector: 1
2025-11-18 17:23:50,750 - INFO - MainThread - server_logic - [DEBUG] found replica for vector: 2
2025-11-18 17:23:50,750 - INFO - MainThread - server_logic - [DEBUG] found replica for vector: 3
2025-11-18 17:23:50,750 - INFO - MainThread - server_logic - [DEBUG] found replica for vector: 4
2025-11-18 17:23:50,750 - INFO - MainThread - server_logic - [DEBUG] found replica for vector: 1
2025-11-18 17:23:50,750 - INFO - MainThread - server_logic - [DEBUG] found replica for vector: 2
2025-11-18 17:23:50,750 - INFO - MainThread - server_logic - [DEBUG] found replica for vector: 3
2025-11-18 17:23:50,750 - INFO - MainThread - server_logic - [DEBUG] found replica for vector: 4
2025-11-18 17:23:50,750 - INFO - MainThread - server_logic - [DEBUG] found replica for vector: 1
2025-11-18 17:23:50,750 - INFO - MainThread - server_logic - [DEBUG] found replica for vector: 2
2025-11-18 17:23:50,750 - INFO - MainThread - server_logic - [DEBUG] found replica for vector: 3
2025-11-18 17:23:50,750 - INFO - MainThread - server_logic - [DEBUG] found replica for vector: 4
2025-11-18 17:23:50,750 - INFO - MainThread - server_logic - [DEBUG] found replica for vector: 1
2025-11-18 17:23:50,750 - INFO - MainThread - server_logic - [DEBUG] found replica for vector: 2
2025-11-18 17:23:50,750 - INFO - MainThread - server_logic - [DEBUG] found replica for vector: 3
2025-11-18 17:23:50,750 - INFO - MainThread - server_logic - [DEBUG] found replica for vector: 4
2025-11-18 17:23:50,751 - INFO - MainThread - server_logic - [DEBUG] found replica for vector: 1
2025-11-18 17:23:50,751 - INFO - MainThread - server_logic - [DEBUG] found replica for vector: 2
2025-11-18 17:23:50,751 - INFO - MainThread - server_logic - [DEBUG] found replica for vector: 3
2025-11-18 17:23:50,751 - INFO - MainThread - server_logic - [DEBUG] to me replica for vector: 3
2025-11-18 17:23:50,751 - INFO - MainThread - server_logic - [DEBUG] found replica for vector: 1
2025-11-18 17:23:50,751 - INFO - MainThread - server_logic - [DEBUG] found replica for vector: 2
2025-11-18 17:23:50,751 - INFO - MainThread - server_logic - [DEBUG] found replica for vector: 3
2025-11-18 17:23:50,751 - INFO - MainThread - server_logic - [DEBUG] found replica for vector: 4
2025-11-18 17:23:50,751 - INFO - MainThread - server_logic - [DEBUG] found replica for vector: 1
2025-11-18 17:23:50,751 - INFO - MainThread - server_logic - [DEBUG] found replica for vector: 2
2025-11-18 17:23:50,751 - INFO - MainThread - server_logic - [DEBUG] found replica for vector: 3
2025-11-18 17:23:50,751 - INFO - MainThread - server_logic - [DEBUG] found replica for vector: 4
2025-11-18 17:23:50,751 - INFO - MainThread - server_logic - [DEBUG] found replica for vector: 1
2025-11-18 17:23:50,751 - INFO - MainThread - server_logic - [DEBUG] found replica for vector: 2
2025-11-18 17:23:50,751 - INFO - MainThread - server_logic - [DEBUG] found replica for vector: 3
2025-11-18 17:23:50,751 - INFO - MainThread - server_logic - [DEBUG] to me replica for vector: 3
2025-11-18 17:23:50,751 - INFO - MainThread - server_logic - [DEBUG] found replica for vector: 1
2025-11-18 17:23:50,751 - INFO - MainThread - server_logic - [DEBUG] found replica for vector: 2
2025-11-18 17:23:50,751 - INFO - MainThread - server_logic - [DEBUG] found replica for vector: 3
2025-11-18 17:23:50,751 - INFO - MainThread - server_logic - [DEBUG] found replica for vector: 4
2025-11-18 17:23:50,751 - INFO - MainThread - server_logic - [DEBUG] found replica for vector: 1
2025-11-18 17:23:50,751 - INFO - MainThread - server_logic - [DEBUG] found replica for vector: 2
2025-11-18 17:23:50,751 - INFO - MainThread - server_logic - [DEBUG] found replica for vector: 3
2025-11-18 17:23:50,751 - INFO - MainThread - server_logic - [DEBUG] to me replica for vector: 3
2025-11-18 17:23:50,751 - INFO - MainThread - server_logic - [DEBUG] found replica for vector: 1
2025-11-18 17:23:50,751 - INFO - MainThread - server_logic - [DEBUG] found replica for vector: 2
2025-11-18 17:23:50,751 - INFO - MainThread - server_logic - [DEBUG] found replica for vector: 3
2025-11-18 17:23:50,751 - INFO - MainThread - server_logic - [DEBUG] to me replica for vector: 3
2025-11-18 17:23:50,751 - INFO - MainThread - server_logic - [DEBUG] found replica for vector: 1
2025-11-18 17:23:50,751 - INFO - MainThread - server_logic - [DEBUG] found replica for vector: 2
2025-11-18 17:23:50,751 - INFO - MainThread - server_logic - [DEBUG] found replica for vector: 3
2025-11-18 17:23:50,751 - INFO - MainThread - server_logic - [DEBUG] found replica for vector: 4
2025-11-18 17:23:50,751 - INFO - MainThread - server_logic - [DEBUG] found replica for vector: 1
2025-11-18 17:23:50,751 - INFO - MainThread - server_logic - [DEBUG] found replica for vector: 2
2025-11-18 17:23:50,751 - INFO - MainThread - server_logic - [DEBUG] found replica for vector: 3
2025-11-18 17:23:50,751 - INFO - MainThread - server_logic - [DEBUG] found replica for vector: 4
2025-11-18 17:23:50,751 - INFO - MainThread - server_logic - [DEBUG] found replica for vector: 1
2025-11-18 17:23:50,751 - INFO - MainThread - server_logic - [DEBUG] found replica for vector: 2
2025-11-18 17:23:50,751 - INFO - MainThread - server_logic - [DEBUG] found replica for vector: 3
2025-11-18 17:23:50,751 - INFO - MainThread - server_logic - [DEBUG] found replica for vector: 4
2025-11-18 17:23:50,751 - INFO - MainThread - server_logic - [DEBUG] found replica for vector: 1
2025-11-18 17:23:50,751 - INFO - MainThread - server_logic - [DEBUG] found replica for vector: 2
2025-11-18 17:23:50,751 - INFO - MainThread - server_logic - [DEBUG] found replica for vector: 3
2025-11-18 17:23:50,751 - INFO - MainThread - server_logic - [DEBUG] found replica for vector: 4
2025-11-18 17:23:50,751 - INFO - MainThread - server_logic - [DEBUG] found replica for vector: 1
2025-11-18 17:23:50,751 - INFO - MainThread - server_logic - [DEBUG] found replica for vector: 2
2025-11-18 17:23:50,751 - INFO - MainThread - server_logic - [DEBUG] found replica for vector: 3
2025-11-18 17:23:50,751 - INFO - MainThread - server_logic - [DEBUG] found replica for vector: 4
2025-11-18 17:23:50,751 - INFO - MainThread - server_logic - [DEBUG] found replica for vector: 1
2025-11-18 17:23:50,751 - INFO - MainThread - server_logic - [DEBUG] found replica for vector: 2
2025-11-18 17:23:50,751 - INFO - MainThread - server_logic - [DEBUG] found replica for vector: 3
2025-11-18 17:23:50,751 - INFO - MainThread - server_logic - [DEBUG] found replica for vector: 4
2025-11-18 17:23:50,752 - INFO - MainThread - server_logic - [DEBUG] found replica for vector: 1
2025-11-18 17:23:50,752 - INFO - MainThread - server_logic - [DEBUG] found replica for vector: 2
2025-11-18 17:23:50,752 - INFO - MainThread - server_logic - [DEBUG] found replica for vector: 3
2025-11-18 17:23:50,752 - INFO - MainThread - server_logic - [DEBUG] found replica for vector: 4
2025-11-18 17:23:50,752 - INFO - MainThread - server_logic - [DEBUG] found replica for vector: 1
2025-11-18 17:23:50,752 - INFO - MainThread - server_logic - [DEBUG] found replica for vector: 2
2025-11-18 17:23:50,752 - INFO - MainThread - server_logic - [DEBUG] found replica for vector: 3
2025-11-18 17:23:50,752 - INFO - MainThread - server_logic - [DEBUG] to me replica for vector: 3
2025-11-18 17:23:50,752 - INFO - MainThread - server_logic - [DEBUG] found replica for vector: 1
2025-11-18 17:23:50,752 - INFO - MainThread - server_logic - [DEBUG] found replica for vector: 2
2025-11-18 17:23:50,752 - INFO - MainThread - server_logic - [DEBUG] found replica for vector: 3
2025-11-18 17:23:50,752 - INFO - MainThread - server_logic - [DEBUG] found replica for vector: 4
2025-11-18 17:23:50,752 - INFO - MainThread - server_logic - [DEBUG] found replica for vector: 1
2025-11-18 17:23:50,752 - INFO - MainThread - server_logic - [DEBUG] found replica for vector: 2
2025-11-18 17:23:50,752 - INFO - MainThread - server_logic - [DEBUG] found replica for vector: 3
2025-11-18 17:23:50,752 - INFO - MainThread - server_logic - [DEBUG] found replica for vector: 4
2025-11-18 17:23:50,752 - INFO - MainThread - server_logic - [DEBUG] found replica for vector: 1
2025-11-18 17:23:50,752 - INFO - MainThread - server_logic - [DEBUG] found replica for vector: 2
2025-11-18 17:23:50,752 - INFO - MainThread - server_logic - [DEBUG] found replica for vector: 3
2025-11-18 17:23:50,752 - INFO - MainThread - server_logic - [DEBUG] found replica for vector: 4
2025-11-18 17:23:50,752 - INFO - MainThread - server_logic - [DEBUG] found replica for vector: 1
2025-11-18 17:23:50,752 - INFO - MainThread - server_logic - [DEBUG] found replica for vector: 2
2025-11-18 17:23:50,752 - INFO - MainThread - server_logic - [DEBUG] found replica for vector: 3
2025-11-18 17:23:50,752 - INFO - MainThread - server_logic - [DEBUG] found replica for vector: 4
2025-11-18 17:23:50,752 - INFO - MainThread - server_logic - [DEBUG] found replica for vector: 1
2025-11-18 17:23:50,752 - INFO - MainThread - server_logic - [DEBUG] found replica for vector: 2
2025-11-18 17:23:50,752 - INFO - MainThread - server_logic - [DEBUG] found replica for vector: 3
2025-11-18 17:23:50,752 - INFO - MainThread - server_logic - [DEBUG] found replica for vector: 4
2025-11-18 17:23:50,752 - INFO - MainThread - server_logic - [DEBUG] found replica for vector: 1
2025-11-18 17:23:50,752 - INFO - MainThread - server_logic - [DEBUG] found replica for vector: 2
2025-11-18 17:23:50,752 - INFO - MainThread - server_logic - [DEBUG] found replica for vector: 3
2025-11-18 17:23:50,752 - INFO - MainThread - server_logic - [DEBUG] found replica for vector: 4
2025-11-18 17:23:50,752 - INFO - MainThread - server_logic - [DEBUG] found replica for vector: 1
2025-11-18 17:23:50,752 - INFO - MainThread - server_logic - [DEBUG] found replica for vector: 2
2025-11-18 17:23:50,752 - INFO - MainThread - server_logic - [DEBUG] found replica for vector: 3
2025-11-18 17:23:50,752 - INFO - MainThread - server_logic - [DEBUG] found replica for vector: 4
2025-11-18 17:23:50,752 - INFO - MainThread - server_logic - [DEBUG] found replica for vector: 1
2025-11-18 17:23:50,752 - INFO - MainThread - server_logic - [DEBUG] found replica for vector: 2
2025-11-18 17:23:50,752 - INFO - MainThread - server_logic - [DEBUG] found replica for vector: 3
2025-11-18 17:23:50,752 - INFO - MainThread - server_logic - [DEBUG] found replica for vector: 4
2025-11-18 17:23:50,752 - INFO - MainThread - server_logic - [DEBUG] found replica for vector: 1
2025-11-18 17:23:50,752 - INFO - MainThread - server_logic - [DEBUG] found replica for vector: 2
2025-11-18 17:23:50,752 - INFO - MainThread - server_logic - [DEBUG] found replica for vector: 3
2025-11-18 17:23:50,752 - INFO - MainThread - server_logic - [DEBUG] found replica for vector: 4
2025-11-18 17:23:50,752 - INFO - MainThread - server_logic - [DEBUG] found replica for vector: 1
2025-11-18 17:23:50,752 - INFO - MainThread - server_logic - [DEBUG] found replica for vector: 2
2025-11-18 17:23:50,752 - INFO - MainThread - server_logic - [DEBUG] found replica for vector: 3
2025-11-18 17:23:50,752 - INFO - MainThread - server_logic - [DEBUG] to me replica for vector: 3
2025-11-18 17:23:50,752 - INFO - MainThread - server_logic - [DEBUG] found replica for vector: 1
2025-11-18 17:23:50,752 - INFO - MainThread - server_logic - [DEBUG] found replica for vector: 2
2025-11-18 17:23:50,752 - INFO - MainThread - server_logic - [DEBUG] found replica for vector: 3
2025-11-18 17:23:50,752 - INFO - MainThread - server_logic - [DEBUG] found replica for vector: 4
2025-11-18 17:23:50,752 - INFO - MainThread - server_logic - [DEBUG] found replica for vector: 1
2025-11-18 17:23:50,753 - INFO - MainThread - server_logic - [DEBUG] found replica for vector: 2
2025-11-18 17:23:50,753 - INFO - MainThread - server_logic - [DEBUG] found replica for vector: 3
2025-11-18 17:23:50,753 - INFO - MainThread - server_logic - [DEBUG] found replica for vector: 4
2025-11-18 17:23:50,753 - INFO - MainThread - server_logic - [DEBUG] found replica for vector: 1
2025-11-18 17:23:50,753 - INFO - MainThread - server_logic - [DEBUG] found replica for vector: 2
2025-11-18 17:23:50,753 - INFO - MainThread - server_logic - [DEBUG] found replica for vector: 3
2025-11-18 17:23:50,753 - INFO - MainThread - server_logic - [DEBUG] found replica for vector: 4
2025-11-18 17:23:50,753 - INFO - MainThread - server_logic - [DEBUG] found replica for vector: 1
2025-11-18 17:23:50,753 - INFO - MainThread - server_logic - [DEBUG] found replica for vector: 2
2025-11-18 17:23:50,753 - INFO - MainThread - server_logic - [DEBUG] found replica for vector: 3
2025-11-18 17:23:50,753 - INFO - MainThread - server_logic - [DEBUG] found replica for vector: 4
2025-11-18 17:23:50,753 - INFO - MainThread - server_logic - [DEBUG] found replica for vector: 1
2025-11-18 17:23:50,753 - INFO - MainThread - server_logic - [DEBUG] found replica for vector: 2
2025-11-18 17:23:50,753 - INFO - MainThread - server_logic - [DEBUG] found replica for vector: 3
2025-11-18 17:23:50,753 - INFO - MainThread - server_logic - [DEBUG] to me replica for vector: 3
2025-11-18 17:23:50,753 - INFO - MainThread - server_logic - [DEBUG] found replica for vector: 1
2025-11-18 17:23:50,753 - INFO - MainThread - server_logic - [DEBUG] found replica for vector: 2
2025-11-18 17:23:50,753 - INFO - MainThread - server_logic - [DEBUG] found replica for vector: 3
2025-11-18 17:23:50,753 - INFO - MainThread - server_logic - [DEBUG] found replica for vector: 4
2025-11-18 17:23:50,753 - INFO - MainThread - server_logic - [DEBUG] found replica for vector: 1
2025-11-18 17:23:50,753 - INFO - MainThread - server_logic - [DEBUG] found replica for vector: 2
2025-11-18 17:23:50,753 - INFO - MainThread - server_logic - [DEBUG] found replica for vector: 3
2025-11-18 17:23:50,753 - INFO - MainThread - server_logic - [DEBUG] found replica for vector: 4
2025-11-18 17:23:50,753 - INFO - MainThread - server_logic - [DEBUG] found replica for vector: 1
2025-11-18 17:23:50,753 - INFO - MainThread - server_logic - [DEBUG] found replica for vector: 2
2025-11-18 17:23:50,753 - INFO - MainThread - server_logic - [DEBUG] found replica for vector: 3
2025-11-18 17:23:50,753 - INFO - MainThread - server_logic - [DEBUG] found replica for vector: 4
2025-11-18 17:23:50,753 - INFO - MainThread - server_logic - [DEBUG] found replica for vector: 1
2025-11-18 17:23:50,753 - INFO - MainThread - server_logic - [DEBUG] found replica for vector: 2
2025-11-18 17:23:50,753 - INFO - MainThread - server_logic - [DEBUG] found replica for vector: 3
2025-11-18 17:23:50,753 - INFO - MainThread - server_logic - [DEBUG] found replica for vector: 4
2025-11-18 17:23:50,753 - INFO - MainThread - server_logic - [DEBUG] found replica for vector: 1
2025-11-18 17:23:50,753 - INFO - MainThread - server_logic - [DEBUG] found replica for vector: 2
2025-11-18 17:23:50,753 - INFO - MainThread - server_logic - [DEBUG] found replica for vector: 3
2025-11-18 17:23:50,753 - INFO - MainThread - server_logic - [DEBUG] found replica for vector: 4
2025-11-18 17:23:50,753 - INFO - MainThread - server_logic - [DEBUG] found replica for vector: 1
2025-11-18 17:23:50,753 - INFO - MainThread - server_logic - [DEBUG] found replica for vector: 2
2025-11-18 17:23:50,753 - INFO - MainThread - server_logic - [DEBUG] found replica for vector: 3
2025-11-18 17:23:50,753 - INFO - MainThread - server_logic - [DEBUG] found replica for vector: 4
2025-11-18 17:23:50,753 - INFO - MainThread - server_logic - [DEBUG] found replica for vector: 1
2025-11-18 17:23:50,753 - INFO - MainThread - server_logic - [DEBUG] found replica for vector: 2
2025-11-18 17:23:50,753 - INFO - MainThread - server_logic - [DEBUG] found replica for vector: 3
2025-11-18 17:23:50,753 - INFO - MainThread - server_logic - [DEBUG] found replica for vector: 4
2025-11-18 17:23:50,753 - INFO - MainThread - server_logic - [DEBUG] found replica for vector: 1
2025-11-18 17:23:50,753 - INFO - MainThread - server_logic - [DEBUG] found replica for vector: 2
2025-11-18 17:23:50,753 - INFO - MainThread - server_logic - [DEBUG] found replica for vector: 3
2025-11-18 17:23:50,753 - INFO - MainThread - server_logic - [DEBUG] to me replica for vector: 3
2025-11-18 17:23:50,753 - INFO - MainThread - server_logic - [DEBUG] found replica for vector: 1
2025-11-18 17:23:50,753 - INFO - MainThread - server_logic - [DEBUG] found replica for vector: 2
2025-11-18 17:23:50,753 - INFO - MainThread - server_logic - [DEBUG] found replica for vector: 3
2025-11-18 17:23:50,753 - INFO - MainThread - server_logic - [DEBUG] to me replica for vector: 3
2025-11-18 17:23:50,753 - INFO - MainThread - server_logic - [DEBUG] found replica for vector: 1
2025-11-18 17:23:50,754 - INFO - MainThread - server_logic - [DEBUG] found replica for vector: 2
2025-11-18 17:23:50,754 - INFO - MainThread - server_logic - [DEBUG] found replica for vector: 3
2025-11-18 17:23:50,754 - INFO - MainThread - server_logic - [DEBUG] to me replica for vector: 3
2025-11-18 17:23:50,754 - INFO - MainThread - server_logic - [DEBUG] found replica for vector: 1
2025-11-18 17:23:50,754 - INFO - MainThread - server_logic - [DEBUG] found replica for vector: 2
2025-11-18 17:23:50,754 - INFO - MainThread - server_logic - [DEBUG] found replica for vector: 3
2025-11-18 17:23:50,754 - INFO - MainThread - server_logic - [DEBUG] to me replica for vector: 3
2025-11-18 17:23:50,754 - INFO - MainThread - server_logic - [DEBUG] found replica for vector: 1
2025-11-18 17:23:50,754 - INFO - MainThread - server_logic - [DEBUG] found replica for vector: 2
2025-11-18 17:23:50,754 - INFO - MainThread - server_logic - [DEBUG] found replica for vector: 3
2025-11-18 17:23:50,754 - INFO - MainThread - server_logic - [DEBUG] to me replica for vector: 3
2025-11-18 17:23:50,754 - INFO - MainThread - server_logic - [DEBUG] found replica for vector: 1
2025-11-18 17:23:50,754 - INFO - MainThread - server_logic - [DEBUG] found replica for vector: 2
2025-11-18 17:23:50,754 - INFO - MainThread - server_logic - [DEBUG] found replica for vector: 3
2025-11-18 17:23:50,754 - INFO - MainThread - server_logic - [DEBUG] to me replica for vector: 3
2025-11-18 17:23:50,754 - INFO - MainThread - server_logic - [DEBUG] found replica for vector: 1
2025-11-18 17:23:50,754 - INFO - MainThread - server_logic - [DEBUG] found replica for vector: 2
2025-11-18 17:23:50,754 - INFO - MainThread - server_logic - [DEBUG] found replica for vector: 3
2025-11-18 17:23:50,754 - INFO - MainThread - server_logic - [DEBUG] found replica for vector: 4
2025-11-18 17:23:50,754 - INFO - MainThread - server_logic - [DEBUG] found replica for vector: 1
2025-11-18 17:23:50,754 - INFO - MainThread - server_logic - [DEBUG] found replica for vector: 2
2025-11-18 17:23:50,754 - INFO - MainThread - server_logic - [DEBUG] found replica for vector: 3
2025-11-18 17:23:50,754 - INFO - MainThread - server_logic - [DEBUG] found replica for vector: 4
2025-11-18 17:23:50,754 - INFO - MainThread - server_logic - [DEBUG] found replica for vector: 1
2025-11-18 17:23:50,754 - INFO - MainThread - server_logic - [DEBUG] found replica for vector: 2
2025-11-18 17:23:50,754 - INFO - MainThread - server_logic - [DEBUG] found replica for vector: 3
2025-11-18 17:23:50,754 - INFO - MainThread - server_logic - [DEBUG] found replica for vector: 4
2025-11-18 17:23:50,754 - INFO - MainThread - server_logic - [DEBUG] found replica for vector: 1
2025-11-18 17:23:50,754 - INFO - MainThread - server_logic - [DEBUG] found replica for vector: 2
2025-11-18 17:23:50,754 - INFO - MainThread - server_logic - [DEBUG] found replica for vector: 3
2025-11-18 17:23:50,754 - INFO - MainThread - server_logic - [DEBUG] to me replica for vector: 3
2025-11-18 17:23:50,754 - INFO - MainThread - server_logic - [DEBUG] found replica for vector: 1
2025-11-18 17:23:50,754 - INFO - MainThread - server_logic - [DEBUG] found replica for vector: 2
2025-11-18 17:23:50,754 - INFO - MainThread - server_logic - [DEBUG] found replica for vector: 3
2025-11-18 17:23:50,754 - INFO - MainThread - server_logic - [DEBUG] to me replica for vector: 3
2025-11-18 17:23:50,754 - INFO - MainThread - server_logic - [DEBUG] found replica for vector: 1
2025-11-18 17:23:50,754 - INFO - MainThread - server_logic - [DEBUG] found replica for vector: 2
2025-11-18 17:23:50,754 - INFO - MainThread - server_logic - [DEBUG] found replica for vector: 3
2025-11-18 17:23:50,754 - INFO - MainThread - server_logic - [DEBUG] found replica for vector: 4
2025-11-18 17:23:50,754 - INFO - MainThread - server_logic - [DEBUG] found replica for vector: 1
2025-11-18 17:23:50,754 - INFO - MainThread - server_logic - [DEBUG] found replica for vector: 2
2025-11-18 17:23:50,754 - INFO - MainThread - server_logic - [DEBUG] found replica for vector: 3
2025-11-18 17:23:50,754 - INFO - MainThread - server_logic - [DEBUG] to me replica for vector: 3
2025-11-18 17:23:50,754 - INFO - MainThread - server_logic - [DEBUG] found replica for vector: 1
2025-11-18 17:23:50,754 - INFO - MainThread - server_logic - [DEBUG] found replica for vector: 2
2025-11-18 17:23:50,754 - INFO - MainThread - server_logic - [DEBUG] found replica for vector: 3
2025-11-18 17:23:50,754 - INFO - MainThread - server_logic - [DEBUG] found replica for vector: 4
2025-11-18 17:23:50,754 - INFO - MainThread - server_logic - [DEBUG] found replica for vector: 1
2025-11-18 17:23:50,754 - INFO - MainThread - server_logic - [DEBUG] found replica for vector: 2
2025-11-18 17:23:50,754 - INFO - MainThread - server_logic - [DEBUG] found replica for vector: 3
2025-11-18 17:23:50,754 - INFO - MainThread - server_logic - [DEBUG] found replica for vector: 4
2025-11-18 17:23:50,754 - INFO - MainThread - server_logic - [DEBUG] found replica for vector: 1
2025-11-18 17:23:50,754 - INFO - MainThread - server_logic - [DEBUG] found replica for vector: 2
2025-11-18 17:23:50,754 - INFO - MainThread - server_logic - [DEBUG] found replica for vector: 3
2025-11-18 17:23:50,754 - INFO - MainThread - server_logic - [DEBUG] found replica for vector: 4
2025-11-18 17:23:50,754 - INFO - MainThread - server_logic - [DEBUG] found replica for vector: 1
2025-11-18 17:23:50,754 - INFO - MainThread - server_logic - [DEBUG] found replica for vector: 2
2025-11-18 17:23:50,755 - INFO - MainThread - server_logic - [DEBUG] found replica for vector: 3
2025-11-18 17:23:50,755 - INFO - MainThread - server_logic - [DEBUG] found replica for vector: 4
2025-11-18 17:23:50,755 - INFO - MainThread - server_logic - [DEBUG] found replica for vector: 1
2025-11-18 17:23:50,755 - INFO - MainThread - server_logic - [DEBUG] found replica for vector: 2
2025-11-18 17:23:50,755 - INFO - MainThread - server_logic - [DEBUG] found replica for vector: 3
2025-11-18 17:23:50,755 - INFO - MainThread - server_logic - [DEBUG] found replica for vector: 4
2025-11-18 17:23:50,755 - INFO - MainThread - server_logic - [DEBUG] found replica for vector: 1
2025-11-18 17:23:50,755 - INFO - MainThread - server_logic - [DEBUG] found replica for vector: 2
2025-11-18 17:23:50,755 - INFO - MainThread - server_logic - [DEBUG] found replica for vector: 3
2025-11-18 17:23:50,755 - INFO - MainThread - server_logic - [DEBUG] found replica for vector: 4
2025-11-18 17:23:50,755 - INFO - MainThread - server_logic - [DEBUG] found replica for vector: 1
2025-11-18 17:23:50,755 - INFO - MainThread - server_logic - [DEBUG] found replica for vector: 2
2025-11-18 17:23:50,755 - INFO - MainThread - server_logic - [DEBUG] found replica for vector: 3
2025-11-18 17:23:50,755 - INFO - MainThread - server_logic - [DEBUG] to me replica for vector: 3
2025-11-18 17:23:50,755 - INFO - MainThread - server_logic - [DEBUG] found replica for vector: 1
2025-11-18 17:23:50,755 - INFO - MainThread - server_logic - [DEBUG] found replica for vector: 2
2025-11-18 17:23:50,755 - INFO - MainThread - server_logic - [DEBUG] found replica for vector: 3
2025-11-18 17:23:50,755 - INFO - MainThread - server_logic - [DEBUG] to me replica for vector: 3
2025-11-18 17:23:50,755 - INFO - MainThread - server_logic - [DEBUG] found replica for vector: 1
2025-11-18 17:23:50,755 - INFO - MainThread - server_logic - [DEBUG] found replica for vector: 2
2025-11-18 17:23:50,755 - INFO - MainThread - server_logic - [DEBUG] found replica for vector: 3
2025-11-18 17:23:50,755 - INFO - MainThread - server_logic - [DEBUG] found replica for vector: 4
2025-11-18 17:23:50,755 - INFO - MainThread - server_logic - [DEBUG] found replica for vector: 1
2025-11-18 17:23:50,755 - INFO - MainThread - server_logic - [DEBUG] found replica for vector: 2
2025-11-18 17:23:50,755 - INFO - MainThread - server_logic - [DEBUG] found replica for vector: 3
2025-11-18 17:23:50,755 - INFO - MainThread - server_logic - [DEBUG] found replica for vector: 4
2025-11-18 17:23:50,755 - INFO - MainThread - server_logic - [DEBUG] found replica for vector: 1
2025-11-18 17:23:50,755 - INFO - MainThread - server_logic - [DEBUG] found replica for vector: 2
2025-11-18 17:23:50,755 - INFO - MainThread - server_logic - [DEBUG] found replica for vector: 3
2025-11-18 17:23:50,755 - INFO - MainThread - server_logic - [DEBUG] to me replica for vector: 3
2025-11-18 17:23:50,755 - INFO - MainThread - server_logic - [DEBUG] found replica for vector: 1
2025-11-18 17:23:50,755 - INFO - MainThread - server_logic - [DEBUG] found replica for vector: 2
2025-11-18 17:23:50,755 - INFO - MainThread - server_logic - [DEBUG] found replica for vector: 3
2025-11-18 17:23:50,755 - INFO - MainThread - server_logic - [DEBUG] found replica for vector: 4
2025-11-18 17:23:50,755 - INFO - MainThread - server_logic - [DEBUG] found replica for vector: 1
2025-11-18 17:23:50,755 - INFO - MainThread - server_logic - [DEBUG] found replica for vector: 2
2025-11-18 17:23:50,755 - INFO - MainThread - server_logic - [DEBUG] found replica for vector: 3
2025-11-18 17:23:50,755 - INFO - MainThread - server_logic - [DEBUG] found replica for vector: 4
2025-11-18 17:23:50,755 - INFO - MainThread - server_logic - [DEBUG] found replica for vector: 1
2025-11-18 17:23:50,755 - INFO - MainThread - server_logic - [DEBUG] found replica for vector: 2
2025-11-18 17:23:50,755 - INFO - MainThread - server_logic - [DEBUG] found replica for vector: 3
2025-11-18 17:23:50,755 - INFO - MainThread - server_logic - [DEBUG] to me replica for vector: 3
2025-11-18 17:23:50,755 - INFO - MainThread - server_logic - [DEBUG] found replica for vector: 1
2025-11-18 17:23:50,755 - INFO - MainThread - server_logic - [DEBUG] found replica for vector: 2
2025-11-18 17:23:50,755 - INFO - MainThread - server_logic - [DEBUG] found replica for vector: 3
2025-11-18 17:23:50,755 - INFO - MainThread - server_logic - [DEBUG] found replica for vector: 4
2025-11-18 17:23:50,755 - INFO - MainThread - server_logic - [DEBUG] found replica for vector: 1
2025-11-18 17:23:50,755 - INFO - MainThread - server_logic - [DEBUG] found replica for vector: 2
2025-11-18 17:23:50,755 - INFO - MainThread - server_logic - [DEBUG] found replica for vector: 3
2025-11-18 17:23:50,755 - INFO - MainThread - server_logic - [DEBUG] to me replica for vector: 3
2025-11-18 17:23:50,755 - INFO - MainThread - server_logic - [DEBUG] found replica for vector: 1
2025-11-18 17:23:50,755 - INFO - MainThread - server_logic - [DEBUG] found replica for vector: 2
2025-11-18 17:23:50,755 - INFO - MainThread - server_logic - [DEBUG] found replica for vector: 3
2025-11-18 17:23:50,755 - INFO - MainThread - server_logic - [DEBUG] found replica for vector: 4
2025-11-18 17:23:50,755 - INFO - MainThread - server_logic - [DEBUG] found replica for vector: 1
2025-11-18 17:23:50,755 - INFO - MainThread - server_logic - [DEBUG] found replica for vector: 2
2025-11-18 17:23:50,755 - INFO - MainThread - server_logic - [DEBUG] found replica for vector: 3
2025-11-18 17:23:50,756 - INFO - MainThread - server_logic - [DEBUG] found replica for vector: 4
2025-11-18 17:23:50,756 - INFO - MainThread - server_logic - [DEBUG] found replica for vector: 1
2025-11-18 17:23:50,756 - INFO - MainThread - server_logic - [DEBUG] found replica for vector: 2
2025-11-18 17:23:50,756 - INFO - MainThread - server_logic - [DEBUG] found replica for vector: 3
2025-11-18 17:23:50,756 - INFO - MainThread - server_logic - [DEBUG] to me replica for vector: 3
2025-11-18 17:23:50,756 - INFO - MainThread - server_logic - [DEBUG] found replica for vector: 1
2025-11-18 17:23:50,756 - INFO - MainThread - server_logic - [DEBUG] found replica for vector: 2
2025-11-18 17:23:50,756 - INFO - MainThread - server_logic - [DEBUG] found replica for vector: 3
2025-11-18 17:23:50,756 - INFO - MainThread - server_logic - [DEBUG] found replica for vector: 4
2025-11-18 17:23:50,756 - INFO - MainThread - server_logic - [DEBUG] found replica for vector: 1
2025-11-18 17:23:50,756 - INFO - MainThread - server_logic - [DEBUG] found replica for vector: 2
2025-11-18 17:23:50,756 - INFO - MainThread - server_logic - [DEBUG] found replica for vector: 3
2025-11-18 17:23:50,756 - INFO - MainThread - server_logic - [DEBUG] found replica for vector: 4
2025-11-18 17:23:50,756 - INFO - MainThread - server_logic - [DEBUG] found replica for vector: 1
2025-11-18 17:23:50,756 - INFO - MainThread - server_logic - [DEBUG] found replica for vector: 2
2025-11-18 17:23:50,756 - INFO - MainThread - server_logic - [DEBUG] found replica for vector: 3
2025-11-18 17:23:50,756 - INFO - MainThread - server_logic - [DEBUG] to me replica for vector: 3
2025-11-18 17:23:50,756 - INFO - MainThread - server_logic - [DEBUG] found replica for vector: 1
2025-11-18 17:23:50,756 - INFO - MainThread - server_logic - [DEBUG] found replica for vector: 2
2025-11-18 17:23:50,756 - INFO - MainThread - server_logic - [DEBUG] found replica for vector: 3
2025-11-18 17:23:50,756 - INFO - MainThread - server_logic - [DEBUG] to me replica for vector: 3
2025-11-18 17:23:50,756 - INFO - MainThread - server_logic - [DEBUG] found replica for vector: 1
2025-11-18 17:23:50,756 - INFO - MainThread - server_logic - [DEBUG] found replica for vector: 2
2025-11-18 17:23:50,756 - INFO - MainThread - server_logic - [DEBUG] found replica for vector: 3
2025-11-18 17:23:50,756 - INFO - MainThread - server_logic - [DEBUG] found replica for vector: 4
2025-11-18 17:23:50,756 - INFO - MainThread - server_logic - [DEBUG] found replica for vector: 1
2025-11-18 17:23:50,756 - INFO - MainThread - server_logic - [DEBUG] found replica for vector: 2
2025-11-18 17:23:50,756 - INFO - MainThread - server_logic - [DEBUG] found replica for vector: 3
2025-11-18 17:23:50,756 - INFO - MainThread - server_logic - [DEBUG] to me replica for vector: 3
2025-11-18 17:23:50,756 - INFO - MainThread - server_logic - [DEBUG] found replica for vector: 1
2025-11-18 17:23:50,756 - INFO - MainThread - server_logic - [DEBUG] found replica for vector: 2
2025-11-18 17:23:50,756 - INFO - MainThread - server_logic - [DEBUG] found replica for vector: 3
2025-11-18 17:23:50,756 - INFO - MainThread - server_logic - [DEBUG] found replica for vector: 4
2025-11-18 17:23:50,756 - INFO - MainThread - server_logic - [DEBUG] found replica for vector: 1
2025-11-18 17:23:50,756 - INFO - MainThread - server_logic - [DEBUG] found replica for vector: 2
2025-11-18 17:23:50,756 - INFO - MainThread - server_logic - [DEBUG] found replica for vector: 3
2025-11-18 17:23:50,756 - INFO - MainThread - server_logic - [DEBUG] found replica for vector: 4
2025-11-18 17:23:50,756 - INFO - MainThread - server_logic - [DEBUG] found replica for vector: 1
2025-11-18 17:23:50,756 - INFO - MainThread - server_logic - [DEBUG] found replica for vector: 2
2025-11-18 17:23:50,756 - INFO - MainThread - server_logic - [DEBUG] found replica for vector: 3
2025-11-18 17:23:50,756 - INFO - MainThread - server_logic - [DEBUG] to me replica for vector: 3
2025-11-18 17:23:50,756 - INFO - MainThread - server_logic - [DEBUG] found replica for vector: 1
2025-11-18 17:23:50,756 - INFO - MainThread - server_logic - [DEBUG] found replica for vector: 2
2025-11-18 17:23:50,756 - INFO - MainThread - server_logic - [DEBUG] found replica for vector: 3
2025-11-18 17:23:50,756 - INFO - MainThread - server_logic - [DEBUG] to me replica for vector: 3
2025-11-18 17:23:50,756 - INFO - MainThread - server_logic - [DEBUG] found replica for vector: 1
2025-11-18 17:23:50,756 - INFO - MainThread - server_logic - [DEBUG] found replica for vector: 2
2025-11-18 17:23:50,756 - INFO - MainThread - server_logic - [DEBUG] found replica for vector: 3
2025-11-18 17:23:50,756 - INFO - MainThread - server_logic - [DEBUG] found replica for vector: 4
2025-11-18 17:23:50,756 - INFO - MainThread - server_logic - [DEBUG] found replica for vector: 1
2025-11-18 17:23:50,756 - INFO - MainThread - server_logic - [DEBUG] found replica for vector: 2
2025-11-18 17:23:50,756 - INFO - MainThread - server_logic - [DEBUG] found replica for vector: 3
2025-11-18 17:23:50,756 - INFO - MainThread - server_logic - [DEBUG] found replica for vector: 4
2025-11-18 17:23:50,756 - INFO - MainThread - server_logic - [DEBUG] found replica for vector: 1
2025-11-18 17:23:50,756 - INFO - MainThread - server_logic - [DEBUG] found replica for vector: 2
2025-11-18 17:23:50,756 - INFO - MainThread - server_logic - [DEBUG] found replica for vector: 3
2025-11-18 17:23:50,756 - INFO - MainThread - server_logic - [DEBUG] found replica for vector: 4
2025-11-18 17:23:50,757 - INFO - MainThread - server_logic - [DEBUG] found replica for vector: 1
2025-11-18 17:23:50,757 - INFO - MainThread - server_logic - [DEBUG] found replica for vector: 2
2025-11-18 17:23:50,757 - INFO - MainThread - server_logic - [DEBUG] found replica for vector: 3
2025-11-18 17:23:50,757 - INFO - MainThread - server_logic - [DEBUG] found replica for vector: 4
2025-11-18 17:23:50,757 - INFO - MainThread - server_logic - [DEBUG] found replica for vector: 1
2025-11-18 17:23:50,757 - INFO - MainThread - server_logic - [DEBUG] found replica for vector: 2
2025-11-18 17:23:50,757 - INFO - MainThread - server_logic - [DEBUG] found replica for vector: 3
2025-11-18 17:23:50,757 - INFO - MainThread - server_logic - [DEBUG] found replica for vector: 4
2025-11-18 17:23:50,757 - INFO - MainThread - server_logic - [DEBUG] found replica for vector: 1
2025-11-18 17:23:50,757 - INFO - MainThread - server_logic - [DEBUG] found replica for vector: 2
2025-11-18 17:23:50,757 - INFO - MainThread - server_logic - [DEBUG] found replica for vector: 3
2025-11-18 17:23:50,757 - INFO - MainThread - server_logic - [DEBUG] found replica for vector: 4
2025-11-18 17:23:50,757 - INFO - MainThread - server_logic - [DEBUG] found replica for vector: 1
2025-11-18 17:23:50,757 - INFO - MainThread - server_logic - [DEBUG] found replica for vector: 2
2025-11-18 17:23:50,757 - INFO - MainThread - server_logic - [DEBUG] found replica for vector: 3
2025-11-18 17:23:50,757 - INFO - MainThread - server_logic - [DEBUG] found replica for vector: 4
2025-11-18 17:23:50,757 - INFO - MainThread - server_logic - [DEBUG] found replica for vector: 1
2025-11-18 17:23:50,757 - INFO - MainThread - server_logic - [DEBUG] found replica for vector: 2
2025-11-18 17:23:50,757 - INFO - MainThread - server_logic - [DEBUG] found replica for vector: 3
2025-11-18 17:23:50,757 - INFO - MainThread - server_logic - [DEBUG] found replica for vector: 4
2025-11-18 17:23:50,757 - INFO - MainThread - server_logic - [DEBUG] found replica for vector: 1
2025-11-18 17:23:50,757 - INFO - MainThread - server_logic - [DEBUG] found replica for vector: 2
2025-11-18 17:23:50,757 - INFO - MainThread - server_logic - [DEBUG] found replica for vector: 3
2025-11-18 17:23:50,757 - INFO - MainThread - server_logic - [DEBUG] to me replica for vector: 3
2025-11-18 17:23:50,757 - INFO - MainThread - server_logic - [DEBUG] found replica for vector: 1
2025-11-18 17:23:50,757 - INFO - MainThread - server_logic - [DEBUG] found replica for vector: 2
2025-11-18 17:23:50,757 - INFO - MainThread - server_logic - [DEBUG] found replica for vector: 3
2025-11-18 17:23:50,757 - INFO - MainThread - server_logic - [DEBUG] found replica for vector: 4
2025-11-18 17:23:50,757 - INFO - MainThread - server_logic - [DEBUG] found replica for vector: 1
2025-11-18 17:23:50,757 - INFO - MainThread - server_logic - [DEBUG] found replica for vector: 2
2025-11-18 17:23:50,757 - INFO - MainThread - server_logic - [DEBUG] found replica for vector: 3
2025-11-18 17:23:50,757 - INFO - MainThread - server_logic - [DEBUG] found replica for vector: 4
2025-11-18 17:23:50,757 - INFO - MainThread - server_logic - [DEBUG] found replica for vector: 1
2025-11-18 17:23:50,757 - INFO - MainThread - server_logic - [DEBUG] found replica for vector: 2
2025-11-18 17:23:50,757 - INFO - MainThread - server_logic - [DEBUG] found replica for vector: 3
2025-11-18 17:23:50,757 - INFO - MainThread - server_logic - [DEBUG] found replica for vector: 4
2025-11-18 17:23:50,757 - INFO - MainThread - server_logic - [DEBUG] found replica for vector: 1
2025-11-18 17:23:50,757 - INFO - MainThread - server_logic - [DEBUG] found replica for vector: 2
2025-11-18 17:23:50,757 - INFO - MainThread - server_logic - [DEBUG] found replica for vector: 3
2025-11-18 17:23:50,757 - INFO - MainThread - server_logic - [DEBUG] found replica for vector: 4
2025-11-18 17:23:50,757 - INFO - MainThread - server_logic - [DEBUG] found replica for vector: 1
2025-11-18 17:23:50,757 - INFO - MainThread - server_logic - [DEBUG] found replica for vector: 2
2025-11-18 17:23:50,757 - INFO - MainThread - server_logic - [DEBUG] found replica for vector: 3
2025-11-18 17:23:50,757 - INFO - MainThread - server_logic - [DEBUG] to me replica for vector: 3
2025-11-18 17:23:50,757 - INFO - MainThread - server_logic - [DEBUG] found replica for vector: 1
2025-11-18 17:23:50,757 - INFO - MainThread - server_logic - [DEBUG] found replica for vector: 2
2025-11-18 17:23:50,757 - INFO - MainThread - server_logic - [DEBUG] found replica for vector: 3
2025-11-18 17:23:50,757 - INFO - MainThread - server_logic - [DEBUG] found replica for vector: 4
2025-11-18 17:23:50,757 - INFO - MainThread - server_logic - [DEBUG] found replica for vector: 1
2025-11-18 17:23:50,757 - INFO - MainThread - server_logic - [DEBUG] found replica for vector: 2
2025-11-18 17:23:50,757 - INFO - MainThread - server_logic - [DEBUG] found replica for vector: 3
2025-11-18 17:23:50,757 - INFO - MainThread - server_logic - [DEBUG] found replica for vector: 4
2025-11-18 17:23:50,757 - INFO - MainThread - server_logic - [DEBUG] found replica for vector: 1
2025-11-18 17:23:50,757 - INFO - MainThread - server_logic - [DEBUG] found replica for vector: 2
2025-11-18 17:23:50,757 - INFO - MainThread - server_logic - [DEBUG] found replica for vector: 3
2025-11-18 17:23:50,757 - INFO - MainThread - server_logic - [DEBUG] found replica for vector: 4
2025-11-18 17:23:50,758 - INFO - MainThread - server_logic - [DEBUG] found replica for vector: 1
2025-11-18 17:23:50,758 - INFO - MainThread - server_logic - [DEBUG] found replica for vector: 2
2025-11-18 17:23:50,758 - INFO - MainThread - server_logic - [DEBUG] found replica for vector: 3
2025-11-18 17:23:50,758 - INFO - MainThread - server_logic - [DEBUG] found replica for vector: 4
2025-11-18 17:23:50,758 - INFO - MainThread - server_logic - [DEBUG] found replica for vector: 1
2025-11-18 17:23:50,758 - INFO - MainThread - server_logic - [DEBUG] found replica for vector: 2
2025-11-18 17:23:50,758 - INFO - MainThread - server_logic - [DEBUG] found replica for vector: 3
2025-11-18 17:23:50,758 - INFO - MainThread - server_logic - [DEBUG] found replica for vector: 4
2025-11-18 17:23:50,758 - INFO - MainThread - server_logic - [DEBUG] found replica for vector: 1
2025-11-18 17:23:50,758 - INFO - MainThread - server_logic - [DEBUG] found replica for vector: 2
2025-11-18 17:23:50,758 - INFO - MainThread - server_logic - [DEBUG] found replica for vector: 3
2025-11-18 17:23:50,758 - INFO - MainThread - server_logic - [DEBUG] found replica for vector: 4
2025-11-18 17:23:50,758 - INFO - MainThread - server_logic - [DEBUG] found replica for vector: 1
2025-11-18 17:23:50,758 - INFO - MainThread - server_logic - [DEBUG] found replica for vector: 2
2025-11-18 17:23:50,758 - INFO - MainThread - server_logic - [DEBUG] found replica for vector: 3
2025-11-18 17:23:50,758 - INFO - MainThread - server_logic - [DEBUG] found replica for vector: 4
2025-11-18 17:23:50,758 - INFO - MainThread - server_logic - [DEBUG] found replica for vector: 1
2025-11-18 17:23:50,758 - INFO - MainThread - server_logic - [DEBUG] found replica for vector: 2
2025-11-18 17:23:50,758 - INFO - MainThread - server_logic - [DEBUG] found replica for vector: 3
2025-11-18 17:23:50,758 - INFO - MainThread - server_logic - [DEBUG] found replica for vector: 4
2025-11-18 17:23:50,758 - INFO - MainThread - server_logic - [DEBUG] found replica for vector: 1
2025-11-18 17:23:50,758 - INFO - MainThread - server_logic - [DEBUG] found replica for vector: 2
2025-11-18 17:23:50,758 - INFO - MainThread - server_logic - [DEBUG] found replica for vector: 3
2025-11-18 17:23:50,758 - INFO - MainThread - server_logic - [DEBUG] to me replica for vector: 3
2025-11-18 17:23:50,758 - INFO - MainThread - server_logic - [DEBUG] found replica for vector: 1
2025-11-18 17:23:50,758 - INFO - MainThread - server_logic - [DEBUG] found replica for vector: 2
2025-11-18 17:23:50,758 - INFO - MainThread - server_logic - [DEBUG] found replica for vector: 3
2025-11-18 17:23:50,758 - INFO - MainThread - server_logic - [DEBUG] to me replica for vector: 3
2025-11-18 17:23:50,758 - INFO - MainThread - server_logic - [DEBUG] found replica for vector: 1
2025-11-18 17:23:50,758 - INFO - MainThread - server_logic - [DEBUG] found replica for vector: 2
2025-11-18 17:23:50,758 - INFO - MainThread - server_logic - [DEBUG] found replica for vector: 3
2025-11-18 17:23:50,758 - INFO - MainThread - server_logic - [DEBUG] to me replica for vector: 3
2025-11-18 17:23:50,758 - INFO - MainThread - server_logic - [DEBUG] found replica for vector: 1
2025-11-18 17:23:50,758 - INFO - MainThread - server_logic - [DEBUG] found replica for vector: 2
2025-11-18 17:23:50,758 - INFO - MainThread - server_logic - [DEBUG] found replica for vector: 3
2025-11-18 17:23:50,758 - INFO - MainThread - server_logic - [DEBUG] found replica for vector: 4
2025-11-18 17:23:50,758 - INFO - MainThread - server_logic - [DEBUG] found replica for vector: 1
2025-11-18 17:23:50,758 - INFO - MainThread - server_logic - [DEBUG] found replica for vector: 2
2025-11-18 17:23:50,758 - INFO - MainThread - server_logic - [DEBUG] found replica for vector: 3
2025-11-18 17:23:50,758 - INFO - MainThread - server_logic - [DEBUG] to me replica for vector: 3
2025-11-18 17:23:50,758 - INFO - MainThread - server_logic - [DEBUG] found replica for vector: 1
2025-11-18 17:23:50,758 - INFO - MainThread - server_logic - [DEBUG] found replica for vector: 2
2025-11-18 17:23:50,758 - INFO - MainThread - server_logic - [DEBUG] found replica for vector: 3
2025-11-18 17:23:50,758 - INFO - MainThread - server_logic - [DEBUG] to me replica for vector: 3
2025-11-18 17:23:50,758 - INFO - MainThread - server_logic - [DEBUG] found replica for vector: 1
2025-11-18 17:23:50,758 - INFO - MainThread - server_logic - [DEBUG] found replica for vector: 2
2025-11-18 17:23:50,758 - INFO - MainThread - server_logic - [DEBUG] found replica for vector: 3
2025-11-18 17:23:50,758 - INFO - MainThread - server_logic - [DEBUG] found replica for vector: 4
2025-11-18 17:23:50,758 - INFO - MainThread - server_logic - [DEBUG] found replica for vector: 1
2025-11-18 17:23:50,758 - INFO - MainThread - server_logic - [DEBUG] found replica for vector: 2
2025-11-18 17:23:50,758 - INFO - MainThread - server_logic - [DEBUG] found replica for vector: 3
2025-11-18 17:23:50,758 - INFO - MainThread - server_logic - [DEBUG] found replica for vector: 4
2025-11-18 17:23:50,758 - INFO - MainThread - server_logic - [DEBUG] found replica for vector: 1
2025-11-18 17:23:50,758 - INFO - MainThread - server_logic - [DEBUG] found replica for vector: 2
2025-11-18 17:23:50,758 - INFO - MainThread - server_logic - [DEBUG] found replica for vector: 3
2025-11-18 17:23:50,758 - INFO - MainThread - server_logic - [DEBUG] found replica for vector: 4
2025-11-18 17:23:50,759 - INFO - MainThread - server_logic - [DEBUG] found replica for vector: 1
2025-11-18 17:23:50,759 - INFO - MainThread - server_logic - [DEBUG] found replica for vector: 2
2025-11-18 17:23:50,759 - INFO - MainThread - server_logic - [DEBUG] found replica for vector: 3
2025-11-18 17:23:50,759 - INFO - MainThread - server_logic - [DEBUG] found replica for vector: 4
2025-11-18 17:23:50,759 - INFO - MainThread - server_logic - [DEBUG] found replica for vector: 1
2025-11-18 17:23:50,759 - INFO - MainThread - server_logic - [DEBUG] found replica for vector: 2
2025-11-18 17:23:50,759 - INFO - MainThread - server_logic - [DEBUG] found replica for vector: 3
2025-11-18 17:23:50,759 - INFO - MainThread - server_logic - [DEBUG] found replica for vector: 4
2025-11-18 17:23:50,759 - INFO - MainThread - server_logic - [DEBUG] found replica for vector: 1
2025-11-18 17:23:50,759 - INFO - MainThread - server_logic - [DEBUG] found replica for vector: 2
2025-11-18 17:23:50,759 - INFO - MainThread - server_logic - [DEBUG] found replica for vector: 3
2025-11-18 17:23:50,759 - INFO - MainThread - server_logic - [DEBUG] found replica for vector: 4
2025-11-18 17:23:50,759 - INFO - MainThread - server_logic - [DEBUG] found replica for vector: 1
2025-11-18 17:23:50,759 - INFO - MainThread - server_logic - [DEBUG] found replica for vector: 2
2025-11-18 17:23:50,759 - INFO - MainThread - server_logic - [DEBUG] found replica for vector: 3
2025-11-18 17:23:50,759 - INFO - MainThread - server_logic - [DEBUG] to me replica for vector: 3
2025-11-18 17:23:50,759 - INFO - MainThread - server_logic - [DEBUG] found replica for vector: 1
2025-11-18 17:23:50,759 - INFO - MainThread - server_logic - [DEBUG] found replica for vector: 2
2025-11-18 17:23:50,759 - INFO - MainThread - server_logic - [DEBUG] found replica for vector: 3
2025-11-18 17:23:50,759 - INFO - MainThread - server_logic - [DEBUG] found replica for vector: 4
2025-11-18 17:23:50,759 - INFO - MainThread - server_logic - [DEBUG] found replica for vector: 1
2025-11-18 17:23:50,759 - INFO - MainThread - server_logic - [DEBUG] found replica for vector: 2
2025-11-18 17:23:50,759 - INFO - MainThread - server_logic - [DEBUG] found replica for vector: 3
2025-11-18 17:23:50,759 - INFO - MainThread - server_logic - [DEBUG] found replica for vector: 4
2025-11-18 17:23:50,759 - INFO - MainThread - server_logic - [DEBUG] found replica for vector: 1
2025-11-18 17:23:50,759 - INFO - MainThread - server_logic - [DEBUG] found replica for vector: 2
2025-11-18 17:23:50,759 - INFO - MainThread - server_logic - [DEBUG] found replica for vector: 3
2025-11-18 17:23:50,759 - INFO - MainThread - server_logic - [DEBUG] found replica for vector: 4
2025-11-18 17:23:50,759 - INFO - MainThread - server_logic - [DEBUG] found replica for vector: 1
2025-11-18 17:23:50,759 - INFO - MainThread - server_logic - [DEBUG] found replica for vector: 2
2025-11-18 17:23:50,759 - INFO - MainThread - server_logic - [DEBUG] found replica for vector: 3
2025-11-18 17:23:50,759 - INFO - MainThread - server_logic - [DEBUG] found replica for vector: 4
2025-11-18 17:23:50,759 - INFO - MainThread - server_logic - [DEBUG] found replica for vector: 1
2025-11-18 17:23:50,759 - INFO - MainThread - server_logic - [DEBUG] found replica for vector: 2
2025-11-18 17:23:50,759 - INFO - MainThread - server_logic - [DEBUG] found replica for vector: 3
2025-11-18 17:23:50,759 - INFO - MainThread - server_logic - [DEBUG] found replica for vector: 4
2025-11-18 17:23:50,759 - INFO - MainThread - server_logic - [DEBUG] found replica for vector: 1
2025-11-18 17:23:50,759 - INFO - MainThread - server_logic - [DEBUG] found replica for vector: 2
2025-11-18 17:23:50,759 - INFO - MainThread - server_logic - [DEBUG] found replica for vector: 3
2025-11-18 17:23:50,759 - INFO - MainThread - server_logic - [DEBUG] found replica for vector: 4
2025-11-18 17:23:50,759 - INFO - MainThread - server_logic - [DEBUG] found replica for vector: 1
2025-11-18 17:23:50,759 - INFO - MainThread - server_logic - [DEBUG] found replica for vector: 2
2025-11-18 17:23:50,759 - INFO - MainThread - server_logic - [DEBUG] found replica for vector: 3
2025-11-18 17:23:50,759 - INFO - MainThread - server_logic - [DEBUG] found replica for vector: 4
2025-11-18 17:23:50,759 - INFO - MainThread - server_logic - [DEBUG] found replica for vector: 1
2025-11-18 17:23:50,759 - INFO - MainThread - server_logic - [DEBUG] found replica for vector: 2
2025-11-18 17:23:50,759 - INFO - MainThread - server_logic - [DEBUG] found replica for vector: 3
2025-11-18 17:23:50,759 - INFO - MainThread - server_logic - [DEBUG] found replica for vector: 4
2025-11-18 17:23:50,759 - INFO - MainThread - server_logic - [DEBUG] found replica for vector: 1
2025-11-18 17:23:50,759 - INFO - MainThread - server_logic - [DEBUG] found replica for vector: 2
2025-11-18 17:23:50,759 - INFO - MainThread - server_logic - [DEBUG] found replica for vector: 3
2025-11-18 17:23:50,759 - INFO - MainThread - server_logic - [DEBUG] found replica for vector: 4
2025-11-18 17:23:50,759 - INFO - MainThread - server_logic - [DEBUG] found replica for vector: 1
2025-11-18 17:23:50,759 - INFO - MainThread - server_logic - [DEBUG] found replica for vector: 2
2025-11-18 17:23:50,759 - INFO - MainThread - server_logic - [DEBUG] found replica for vector: 3
2025-11-18 17:23:50,759 - INFO - MainThread - server_logic - [DEBUG] found replica for vector: 4
2025-11-18 17:23:50,760 - INFO - MainThread - server_logic - [DEBUG] found replica for vector: 1
2025-11-18 17:23:50,760 - INFO - MainThread - server_logic - [DEBUG] found replica for vector: 2
2025-11-18 17:23:50,760 - INFO - MainThread - server_logic - [DEBUG] found replica for vector: 3
2025-11-18 17:23:50,760 - INFO - MainThread - server_logic - [DEBUG] found replica for vector: 4
2025-11-18 17:23:50,760 - INFO - MainThread - server_logic - [DEBUG] found replica for vector: 1
2025-11-18 17:23:50,760 - INFO - MainThread - server_logic - [DEBUG] found replica for vector: 2
2025-11-18 17:23:50,760 - INFO - MainThread - server_logic - [DEBUG] found replica for vector: 3
2025-11-18 17:23:50,760 - INFO - MainThread - server_logic - [DEBUG] found replica for vector: 4
2025-11-18 17:23:50,760 - INFO - MainThread - server_logic - [DEBUG] found replica for vector: 1
2025-11-18 17:23:50,760 - INFO - MainThread - server_logic - [DEBUG] found replica for vector: 2
2025-11-18 17:23:50,760 - INFO - MainThread - server_logic - [DEBUG] found replica for vector: 3
2025-11-18 17:23:50,760 - INFO - MainThread - server_logic - [DEBUG] to me replica for vector: 3
2025-11-18 17:23:50,760 - INFO - MainThread - server_logic - [DEBUG] found replica for vector: 1
2025-11-18 17:23:50,760 - INFO - MainThread - server_logic - [DEBUG] found replica for vector: 2
2025-11-18 17:23:50,760 - INFO - MainThread - server_logic - [DEBUG] found replica for vector: 3
2025-11-18 17:23:50,760 - INFO - MainThread - server_logic - [DEBUG] found replica for vector: 4
2025-11-18 17:23:50,760 - INFO - MainThread - server_logic - [DEBUG] found replica for vector: 1
2025-11-18 17:23:50,760 - INFO - MainThread - server_logic - [DEBUG] found replica for vector: 2
2025-11-18 17:23:50,760 - INFO - MainThread - server_logic - [DEBUG] found replica for vector: 3
2025-11-18 17:23:50,760 - INFO - MainThread - server_logic - [DEBUG] to me replica for vector: 3
2025-11-18 17:23:50,760 - INFO - MainThread - server_logic - [DEBUG] found replica for vector: 1
2025-11-18 17:23:50,760 - INFO - MainThread - server_logic - [DEBUG] found replica for vector: 2
2025-11-18 17:23:50,760 - INFO - MainThread - server_logic - [DEBUG] found replica for vector: 3
2025-11-18 17:23:50,760 - INFO - MainThread - server_logic - [DEBUG] found replica for vector: 4
2025-11-18 17:23:50,760 - INFO - MainThread - server_logic - [DEBUG] found replica for vector: 1
2025-11-18 17:23:50,760 - INFO - MainThread - server_logic - [DEBUG] found replica for vector: 2
2025-11-18 17:23:50,760 - INFO - MainThread - server_logic - [DEBUG] found replica for vector: 3
2025-11-18 17:23:50,760 - INFO - MainThread - server_logic - [DEBUG] found replica for vector: 4
2025-11-18 17:23:50,760 - INFO - MainThread - server_logic - [DEBUG] found replica for vector: 1
2025-11-18 17:23:50,760 - INFO - MainThread - server_logic - [DEBUG] found replica for vector: 2
2025-11-18 17:23:50,760 - INFO - MainThread - server_logic - [DEBUG] found replica for vector: 3
2025-11-18 17:23:50,760 - INFO - MainThread - server_logic - [DEBUG] to me replica for vector: 3
2025-11-18 17:23:50,760 - INFO - MainThread - server_logic - [DEBUG] found replica for vector: 1
2025-11-18 17:23:50,760 - INFO - MainThread - server_logic - [DEBUG] found replica for vector: 2
2025-11-18 17:23:50,760 - INFO - MainThread - server_logic - [DEBUG] found replica for vector: 3
2025-11-18 17:23:50,760 - INFO - MainThread - server_logic - [DEBUG] to me replica for vector: 3
2025-11-18 17:23:50,760 - INFO - MainThread - server_logic - [DEBUG] found replica for vector: 1
2025-11-18 17:23:50,760 - INFO - MainThread - server_logic - [DEBUG] found replica for vector: 2
2025-11-18 17:23:50,760 - INFO - MainThread - server_logic - [DEBUG] found replica for vector: 3
2025-11-18 17:23:50,761 - INFO - MainThread - server_logic - [DEBUG] found replica for vector: 4
2025-11-18 17:23:50,761 - INFO - MainThread - server_logic - [DEBUG] found replica for vector: 1
2025-11-18 17:23:50,761 - INFO - MainThread - server_logic - [DEBUG] found replica for vector: 2
2025-11-18 17:23:50,761 - INFO - MainThread - server_logic - [DEBUG] found replica for vector: 3
2025-11-18 17:23:50,761 - INFO - MainThread - server_logic - [DEBUG] found replica for vector: 4
2025-11-18 17:23:50,761 - INFO - MainThread - server_logic - [DEBUG] found replica for vector: 1
2025-11-18 17:23:50,761 - INFO - MainThread - server_logic - [DEBUG] found replica for vector: 2
2025-11-18 17:23:50,761 - INFO - MainThread - server_logic - [DEBUG] found replica for vector: 3
2025-11-18 17:23:50,761 - INFO - MainThread - server_logic - [DEBUG] to me replica for vector: 3
2025-11-18 17:23:50,761 - INFO - MainThread - server_logic - [DEBUG] found replica for vector: 1
2025-11-18 17:23:50,761 - INFO - MainThread - server_logic - [DEBUG] found replica for vector: 2
2025-11-18 17:23:50,761 - INFO - MainThread - server_logic - [DEBUG] found replica for vector: 3
2025-11-18 17:23:50,761 - INFO - MainThread - server_logic - [DEBUG] found replica for vector: 4
2025-11-18 17:23:50,761 - INFO - MainThread - server_logic - [DEBUG] found replica for vector: 1
2025-11-18 17:23:50,761 - INFO - MainThread - server_logic - [DEBUG] found replica for vector: 2
2025-11-18 17:23:50,761 - INFO - MainThread - server_logic - [DEBUG] found replica for vector: 3
2025-11-18 17:23:50,761 - INFO - MainThread - server_logic - [DEBUG] found replica for vector: 4
2025-11-18 17:23:50,761 - INFO - MainThread - server_logic - [DEBUG] found replica for vector: 1
2025-11-18 17:23:50,761 - INFO - MainThread - server_logic - [DEBUG] found replica for vector: 2
2025-11-18 17:23:50,761 - INFO - MainThread - server_logic - [DEBUG] found replica for vector: 3
2025-11-18 17:23:50,761 - INFO - MainThread - server_logic - [DEBUG] found replica for vector: 4
2025-11-18 17:23:50,761 - INFO - MainThread - server_logic - [DEBUG] found replica for vector: 1
2025-11-18 17:23:50,761 - INFO - MainThread - server_logic - [DEBUG] found replica for vector: 2
2025-11-18 17:23:50,761 - INFO - MainThread - server_logic - [DEBUG] found replica for vector: 3
2025-11-18 17:23:50,761 - INFO - MainThread - server_logic - [DEBUG] to me replica for vector: 3
2025-11-18 17:23:50,761 - INFO - MainThread - server_logic - [DEBUG] found replica for vector: 1
2025-11-18 17:23:50,761 - INFO - MainThread - server_logic - [DEBUG] found replica for vector: 2
2025-11-18 17:23:50,761 - INFO - MainThread - server_logic - [DEBUG] found replica for vector: 3
2025-11-18 17:23:50,761 - INFO - MainThread - server_logic - [DEBUG] to me replica for vector: 3
2025-11-18 17:23:50,761 - INFO - MainThread - server_logic - [DEBUG] found replica for vector: 1
2025-11-18 17:23:50,761 - INFO - MainThread - server_logic - [DEBUG] found replica for vector: 2
2025-11-18 17:23:50,761 - INFO - MainThread - server_logic - [DEBUG] found replica for vector: 3
2025-11-18 17:23:50,761 - INFO - MainThread - server_logic - [DEBUG] found replica for vector: 4
2025-11-18 17:23:50,761 - INFO - MainThread - server_logic - [DEBUG] found replica for vector: 1
2025-11-18 17:23:50,761 - INFO - MainThread - server_logic - [DEBUG] found replica for vector: 2
2025-11-18 17:23:50,761 - INFO - MainThread - server_logic - [DEBUG] found replica for vector: 3
2025-11-18 17:23:50,761 - INFO - MainThread - server_logic - [DEBUG] found replica for vector: 4
2025-11-18 17:23:50,761 - INFO - MainThread - server_logic - [DEBUG] found replica for vector: 1
2025-11-18 17:23:50,761 - INFO - MainThread - server_logic - [DEBUG] found replica for vector: 2
2025-11-18 17:23:50,761 - INFO - MainThread - server_logic - [DEBUG] found replica for vector: 3
2025-11-18 17:23:50,761 - INFO - MainThread - server_logic - [DEBUG] found replica for vector: 4
2025-11-18 17:23:50,761 - INFO - MainThread - server_logic - [DEBUG] found replica for vector: 1
2025-11-18 17:23:50,761 - INFO - MainThread - server_logic - [DEBUG] found replica for vector: 2
2025-11-18 17:23:50,761 - INFO - MainThread - server_logic - [DEBUG] found replica for vector: 3
2025-11-18 17:23:50,761 - INFO - MainThread - server_logic - [DEBUG] found replica for vector: 4
2025-11-18 17:23:50,761 - INFO - MainThread - server_logic - [DEBUG] found replica for vector: 1
2025-11-18 17:23:50,761 - INFO - MainThread - server_logic - [DEBUG] found replica for vector: 2
2025-11-18 17:23:50,761 - INFO - MainThread - server_logic - [DEBUG] found replica for vector: 3
2025-11-18 17:23:50,761 - INFO - MainThread - server_logic - [DEBUG] found replica for vector: 4
2025-11-18 17:23:50,761 - INFO - MainThread - server_logic - [DEBUG] found replica for vector: 1
2025-11-18 17:23:50,761 - INFO - MainThread - server_logic - [DEBUG] found replica for vector: 2
2025-11-18 17:23:50,761 - INFO - MainThread - server_logic - [DEBUG] found replica for vector: 3
2025-11-18 17:23:50,761 - INFO - MainThread - server_logic - [DEBUG] found replica for vector: 4
2025-11-18 17:23:50,761 - INFO - MainThread - server_logic - [DEBUG] found replica for vector: 1
2025-11-18 17:23:50,761 - INFO - MainThread - server_logic - [DEBUG] found replica for vector: 2
2025-11-18 17:23:50,761 - INFO - MainThread - server_logic - [DEBUG] found replica for vector: 3
2025-11-18 17:23:50,762 - INFO - MainThread - server_logic - [DEBUG] to me replica for vector: 3
2025-11-18 17:23:50,762 - INFO - MainThread - server_logic - [DEBUG] found replica for vector: 1
2025-11-18 17:23:50,762 - INFO - MainThread - server_logic - [DEBUG] found replica for vector: 2
2025-11-18 17:23:50,762 - INFO - MainThread - server_logic - [DEBUG] found replica for vector: 3
2025-11-18 17:23:50,762 - INFO - MainThread - server_logic - [DEBUG] found replica for vector: 4
2025-11-18 17:23:50,762 - INFO - MainThread - server_logic - [DEBUG] found replica for vector: 1
2025-11-18 17:23:50,762 - INFO - MainThread - server_logic - [DEBUG] found replica for vector: 2
2025-11-18 17:23:50,762 - INFO - MainThread - server_logic - [DEBUG] found replica for vector: 3
2025-11-18 17:23:50,762 - INFO - MainThread - server_logic - [DEBUG] to me replica for vector: 3
2025-11-18 17:23:50,762 - INFO - MainThread - server_logic - [DEBUG] found replica for vector: 1
2025-11-18 17:23:50,762 - INFO - MainThread - server_logic - [DEBUG] found replica for vector: 2
2025-11-18 17:23:50,762 - INFO - MainThread - server_logic - [DEBUG] found replica for vector: 3
2025-11-18 17:23:50,762 - INFO - MainThread - server_logic - [DEBUG] to me replica for vector: 3
2025-11-18 17:23:50,762 - INFO - MainThread - server_logic - [DEBUG] found replica for vector: 1
2025-11-18 17:23:50,762 - INFO - MainThread - server_logic - [DEBUG] found replica for vector: 2
2025-11-18 17:23:50,762 - INFO - MainThread - server_logic - [DEBUG] found replica for vector: 3
2025-11-18 17:23:50,762 - INFO - MainThread - server_logic - [DEBUG] to me replica for vector: 3
2025-11-18 17:23:50,762 - INFO - MainThread - server_logic - [DEBUG] found replica for vector: 1
2025-11-18 17:23:50,762 - INFO - MainThread - server_logic - [DEBUG] found replica for vector: 2
2025-11-18 17:23:50,762 - INFO - MainThread - server_logic - [DEBUG] found replica for vector: 3
2025-11-18 17:23:50,762 - INFO - MainThread - server_logic - [DEBUG] found replica for vector: 4
2025-11-18 17:23:50,762 - INFO - MainThread - server_logic - [DEBUG] found replica for vector: 1
2025-11-18 17:23:50,762 - INFO - MainThread - server_logic - [DEBUG] found replica for vector: 2
2025-11-18 17:23:50,762 - INFO - MainThread - server_logic - [DEBUG] found replica for vector: 3
2025-11-18 17:23:50,762 - INFO - MainThread - server_logic - [DEBUG] found replica for vector: 4
2025-11-18 17:23:50,762 - INFO - MainThread - server_logic - [DEBUG] found replica for vector: 1
2025-11-18 17:23:50,762 - INFO - MainThread - server_logic - [DEBUG] found replica for vector: 2
2025-11-18 17:23:50,762 - INFO - MainThread - server_logic - [DEBUG] found replica for vector: 3
2025-11-18 17:23:50,762 - INFO - MainThread - server_logic - [DEBUG] found replica for vector: 4
2025-11-18 17:23:50,762 - INFO - MainThread - server_logic - [DEBUG] found replica for vector: 1
2025-11-18 17:23:50,762 - INFO - MainThread - server_logic - [DEBUG] found replica for vector: 2
2025-11-18 17:23:50,762 - INFO - MainThread - server_logic - [DEBUG] found replica for vector: 3
2025-11-18 17:23:50,762 - INFO - MainThread - server_logic - [DEBUG] found replica for vector: 4
2025-11-18 17:23:50,762 - INFO - MainThread - server_logic - [DEBUG] found replica for vector: 1
2025-11-18 17:23:50,762 - INFO - MainThread - server_logic - [DEBUG] found replica for vector: 2
2025-11-18 17:23:50,762 - INFO - MainThread - server_logic - [DEBUG] found replica for vector: 3
2025-11-18 17:23:50,762 - INFO - MainThread - server_logic - [DEBUG] found replica for vector: 4
2025-11-18 17:23:50,762 - INFO - MainThread - server_logic - [DEBUG] found replica for vector: 1
2025-11-18 17:23:50,762 - INFO - MainThread - server_logic - [DEBUG] found replica for vector: 2
2025-11-18 17:23:50,762 - INFO - MainThread - server_logic - [DEBUG] found replica for vector: 3
2025-11-18 17:23:50,762 - INFO - MainThread - server_logic - [DEBUG] found replica for vector: 4
2025-11-18 17:23:50,762 - INFO - MainThread - server_logic - [DEBUG] found replica for vector: 1
2025-11-18 17:23:50,762 - INFO - MainThread - server_logic - [DEBUG] found replica for vector: 2
2025-11-18 17:23:50,762 - INFO - MainThread - server_logic - [DEBUG] found replica for vector: 3
2025-11-18 17:23:50,762 - INFO - MainThread - server_logic - [DEBUG] found replica for vector: 4
2025-11-18 17:23:50,762 - INFO - MainThread - server_logic - [DEBUG] found replica for vector: 1
2025-11-18 17:23:50,762 - INFO - MainThread - server_logic - [DEBUG] found replica for vector: 2
2025-11-18 17:23:50,762 - INFO - MainThread - server_logic - [DEBUG] found replica for vector: 3
2025-11-18 17:23:50,762 - INFO - MainThread - server_logic - [DEBUG] found replica for vector: 4
2025-11-18 17:23:50,762 - INFO - MainThread - server_logic - [DEBUG] found replica for vector: 1
2025-11-18 17:23:50,762 - INFO - MainThread - server_logic - [DEBUG] found replica for vector: 2
2025-11-18 17:23:50,762 - INFO - MainThread - server_logic - [DEBUG] found replica for vector: 3
2025-11-18 17:23:50,762 - INFO - MainThread - server_logic - [DEBUG] to me replica for vector: 3
2025-11-18 17:23:50,762 - INFO - MainThread - server_logic - [DEBUG] found replica for vector: 1
2025-11-18 17:23:50,762 - INFO - MainThread - server_logic - [DEBUG] found replica for vector: 2
2025-11-18 17:23:50,762 - INFO - MainThread - server_logic - [DEBUG] found replica for vector: 3
2025-11-18 17:23:50,762 - INFO - MainThread - server_logic - [DEBUG] to me replica for vector: 3
2025-11-18 17:23:50,763 - INFO - MainThread - server_logic - [DEBUG] found replica for vector: 1
2025-11-18 17:23:50,763 - INFO - MainThread - server_logic - [DEBUG] found replica for vector: 2
2025-11-18 17:23:50,763 - INFO - MainThread - server_logic - [DEBUG] found replica for vector: 3
2025-11-18 17:23:50,763 - INFO - MainThread - server_logic - [DEBUG] found replica for vector: 4
2025-11-18 17:23:50,763 - INFO - MainThread - server_logic - [DEBUG] found replica for vector: 1
2025-11-18 17:23:50,763 - INFO - MainThread - server_logic - [DEBUG] found replica for vector: 2
2025-11-18 17:23:50,763 - INFO - MainThread - server_logic - [DEBUG] found replica for vector: 3
2025-11-18 17:23:50,763 - INFO - MainThread - server_logic - [DEBUG] found replica for vector: 4
2025-11-18 17:23:50,763 - INFO - MainThread - server_logic - [DEBUG] found replica for vector: 1
2025-11-18 17:23:50,763 - INFO - MainThread - server_logic - [DEBUG] found replica for vector: 2
2025-11-18 17:23:50,763 - INFO - MainThread - server_logic - [DEBUG] found replica for vector: 3
2025-11-18 17:23:50,763 - INFO - MainThread - server_logic - [DEBUG] found replica for vector: 4
2025-11-18 17:23:50,763 - INFO - MainThread - server_logic - [DEBUG] found replica for vector: 1
2025-11-18 17:23:50,763 - INFO - MainThread - server_logic - [DEBUG] found replica for vector: 2
2025-11-18 17:23:50,763 - INFO - MainThread - server_logic - [DEBUG] found replica for vector: 3
2025-11-18 17:23:50,763 - INFO - MainThread - server_logic - [DEBUG] found replica for vector: 4
2025-11-18 17:23:50,763 - INFO - MainThread - server_logic - [DEBUG] found replica for vector: 1
2025-11-18 17:23:50,763 - INFO - MainThread - server_logic - [DEBUG] found replica for vector: 2
2025-11-18 17:23:50,763 - INFO - MainThread - server_logic - [DEBUG] found replica for vector: 3
2025-11-18 17:23:50,763 - INFO - MainThread - server_logic - [DEBUG] found replica for vector: 4
2025-11-18 17:23:50,763 - INFO - MainThread - server_logic - [DEBUG] found replica for vector: 1
2025-11-18 17:23:50,763 - INFO - MainThread - server_logic - [DEBUG] found replica for vector: 2
2025-11-18 17:23:50,763 - INFO - MainThread - server_logic - [DEBUG] found replica for vector: 3
2025-11-18 17:23:50,763 - INFO - MainThread - server_logic - [DEBUG] found replica for vector: 4
2025-11-18 17:23:50,763 - INFO - MainThread - server_logic - [DEBUG] found replica for vector: 1
2025-11-18 17:23:50,763 - INFO - MainThread - server_logic - [DEBUG] found replica for vector: 2
2025-11-18 17:23:50,763 - INFO - MainThread - server_logic - [DEBUG] found replica for vector: 3
2025-11-18 17:23:50,763 - INFO - MainThread - server_logic - [DEBUG] to me replica for vector: 3
2025-11-18 17:23:50,763 - INFO - MainThread - server_logic - [DEBUG] found replica for vector: 1
2025-11-18 17:23:50,763 - INFO - MainThread - server_logic - [DEBUG] found replica for vector: 2
2025-11-18 17:23:50,763 - INFO - MainThread - server_logic - [DEBUG] found replica for vector: 3
2025-11-18 17:23:50,763 - INFO - MainThread - server_logic - [DEBUG] found replica for vector: 4
2025-11-18 17:23:50,763 - INFO - MainThread - server_logic - [DEBUG] found replica for vector: 1
2025-11-18 17:23:50,763 - INFO - MainThread - server_logic - [DEBUG] found replica for vector: 2
2025-11-18 17:23:50,763 - INFO - MainThread - server_logic - [DEBUG] found replica for vector: 3
2025-11-18 17:23:50,763 - INFO - MainThread - server_logic - [DEBUG] found replica for vector: 4
2025-11-18 17:23:50,763 - INFO - MainThread - server_logic - [DEBUG] found replica for vector: 1
2025-11-18 17:23:50,763 - INFO - MainThread - server_logic - [DEBUG] found replica for vector: 2
2025-11-18 17:23:50,763 - INFO - MainThread - server_logic - [DEBUG] found replica for vector: 3
2025-11-18 17:23:50,763 - INFO - MainThread - server_logic - [DEBUG] to me replica for vector: 3
2025-11-18 17:23:50,763 - INFO - MainThread - server_logic - [DEBUG] found replica for vector: 1
2025-11-18 17:23:50,763 - INFO - MainThread - server_logic - [DEBUG] found replica for vector: 2
2025-11-18 17:23:50,763 - INFO - MainThread - server_logic - [DEBUG] found replica for vector: 3
2025-11-18 17:23:50,763 - INFO - MainThread - server_logic - [DEBUG] to me replica for vector: 3
2025-11-18 17:23:50,763 - INFO - MainThread - server_logic - [DEBUG] found replica for vector: 1
2025-11-18 17:23:50,763 - INFO - MainThread - server_logic - [DEBUG] found replica for vector: 2
2025-11-18 17:23:50,763 - INFO - MainThread - server_logic - [DEBUG] found replica for vector: 3
2025-11-18 17:23:50,763 - INFO - MainThread - server_logic - [DEBUG] found replica for vector: 4
2025-11-18 17:23:50,763 - INFO - MainThread - server_logic - [DEBUG] found replica for vector: 1
2025-11-18 17:23:50,763 - INFO - MainThread - server_logic - [DEBUG] found replica for vector: 2
2025-11-18 17:23:50,763 - INFO - MainThread - server_logic - [DEBUG] found replica for vector: 3
2025-11-18 17:23:50,763 - INFO - MainThread - server_logic - [DEBUG] found replica for vector: 4
2025-11-18 17:23:50,763 - INFO - MainThread - server_logic - [DEBUG] found replica for vector: 1
2025-11-18 17:23:50,763 - INFO - MainThread - server_logic - [DEBUG] found replica for vector: 2
2025-11-18 17:23:50,763 - INFO - MainThread - server_logic - [DEBUG] found replica for vector: 3
2025-11-18 17:23:50,763 - INFO - MainThread - server_logic - [DEBUG] found replica for vector: 4
2025-11-18 17:23:50,763 - INFO - MainThread - server_logic - [DEBUG] found replica for vector: 1
2025-11-18 17:23:50,763 - INFO - MainThread - server_logic - [DEBUG] found replica for vector: 2
2025-11-18 17:23:50,764 - INFO - MainThread - server_logic - [DEBUG] found replica for vector: 3
2025-11-18 17:23:50,764 - INFO - MainThread - server_logic - [DEBUG] found replica for vector: 4
2025-11-18 17:23:50,764 - INFO - MainThread - server_logic - [DEBUG] found replica for vector: 1
2025-11-18 17:23:50,764 - INFO - MainThread - server_logic - [DEBUG] found replica for vector: 2
2025-11-18 17:23:50,764 - INFO - MainThread - server_logic - [DEBUG] found replica for vector: 3
2025-11-18 17:23:50,764 - INFO - MainThread - server_logic - [DEBUG] found replica for vector: 4
2025-11-18 17:23:50,764 - INFO - MainThread - server_logic - [DEBUG] found replica for vector: 1
2025-11-18 17:23:50,764 - INFO - MainThread - server_logic - [DEBUG] found replica for vector: 2
2025-11-18 17:23:50,764 - INFO - MainThread - server_logic - [DEBUG] found replica for vector: 3
2025-11-18 17:23:50,764 - INFO - MainThread - server_logic - [DEBUG] to me replica for vector: 3
2025-11-18 17:23:50,764 - INFO - MainThread - server_logic - [DEBUG] found replica for vector: 1
2025-11-18 17:23:50,764 - INFO - MainThread - server_logic - [DEBUG] found replica for vector: 2
2025-11-18 17:23:50,764 - INFO - MainThread - server_logic - [DEBUG] found replica for vector: 3
2025-11-18 17:23:50,764 - INFO - MainThread - server_logic - [DEBUG] found replica for vector: 4
2025-11-18 17:23:50,764 - INFO - MainThread - server_logic - [DEBUG] found replica for vector: 1
2025-11-18 17:23:50,764 - INFO - MainThread - server_logic - [DEBUG] found replica for vector: 2
2025-11-18 17:23:50,764 - INFO - MainThread - server_logic - [DEBUG] found replica for vector: 3
2025-11-18 17:23:50,764 - INFO - MainThread - server_logic - [DEBUG] found replica for vector: 4
2025-11-18 17:23:50,764 - INFO - MainThread - server_logic - [DEBUG] found replica for vector: 1
2025-11-18 17:23:50,764 - INFO - MainThread - server_logic - [DEBUG] found replica for vector: 2
2025-11-18 17:23:50,764 - INFO - MainThread - server_logic - [DEBUG] found replica for vector: 3
2025-11-18 17:23:50,764 - INFO - MainThread - server_logic - [DEBUG] found replica for vector: 4
2025-11-18 17:23:50,764 - INFO - MainThread - server_logic - [DEBUG] found replica for vector: 1
2025-11-18 17:23:50,764 - INFO - MainThread - server_logic - [DEBUG] found replica for vector: 2
2025-11-18 17:23:50,764 - INFO - MainThread - server_logic - [DEBUG] found replica for vector: 3
2025-11-18 17:23:50,764 - INFO - MainThread - server_logic - [DEBUG] to me replica for vector: 3
2025-11-18 17:23:50,764 - INFO - MainThread - server_logic - [DEBUG] found replica for vector: 1
2025-11-18 17:23:50,764 - INFO - MainThread - server_logic - [DEBUG] found replica for vector: 2
2025-11-18 17:23:50,764 - INFO - MainThread - server_logic - [DEBUG] found replica for vector: 3
2025-11-18 17:23:50,764 - INFO - MainThread - server_logic - [DEBUG] to me replica for vector: 3
2025-11-18 17:23:50,764 - INFO - MainThread - server_logic - [DEBUG] found replica for vector: 1
2025-11-18 17:23:50,764 - INFO - MainThread - server_logic - [DEBUG] found replica for vector: 2
2025-11-18 17:23:50,764 - INFO - MainThread - server_logic - [DEBUG] found replica for vector: 3
2025-11-18 17:23:50,764 - INFO - MainThread - server_logic - [DEBUG] found replica for vector: 4
2025-11-18 17:23:50,764 - INFO - MainThread - server_logic - [DEBUG] found replica for vector: 1
2025-11-18 17:23:50,764 - INFO - MainThread - server_logic - [DEBUG] found replica for vector: 2
2025-11-18 17:23:50,764 - INFO - MainThread - server_logic - [DEBUG] found replica for vector: 3
2025-11-18 17:23:50,764 - INFO - MainThread - server_logic - [DEBUG] to me replica for vector: 3
2025-11-18 17:23:50,764 - INFO - MainThread - server_logic - [DEBUG] found replica for vector: 1
2025-11-18 17:23:50,764 - INFO - MainThread - server_logic - [DEBUG] found replica for vector: 2
2025-11-18 17:23:50,764 - INFO - MainThread - server_logic - [DEBUG] found replica for vector: 3
2025-11-18 17:23:50,764 - INFO - MainThread - server_logic - [DEBUG] found replica for vector: 4
2025-11-18 17:23:50,764 - INFO - MainThread - server_logic - [DEBUG] found replica for vector: 1
2025-11-18 17:23:50,764 - INFO - MainThread - server_logic - [DEBUG] found replica for vector: 2
2025-11-18 17:23:50,764 - INFO - MainThread - server_logic - [DEBUG] found replica for vector: 3
2025-11-18 17:23:50,764 - INFO - MainThread - server_logic - [DEBUG] found replica for vector: 4
2025-11-18 17:23:50,764 - INFO - MainThread - server_logic - [DEBUG] found replica for vector: 1
2025-11-18 17:23:50,764 - INFO - MainThread - server_logic - [DEBUG] found replica for vector: 2
2025-11-18 17:23:50,764 - INFO - MainThread - server_logic - [DEBUG] found replica for vector: 3
2025-11-18 17:23:50,764 - INFO - MainThread - server_logic - [DEBUG] found replica for vector: 4
2025-11-18 17:23:50,764 - INFO - MainThread - server_logic - [DEBUG] found replica for vector: 1
2025-11-18 17:23:50,764 - INFO - MainThread - server_logic - [DEBUG] found replica for vector: 2
2025-11-18 17:23:50,764 - INFO - MainThread - server_logic - [DEBUG] found replica for vector: 3
2025-11-18 17:23:50,764 - INFO - MainThread - server_logic - [DEBUG] found replica for vector: 4
2025-11-18 17:23:50,764 - INFO - MainThread - server_logic - [DEBUG] found replica for vector: 1
2025-11-18 17:23:50,764 - INFO - MainThread - server_logic - [DEBUG] found replica for vector: 2
2025-11-18 17:23:50,764 - INFO - MainThread - server_logic - [DEBUG] found replica for vector: 3
2025-11-18 17:23:50,764 - INFO - MainThread - server_logic - [DEBUG] found replica for vector: 4
2025-11-18 17:23:50,765 - INFO - MainThread - server_logic - [DEBUG] found replica for vector: 1
2025-11-18 17:23:50,765 - INFO - MainThread - server_logic - [DEBUG] found replica for vector: 2
2025-11-18 17:23:50,765 - INFO - MainThread - server_logic - [DEBUG] found replica for vector: 3
2025-11-18 17:23:50,765 - INFO - MainThread - server_logic - [DEBUG] found replica for vector: 4
2025-11-18 17:23:50,765 - INFO - MainThread - server_logic - [DEBUG] found replica for vector: 1
2025-11-18 17:23:50,765 - INFO - MainThread - server_logic - [DEBUG] found replica for vector: 2
2025-11-18 17:23:50,765 - INFO - MainThread - server_logic - [DEBUG] found replica for vector: 3
2025-11-18 17:23:50,765 - INFO - MainThread - server_logic - [DEBUG] found replica for vector: 4
2025-11-18 17:23:50,765 - INFO - MainThread - server_logic - [DEBUG] found replica for vector: 1
2025-11-18 17:23:50,765 - INFO - MainThread - server_logic - [DEBUG] found replica for vector: 2
2025-11-18 17:23:50,765 - INFO - MainThread - server_logic - [DEBUG] found replica for vector: 3
2025-11-18 17:23:50,765 - INFO - MainThread - server_logic - [DEBUG] found replica for vector: 4
2025-11-18 17:23:50,765 - INFO - MainThread - server_logic - [DEBUG] found replica for vector: 1
2025-11-18 17:23:50,765 - INFO - MainThread - server_logic - [DEBUG] found replica for vector: 2
2025-11-18 17:23:50,765 - INFO - MainThread - server_logic - [DEBUG] found replica for vector: 3
2025-11-18 17:23:50,765 - INFO - MainThread - server_logic - [DEBUG] found replica for vector: 4
2025-11-18 17:23:50,765 - INFO - MainThread - server_logic - [DEBUG] found replica for vector: 1
2025-11-18 17:23:50,765 - INFO - MainThread - server_logic - [DEBUG] found replica for vector: 2
2025-11-18 17:23:50,765 - INFO - MainThread - server_logic - [DEBUG] found replica for vector: 3
2025-11-18 17:23:50,765 - INFO - MainThread - server_logic - [DEBUG] found replica for vector: 4
2025-11-18 17:23:50,765 - INFO - MainThread - server_logic - [DEBUG] found replica for vector: 1
2025-11-18 17:23:50,765 - INFO - MainThread - server_logic - [DEBUG] found replica for vector: 2
2025-11-18 17:23:50,765 - INFO - MainThread - server_logic - [DEBUG] found replica for vector: 3
2025-11-18 17:23:50,765 - INFO - MainThread - server_logic - [DEBUG] to me replica for vector: 3
2025-11-18 17:23:50,765 - INFO - MainThread - server_logic - [DEBUG] found replica for vector: 1
2025-11-18 17:23:50,765 - INFO - MainThread - server_logic - [DEBUG] found replica for vector: 2
2025-11-18 17:23:50,765 - INFO - MainThread - server_logic - [DEBUG] found replica for vector: 3
2025-11-18 17:23:50,765 - INFO - MainThread - server_logic - [DEBUG] found replica for vector: 4
2025-11-18 17:23:50,765 - INFO - MainThread - server_logic - [DEBUG] found replica for vector: 1
2025-11-18 17:23:50,765 - INFO - MainThread - server_logic - [DEBUG] found replica for vector: 2
2025-11-18 17:23:50,765 - INFO - MainThread - server_logic - [DEBUG] found replica for vector: 3
2025-11-18 17:23:50,765 - INFO - MainThread - server_logic - [DEBUG] found replica for vector: 4
2025-11-18 17:23:50,765 - INFO - MainThread - server_logic - [DEBUG] found replica for vector: 1
2025-11-18 17:23:50,765 - INFO - MainThread - server_logic - [DEBUG] found replica for vector: 2
2025-11-18 17:23:50,765 - INFO - MainThread - server_logic - [DEBUG] found replica for vector: 3
2025-11-18 17:23:50,765 - INFO - MainThread - server_logic - [DEBUG] found replica for vector: 4
2025-11-18 17:23:50,765 - INFO - MainThread - server_logic - [DEBUG] found replica for vector: 1
2025-11-18 17:23:50,765 - INFO - MainThread - server_logic - [DEBUG] found replica for vector: 2
2025-11-18 17:23:50,765 - INFO - MainThread - server_logic - [DEBUG] found replica for vector: 3
2025-11-18 17:23:50,765 - INFO - MainThread - server_logic - [DEBUG] to me replica for vector: 3
2025-11-18 17:23:50,765 - INFO - MainThread - server_logic - [DEBUG] found replica for vector: 1
2025-11-18 17:23:50,765 - INFO - MainThread - server_logic - [DEBUG] found replica for vector: 2
2025-11-18 17:23:50,765 - INFO - MainThread - server_logic - [DEBUG] found replica for vector: 3
2025-11-18 17:23:50,765 - INFO - MainThread - server_logic - [DEBUG] found replica for vector: 4
2025-11-18 17:23:50,765 - INFO - MainThread - server_logic - [DEBUG] found replica for vector: 1
2025-11-18 17:23:50,765 - INFO - MainThread - server_logic - [DEBUG] found replica for vector: 2
2025-11-18 17:23:50,765 - INFO - MainThread - server_logic - [DEBUG] found replica for vector: 3
2025-11-18 17:23:50,765 - INFO - MainThread - server_logic - [DEBUG] found replica for vector: 4
2025-11-18 17:23:50,765 - INFO - MainThread - server_logic - [DEBUG] found replica for vector: 1
2025-11-18 17:23:50,765 - INFO - MainThread - server_logic - [DEBUG] found replica for vector: 2
2025-11-18 17:23:50,765 - INFO - MainThread - server_logic - [DEBUG] found replica for vector: 3
2025-11-18 17:23:50,765 - INFO - MainThread - server_logic - [DEBUG] found replica for vector: 4
2025-11-18 17:23:50,765 - INFO - MainThread - server_logic - [DEBUG] found replica for vector: 1
2025-11-18 17:23:50,765 - INFO - MainThread - server_logic - [DEBUG] found replica for vector: 2
2025-11-18 17:23:50,765 - INFO - MainThread - server_logic - [DEBUG] found replica for vector: 3
2025-11-18 17:23:50,765 - INFO - MainThread - server_logic - [DEBUG] found replica for vector: 4
2025-11-18 17:23:50,766 - INFO - MainThread - server_logic - [DEBUG] found replica for vector: 1
2025-11-18 17:23:50,766 - INFO - MainThread - server_logic - [DEBUG] found replica for vector: 2
2025-11-18 17:23:50,766 - INFO - MainThread - server_logic - [DEBUG] found replica for vector: 3
2025-11-18 17:23:50,766 - INFO - MainThread - server_logic - [DEBUG] found replica for vector: 4
2025-11-18 17:23:50,766 - INFO - MainThread - server_logic - [DEBUG] found replica for vector: 1
2025-11-18 17:23:50,766 - INFO - MainThread - server_logic - [DEBUG] found replica for vector: 2
2025-11-18 17:23:50,766 - INFO - MainThread - server_logic - [DEBUG] found replica for vector: 3
2025-11-18 17:23:50,766 - INFO - MainThread - server_logic - [DEBUG] found replica for vector: 4
2025-11-18 17:23:50,766 - INFO - MainThread - server_logic - [DEBUG] found replica for vector: 1
2025-11-18 17:23:50,766 - INFO - MainThread - server_logic - [DEBUG] found replica for vector: 2
2025-11-18 17:23:50,766 - INFO - MainThread - server_logic - [DEBUG] found replica for vector: 3
2025-11-18 17:23:50,766 - INFO - MainThread - server_logic - [DEBUG] to me replica for vector: 3
2025-11-18 17:23:50,766 - INFO - MainThread - server_logic - [DEBUG] found replica for vector: 1
2025-11-18 17:23:50,766 - INFO - MainThread - server_logic - [DEBUG] found replica for vector: 2
2025-11-18 17:23:50,766 - INFO - MainThread - server_logic - [DEBUG] found replica for vector: 3
2025-11-18 17:23:50,766 - INFO - MainThread - server_logic - [DEBUG] found replica for vector: 4
2025-11-18 17:23:50,766 - INFO - MainThread - server_logic - [DEBUG] found replica for vector: 1
2025-11-18 17:23:50,766 - INFO - MainThread - server_logic - [DEBUG] found replica for vector: 2
2025-11-18 17:23:50,766 - INFO - MainThread - server_logic - [DEBUG] found replica for vector: 3
2025-11-18 17:23:50,766 - INFO - MainThread - server_logic - [DEBUG] found replica for vector: 4
2025-11-18 17:23:50,766 - INFO - MainThread - server_logic - [DEBUG] found replica for vector: 1
2025-11-18 17:23:50,766 - INFO - MainThread - server_logic - [DEBUG] found replica for vector: 2
2025-11-18 17:23:50,766 - INFO - MainThread - server_logic - [DEBUG] found replica for vector: 3
2025-11-18 17:23:50,766 - INFO - MainThread - server_logic - [DEBUG] found replica for vector: 4
2025-11-18 17:23:50,766 - INFO - MainThread - server_logic - [DEBUG] found replica for vector: 1
2025-11-18 17:23:50,766 - INFO - MainThread - server_logic - [DEBUG] found replica for vector: 2
2025-11-18 17:23:50,766 - INFO - MainThread - server_logic - [DEBUG] found replica for vector: 3
2025-11-18 17:23:50,766 - INFO - MainThread - server_logic - [DEBUG] to me replica for vector: 3
2025-11-18 17:23:50,766 - INFO - MainThread - server_logic - [DEBUG] found replica for vector: 1
2025-11-18 17:23:50,766 - INFO - MainThread - server_logic - [DEBUG] found replica for vector: 2
2025-11-18 17:23:50,766 - INFO - MainThread - server_logic - [DEBUG] found replica for vector: 3
2025-11-18 17:23:50,766 - INFO - MainThread - server_logic - [DEBUG] found replica for vector: 4
2025-11-18 17:23:50,766 - INFO - MainThread - server_logic - [DEBUG] found replica for vector: 1
2025-11-18 17:23:50,766 - INFO - MainThread - server_logic - [DEBUG] found replica for vector: 2
2025-11-18 17:23:50,766 - INFO - MainThread - server_logic - [DEBUG] found replica for vector: 3
2025-11-18 17:23:50,766 - INFO - MainThread - server_logic - [DEBUG] found replica for vector: 4
2025-11-18 17:23:50,766 - INFO - MainThread - server_logic - [DEBUG] found replica for vector: 1
2025-11-18 17:23:50,766 - INFO - MainThread - server_logic - [DEBUG] found replica for vector: 2
2025-11-18 17:23:50,766 - INFO - MainThread - server_logic - [DEBUG] found replica for vector: 3
2025-11-18 17:23:50,766 - INFO - MainThread - server_logic - [DEBUG] found replica for vector: 4
2025-11-18 17:23:50,766 - INFO - MainThread - server_logic - [DEBUG] found replica for vector: 1
2025-11-18 17:23:50,766 - INFO - MainThread - server_logic - [DEBUG] found replica for vector: 2
2025-11-18 17:23:50,766 - INFO - MainThread - server_logic - [DEBUG] found replica for vector: 3
2025-11-18 17:23:50,766 - INFO - MainThread - server_logic - [DEBUG] found replica for vector: 4
2025-11-18 17:23:50,766 - INFO - MainThread - server_logic - [DEBUG] found replica for vector: 1
2025-11-18 17:23:50,766 - INFO - MainThread - server_logic - [DEBUG] found replica for vector: 2
2025-11-18 17:23:50,766 - INFO - MainThread - server_logic - [DEBUG] found replica for vector: 3
2025-11-18 17:23:50,766 - INFO - MainThread - server_logic - [DEBUG] found replica for vector: 4
2025-11-18 17:23:50,766 - INFO - MainThread - server_logic - [DEBUG] found replica for vector: 1
2025-11-18 17:23:50,766 - INFO - MainThread - server_logic - [DEBUG] found replica for vector: 2
2025-11-18 17:23:50,766 - INFO - MainThread - server_logic - [DEBUG] found replica for vector: 3
2025-11-18 17:23:50,766 - INFO - MainThread - server_logic - [DEBUG] to me replica for vector: 3
2025-11-18 17:23:50,766 - INFO - MainThread - server_logic - [DEBUG] found replica for vector: 1
2025-11-18 17:23:50,766 - INFO - MainThread - server_logic - [DEBUG] found replica for vector: 2
2025-11-18 17:23:50,766 - INFO - MainThread - server_logic - [DEBUG] found replica for vector: 3
2025-11-18 17:23:50,766 - INFO - MainThread - server_logic - [DEBUG] to me replica for vector: 3
2025-11-18 17:23:50,766 - INFO - MainThread - server_logic - [DEBUG] found replica for vector: 1
2025-11-18 17:23:50,766 - INFO - MainThread - server_logic - [DEBUG] found replica for vector: 2
2025-11-18 17:23:50,766 - INFO - MainThread - server_logic - [DEBUG] found replica for vector: 3
2025-11-18 17:23:50,767 - INFO - MainThread - server_logic - [DEBUG] found replica for vector: 4
2025-11-18 17:23:50,767 - INFO - MainThread - server_logic - [DEBUG] found replica for vector: 1
2025-11-18 17:23:50,767 - INFO - MainThread - server_logic - [DEBUG] found replica for vector: 2
2025-11-18 17:23:50,767 - INFO - MainThread - server_logic - [DEBUG] found replica for vector: 3
2025-11-18 17:23:50,767 - INFO - MainThread - server_logic - [DEBUG] found replica for vector: 4
2025-11-18 17:23:50,767 - INFO - MainThread - server_logic - [DEBUG] found replica for vector: 1
2025-11-18 17:23:50,767 - INFO - MainThread - server_logic - [DEBUG] found replica for vector: 2
2025-11-18 17:23:50,767 - INFO - MainThread - server_logic - [DEBUG] found replica for vector: 3
2025-11-18 17:23:50,767 - INFO - MainThread - server_logic - [DEBUG] found replica for vector: 4
2025-11-18 17:23:50,767 - INFO - MainThread - server_logic - [DEBUG] found replica for vector: 1
2025-11-18 17:23:50,767 - INFO - MainThread - server_logic - [DEBUG] found replica for vector: 2
2025-11-18 17:23:50,767 - INFO - MainThread - server_logic - [DEBUG] found replica for vector: 3
2025-11-18 17:23:50,767 - INFO - MainThread - server_logic - [DEBUG] to me replica for vector: 3
2025-11-18 17:23:50,767 - INFO - MainThread - server_logic - [DEBUG] found replica for vector: 1
2025-11-18 17:23:50,767 - INFO - MainThread - server_logic - [DEBUG] found replica for vector: 2
2025-11-18 17:23:50,767 - INFO - MainThread - server_logic - [DEBUG] found replica for vector: 3
2025-11-18 17:23:50,767 - INFO - MainThread - server_logic - [DEBUG] found replica for vector: 4
2025-11-18 17:23:50,767 - INFO - MainThread - server_logic - [DEBUG] found replica for vector: 1
2025-11-18 17:23:50,767 - INFO - MainThread - server_logic - [DEBUG] found replica for vector: 2
2025-11-18 17:23:50,767 - INFO - MainThread - server_logic - [DEBUG] found replica for vector: 3
2025-11-18 17:23:50,767 - INFO - MainThread - server_logic - [DEBUG] found replica for vector: 4
2025-11-18 17:23:50,767 - INFO - MainThread - server_logic - [DEBUG] found replica for vector: 1
2025-11-18 17:23:50,767 - INFO - MainThread - server_logic - [DEBUG] found replica for vector: 2
2025-11-18 17:23:50,767 - INFO - MainThread - server_logic - [DEBUG] found replica for vector: 3
2025-11-18 17:23:50,767 - INFO - MainThread - server_logic - [DEBUG] found replica for vector: 4
2025-11-18 17:23:50,767 - INFO - MainThread - server_logic - [DEBUG] found replica for vector: 1
2025-11-18 17:23:50,767 - INFO - MainThread - server_logic - [DEBUG] found replica for vector: 2
2025-11-18 17:23:50,767 - INFO - MainThread - server_logic - [DEBUG] found replica for vector: 3
2025-11-18 17:23:50,767 - INFO - MainThread - server_logic - [DEBUG] found replica for vector: 4
2025-11-18 17:23:50,767 - INFO - MainThread - server_logic - [DEBUG] found replica for vector: 1
2025-11-18 17:23:50,767 - INFO - MainThread - server_logic - [DEBUG] found replica for vector: 2
2025-11-18 17:23:50,767 - INFO - MainThread - server_logic - [DEBUG] found replica for vector: 3
2025-11-18 17:23:50,767 - INFO - MainThread - server_logic - [DEBUG] found replica for vector: 4
2025-11-18 17:23:50,767 - INFO - MainThread - server_logic - [DEBUG] found replica for vector: 1
2025-11-18 17:23:50,767 - INFO - MainThread - server_logic - [DEBUG] found replica for vector: 2
2025-11-18 17:23:50,767 - INFO - MainThread - server_logic - [DEBUG] found replica for vector: 3
2025-11-18 17:23:50,767 - INFO - MainThread - server_logic - [DEBUG] found replica for vector: 4
2025-11-18 17:23:50,767 - INFO - MainThread - server_logic - [DEBUG] found replica for vector: 1
2025-11-18 17:23:50,767 - INFO - MainThread - server_logic - [DEBUG] found replica for vector: 2
2025-11-18 17:23:50,767 - INFO - MainThread - server_logic - [DEBUG] found replica for vector: 3
2025-11-18 17:23:50,767 - INFO - MainThread - server_logic - [DEBUG] found replica for vector: 4
2025-11-18 17:23:50,767 - INFO - MainThread - server_logic - [DEBUG] found replica for vector: 1
2025-11-18 17:23:50,767 - INFO - MainThread - server_logic - [DEBUG] found replica for vector: 2
2025-11-18 17:23:50,767 - INFO - MainThread - server_logic - [DEBUG] found replica for vector: 3
2025-11-18 17:23:50,767 - INFO - MainThread - server_logic - [DEBUG] found replica for vector: 4
2025-11-18 17:23:50,767 - INFO - MainThread - server_logic - [DEBUG] found replica for vector: 1
2025-11-18 17:23:50,767 - INFO - MainThread - server_logic - [DEBUG] found replica for vector: 2
2025-11-18 17:23:50,767 - INFO - MainThread - server_logic - [DEBUG] found replica for vector: 3
2025-11-18 17:23:50,767 - INFO - MainThread - server_logic - [DEBUG] to me replica for vector: 3
2025-11-18 17:23:50,767 - INFO - MainThread - server_logic - [DEBUG] found replica for vector: 1
2025-11-18 17:23:50,767 - INFO - MainThread - server_logic - [DEBUG] found replica for vector: 2
2025-11-18 17:23:50,767 - INFO - MainThread - server_logic - [DEBUG] found replica for vector: 3
2025-11-18 17:23:50,767 - INFO - MainThread - server_logic - [DEBUG] found replica for vector: 4
2025-11-18 17:23:50,767 - INFO - MainThread - server_logic - [DEBUG] found replica for vector: 1
2025-11-18 17:23:50,767 - INFO - MainThread - server_logic - [DEBUG] found replica for vector: 2
2025-11-18 17:23:50,767 - INFO - MainThread - server_logic - [DEBUG] found replica for vector: 3
2025-11-18 17:23:50,767 - INFO - MainThread - server_logic - [DEBUG] to me replica for vector: 3
2025-11-18 17:23:50,767 - INFO - MainThread - server_logic - [Router] Distribution: Peer node1: 68, Peer node2: 68, Peer node3: 68, Peer node4: 68, Peer node5: 68, Peer node6: 47, Peer node7: 47, Peer node8: 47, Peer node9: 47, Peer node10: 73, Peer node11: 73, Peer node12: 73, Peer node13: 73, Peer node14: 68, Peer node16: 68, Me (node15): 68
2025-11-18 17:23:50,768 - INFO - MainThread - server_logic - --> [Peer Send] Sending 68 vectors to Peer node1 (localhost:9001) | Status: clustered
2025-11-18 17:23:50,837 - INFO - MainThread - server_logic - --> [Peer Send] Success: Sent vectors to node1
2025-11-18 17:23:50,837 - INFO - MainThread - server_logic - --> [Peer Send] Sending 68 vectors to Peer node2 (localhost:9002) | Status: clustered
2025-11-18 17:23:50,908 - INFO - MainThread - server_logic - --> [Peer Send] Success: Sent vectors to node2
2025-11-18 17:23:50,909 - INFO - MainThread - server_logic - --> [Peer Send] Sending 68 vectors to Peer node3 (localhost:9003) | Status: clustered
2025-11-18 17:23:50,980 - INFO - MainThread - server_logic - --> [Peer Send] Success: Sent vectors to node3
2025-11-18 17:23:50,980 - INFO - MainThread - server_logic - --> [Peer Send] Sending 68 vectors to Peer node4 (localhost:9004) | Status: clustered
2025-11-18 17:23:51,047 - INFO - MainThread - server_logic - --> [Peer Send] Success: Sent vectors to node4
2025-11-18 17:23:51,047 - INFO - MainThread - server_logic - --> [Peer Send] Sending 68 vectors to Peer node5 (localhost:9005) | Status: clustered
2025-11-18 17:23:51,116 - INFO - MainThread - server_logic - --> [Peer Send] Success: Sent vectors to node5
2025-11-18 17:23:51,116 - INFO - MainThread - server_logic - --> [Peer Send] Sending 47 vectors to Peer node6 (localhost:9006) | Status: clustered
2025-11-18 17:23:51,178 - INFO - MainThread - server_logic - --> [Peer Send] Success: Sent vectors to node6
2025-11-18 17:23:51,178 - INFO - MainThread - server_logic - --> [Peer Send] Sending 47 vectors to Peer node7 (localhost:9007) | Status: clustered
2025-11-18 17:23:51,241 - INFO - MainThread - server_logic - --> [Peer Send] Success: Sent vectors to node7
2025-11-18 17:23:51,241 - INFO - MainThread - server_logic - --> [Peer Send] Sending 47 vectors to Peer node8 (localhost:9008) | Status: clustered
2025-11-18 17:23:51,306 - INFO - MainThread - server_logic - --> [Peer Send] Success: Sent vectors to node8
2025-11-18 17:23:51,306 - INFO - MainThread - server_logic - --> [Peer Send] Sending 47 vectors to Peer node9 (localhost:9009) | Status: clustered
2025-11-18 17:23:51,374 - INFO - MainThread - server_logic - --> [Peer Send] Success: Sent vectors to node9
2025-11-18 17:23:51,374 - INFO - MainThread - server_logic - --> [Peer Send] Sending 73 vectors to Peer node10 (localhost:9010) | Status: clustered
2025-11-18 17:23:51,444 - INFO - MainThread - server_logic - --> [Peer Send] Success: Sent vectors to node10
2025-11-18 17:23:51,444 - INFO - MainThread - server_logic - --> [Peer Send] Sending 73 vectors to Peer node11 (localhost:9011) | Status: clustered
2025-11-18 17:23:51,514 - INFO - MainThread - server_logic - --> [Peer Send] Success: Sent vectors to node11
2025-11-18 17:23:51,514 - INFO - MainThread - server_logic - --> [Peer Send] Sending 73 vectors to Peer node12 (localhost:9012) | Status: clustered
2025-11-18 17:23:51,582 - INFO - MainThread - server_logic - --> [Peer Send] Success: Sent vectors to node12
2025-11-18 17:23:51,582 - INFO - MainThread - server_logic - --> [Peer Send] Sending 73 vectors to Peer node13 (localhost:9013) | Status: clustered
2025-11-18 17:23:51,652 - INFO - MainThread - server_logic - --> [Peer Send] Success: Sent vectors to node13
2025-11-18 17:23:51,652 - INFO - MainThread - server_logic - --> [Peer Send] Sending 68 vectors to Peer node14 (localhost:9014) | Status: clustered
2025-11-18 17:23:51,720 - INFO - MainThread - server_logic - --> [Peer Send] Success: Sent vectors to node14
2025-11-18 17:23:51,720 - INFO - MainThread - server_logic - --> [Peer Send] Sending 68 vectors to Peer node16 (localhost:9016) | Status: clustered
2025-11-18 17:23:51,793 - INFO - MainThread - server_logic - --> [Peer Send] Success: Sent vectors to node16
2025-11-18 17:23:51,794 - INFO - MainThread - server_logic - [Add Vectors] Processing 68 vectors. Sender Status: clustered. Current Node Status: clustered
2025-11-18 17:23:51,794 - INFO - MainThread - server_logic - [Add Vectors] Direct Insert: Storing 68 vectors in local Qdrant (Sender is clustered).
2025-11-18 17:23:51,847 - INFO - MainThread - httpx - HTTP Request: GET http://localhost:6361 "HTTP/1.1 200 OK"
2025-11-18 17:23:51,848 - INFO - MainThread - qdrant_module - [Qdrant] Attempting to insert 68 vectors into vectors on http://localhost:6361...
2025-11-18 17:23:51,859 - INFO - MainThread - qdrant_module - [Qdrant] Success: Inserted 68 vectors.
2025-11-18 17:23:51,860 - INFO - MainThread - __main__ - API: /add completed
2025-11-18 17:23:51,861 - INFO - MainThread - uvicorn.access - 127.0.0.1:52850 - "POST /add HTTP/1.1" 200
2025-11-18 17:23:52,970 - INFO - ThreadPoolExecutor-0_1 - grpc_handler - [GRPC IN] ReceiveVectors called. ReqID: 112, Type: clustered, Count: 78
2025-11-18 17:23:52,971 - INFO - ThreadPoolExecutor-0_1 - server_logic - [Add Vectors] Processing 78 vectors. Sender Status: clustered. Current Node Status: clustered
2025-11-18 17:23:52,971 - INFO - ThreadPoolExecutor-0_1 - server_logic - [Add Vectors] Direct Insert: Storing 78 vectors in local Qdrant (Sender is clustered).
2025-11-18 17:23:53,025 - INFO - ThreadPoolExecutor-0_1 - httpx - HTTP Request: GET http://localhost:6361 "HTTP/1.1 200 OK"
2025-11-18 17:23:53,025 - INFO - ThreadPoolExecutor-0_1 - qdrant_module - [Qdrant] Attempting to insert 78 vectors into vectors on http://localhost:6361...
2025-11-18 17:23:53,040 - INFO - ThreadPoolExecutor-0_1 - qdrant_module - [Qdrant] Success: Inserted 78 vectors.
2025-11-18 17:23:53,042 - INFO - ThreadPoolExecutor-0_1 - grpc_handler - [GRPC IN] ReceiveVectors processed successfully.
2025-11-18 17:23:54,115 - INFO - ThreadPoolExecutor-0_0 - grpc_handler - [GRPC IN] ReceiveVectors called. ReqID: 113, Type: clustered, Count: 67
2025-11-18 17:23:54,115 - INFO - ThreadPoolExecutor-0_0 - server_logic - [Add Vectors] Processing 67 vectors. Sender Status: clustered. Current Node Status: clustered
2025-11-18 17:23:54,115 - INFO - ThreadPoolExecutor-0_0 - server_logic - [Add Vectors] Direct Insert: Storing 67 vectors in local Qdrant (Sender is clustered).
2025-11-18 17:23:54,167 - INFO - ThreadPoolExecutor-0_0 - httpx - HTTP Request: GET http://localhost:6361 "HTTP/1.1 200 OK"
2025-11-18 17:23:54,168 - INFO - ThreadPoolExecutor-0_0 - qdrant_module - [Qdrant] Attempting to insert 67 vectors into vectors on http://localhost:6361...
2025-11-18 17:23:54,177 - INFO - ThreadPoolExecutor-0_0 - qdrant_module - [Qdrant] Success: Inserted 67 vectors.
2025-11-18 17:23:54,178 - INFO - ThreadPoolExecutor-0_0 - grpc_handler - [GRPC IN] ReceiveVectors processed successfully.
2025-11-18 17:23:55,320 - INFO - ThreadPoolExecutor-0_1 - grpc_handler - [GRPC IN] ReceiveVectors called. ReqID: 114, Type: clustered, Count: 64
2025-11-18 17:23:55,321 - INFO - ThreadPoolExecutor-0_1 - server_logic - [Add Vectors] Processing 64 vectors. Sender Status: clustered. Current Node Status: clustered
2025-11-18 17:23:55,321 - INFO - ThreadPoolExecutor-0_1 - server_logic - [Add Vectors] Direct Insert: Storing 64 vectors in local Qdrant (Sender is clustered).
2025-11-18 17:23:55,373 - INFO - ThreadPoolExecutor-0_1 - httpx - HTTP Request: GET http://localhost:6361 "HTTP/1.1 200 OK"
2025-11-18 17:23:55,373 - INFO - ThreadPoolExecutor-0_1 - qdrant_module - [Qdrant] Attempting to insert 64 vectors into vectors on http://localhost:6361...
2025-11-18 17:23:55,387 - INFO - ThreadPoolExecutor-0_1 - qdrant_module - [Qdrant] Success: Inserted 64 vectors.
2025-11-18 17:23:55,388 - INFO - ThreadPoolExecutor-0_1 - grpc_handler - [GRPC IN] ReceiveVectors processed successfully.
2025-11-18 17:23:56,526 - INFO - ThreadPoolExecutor-0_0 - grpc_handler - [GRPC IN] ReceiveVectors called. ReqID: 115, Type: clustered, Count: 66
2025-11-18 17:23:56,527 - INFO - ThreadPoolExecutor-0_0 - server_logic - [Add Vectors] Processing 66 vectors. Sender Status: clustered. Current Node Status: clustered
2025-11-18 17:23:56,527 - INFO - ThreadPoolExecutor-0_0 - server_logic - [Add Vectors] Direct Insert: Storing 66 vectors in local Qdrant (Sender is clustered).
2025-11-18 17:23:56,577 - INFO - ThreadPoolExecutor-0_0 - httpx - HTTP Request: GET http://localhost:6361 "HTTP/1.1 200 OK"
2025-11-18 17:23:56,578 - INFO - ThreadPoolExecutor-0_0 - qdrant_module - [Qdrant] Attempting to insert 66 vectors into vectors on http://localhost:6361...
2025-11-18 17:23:56,588 - INFO - ThreadPoolExecutor-0_0 - qdrant_module - [Qdrant] Success: Inserted 66 vectors.
2025-11-18 17:23:56,590 - INFO - ThreadPoolExecutor-0_0 - grpc_handler - [GRPC IN] ReceiveVectors processed successfully.
2025-11-18 17:23:57,800 - INFO - ThreadPoolExecutor-0_1 - grpc_handler - [GRPC IN] ReceiveVectors called. ReqID: 116, Type: clustered, Count: 69
2025-11-18 17:23:57,801 - INFO - ThreadPoolExecutor-0_1 - server_logic - [Add Vectors] Processing 69 vectors. Sender Status: clustered. Current Node Status: clustered
2025-11-18 17:23:57,801 - INFO - ThreadPoolExecutor-0_1 - server_logic - [Add Vectors] Direct Insert: Storing 69 vectors in local Qdrant (Sender is clustered).
2025-11-18 17:23:57,852 - INFO - ThreadPoolExecutor-0_1 - httpx - HTTP Request: GET http://localhost:6361 "HTTP/1.1 200 OK"
2025-11-18 17:23:57,852 - INFO - ThreadPoolExecutor-0_1 - qdrant_module - [Qdrant] Attempting to insert 69 vectors into vectors on http://localhost:6361...
2025-11-18 17:23:57,935 - INFO - ThreadPoolExecutor-0_1 - qdrant_module - [Qdrant] Success: Inserted 69 vectors.
2025-11-18 17:23:57,937 - INFO - ThreadPoolExecutor-0_1 - grpc_handler - [GRPC IN] ReceiveVectors processed successfully.
2025-11-18 17:23:59,094 - INFO - ThreadPoolExecutor-0_0 - grpc_handler - [GRPC IN] ReceiveVectors called. ReqID: 117, Type: clustered, Count: 70
2025-11-18 17:23:59,095 - INFO - ThreadPoolExecutor-0_0 - server_logic - [Add Vectors] Processing 70 vectors. Sender Status: clustered. Current Node Status: clustered
2025-11-18 17:23:59,095 - INFO - ThreadPoolExecutor-0_0 - server_logic - [Add Vectors] Direct Insert: Storing 70 vectors in local Qdrant (Sender is clustered).
2025-11-18 17:23:59,148 - INFO - ThreadPoolExecutor-0_0 - httpx - HTTP Request: GET http://localhost:6361 "HTTP/1.1 200 OK"
2025-11-18 17:23:59,148 - INFO - ThreadPoolExecutor-0_0 - qdrant_module - [Qdrant] Attempting to insert 70 vectors into vectors on http://localhost:6361...
2025-11-18 17:23:59,173 - INFO - ThreadPoolExecutor-0_0 - qdrant_module - [Qdrant] Success: Inserted 70 vectors.
2025-11-18 17:23:59,175 - INFO - ThreadPoolExecutor-0_0 - grpc_handler - [GRPC IN] ReceiveVectors processed successfully.
2025-11-18 17:24:00,316 - INFO - ThreadPoolExecutor-0_1 - grpc_handler - [GRPC IN] ReceiveVectors called. ReqID: 118, Type: clustered, Count: 73
2025-11-18 17:24:00,317 - INFO - ThreadPoolExecutor-0_1 - server_logic - [Add Vectors] Processing 73 vectors. Sender Status: clustered. Current Node Status: clustered
2025-11-18 17:24:00,317 - INFO - ThreadPoolExecutor-0_1 - server_logic - [Add Vectors] Direct Insert: Storing 73 vectors in local Qdrant (Sender is clustered).
2025-11-18 17:24:00,369 - INFO - ThreadPoolExecutor-0_1 - httpx - HTTP Request: GET http://localhost:6361 "HTTP/1.1 200 OK"
2025-11-18 17:24:00,369 - INFO - ThreadPoolExecutor-0_1 - qdrant_module - [Qdrant] Attempting to insert 73 vectors into vectors on http://localhost:6361...
2025-11-18 17:24:00,383 - INFO - ThreadPoolExecutor-0_1 - qdrant_module - [Qdrant] Success: Inserted 73 vectors.
2025-11-18 17:24:00,384 - INFO - ThreadPoolExecutor-0_1 - grpc_handler - [GRPC IN] ReceiveVectors processed successfully.
2025-11-18 17:24:01,505 - INFO - ThreadPoolExecutor-0_0 - grpc_handler - [GRPC IN] ReceiveVectors called. ReqID: 119, Type: clustered, Count: 70
2025-11-18 17:24:01,506 - INFO - ThreadPoolExecutor-0_0 - server_logic - [Add Vectors] Processing 70 vectors. Sender Status: clustered. Current Node Status: clustered
2025-11-18 17:24:01,506 - INFO - ThreadPoolExecutor-0_0 - server_logic - [Add Vectors] Direct Insert: Storing 70 vectors in local Qdrant (Sender is clustered).
2025-11-18 17:24:01,557 - INFO - ThreadPoolExecutor-0_0 - httpx - HTTP Request: GET http://localhost:6361 "HTTP/1.1 200 OK"
2025-11-18 17:24:01,558 - INFO - ThreadPoolExecutor-0_0 - qdrant_module - [Qdrant] Attempting to insert 70 vectors into vectors on http://localhost:6361...
2025-11-18 17:24:01,580 - INFO - ThreadPoolExecutor-0_0 - qdrant_module - [Qdrant] Success: Inserted 70 vectors.
2025-11-18 17:24:01,582 - INFO - ThreadPoolExecutor-0_0 - grpc_handler - [GRPC IN] ReceiveVectors processed successfully.
2025-11-18 17:24:02,829 - INFO - ThreadPoolExecutor-0_1 - grpc_handler - [GRPC IN] ReceiveVectors called. ReqID: 120, Type: clustered, Count: 68
2025-11-18 17:24:02,830 - INFO - ThreadPoolExecutor-0_1 - server_logic - [Add Vectors] Processing 68 vectors. Sender Status: clustered. Current Node Status: clustered
2025-11-18 17:24:02,830 - INFO - ThreadPoolExecutor-0_1 - server_logic - [Add Vectors] Direct Insert: Storing 68 vectors in local Qdrant (Sender is clustered).
2025-11-18 17:24:02,882 - INFO - ThreadPoolExecutor-0_1 - httpx - HTTP Request: GET http://localhost:6361 "HTTP/1.1 200 OK"
2025-11-18 17:24:02,882 - INFO - ThreadPoolExecutor-0_1 - qdrant_module - [Qdrant] Attempting to insert 68 vectors into vectors on http://localhost:6361...
2025-11-18 17:24:02,893 - INFO - ThreadPoolExecutor-0_1 - qdrant_module - [Qdrant] Success: Inserted 68 vectors.
2025-11-18 17:24:02,895 - INFO - ThreadPoolExecutor-0_1 - grpc_handler - [GRPC IN] ReceiveVectors processed successfully.
2025-11-18 17:24:04,080 - INFO - ThreadPoolExecutor-0_0 - grpc_handler - [GRPC IN] ReceiveVectors called. ReqID: 121, Type: clustered, Count: 62
2025-11-18 17:24:04,081 - INFO - ThreadPoolExecutor-0_0 - server_logic - [Add Vectors] Processing 62 vectors. Sender Status: clustered. Current Node Status: clustered
2025-11-18 17:24:04,081 - INFO - ThreadPoolExecutor-0_0 - server_logic - [Add Vectors] Direct Insert: Storing 62 vectors in local Qdrant (Sender is clustered).
2025-11-18 17:24:04,133 - INFO - ThreadPoolExecutor-0_0 - httpx - HTTP Request: GET http://localhost:6361 "HTTP/1.1 200 OK"
2025-11-18 17:24:04,134 - INFO - ThreadPoolExecutor-0_0 - qdrant_module - [Qdrant] Attempting to insert 62 vectors into vectors on http://localhost:6361...
2025-11-18 17:24:04,146 - INFO - ThreadPoolExecutor-0_0 - qdrant_module - [Qdrant] Success: Inserted 62 vectors.
2025-11-18 17:24:04,148 - INFO - ThreadPoolExecutor-0_0 - grpc_handler - [GRPC IN] ReceiveVectors processed successfully.
2025-11-18 17:24:05,278 - INFO - ThreadPoolExecutor-0_1 - grpc_handler - [GRPC IN] ReceiveVectors called. ReqID: 122, Type: clustered, Count: 70
2025-11-18 17:24:05,279 - INFO - ThreadPoolExecutor-0_1 - server_logic - [Add Vectors] Processing 70 vectors. Sender Status: clustered. Current Node Status: clustered
2025-11-18 17:24:05,279 - INFO - ThreadPoolExecutor-0_1 - server_logic - [Add Vectors] Direct Insert: Storing 70 vectors in local Qdrant (Sender is clustered).
2025-11-18 17:24:05,331 - INFO - ThreadPoolExecutor-0_1 - httpx - HTTP Request: GET http://localhost:6361 "HTTP/1.1 200 OK"
2025-11-18 17:24:05,331 - INFO - ThreadPoolExecutor-0_1 - qdrant_module - [Qdrant] Attempting to insert 70 vectors into vectors on http://localhost:6361...
2025-11-18 17:24:05,344 - INFO - ThreadPoolExecutor-0_1 - qdrant_module - [Qdrant] Success: Inserted 70 vectors.
2025-11-18 17:24:05,345 - INFO - ThreadPoolExecutor-0_1 - grpc_handler - [GRPC IN] ReceiveVectors processed successfully.
2025-11-18 17:24:06,591 - INFO - ThreadPoolExecutor-0_0 - grpc_handler - [GRPC IN] ReceiveVectors called. ReqID: 123, Type: clustered, Count: 69
2025-11-18 17:24:06,592 - INFO - ThreadPoolExecutor-0_0 - server_logic - [Add Vectors] Processing 69 vectors. Sender Status: clustered. Current Node Status: clustered
2025-11-18 17:24:06,592 - INFO - ThreadPoolExecutor-0_0 - server_logic - [Add Vectors] Direct Insert: Storing 69 vectors in local Qdrant (Sender is clustered).
2025-11-18 17:24:06,644 - INFO - ThreadPoolExecutor-0_0 - httpx - HTTP Request: GET http://localhost:6361 "HTTP/1.1 200 OK"
2025-11-18 17:24:06,644 - INFO - ThreadPoolExecutor-0_0 - qdrant_module - [Qdrant] Attempting to insert 69 vectors into vectors on http://localhost:6361...
2025-11-18 17:24:06,655 - INFO - ThreadPoolExecutor-0_0 - qdrant_module - [Qdrant] Success: Inserted 69 vectors.
2025-11-18 17:24:06,656 - INFO - ThreadPoolExecutor-0_0 - grpc_handler - [GRPC IN] ReceiveVectors processed successfully.
2025-11-18 17:24:07,796 - INFO - ThreadPoolExecutor-0_1 - grpc_handler - [GRPC IN] ReceiveVectors called. ReqID: 124, Type: clustered, Count: 83
2025-11-18 17:24:07,797 - INFO - ThreadPoolExecutor-0_1 - server_logic - [Add Vectors] Processing 83 vectors. Sender Status: clustered. Current Node Status: clustered
2025-11-18 17:24:07,797 - INFO - ThreadPoolExecutor-0_1 - server_logic - [Add Vectors] Direct Insert: Storing 83 vectors in local Qdrant (Sender is clustered).
2025-11-18 17:24:07,848 - INFO - ThreadPoolExecutor-0_1 - httpx - HTTP Request: GET http://localhost:6361 "HTTP/1.1 200 OK"
2025-11-18 17:24:07,848 - INFO - ThreadPoolExecutor-0_1 - qdrant_module - [Qdrant] Attempting to insert 83 vectors into vectors on http://localhost:6361...
2025-11-18 17:24:07,861 - INFO - ThreadPoolExecutor-0_1 - qdrant_module - [Qdrant] Success: Inserted 83 vectors.
2025-11-18 17:24:07,862 - INFO - ThreadPoolExecutor-0_1 - grpc_handler - [GRPC IN] ReceiveVectors processed successfully.
2025-11-18 17:24:09,020 - INFO - ThreadPoolExecutor-0_0 - grpc_handler - [GRPC IN] ReceiveVectors called. ReqID: 125, Type: clustered, Count: 75
2025-11-18 17:24:09,021 - INFO - ThreadPoolExecutor-0_0 - server_logic - [Add Vectors] Processing 75 vectors. Sender Status: clustered. Current Node Status: clustered
2025-11-18 17:24:09,021 - INFO - ThreadPoolExecutor-0_0 - server_logic - [Add Vectors] Direct Insert: Storing 75 vectors in local Qdrant (Sender is clustered).
2025-11-18 17:24:09,074 - INFO - ThreadPoolExecutor-0_0 - httpx - HTTP Request: GET http://localhost:6361 "HTTP/1.1 200 OK"
2025-11-18 17:24:09,074 - INFO - ThreadPoolExecutor-0_0 - qdrant_module - [Qdrant] Attempting to insert 75 vectors into vectors on http://localhost:6361...
2025-11-18 17:24:09,089 - INFO - ThreadPoolExecutor-0_0 - qdrant_module - [Qdrant] Success: Inserted 75 vectors.
2025-11-18 17:24:09,091 - INFO - ThreadPoolExecutor-0_0 - grpc_handler - [GRPC IN] ReceiveVectors processed successfully.
2025-11-18 17:24:10,553 - INFO - ThreadPoolExecutor-0_1 - grpc_handler - [GRPC IN] ReceiveVectors called. ReqID: 126, Type: clustered, Count: 63
2025-11-18 17:24:10,555 - INFO - ThreadPoolExecutor-0_1 - server_logic - [Add Vectors] Processing 63 vectors. Sender Status: clustered. Current Node Status: clustered
2025-11-18 17:24:10,555 - INFO - ThreadPoolExecutor-0_1 - server_logic - [Add Vectors] Direct Insert: Storing 63 vectors in local Qdrant (Sender is clustered).
2025-11-18 17:24:10,609 - INFO - ThreadPoolExecutor-0_1 - httpx - HTTP Request: GET http://localhost:6361 "HTTP/1.1 200 OK"
2025-11-18 17:24:10,610 - INFO - ThreadPoolExecutor-0_1 - qdrant_module - [Qdrant] Attempting to insert 63 vectors into vectors on http://localhost:6361...
2025-11-18 17:24:10,621 - INFO - ThreadPoolExecutor-0_1 - qdrant_module - [Qdrant] Success: Inserted 63 vectors.
2025-11-18 17:24:10,622 - INFO - ThreadPoolExecutor-0_1 - grpc_handler - [GRPC IN] ReceiveVectors processed successfully.
2025-11-18 17:24:10,844 - INFO - MainThread - __main__ - API: /add called. ReqID: 127, Vectors: 256
2025-11-18 17:24:10,845 - INFO - MainThread - server_logic - [Client Request] Client wants to add 256 vectors. My Status: clustered
2025-11-18 17:24:10,845 - INFO - MainThread - server_logic - [Client Request] System Clustered. Routing vectors to appropriate peers.
2025-11-18 17:24:10,845 - INFO - MainThread - server_logic - [Router] Routing 256 vectors among 16 nodes (Replicas: 4).
2025-11-18 17:24:10,845 - INFO - MainThread - server_logic - [DEBUG] found replica for vector: 1
2025-11-18 17:24:10,845 - INFO - MainThread - server_logic - [DEBUG] found replica for vector: 2
2025-11-18 17:24:10,845 - INFO - MainThread - server_logic - [DEBUG] found replica for vector: 3
2025-11-18 17:24:10,845 - INFO - MainThread - server_logic - [DEBUG] found replica for vector: 4
2025-11-18 17:24:10,845 - INFO - MainThread - server_logic - [DEBUG] found replica for vector: 1
2025-11-18 17:24:10,845 - INFO - MainThread - server_logic - [DEBUG] found replica for vector: 2
2025-11-18 17:24:10,845 - INFO - MainThread - server_logic - [DEBUG] found replica for vector: 3
2025-11-18 17:24:10,845 - INFO - MainThread - server_logic - [DEBUG] found replica for vector: 4
2025-11-18 17:24:10,845 - INFO - MainThread - server_logic - [DEBUG] found replica for vector: 1
2025-11-18 17:24:10,845 - INFO - MainThread - server_logic - [DEBUG] found replica for vector: 2
2025-11-18 17:24:10,845 - INFO - MainThread - server_logic - [DEBUG] found replica for vector: 3
2025-11-18 17:24:10,845 - INFO - MainThread - server_logic - [DEBUG] to me replica for vector: 3
2025-11-18 17:24:10,845 - INFO - MainThread - server_logic - [DEBUG] found replica for vector: 1
2025-11-18 17:24:10,845 - INFO - MainThread - server_logic - [DEBUG] found replica for vector: 2
2025-11-18 17:24:10,845 - INFO - MainThread - server_logic - [DEBUG] found replica for vector: 3
2025-11-18 17:24:10,845 - INFO - MainThread - server_logic - [DEBUG] found replica for vector: 4
2025-11-18 17:24:10,845 - INFO - MainThread - server_logic - [DEBUG] found replica for vector: 1
2025-11-18 17:24:10,845 - INFO - MainThread - server_logic - [DEBUG] found replica for vector: 2
2025-11-18 17:24:10,845 - INFO - MainThread - server_logic - [DEBUG] found replica for vector: 3
2025-11-18 17:24:10,845 - INFO - MainThread - server_logic - [DEBUG] found replica for vector: 4
2025-11-18 17:24:10,845 - INFO - MainThread - server_logic - [DEBUG] found replica for vector: 1
2025-11-18 17:24:10,846 - INFO - MainThread - server_logic - [DEBUG] found replica for vector: 2
2025-11-18 17:24:10,846 - INFO - MainThread - server_logic - [DEBUG] found replica for vector: 3
2025-11-18 17:24:10,846 - INFO - MainThread - server_logic - [DEBUG] found replica for vector: 4
2025-11-18 17:24:10,846 - INFO - MainThread - server_logic - [DEBUG] found replica for vector: 1
2025-11-18 17:24:10,846 - INFO - MainThread - server_logic - [DEBUG] found replica for vector: 2
2025-11-18 17:24:10,846 - INFO - MainThread - server_logic - [DEBUG] found replica for vector: 3
2025-11-18 17:24:10,846 - INFO - MainThread - server_logic - [DEBUG] found replica for vector: 4
2025-11-18 17:24:10,846 - INFO - MainThread - server_logic - [DEBUG] found replica for vector: 1
2025-11-18 17:24:10,846 - INFO - MainThread - server_logic - [DEBUG] found replica for vector: 2
2025-11-18 17:24:10,846 - INFO - MainThread - server_logic - [DEBUG] found replica for vector: 3
2025-11-18 17:24:10,846 - INFO - MainThread - server_logic - [DEBUG] found replica for vector: 4
2025-11-18 17:24:10,846 - INFO - MainThread - server_logic - [DEBUG] found replica for vector: 1
2025-11-18 17:24:10,846 - INFO - MainThread - server_logic - [DEBUG] found replica for vector: 2
2025-11-18 17:24:10,846 - INFO - MainThread - server_logic - [DEBUG] found replica for vector: 3
2025-11-18 17:24:10,846 - INFO - MainThread - server_logic - [DEBUG] found replica for vector: 4
2025-11-18 17:24:10,846 - INFO - MainThread - server_logic - [DEBUG] found replica for vector: 1
2025-11-18 17:24:10,846 - INFO - MainThread - server_logic - [DEBUG] found replica for vector: 2
2025-11-18 17:24:10,846 - INFO - MainThread - server_logic - [DEBUG] found replica for vector: 3
2025-11-18 17:24:10,846 - INFO - MainThread - server_logic - [DEBUG] found replica for vector: 4
2025-11-18 17:24:10,846 - INFO - MainThread - server_logic - [DEBUG] found replica for vector: 1
2025-11-18 17:24:10,846 - INFO - MainThread - server_logic - [DEBUG] found replica for vector: 2
2025-11-18 17:24:10,846 - INFO - MainThread - server_logic - [DEBUG] found replica for vector: 3
2025-11-18 17:24:10,846 - INFO - MainThread - server_logic - [DEBUG] found replica for vector: 4
2025-11-18 17:24:10,846 - INFO - MainThread - server_logic - [DEBUG] found replica for vector: 1
2025-11-18 17:24:10,846 - INFO - MainThread - server_logic - [DEBUG] found replica for vector: 2
2025-11-18 17:24:10,846 - INFO - MainThread - server_logic - [DEBUG] found replica for vector: 3
2025-11-18 17:24:10,846 - INFO - MainThread - server_logic - [DEBUG] found replica for vector: 4
2025-11-18 17:24:10,846 - INFO - MainThread - server_logic - [DEBUG] found replica for vector: 1
2025-11-18 17:24:10,846 - INFO - MainThread - server_logic - [DEBUG] found replica for vector: 2
2025-11-18 17:24:10,846 - INFO - MainThread - server_logic - [DEBUG] found replica for vector: 3
2025-11-18 17:24:10,846 - INFO - MainThread - server_logic - [DEBUG] to me replica for vector: 3
2025-11-18 17:24:10,846 - INFO - MainThread - server_logic - [DEBUG] found replica for vector: 1
2025-11-18 17:24:10,846 - INFO - MainThread - server_logic - [DEBUG] found replica for vector: 2
2025-11-18 17:24:10,846 - INFO - MainThread - server_logic - [DEBUG] found replica for vector: 3
2025-11-18 17:24:10,846 - INFO - MainThread - server_logic - [DEBUG] found replica for vector: 4
2025-11-18 17:24:10,846 - INFO - MainThread - server_logic - [DEBUG] found replica for vector: 1
2025-11-18 17:24:10,846 - INFO - MainThread - server_logic - [DEBUG] found replica for vector: 2
2025-11-18 17:24:10,846 - INFO - MainThread - server_logic - [DEBUG] found replica for vector: 3
2025-11-18 17:24:10,846 - INFO - MainThread - server_logic - [DEBUG] found replica for vector: 4
2025-11-18 17:24:10,846 - INFO - MainThread - server_logic - [DEBUG] found replica for vector: 1
2025-11-18 17:24:10,846 - INFO - MainThread - server_logic - [DEBUG] found replica for vector: 2
2025-11-18 17:24:10,846 - INFO - MainThread - server_logic - [DEBUG] found replica for vector: 3
2025-11-18 17:24:10,846 - INFO - MainThread - server_logic - [DEBUG] found replica for vector: 4
2025-11-18 17:24:10,846 - INFO - MainThread - server_logic - [DEBUG] found replica for vector: 1
2025-11-18 17:24:10,846 - INFO - MainThread - server_logic - [DEBUG] found replica for vector: 2
2025-11-18 17:24:10,846 - INFO - MainThread - server_logic - [DEBUG] found replica for vector: 3
2025-11-18 17:24:10,846 - INFO - MainThread - server_logic - [DEBUG] found replica for vector: 4
2025-11-18 17:24:10,846 - INFO - MainThread - server_logic - [DEBUG] found replica for vector: 1
2025-11-18 17:24:10,846 - INFO - MainThread - server_logic - [DEBUG] found replica for vector: 2
2025-11-18 17:24:10,846 - INFO - MainThread - server_logic - [DEBUG] found replica for vector: 3
2025-11-18 17:24:10,846 - INFO - MainThread - server_logic - [DEBUG] found replica for vector: 4
2025-11-18 17:24:10,846 - INFO - MainThread - server_logic - [DEBUG] found replica for vector: 1
2025-11-18 17:24:10,846 - INFO - MainThread - server_logic - [DEBUG] found replica for vector: 2
2025-11-18 17:24:10,846 - INFO - MainThread - server_logic - [DEBUG] found replica for vector: 3
2025-11-18 17:24:10,847 - INFO - MainThread - server_logic - [DEBUG] found replica for vector: 4
2025-11-18 17:24:10,847 - INFO - MainThread - server_logic - [DEBUG] found replica for vector: 1
2025-11-18 17:24:10,847 - INFO - MainThread - server_logic - [DEBUG] found replica for vector: 2
2025-11-18 17:24:10,847 - INFO - MainThread - server_logic - [DEBUG] found replica for vector: 3
2025-11-18 17:24:10,847 - INFO - MainThread - server_logic - [DEBUG] to me replica for vector: 3
2025-11-18 17:24:10,847 - INFO - MainThread - server_logic - [DEBUG] found replica for vector: 1
2025-11-18 17:24:10,847 - INFO - MainThread - server_logic - [DEBUG] found replica for vector: 2
2025-11-18 17:24:10,847 - INFO - MainThread - server_logic - [DEBUG] found replica for vector: 3
2025-11-18 17:24:10,847 - INFO - MainThread - server_logic - [DEBUG] found replica for vector: 4
2025-11-18 17:24:10,847 - INFO - MainThread - server_logic - [DEBUG] found replica for vector: 1
2025-11-18 17:24:10,847 - INFO - MainThread - server_logic - [DEBUG] found replica for vector: 2
2025-11-18 17:24:10,847 - INFO - MainThread - server_logic - [DEBUG] found replica for vector: 3
2025-11-18 17:24:10,847 - INFO - MainThread - server_logic - [DEBUG] found replica for vector: 4
2025-11-18 17:24:10,847 - INFO - MainThread - server_logic - [DEBUG] found replica for vector: 1
2025-11-18 17:24:10,847 - INFO - MainThread - server_logic - [DEBUG] found replica for vector: 2
2025-11-18 17:24:10,847 - INFO - MainThread - server_logic - [DEBUG] found replica for vector: 3
2025-11-18 17:24:10,847 - INFO - MainThread - server_logic - [DEBUG] found replica for vector: 4
2025-11-18 17:24:10,847 - INFO - MainThread - server_logic - [DEBUG] found replica for vector: 1
2025-11-18 17:24:10,847 - INFO - MainThread - server_logic - [DEBUG] found replica for vector: 2
2025-11-18 17:24:10,847 - INFO - MainThread - server_logic - [DEBUG] found replica for vector: 3
2025-11-18 17:24:10,847 - INFO - MainThread - server_logic - [DEBUG] found replica for vector: 4
2025-11-18 17:24:10,847 - INFO - MainThread - server_logic - [DEBUG] found replica for vector: 1
2025-11-18 17:24:10,847 - INFO - MainThread - server_logic - [DEBUG] found replica for vector: 2
2025-11-18 17:24:10,847 - INFO - MainThread - server_logic - [DEBUG] found replica for vector: 3
2025-11-18 17:24:10,847 - INFO - MainThread - server_logic - [DEBUG] found replica for vector: 4
2025-11-18 17:24:10,847 - INFO - MainThread - server_logic - [DEBUG] found replica for vector: 1
2025-11-18 17:24:10,847 - INFO - MainThread - server_logic - [DEBUG] found replica for vector: 2
2025-11-18 17:24:10,847 - INFO - MainThread - server_logic - [DEBUG] found replica for vector: 3
2025-11-18 17:24:10,847 - INFO - MainThread - server_logic - [DEBUG] to me replica for vector: 3
2025-11-18 17:24:10,847 - INFO - MainThread - server_logic - [DEBUG] found replica for vector: 1
2025-11-18 17:24:10,847 - INFO - MainThread - server_logic - [DEBUG] found replica for vector: 2
2025-11-18 17:24:10,847 - INFO - MainThread - server_logic - [DEBUG] found replica for vector: 3
2025-11-18 17:24:10,847 - INFO - MainThread - server_logic - [DEBUG] found replica for vector: 4
2025-11-18 17:24:10,847 - INFO - MainThread - server_logic - [DEBUG] found replica for vector: 1
2025-11-18 17:24:10,847 - INFO - MainThread - server_logic - [DEBUG] found replica for vector: 2
2025-11-18 17:24:10,847 - INFO - MainThread - server_logic - [DEBUG] found replica for vector: 3
2025-11-18 17:24:10,847 - INFO - MainThread - server_logic - [DEBUG] to me replica for vector: 3
2025-11-18 17:24:10,847 - INFO - MainThread - server_logic - [DEBUG] found replica for vector: 1
2025-11-18 17:24:10,847 - INFO - MainThread - server_logic - [DEBUG] found replica for vector: 2
2025-11-18 17:24:10,847 - INFO - MainThread - server_logic - [DEBUG] found replica for vector: 3
2025-11-18 17:24:10,847 - INFO - MainThread - server_logic - [DEBUG] found replica for vector: 4
2025-11-18 17:24:10,847 - INFO - MainThread - server_logic - [DEBUG] found replica for vector: 1
2025-11-18 17:24:10,847 - INFO - MainThread - server_logic - [DEBUG] found replica for vector: 2
2025-11-18 17:24:10,847 - INFO - MainThread - server_logic - [DEBUG] found replica for vector: 3
2025-11-18 17:24:10,847 - INFO - MainThread - server_logic - [DEBUG] found replica for vector: 4
2025-11-18 17:24:10,847 - INFO - MainThread - server_logic - [DEBUG] found replica for vector: 1
2025-11-18 17:24:10,847 - INFO - MainThread - server_logic - [DEBUG] found replica for vector: 2
2025-11-18 17:24:10,847 - INFO - MainThread - server_logic - [DEBUG] found replica for vector: 3
2025-11-18 17:24:10,847 - INFO - MainThread - server_logic - [DEBUG] to me replica for vector: 3
2025-11-18 17:24:10,847 - INFO - MainThread - server_logic - [DEBUG] found replica for vector: 1
2025-11-18 17:24:10,847 - INFO - MainThread - server_logic - [DEBUG] found replica for vector: 2
2025-11-18 17:24:10,847 - INFO - MainThread - server_logic - [DEBUG] found replica for vector: 3
2025-11-18 17:24:10,847 - INFO - MainThread - server_logic - [DEBUG] to me replica for vector: 3
2025-11-18 17:24:10,848 - INFO - MainThread - server_logic - [DEBUG] found replica for vector: 1
2025-11-18 17:24:10,848 - INFO - MainThread - server_logic - [DEBUG] found replica for vector: 2
2025-11-18 17:24:10,848 - INFO - MainThread - server_logic - [DEBUG] found replica for vector: 3
2025-11-18 17:24:10,848 - INFO - MainThread - server_logic - [DEBUG] found replica for vector: 4
2025-11-18 17:24:10,848 - INFO - MainThread - server_logic - [DEBUG] found replica for vector: 1
2025-11-18 17:24:10,848 - INFO - MainThread - server_logic - [DEBUG] found replica for vector: 2
2025-11-18 17:24:10,848 - INFO - MainThread - server_logic - [DEBUG] found replica for vector: 3
2025-11-18 17:24:10,848 - INFO - MainThread - server_logic - [DEBUG] found replica for vector: 4
2025-11-18 17:24:10,848 - INFO - MainThread - server_logic - [DEBUG] found replica for vector: 1
2025-11-18 17:24:10,848 - INFO - MainThread - server_logic - [DEBUG] found replica for vector: 2
2025-11-18 17:24:10,848 - INFO - MainThread - server_logic - [DEBUG] found replica for vector: 3
2025-11-18 17:24:10,848 - INFO - MainThread - server_logic - [DEBUG] found replica for vector: 4
2025-11-18 17:24:10,848 - INFO - MainThread - server_logic - [DEBUG] found replica for vector: 1
2025-11-18 17:24:10,848 - INFO - MainThread - server_logic - [DEBUG] found replica for vector: 2
2025-11-18 17:24:10,848 - INFO - MainThread - server_logic - [DEBUG] found replica for vector: 3
2025-11-18 17:24:10,848 - INFO - MainThread - server_logic - [DEBUG] found replica for vector: 4
2025-11-18 17:24:10,848 - INFO - MainThread - server_logic - [DEBUG] found replica for vector: 1
2025-11-18 17:24:10,848 - INFO - MainThread - server_logic - [DEBUG] found replica for vector: 2
2025-11-18 17:24:10,848 - INFO - MainThread - server_logic - [DEBUG] found replica for vector: 3
2025-11-18 17:24:10,848 - INFO - MainThread - server_logic - [DEBUG] to me replica for vector: 3
2025-11-18 17:24:10,848 - INFO - MainThread - server_logic - [DEBUG] found replica for vector: 1
2025-11-18 17:24:10,848 - INFO - MainThread - server_logic - [DEBUG] found replica for vector: 2
2025-11-18 17:24:10,848 - INFO - MainThread - server_logic - [DEBUG] found replica for vector: 3
2025-11-18 17:24:10,848 - INFO - MainThread - server_logic - [DEBUG] found replica for vector: 4
2025-11-18 17:24:10,848 - INFO - MainThread - server_logic - [DEBUG] found replica for vector: 1
2025-11-18 17:24:10,848 - INFO - MainThread - server_logic - [DEBUG] found replica for vector: 2
2025-11-18 17:24:10,848 - INFO - MainThread - server_logic - [DEBUG] found replica for vector: 3
2025-11-18 17:24:10,848 - INFO - MainThread - server_logic - [DEBUG] found replica for vector: 4
2025-11-18 17:24:10,848 - INFO - MainThread - server_logic - [DEBUG] found replica for vector: 1
2025-11-18 17:24:10,848 - INFO - MainThread - server_logic - [DEBUG] found replica for vector: 2
2025-11-18 17:24:10,848 - INFO - MainThread - server_logic - [DEBUG] found replica for vector: 3
2025-11-18 17:24:10,848 - INFO - MainThread - server_logic - [DEBUG] to me replica for vector: 3
2025-11-18 17:24:10,848 - INFO - MainThread - server_logic - [DEBUG] found replica for vector: 1
2025-11-18 17:24:10,848 - INFO - MainThread - server_logic - [DEBUG] found replica for vector: 2
2025-11-18 17:24:10,848 - INFO - MainThread - server_logic - [DEBUG] found replica for vector: 3
2025-11-18 17:24:10,848 - INFO - MainThread - server_logic - [DEBUG] found replica for vector: 4
2025-11-18 17:24:10,848 - INFO - MainThread - server_logic - [DEBUG] found replica for vector: 1
2025-11-18 17:24:10,848 - INFO - MainThread - server_logic - [DEBUG] found replica for vector: 2
2025-11-18 17:24:10,848 - INFO - MainThread - server_logic - [DEBUG] found replica for vector: 3
2025-11-18 17:24:10,848 - INFO - MainThread - server_logic - [DEBUG] found replica for vector: 4
2025-11-18 17:24:10,848 - INFO - MainThread - server_logic - [DEBUG] found replica for vector: 1
2025-11-18 17:24:10,848 - INFO - MainThread - server_logic - [DEBUG] found replica for vector: 2
2025-11-18 17:24:10,848 - INFO - MainThread - server_logic - [DEBUG] found replica for vector: 3
2025-11-18 17:24:10,848 - INFO - MainThread - server_logic - [DEBUG] found replica for vector: 4
2025-11-18 17:24:10,848 - INFO - MainThread - server_logic - [DEBUG] found replica for vector: 1
2025-11-18 17:24:10,848 - INFO - MainThread - server_logic - [DEBUG] found replica for vector: 2
2025-11-18 17:24:10,848 - INFO - MainThread - server_logic - [DEBUG] found replica for vector: 3
2025-11-18 17:24:10,848 - INFO - MainThread - server_logic - [DEBUG] found replica for vector: 4
2025-11-18 17:24:10,848 - INFO - MainThread - server_logic - [DEBUG] found replica for vector: 1
2025-11-18 17:24:10,848 - INFO - MainThread - server_logic - [DEBUG] found replica for vector: 2
2025-11-18 17:24:10,848 - INFO - MainThread - server_logic - [DEBUG] found replica for vector: 3
2025-11-18 17:24:10,848 - INFO - MainThread - server_logic - [DEBUG] found replica for vector: 4
2025-11-18 17:24:10,848 - INFO - MainThread - server_logic - [DEBUG] found replica for vector: 1
2025-11-18 17:24:10,848 - INFO - MainThread - server_logic - [DEBUG] found replica for vector: 2
2025-11-18 17:24:10,848 - INFO - MainThread - server_logic - [DEBUG] found replica for vector: 3
2025-11-18 17:24:10,848 - INFO - MainThread - server_logic - [DEBUG] found replica for vector: 4
2025-11-18 17:24:10,849 - INFO - MainThread - server_logic - [DEBUG] found replica for vector: 1
2025-11-18 17:24:10,849 - INFO - MainThread - server_logic - [DEBUG] found replica for vector: 2
2025-11-18 17:24:10,849 - INFO - MainThread - server_logic - [DEBUG] found replica for vector: 3
2025-11-18 17:24:10,849 - INFO - MainThread - server_logic - [DEBUG] found replica for vector: 4
2025-11-18 17:24:10,849 - INFO - MainThread - server_logic - [DEBUG] found replica for vector: 1
2025-11-18 17:24:10,849 - INFO - MainThread - server_logic - [DEBUG] found replica for vector: 2
2025-11-18 17:24:10,849 - INFO - MainThread - server_logic - [DEBUG] found replica for vector: 3
2025-11-18 17:24:10,849 - INFO - MainThread - server_logic - [DEBUG] found replica for vector: 4
2025-11-18 17:24:10,849 - INFO - MainThread - server_logic - [DEBUG] found replica for vector: 1
2025-11-18 17:24:10,849 - INFO - MainThread - server_logic - [DEBUG] found replica for vector: 2
2025-11-18 17:24:10,849 - INFO - MainThread - server_logic - [DEBUG] found replica for vector: 3
2025-11-18 17:24:10,849 - INFO - MainThread - server_logic - [DEBUG] found replica for vector: 4
2025-11-18 17:24:10,849 - INFO - MainThread - server_logic - [DEBUG] found replica for vector: 1
2025-11-18 17:24:10,849 - INFO - MainThread - server_logic - [DEBUG] found replica for vector: 2
2025-11-18 17:24:10,849 - INFO - MainThread - server_logic - [DEBUG] found replica for vector: 3
2025-11-18 17:24:10,849 - INFO - MainThread - server_logic - [DEBUG] found replica for vector: 4
2025-11-18 17:24:10,849 - INFO - MainThread - server_logic - [DEBUG] found replica for vector: 1
2025-11-18 17:24:10,849 - INFO - MainThread - server_logic - [DEBUG] found replica for vector: 2
2025-11-18 17:24:10,849 - INFO - MainThread - server_logic - [DEBUG] found replica for vector: 3
2025-11-18 17:24:10,849 - INFO - MainThread - server_logic - [DEBUG] found replica for vector: 4
2025-11-18 17:24:10,849 - INFO - MainThread - server_logic - [DEBUG] found replica for vector: 1
2025-11-18 17:24:10,849 - INFO - MainThread - server_logic - [DEBUG] found replica for vector: 2
2025-11-18 17:24:10,849 - INFO - MainThread - server_logic - [DEBUG] found replica for vector: 3
2025-11-18 17:24:10,849 - INFO - MainThread - server_logic - [DEBUG] found replica for vector: 4
2025-11-18 17:24:10,849 - INFO - MainThread - server_logic - [DEBUG] found replica for vector: 1
2025-11-18 17:24:10,849 - INFO - MainThread - server_logic - [DEBUG] found replica for vector: 2
2025-11-18 17:24:10,849 - INFO - MainThread - server_logic - [DEBUG] found replica for vector: 3
2025-11-18 17:24:10,849 - INFO - MainThread - server_logic - [DEBUG] found replica for vector: 4
2025-11-18 17:24:10,849 - INFO - MainThread - server_logic - [DEBUG] found replica for vector: 1
2025-11-18 17:24:10,849 - INFO - MainThread - server_logic - [DEBUG] found replica for vector: 2
2025-11-18 17:24:10,849 - INFO - MainThread - server_logic - [DEBUG] found replica for vector: 3
2025-11-18 17:24:10,849 - INFO - MainThread - server_logic - [DEBUG] found replica for vector: 4
2025-11-18 17:24:10,849 - INFO - MainThread - server_logic - [DEBUG] found replica for vector: 1
2025-11-18 17:24:10,849 - INFO - MainThread - server_logic - [DEBUG] found replica for vector: 2
2025-11-18 17:24:10,849 - INFO - MainThread - server_logic - [DEBUG] found replica for vector: 3
2025-11-18 17:24:10,849 - INFO - MainThread - server_logic - [DEBUG] to me replica for vector: 3
2025-11-18 17:24:10,849 - INFO - MainThread - server_logic - [DEBUG] found replica for vector: 1
2025-11-18 17:24:10,849 - INFO - MainThread - server_logic - [DEBUG] found replica for vector: 2
2025-11-18 17:24:10,849 - INFO - MainThread - server_logic - [DEBUG] found replica for vector: 3
2025-11-18 17:24:10,849 - INFO - MainThread - server_logic - [DEBUG] found replica for vector: 4
2025-11-18 17:24:10,849 - INFO - MainThread - server_logic - [DEBUG] found replica for vector: 1
2025-11-18 17:24:10,849 - INFO - MainThread - server_logic - [DEBUG] found replica for vector: 2
2025-11-18 17:24:10,849 - INFO - MainThread - server_logic - [DEBUG] found replica for vector: 3
2025-11-18 17:24:10,849 - INFO - MainThread - server_logic - [DEBUG] to me replica for vector: 3
2025-11-18 17:24:10,849 - INFO - MainThread - server_logic - [DEBUG] found replica for vector: 1
2025-11-18 17:24:10,849 - INFO - MainThread - server_logic - [DEBUG] found replica for vector: 2
2025-11-18 17:24:10,849 - INFO - MainThread - server_logic - [DEBUG] found replica for vector: 3
2025-11-18 17:24:10,849 - INFO - MainThread - server_logic - [DEBUG] found replica for vector: 4
2025-11-18 17:24:10,849 - INFO - MainThread - server_logic - [DEBUG] found replica for vector: 1
2025-11-18 17:24:10,849 - INFO - MainThread - server_logic - [DEBUG] found replica for vector: 2
2025-11-18 17:24:10,849 - INFO - MainThread - server_logic - [DEBUG] found replica for vector: 3
2025-11-18 17:24:10,849 - INFO - MainThread - server_logic - [DEBUG] found replica for vector: 4
2025-11-18 17:24:10,849 - INFO - MainThread - server_logic - [DEBUG] found replica for vector: 1
2025-11-18 17:24:10,849 - INFO - MainThread - server_logic - [DEBUG] found replica for vector: 2
2025-11-18 17:24:10,850 - INFO - MainThread - server_logic - [DEBUG] found replica for vector: 3
2025-11-18 17:24:10,850 - INFO - MainThread - server_logic - [DEBUG] found replica for vector: 4
2025-11-18 17:24:10,850 - INFO - MainThread - server_logic - [DEBUG] found replica for vector: 1
2025-11-18 17:24:10,850 - INFO - MainThread - server_logic - [DEBUG] found replica for vector: 2
2025-11-18 17:24:10,850 - INFO - MainThread - server_logic - [DEBUG] found replica for vector: 3
2025-11-18 17:24:10,850 - INFO - MainThread - server_logic - [DEBUG] to me replica for vector: 3
2025-11-18 17:24:10,850 - INFO - MainThread - server_logic - [DEBUG] found replica for vector: 1
2025-11-18 17:24:10,850 - INFO - MainThread - server_logic - [DEBUG] found replica for vector: 2
2025-11-18 17:24:10,850 - INFO - MainThread - server_logic - [DEBUG] found replica for vector: 3
2025-11-18 17:24:10,850 - INFO - MainThread - server_logic - [DEBUG] found replica for vector: 4
2025-11-18 17:24:10,850 - INFO - MainThread - server_logic - [DEBUG] found replica for vector: 1
2025-11-18 17:24:10,850 - INFO - MainThread - server_logic - [DEBUG] found replica for vector: 2
2025-11-18 17:24:10,850 - INFO - MainThread - server_logic - [DEBUG] found replica for vector: 3
2025-11-18 17:24:10,850 - INFO - MainThread - server_logic - [DEBUG] to me replica for vector: 3
2025-11-18 17:24:10,850 - INFO - MainThread - server_logic - [DEBUG] found replica for vector: 1
2025-11-18 17:24:10,850 - INFO - MainThread - server_logic - [DEBUG] found replica for vector: 2
2025-11-18 17:24:10,850 - INFO - MainThread - server_logic - [DEBUG] found replica for vector: 3
2025-11-18 17:24:10,850 - INFO - MainThread - server_logic - [DEBUG] to me replica for vector: 3
2025-11-18 17:24:10,850 - INFO - MainThread - server_logic - [DEBUG] found replica for vector: 1
2025-11-18 17:24:10,850 - INFO - MainThread - server_logic - [DEBUG] found replica for vector: 2
2025-11-18 17:24:10,850 - INFO - MainThread - server_logic - [DEBUG] found replica for vector: 3
2025-11-18 17:24:10,850 - INFO - MainThread - server_logic - [DEBUG] found replica for vector: 4
2025-11-18 17:24:10,850 - INFO - MainThread - server_logic - [DEBUG] found replica for vector: 1
2025-11-18 17:24:10,850 - INFO - MainThread - server_logic - [DEBUG] found replica for vector: 2
2025-11-18 17:24:10,850 - INFO - MainThread - server_logic - [DEBUG] found replica for vector: 3
2025-11-18 17:24:10,850 - INFO - MainThread - server_logic - [DEBUG] found replica for vector: 4
2025-11-18 17:24:10,850 - INFO - MainThread - server_logic - [DEBUG] found replica for vector: 1
2025-11-18 17:24:10,850 - INFO - MainThread - server_logic - [DEBUG] found replica for vector: 2
2025-11-18 17:24:10,850 - INFO - MainThread - server_logic - [DEBUG] found replica for vector: 3
2025-11-18 17:24:10,850 - INFO - MainThread - server_logic - [DEBUG] to me replica for vector: 3
2025-11-18 17:24:10,850 - INFO - MainThread - server_logic - [DEBUG] found replica for vector: 1
2025-11-18 17:24:10,850 - INFO - MainThread - server_logic - [DEBUG] found replica for vector: 2
2025-11-18 17:24:10,850 - INFO - MainThread - server_logic - [DEBUG] found replica for vector: 3
2025-11-18 17:24:10,850 - INFO - MainThread - server_logic - [DEBUG] to me replica for vector: 3
2025-11-18 17:24:10,850 - INFO - MainThread - server_logic - [DEBUG] found replica for vector: 1
2025-11-18 17:24:10,850 - INFO - MainThread - server_logic - [DEBUG] found replica for vector: 2
2025-11-18 17:24:10,850 - INFO - MainThread - server_logic - [DEBUG] found replica for vector: 3
2025-11-18 17:24:10,850 - INFO - MainThread - server_logic - [DEBUG] found replica for vector: 4
2025-11-18 17:24:10,850 - INFO - MainThread - server_logic - [DEBUG] found replica for vector: 1
2025-11-18 17:24:10,850 - INFO - MainThread - server_logic - [DEBUG] found replica for vector: 2
2025-11-18 17:24:10,850 - INFO - MainThread - server_logic - [DEBUG] found replica for vector: 3
2025-11-18 17:24:10,850 - INFO - MainThread - server_logic - [DEBUG] found replica for vector: 4
2025-11-18 17:24:10,850 - INFO - MainThread - server_logic - [DEBUG] found replica for vector: 1
2025-11-18 17:24:10,850 - INFO - MainThread - server_logic - [DEBUG] found replica for vector: 2
2025-11-18 17:24:10,850 - INFO - MainThread - server_logic - [DEBUG] found replica for vector: 3
2025-11-18 17:24:10,850 - INFO - MainThread - server_logic - [DEBUG] found replica for vector: 4
2025-11-18 17:24:10,850 - INFO - MainThread - server_logic - [DEBUG] found replica for vector: 1
2025-11-18 17:24:10,850 - INFO - MainThread - server_logic - [DEBUG] found replica for vector: 2
2025-11-18 17:24:10,850 - INFO - MainThread - server_logic - [DEBUG] found replica for vector: 3
2025-11-18 17:24:10,850 - INFO - MainThread - server_logic - [DEBUG] found replica for vector: 4
2025-11-18 17:24:10,850 - INFO - MainThread - server_logic - [DEBUG] found replica for vector: 1
2025-11-18 17:24:10,850 - INFO - MainThread - server_logic - [DEBUG] found replica for vector: 2
2025-11-18 17:24:10,850 - INFO - MainThread - server_logic - [DEBUG] found replica for vector: 3
2025-11-18 17:24:10,850 - INFO - MainThread - server_logic - [DEBUG] found replica for vector: 4
2025-11-18 17:24:10,850 - INFO - MainThread - server_logic - [DEBUG] found replica for vector: 1
2025-11-18 17:24:10,851 - INFO - MainThread - server_logic - [DEBUG] found replica for vector: 2
2025-11-18 17:24:10,851 - INFO - MainThread - server_logic - [DEBUG] found replica for vector: 3
2025-11-18 17:24:10,851 - INFO - MainThread - server_logic - [DEBUG] found replica for vector: 4
2025-11-18 17:24:10,851 - INFO - MainThread - server_logic - [DEBUG] found replica for vector: 1
2025-11-18 17:24:10,851 - INFO - MainThread - server_logic - [DEBUG] found replica for vector: 2
2025-11-18 17:24:10,851 - INFO - MainThread - server_logic - [DEBUG] found replica for vector: 3
2025-11-18 17:24:10,851 - INFO - MainThread - server_logic - [DEBUG] found replica for vector: 4
2025-11-18 17:24:10,851 - INFO - MainThread - server_logic - [DEBUG] found replica for vector: 1
2025-11-18 17:24:10,851 - INFO - MainThread - server_logic - [DEBUG] found replica for vector: 2
2025-11-18 17:24:10,851 - INFO - MainThread - server_logic - [DEBUG] found replica for vector: 3
2025-11-18 17:24:10,851 - INFO - MainThread - server_logic - [DEBUG] found replica for vector: 4
2025-11-18 17:24:10,851 - INFO - MainThread - server_logic - [DEBUG] found replica for vector: 1
2025-11-18 17:24:10,851 - INFO - MainThread - server_logic - [DEBUG] found replica for vector: 2
2025-11-18 17:24:10,851 - INFO - MainThread - server_logic - [DEBUG] found replica for vector: 3
2025-11-18 17:24:10,851 - INFO - MainThread - server_logic - [DEBUG] to me replica for vector: 3
2025-11-18 17:24:10,851 - INFO - MainThread - server_logic - [DEBUG] found replica for vector: 1
2025-11-18 17:24:10,851 - INFO - MainThread - server_logic - [DEBUG] found replica for vector: 2
2025-11-18 17:24:10,851 - INFO - MainThread - server_logic - [DEBUG] found replica for vector: 3
2025-11-18 17:24:10,851 - INFO - MainThread - server_logic - [DEBUG] found replica for vector: 4
2025-11-18 17:24:10,851 - INFO - MainThread - server_logic - [DEBUG] found replica for vector: 1
2025-11-18 17:24:10,851 - INFO - MainThread - server_logic - [DEBUG] found replica for vector: 2
2025-11-18 17:24:10,851 - INFO - MainThread - server_logic - [DEBUG] found replica for vector: 3
2025-11-18 17:24:10,851 - INFO - MainThread - server_logic - [DEBUG] found replica for vector: 4
2025-11-18 17:24:10,851 - INFO - MainThread - server_logic - [DEBUG] found replica for vector: 1
2025-11-18 17:24:10,851 - INFO - MainThread - server_logic - [DEBUG] found replica for vector: 2
2025-11-18 17:24:10,851 - INFO - MainThread - server_logic - [DEBUG] found replica for vector: 3
2025-11-18 17:24:10,851 - INFO - MainThread - server_logic - [DEBUG] found replica for vector: 4
2025-11-18 17:24:10,851 - INFO - MainThread - server_logic - [DEBUG] found replica for vector: 1
2025-11-18 17:24:10,851 - INFO - MainThread - server_logic - [DEBUG] found replica for vector: 2
2025-11-18 17:24:10,851 - INFO - MainThread - server_logic - [DEBUG] found replica for vector: 3
2025-11-18 17:24:10,851 - INFO - MainThread - server_logic - [DEBUG] found replica for vector: 4
2025-11-18 17:24:10,851 - INFO - MainThread - server_logic - [DEBUG] found replica for vector: 1
2025-11-18 17:24:10,851 - INFO - MainThread - server_logic - [DEBUG] found replica for vector: 2
2025-11-18 17:24:10,851 - INFO - MainThread - server_logic - [DEBUG] found replica for vector: 3
2025-11-18 17:24:10,851 - INFO - MainThread - server_logic - [DEBUG] found replica for vector: 4
2025-11-18 17:24:10,851 - INFO - MainThread - server_logic - [DEBUG] found replica for vector: 1
2025-11-18 17:24:10,851 - INFO - MainThread - server_logic - [DEBUG] found replica for vector: 2
2025-11-18 17:24:10,851 - INFO - MainThread - server_logic - [DEBUG] found replica for vector: 3
2025-11-18 17:24:10,851 - INFO - MainThread - server_logic - [DEBUG] found replica for vector: 4
2025-11-18 17:24:10,851 - INFO - MainThread - server_logic - [DEBUG] found replica for vector: 1
2025-11-18 17:24:10,851 - INFO - MainThread - server_logic - [DEBUG] found replica for vector: 2
2025-11-18 17:24:10,851 - INFO - MainThread - server_logic - [DEBUG] found replica for vector: 3
2025-11-18 17:24:10,851 - INFO - MainThread - server_logic - [DEBUG] found replica for vector: 4
2025-11-18 17:24:10,851 - INFO - MainThread - server_logic - [DEBUG] found replica for vector: 1
2025-11-18 17:24:10,851 - INFO - MainThread - server_logic - [DEBUG] found replica for vector: 2
2025-11-18 17:24:10,851 - INFO - MainThread - server_logic - [DEBUG] found replica for vector: 3
2025-11-18 17:24:10,851 - INFO - MainThread - server_logic - [DEBUG] found replica for vector: 4
2025-11-18 17:24:10,851 - INFO - MainThread - server_logic - [DEBUG] found replica for vector: 1
2025-11-18 17:24:10,851 - INFO - MainThread - server_logic - [DEBUG] found replica for vector: 2
2025-11-18 17:24:10,851 - INFO - MainThread - server_logic - [DEBUG] found replica for vector: 3
2025-11-18 17:24:10,851 - INFO - MainThread - server_logic - [DEBUG] to me replica for vector: 3
2025-11-18 17:24:10,851 - INFO - MainThread - server_logic - [DEBUG] found replica for vector: 1
2025-11-18 17:24:10,851 - INFO - MainThread - server_logic - [DEBUG] found replica for vector: 2
2025-11-18 17:24:10,851 - INFO - MainThread - server_logic - [DEBUG] found replica for vector: 3
2025-11-18 17:24:10,851 - INFO - MainThread - server_logic - [DEBUG] found replica for vector: 4
2025-11-18 17:24:10,852 - INFO - MainThread - server_logic - [DEBUG] found replica for vector: 1
2025-11-18 17:24:10,852 - INFO - MainThread - server_logic - [DEBUG] found replica for vector: 2
2025-11-18 17:24:10,852 - INFO - MainThread - server_logic - [DEBUG] found replica for vector: 3
2025-11-18 17:24:10,852 - INFO - MainThread - server_logic - [DEBUG] found replica for vector: 4
2025-11-18 17:24:10,852 - INFO - MainThread - server_logic - [DEBUG] found replica for vector: 1
2025-11-18 17:24:10,852 - INFO - MainThread - server_logic - [DEBUG] found replica for vector: 2
2025-11-18 17:24:10,852 - INFO - MainThread - server_logic - [DEBUG] found replica for vector: 3
2025-11-18 17:24:10,852 - INFO - MainThread - server_logic - [DEBUG] to me replica for vector: 3
2025-11-18 17:24:10,852 - INFO - MainThread - server_logic - [DEBUG] found replica for vector: 1
2025-11-18 17:24:10,852 - INFO - MainThread - server_logic - [DEBUG] found replica for vector: 2
2025-11-18 17:24:10,852 - INFO - MainThread - server_logic - [DEBUG] found replica for vector: 3
2025-11-18 17:24:10,852 - INFO - MainThread - server_logic - [DEBUG] found replica for vector: 4
2025-11-18 17:24:10,852 - INFO - MainThread - server_logic - [DEBUG] found replica for vector: 1
2025-11-18 17:24:10,852 - INFO - MainThread - server_logic - [DEBUG] found replica for vector: 2
2025-11-18 17:24:10,852 - INFO - MainThread - server_logic - [DEBUG] found replica for vector: 3
2025-11-18 17:24:10,852 - INFO - MainThread - server_logic - [DEBUG] to me replica for vector: 3
2025-11-18 17:24:10,852 - INFO - MainThread - server_logic - [DEBUG] found replica for vector: 1
2025-11-18 17:24:10,852 - INFO - MainThread - server_logic - [DEBUG] found replica for vector: 2
2025-11-18 17:24:10,852 - INFO - MainThread - server_logic - [DEBUG] found replica for vector: 3
2025-11-18 17:24:10,852 - INFO - MainThread - server_logic - [DEBUG] found replica for vector: 4
2025-11-18 17:24:10,852 - INFO - MainThread - server_logic - [DEBUG] found replica for vector: 1
2025-11-18 17:24:10,852 - INFO - MainThread - server_logic - [DEBUG] found replica for vector: 2
2025-11-18 17:24:10,852 - INFO - MainThread - server_logic - [DEBUG] found replica for vector: 3
2025-11-18 17:24:10,852 - INFO - MainThread - server_logic - [DEBUG] found replica for vector: 4
2025-11-18 17:24:10,852 - INFO - MainThread - server_logic - [DEBUG] found replica for vector: 1
2025-11-18 17:24:10,852 - INFO - MainThread - server_logic - [DEBUG] found replica for vector: 2
2025-11-18 17:24:10,852 - INFO - MainThread - server_logic - [DEBUG] found replica for vector: 3
2025-11-18 17:24:10,852 - INFO - MainThread - server_logic - [DEBUG] found replica for vector: 4
2025-11-18 17:24:10,852 - INFO - MainThread - server_logic - [DEBUG] found replica for vector: 1
2025-11-18 17:24:10,852 - INFO - MainThread - server_logic - [DEBUG] found replica for vector: 2
2025-11-18 17:24:10,852 - INFO - MainThread - server_logic - [DEBUG] found replica for vector: 3
2025-11-18 17:24:10,852 - INFO - MainThread - server_logic - [DEBUG] found replica for vector: 4
2025-11-18 17:24:10,852 - INFO - MainThread - server_logic - [DEBUG] found replica for vector: 1
2025-11-18 17:24:10,852 - INFO - MainThread - server_logic - [DEBUG] found replica for vector: 2
2025-11-18 17:24:10,852 - INFO - MainThread - server_logic - [DEBUG] found replica for vector: 3
2025-11-18 17:24:10,852 - INFO - MainThread - server_logic - [DEBUG] to me replica for vector: 3
2025-11-18 17:24:10,852 - INFO - MainThread - server_logic - [DEBUG] found replica for vector: 1
2025-11-18 17:24:10,852 - INFO - MainThread - server_logic - [DEBUG] found replica for vector: 2
2025-11-18 17:24:10,852 - INFO - MainThread - server_logic - [DEBUG] found replica for vector: 3
2025-11-18 17:24:10,852 - INFO - MainThread - server_logic - [DEBUG] found replica for vector: 4
2025-11-18 17:24:10,852 - INFO - MainThread - server_logic - [DEBUG] found replica for vector: 1
2025-11-18 17:24:10,852 - INFO - MainThread - server_logic - [DEBUG] found replica for vector: 2
2025-11-18 17:24:10,852 - INFO - MainThread - server_logic - [DEBUG] found replica for vector: 3
2025-11-18 17:24:10,852 - INFO - MainThread - server_logic - [DEBUG] to me replica for vector: 3
2025-11-18 17:24:10,852 - INFO - MainThread - server_logic - [DEBUG] found replica for vector: 1
2025-11-18 17:24:10,852 - INFO - MainThread - server_logic - [DEBUG] found replica for vector: 2
2025-11-18 17:24:10,852 - INFO - MainThread - server_logic - [DEBUG] found replica for vector: 3
2025-11-18 17:24:10,852 - INFO - MainThread - server_logic - [DEBUG] to me replica for vector: 3
2025-11-18 17:24:10,852 - INFO - MainThread - server_logic - [DEBUG] found replica for vector: 1
2025-11-18 17:24:10,852 - INFO - MainThread - server_logic - [DEBUG] found replica for vector: 2
2025-11-18 17:24:10,852 - INFO - MainThread - server_logic - [DEBUG] found replica for vector: 3
2025-11-18 17:24:10,852 - INFO - MainThread - server_logic - [DEBUG] found replica for vector: 4
2025-11-18 17:24:10,852 - INFO - MainThread - server_logic - [DEBUG] found replica for vector: 1
2025-11-18 17:24:10,852 - INFO - MainThread - server_logic - [DEBUG] found replica for vector: 2
2025-11-18 17:24:10,852 - INFO - MainThread - server_logic - [DEBUG] found replica for vector: 3
2025-11-18 17:24:10,852 - INFO - MainThread - server_logic - [DEBUG] to me replica for vector: 3
2025-11-18 17:24:10,852 - INFO - MainThread - server_logic - [DEBUG] found replica for vector: 1
2025-11-18 17:24:10,852 - INFO - MainThread - server_logic - [DEBUG] found replica for vector: 2
2025-11-18 17:24:10,852 - INFO - MainThread - server_logic - [DEBUG] found replica for vector: 3
2025-11-18 17:24:10,853 - INFO - MainThread - server_logic - [DEBUG] found replica for vector: 4
2025-11-18 17:24:10,853 - INFO - MainThread - server_logic - [DEBUG] found replica for vector: 1
2025-11-18 17:24:10,853 - INFO - MainThread - server_logic - [DEBUG] found replica for vector: 2
2025-11-18 17:24:10,853 - INFO - MainThread - server_logic - [DEBUG] found replica for vector: 3
2025-11-18 17:24:10,853 - INFO - MainThread - server_logic - [DEBUG] to me replica for vector: 3
2025-11-18 17:24:10,853 - INFO - MainThread - server_logic - [DEBUG] found replica for vector: 1
2025-11-18 17:24:10,853 - INFO - MainThread - server_logic - [DEBUG] found replica for vector: 2
2025-11-18 17:24:10,853 - INFO - MainThread - server_logic - [DEBUG] found replica for vector: 3
2025-11-18 17:24:10,853 - INFO - MainThread - server_logic - [DEBUG] found replica for vector: 4
2025-11-18 17:24:10,853 - INFO - MainThread - server_logic - [DEBUG] found replica for vector: 1
2025-11-18 17:24:10,853 - INFO - MainThread - server_logic - [DEBUG] found replica for vector: 2
2025-11-18 17:24:10,853 - INFO - MainThread - server_logic - [DEBUG] found replica for vector: 3
2025-11-18 17:24:10,853 - INFO - MainThread - server_logic - [DEBUG] found replica for vector: 4
2025-11-18 17:24:10,853 - INFO - MainThread - server_logic - [DEBUG] found replica for vector: 1
2025-11-18 17:24:10,853 - INFO - MainThread - server_logic - [DEBUG] found replica for vector: 2
2025-11-18 17:24:10,853 - INFO - MainThread - server_logic - [DEBUG] found replica for vector: 3
2025-11-18 17:24:10,853 - INFO - MainThread - server_logic - [DEBUG] found replica for vector: 4
2025-11-18 17:24:10,853 - INFO - MainThread - server_logic - [DEBUG] found replica for vector: 1
2025-11-18 17:24:10,853 - INFO - MainThread - server_logic - [DEBUG] found replica for vector: 2
2025-11-18 17:24:10,853 - INFO - MainThread - server_logic - [DEBUG] found replica for vector: 3
2025-11-18 17:24:10,853 - INFO - MainThread - server_logic - [DEBUG] found replica for vector: 4
2025-11-18 17:24:10,853 - INFO - MainThread - server_logic - [DEBUG] found replica for vector: 1
2025-11-18 17:24:10,853 - INFO - MainThread - server_logic - [DEBUG] found replica for vector: 2
2025-11-18 17:24:10,853 - INFO - MainThread - server_logic - [DEBUG] found replica for vector: 3
2025-11-18 17:24:10,853 - INFO - MainThread - server_logic - [DEBUG] found replica for vector: 4
2025-11-18 17:24:10,853 - INFO - MainThread - server_logic - [DEBUG] found replica for vector: 1
2025-11-18 17:24:10,853 - INFO - MainThread - server_logic - [DEBUG] found replica for vector: 2
2025-11-18 17:24:10,853 - INFO - MainThread - server_logic - [DEBUG] found replica for vector: 3
2025-11-18 17:24:10,853 - INFO - MainThread - server_logic - [DEBUG] found replica for vector: 4
2025-11-18 17:24:10,853 - INFO - MainThread - server_logic - [DEBUG] found replica for vector: 1
2025-11-18 17:24:10,853 - INFO - MainThread - server_logic - [DEBUG] found replica for vector: 2
2025-11-18 17:24:10,853 - INFO - MainThread - server_logic - [DEBUG] found replica for vector: 3
2025-11-18 17:24:10,853 - INFO - MainThread - server_logic - [DEBUG] found replica for vector: 4
2025-11-18 17:24:10,853 - INFO - MainThread - server_logic - [DEBUG] found replica for vector: 1
2025-11-18 17:24:10,853 - INFO - MainThread - server_logic - [DEBUG] found replica for vector: 2
2025-11-18 17:24:10,853 - INFO - MainThread - server_logic - [DEBUG] found replica for vector: 3
2025-11-18 17:24:10,853 - INFO - MainThread - server_logic - [DEBUG] to me replica for vector: 3
2025-11-18 17:24:10,853 - INFO - MainThread - server_logic - [DEBUG] found replica for vector: 1
2025-11-18 17:24:10,853 - INFO - MainThread - server_logic - [DEBUG] found replica for vector: 2
2025-11-18 17:24:10,853 - INFO - MainThread - server_logic - [DEBUG] found replica for vector: 3
2025-11-18 17:24:10,853 - INFO - MainThread - server_logic - [DEBUG] found replica for vector: 4
2025-11-18 17:24:10,853 - INFO - MainThread - server_logic - [DEBUG] found replica for vector: 1
2025-11-18 17:24:10,853 - INFO - MainThread - server_logic - [DEBUG] found replica for vector: 2
2025-11-18 17:24:10,853 - INFO - MainThread - server_logic - [DEBUG] found replica for vector: 3
2025-11-18 17:24:10,853 - INFO - MainThread - server_logic - [DEBUG] found replica for vector: 4
2025-11-18 17:24:10,853 - INFO - MainThread - server_logic - [DEBUG] found replica for vector: 1
2025-11-18 17:24:10,853 - INFO - MainThread - server_logic - [DEBUG] found replica for vector: 2
2025-11-18 17:24:10,853 - INFO - MainThread - server_logic - [DEBUG] found replica for vector: 3
2025-11-18 17:24:10,853 - INFO - MainThread - server_logic - [DEBUG] found replica for vector: 4
2025-11-18 17:24:10,853 - INFO - MainThread - server_logic - [DEBUG] found replica for vector: 1
2025-11-18 17:24:10,853 - INFO - MainThread - server_logic - [DEBUG] found replica for vector: 2
2025-11-18 17:24:10,853 - INFO - MainThread - server_logic - [DEBUG] found replica for vector: 3
2025-11-18 17:24:10,853 - INFO - MainThread - server_logic - [DEBUG] to me replica for vector: 3
2025-11-18 17:24:10,853 - INFO - MainThread - server_logic - [DEBUG] found replica for vector: 1
2025-11-18 17:24:10,853 - INFO - MainThread - server_logic - [DEBUG] found replica for vector: 2
2025-11-18 17:24:10,853 - INFO - MainThread - server_logic - [DEBUG] found replica for vector: 3
2025-11-18 17:24:10,853 - INFO - MainThread - server_logic - [DEBUG] found replica for vector: 4
2025-11-18 17:24:10,853 - INFO - MainThread - server_logic - [DEBUG] found replica for vector: 1
2025-11-18 17:24:10,854 - INFO - MainThread - server_logic - [DEBUG] found replica for vector: 2
2025-11-18 17:24:10,854 - INFO - MainThread - server_logic - [DEBUG] found replica for vector: 3
2025-11-18 17:24:10,854 - INFO - MainThread - server_logic - [DEBUG] found replica for vector: 4
2025-11-18 17:24:10,854 - INFO - MainThread - server_logic - [DEBUG] found replica for vector: 1
2025-11-18 17:24:10,854 - INFO - MainThread - server_logic - [DEBUG] found replica for vector: 2
2025-11-18 17:24:10,854 - INFO - MainThread - server_logic - [DEBUG] found replica for vector: 3
2025-11-18 17:24:10,854 - INFO - MainThread - server_logic - [DEBUG] found replica for vector: 4
2025-11-18 17:24:10,854 - INFO - MainThread - server_logic - [DEBUG] found replica for vector: 1
2025-11-18 17:24:10,854 - INFO - MainThread - server_logic - [DEBUG] found replica for vector: 2
2025-11-18 17:24:10,854 - INFO - MainThread - server_logic - [DEBUG] found replica for vector: 3
2025-11-18 17:24:10,854 - INFO - MainThread - server_logic - [DEBUG] found replica for vector: 4
2025-11-18 17:24:10,854 - INFO - MainThread - server_logic - [DEBUG] found replica for vector: 1
2025-11-18 17:24:10,854 - INFO - MainThread - server_logic - [DEBUG] found replica for vector: 2
2025-11-18 17:24:10,854 - INFO - MainThread - server_logic - [DEBUG] found replica for vector: 3
2025-11-18 17:24:10,854 - INFO - MainThread - server_logic - [DEBUG] to me replica for vector: 3
2025-11-18 17:24:10,854 - INFO - MainThread - server_logic - [DEBUG] found replica for vector: 1
2025-11-18 17:24:10,854 - INFO - MainThread - server_logic - [DEBUG] found replica for vector: 2
2025-11-18 17:24:10,854 - INFO - MainThread - server_logic - [DEBUG] found replica for vector: 3
2025-11-18 17:24:10,854 - INFO - MainThread - server_logic - [DEBUG] to me replica for vector: 3
2025-11-18 17:24:10,854 - INFO - MainThread - server_logic - [DEBUG] found replica for vector: 1
2025-11-18 17:24:10,854 - INFO - MainThread - server_logic - [DEBUG] found replica for vector: 2
2025-11-18 17:24:10,854 - INFO - MainThread - server_logic - [DEBUG] found replica for vector: 3
2025-11-18 17:24:10,854 - INFO - MainThread - server_logic - [DEBUG] to me replica for vector: 3
2025-11-18 17:24:10,854 - INFO - MainThread - server_logic - [DEBUG] found replica for vector: 1
2025-11-18 17:24:10,854 - INFO - MainThread - server_logic - [DEBUG] found replica for vector: 2
2025-11-18 17:24:10,854 - INFO - MainThread - server_logic - [DEBUG] found replica for vector: 3
2025-11-18 17:24:10,854 - INFO - MainThread - server_logic - [DEBUG] found replica for vector: 4
2025-11-18 17:24:10,854 - INFO - MainThread - server_logic - [DEBUG] found replica for vector: 1
2025-11-18 17:24:10,854 - INFO - MainThread - server_logic - [DEBUG] found replica for vector: 2
2025-11-18 17:24:10,854 - INFO - MainThread - server_logic - [DEBUG] found replica for vector: 3
2025-11-18 17:24:10,854 - INFO - MainThread - server_logic - [DEBUG] to me replica for vector: 3
2025-11-18 17:24:10,854 - INFO - MainThread - server_logic - [DEBUG] found replica for vector: 1
2025-11-18 17:24:10,854 - INFO - MainThread - server_logic - [DEBUG] found replica for vector: 2
2025-11-18 17:24:10,854 - INFO - MainThread - server_logic - [DEBUG] found replica for vector: 3
2025-11-18 17:24:10,854 - INFO - MainThread - server_logic - [DEBUG] found replica for vector: 4
2025-11-18 17:24:10,854 - INFO - MainThread - server_logic - [DEBUG] found replica for vector: 1
2025-11-18 17:24:10,854 - INFO - MainThread - server_logic - [DEBUG] found replica for vector: 2
2025-11-18 17:24:10,854 - INFO - MainThread - server_logic - [DEBUG] found replica for vector: 3
2025-11-18 17:24:10,854 - INFO - MainThread - server_logic - [DEBUG] found replica for vector: 4
2025-11-18 17:24:10,854 - INFO - MainThread - server_logic - [DEBUG] found replica for vector: 1
2025-11-18 17:24:10,854 - INFO - MainThread - server_logic - [DEBUG] found replica for vector: 2
2025-11-18 17:24:10,854 - INFO - MainThread - server_logic - [DEBUG] found replica for vector: 3
2025-11-18 17:24:10,854 - INFO - MainThread - server_logic - [DEBUG] found replica for vector: 4
2025-11-18 17:24:10,854 - INFO - MainThread - server_logic - [DEBUG] found replica for vector: 1
2025-11-18 17:24:10,854 - INFO - MainThread - server_logic - [DEBUG] found replica for vector: 2
2025-11-18 17:24:10,854 - INFO - MainThread - server_logic - [DEBUG] found replica for vector: 3
2025-11-18 17:24:10,854 - INFO - MainThread - server_logic - [DEBUG] to me replica for vector: 3
2025-11-18 17:24:10,854 - INFO - MainThread - server_logic - [DEBUG] found replica for vector: 1
2025-11-18 17:24:10,854 - INFO - MainThread - server_logic - [DEBUG] found replica for vector: 2
2025-11-18 17:24:10,854 - INFO - MainThread - server_logic - [DEBUG] found replica for vector: 3
2025-11-18 17:24:10,854 - INFO - MainThread - server_logic - [DEBUG] to me replica for vector: 3
2025-11-18 17:24:10,854 - INFO - MainThread - server_logic - [DEBUG] found replica for vector: 1
2025-11-18 17:24:10,854 - INFO - MainThread - server_logic - [DEBUG] found replica for vector: 2
2025-11-18 17:24:10,854 - INFO - MainThread - server_logic - [DEBUG] found replica for vector: 3
2025-11-18 17:24:10,854 - INFO - MainThread - server_logic - [DEBUG] found replica for vector: 4
2025-11-18 17:24:10,854 - INFO - MainThread - server_logic - [DEBUG] found replica for vector: 1
2025-11-18 17:24:10,854 - INFO - MainThread - server_logic - [DEBUG] found replica for vector: 2
2025-11-18 17:24:10,854 - INFO - MainThread - server_logic - [DEBUG] found replica for vector: 3
2025-11-18 17:24:10,854 - INFO - MainThread - server_logic - [DEBUG] found replica for vector: 4
2025-11-18 17:24:10,855 - INFO - MainThread - server_logic - [DEBUG] found replica for vector: 1
2025-11-18 17:24:10,855 - INFO - MainThread - server_logic - [DEBUG] found replica for vector: 2
2025-11-18 17:24:10,855 - INFO - MainThread - server_logic - [DEBUG] found replica for vector: 3
2025-11-18 17:24:10,855 - INFO - MainThread - server_logic - [DEBUG] found replica for vector: 4
2025-11-18 17:24:10,855 - INFO - MainThread - server_logic - [DEBUG] found replica for vector: 1
2025-11-18 17:24:10,855 - INFO - MainThread - server_logic - [DEBUG] found replica for vector: 2
2025-11-18 17:24:10,855 - INFO - MainThread - server_logic - [DEBUG] found replica for vector: 3
2025-11-18 17:24:10,855 - INFO - MainThread - server_logic - [DEBUG] found replica for vector: 4
2025-11-18 17:24:10,855 - INFO - MainThread - server_logic - [DEBUG] found replica for vector: 1
2025-11-18 17:24:10,855 - INFO - MainThread - server_logic - [DEBUG] found replica for vector: 2
2025-11-18 17:24:10,855 - INFO - MainThread - server_logic - [DEBUG] found replica for vector: 3
2025-11-18 17:24:10,855 - INFO - MainThread - server_logic - [DEBUG] found replica for vector: 4
2025-11-18 17:24:10,855 - INFO - MainThread - server_logic - [DEBUG] found replica for vector: 1
2025-11-18 17:24:10,855 - INFO - MainThread - server_logic - [DEBUG] found replica for vector: 2
2025-11-18 17:24:10,855 - INFO - MainThread - server_logic - [DEBUG] found replica for vector: 3
2025-11-18 17:24:10,855 - INFO - MainThread - server_logic - [DEBUG] to me replica for vector: 3
2025-11-18 17:24:10,855 - INFO - MainThread - server_logic - [DEBUG] found replica for vector: 1
2025-11-18 17:24:10,855 - INFO - MainThread - server_logic - [DEBUG] found replica for vector: 2
2025-11-18 17:24:10,855 - INFO - MainThread - server_logic - [DEBUG] found replica for vector: 3
2025-11-18 17:24:10,855 - INFO - MainThread - server_logic - [DEBUG] found replica for vector: 4
2025-11-18 17:24:10,855 - INFO - MainThread - server_logic - [DEBUG] found replica for vector: 1
2025-11-18 17:24:10,855 - INFO - MainThread - server_logic - [DEBUG] found replica for vector: 2
2025-11-18 17:24:10,855 - INFO - MainThread - server_logic - [DEBUG] found replica for vector: 3
2025-11-18 17:24:10,855 - INFO - MainThread - server_logic - [DEBUG] to me replica for vector: 3
2025-11-18 17:24:10,855 - INFO - MainThread - server_logic - [DEBUG] found replica for vector: 1
2025-11-18 17:24:10,855 - INFO - MainThread - server_logic - [DEBUG] found replica for vector: 2
2025-11-18 17:24:10,855 - INFO - MainThread - server_logic - [DEBUG] found replica for vector: 3
2025-11-18 17:24:10,855 - INFO - MainThread - server_logic - [DEBUG] to me replica for vector: 3
2025-11-18 17:24:10,855 - INFO - MainThread - server_logic - [DEBUG] found replica for vector: 1
2025-11-18 17:24:10,855 - INFO - MainThread - server_logic - [DEBUG] found replica for vector: 2
2025-11-18 17:24:10,855 - INFO - MainThread - server_logic - [DEBUG] found replica for vector: 3
2025-11-18 17:24:10,855 - INFO - MainThread - server_logic - [DEBUG] found replica for vector: 4
2025-11-18 17:24:10,855 - INFO - MainThread - server_logic - [DEBUG] found replica for vector: 1
2025-11-18 17:24:10,855 - INFO - MainThread - server_logic - [DEBUG] found replica for vector: 2
2025-11-18 17:24:10,855 - INFO - MainThread - server_logic - [DEBUG] found replica for vector: 3
2025-11-18 17:24:10,855 - INFO - MainThread - server_logic - [DEBUG] found replica for vector: 4
2025-11-18 17:24:10,855 - INFO - MainThread - server_logic - [DEBUG] found replica for vector: 1
2025-11-18 17:24:10,855 - INFO - MainThread - server_logic - [DEBUG] found replica for vector: 2
2025-11-18 17:24:10,855 - INFO - MainThread - server_logic - [DEBUG] found replica for vector: 3
2025-11-18 17:24:10,855 - INFO - MainThread - server_logic - [DEBUG] found replica for vector: 4
2025-11-18 17:24:10,855 - INFO - MainThread - server_logic - [DEBUG] found replica for vector: 1
2025-11-18 17:24:10,855 - INFO - MainThread - server_logic - [DEBUG] found replica for vector: 2
2025-11-18 17:24:10,855 - INFO - MainThread - server_logic - [DEBUG] found replica for vector: 3
2025-11-18 17:24:10,855 - INFO - MainThread - server_logic - [DEBUG] found replica for vector: 4
2025-11-18 17:24:10,855 - INFO - MainThread - server_logic - [DEBUG] found replica for vector: 1
2025-11-18 17:24:10,855 - INFO - MainThread - server_logic - [DEBUG] found replica for vector: 2
2025-11-18 17:24:10,855 - INFO - MainThread - server_logic - [DEBUG] found replica for vector: 3
2025-11-18 17:24:10,855 - INFO - MainThread - server_logic - [DEBUG] to me replica for vector: 3
2025-11-18 17:24:10,855 - INFO - MainThread - server_logic - [DEBUG] found replica for vector: 1
2025-11-18 17:24:10,855 - INFO - MainThread - server_logic - [DEBUG] found replica for vector: 2
2025-11-18 17:24:10,855 - INFO - MainThread - server_logic - [DEBUG] found replica for vector: 3
2025-11-18 17:24:10,855 - INFO - MainThread - server_logic - [DEBUG] found replica for vector: 4
2025-11-18 17:24:10,855 - INFO - MainThread - server_logic - [DEBUG] found replica for vector: 1
2025-11-18 17:24:10,855 - INFO - MainThread - server_logic - [DEBUG] found replica for vector: 2
2025-11-18 17:24:10,855 - INFO - MainThread - server_logic - [DEBUG] found replica for vector: 3
2025-11-18 17:24:10,855 - INFO - MainThread - server_logic - [DEBUG] to me replica for vector: 3
2025-11-18 17:24:10,855 - INFO - MainThread - server_logic - [DEBUG] found replica for vector: 1
2025-11-18 17:24:10,855 - INFO - MainThread - server_logic - [DEBUG] found replica for vector: 2
2025-11-18 17:24:10,855 - INFO - MainThread - server_logic - [DEBUG] found replica for vector: 3
2025-11-18 17:24:10,856 - INFO - MainThread - server_logic - [DEBUG] found replica for vector: 4
2025-11-18 17:24:10,856 - INFO - MainThread - server_logic - [DEBUG] found replica for vector: 1
2025-11-18 17:24:10,856 - INFO - MainThread - server_logic - [DEBUG] found replica for vector: 2
2025-11-18 17:24:10,856 - INFO - MainThread - server_logic - [DEBUG] found replica for vector: 3
2025-11-18 17:24:10,856 - INFO - MainThread - server_logic - [DEBUG] found replica for vector: 4
2025-11-18 17:24:10,856 - INFO - MainThread - server_logic - [DEBUG] found replica for vector: 1
2025-11-18 17:24:10,856 - INFO - MainThread - server_logic - [DEBUG] found replica for vector: 2
2025-11-18 17:24:10,856 - INFO - MainThread - server_logic - [DEBUG] found replica for vector: 3
2025-11-18 17:24:10,856 - INFO - MainThread - server_logic - [DEBUG] found replica for vector: 4
2025-11-18 17:24:10,856 - INFO - MainThread - server_logic - [DEBUG] found replica for vector: 1
2025-11-18 17:24:10,856 - INFO - MainThread - server_logic - [DEBUG] found replica for vector: 2
2025-11-18 17:24:10,856 - INFO - MainThread - server_logic - [DEBUG] found replica for vector: 3
2025-11-18 17:24:10,856 - INFO - MainThread - server_logic - [DEBUG] found replica for vector: 4
2025-11-18 17:24:10,856 - INFO - MainThread - server_logic - [DEBUG] found replica for vector: 1
2025-11-18 17:24:10,856 - INFO - MainThread - server_logic - [DEBUG] found replica for vector: 2
2025-11-18 17:24:10,856 - INFO - MainThread - server_logic - [DEBUG] found replica for vector: 3
2025-11-18 17:24:10,856 - INFO - MainThread - server_logic - [DEBUG] found replica for vector: 4
2025-11-18 17:24:10,856 - INFO - MainThread - server_logic - [DEBUG] found replica for vector: 1
2025-11-18 17:24:10,856 - INFO - MainThread - server_logic - [DEBUG] found replica for vector: 2
2025-11-18 17:24:10,856 - INFO - MainThread - server_logic - [DEBUG] found replica for vector: 3
2025-11-18 17:24:10,856 - INFO - MainThread - server_logic - [DEBUG] found replica for vector: 4
2025-11-18 17:24:10,856 - INFO - MainThread - server_logic - [DEBUG] found replica for vector: 1
2025-11-18 17:24:10,856 - INFO - MainThread - server_logic - [DEBUG] found replica for vector: 2
2025-11-18 17:24:10,856 - INFO - MainThread - server_logic - [DEBUG] found replica for vector: 3
2025-11-18 17:24:10,856 - INFO - MainThread - server_logic - [DEBUG] found replica for vector: 4
2025-11-18 17:24:10,856 - INFO - MainThread - server_logic - [DEBUG] found replica for vector: 1
2025-11-18 17:24:10,856 - INFO - MainThread - server_logic - [DEBUG] found replica for vector: 2
2025-11-18 17:24:10,856 - INFO - MainThread - server_logic - [DEBUG] found replica for vector: 3
2025-11-18 17:24:10,856 - INFO - MainThread - server_logic - [DEBUG] found replica for vector: 4
2025-11-18 17:24:10,856 - INFO - MainThread - server_logic - [DEBUG] found replica for vector: 1
2025-11-18 17:24:10,856 - INFO - MainThread - server_logic - [DEBUG] found replica for vector: 2
2025-11-18 17:24:10,856 - INFO - MainThread - server_logic - [DEBUG] found replica for vector: 3
2025-11-18 17:24:10,856 - INFO - MainThread - server_logic - [DEBUG] found replica for vector: 4
2025-11-18 17:24:10,856 - INFO - MainThread - server_logic - [DEBUG] found replica for vector: 1
2025-11-18 17:24:10,856 - INFO - MainThread - server_logic - [DEBUG] found replica for vector: 2
2025-11-18 17:24:10,856 - INFO - MainThread - server_logic - [DEBUG] found replica for vector: 3
2025-11-18 17:24:10,856 - INFO - MainThread - server_logic - [DEBUG] to me replica for vector: 3
2025-11-18 17:24:10,856 - INFO - MainThread - server_logic - [DEBUG] found replica for vector: 1
2025-11-18 17:24:10,856 - INFO - MainThread - server_logic - [DEBUG] found replica for vector: 2
2025-11-18 17:24:10,856 - INFO - MainThread - server_logic - [DEBUG] found replica for vector: 3
2025-11-18 17:24:10,856 - INFO - MainThread - server_logic - [DEBUG] found replica for vector: 4
2025-11-18 17:24:10,856 - INFO - MainThread - server_logic - [DEBUG] found replica for vector: 1
2025-11-18 17:24:10,856 - INFO - MainThread - server_logic - [DEBUG] found replica for vector: 2
2025-11-18 17:24:10,856 - INFO - MainThread - server_logic - [DEBUG] found replica for vector: 3
2025-11-18 17:24:10,856 - INFO - MainThread - server_logic - [DEBUG] to me replica for vector: 3
2025-11-18 17:24:10,856 - INFO - MainThread - server_logic - [DEBUG] found replica for vector: 1
2025-11-18 17:24:10,856 - INFO - MainThread - server_logic - [DEBUG] found replica for vector: 2
2025-11-18 17:24:10,856 - INFO - MainThread - server_logic - [DEBUG] found replica for vector: 3
2025-11-18 17:24:10,856 - INFO - MainThread - server_logic - [DEBUG] found replica for vector: 4
2025-11-18 17:24:10,856 - INFO - MainThread - server_logic - [DEBUG] found replica for vector: 1
2025-11-18 17:24:10,856 - INFO - MainThread - server_logic - [DEBUG] found replica for vector: 2
2025-11-18 17:24:10,856 - INFO - MainThread - server_logic - [DEBUG] found replica for vector: 3
2025-11-18 17:24:10,856 - INFO - MainThread - server_logic - [DEBUG] found replica for vector: 4
2025-11-18 17:24:10,856 - INFO - MainThread - server_logic - [DEBUG] found replica for vector: 1
2025-11-18 17:24:10,856 - INFO - MainThread - server_logic - [DEBUG] found replica for vector: 2
2025-11-18 17:24:10,856 - INFO - MainThread - server_logic - [DEBUG] found replica for vector: 3
2025-11-18 17:24:10,856 - INFO - MainThread - server_logic - [DEBUG] to me replica for vector: 3
2025-11-18 17:24:10,856 - INFO - MainThread - server_logic - [DEBUG] found replica for vector: 1
2025-11-18 17:24:10,857 - INFO - MainThread - server_logic - [DEBUG] found replica for vector: 2
2025-11-18 17:24:10,857 - INFO - MainThread - server_logic - [DEBUG] found replica for vector: 3
2025-11-18 17:24:10,857 - INFO - MainThread - server_logic - [DEBUG] to me replica for vector: 3
2025-11-18 17:24:10,857 - INFO - MainThread - server_logic - [DEBUG] found replica for vector: 1
2025-11-18 17:24:10,857 - INFO - MainThread - server_logic - [DEBUG] found replica for vector: 2
2025-11-18 17:24:10,857 - INFO - MainThread - server_logic - [DEBUG] found replica for vector: 3
2025-11-18 17:24:10,857 - INFO - MainThread - server_logic - [DEBUG] found replica for vector: 4
2025-11-18 17:24:10,857 - INFO - MainThread - server_logic - [DEBUG] found replica for vector: 1
2025-11-18 17:24:10,857 - INFO - MainThread - server_logic - [DEBUG] found replica for vector: 2
2025-11-18 17:24:10,857 - INFO - MainThread - server_logic - [DEBUG] found replica for vector: 3
2025-11-18 17:24:10,857 - INFO - MainThread - server_logic - [DEBUG] found replica for vector: 4
2025-11-18 17:24:10,857 - INFO - MainThread - server_logic - [DEBUG] found replica for vector: 1
2025-11-18 17:24:10,857 - INFO - MainThread - server_logic - [DEBUG] found replica for vector: 2
2025-11-18 17:24:10,857 - INFO - MainThread - server_logic - [DEBUG] found replica for vector: 3
2025-11-18 17:24:10,857 - INFO - MainThread - server_logic - [DEBUG] found replica for vector: 4
2025-11-18 17:24:10,857 - INFO - MainThread - server_logic - [DEBUG] found replica for vector: 1
2025-11-18 17:24:10,857 - INFO - MainThread - server_logic - [DEBUG] found replica for vector: 2
2025-11-18 17:24:10,857 - INFO - MainThread - server_logic - [DEBUG] found replica for vector: 3
2025-11-18 17:24:10,857 - INFO - MainThread - server_logic - [DEBUG] found replica for vector: 4
2025-11-18 17:24:10,857 - INFO - MainThread - server_logic - [DEBUG] found replica for vector: 1
2025-11-18 17:24:10,857 - INFO - MainThread - server_logic - [DEBUG] found replica for vector: 2
2025-11-18 17:24:10,857 - INFO - MainThread - server_logic - [DEBUG] found replica for vector: 3
2025-11-18 17:24:10,857 - INFO - MainThread - server_logic - [DEBUG] found replica for vector: 4
2025-11-18 17:24:10,857 - INFO - MainThread - server_logic - [DEBUG] found replica for vector: 1
2025-11-18 17:24:10,857 - INFO - MainThread - server_logic - [DEBUG] found replica for vector: 2
2025-11-18 17:24:10,857 - INFO - MainThread - server_logic - [DEBUG] found replica for vector: 3
2025-11-18 17:24:10,857 - INFO - MainThread - server_logic - [DEBUG] found replica for vector: 4
2025-11-18 17:24:10,857 - INFO - MainThread - server_logic - [DEBUG] found replica for vector: 1
2025-11-18 17:24:10,857 - INFO - MainThread - server_logic - [DEBUG] found replica for vector: 2
2025-11-18 17:24:10,857 - INFO - MainThread - server_logic - [DEBUG] found replica for vector: 3
2025-11-18 17:24:10,857 - INFO - MainThread - server_logic - [DEBUG] found replica for vector: 4
2025-11-18 17:24:10,857 - INFO - MainThread - server_logic - [DEBUG] found replica for vector: 1
2025-11-18 17:24:10,857 - INFO - MainThread - server_logic - [DEBUG] found replica for vector: 2
2025-11-18 17:24:10,857 - INFO - MainThread - server_logic - [DEBUG] found replica for vector: 3
2025-11-18 17:24:10,857 - INFO - MainThread - server_logic - [DEBUG] found replica for vector: 4
2025-11-18 17:24:10,857 - INFO - MainThread - server_logic - [DEBUG] found replica for vector: 1
2025-11-18 17:24:10,857 - INFO - MainThread - server_logic - [DEBUG] found replica for vector: 2
2025-11-18 17:24:10,857 - INFO - MainThread - server_logic - [DEBUG] found replica for vector: 3
2025-11-18 17:24:10,857 - INFO - MainThread - server_logic - [DEBUG] found replica for vector: 4
2025-11-18 17:24:10,857 - INFO - MainThread - server_logic - [DEBUG] found replica for vector: 1
2025-11-18 17:24:10,857 - INFO - MainThread - server_logic - [DEBUG] found replica for vector: 2
2025-11-18 17:24:10,857 - INFO - MainThread - server_logic - [DEBUG] found replica for vector: 3
2025-11-18 17:24:10,857 - INFO - MainThread - server_logic - [DEBUG] found replica for vector: 4
2025-11-18 17:24:10,857 - INFO - MainThread - server_logic - [DEBUG] found replica for vector: 1
2025-11-18 17:24:10,857 - INFO - MainThread - server_logic - [DEBUG] found replica for vector: 2
2025-11-18 17:24:10,857 - INFO - MainThread - server_logic - [DEBUG] found replica for vector: 3
2025-11-18 17:24:10,857 - INFO - MainThread - server_logic - [DEBUG] found replica for vector: 4
2025-11-18 17:24:10,857 - INFO - MainThread - server_logic - [DEBUG] found replica for vector: 1
2025-11-18 17:24:10,857 - INFO - MainThread - server_logic - [DEBUG] found replica for vector: 2
2025-11-18 17:24:10,857 - INFO - MainThread - server_logic - [DEBUG] found replica for vector: 3
2025-11-18 17:24:10,857 - INFO - MainThread - server_logic - [DEBUG] found replica for vector: 4
2025-11-18 17:24:10,857 - INFO - MainThread - server_logic - [DEBUG] found replica for vector: 1
2025-11-18 17:24:10,857 - INFO - MainThread - server_logic - [DEBUG] found replica for vector: 2
2025-11-18 17:24:10,857 - INFO - MainThread - server_logic - [DEBUG] found replica for vector: 3
2025-11-18 17:24:10,857 - INFO - MainThread - server_logic - [DEBUG] found replica for vector: 4
2025-11-18 17:24:10,857 - INFO - MainThread - server_logic - [DEBUG] found replica for vector: 1
2025-11-18 17:24:10,857 - INFO - MainThread - server_logic - [DEBUG] found replica for vector: 2
2025-11-18 17:24:10,857 - INFO - MainThread - server_logic - [DEBUG] found replica for vector: 3
2025-11-18 17:24:10,857 - INFO - MainThread - server_logic - [DEBUG] found replica for vector: 4
2025-11-18 17:24:10,858 - INFO - MainThread - server_logic - [DEBUG] found replica for vector: 1
2025-11-18 17:24:10,858 - INFO - MainThread - server_logic - [DEBUG] found replica for vector: 2
2025-11-18 17:24:10,858 - INFO - MainThread - server_logic - [DEBUG] found replica for vector: 3
2025-11-18 17:24:10,858 - INFO - MainThread - server_logic - [DEBUG] found replica for vector: 4
2025-11-18 17:24:10,858 - INFO - MainThread - server_logic - [DEBUG] found replica for vector: 1
2025-11-18 17:24:10,858 - INFO - MainThread - server_logic - [DEBUG] found replica for vector: 2
2025-11-18 17:24:10,858 - INFO - MainThread - server_logic - [DEBUG] found replica for vector: 3
2025-11-18 17:24:10,858 - INFO - MainThread - server_logic - [DEBUG] found replica for vector: 4
2025-11-18 17:24:10,858 - INFO - MainThread - server_logic - [DEBUG] found replica for vector: 1
2025-11-18 17:24:10,858 - INFO - MainThread - server_logic - [DEBUG] found replica for vector: 2
2025-11-18 17:24:10,858 - INFO - MainThread - server_logic - [DEBUG] found replica for vector: 3
2025-11-18 17:24:10,858 - INFO - MainThread - server_logic - [DEBUG] found replica for vector: 4
2025-11-18 17:24:10,858 - INFO - MainThread - server_logic - [DEBUG] found replica for vector: 1
2025-11-18 17:24:10,858 - INFO - MainThread - server_logic - [DEBUG] found replica for vector: 2
2025-11-18 17:24:10,858 - INFO - MainThread - server_logic - [DEBUG] found replica for vector: 3
2025-11-18 17:24:10,858 - INFO - MainThread - server_logic - [DEBUG] to me replica for vector: 3
2025-11-18 17:24:10,858 - INFO - MainThread - server_logic - [DEBUG] found replica for vector: 1
2025-11-18 17:24:10,858 - INFO - MainThread - server_logic - [DEBUG] found replica for vector: 2
2025-11-18 17:24:10,858 - INFO - MainThread - server_logic - [DEBUG] found replica for vector: 3
2025-11-18 17:24:10,858 - INFO - MainThread - server_logic - [DEBUG] to me replica for vector: 3
2025-11-18 17:24:10,858 - INFO - MainThread - server_logic - [DEBUG] found replica for vector: 1
2025-11-18 17:24:10,858 - INFO - MainThread - server_logic - [DEBUG] found replica for vector: 2
2025-11-18 17:24:10,858 - INFO - MainThread - server_logic - [DEBUG] found replica for vector: 3
2025-11-18 17:24:10,858 - INFO - MainThread - server_logic - [DEBUG] to me replica for vector: 3
2025-11-18 17:24:10,858 - INFO - MainThread - server_logic - [DEBUG] found replica for vector: 1
2025-11-18 17:24:10,858 - INFO - MainThread - server_logic - [DEBUG] found replica for vector: 2
2025-11-18 17:24:10,858 - INFO - MainThread - server_logic - [DEBUG] found replica for vector: 3
2025-11-18 17:24:10,858 - INFO - MainThread - server_logic - [DEBUG] found replica for vector: 4
2025-11-18 17:24:10,858 - INFO - MainThread - server_logic - [DEBUG] found replica for vector: 1
2025-11-18 17:24:10,858 - INFO - MainThread - server_logic - [DEBUG] found replica for vector: 2
2025-11-18 17:24:10,858 - INFO - MainThread - server_logic - [DEBUG] found replica for vector: 3
2025-11-18 17:24:10,858 - INFO - MainThread - server_logic - [DEBUG] found replica for vector: 4
2025-11-18 17:24:10,858 - INFO - MainThread - server_logic - [DEBUG] found replica for vector: 1
2025-11-18 17:24:10,858 - INFO - MainThread - server_logic - [DEBUG] found replica for vector: 2
2025-11-18 17:24:10,858 - INFO - MainThread - server_logic - [DEBUG] found replica for vector: 3
2025-11-18 17:24:10,858 - INFO - MainThread - server_logic - [DEBUG] found replica for vector: 4
2025-11-18 17:24:10,858 - INFO - MainThread - server_logic - [DEBUG] found replica for vector: 1
2025-11-18 17:24:10,858 - INFO - MainThread - server_logic - [DEBUG] found replica for vector: 2
2025-11-18 17:24:10,858 - INFO - MainThread - server_logic - [DEBUG] found replica for vector: 3
2025-11-18 17:24:10,858 - INFO - MainThread - server_logic - [DEBUG] to me replica for vector: 3
2025-11-18 17:24:10,858 - INFO - MainThread - server_logic - [DEBUG] found replica for vector: 1
2025-11-18 17:24:10,858 - INFO - MainThread - server_logic - [DEBUG] found replica for vector: 2
2025-11-18 17:24:10,858 - INFO - MainThread - server_logic - [DEBUG] found replica for vector: 3
2025-11-18 17:24:10,858 - INFO - MainThread - server_logic - [DEBUG] found replica for vector: 4
2025-11-18 17:24:10,858 - INFO - MainThread - server_logic - [DEBUG] found replica for vector: 1
2025-11-18 17:24:10,858 - INFO - MainThread - server_logic - [DEBUG] found replica for vector: 2
2025-11-18 17:24:10,858 - INFO - MainThread - server_logic - [DEBUG] found replica for vector: 3
2025-11-18 17:24:10,858 - INFO - MainThread - server_logic - [DEBUG] found replica for vector: 4
2025-11-18 17:24:10,858 - INFO - MainThread - server_logic - [DEBUG] found replica for vector: 1
2025-11-18 17:24:10,858 - INFO - MainThread - server_logic - [DEBUG] found replica for vector: 2
2025-11-18 17:24:10,858 - INFO - MainThread - server_logic - [DEBUG] found replica for vector: 3
2025-11-18 17:24:10,858 - INFO - MainThread - server_logic - [DEBUG] to me replica for vector: 3
2025-11-18 17:24:10,858 - INFO - MainThread - server_logic - [DEBUG] found replica for vector: 1
2025-11-18 17:24:10,858 - INFO - MainThread - server_logic - [DEBUG] found replica for vector: 2
2025-11-18 17:24:10,858 - INFO - MainThread - server_logic - [DEBUG] found replica for vector: 3
2025-11-18 17:24:10,858 - INFO - MainThread - server_logic - [DEBUG] found replica for vector: 4
2025-11-18 17:24:10,858 - INFO - MainThread - server_logic - [DEBUG] found replica for vector: 1
2025-11-18 17:24:10,858 - INFO - MainThread - server_logic - [DEBUG] found replica for vector: 2
2025-11-18 17:24:10,859 - INFO - MainThread - server_logic - [DEBUG] found replica for vector: 3
2025-11-18 17:24:10,859 - INFO - MainThread - server_logic - [DEBUG] found replica for vector: 4
2025-11-18 17:24:10,859 - INFO - MainThread - server_logic - [DEBUG] found replica for vector: 1
2025-11-18 17:24:10,859 - INFO - MainThread - server_logic - [DEBUG] found replica for vector: 2
2025-11-18 17:24:10,859 - INFO - MainThread - server_logic - [DEBUG] found replica for vector: 3
2025-11-18 17:24:10,859 - INFO - MainThread - server_logic - [DEBUG] found replica for vector: 4
2025-11-18 17:24:10,859 - INFO - MainThread - server_logic - [DEBUG] found replica for vector: 1
2025-11-18 17:24:10,859 - INFO - MainThread - server_logic - [DEBUG] found replica for vector: 2
2025-11-18 17:24:10,859 - INFO - MainThread - server_logic - [DEBUG] found replica for vector: 3
2025-11-18 17:24:10,859 - INFO - MainThread - server_logic - [DEBUG] found replica for vector: 4
2025-11-18 17:24:10,859 - INFO - MainThread - server_logic - [DEBUG] found replica for vector: 1
2025-11-18 17:24:10,859 - INFO - MainThread - server_logic - [DEBUG] found replica for vector: 2
2025-11-18 17:24:10,859 - INFO - MainThread - server_logic - [DEBUG] found replica for vector: 3
2025-11-18 17:24:10,859 - INFO - MainThread - server_logic - [DEBUG] found replica for vector: 4
2025-11-18 17:24:10,859 - INFO - MainThread - server_logic - [DEBUG] found replica for vector: 1
2025-11-18 17:24:10,859 - INFO - MainThread - server_logic - [DEBUG] found replica for vector: 2
2025-11-18 17:24:10,859 - INFO - MainThread - server_logic - [DEBUG] found replica for vector: 3
2025-11-18 17:24:10,859 - INFO - MainThread - server_logic - [DEBUG] found replica for vector: 4
2025-11-18 17:24:10,859 - INFO - MainThread - server_logic - [DEBUG] found replica for vector: 1
2025-11-18 17:24:10,859 - INFO - MainThread - server_logic - [DEBUG] found replica for vector: 2
2025-11-18 17:24:10,859 - INFO - MainThread - server_logic - [DEBUG] found replica for vector: 3
2025-11-18 17:24:10,859 - INFO - MainThread - server_logic - [DEBUG] found replica for vector: 4
2025-11-18 17:24:10,859 - INFO - MainThread - server_logic - [DEBUG] found replica for vector: 1
2025-11-18 17:24:10,859 - INFO - MainThread - server_logic - [DEBUG] found replica for vector: 2
2025-11-18 17:24:10,859 - INFO - MainThread - server_logic - [DEBUG] found replica for vector: 3
2025-11-18 17:24:10,859 - INFO - MainThread - server_logic - [DEBUG] found replica for vector: 4
2025-11-18 17:24:10,859 - INFO - MainThread - server_logic - [DEBUG] found replica for vector: 1
2025-11-18 17:24:10,859 - INFO - MainThread - server_logic - [DEBUG] found replica for vector: 2
2025-11-18 17:24:10,859 - INFO - MainThread - server_logic - [DEBUG] found replica for vector: 3
2025-11-18 17:24:10,859 - INFO - MainThread - server_logic - [DEBUG] found replica for vector: 4
2025-11-18 17:24:10,859 - INFO - MainThread - server_logic - [DEBUG] found replica for vector: 1
2025-11-18 17:24:10,859 - INFO - MainThread - server_logic - [DEBUG] found replica for vector: 2
2025-11-18 17:24:10,859 - INFO - MainThread - server_logic - [DEBUG] found replica for vector: 3
2025-11-18 17:24:10,859 - INFO - MainThread - server_logic - [DEBUG] found replica for vector: 4
2025-11-18 17:24:10,859 - INFO - MainThread - server_logic - [DEBUG] found replica for vector: 1
2025-11-18 17:24:10,859 - INFO - MainThread - server_logic - [DEBUG] found replica for vector: 2
2025-11-18 17:24:10,859 - INFO - MainThread - server_logic - [DEBUG] found replica for vector: 3
2025-11-18 17:24:10,859 - INFO - MainThread - server_logic - [DEBUG] found replica for vector: 4
2025-11-18 17:24:10,859 - INFO - MainThread - server_logic - [DEBUG] found replica for vector: 1
2025-11-18 17:24:10,859 - INFO - MainThread - server_logic - [DEBUG] found replica for vector: 2
2025-11-18 17:24:10,859 - INFO - MainThread - server_logic - [DEBUG] found replica for vector: 3
2025-11-18 17:24:10,859 - INFO - MainThread - server_logic - [DEBUG] to me replica for vector: 3
2025-11-18 17:24:10,859 - INFO - MainThread - server_logic - [DEBUG] found replica for vector: 1
2025-11-18 17:24:10,859 - INFO - MainThread - server_logic - [DEBUG] found replica for vector: 2
2025-11-18 17:24:10,859 - INFO - MainThread - server_logic - [DEBUG] found replica for vector: 3
2025-11-18 17:24:10,859 - INFO - MainThread - server_logic - [DEBUG] found replica for vector: 4
2025-11-18 17:24:10,859 - INFO - MainThread - server_logic - [DEBUG] found replica for vector: 1
2025-11-18 17:24:10,859 - INFO - MainThread - server_logic - [DEBUG] found replica for vector: 2
2025-11-18 17:24:10,859 - INFO - MainThread - server_logic - [DEBUG] found replica for vector: 3
2025-11-18 17:24:10,859 - INFO - MainThread - server_logic - [DEBUG] found replica for vector: 4
2025-11-18 17:24:10,859 - INFO - MainThread - server_logic - [DEBUG] found replica for vector: 1
2025-11-18 17:24:10,859 - INFO - MainThread - server_logic - [DEBUG] found replica for vector: 2
2025-11-18 17:24:10,859 - INFO - MainThread - server_logic - [DEBUG] found replica for vector: 3
2025-11-18 17:24:10,859 - INFO - MainThread - server_logic - [DEBUG] to me replica for vector: 3
2025-11-18 17:24:10,859 - INFO - MainThread - server_logic - [DEBUG] found replica for vector: 1
2025-11-18 17:24:10,859 - INFO - MainThread - server_logic - [DEBUG] found replica for vector: 2
2025-11-18 17:24:10,859 - INFO - MainThread - server_logic - [DEBUG] found replica for vector: 3
2025-11-18 17:24:10,859 - INFO - MainThread - server_logic - [DEBUG] found replica for vector: 4
2025-11-18 17:24:10,860 - INFO - MainThread - server_logic - [DEBUG] found replica for vector: 1
2025-11-18 17:24:10,860 - INFO - MainThread - server_logic - [DEBUG] found replica for vector: 2
2025-11-18 17:24:10,860 - INFO - MainThread - server_logic - [DEBUG] found replica for vector: 3
2025-11-18 17:24:10,860 - INFO - MainThread - server_logic - [DEBUG] found replica for vector: 4
2025-11-18 17:24:10,860 - INFO - MainThread - server_logic - [DEBUG] found replica for vector: 1
2025-11-18 17:24:10,860 - INFO - MainThread - server_logic - [DEBUG] found replica for vector: 2
2025-11-18 17:24:10,860 - INFO - MainThread - server_logic - [DEBUG] found replica for vector: 3
2025-11-18 17:24:10,860 - INFO - MainThread - server_logic - [DEBUG] found replica for vector: 4
2025-11-18 17:24:10,860 - INFO - MainThread - server_logic - [DEBUG] found replica for vector: 1
2025-11-18 17:24:10,860 - INFO - MainThread - server_logic - [DEBUG] found replica for vector: 2
2025-11-18 17:24:10,860 - INFO - MainThread - server_logic - [DEBUG] found replica for vector: 3
2025-11-18 17:24:10,860 - INFO - MainThread - server_logic - [DEBUG] found replica for vector: 4
2025-11-18 17:24:10,860 - INFO - MainThread - server_logic - [DEBUG] found replica for vector: 1
2025-11-18 17:24:10,860 - INFO - MainThread - server_logic - [DEBUG] found replica for vector: 2
2025-11-18 17:24:10,860 - INFO - MainThread - server_logic - [DEBUG] found replica for vector: 3
2025-11-18 17:24:10,860 - INFO - MainThread - server_logic - [DEBUG] found replica for vector: 4
2025-11-18 17:24:10,860 - INFO - MainThread - server_logic - [DEBUG] found replica for vector: 1
2025-11-18 17:24:10,860 - INFO - MainThread - server_logic - [DEBUG] found replica for vector: 2
2025-11-18 17:24:10,860 - INFO - MainThread - server_logic - [DEBUG] found replica for vector: 3
2025-11-18 17:24:10,860 - INFO - MainThread - server_logic - [DEBUG] found replica for vector: 4
2025-11-18 17:24:10,860 - INFO - MainThread - server_logic - [DEBUG] found replica for vector: 1
2025-11-18 17:24:10,860 - INFO - MainThread - server_logic - [DEBUG] found replica for vector: 2
2025-11-18 17:24:10,860 - INFO - MainThread - server_logic - [DEBUG] found replica for vector: 3
2025-11-18 17:24:10,860 - INFO - MainThread - server_logic - [DEBUG] found replica for vector: 4
2025-11-18 17:24:10,860 - INFO - MainThread - server_logic - [DEBUG] found replica for vector: 1
2025-11-18 17:24:10,860 - INFO - MainThread - server_logic - [DEBUG] found replica for vector: 2
2025-11-18 17:24:10,860 - INFO - MainThread - server_logic - [DEBUG] found replica for vector: 3
2025-11-18 17:24:10,860 - INFO - MainThread - server_logic - [DEBUG] found replica for vector: 4
2025-11-18 17:24:10,860 - INFO - MainThread - server_logic - [DEBUG] found replica for vector: 1
2025-11-18 17:24:10,860 - INFO - MainThread - server_logic - [DEBUG] found replica for vector: 2
2025-11-18 17:24:10,860 - INFO - MainThread - server_logic - [DEBUG] found replica for vector: 3
2025-11-18 17:24:10,860 - INFO - MainThread - server_logic - [DEBUG] found replica for vector: 4
2025-11-18 17:24:10,860 - INFO - MainThread - server_logic - [DEBUG] found replica for vector: 1
2025-11-18 17:24:10,860 - INFO - MainThread - server_logic - [DEBUG] found replica for vector: 2
2025-11-18 17:24:10,860 - INFO - MainThread - server_logic - [DEBUG] found replica for vector: 3
2025-11-18 17:24:10,860 - INFO - MainThread - server_logic - [DEBUG] found replica for vector: 4
2025-11-18 17:24:10,860 - INFO - MainThread - server_logic - [DEBUG] found replica for vector: 1
2025-11-18 17:24:10,860 - INFO - MainThread - server_logic - [DEBUG] found replica for vector: 2
2025-11-18 17:24:10,860 - INFO - MainThread - server_logic - [DEBUG] found replica for vector: 3
2025-11-18 17:24:10,860 - INFO - MainThread - server_logic - [DEBUG] found replica for vector: 4
2025-11-18 17:24:10,860 - INFO - MainThread - server_logic - [DEBUG] found replica for vector: 1
2025-11-18 17:24:10,860 - INFO - MainThread - server_logic - [DEBUG] found replica for vector: 2
2025-11-18 17:24:10,860 - INFO - MainThread - server_logic - [DEBUG] found replica for vector: 3
2025-11-18 17:24:10,860 - INFO - MainThread - server_logic - [DEBUG] found replica for vector: 4
2025-11-18 17:24:10,860 - INFO - MainThread - server_logic - [DEBUG] found replica for vector: 1
2025-11-18 17:24:10,860 - INFO - MainThread - server_logic - [DEBUG] found replica for vector: 2
2025-11-18 17:24:10,860 - INFO - MainThread - server_logic - [DEBUG] found replica for vector: 3
2025-11-18 17:24:10,860 - INFO - MainThread - server_logic - [DEBUG] to me replica for vector: 3
2025-11-18 17:24:10,860 - INFO - MainThread - server_logic - [DEBUG] found replica for vector: 1
2025-11-18 17:24:10,860 - INFO - MainThread - server_logic - [DEBUG] found replica for vector: 2
2025-11-18 17:24:10,860 - INFO - MainThread - server_logic - [DEBUG] found replica for vector: 3
2025-11-18 17:24:10,860 - INFO - MainThread - server_logic - [DEBUG] found replica for vector: 4
2025-11-18 17:24:10,860 - INFO - MainThread - server_logic - [DEBUG] found replica for vector: 1
2025-11-18 17:24:10,860 - INFO - MainThread - server_logic - [DEBUG] found replica for vector: 2
2025-11-18 17:24:10,860 - INFO - MainThread - server_logic - [DEBUG] found replica for vector: 3
2025-11-18 17:24:10,860 - INFO - MainThread - server_logic - [DEBUG] found replica for vector: 4
2025-11-18 17:24:10,860 - INFO - MainThread - server_logic - [DEBUG] found replica for vector: 1
2025-11-18 17:24:10,860 - INFO - MainThread - server_logic - [DEBUG] found replica for vector: 2
2025-11-18 17:24:10,860 - INFO - MainThread - server_logic - [DEBUG] found replica for vector: 3
2025-11-18 17:24:10,860 - INFO - MainThread - server_logic - [DEBUG] found replica for vector: 4
2025-11-18 17:24:10,861 - INFO - MainThread - server_logic - [DEBUG] found replica for vector: 1
2025-11-18 17:24:10,861 - INFO - MainThread - server_logic - [DEBUG] found replica for vector: 2
2025-11-18 17:24:10,861 - INFO - MainThread - server_logic - [DEBUG] found replica for vector: 3
2025-11-18 17:24:10,861 - INFO - MainThread - server_logic - [DEBUG] found replica for vector: 4
2025-11-18 17:24:10,861 - INFO - MainThread - server_logic - [DEBUG] found replica for vector: 1
2025-11-18 17:24:10,861 - INFO - MainThread - server_logic - [DEBUG] found replica for vector: 2
2025-11-18 17:24:10,861 - INFO - MainThread - server_logic - [DEBUG] found replica for vector: 3
2025-11-18 17:24:10,861 - INFO - MainThread - server_logic - [DEBUG] found replica for vector: 4
2025-11-18 17:24:10,861 - INFO - MainThread - server_logic - [DEBUG] found replica for vector: 1
2025-11-18 17:24:10,861 - INFO - MainThread - server_logic - [DEBUG] found replica for vector: 2
2025-11-18 17:24:10,861 - INFO - MainThread - server_logic - [DEBUG] found replica for vector: 3
2025-11-18 17:24:10,861 - INFO - MainThread - server_logic - [DEBUG] to me replica for vector: 3
2025-11-18 17:24:10,861 - INFO - MainThread - server_logic - [DEBUG] found replica for vector: 1
2025-11-18 17:24:10,861 - INFO - MainThread - server_logic - [DEBUG] found replica for vector: 2
2025-11-18 17:24:10,861 - INFO - MainThread - server_logic - [DEBUG] found replica for vector: 3
2025-11-18 17:24:10,861 - INFO - MainThread - server_logic - [DEBUG] found replica for vector: 4
2025-11-18 17:24:10,861 - INFO - MainThread - server_logic - [DEBUG] found replica for vector: 1
2025-11-18 17:24:10,861 - INFO - MainThread - server_logic - [DEBUG] found replica for vector: 2
2025-11-18 17:24:10,861 - INFO - MainThread - server_logic - [DEBUG] found replica for vector: 3
2025-11-18 17:24:10,861 - INFO - MainThread - server_logic - [DEBUG] found replica for vector: 4
2025-11-18 17:24:10,861 - INFO - MainThread - server_logic - [DEBUG] found replica for vector: 1
2025-11-18 17:24:10,861 - INFO - MainThread - server_logic - [DEBUG] found replica for vector: 2
2025-11-18 17:24:10,861 - INFO - MainThread - server_logic - [DEBUG] found replica for vector: 3
2025-11-18 17:24:10,861 - INFO - MainThread - server_logic - [DEBUG] found replica for vector: 4
2025-11-18 17:24:10,861 - INFO - MainThread - server_logic - [DEBUG] found replica for vector: 1
2025-11-18 17:24:10,861 - INFO - MainThread - server_logic - [DEBUG] found replica for vector: 2
2025-11-18 17:24:10,861 - INFO - MainThread - server_logic - [DEBUG] found replica for vector: 3
2025-11-18 17:24:10,861 - INFO - MainThread - server_logic - [DEBUG] found replica for vector: 4
2025-11-18 17:24:10,861 - INFO - MainThread - server_logic - [DEBUG] found replica for vector: 1
2025-11-18 17:24:10,861 - INFO - MainThread - server_logic - [DEBUG] found replica for vector: 2
2025-11-18 17:24:10,861 - INFO - MainThread - server_logic - [DEBUG] found replica for vector: 3
2025-11-18 17:24:10,861 - INFO - MainThread - server_logic - [DEBUG] found replica for vector: 4
2025-11-18 17:24:10,861 - INFO - MainThread - server_logic - [DEBUG] found replica for vector: 1
2025-11-18 17:24:10,861 - INFO - MainThread - server_logic - [DEBUG] found replica for vector: 2
2025-11-18 17:24:10,861 - INFO - MainThread - server_logic - [DEBUG] found replica for vector: 3
2025-11-18 17:24:10,861 - INFO - MainThread - server_logic - [DEBUG] found replica for vector: 4
2025-11-18 17:24:10,861 - INFO - MainThread - server_logic - [DEBUG] found replica for vector: 1
2025-11-18 17:24:10,861 - INFO - MainThread - server_logic - [DEBUG] found replica for vector: 2
2025-11-18 17:24:10,861 - INFO - MainThread - server_logic - [DEBUG] found replica for vector: 3
2025-11-18 17:24:10,861 - INFO - MainThread - server_logic - [DEBUG] found replica for vector: 4
2025-11-18 17:24:10,861 - INFO - MainThread - server_logic - [DEBUG] found replica for vector: 1
2025-11-18 17:24:10,861 - INFO - MainThread - server_logic - [DEBUG] found replica for vector: 2
2025-11-18 17:24:10,861 - INFO - MainThread - server_logic - [DEBUG] found replica for vector: 3
2025-11-18 17:24:10,861 - INFO - MainThread - server_logic - [DEBUG] found replica for vector: 4
2025-11-18 17:24:10,861 - INFO - MainThread - server_logic - [DEBUG] found replica for vector: 1
2025-11-18 17:24:10,861 - INFO - MainThread - server_logic - [DEBUG] found replica for vector: 2
2025-11-18 17:24:10,861 - INFO - MainThread - server_logic - [DEBUG] found replica for vector: 3
2025-11-18 17:24:10,861 - INFO - MainThread - server_logic - [DEBUG] found replica for vector: 4
2025-11-18 17:24:10,861 - INFO - MainThread - server_logic - [DEBUG] found replica for vector: 1
2025-11-18 17:24:10,861 - INFO - MainThread - server_logic - [DEBUG] found replica for vector: 2
2025-11-18 17:24:10,861 - INFO - MainThread - server_logic - [DEBUG] found replica for vector: 3
2025-11-18 17:24:10,861 - INFO - MainThread - server_logic - [DEBUG] found replica for vector: 4
2025-11-18 17:24:10,861 - INFO - MainThread - server_logic - [DEBUG] found replica for vector: 1
2025-11-18 17:24:10,861 - INFO - MainThread - server_logic - [DEBUG] found replica for vector: 2
2025-11-18 17:24:10,861 - INFO - MainThread - server_logic - [DEBUG] found replica for vector: 3
2025-11-18 17:24:10,861 - INFO - MainThread - server_logic - [DEBUG] found replica for vector: 4
2025-11-18 17:24:10,861 - INFO - MainThread - server_logic - [DEBUG] found replica for vector: 1
2025-11-18 17:24:10,861 - INFO - MainThread - server_logic - [DEBUG] found replica for vector: 2
2025-11-18 17:24:10,862 - INFO - MainThread - server_logic - [DEBUG] found replica for vector: 3
2025-11-18 17:24:10,862 - INFO - MainThread - server_logic - [DEBUG] found replica for vector: 4
2025-11-18 17:24:10,862 - INFO - MainThread - server_logic - [DEBUG] found replica for vector: 1
2025-11-18 17:24:10,862 - INFO - MainThread - server_logic - [DEBUG] found replica for vector: 2
2025-11-18 17:24:10,862 - INFO - MainThread - server_logic - [DEBUG] found replica for vector: 3
2025-11-18 17:24:10,862 - INFO - MainThread - server_logic - [DEBUG] found replica for vector: 4
2025-11-18 17:24:10,862 - INFO - MainThread - server_logic - [DEBUG] found replica for vector: 1
2025-11-18 17:24:10,862 - INFO - MainThread - server_logic - [DEBUG] found replica for vector: 2
2025-11-18 17:24:10,862 - INFO - MainThread - server_logic - [DEBUG] found replica for vector: 3
2025-11-18 17:24:10,862 - INFO - MainThread - server_logic - [DEBUG] to me replica for vector: 3
2025-11-18 17:24:10,862 - INFO - MainThread - server_logic - [DEBUG] found replica for vector: 1
2025-11-18 17:24:10,862 - INFO - MainThread - server_logic - [DEBUG] found replica for vector: 2
2025-11-18 17:24:10,862 - INFO - MainThread - server_logic - [DEBUG] found replica for vector: 3
2025-11-18 17:24:10,862 - INFO - MainThread - server_logic - [DEBUG] to me replica for vector: 3
2025-11-18 17:24:10,862 - INFO - MainThread - server_logic - [DEBUG] found replica for vector: 1
2025-11-18 17:24:10,862 - INFO - MainThread - server_logic - [DEBUG] found replica for vector: 2
2025-11-18 17:24:10,862 - INFO - MainThread - server_logic - [DEBUG] found replica for vector: 3
2025-11-18 17:24:10,862 - INFO - MainThread - server_logic - [DEBUG] found replica for vector: 4
2025-11-18 17:24:10,862 - INFO - MainThread - server_logic - [DEBUG] found replica for vector: 1
2025-11-18 17:24:10,862 - INFO - MainThread - server_logic - [DEBUG] found replica for vector: 2
2025-11-18 17:24:10,862 - INFO - MainThread - server_logic - [DEBUG] found replica for vector: 3
2025-11-18 17:24:10,862 - INFO - MainThread - server_logic - [DEBUG] found replica for vector: 4
2025-11-18 17:24:10,862 - INFO - MainThread - server_logic - [DEBUG] found replica for vector: 1
2025-11-18 17:24:10,862 - INFO - MainThread - server_logic - [DEBUG] found replica for vector: 2
2025-11-18 17:24:10,862 - INFO - MainThread - server_logic - [DEBUG] found replica for vector: 3
2025-11-18 17:24:10,862 - INFO - MainThread - server_logic - [DEBUG] found replica for vector: 4
2025-11-18 17:24:10,862 - INFO - MainThread - server_logic - [DEBUG] found replica for vector: 1
2025-11-18 17:24:10,862 - INFO - MainThread - server_logic - [DEBUG] found replica for vector: 2
2025-11-18 17:24:10,862 - INFO - MainThread - server_logic - [DEBUG] found replica for vector: 3
2025-11-18 17:24:10,862 - INFO - MainThread - server_logic - [DEBUG] found replica for vector: 4
2025-11-18 17:24:10,862 - INFO - MainThread - server_logic - [DEBUG] found replica for vector: 1
2025-11-18 17:24:10,862 - INFO - MainThread - server_logic - [DEBUG] found replica for vector: 2
2025-11-18 17:24:10,862 - INFO - MainThread - server_logic - [DEBUG] found replica for vector: 3
2025-11-18 17:24:10,862 - INFO - MainThread - server_logic - [DEBUG] to me replica for vector: 3
2025-11-18 17:24:10,862 - INFO - MainThread - server_logic - [DEBUG] found replica for vector: 1
2025-11-18 17:24:10,862 - INFO - MainThread - server_logic - [DEBUG] found replica for vector: 2
2025-11-18 17:24:10,862 - INFO - MainThread - server_logic - [DEBUG] found replica for vector: 3
2025-11-18 17:24:10,862 - INFO - MainThread - server_logic - [DEBUG] found replica for vector: 4
2025-11-18 17:24:10,862 - INFO - MainThread - server_logic - [DEBUG] found replica for vector: 1
2025-11-18 17:24:10,862 - INFO - MainThread - server_logic - [DEBUG] found replica for vector: 2
2025-11-18 17:24:10,862 - INFO - MainThread - server_logic - [DEBUG] found replica for vector: 3
2025-11-18 17:24:10,862 - INFO - MainThread - server_logic - [DEBUG] to me replica for vector: 3
2025-11-18 17:24:10,862 - INFO - MainThread - server_logic - [DEBUG] found replica for vector: 1
2025-11-18 17:24:10,862 - INFO - MainThread - server_logic - [DEBUG] found replica for vector: 2
2025-11-18 17:24:10,862 - INFO - MainThread - server_logic - [DEBUG] found replica for vector: 3
2025-11-18 17:24:10,862 - INFO - MainThread - server_logic - [DEBUG] found replica for vector: 4
2025-11-18 17:24:10,862 - INFO - MainThread - server_logic - [DEBUG] found replica for vector: 1
2025-11-18 17:24:10,862 - INFO - MainThread - server_logic - [DEBUG] found replica for vector: 2
2025-11-18 17:24:10,862 - INFO - MainThread - server_logic - [DEBUG] found replica for vector: 3
2025-11-18 17:24:10,862 - INFO - MainThread - server_logic - [DEBUG] found replica for vector: 4
2025-11-18 17:24:10,862 - INFO - MainThread - server_logic - [DEBUG] found replica for vector: 1
2025-11-18 17:24:10,862 - INFO - MainThread - server_logic - [DEBUG] found replica for vector: 2
2025-11-18 17:24:10,862 - INFO - MainThread - server_logic - [DEBUG] found replica for vector: 3
2025-11-18 17:24:10,862 - INFO - MainThread - server_logic - [DEBUG] to me replica for vector: 3
2025-11-18 17:24:10,862 - INFO - MainThread - server_logic - [DEBUG] found replica for vector: 1
2025-11-18 17:24:10,862 - INFO - MainThread - server_logic - [DEBUG] found replica for vector: 2
2025-11-18 17:24:10,862 - INFO - MainThread - server_logic - [DEBUG] found replica for vector: 3
2025-11-18 17:24:10,862 - INFO - MainThread - server_logic - [DEBUG] found replica for vector: 4
2025-11-18 17:24:10,863 - INFO - MainThread - server_logic - [DEBUG] found replica for vector: 1
2025-11-18 17:24:10,863 - INFO - MainThread - server_logic - [DEBUG] found replica for vector: 2
2025-11-18 17:24:10,863 - INFO - MainThread - server_logic - [DEBUG] found replica for vector: 3
2025-11-18 17:24:10,863 - INFO - MainThread - server_logic - [DEBUG] found replica for vector: 4
2025-11-18 17:24:10,863 - INFO - MainThread - server_logic - [DEBUG] found replica for vector: 1
2025-11-18 17:24:10,863 - INFO - MainThread - server_logic - [DEBUG] found replica for vector: 2
2025-11-18 17:24:10,863 - INFO - MainThread - server_logic - [DEBUG] found replica for vector: 3
2025-11-18 17:24:10,863 - INFO - MainThread - server_logic - [DEBUG] found replica for vector: 4
2025-11-18 17:24:10,863 - INFO - MainThread - server_logic - [DEBUG] found replica for vector: 1
2025-11-18 17:24:10,863 - INFO - MainThread - server_logic - [DEBUG] found replica for vector: 2
2025-11-18 17:24:10,863 - INFO - MainThread - server_logic - [DEBUG] found replica for vector: 3
2025-11-18 17:24:10,863 - INFO - MainThread - server_logic - [DEBUG] found replica for vector: 4
2025-11-18 17:24:10,863 - INFO - MainThread - server_logic - [DEBUG] found replica for vector: 1
2025-11-18 17:24:10,863 - INFO - MainThread - server_logic - [DEBUG] found replica for vector: 2
2025-11-18 17:24:10,863 - INFO - MainThread - server_logic - [DEBUG] found replica for vector: 3
2025-11-18 17:24:10,863 - INFO - MainThread - server_logic - [DEBUG] found replica for vector: 4
2025-11-18 17:24:10,863 - INFO - MainThread - server_logic - [DEBUG] found replica for vector: 1
2025-11-18 17:24:10,863 - INFO - MainThread - server_logic - [DEBUG] found replica for vector: 2
2025-11-18 17:24:10,863 - INFO - MainThread - server_logic - [DEBUG] found replica for vector: 3
2025-11-18 17:24:10,863 - INFO - MainThread - server_logic - [DEBUG] to me replica for vector: 3
2025-11-18 17:24:10,863 - INFO - MainThread - server_logic - [DEBUG] found replica for vector: 1
2025-11-18 17:24:10,863 - INFO - MainThread - server_logic - [DEBUG] found replica for vector: 2
2025-11-18 17:24:10,863 - INFO - MainThread - server_logic - [DEBUG] found replica for vector: 3
2025-11-18 17:24:10,863 - INFO - MainThread - server_logic - [DEBUG] found replica for vector: 4
2025-11-18 17:24:10,863 - INFO - MainThread - server_logic - [DEBUG] found replica for vector: 1
2025-11-18 17:24:10,863 - INFO - MainThread - server_logic - [DEBUG] found replica for vector: 2
2025-11-18 17:24:10,863 - INFO - MainThread - server_logic - [DEBUG] found replica for vector: 3
2025-11-18 17:24:10,863 - INFO - MainThread - server_logic - [DEBUG] found replica for vector: 4
2025-11-18 17:24:10,863 - INFO - MainThread - server_logic - [DEBUG] found replica for vector: 1
2025-11-18 17:24:10,863 - INFO - MainThread - server_logic - [DEBUG] found replica for vector: 2
2025-11-18 17:24:10,863 - INFO - MainThread - server_logic - [DEBUG] found replica for vector: 3
2025-11-18 17:24:10,863 - INFO - MainThread - server_logic - [DEBUG] found replica for vector: 4
2025-11-18 17:24:10,863 - INFO - MainThread - server_logic - [Router] Distribution: Peer node1: 57, Peer node2: 61, Peer node3: 61, Peer node4: 61, Peer node5: 61, Peer node6: 54, Peer node7: 54, Peer node8: 54, Peer node9: 54, Peer node10: 84, Peer node11: 84, Peer node12: 84, Peer node13: 84, Peer node14: 57, Peer node16: 57, Me (node15): 57
2025-11-18 17:24:10,863 - INFO - MainThread - server_logic - --> [Peer Send] Sending 57 vectors to Peer node1 (localhost:9001) | Status: clustered
2025-11-18 17:24:10,930 - INFO - MainThread - server_logic - --> [Peer Send] Success: Sent vectors to node1
2025-11-18 17:24:10,930 - INFO - MainThread - server_logic - --> [Peer Send] Sending 61 vectors to Peer node2 (localhost:9002) | Status: clustered
2025-11-18 17:24:11,000 - INFO - MainThread - server_logic - --> [Peer Send] Success: Sent vectors to node2
2025-11-18 17:24:11,000 - INFO - MainThread - server_logic - --> [Peer Send] Sending 61 vectors to Peer node3 (localhost:9003) | Status: clustered
2025-11-18 17:24:11,073 - INFO - MainThread - server_logic - --> [Peer Send] Success: Sent vectors to node3
2025-11-18 17:24:11,073 - INFO - MainThread - server_logic - --> [Peer Send] Sending 61 vectors to Peer node4 (localhost:9004) | Status: clustered
2025-11-18 17:24:11,145 - INFO - MainThread - server_logic - --> [Peer Send] Success: Sent vectors to node4
2025-11-18 17:24:11,145 - INFO - MainThread - server_logic - --> [Peer Send] Sending 61 vectors to Peer node5 (localhost:9005) | Status: clustered
2025-11-18 17:24:11,216 - INFO - MainThread - server_logic - --> [Peer Send] Success: Sent vectors to node5
2025-11-18 17:24:11,217 - INFO - MainThread - server_logic - --> [Peer Send] Sending 54 vectors to Peer node6 (localhost:9006) | Status: clustered
2025-11-18 17:24:11,286 - INFO - MainThread - server_logic - --> [Peer Send] Success: Sent vectors to node6
2025-11-18 17:24:11,286 - INFO - MainThread - server_logic - --> [Peer Send] Sending 54 vectors to Peer node7 (localhost:9007) | Status: clustered
2025-11-18 17:24:11,354 - INFO - MainThread - server_logic - --> [Peer Send] Success: Sent vectors to node7
2025-11-18 17:24:11,354 - INFO - MainThread - server_logic - --> [Peer Send] Sending 54 vectors to Peer node8 (localhost:9008) | Status: clustered
2025-11-18 17:24:11,423 - INFO - MainThread - server_logic - --> [Peer Send] Success: Sent vectors to node8
2025-11-18 17:24:11,423 - INFO - MainThread - server_logic - --> [Peer Send] Sending 54 vectors to Peer node9 (localhost:9009) | Status: clustered
2025-11-18 17:24:11,492 - INFO - MainThread - server_logic - --> [Peer Send] Success: Sent vectors to node9
2025-11-18 17:24:11,492 - INFO - MainThread - server_logic - --> [Peer Send] Sending 84 vectors to Peer node10 (localhost:9010) | Status: clustered
2025-11-18 17:24:11,569 - INFO - MainThread - server_logic - --> [Peer Send] Success: Sent vectors to node10
2025-11-18 17:24:11,569 - INFO - MainThread - server_logic - --> [Peer Send] Sending 84 vectors to Peer node11 (localhost:9011) | Status: clustered
2025-11-18 17:24:11,622 - INFO - MainThread - server_logic - --> [Peer Send] Success: Sent vectors to node11
2025-11-18 17:24:11,622 - INFO - MainThread - server_logic - --> [Peer Send] Sending 84 vectors to Peer node12 (localhost:9012) | Status: clustered
2025-11-18 17:24:11,666 - INFO - MainThread - server_logic - --> [Peer Send] Success: Sent vectors to node12
2025-11-18 17:24:11,666 - INFO - MainThread - server_logic - --> [Peer Send] Sending 84 vectors to Peer node13 (localhost:9013) | Status: clustered
2025-11-18 17:24:11,712 - INFO - MainThread - server_logic - --> [Peer Send] Success: Sent vectors to node13
2025-11-18 17:24:11,712 - INFO - MainThread - server_logic - --> [Peer Send] Sending 57 vectors to Peer node14 (localhost:9014) | Status: clustered
2025-11-18 17:24:11,760 - INFO - MainThread - server_logic - --> [Peer Send] Success: Sent vectors to node14
2025-11-18 17:24:11,760 - INFO - MainThread - server_logic - --> [Peer Send] Sending 57 vectors to Peer node16 (localhost:9016) | Status: clustered
2025-11-18 17:24:11,799 - INFO - MainThread - server_logic - --> [Peer Send] Success: Sent vectors to node16
2025-11-18 17:24:11,799 - INFO - MainThread - server_logic - [Add Vectors] Processing 57 vectors. Sender Status: clustered. Current Node Status: clustered
2025-11-18 17:24:11,799 - INFO - MainThread - server_logic - [Add Vectors] Direct Insert: Storing 57 vectors in local Qdrant (Sender is clustered).
2025-11-18 17:24:11,829 - INFO - MainThread - httpx - HTTP Request: GET http://localhost:6361 "HTTP/1.1 200 OK"
2025-11-18 17:24:11,829 - INFO - MainThread - qdrant_module - [Qdrant] Attempting to insert 57 vectors into vectors on http://localhost:6361...
2025-11-18 17:24:11,837 - INFO - MainThread - qdrant_module - [Qdrant] Success: Inserted 57 vectors.
2025-11-18 17:24:11,837 - INFO - MainThread - __main__ - API: /add completed
2025-11-18 17:24:11,838 - INFO - MainThread - uvicorn.access - 127.0.0.1:53635 - "POST /add HTTP/1.1" 200
2025-11-18 17:24:12,530 - INFO - ThreadPoolExecutor-0_0 - grpc_handler - [GRPC IN] ReceiveVectors called. ReqID: 128, Type: clustered, Count: 64
2025-11-18 17:24:12,530 - INFO - ThreadPoolExecutor-0_0 - server_logic - [Add Vectors] Processing 64 vectors. Sender Status: clustered. Current Node Status: clustered
2025-11-18 17:24:12,530 - INFO - ThreadPoolExecutor-0_0 - server_logic - [Add Vectors] Direct Insert: Storing 64 vectors in local Qdrant (Sender is clustered).
2025-11-18 17:24:12,561 - INFO - ThreadPoolExecutor-0_0 - httpx - HTTP Request: GET http://localhost:6361 "HTTP/1.1 200 OK"
2025-11-18 17:24:12,561 - INFO - ThreadPoolExecutor-0_0 - qdrant_module - [Qdrant] Attempting to insert 64 vectors into vectors on http://localhost:6361...
2025-11-18 17:24:12,575 - INFO - ThreadPoolExecutor-0_0 - qdrant_module - [Qdrant] Success: Inserted 64 vectors.
2025-11-18 17:24:12,576 - INFO - ThreadPoolExecutor-0_0 - grpc_handler - [GRPC IN] ReceiveVectors processed successfully.
2025-11-18 17:24:13,276 - INFO - ThreadPoolExecutor-0_1 - grpc_handler - [GRPC IN] ReceiveVectors called. ReqID: 129, Type: clustered, Count: 73
2025-11-18 17:24:13,276 - INFO - ThreadPoolExecutor-0_1 - server_logic - [Add Vectors] Processing 73 vectors. Sender Status: clustered. Current Node Status: clustered
2025-11-18 17:24:13,276 - INFO - ThreadPoolExecutor-0_1 - server_logic - [Add Vectors] Direct Insert: Storing 73 vectors in local Qdrant (Sender is clustered).
2025-11-18 17:24:13,306 - INFO - ThreadPoolExecutor-0_1 - httpx - HTTP Request: GET http://localhost:6361 "HTTP/1.1 200 OK"
2025-11-18 17:24:13,306 - INFO - ThreadPoolExecutor-0_1 - qdrant_module - [Qdrant] Attempting to insert 73 vectors into vectors on http://localhost:6361...
2025-11-18 17:24:13,313 - INFO - ThreadPoolExecutor-0_1 - qdrant_module - [Qdrant] Success: Inserted 73 vectors.
2025-11-18 17:24:13,314 - INFO - ThreadPoolExecutor-0_1 - grpc_handler - [GRPC IN] ReceiveVectors processed successfully.
2025-11-18 17:24:14,132 - INFO - ThreadPoolExecutor-0_0 - grpc_handler - [GRPC IN] ReceiveVectors called. ReqID: 130, Type: clustered, Count: 61
2025-11-18 17:24:14,133 - INFO - ThreadPoolExecutor-0_0 - server_logic - [Add Vectors] Processing 61 vectors. Sender Status: clustered. Current Node Status: clustered
2025-11-18 17:24:14,133 - INFO - ThreadPoolExecutor-0_0 - server_logic - [Add Vectors] Direct Insert: Storing 61 vectors in local Qdrant (Sender is clustered).
2025-11-18 17:24:14,165 - INFO - ThreadPoolExecutor-0_0 - httpx - HTTP Request: GET http://localhost:6361 "HTTP/1.1 200 OK"
2025-11-18 17:24:14,166 - INFO - ThreadPoolExecutor-0_0 - qdrant_module - [Qdrant] Attempting to insert 61 vectors into vectors on http://localhost:6361...
2025-11-18 17:24:14,177 - INFO - ThreadPoolExecutor-0_0 - qdrant_module - [Qdrant] Success: Inserted 61 vectors.
2025-11-18 17:24:14,178 - INFO - ThreadPoolExecutor-0_0 - grpc_handler - [GRPC IN] ReceiveVectors processed successfully.
2025-11-18 17:24:14,970 - INFO - ThreadPoolExecutor-0_1 - grpc_handler - [GRPC IN] ReceiveVectors called. ReqID: 131, Type: clustered, Count: 58
2025-11-18 17:24:14,970 - INFO - ThreadPoolExecutor-0_1 - server_logic - [Add Vectors] Processing 58 vectors. Sender Status: clustered. Current Node Status: clustered
2025-11-18 17:24:14,970 - INFO - ThreadPoolExecutor-0_1 - server_logic - [Add Vectors] Direct Insert: Storing 58 vectors in local Qdrant (Sender is clustered).
2025-11-18 17:24:15,000 - INFO - ThreadPoolExecutor-0_1 - httpx - HTTP Request: GET http://localhost:6361 "HTTP/1.1 200 OK"
2025-11-18 17:24:15,000 - INFO - ThreadPoolExecutor-0_1 - qdrant_module - [Qdrant] Attempting to insert 58 vectors into vectors on http://localhost:6361...
2025-11-18 17:24:15,008 - INFO - ThreadPoolExecutor-0_1 - qdrant_module - [Qdrant] Success: Inserted 58 vectors.
2025-11-18 17:24:15,009 - INFO - ThreadPoolExecutor-0_1 - grpc_handler - [GRPC IN] ReceiveVectors processed successfully.
2025-11-18 17:24:15,742 - INFO - ThreadPoolExecutor-0_0 - grpc_handler - [GRPC IN] ReceiveVectors called. ReqID: 132, Type: clustered, Count: 53
2025-11-18 17:24:15,743 - INFO - ThreadPoolExecutor-0_0 - server_logic - [Add Vectors] Processing 53 vectors. Sender Status: clustered. Current Node Status: clustered
2025-11-18 17:24:15,743 - INFO - ThreadPoolExecutor-0_0 - server_logic - [Add Vectors] Direct Insert: Storing 53 vectors in local Qdrant (Sender is clustered).
2025-11-18 17:24:15,774 - INFO - ThreadPoolExecutor-0_0 - httpx - HTTP Request: GET http://localhost:6361 "HTTP/1.1 200 OK"
2025-11-18 17:24:15,775 - INFO - ThreadPoolExecutor-0_0 - qdrant_module - [Qdrant] Attempting to insert 53 vectors into vectors on http://localhost:6361...
2025-11-18 17:24:15,784 - INFO - ThreadPoolExecutor-0_0 - qdrant_module - [Qdrant] Success: Inserted 53 vectors.
2025-11-18 17:24:15,785 - INFO - ThreadPoolExecutor-0_0 - grpc_handler - [GRPC IN] ReceiveVectors processed successfully.
2025-11-18 17:24:16,515 - INFO - ThreadPoolExecutor-0_1 - grpc_handler - [GRPC IN] ReceiveVectors called. ReqID: 133, Type: clustered, Count: 54
2025-11-18 17:24:16,516 - INFO - ThreadPoolExecutor-0_1 - server_logic - [Add Vectors] Processing 54 vectors. Sender Status: clustered. Current Node Status: clustered
2025-11-18 17:24:16,516 - INFO - ThreadPoolExecutor-0_1 - server_logic - [Add Vectors] Direct Insert: Storing 54 vectors in local Qdrant (Sender is clustered).
2025-11-18 17:24:16,547 - INFO - ThreadPoolExecutor-0_1 - httpx - HTTP Request: GET http://localhost:6361 "HTTP/1.1 200 OK"
2025-11-18 17:24:16,547 - INFO - ThreadPoolExecutor-0_1 - qdrant_module - [Qdrant] Attempting to insert 54 vectors into vectors on http://localhost:6361...
2025-11-18 17:24:16,555 - INFO - ThreadPoolExecutor-0_1 - qdrant_module - [Qdrant] Success: Inserted 54 vectors.
2025-11-18 17:24:16,556 - INFO - ThreadPoolExecutor-0_1 - grpc_handler - [GRPC IN] ReceiveVectors processed successfully.
2025-11-18 17:24:17,725 - INFO - ThreadPoolExecutor-0_0 - grpc_handler - [GRPC IN] ReceiveVectors called. ReqID: 134, Type: clustered, Count: 72
2025-11-18 17:24:17,726 - INFO - ThreadPoolExecutor-0_0 - server_logic - [Add Vectors] Processing 72 vectors. Sender Status: clustered. Current Node Status: clustered
2025-11-18 17:24:17,726 - INFO - ThreadPoolExecutor-0_0 - server_logic - [Add Vectors] Direct Insert: Storing 72 vectors in local Qdrant (Sender is clustered).
2025-11-18 17:24:17,779 - INFO - ThreadPoolExecutor-0_0 - httpx - HTTP Request: GET http://localhost:6361 "HTTP/1.1 200 OK"
2025-11-18 17:24:17,779 - INFO - ThreadPoolExecutor-0_0 - qdrant_module - [Qdrant] Attempting to insert 72 vectors into vectors on http://localhost:6361...
2025-11-18 17:24:17,798 - INFO - ThreadPoolExecutor-0_0 - qdrant_module - [Qdrant] Success: Inserted 72 vectors.
2025-11-18 17:24:17,799 - INFO - ThreadPoolExecutor-0_0 - grpc_handler - [GRPC IN] ReceiveVectors processed successfully.
2025-11-18 17:24:18,949 - INFO - ThreadPoolExecutor-0_1 - grpc_handler - [GRPC IN] ReceiveVectors called. ReqID: 135, Type: clustered, Count: 65
2025-11-18 17:24:18,950 - INFO - ThreadPoolExecutor-0_1 - server_logic - [Add Vectors] Processing 65 vectors. Sender Status: clustered. Current Node Status: clustered
2025-11-18 17:24:18,950 - INFO - ThreadPoolExecutor-0_1 - server_logic - [Add Vectors] Direct Insert: Storing 65 vectors in local Qdrant (Sender is clustered).
2025-11-18 17:24:19,002 - INFO - ThreadPoolExecutor-0_1 - httpx - HTTP Request: GET http://localhost:6361 "HTTP/1.1 200 OK"
2025-11-18 17:24:19,002 - INFO - ThreadPoolExecutor-0_1 - qdrant_module - [Qdrant] Attempting to insert 65 vectors into vectors on http://localhost:6361...
2025-11-18 17:24:19,018 - INFO - ThreadPoolExecutor-0_1 - qdrant_module - [Qdrant] Success: Inserted 65 vectors.
2025-11-18 17:24:19,020 - INFO - ThreadPoolExecutor-0_1 - grpc_handler - [GRPC IN] ReceiveVectors processed successfully.
2025-11-18 17:24:20,296 - INFO - ThreadPoolExecutor-0_0 - grpc_handler - [GRPC IN] ReceiveVectors called. ReqID: 136, Type: clustered, Count: 68
2025-11-18 17:24:20,297 - INFO - ThreadPoolExecutor-0_0 - server_logic - [Add Vectors] Processing 68 vectors. Sender Status: clustered. Current Node Status: clustered
2025-11-18 17:24:20,297 - INFO - ThreadPoolExecutor-0_0 - server_logic - [Add Vectors] Direct Insert: Storing 68 vectors in local Qdrant (Sender is clustered).
2025-11-18 17:24:20,349 - INFO - ThreadPoolExecutor-0_0 - httpx - HTTP Request: GET http://localhost:6361 "HTTP/1.1 200 OK"
2025-11-18 17:24:20,350 - INFO - ThreadPoolExecutor-0_0 - qdrant_module - [Qdrant] Attempting to insert 68 vectors into vectors on http://localhost:6361...
2025-11-18 17:24:20,366 - INFO - ThreadPoolExecutor-0_0 - qdrant_module - [Qdrant] Success: Inserted 68 vectors.
2025-11-18 17:24:20,367 - INFO - ThreadPoolExecutor-0_0 - grpc_handler - [GRPC IN] ReceiveVectors processed successfully.
2025-11-18 17:24:21,543 - INFO - ThreadPoolExecutor-0_1 - grpc_handler - [GRPC IN] ReceiveVectors called. ReqID: 137, Type: clustered, Count: 63
2025-11-18 17:24:21,543 - INFO - ThreadPoolExecutor-0_1 - server_logic - [Add Vectors] Processing 63 vectors. Sender Status: clustered. Current Node Status: clustered
2025-11-18 17:24:21,543 - INFO - ThreadPoolExecutor-0_1 - server_logic - [Add Vectors] Direct Insert: Storing 63 vectors in local Qdrant (Sender is clustered).
2025-11-18 17:24:21,595 - INFO - ThreadPoolExecutor-0_1 - httpx - HTTP Request: GET http://localhost:6361 "HTTP/1.1 200 OK"
2025-11-18 17:24:21,595 - INFO - ThreadPoolExecutor-0_1 - qdrant_module - [Qdrant] Attempting to insert 63 vectors into vectors on http://localhost:6361...
2025-11-18 17:24:21,609 - INFO - ThreadPoolExecutor-0_1 - qdrant_module - [Qdrant] Success: Inserted 63 vectors.
2025-11-18 17:24:21,610 - INFO - ThreadPoolExecutor-0_1 - grpc_handler - [GRPC IN] ReceiveVectors processed successfully.
2025-11-18 17:24:22,753 - INFO - ThreadPoolExecutor-0_0 - grpc_handler - [GRPC IN] ReceiveVectors called. ReqID: 138, Type: clustered, Count: 69
2025-11-18 17:24:22,753 - INFO - ThreadPoolExecutor-0_0 - server_logic - [Add Vectors] Processing 69 vectors. Sender Status: clustered. Current Node Status: clustered
2025-11-18 17:24:22,753 - INFO - ThreadPoolExecutor-0_0 - server_logic - [Add Vectors] Direct Insert: Storing 69 vectors in local Qdrant (Sender is clustered).
2025-11-18 17:24:22,805 - INFO - ThreadPoolExecutor-0_0 - httpx - HTTP Request: GET http://localhost:6361 "HTTP/1.1 200 OK"
2025-11-18 17:24:22,805 - INFO - ThreadPoolExecutor-0_0 - qdrant_module - [Qdrant] Attempting to insert 69 vectors into vectors on http://localhost:6361...
2025-11-18 17:24:22,820 - INFO - ThreadPoolExecutor-0_0 - qdrant_module - [Qdrant] Success: Inserted 69 vectors.
2025-11-18 17:24:22,821 - INFO - ThreadPoolExecutor-0_0 - grpc_handler - [GRPC IN] ReceiveVectors processed successfully.
2025-11-18 17:24:23,976 - INFO - ThreadPoolExecutor-0_1 - grpc_handler - [GRPC IN] ReceiveVectors called. ReqID: 139, Type: clustered, Count: 66
2025-11-18 17:24:23,977 - INFO - ThreadPoolExecutor-0_1 - server_logic - [Add Vectors] Processing 66 vectors. Sender Status: clustered. Current Node Status: clustered
2025-11-18 17:24:23,977 - INFO - ThreadPoolExecutor-0_1 - server_logic - [Add Vectors] Direct Insert: Storing 66 vectors in local Qdrant (Sender is clustered).
2025-11-18 17:24:24,028 - INFO - ThreadPoolExecutor-0_1 - httpx - HTTP Request: GET http://localhost:6361 "HTTP/1.1 200 OK"
2025-11-18 17:24:24,028 - INFO - ThreadPoolExecutor-0_1 - qdrant_module - [Qdrant] Attempting to insert 66 vectors into vectors on http://localhost:6361...
2025-11-18 17:24:24,038 - INFO - ThreadPoolExecutor-0_1 - qdrant_module - [Qdrant] Success: Inserted 66 vectors.
2025-11-18 17:24:24,040 - INFO - ThreadPoolExecutor-0_1 - grpc_handler - [GRPC IN] ReceiveVectors processed successfully.
2025-11-18 17:24:25,164 - INFO - ThreadPoolExecutor-0_0 - grpc_handler - [GRPC IN] ReceiveVectors called. ReqID: 140, Type: clustered, Count: 56
2025-11-18 17:24:25,165 - INFO - ThreadPoolExecutor-0_0 - server_logic - [Add Vectors] Processing 56 vectors. Sender Status: clustered. Current Node Status: clustered
2025-11-18 17:24:25,165 - INFO - ThreadPoolExecutor-0_0 - server_logic - [Add Vectors] Direct Insert: Storing 56 vectors in local Qdrant (Sender is clustered).
2025-11-18 17:24:25,216 - INFO - ThreadPoolExecutor-0_0 - httpx - HTTP Request: GET http://localhost:6361 "HTTP/1.1 200 OK"
2025-11-18 17:24:25,217 - INFO - ThreadPoolExecutor-0_0 - qdrant_module - [Qdrant] Attempting to insert 56 vectors into vectors on http://localhost:6361...
2025-11-18 17:24:25,228 - INFO - ThreadPoolExecutor-0_0 - qdrant_module - [Qdrant] Success: Inserted 56 vectors.
2025-11-18 17:24:25,229 - INFO - ThreadPoolExecutor-0_0 - grpc_handler - [GRPC IN] ReceiveVectors processed successfully.
2025-11-18 17:24:26,427 - INFO - ThreadPoolExecutor-0_1 - grpc_handler - [GRPC IN] ReceiveVectors called. ReqID: 141, Type: clustered, Count: 60
2025-11-18 17:24:26,428 - INFO - ThreadPoolExecutor-0_1 - server_logic - [Add Vectors] Processing 60 vectors. Sender Status: clustered. Current Node Status: clustered
2025-11-18 17:24:26,428 - INFO - ThreadPoolExecutor-0_1 - server_logic - [Add Vectors] Direct Insert: Storing 60 vectors in local Qdrant (Sender is clustered).
2025-11-18 17:24:26,480 - INFO - ThreadPoolExecutor-0_1 - httpx - HTTP Request: GET http://localhost:6361 "HTTP/1.1 200 OK"
2025-11-18 17:24:26,480 - INFO - ThreadPoolExecutor-0_1 - qdrant_module - [Qdrant] Attempting to insert 60 vectors into vectors on http://localhost:6361...
2025-11-18 17:24:26,489 - INFO - ThreadPoolExecutor-0_1 - qdrant_module - [Qdrant] Success: Inserted 60 vectors.
2025-11-18 17:24:26,490 - INFO - ThreadPoolExecutor-0_1 - grpc_handler - [GRPC IN] ReceiveVectors processed successfully.
2025-11-18 17:24:27,628 - INFO - ThreadPoolExecutor-0_0 - grpc_handler - [GRPC IN] ReceiveVectors called. ReqID: 142, Type: clustered, Count: 73
2025-11-18 17:24:27,629 - INFO - ThreadPoolExecutor-0_0 - server_logic - [Add Vectors] Processing 73 vectors. Sender Status: clustered. Current Node Status: clustered
2025-11-18 17:24:27,629 - INFO - ThreadPoolExecutor-0_0 - server_logic - [Add Vectors] Direct Insert: Storing 73 vectors in local Qdrant (Sender is clustered).
2025-11-18 17:24:27,681 - INFO - ThreadPoolExecutor-0_0 - httpx - HTTP Request: GET http://localhost:6361 "HTTP/1.1 200 OK"
2025-11-18 17:24:27,681 - INFO - ThreadPoolExecutor-0_0 - qdrant_module - [Qdrant] Attempting to insert 73 vectors into vectors on http://localhost:6361...
2025-11-18 17:24:27,696 - INFO - ThreadPoolExecutor-0_0 - qdrant_module - [Qdrant] Success: Inserted 73 vectors.
2025-11-18 17:24:27,697 - INFO - ThreadPoolExecutor-0_0 - grpc_handler - [GRPC IN] ReceiveVectors processed successfully.
2025-11-18 17:24:27,925 - INFO - MainThread - __main__ - API: /add called. ReqID: 143, Vectors: 256
2025-11-18 17:24:27,926 - INFO - MainThread - server_logic - [Client Request] Client wants to add 256 vectors. My Status: clustered
2025-11-18 17:24:27,926 - INFO - MainThread - server_logic - [Client Request] System Clustered. Routing vectors to appropriate peers.
2025-11-18 17:24:27,926 - INFO - MainThread - server_logic - [Router] Routing 256 vectors among 16 nodes (Replicas: 4).
2025-11-18 17:24:27,926 - INFO - MainThread - server_logic - [DEBUG] found replica for vector: 1
2025-11-18 17:24:27,926 - INFO - MainThread - server_logic - [DEBUG] found replica for vector: 2
2025-11-18 17:24:27,926 - INFO - MainThread - server_logic - [DEBUG] found replica for vector: 3
2025-11-18 17:24:27,926 - INFO - MainThread - server_logic - [DEBUG] found replica for vector: 4
2025-11-18 17:24:27,926 - INFO - MainThread - server_logic - [DEBUG] found replica for vector: 1
2025-11-18 17:24:27,926 - INFO - MainThread - server_logic - [DEBUG] found replica for vector: 2
2025-11-18 17:24:27,926 - INFO - MainThread - server_logic - [DEBUG] found replica for vector: 3
2025-11-18 17:24:27,926 - INFO - MainThread - server_logic - [DEBUG] found replica for vector: 4
2025-11-18 17:24:27,926 - INFO - MainThread - server_logic - [DEBUG] found replica for vector: 1
2025-11-18 17:24:27,926 - INFO - MainThread - server_logic - [DEBUG] found replica for vector: 2
2025-11-18 17:24:27,926 - INFO - MainThread - server_logic - [DEBUG] found replica for vector: 3
2025-11-18 17:24:27,926 - INFO - MainThread - server_logic - [DEBUG] found replica for vector: 4
2025-11-18 17:24:27,926 - INFO - MainThread - server_logic - [DEBUG] found replica for vector: 1
2025-11-18 17:24:27,926 - INFO - MainThread - server_logic - [DEBUG] found replica for vector: 2
2025-11-18 17:24:27,926 - INFO - MainThread - server_logic - [DEBUG] found replica for vector: 3
2025-11-18 17:24:27,926 - INFO - MainThread - server_logic - [DEBUG] found replica for vector: 4
2025-11-18 17:24:27,926 - INFO - MainThread - server_logic - [DEBUG] found replica for vector: 1
2025-11-18 17:24:27,926 - INFO - MainThread - server_logic - [DEBUG] found replica for vector: 2
2025-11-18 17:24:27,926 - INFO - MainThread - server_logic - [DEBUG] found replica for vector: 3
2025-11-18 17:24:27,926 - INFO - MainThread - server_logic - [DEBUG] to me replica for vector: 3
2025-11-18 17:24:27,926 - INFO - MainThread - server_logic - [DEBUG] found replica for vector: 1
2025-11-18 17:24:27,926 - INFO - MainThread - server_logic - [DEBUG] found replica for vector: 2
2025-11-18 17:24:27,926 - INFO - MainThread - server_logic - [DEBUG] found replica for vector: 3
2025-11-18 17:24:27,926 - INFO - MainThread - server_logic - [DEBUG] found replica for vector: 4
2025-11-18 17:24:27,927 - INFO - MainThread - server_logic - [DEBUG] found replica for vector: 1
2025-11-18 17:24:27,927 - INFO - MainThread - server_logic - [DEBUG] found replica for vector: 2
2025-11-18 17:24:27,927 - INFO - MainThread - server_logic - [DEBUG] found replica for vector: 3
2025-11-18 17:24:27,927 - INFO - MainThread - server_logic - [DEBUG] found replica for vector: 4
2025-11-18 17:24:27,927 - INFO - MainThread - server_logic - [DEBUG] found replica for vector: 1
2025-11-18 17:24:27,927 - INFO - MainThread - server_logic - [DEBUG] found replica for vector: 2
2025-11-18 17:24:27,927 - INFO - MainThread - server_logic - [DEBUG] found replica for vector: 3
2025-11-18 17:24:27,927 - INFO - MainThread - server_logic - [DEBUG] found replica for vector: 4
2025-11-18 17:24:27,927 - INFO - MainThread - server_logic - [DEBUG] found replica for vector: 1
2025-11-18 17:24:27,927 - INFO - MainThread - server_logic - [DEBUG] found replica for vector: 2
2025-11-18 17:24:27,927 - INFO - MainThread - server_logic - [DEBUG] found replica for vector: 3
2025-11-18 17:24:27,927 - INFO - MainThread - server_logic - [DEBUG] to me replica for vector: 3
2025-11-18 17:24:27,927 - INFO - MainThread - server_logic - [DEBUG] found replica for vector: 1
2025-11-18 17:24:27,927 - INFO - MainThread - server_logic - [DEBUG] found replica for vector: 2
2025-11-18 17:24:27,927 - INFO - MainThread - server_logic - [DEBUG] found replica for vector: 3
2025-11-18 17:24:27,927 - INFO - MainThread - server_logic - [DEBUG] found replica for vector: 4
2025-11-18 17:24:27,927 - INFO - MainThread - server_logic - [DEBUG] found replica for vector: 1
2025-11-18 17:24:27,927 - INFO - MainThread - server_logic - [DEBUG] found replica for vector: 2
2025-11-18 17:24:27,927 - INFO - MainThread - server_logic - [DEBUG] found replica for vector: 3
2025-11-18 17:24:27,927 - INFO - MainThread - server_logic - [DEBUG] found replica for vector: 4
2025-11-18 17:24:27,927 - INFO - MainThread - server_logic - [DEBUG] found replica for vector: 1
2025-11-18 17:24:27,927 - INFO - MainThread - server_logic - [DEBUG] found replica for vector: 2
2025-11-18 17:24:27,927 - INFO - MainThread - server_logic - [DEBUG] found replica for vector: 3
2025-11-18 17:24:27,927 - INFO - MainThread - server_logic - [DEBUG] found replica for vector: 4
2025-11-18 17:24:27,927 - INFO - MainThread - server_logic - [DEBUG] found replica for vector: 1
2025-11-18 17:24:27,927 - INFO - MainThread - server_logic - [DEBUG] found replica for vector: 2
2025-11-18 17:24:27,927 - INFO - MainThread - server_logic - [DEBUG] found replica for vector: 3
2025-11-18 17:24:27,927 - INFO - MainThread - server_logic - [DEBUG] to me replica for vector: 3
2025-11-18 17:24:27,927 - INFO - MainThread - server_logic - [DEBUG] found replica for vector: 1
2025-11-18 17:24:27,927 - INFO - MainThread - server_logic - [DEBUG] found replica for vector: 2
2025-11-18 17:24:27,927 - INFO - MainThread - server_logic - [DEBUG] found replica for vector: 3
2025-11-18 17:24:27,927 - INFO - MainThread - server_logic - [DEBUG] found replica for vector: 4
2025-11-18 17:24:27,927 - INFO - MainThread - server_logic - [DEBUG] found replica for vector: 1
2025-11-18 17:24:27,927 - INFO - MainThread - server_logic - [DEBUG] found replica for vector: 2
2025-11-18 17:24:27,927 - INFO - MainThread - server_logic - [DEBUG] found replica for vector: 3
2025-11-18 17:24:27,927 - INFO - MainThread - server_logic - [DEBUG] to me replica for vector: 3
2025-11-18 17:24:27,927 - INFO - MainThread - server_logic - [DEBUG] found replica for vector: 1
2025-11-18 17:24:27,927 - INFO - MainThread - server_logic - [DEBUG] found replica for vector: 2
2025-11-18 17:24:27,927 - INFO - MainThread - server_logic - [DEBUG] found replica for vector: 3
2025-11-18 17:24:27,927 - INFO - MainThread - server_logic - [DEBUG] to me replica for vector: 3
2025-11-18 17:24:27,927 - INFO - MainThread - server_logic - [DEBUG] found replica for vector: 1
2025-11-18 17:24:27,927 - INFO - MainThread - server_logic - [DEBUG] found replica for vector: 2
2025-11-18 17:24:27,927 - INFO - MainThread - server_logic - [DEBUG] found replica for vector: 3
2025-11-18 17:24:27,927 - INFO - MainThread - server_logic - [DEBUG] found replica for vector: 4
2025-11-18 17:24:27,927 - INFO - MainThread - server_logic - [DEBUG] found replica for vector: 1
2025-11-18 17:24:27,927 - INFO - MainThread - server_logic - [DEBUG] found replica for vector: 2
2025-11-18 17:24:27,927 - INFO - MainThread - server_logic - [DEBUG] found replica for vector: 3
2025-11-18 17:24:27,927 - INFO - MainThread - server_logic - [DEBUG] to me replica for vector: 3
2025-11-18 17:24:27,927 - INFO - MainThread - server_logic - [DEBUG] found replica for vector: 1
2025-11-18 17:24:27,927 - INFO - MainThread - server_logic - [DEBUG] found replica for vector: 2
2025-11-18 17:24:27,927 - INFO - MainThread - server_logic - [DEBUG] found replica for vector: 3
2025-11-18 17:24:27,928 - INFO - MainThread - server_logic - [DEBUG] to me replica for vector: 3
2025-11-18 17:24:27,928 - INFO - MainThread - server_logic - [DEBUG] found replica for vector: 1
2025-11-18 17:24:27,928 - INFO - MainThread - server_logic - [DEBUG] found replica for vector: 2
2025-11-18 17:24:27,928 - INFO - MainThread - server_logic - [DEBUG] found replica for vector: 3
2025-11-18 17:24:27,928 - INFO - MainThread - server_logic - [DEBUG] found replica for vector: 4
2025-11-18 17:24:27,928 - INFO - MainThread - server_logic - [DEBUG] found replica for vector: 1
2025-11-18 17:24:27,928 - INFO - MainThread - server_logic - [DEBUG] found replica for vector: 2
2025-11-18 17:24:27,928 - INFO - MainThread - server_logic - [DEBUG] found replica for vector: 3
2025-11-18 17:24:27,928 - INFO - MainThread - server_logic - [DEBUG] found replica for vector: 4
2025-11-18 17:24:27,928 - INFO - MainThread - server_logic - [DEBUG] found replica for vector: 1
2025-11-18 17:24:27,928 - INFO - MainThread - server_logic - [DEBUG] found replica for vector: 2
2025-11-18 17:24:27,928 - INFO - MainThread - server_logic - [DEBUG] found replica for vector: 3
2025-11-18 17:24:27,928 - INFO - MainThread - server_logic - [DEBUG] to me replica for vector: 3
2025-11-18 17:24:27,928 - INFO - MainThread - server_logic - [DEBUG] found replica for vector: 1
2025-11-18 17:24:27,928 - INFO - MainThread - server_logic - [DEBUG] found replica for vector: 2
2025-11-18 17:24:27,928 - INFO - MainThread - server_logic - [DEBUG] found replica for vector: 3
2025-11-18 17:24:27,928 - INFO - MainThread - server_logic - [DEBUG] found replica for vector: 4
2025-11-18 17:24:27,928 - INFO - MainThread - server_logic - [DEBUG] found replica for vector: 1
2025-11-18 17:24:27,928 - INFO - MainThread - server_logic - [DEBUG] found replica for vector: 2
2025-11-18 17:24:27,928 - INFO - MainThread - server_logic - [DEBUG] found replica for vector: 3
2025-11-18 17:24:27,928 - INFO - MainThread - server_logic - [DEBUG] found replica for vector: 4
2025-11-18 17:24:27,928 - INFO - MainThread - server_logic - [DEBUG] found replica for vector: 1
2025-11-18 17:24:27,928 - INFO - MainThread - server_logic - [DEBUG] found replica for vector: 2
2025-11-18 17:24:27,928 - INFO - MainThread - server_logic - [DEBUG] found replica for vector: 3
2025-11-18 17:24:27,928 - INFO - MainThread - server_logic - [DEBUG] found replica for vector: 4
2025-11-18 17:24:27,928 - INFO - MainThread - server_logic - [DEBUG] found replica for vector: 1
2025-11-18 17:24:27,928 - INFO - MainThread - server_logic - [DEBUG] found replica for vector: 2
2025-11-18 17:24:27,928 - INFO - MainThread - server_logic - [DEBUG] found replica for vector: 3
2025-11-18 17:24:27,928 - INFO - MainThread - server_logic - [DEBUG] found replica for vector: 4
2025-11-18 17:24:27,928 - INFO - MainThread - server_logic - [DEBUG] found replica for vector: 1
2025-11-18 17:24:27,928 - INFO - MainThread - server_logic - [DEBUG] found replica for vector: 2
2025-11-18 17:24:27,928 - INFO - MainThread - server_logic - [DEBUG] found replica for vector: 3
2025-11-18 17:24:27,928 - INFO - MainThread - server_logic - [DEBUG] found replica for vector: 4
2025-11-18 17:24:27,928 - INFO - MainThread - server_logic - [DEBUG] found replica for vector: 1
2025-11-18 17:24:27,928 - INFO - MainThread - server_logic - [DEBUG] found replica for vector: 2
2025-11-18 17:24:27,928 - INFO - MainThread - server_logic - [DEBUG] found replica for vector: 3
2025-11-18 17:24:27,928 - INFO - MainThread - server_logic - [DEBUG] found replica for vector: 4
2025-11-18 17:24:27,928 - INFO - MainThread - server_logic - [DEBUG] found replica for vector: 1
2025-11-18 17:24:27,928 - INFO - MainThread - server_logic - [DEBUG] found replica for vector: 2
2025-11-18 17:24:27,928 - INFO - MainThread - server_logic - [DEBUG] found replica for vector: 3
2025-11-18 17:24:27,928 - INFO - MainThread - server_logic - [DEBUG] found replica for vector: 4
2025-11-18 17:24:27,929 - INFO - MainThread - server_logic - [DEBUG] found replica for vector: 1
2025-11-18 17:24:27,929 - INFO - MainThread - server_logic - [DEBUG] found replica for vector: 2
2025-11-18 17:24:27,929 - INFO - MainThread - server_logic - [DEBUG] found replica for vector: 3
2025-11-18 17:24:27,929 - INFO - MainThread - server_logic - [DEBUG] found replica for vector: 4
2025-11-18 17:24:27,929 - INFO - MainThread - server_logic - [DEBUG] found replica for vector: 1
2025-11-18 17:24:27,929 - INFO - MainThread - server_logic - [DEBUG] found replica for vector: 2
2025-11-18 17:24:27,929 - INFO - MainThread - server_logic - [DEBUG] found replica for vector: 3
2025-11-18 17:24:27,929 - INFO - MainThread - server_logic - [DEBUG] to me replica for vector: 3
2025-11-18 17:24:27,929 - INFO - MainThread - server_logic - [DEBUG] found replica for vector: 1
2025-11-18 17:24:27,929 - INFO - MainThread - server_logic - [DEBUG] found replica for vector: 2
2025-11-18 17:24:27,929 - INFO - MainThread - server_logic - [DEBUG] found replica for vector: 3
2025-11-18 17:24:27,929 - INFO - MainThread - server_logic - [DEBUG] found replica for vector: 4
2025-11-18 17:24:27,929 - INFO - MainThread - server_logic - [DEBUG] found replica for vector: 1
2025-11-18 17:24:27,929 - INFO - MainThread - server_logic - [DEBUG] found replica for vector: 2
2025-11-18 17:24:27,929 - INFO - MainThread - server_logic - [DEBUG] found replica for vector: 3
2025-11-18 17:24:27,929 - INFO - MainThread - server_logic - [DEBUG] found replica for vector: 4
2025-11-18 17:24:27,929 - INFO - MainThread - server_logic - [DEBUG] found replica for vector: 1
2025-11-18 17:24:27,929 - INFO - MainThread - server_logic - [DEBUG] found replica for vector: 2
2025-11-18 17:24:27,929 - INFO - MainThread - server_logic - [DEBUG] found replica for vector: 3
2025-11-18 17:24:27,929 - INFO - MainThread - server_logic - [DEBUG] to me replica for vector: 3
2025-11-18 17:24:27,929 - INFO - MainThread - server_logic - [DEBUG] found replica for vector: 1
2025-11-18 17:24:27,929 - INFO - MainThread - server_logic - [DEBUG] found replica for vector: 2
2025-11-18 17:24:27,929 - INFO - MainThread - server_logic - [DEBUG] found replica for vector: 3
2025-11-18 17:24:27,929 - INFO - MainThread - server_logic - [DEBUG] found replica for vector: 4
2025-11-18 17:24:27,929 - INFO - MainThread - server_logic - [DEBUG] found replica for vector: 1
2025-11-18 17:24:27,929 - INFO - MainThread - server_logic - [DEBUG] found replica for vector: 2
2025-11-18 17:24:27,929 - INFO - MainThread - server_logic - [DEBUG] found replica for vector: 3
2025-11-18 17:24:27,929 - INFO - MainThread - server_logic - [DEBUG] found replica for vector: 4
2025-11-18 17:24:27,929 - INFO - MainThread - server_logic - [DEBUG] found replica for vector: 1
2025-11-18 17:24:27,929 - INFO - MainThread - server_logic - [DEBUG] found replica for vector: 2
2025-11-18 17:24:27,929 - INFO - MainThread - server_logic - [DEBUG] found replica for vector: 3
2025-11-18 17:24:27,929 - INFO - MainThread - server_logic - [DEBUG] found replica for vector: 4
2025-11-18 17:24:27,929 - INFO - MainThread - server_logic - [DEBUG] found replica for vector: 1
2025-11-18 17:24:27,929 - INFO - MainThread - server_logic - [DEBUG] found replica for vector: 2
2025-11-18 17:24:27,929 - INFO - MainThread - server_logic - [DEBUG] found replica for vector: 3
2025-11-18 17:24:27,929 - INFO - MainThread - server_logic - [DEBUG] found replica for vector: 4
2025-11-18 17:24:27,929 - INFO - MainThread - server_logic - [DEBUG] found replica for vector: 1
2025-11-18 17:24:27,929 - INFO - MainThread - server_logic - [DEBUG] found replica for vector: 2
2025-11-18 17:24:27,929 - INFO - MainThread - server_logic - [DEBUG] found replica for vector: 3
2025-11-18 17:24:27,929 - INFO - MainThread - server_logic - [DEBUG] found replica for vector: 4
2025-11-18 17:24:27,929 - INFO - MainThread - server_logic - [DEBUG] found replica for vector: 1
2025-11-18 17:24:27,929 - INFO - MainThread - server_logic - [DEBUG] found replica for vector: 2
2025-11-18 17:24:27,929 - INFO - MainThread - server_logic - [DEBUG] found replica for vector: 3
2025-11-18 17:24:27,929 - INFO - MainThread - server_logic - [DEBUG] to me replica for vector: 3
2025-11-18 17:24:27,929 - INFO - MainThread - server_logic - [DEBUG] found replica for vector: 1
2025-11-18 17:24:27,929 - INFO - MainThread - server_logic - [DEBUG] found replica for vector: 2
2025-11-18 17:24:27,929 - INFO - MainThread - server_logic - [DEBUG] found replica for vector: 3
2025-11-18 17:24:27,929 - INFO - MainThread - server_logic - [DEBUG] found replica for vector: 4
2025-11-18 17:24:27,929 - INFO - MainThread - server_logic - [DEBUG] found replica for vector: 1
2025-11-18 17:24:27,929 - INFO - MainThread - server_logic - [DEBUG] found replica for vector: 2
2025-11-18 17:24:27,929 - INFO - MainThread - server_logic - [DEBUG] found replica for vector: 3
2025-11-18 17:24:27,930 - INFO - MainThread - server_logic - [DEBUG] to me replica for vector: 3
2025-11-18 17:24:27,930 - INFO - MainThread - server_logic - [DEBUG] found replica for vector: 1
2025-11-18 17:24:27,930 - INFO - MainThread - server_logic - [DEBUG] found replica for vector: 2
2025-11-18 17:24:27,930 - INFO - MainThread - server_logic - [DEBUG] found replica for vector: 3
2025-11-18 17:24:27,930 - INFO - MainThread - server_logic - [DEBUG] to me replica for vector: 3
2025-11-18 17:24:27,930 - INFO - MainThread - server_logic - [DEBUG] found replica for vector: 1
2025-11-18 17:24:27,930 - INFO - MainThread - server_logic - [DEBUG] found replica for vector: 2
2025-11-18 17:24:27,930 - INFO - MainThread - server_logic - [DEBUG] found replica for vector: 3
2025-11-18 17:24:27,930 - INFO - MainThread - server_logic - [DEBUG] to me replica for vector: 3
2025-11-18 17:24:27,930 - INFO - MainThread - server_logic - [DEBUG] found replica for vector: 1
2025-11-18 17:24:27,930 - INFO - MainThread - server_logic - [DEBUG] found replica for vector: 2
2025-11-18 17:24:27,930 - INFO - MainThread - server_logic - [DEBUG] found replica for vector: 3
2025-11-18 17:24:27,930 - INFO - MainThread - server_logic - [DEBUG] found replica for vector: 4
2025-11-18 17:24:27,930 - INFO - MainThread - server_logic - [DEBUG] found replica for vector: 1
2025-11-18 17:24:27,930 - INFO - MainThread - server_logic - [DEBUG] found replica for vector: 2
2025-11-18 17:24:27,930 - INFO - MainThread - server_logic - [DEBUG] found replica for vector: 3
2025-11-18 17:24:27,930 - INFO - MainThread - server_logic - [DEBUG] found replica for vector: 4
2025-11-18 17:24:27,930 - INFO - MainThread - server_logic - [DEBUG] found replica for vector: 1
2025-11-18 17:24:27,930 - INFO - MainThread - server_logic - [DEBUG] found replica for vector: 2
2025-11-18 17:24:27,930 - INFO - MainThread - server_logic - [DEBUG] found replica for vector: 3
2025-11-18 17:24:27,930 - INFO - MainThread - server_logic - [DEBUG] found replica for vector: 4
2025-11-18 17:24:27,930 - INFO - MainThread - server_logic - [DEBUG] found replica for vector: 1
2025-11-18 17:24:27,930 - INFO - MainThread - server_logic - [DEBUG] found replica for vector: 2
2025-11-18 17:24:27,930 - INFO - MainThread - server_logic - [DEBUG] found replica for vector: 3
2025-11-18 17:24:27,930 - INFO - MainThread - server_logic - [DEBUG] found replica for vector: 4
2025-11-18 17:24:27,930 - INFO - MainThread - server_logic - [DEBUG] found replica for vector: 1
2025-11-18 17:24:27,930 - INFO - MainThread - server_logic - [DEBUG] found replica for vector: 2
2025-11-18 17:24:27,930 - INFO - MainThread - server_logic - [DEBUG] found replica for vector: 3
2025-11-18 17:24:27,930 - INFO - MainThread - server_logic - [DEBUG] to me replica for vector: 3
2025-11-18 17:24:27,930 - INFO - MainThread - server_logic - [DEBUG] found replica for vector: 1
2025-11-18 17:24:27,930 - INFO - MainThread - server_logic - [DEBUG] found replica for vector: 2
2025-11-18 17:24:27,930 - INFO - MainThread - server_logic - [DEBUG] found replica for vector: 3
2025-11-18 17:24:27,930 - INFO - MainThread - server_logic - [DEBUG] to me replica for vector: 3
2025-11-18 17:24:27,930 - INFO - MainThread - server_logic - [DEBUG] found replica for vector: 1
2025-11-18 17:24:27,930 - INFO - MainThread - server_logic - [DEBUG] found replica for vector: 2
2025-11-18 17:24:27,930 - INFO - MainThread - server_logic - [DEBUG] found replica for vector: 3
2025-11-18 17:24:27,930 - INFO - MainThread - server_logic - [DEBUG] to me replica for vector: 3
2025-11-18 17:24:27,930 - INFO - MainThread - server_logic - [DEBUG] found replica for vector: 1
2025-11-18 17:24:27,930 - INFO - MainThread - server_logic - [DEBUG] found replica for vector: 2
2025-11-18 17:24:27,930 - INFO - MainThread - server_logic - [DEBUG] found replica for vector: 3
2025-11-18 17:24:27,930 - INFO - MainThread - server_logic - [DEBUG] found replica for vector: 4
2025-11-18 17:24:27,930 - INFO - MainThread - server_logic - [DEBUG] found replica for vector: 1
2025-11-18 17:24:27,930 - INFO - MainThread - server_logic - [DEBUG] found replica for vector: 2
2025-11-18 17:24:27,930 - INFO - MainThread - server_logic - [DEBUG] found replica for vector: 3
2025-11-18 17:24:27,930 - INFO - MainThread - server_logic - [DEBUG] found replica for vector: 4
2025-11-18 17:24:27,930 - INFO - MainThread - server_logic - [DEBUG] found replica for vector: 1
2025-11-18 17:24:27,930 - INFO - MainThread - server_logic - [DEBUG] found replica for vector: 2
2025-11-18 17:24:27,930 - INFO - MainThread - server_logic - [DEBUG] found replica for vector: 3
2025-11-18 17:24:27,930 - INFO - MainThread - server_logic - [DEBUG] found replica for vector: 4
2025-11-18 17:24:27,930 - INFO - MainThread - server_logic - [DEBUG] found replica for vector: 1
2025-11-18 17:24:27,930 - INFO - MainThread - server_logic - [DEBUG] found replica for vector: 2
2025-11-18 17:24:27,930 - INFO - MainThread - server_logic - [DEBUG] found replica for vector: 3
2025-11-18 17:24:27,931 - INFO - MainThread - server_logic - [DEBUG] found replica for vector: 4
2025-11-18 17:24:27,931 - INFO - MainThread - server_logic - [DEBUG] found replica for vector: 1
2025-11-18 17:24:27,931 - INFO - MainThread - server_logic - [DEBUG] found replica for vector: 2
2025-11-18 17:24:27,931 - INFO - MainThread - server_logic - [DEBUG] found replica for vector: 3
2025-11-18 17:24:27,931 - INFO - MainThread - server_logic - [DEBUG] found replica for vector: 4
2025-11-18 17:24:27,931 - INFO - MainThread - server_logic - [DEBUG] found replica for vector: 1
2025-11-18 17:24:27,931 - INFO - MainThread - server_logic - [DEBUG] found replica for vector: 2
2025-11-18 17:24:27,931 - INFO - MainThread - server_logic - [DEBUG] found replica for vector: 3
2025-11-18 17:24:27,931 - INFO - MainThread - server_logic - [DEBUG] found replica for vector: 4
2025-11-18 17:24:27,931 - INFO - MainThread - server_logic - [DEBUG] found replica for vector: 1
2025-11-18 17:24:27,931 - INFO - MainThread - server_logic - [DEBUG] found replica for vector: 2
2025-11-18 17:24:27,931 - INFO - MainThread - server_logic - [DEBUG] found replica for vector: 3
2025-11-18 17:24:27,931 - INFO - MainThread - server_logic - [DEBUG] found replica for vector: 4
2025-11-18 17:24:27,931 - INFO - MainThread - server_logic - [DEBUG] found replica for vector: 1
2025-11-18 17:24:27,931 - INFO - MainThread - server_logic - [DEBUG] found replica for vector: 2
2025-11-18 17:24:27,931 - INFO - MainThread - server_logic - [DEBUG] found replica for vector: 3
2025-11-18 17:24:27,931 - INFO - MainThread - server_logic - [DEBUG] found replica for vector: 4
2025-11-18 17:24:27,931 - INFO - MainThread - server_logic - [DEBUG] found replica for vector: 1
2025-11-18 17:24:27,931 - INFO - MainThread - server_logic - [DEBUG] found replica for vector: 2
2025-11-18 17:24:27,931 - INFO - MainThread - server_logic - [DEBUG] found replica for vector: 3
2025-11-18 17:24:27,931 - INFO - MainThread - server_logic - [DEBUG] found replica for vector: 4
2025-11-18 17:24:27,931 - INFO - MainThread - server_logic - [DEBUG] found replica for vector: 1
2025-11-18 17:24:27,931 - INFO - MainThread - server_logic - [DEBUG] found replica for vector: 2
2025-11-18 17:24:27,931 - INFO - MainThread - server_logic - [DEBUG] found replica for vector: 3
2025-11-18 17:24:27,931 - INFO - MainThread - server_logic - [DEBUG] found replica for vector: 4
2025-11-18 17:24:27,931 - INFO - MainThread - server_logic - [DEBUG] found replica for vector: 1
2025-11-18 17:24:27,931 - INFO - MainThread - server_logic - [DEBUG] found replica for vector: 2
2025-11-18 17:24:27,931 - INFO - MainThread - server_logic - [DEBUG] found replica for vector: 3
2025-11-18 17:24:27,931 - INFO - MainThread - server_logic - [DEBUG] found replica for vector: 4
2025-11-18 17:24:27,931 - INFO - MainThread - server_logic - [DEBUG] found replica for vector: 1
2025-11-18 17:24:27,931 - INFO - MainThread - server_logic - [DEBUG] found replica for vector: 2
2025-11-18 17:24:27,931 - INFO - MainThread - server_logic - [DEBUG] found replica for vector: 3
2025-11-18 17:24:27,931 - INFO - MainThread - server_logic - [DEBUG] found replica for vector: 4
2025-11-18 17:24:27,931 - INFO - MainThread - server_logic - [DEBUG] found replica for vector: 1
2025-11-18 17:24:27,931 - INFO - MainThread - server_logic - [DEBUG] found replica for vector: 2
2025-11-18 17:24:27,931 - INFO - MainThread - server_logic - [DEBUG] found replica for vector: 3
2025-11-18 17:24:27,931 - INFO - MainThread - server_logic - [DEBUG] found replica for vector: 4
2025-11-18 17:24:27,931 - INFO - MainThread - server_logic - [DEBUG] found replica for vector: 1
2025-11-18 17:24:27,931 - INFO - MainThread - server_logic - [DEBUG] found replica for vector: 2
2025-11-18 17:24:27,931 - INFO - MainThread - server_logic - [DEBUG] found replica for vector: 3
2025-11-18 17:24:27,931 - INFO - MainThread - server_logic - [DEBUG] found replica for vector: 4
2025-11-18 17:24:27,931 - INFO - MainThread - server_logic - [DEBUG] found replica for vector: 1
2025-11-18 17:24:27,931 - INFO - MainThread - server_logic - [DEBUG] found replica for vector: 2
2025-11-18 17:24:27,931 - INFO - MainThread - server_logic - [DEBUG] found replica for vector: 3
2025-11-18 17:24:27,931 - INFO - MainThread - server_logic - [DEBUG] found replica for vector: 4
2025-11-18 17:24:27,931 - INFO - MainThread - server_logic - [DEBUG] found replica for vector: 1
2025-11-18 17:24:27,931 - INFO - MainThread - server_logic - [DEBUG] found replica for vector: 2
2025-11-18 17:24:27,931 - INFO - MainThread - server_logic - [DEBUG] found replica for vector: 3
2025-11-18 17:24:27,931 - INFO - MainThread - server_logic - [DEBUG] found replica for vector: 4
2025-11-18 17:24:27,931 - INFO - MainThread - server_logic - [DEBUG] found replica for vector: 1
2025-11-18 17:24:27,931 - INFO - MainThread - server_logic - [DEBUG] found replica for vector: 2
2025-11-18 17:24:27,931 - INFO - MainThread - server_logic - [DEBUG] found replica for vector: 3
2025-11-18 17:24:27,932 - INFO - MainThread - server_logic - [DEBUG] found replica for vector: 4
2025-11-18 17:24:27,932 - INFO - MainThread - server_logic - [DEBUG] found replica for vector: 1
2025-11-18 17:24:27,932 - INFO - MainThread - server_logic - [DEBUG] found replica for vector: 2
2025-11-18 17:24:27,932 - INFO - MainThread - server_logic - [DEBUG] found replica for vector: 3
2025-11-18 17:24:27,932 - INFO - MainThread - server_logic - [DEBUG] to me replica for vector: 3
2025-11-18 17:24:27,932 - INFO - MainThread - server_logic - [DEBUG] found replica for vector: 1
2025-11-18 17:24:27,932 - INFO - MainThread - server_logic - [DEBUG] found replica for vector: 2
2025-11-18 17:24:27,932 - INFO - MainThread - server_logic - [DEBUG] found replica for vector: 3
2025-11-18 17:24:27,932 - INFO - MainThread - server_logic - [DEBUG] found replica for vector: 4
2025-11-18 17:24:27,932 - INFO - MainThread - server_logic - [DEBUG] found replica for vector: 1
2025-11-18 17:24:27,932 - INFO - MainThread - server_logic - [DEBUG] found replica for vector: 2
2025-11-18 17:24:27,932 - INFO - MainThread - server_logic - [DEBUG] found replica for vector: 3
2025-11-18 17:24:27,932 - INFO - MainThread - server_logic - [DEBUG] found replica for vector: 4
2025-11-18 17:24:27,932 - INFO - MainThread - server_logic - [DEBUG] found replica for vector: 1
2025-11-18 17:24:27,932 - INFO - MainThread - server_logic - [DEBUG] found replica for vector: 2
2025-11-18 17:24:27,932 - INFO - MainThread - server_logic - [DEBUG] found replica for vector: 3
2025-11-18 17:24:27,932 - INFO - MainThread - server_logic - [DEBUG] found replica for vector: 4
2025-11-18 17:24:27,932 - INFO - MainThread - server_logic - [DEBUG] found replica for vector: 1
2025-11-18 17:24:27,932 - INFO - MainThread - server_logic - [DEBUG] found replica for vector: 2
2025-11-18 17:24:27,932 - INFO - MainThread - server_logic - [DEBUG] found replica for vector: 3
2025-11-18 17:24:27,932 - INFO - MainThread - server_logic - [DEBUG] found replica for vector: 4
2025-11-18 17:24:27,932 - INFO - MainThread - server_logic - [DEBUG] found replica for vector: 1
2025-11-18 17:24:27,932 - INFO - MainThread - server_logic - [DEBUG] found replica for vector: 2
2025-11-18 17:24:27,932 - INFO - MainThread - server_logic - [DEBUG] found replica for vector: 3
2025-11-18 17:24:27,932 - INFO - MainThread - server_logic - [DEBUG] found replica for vector: 4
2025-11-18 17:24:27,932 - INFO - MainThread - server_logic - [DEBUG] found replica for vector: 1
2025-11-18 17:24:27,932 - INFO - MainThread - server_logic - [DEBUG] found replica for vector: 2
2025-11-18 17:24:27,932 - INFO - MainThread - server_logic - [DEBUG] found replica for vector: 3
2025-11-18 17:24:27,932 - INFO - MainThread - server_logic - [DEBUG] found replica for vector: 4
2025-11-18 17:24:27,932 - INFO - MainThread - server_logic - [DEBUG] found replica for vector: 1
2025-11-18 17:24:27,932 - INFO - MainThread - server_logic - [DEBUG] found replica for vector: 2
2025-11-18 17:24:27,932 - INFO - MainThread - server_logic - [DEBUG] found replica for vector: 3
2025-11-18 17:24:27,932 - INFO - MainThread - server_logic - [DEBUG] found replica for vector: 4
2025-11-18 17:24:27,932 - INFO - MainThread - server_logic - [DEBUG] found replica for vector: 1
2025-11-18 17:24:27,932 - INFO - MainThread - server_logic - [DEBUG] found replica for vector: 2
2025-11-18 17:24:27,932 - INFO - MainThread - server_logic - [DEBUG] found replica for vector: 3
2025-11-18 17:24:27,932 - INFO - MainThread - server_logic - [DEBUG] to me replica for vector: 3
2025-11-18 17:24:27,932 - INFO - MainThread - server_logic - [DEBUG] found replica for vector: 1
2025-11-18 17:24:27,932 - INFO - MainThread - server_logic - [DEBUG] found replica for vector: 2
2025-11-18 17:24:27,932 - INFO - MainThread - server_logic - [DEBUG] found replica for vector: 3
2025-11-18 17:24:27,932 - INFO - MainThread - server_logic - [DEBUG] to me replica for vector: 3
2025-11-18 17:24:27,932 - INFO - MainThread - server_logic - [DEBUG] found replica for vector: 1
2025-11-18 17:24:27,932 - INFO - MainThread - server_logic - [DEBUG] found replica for vector: 2
2025-11-18 17:24:27,932 - INFO - MainThread - server_logic - [DEBUG] found replica for vector: 3
2025-11-18 17:24:27,932 - INFO - MainThread - server_logic - [DEBUG] found replica for vector: 4
2025-11-18 17:24:27,932 - INFO - MainThread - server_logic - [DEBUG] found replica for vector: 1
2025-11-18 17:24:27,932 - INFO - MainThread - server_logic - [DEBUG] found replica for vector: 2
2025-11-18 17:24:27,932 - INFO - MainThread - server_logic - [DEBUG] found replica for vector: 3
2025-11-18 17:24:27,932 - INFO - MainThread - server_logic - [DEBUG] found replica for vector: 4
2025-11-18 17:24:27,932 - INFO - MainThread - server_logic - [DEBUG] found replica for vector: 1
2025-11-18 17:24:27,932 - INFO - MainThread - server_logic - [DEBUG] found replica for vector: 2
2025-11-18 17:24:27,932 - INFO - MainThread - server_logic - [DEBUG] found replica for vector: 3
2025-11-18 17:24:27,932 - INFO - MainThread - server_logic - [DEBUG] to me replica for vector: 3
2025-11-18 17:24:27,933 - INFO - MainThread - server_logic - [DEBUG] found replica for vector: 1
2025-11-18 17:24:27,933 - INFO - MainThread - server_logic - [DEBUG] found replica for vector: 2
2025-11-18 17:24:27,933 - INFO - MainThread - server_logic - [DEBUG] found replica for vector: 3
2025-11-18 17:24:27,933 - INFO - MainThread - server_logic - [DEBUG] found replica for vector: 4
2025-11-18 17:24:27,933 - INFO - MainThread - server_logic - [DEBUG] found replica for vector: 1
2025-11-18 17:24:27,933 - INFO - MainThread - server_logic - [DEBUG] found replica for vector: 2
2025-11-18 17:24:27,933 - INFO - MainThread - server_logic - [DEBUG] found replica for vector: 3
2025-11-18 17:24:27,933 - INFO - MainThread - server_logic - [DEBUG] found replica for vector: 4
2025-11-18 17:24:27,933 - INFO - MainThread - server_logic - [DEBUG] found replica for vector: 1
2025-11-18 17:24:27,933 - INFO - MainThread - server_logic - [DEBUG] found replica for vector: 2
2025-11-18 17:24:27,933 - INFO - MainThread - server_logic - [DEBUG] found replica for vector: 3
2025-11-18 17:24:27,933 - INFO - MainThread - server_logic - [DEBUG] to me replica for vector: 3
2025-11-18 17:24:27,933 - INFO - MainThread - server_logic - [DEBUG] found replica for vector: 1
2025-11-18 17:24:27,933 - INFO - MainThread - server_logic - [DEBUG] found replica for vector: 2
2025-11-18 17:24:27,933 - INFO - MainThread - server_logic - [DEBUG] found replica for vector: 3
2025-11-18 17:24:27,933 - INFO - MainThread - server_logic - [DEBUG] found replica for vector: 4
2025-11-18 17:24:27,933 - INFO - MainThread - server_logic - [DEBUG] found replica for vector: 1
2025-11-18 17:24:27,933 - INFO - MainThread - server_logic - [DEBUG] found replica for vector: 2
2025-11-18 17:24:27,933 - INFO - MainThread - server_logic - [DEBUG] found replica for vector: 3
2025-11-18 17:24:27,933 - INFO - MainThread - server_logic - [DEBUG] to me replica for vector: 3
2025-11-18 17:24:27,933 - INFO - MainThread - server_logic - [DEBUG] found replica for vector: 1
2025-11-18 17:24:27,933 - INFO - MainThread - server_logic - [DEBUG] found replica for vector: 2
2025-11-18 17:24:27,933 - INFO - MainThread - server_logic - [DEBUG] found replica for vector: 3
2025-11-18 17:24:27,933 - INFO - MainThread - server_logic - [DEBUG] found replica for vector: 4
2025-11-18 17:24:27,933 - INFO - MainThread - server_logic - [DEBUG] found replica for vector: 1
2025-11-18 17:24:27,933 - INFO - MainThread - server_logic - [DEBUG] found replica for vector: 2
2025-11-18 17:24:27,933 - INFO - MainThread - server_logic - [DEBUG] found replica for vector: 3
2025-11-18 17:24:27,933 - INFO - MainThread - server_logic - [DEBUG] found replica for vector: 4
2025-11-18 17:24:27,933 - INFO - MainThread - server_logic - [DEBUG] found replica for vector: 1
2025-11-18 17:24:27,933 - INFO - MainThread - server_logic - [DEBUG] found replica for vector: 2
2025-11-18 17:24:27,933 - INFO - MainThread - server_logic - [DEBUG] found replica for vector: 3
2025-11-18 17:24:27,933 - INFO - MainThread - server_logic - [DEBUG] found replica for vector: 4
2025-11-18 17:24:27,933 - INFO - MainThread - server_logic - [DEBUG] found replica for vector: 1
2025-11-18 17:24:27,933 - INFO - MainThread - server_logic - [DEBUG] found replica for vector: 2
2025-11-18 17:24:27,933 - INFO - MainThread - server_logic - [DEBUG] found replica for vector: 3
2025-11-18 17:24:27,933 - INFO - MainThread - server_logic - [DEBUG] found replica for vector: 4
2025-11-18 17:24:27,933 - INFO - MainThread - server_logic - [DEBUG] found replica for vector: 1
2025-11-18 17:24:27,933 - INFO - MainThread - server_logic - [DEBUG] found replica for vector: 2
2025-11-18 17:24:27,933 - INFO - MainThread - server_logic - [DEBUG] found replica for vector: 3
2025-11-18 17:24:27,933 - INFO - MainThread - server_logic - [DEBUG] to me replica for vector: 3
2025-11-18 17:24:27,933 - INFO - MainThread - server_logic - [DEBUG] found replica for vector: 1
2025-11-18 17:24:27,933 - INFO - MainThread - server_logic - [DEBUG] found replica for vector: 2
2025-11-18 17:24:27,933 - INFO - MainThread - server_logic - [DEBUG] found replica for vector: 3
2025-11-18 17:24:27,933 - INFO - MainThread - server_logic - [DEBUG] found replica for vector: 4
2025-11-18 17:24:27,933 - INFO - MainThread - server_logic - [DEBUG] found replica for vector: 1
2025-11-18 17:24:27,933 - INFO - MainThread - server_logic - [DEBUG] found replica for vector: 2
2025-11-18 17:24:27,933 - INFO - MainThread - server_logic - [DEBUG] found replica for vector: 3
2025-11-18 17:24:27,933 - INFO - MainThread - server_logic - [DEBUG] found replica for vector: 4
2025-11-18 17:24:27,933 - INFO - MainThread - server_logic - [DEBUG] found replica for vector: 1
2025-11-18 17:24:27,933 - INFO - MainThread - server_logic - [DEBUG] found replica for vector: 2
2025-11-18 17:24:27,933 - INFO - MainThread - server_logic - [DEBUG] found replica for vector: 3
2025-11-18 17:24:27,933 - INFO - MainThread - server_logic - [DEBUG] found replica for vector: 4
2025-11-18 17:24:27,934 - INFO - MainThread - server_logic - [DEBUG] found replica for vector: 1
2025-11-18 17:24:27,934 - INFO - MainThread - server_logic - [DEBUG] found replica for vector: 2
2025-11-18 17:24:27,934 - INFO - MainThread - server_logic - [DEBUG] found replica for vector: 3
2025-11-18 17:24:27,934 - INFO - MainThread - server_logic - [DEBUG] found replica for vector: 4
2025-11-18 17:24:27,934 - INFO - MainThread - server_logic - [DEBUG] found replica for vector: 1
2025-11-18 17:24:27,934 - INFO - MainThread - server_logic - [DEBUG] found replica for vector: 2
2025-11-18 17:24:27,934 - INFO - MainThread - server_logic - [DEBUG] found replica for vector: 3
2025-11-18 17:24:27,934 - INFO - MainThread - server_logic - [DEBUG] to me replica for vector: 3
2025-11-18 17:24:27,934 - INFO - MainThread - server_logic - [DEBUG] found replica for vector: 1
2025-11-18 17:24:27,934 - INFO - MainThread - server_logic - [DEBUG] found replica for vector: 2
2025-11-18 17:24:27,934 - INFO - MainThread - server_logic - [DEBUG] found replica for vector: 3
2025-11-18 17:24:27,934 - INFO - MainThread - server_logic - [DEBUG] found replica for vector: 4
2025-11-18 17:24:27,934 - INFO - MainThread - server_logic - [DEBUG] found replica for vector: 1
2025-11-18 17:24:27,934 - INFO - MainThread - server_logic - [DEBUG] found replica for vector: 2
2025-11-18 17:24:27,934 - INFO - MainThread - server_logic - [DEBUG] found replica for vector: 3
2025-11-18 17:24:27,934 - INFO - MainThread - server_logic - [DEBUG] found replica for vector: 4
2025-11-18 17:24:27,934 - INFO - MainThread - server_logic - [DEBUG] found replica for vector: 1
2025-11-18 17:24:27,934 - INFO - MainThread - server_logic - [DEBUG] found replica for vector: 2
2025-11-18 17:24:27,934 - INFO - MainThread - server_logic - [DEBUG] found replica for vector: 3
2025-11-18 17:24:27,934 - INFO - MainThread - server_logic - [DEBUG] found replica for vector: 4
2025-11-18 17:24:27,934 - INFO - MainThread - server_logic - [DEBUG] found replica for vector: 1
2025-11-18 17:24:27,934 - INFO - MainThread - server_logic - [DEBUG] found replica for vector: 2
2025-11-18 17:24:27,934 - INFO - MainThread - server_logic - [DEBUG] found replica for vector: 3
2025-11-18 17:24:27,934 - INFO - MainThread - server_logic - [DEBUG] to me replica for vector: 3
2025-11-18 17:24:27,934 - INFO - MainThread - server_logic - [DEBUG] found replica for vector: 1
2025-11-18 17:24:27,934 - INFO - MainThread - server_logic - [DEBUG] found replica for vector: 2
2025-11-18 17:24:27,934 - INFO - MainThread - server_logic - [DEBUG] found replica for vector: 3
2025-11-18 17:24:27,934 - INFO - MainThread - server_logic - [DEBUG] found replica for vector: 4
2025-11-18 17:24:27,934 - INFO - MainThread - server_logic - [DEBUG] found replica for vector: 1
2025-11-18 17:24:27,934 - INFO - MainThread - server_logic - [DEBUG] found replica for vector: 2
2025-11-18 17:24:27,934 - INFO - MainThread - server_logic - [DEBUG] found replica for vector: 3
2025-11-18 17:24:27,934 - INFO - MainThread - server_logic - [DEBUG] to me replica for vector: 3
2025-11-18 17:24:27,934 - INFO - MainThread - server_logic - [DEBUG] found replica for vector: 1
2025-11-18 17:24:27,934 - INFO - MainThread - server_logic - [DEBUG] found replica for vector: 2
2025-11-18 17:24:27,934 - INFO - MainThread - server_logic - [DEBUG] found replica for vector: 3
2025-11-18 17:24:27,934 - INFO - MainThread - server_logic - [DEBUG] found replica for vector: 4
2025-11-18 17:24:27,934 - INFO - MainThread - server_logic - [DEBUG] found replica for vector: 1
2025-11-18 17:24:27,934 - INFO - MainThread - server_logic - [DEBUG] found replica for vector: 2
2025-11-18 17:24:27,934 - INFO - MainThread - server_logic - [DEBUG] found replica for vector: 3
2025-11-18 17:24:27,934 - INFO - MainThread - server_logic - [DEBUG] to me replica for vector: 3
2025-11-18 17:24:27,934 - INFO - MainThread - server_logic - [DEBUG] found replica for vector: 1
2025-11-18 17:24:27,934 - INFO - MainThread - server_logic - [DEBUG] found replica for vector: 2
2025-11-18 17:24:27,934 - INFO - MainThread - server_logic - [DEBUG] found replica for vector: 3
2025-11-18 17:24:27,934 - INFO - MainThread - server_logic - [DEBUG] found replica for vector: 4
2025-11-18 17:24:27,934 - INFO - MainThread - server_logic - [DEBUG] found replica for vector: 1
2025-11-18 17:24:27,934 - INFO - MainThread - server_logic - [DEBUG] found replica for vector: 2
2025-11-18 17:24:27,934 - INFO - MainThread - server_logic - [DEBUG] found replica for vector: 3
2025-11-18 17:24:27,934 - INFO - MainThread - server_logic - [DEBUG] found replica for vector: 4
2025-11-18 17:24:27,935 - INFO - MainThread - server_logic - [DEBUG] found replica for vector: 1
2025-11-18 17:24:27,935 - INFO - MainThread - server_logic - [DEBUG] found replica for vector: 2
2025-11-18 17:24:27,935 - INFO - MainThread - server_logic - [DEBUG] found replica for vector: 3
2025-11-18 17:24:27,935 - INFO - MainThread - server_logic - [DEBUG] found replica for vector: 4
2025-11-18 17:24:27,935 - INFO - MainThread - server_logic - [DEBUG] found replica for vector: 1
2025-11-18 17:24:27,935 - INFO - MainThread - server_logic - [DEBUG] found replica for vector: 2
2025-11-18 17:24:27,935 - INFO - MainThread - server_logic - [DEBUG] found replica for vector: 3
2025-11-18 17:24:27,935 - INFO - MainThread - server_logic - [DEBUG] found replica for vector: 4
2025-11-18 17:24:27,935 - INFO - MainThread - server_logic - [DEBUG] found replica for vector: 1
2025-11-18 17:24:27,935 - INFO - MainThread - server_logic - [DEBUG] found replica for vector: 2
2025-11-18 17:24:27,935 - INFO - MainThread - server_logic - [DEBUG] found replica for vector: 3
2025-11-18 17:24:27,935 - INFO - MainThread - server_logic - [DEBUG] found replica for vector: 4
2025-11-18 17:24:27,935 - INFO - MainThread - server_logic - [DEBUG] found replica for vector: 1
2025-11-18 17:24:27,935 - INFO - MainThread - server_logic - [DEBUG] found replica for vector: 2
2025-11-18 17:24:27,935 - INFO - MainThread - server_logic - [DEBUG] found replica for vector: 3
2025-11-18 17:24:27,935 - INFO - MainThread - server_logic - [DEBUG] found replica for vector: 4
2025-11-18 17:24:27,935 - INFO - MainThread - server_logic - [DEBUG] found replica for vector: 1
2025-11-18 17:24:27,935 - INFO - MainThread - server_logic - [DEBUG] found replica for vector: 2
2025-11-18 17:24:27,935 - INFO - MainThread - server_logic - [DEBUG] found replica for vector: 3
2025-11-18 17:24:27,935 - INFO - MainThread - server_logic - [DEBUG] to me replica for vector: 3
2025-11-18 17:24:27,935 - INFO - MainThread - server_logic - [DEBUG] found replica for vector: 1
2025-11-18 17:24:27,935 - INFO - MainThread - server_logic - [DEBUG] found replica for vector: 2
2025-11-18 17:24:27,935 - INFO - MainThread - server_logic - [DEBUG] found replica for vector: 3
2025-11-18 17:24:27,935 - INFO - MainThread - server_logic - [DEBUG] found replica for vector: 4
2025-11-18 17:24:27,935 - INFO - MainThread - server_logic - [DEBUG] found replica for vector: 1
2025-11-18 17:24:27,935 - INFO - MainThread - server_logic - [DEBUG] found replica for vector: 2
2025-11-18 17:24:27,935 - INFO - MainThread - server_logic - [DEBUG] found replica for vector: 3
2025-11-18 17:24:27,935 - INFO - MainThread - server_logic - [DEBUG] to me replica for vector: 3
2025-11-18 17:24:27,935 - INFO - MainThread - server_logic - [DEBUG] found replica for vector: 1
2025-11-18 17:24:27,935 - INFO - MainThread - server_logic - [DEBUG] found replica for vector: 2
2025-11-18 17:24:27,935 - INFO - MainThread - server_logic - [DEBUG] found replica for vector: 3
2025-11-18 17:24:27,935 - INFO - MainThread - server_logic - [DEBUG] to me replica for vector: 3
2025-11-18 17:24:27,935 - INFO - MainThread - server_logic - [DEBUG] found replica for vector: 1
2025-11-18 17:24:27,935 - INFO - MainThread - server_logic - [DEBUG] found replica for vector: 2
2025-11-18 17:24:27,935 - INFO - MainThread - server_logic - [DEBUG] found replica for vector: 3
2025-11-18 17:24:27,935 - INFO - MainThread - server_logic - [DEBUG] to me replica for vector: 3
2025-11-18 17:24:27,935 - INFO - MainThread - server_logic - [DEBUG] found replica for vector: 1
2025-11-18 17:24:27,935 - INFO - MainThread - server_logic - [DEBUG] found replica for vector: 2
2025-11-18 17:24:27,935 - INFO - MainThread - server_logic - [DEBUG] found replica for vector: 3
2025-11-18 17:24:27,935 - INFO - MainThread - server_logic - [DEBUG] found replica for vector: 4
2025-11-18 17:24:27,935 - INFO - MainThread - server_logic - [DEBUG] found replica for vector: 1
2025-11-18 17:24:27,935 - INFO - MainThread - server_logic - [DEBUG] found replica for vector: 2
2025-11-18 17:24:27,935 - INFO - MainThread - server_logic - [DEBUG] found replica for vector: 3
2025-11-18 17:24:27,935 - INFO - MainThread - server_logic - [DEBUG] found replica for vector: 4
2025-11-18 17:24:27,935 - INFO - MainThread - server_logic - [DEBUG] found replica for vector: 1
2025-11-18 17:24:27,935 - INFO - MainThread - server_logic - [DEBUG] found replica for vector: 2
2025-11-18 17:24:27,935 - INFO - MainThread - server_logic - [DEBUG] found replica for vector: 3
2025-11-18 17:24:27,935 - INFO - MainThread - server_logic - [DEBUG] found replica for vector: 4
2025-11-18 17:24:27,935 - INFO - MainThread - server_logic - [DEBUG] found replica for vector: 1
2025-11-18 17:24:27,935 - INFO - MainThread - server_logic - [DEBUG] found replica for vector: 2
2025-11-18 17:24:27,935 - INFO - MainThread - server_logic - [DEBUG] found replica for vector: 3
2025-11-18 17:24:27,935 - INFO - MainThread - server_logic - [DEBUG] found replica for vector: 4
2025-11-18 17:24:27,935 - INFO - MainThread - server_logic - [DEBUG] found replica for vector: 1
2025-11-18 17:24:27,935 - INFO - MainThread - server_logic - [DEBUG] found replica for vector: 2
2025-11-18 17:24:27,935 - INFO - MainThread - server_logic - [DEBUG] found replica for vector: 3
2025-11-18 17:24:27,936 - INFO - MainThread - server_logic - [DEBUG] found replica for vector: 4
2025-11-18 17:24:27,936 - INFO - MainThread - server_logic - [DEBUG] found replica for vector: 1
2025-11-18 17:24:27,936 - INFO - MainThread - server_logic - [DEBUG] found replica for vector: 2
2025-11-18 17:24:27,936 - INFO - MainThread - server_logic - [DEBUG] found replica for vector: 3
2025-11-18 17:24:27,936 - INFO - MainThread - server_logic - [DEBUG] found replica for vector: 4
2025-11-18 17:24:27,936 - INFO - MainThread - server_logic - [DEBUG] found replica for vector: 1
2025-11-18 17:24:27,936 - INFO - MainThread - server_logic - [DEBUG] found replica for vector: 2
2025-11-18 17:24:27,936 - INFO - MainThread - server_logic - [DEBUG] found replica for vector: 3
2025-11-18 17:24:27,936 - INFO - MainThread - server_logic - [DEBUG] found replica for vector: 4
2025-11-18 17:24:27,936 - INFO - MainThread - server_logic - [DEBUG] found replica for vector: 1
2025-11-18 17:24:27,936 - INFO - MainThread - server_logic - [DEBUG] found replica for vector: 2
2025-11-18 17:24:27,936 - INFO - MainThread - server_logic - [DEBUG] found replica for vector: 3
2025-11-18 17:24:27,936 - INFO - MainThread - server_logic - [DEBUG] to me replica for vector: 3
2025-11-18 17:24:27,936 - INFO - MainThread - server_logic - [DEBUG] found replica for vector: 1
2025-11-18 17:24:27,936 - INFO - MainThread - server_logic - [DEBUG] found replica for vector: 2
2025-11-18 17:24:27,936 - INFO - MainThread - server_logic - [DEBUG] found replica for vector: 3
2025-11-18 17:24:27,936 - INFO - MainThread - server_logic - [DEBUG] to me replica for vector: 3
2025-11-18 17:24:27,936 - INFO - MainThread - server_logic - [DEBUG] found replica for vector: 1
2025-11-18 17:24:27,936 - INFO - MainThread - server_logic - [DEBUG] found replica for vector: 2
2025-11-18 17:24:27,936 - INFO - MainThread - server_logic - [DEBUG] found replica for vector: 3
2025-11-18 17:24:27,936 - INFO - MainThread - server_logic - [DEBUG] found replica for vector: 4
2025-11-18 17:24:27,936 - INFO - MainThread - server_logic - [DEBUG] found replica for vector: 1
2025-11-18 17:24:27,936 - INFO - MainThread - server_logic - [DEBUG] found replica for vector: 2
2025-11-18 17:24:27,936 - INFO - MainThread - server_logic - [DEBUG] found replica for vector: 3
2025-11-18 17:24:27,936 - INFO - MainThread - server_logic - [DEBUG] found replica for vector: 4
2025-11-18 17:24:27,936 - INFO - MainThread - server_logic - [DEBUG] found replica for vector: 1
2025-11-18 17:24:27,936 - INFO - MainThread - server_logic - [DEBUG] found replica for vector: 2
2025-11-18 17:24:27,936 - INFO - MainThread - server_logic - [DEBUG] found replica for vector: 3
2025-11-18 17:24:27,936 - INFO - MainThread - server_logic - [DEBUG] found replica for vector: 4
2025-11-18 17:24:27,936 - INFO - MainThread - server_logic - [DEBUG] found replica for vector: 1
2025-11-18 17:24:27,936 - INFO - MainThread - server_logic - [DEBUG] found replica for vector: 2
2025-11-18 17:24:27,936 - INFO - MainThread - server_logic - [DEBUG] found replica for vector: 3
2025-11-18 17:24:27,936 - INFO - MainThread - server_logic - [DEBUG] to me replica for vector: 3
2025-11-18 17:24:27,936 - INFO - MainThread - server_logic - [DEBUG] found replica for vector: 1
2025-11-18 17:24:27,936 - INFO - MainThread - server_logic - [DEBUG] found replica for vector: 2
2025-11-18 17:24:27,936 - INFO - MainThread - server_logic - [DEBUG] found replica for vector: 3
2025-11-18 17:24:27,936 - INFO - MainThread - server_logic - [DEBUG] found replica for vector: 4
2025-11-18 17:24:27,936 - INFO - MainThread - server_logic - [DEBUG] found replica for vector: 1
2025-11-18 17:24:27,936 - INFO - MainThread - server_logic - [DEBUG] found replica for vector: 2
2025-11-18 17:24:27,936 - INFO - MainThread - server_logic - [DEBUG] found replica for vector: 3
2025-11-18 17:24:27,936 - INFO - MainThread - server_logic - [DEBUG] found replica for vector: 4
2025-11-18 17:24:27,936 - INFO - MainThread - server_logic - [DEBUG] found replica for vector: 1
2025-11-18 17:24:27,936 - INFO - MainThread - server_logic - [DEBUG] found replica for vector: 2
2025-11-18 17:24:27,936 - INFO - MainThread - server_logic - [DEBUG] found replica for vector: 3
2025-11-18 17:24:27,936 - INFO - MainThread - server_logic - [DEBUG] to me replica for vector: 3
2025-11-18 17:24:27,936 - INFO - MainThread - server_logic - [DEBUG] found replica for vector: 1
2025-11-18 17:24:27,936 - INFO - MainThread - server_logic - [DEBUG] found replica for vector: 2
2025-11-18 17:24:27,936 - INFO - MainThread - server_logic - [DEBUG] found replica for vector: 3
2025-11-18 17:24:27,936 - INFO - MainThread - server_logic - [DEBUG] found replica for vector: 4
2025-11-18 17:24:27,936 - INFO - MainThread - server_logic - [DEBUG] found replica for vector: 1
2025-11-18 17:24:27,936 - INFO - MainThread - server_logic - [DEBUG] found replica for vector: 2
2025-11-18 17:24:27,936 - INFO - MainThread - server_logic - [DEBUG] found replica for vector: 3
2025-11-18 17:24:27,936 - INFO - MainThread - server_logic - [DEBUG] found replica for vector: 4
2025-11-18 17:24:27,936 - INFO - MainThread - server_logic - [DEBUG] found replica for vector: 1
2025-11-18 17:24:27,936 - INFO - MainThread - server_logic - [DEBUG] found replica for vector: 2
2025-11-18 17:24:27,936 - INFO - MainThread - server_logic - [DEBUG] found replica for vector: 3
2025-11-18 17:24:27,937 - INFO - MainThread - server_logic - [DEBUG] found replica for vector: 4
2025-11-18 17:24:27,937 - INFO - MainThread - server_logic - [DEBUG] found replica for vector: 1
2025-11-18 17:24:27,937 - INFO - MainThread - server_logic - [DEBUG] found replica for vector: 2
2025-11-18 17:24:27,937 - INFO - MainThread - server_logic - [DEBUG] found replica for vector: 3
2025-11-18 17:24:27,937 - INFO - MainThread - server_logic - [DEBUG] to me replica for vector: 3
2025-11-18 17:24:27,937 - INFO - MainThread - server_logic - [DEBUG] found replica for vector: 1
2025-11-18 17:24:27,937 - INFO - MainThread - server_logic - [DEBUG] found replica for vector: 2
2025-11-18 17:24:27,937 - INFO - MainThread - server_logic - [DEBUG] found replica for vector: 3
2025-11-18 17:24:27,937 - INFO - MainThread - server_logic - [DEBUG] to me replica for vector: 3
2025-11-18 17:24:27,937 - INFO - MainThread - server_logic - [DEBUG] found replica for vector: 1
2025-11-18 17:24:27,937 - INFO - MainThread - server_logic - [DEBUG] found replica for vector: 2
2025-11-18 17:24:27,937 - INFO - MainThread - server_logic - [DEBUG] found replica for vector: 3
2025-11-18 17:24:27,937 - INFO - MainThread - server_logic - [DEBUG] found replica for vector: 4
2025-11-18 17:24:27,937 - INFO - MainThread - server_logic - [DEBUG] found replica for vector: 1
2025-11-18 17:24:27,937 - INFO - MainThread - server_logic - [DEBUG] found replica for vector: 2
2025-11-18 17:24:27,937 - INFO - MainThread - server_logic - [DEBUG] found replica for vector: 3
2025-11-18 17:24:27,937 - INFO - MainThread - server_logic - [DEBUG] found replica for vector: 4
2025-11-18 17:24:27,937 - INFO - MainThread - server_logic - [DEBUG] found replica for vector: 1
2025-11-18 17:24:27,937 - INFO - MainThread - server_logic - [DEBUG] found replica for vector: 2
2025-11-18 17:24:27,937 - INFO - MainThread - server_logic - [DEBUG] found replica for vector: 3
2025-11-18 17:24:27,937 - INFO - MainThread - server_logic - [DEBUG] found replica for vector: 4
2025-11-18 17:24:27,937 - INFO - MainThread - server_logic - [DEBUG] found replica for vector: 1
2025-11-18 17:24:27,937 - INFO - MainThread - server_logic - [DEBUG] found replica for vector: 2
2025-11-18 17:24:27,937 - INFO - MainThread - server_logic - [DEBUG] found replica for vector: 3
2025-11-18 17:24:27,937 - INFO - MainThread - server_logic - [DEBUG] to me replica for vector: 3
2025-11-18 17:24:27,937 - INFO - MainThread - server_logic - [DEBUG] found replica for vector: 1
2025-11-18 17:24:27,937 - INFO - MainThread - server_logic - [DEBUG] found replica for vector: 2
2025-11-18 17:24:27,937 - INFO - MainThread - server_logic - [DEBUG] found replica for vector: 3
2025-11-18 17:24:27,937 - INFO - MainThread - server_logic - [DEBUG] found replica for vector: 4
2025-11-18 17:24:27,937 - INFO - MainThread - server_logic - [DEBUG] found replica for vector: 1
2025-11-18 17:24:27,937 - INFO - MainThread - server_logic - [DEBUG] found replica for vector: 2
2025-11-18 17:24:27,937 - INFO - MainThread - server_logic - [DEBUG] found replica for vector: 3
2025-11-18 17:24:27,937 - INFO - MainThread - server_logic - [DEBUG] found replica for vector: 4
2025-11-18 17:24:27,937 - INFO - MainThread - server_logic - [DEBUG] found replica for vector: 1
2025-11-18 17:24:27,937 - INFO - MainThread - server_logic - [DEBUG] found replica for vector: 2
2025-11-18 17:24:27,937 - INFO - MainThread - server_logic - [DEBUG] found replica for vector: 3
2025-11-18 17:24:27,937 - INFO - MainThread - server_logic - [DEBUG] found replica for vector: 4
2025-11-18 17:24:27,937 - INFO - MainThread - server_logic - [DEBUG] found replica for vector: 1
2025-11-18 17:24:27,937 - INFO - MainThread - server_logic - [DEBUG] found replica for vector: 2
2025-11-18 17:24:27,937 - INFO - MainThread - server_logic - [DEBUG] found replica for vector: 3
2025-11-18 17:24:27,937 - INFO - MainThread - server_logic - [DEBUG] found replica for vector: 4
2025-11-18 17:24:27,937 - INFO - MainThread - server_logic - [DEBUG] found replica for vector: 1
2025-11-18 17:24:27,937 - INFO - MainThread - server_logic - [DEBUG] found replica for vector: 2
2025-11-18 17:24:27,937 - INFO - MainThread - server_logic - [DEBUG] found replica for vector: 3
2025-11-18 17:24:27,937 - INFO - MainThread - server_logic - [DEBUG] to me replica for vector: 3
2025-11-18 17:24:27,937 - INFO - MainThread - server_logic - [DEBUG] found replica for vector: 1
2025-11-18 17:24:27,937 - INFO - MainThread - server_logic - [DEBUG] found replica for vector: 2
2025-11-18 17:24:27,937 - INFO - MainThread - server_logic - [DEBUG] found replica for vector: 3
2025-11-18 17:24:27,937 - INFO - MainThread - server_logic - [DEBUG] found replica for vector: 4
2025-11-18 17:24:27,937 - INFO - MainThread - server_logic - [DEBUG] found replica for vector: 1
2025-11-18 17:24:27,937 - INFO - MainThread - server_logic - [DEBUG] found replica for vector: 2
2025-11-18 17:24:27,937 - INFO - MainThread - server_logic - [DEBUG] found replica for vector: 3
2025-11-18 17:24:27,937 - INFO - MainThread - server_logic - [DEBUG] found replica for vector: 4
2025-11-18 17:24:27,937 - INFO - MainThread - server_logic - [DEBUG] found replica for vector: 1
2025-11-18 17:24:27,937 - INFO - MainThread - server_logic - [DEBUG] found replica for vector: 2
2025-11-18 17:24:27,937 - INFO - MainThread - server_logic - [DEBUG] found replica for vector: 3
2025-11-18 17:24:27,938 - INFO - MainThread - server_logic - [DEBUG] found replica for vector: 4
2025-11-18 17:24:27,938 - INFO - MainThread - server_logic - [DEBUG] found replica for vector: 1
2025-11-18 17:24:27,938 - INFO - MainThread - server_logic - [DEBUG] found replica for vector: 2
2025-11-18 17:24:27,938 - INFO - MainThread - server_logic - [DEBUG] found replica for vector: 3
2025-11-18 17:24:27,938 - INFO - MainThread - server_logic - [DEBUG] to me replica for vector: 3
2025-11-18 17:24:27,938 - INFO - MainThread - server_logic - [DEBUG] found replica for vector: 1
2025-11-18 17:24:27,938 - INFO - MainThread - server_logic - [DEBUG] found replica for vector: 2
2025-11-18 17:24:27,938 - INFO - MainThread - server_logic - [DEBUG] found replica for vector: 3
2025-11-18 17:24:27,938 - INFO - MainThread - server_logic - [DEBUG] to me replica for vector: 3
2025-11-18 17:24:27,938 - INFO - MainThread - server_logic - [DEBUG] found replica for vector: 1
2025-11-18 17:24:27,938 - INFO - MainThread - server_logic - [DEBUG] found replica for vector: 2
2025-11-18 17:24:27,938 - INFO - MainThread - server_logic - [DEBUG] found replica for vector: 3
2025-11-18 17:24:27,938 - INFO - MainThread - server_logic - [DEBUG] found replica for vector: 4
2025-11-18 17:24:27,938 - INFO - MainThread - server_logic - [DEBUG] found replica for vector: 1
2025-11-18 17:24:27,938 - INFO - MainThread - server_logic - [DEBUG] found replica for vector: 2
2025-11-18 17:24:27,938 - INFO - MainThread - server_logic - [DEBUG] found replica for vector: 3
2025-11-18 17:24:27,938 - INFO - MainThread - server_logic - [DEBUG] found replica for vector: 4
2025-11-18 17:24:27,938 - INFO - MainThread - server_logic - [DEBUG] found replica for vector: 1
2025-11-18 17:24:27,938 - INFO - MainThread - server_logic - [DEBUG] found replica for vector: 2
2025-11-18 17:24:27,938 - INFO - MainThread - server_logic - [DEBUG] found replica for vector: 3
2025-11-18 17:24:27,938 - INFO - MainThread - server_logic - [DEBUG] to me replica for vector: 3
2025-11-18 17:24:27,938 - INFO - MainThread - server_logic - [DEBUG] found replica for vector: 1
2025-11-18 17:24:27,938 - INFO - MainThread - server_logic - [DEBUG] found replica for vector: 2
2025-11-18 17:24:27,938 - INFO - MainThread - server_logic - [DEBUG] found replica for vector: 3
2025-11-18 17:24:27,938 - INFO - MainThread - server_logic - [DEBUG] to me replica for vector: 3
2025-11-18 17:24:27,938 - INFO - MainThread - server_logic - [DEBUG] found replica for vector: 1
2025-11-18 17:24:27,938 - INFO - MainThread - server_logic - [DEBUG] found replica for vector: 2
2025-11-18 17:24:27,938 - INFO - MainThread - server_logic - [DEBUG] found replica for vector: 3
2025-11-18 17:24:27,938 - INFO - MainThread - server_logic - [DEBUG] to me replica for vector: 3
2025-11-18 17:24:27,938 - INFO - MainThread - server_logic - [DEBUG] found replica for vector: 1
2025-11-18 17:24:27,938 - INFO - MainThread - server_logic - [DEBUG] found replica for vector: 2
2025-11-18 17:24:27,938 - INFO - MainThread - server_logic - [DEBUG] found replica for vector: 3
2025-11-18 17:24:27,938 - INFO - MainThread - server_logic - [DEBUG] found replica for vector: 4
2025-11-18 17:24:27,938 - INFO - MainThread - server_logic - [DEBUG] found replica for vector: 1
2025-11-18 17:24:27,938 - INFO - MainThread - server_logic - [DEBUG] found replica for vector: 2
2025-11-18 17:24:27,938 - INFO - MainThread - server_logic - [DEBUG] found replica for vector: 3
2025-11-18 17:24:27,938 - INFO - MainThread - server_logic - [DEBUG] found replica for vector: 4
2025-11-18 17:24:27,938 - INFO - MainThread - server_logic - [DEBUG] found replica for vector: 1
2025-11-18 17:24:27,938 - INFO - MainThread - server_logic - [DEBUG] found replica for vector: 2
2025-11-18 17:24:27,938 - INFO - MainThread - server_logic - [DEBUG] found replica for vector: 3
2025-11-18 17:24:27,938 - INFO - MainThread - server_logic - [DEBUG] found replica for vector: 4
2025-11-18 17:24:27,938 - INFO - MainThread - server_logic - [DEBUG] found replica for vector: 1
2025-11-18 17:24:27,938 - INFO - MainThread - server_logic - [DEBUG] found replica for vector: 2
2025-11-18 17:24:27,938 - INFO - MainThread - server_logic - [DEBUG] found replica for vector: 3
2025-11-18 17:24:27,938 - INFO - MainThread - server_logic - [DEBUG] found replica for vector: 4
2025-11-18 17:24:27,938 - INFO - MainThread - server_logic - [DEBUG] found replica for vector: 1
2025-11-18 17:24:27,938 - INFO - MainThread - server_logic - [DEBUG] found replica for vector: 2
2025-11-18 17:24:27,938 - INFO - MainThread - server_logic - [DEBUG] found replica for vector: 3
2025-11-18 17:24:27,938 - INFO - MainThread - server_logic - [DEBUG] found replica for vector: 4
2025-11-18 17:24:27,938 - INFO - MainThread - server_logic - [DEBUG] found replica for vector: 1
2025-11-18 17:24:27,938 - INFO - MainThread - server_logic - [DEBUG] found replica for vector: 2
2025-11-18 17:24:27,938 - INFO - MainThread - server_logic - [DEBUG] found replica for vector: 3
2025-11-18 17:24:27,938 - INFO - MainThread - server_logic - [DEBUG] found replica for vector: 4
2025-11-18 17:24:27,938 - INFO - MainThread - server_logic - [DEBUG] found replica for vector: 1
2025-11-18 17:24:27,938 - INFO - MainThread - server_logic - [DEBUG] found replica for vector: 2
2025-11-18 17:24:27,938 - INFO - MainThread - server_logic - [DEBUG] found replica for vector: 3
2025-11-18 17:24:27,939 - INFO - MainThread - server_logic - [DEBUG] found replica for vector: 4
2025-11-18 17:24:27,939 - INFO - MainThread - server_logic - [DEBUG] found replica for vector: 1
2025-11-18 17:24:27,939 - INFO - MainThread - server_logic - [DEBUG] found replica for vector: 2
2025-11-18 17:24:27,939 - INFO - MainThread - server_logic - [DEBUG] found replica for vector: 3
2025-11-18 17:24:27,939 - INFO - MainThread - server_logic - [DEBUG] to me replica for vector: 3
2025-11-18 17:24:27,939 - INFO - MainThread - server_logic - [DEBUG] found replica for vector: 1
2025-11-18 17:24:27,939 - INFO - MainThread - server_logic - [DEBUG] found replica for vector: 2
2025-11-18 17:24:27,939 - INFO - MainThread - server_logic - [DEBUG] found replica for vector: 3
2025-11-18 17:24:27,939 - INFO - MainThread - server_logic - [DEBUG] to me replica for vector: 3
2025-11-18 17:24:27,939 - INFO - MainThread - server_logic - [DEBUG] found replica for vector: 1
2025-11-18 17:24:27,939 - INFO - MainThread - server_logic - [DEBUG] found replica for vector: 2
2025-11-18 17:24:27,939 - INFO - MainThread - server_logic - [DEBUG] found replica for vector: 3
2025-11-18 17:24:27,939 - INFO - MainThread - server_logic - [DEBUG] found replica for vector: 4
2025-11-18 17:24:27,939 - INFO - MainThread - server_logic - [DEBUG] found replica for vector: 1
2025-11-18 17:24:27,939 - INFO - MainThread - server_logic - [DEBUG] found replica for vector: 2
2025-11-18 17:24:27,939 - INFO - MainThread - server_logic - [DEBUG] found replica for vector: 3
2025-11-18 17:24:27,939 - INFO - MainThread - server_logic - [DEBUG] to me replica for vector: 3
2025-11-18 17:24:27,939 - INFO - MainThread - server_logic - [DEBUG] found replica for vector: 1
2025-11-18 17:24:27,939 - INFO - MainThread - server_logic - [DEBUG] found replica for vector: 2
2025-11-18 17:24:27,939 - INFO - MainThread - server_logic - [DEBUG] found replica for vector: 3
2025-11-18 17:24:27,939 - INFO - MainThread - server_logic - [DEBUG] to me replica for vector: 3
2025-11-18 17:24:27,939 - INFO - MainThread - server_logic - [DEBUG] found replica for vector: 1
2025-11-18 17:24:27,939 - INFO - MainThread - server_logic - [DEBUG] found replica for vector: 2
2025-11-18 17:24:27,939 - INFO - MainThread - server_logic - [DEBUG] found replica for vector: 3
2025-11-18 17:24:27,939 - INFO - MainThread - server_logic - [DEBUG] found replica for vector: 4
2025-11-18 17:24:27,939 - INFO - MainThread - server_logic - [DEBUG] found replica for vector: 1
2025-11-18 17:24:27,939 - INFO - MainThread - server_logic - [DEBUG] found replica for vector: 2
2025-11-18 17:24:27,939 - INFO - MainThread - server_logic - [DEBUG] found replica for vector: 3
2025-11-18 17:24:27,939 - INFO - MainThread - server_logic - [DEBUG] found replica for vector: 4
2025-11-18 17:24:27,939 - INFO - MainThread - server_logic - [DEBUG] found replica for vector: 1
2025-11-18 17:24:27,939 - INFO - MainThread - server_logic - [DEBUG] found replica for vector: 2
2025-11-18 17:24:27,939 - INFO - MainThread - server_logic - [DEBUG] found replica for vector: 3
2025-11-18 17:24:27,939 - INFO - MainThread - server_logic - [DEBUG] found replica for vector: 4
2025-11-18 17:24:27,939 - INFO - MainThread - server_logic - [DEBUG] found replica for vector: 1
2025-11-18 17:24:27,939 - INFO - MainThread - server_logic - [DEBUG] found replica for vector: 2
2025-11-18 17:24:27,939 - INFO - MainThread - server_logic - [DEBUG] found replica for vector: 3
2025-11-18 17:24:27,939 - INFO - MainThread - server_logic - [DEBUG] to me replica for vector: 3
2025-11-18 17:24:27,939 - INFO - MainThread - server_logic - [DEBUG] found replica for vector: 1
2025-11-18 17:24:27,939 - INFO - MainThread - server_logic - [DEBUG] found replica for vector: 2
2025-11-18 17:24:27,939 - INFO - MainThread - server_logic - [DEBUG] found replica for vector: 3
2025-11-18 17:24:27,939 - INFO - MainThread - server_logic - [DEBUG] found replica for vector: 4
2025-11-18 17:24:27,939 - INFO - MainThread - server_logic - [DEBUG] found replica for vector: 1
2025-11-18 17:24:27,939 - INFO - MainThread - server_logic - [DEBUG] found replica for vector: 2
2025-11-18 17:24:27,939 - INFO - MainThread - server_logic - [DEBUG] found replica for vector: 3
2025-11-18 17:24:27,939 - INFO - MainThread - server_logic - [DEBUG] found replica for vector: 4
2025-11-18 17:24:27,939 - INFO - MainThread - server_logic - [DEBUG] found replica for vector: 1
2025-11-18 17:24:27,939 - INFO - MainThread - server_logic - [DEBUG] found replica for vector: 2
2025-11-18 17:24:27,939 - INFO - MainThread - server_logic - [DEBUG] found replica for vector: 3
2025-11-18 17:24:27,939 - INFO - MainThread - server_logic - [DEBUG] found replica for vector: 4
2025-11-18 17:24:27,939 - INFO - MainThread - server_logic - [DEBUG] found replica for vector: 1
2025-11-18 17:24:27,939 - INFO - MainThread - server_logic - [DEBUG] found replica for vector: 2
2025-11-18 17:24:27,939 - INFO - MainThread - server_logic - [DEBUG] found replica for vector: 3
2025-11-18 17:24:27,939 - INFO - MainThread - server_logic - [DEBUG] found replica for vector: 4
2025-11-18 17:24:27,939 - INFO - MainThread - server_logic - [DEBUG] found replica for vector: 1
2025-11-18 17:24:27,939 - INFO - MainThread - server_logic - [DEBUG] found replica for vector: 2
2025-11-18 17:24:27,940 - INFO - MainThread - server_logic - [DEBUG] found replica for vector: 3
2025-11-18 17:24:27,940 - INFO - MainThread - server_logic - [DEBUG] found replica for vector: 4
2025-11-18 17:24:27,940 - INFO - MainThread - server_logic - [DEBUG] found replica for vector: 1
2025-11-18 17:24:27,940 - INFO - MainThread - server_logic - [DEBUG] found replica for vector: 2
2025-11-18 17:24:27,940 - INFO - MainThread - server_logic - [DEBUG] found replica for vector: 3
2025-11-18 17:24:27,940 - INFO - MainThread - server_logic - [DEBUG] found replica for vector: 4
2025-11-18 17:24:27,940 - INFO - MainThread - server_logic - [DEBUG] found replica for vector: 1
2025-11-18 17:24:27,940 - INFO - MainThread - server_logic - [DEBUG] found replica for vector: 2
2025-11-18 17:24:27,940 - INFO - MainThread - server_logic - [DEBUG] found replica for vector: 3
2025-11-18 17:24:27,940 - INFO - MainThread - server_logic - [DEBUG] to me replica for vector: 3
2025-11-18 17:24:27,940 - INFO - MainThread - server_logic - [DEBUG] found replica for vector: 1
2025-11-18 17:24:27,940 - INFO - MainThread - server_logic - [DEBUG] found replica for vector: 2
2025-11-18 17:24:27,940 - INFO - MainThread - server_logic - [DEBUG] found replica for vector: 3
2025-11-18 17:24:27,940 - INFO - MainThread - server_logic - [DEBUG] found replica for vector: 4
2025-11-18 17:24:27,940 - INFO - MainThread - server_logic - [DEBUG] found replica for vector: 1
2025-11-18 17:24:27,940 - INFO - MainThread - server_logic - [DEBUG] found replica for vector: 2
2025-11-18 17:24:27,940 - INFO - MainThread - server_logic - [DEBUG] found replica for vector: 3
2025-11-18 17:24:27,940 - INFO - MainThread - server_logic - [DEBUG] found replica for vector: 4
2025-11-18 17:24:27,940 - INFO - MainThread - server_logic - [DEBUG] found replica for vector: 1
2025-11-18 17:24:27,940 - INFO - MainThread - server_logic - [DEBUG] found replica for vector: 2
2025-11-18 17:24:27,940 - INFO - MainThread - server_logic - [DEBUG] found replica for vector: 3
2025-11-18 17:24:27,940 - INFO - MainThread - server_logic - [DEBUG] found replica for vector: 4
2025-11-18 17:24:27,940 - INFO - MainThread - server_logic - [DEBUG] found replica for vector: 1
2025-11-18 17:24:27,940 - INFO - MainThread - server_logic - [DEBUG] found replica for vector: 2
2025-11-18 17:24:27,940 - INFO - MainThread - server_logic - [DEBUG] found replica for vector: 3
2025-11-18 17:24:27,940 - INFO - MainThread - server_logic - [DEBUG] found replica for vector: 4
2025-11-18 17:24:27,940 - INFO - MainThread - server_logic - [DEBUG] found replica for vector: 1
2025-11-18 17:24:27,940 - INFO - MainThread - server_logic - [DEBUG] found replica for vector: 2
2025-11-18 17:24:27,940 - INFO - MainThread - server_logic - [DEBUG] found replica for vector: 3
2025-11-18 17:24:27,940 - INFO - MainThread - server_logic - [DEBUG] found replica for vector: 4
2025-11-18 17:24:27,940 - INFO - MainThread - server_logic - [DEBUG] found replica for vector: 1
2025-11-18 17:24:27,940 - INFO - MainThread - server_logic - [DEBUG] found replica for vector: 2
2025-11-18 17:24:27,940 - INFO - MainThread - server_logic - [DEBUG] found replica for vector: 3
2025-11-18 17:24:27,940 - INFO - MainThread - server_logic - [DEBUG] found replica for vector: 4
2025-11-18 17:24:27,940 - INFO - MainThread - server_logic - [DEBUG] found replica for vector: 1
2025-11-18 17:24:27,940 - INFO - MainThread - server_logic - [DEBUG] found replica for vector: 2
2025-11-18 17:24:27,940 - INFO - MainThread - server_logic - [DEBUG] found replica for vector: 3
2025-11-18 17:24:27,940 - INFO - MainThread - server_logic - [DEBUG] found replica for vector: 4
2025-11-18 17:24:27,940 - INFO - MainThread - server_logic - [DEBUG] found replica for vector: 1
2025-11-18 17:24:27,940 - INFO - MainThread - server_logic - [DEBUG] found replica for vector: 2
2025-11-18 17:24:27,940 - INFO - MainThread - server_logic - [DEBUG] found replica for vector: 3
2025-11-18 17:24:27,940 - INFO - MainThread - server_logic - [DEBUG] found replica for vector: 4
2025-11-18 17:24:27,941 - INFO - MainThread - server_logic - [DEBUG] found replica for vector: 1
2025-11-18 17:24:27,941 - INFO - MainThread - server_logic - [DEBUG] found replica for vector: 2
2025-11-18 17:24:27,941 - INFO - MainThread - server_logic - [DEBUG] found replica for vector: 3
2025-11-18 17:24:27,941 - INFO - MainThread - server_logic - [DEBUG] to me replica for vector: 3
2025-11-18 17:24:27,941 - INFO - MainThread - server_logic - [DEBUG] found replica for vector: 1
2025-11-18 17:24:27,941 - INFO - MainThread - server_logic - [DEBUG] found replica for vector: 2
2025-11-18 17:24:27,941 - INFO - MainThread - server_logic - [DEBUG] found replica for vector: 3
2025-11-18 17:24:27,941 - INFO - MainThread - server_logic - [DEBUG] to me replica for vector: 3
2025-11-18 17:24:27,941 - INFO - MainThread - server_logic - [DEBUG] found replica for vector: 1
2025-11-18 17:24:27,941 - INFO - MainThread - server_logic - [DEBUG] found replica for vector: 2
2025-11-18 17:24:27,941 - INFO - MainThread - server_logic - [DEBUG] found replica for vector: 3
2025-11-18 17:24:27,941 - INFO - MainThread - server_logic - [DEBUG] to me replica for vector: 3
2025-11-18 17:24:27,941 - INFO - MainThread - server_logic - [DEBUG] found replica for vector: 1
2025-11-18 17:24:27,941 - INFO - MainThread - server_logic - [DEBUG] found replica for vector: 2
2025-11-18 17:24:27,941 - INFO - MainThread - server_logic - [DEBUG] found replica for vector: 3
2025-11-18 17:24:27,941 - INFO - MainThread - server_logic - [DEBUG] found replica for vector: 4
2025-11-18 17:24:27,941 - INFO - MainThread - server_logic - [DEBUG] found replica for vector: 1
2025-11-18 17:24:27,941 - INFO - MainThread - server_logic - [DEBUG] found replica for vector: 2
2025-11-18 17:24:27,941 - INFO - MainThread - server_logic - [DEBUG] found replica for vector: 3
2025-11-18 17:24:27,941 - INFO - MainThread - server_logic - [DEBUG] found replica for vector: 4
2025-11-18 17:24:27,941 - INFO - MainThread - server_logic - [DEBUG] found replica for vector: 1
2025-11-18 17:24:27,941 - INFO - MainThread - server_logic - [DEBUG] found replica for vector: 2
2025-11-18 17:24:27,941 - INFO - MainThread - server_logic - [DEBUG] found replica for vector: 3
2025-11-18 17:24:27,941 - INFO - MainThread - server_logic - [DEBUG] found replica for vector: 4
2025-11-18 17:24:27,941 - INFO - MainThread - server_logic - [DEBUG] found replica for vector: 1
2025-11-18 17:24:27,941 - INFO - MainThread - server_logic - [DEBUG] found replica for vector: 2
2025-11-18 17:24:27,941 - INFO - MainThread - server_logic - [DEBUG] found replica for vector: 3
2025-11-18 17:24:27,941 - INFO - MainThread - server_logic - [DEBUG] to me replica for vector: 3
2025-11-18 17:24:27,941 - INFO - MainThread - server_logic - [DEBUG] found replica for vector: 1
2025-11-18 17:24:27,941 - INFO - MainThread - server_logic - [DEBUG] found replica for vector: 2
2025-11-18 17:24:27,941 - INFO - MainThread - server_logic - [DEBUG] found replica for vector: 3
2025-11-18 17:24:27,941 - INFO - MainThread - server_logic - [DEBUG] found replica for vector: 4
2025-11-18 17:24:27,941 - INFO - MainThread - server_logic - [DEBUG] found replica for vector: 1
2025-11-18 17:24:27,941 - INFO - MainThread - server_logic - [DEBUG] found replica for vector: 2
2025-11-18 17:24:27,941 - INFO - MainThread - server_logic - [DEBUG] found replica for vector: 3
2025-11-18 17:24:27,941 - INFO - MainThread - server_logic - [DEBUG] found replica for vector: 4
2025-11-18 17:24:27,941 - INFO - MainThread - server_logic - [DEBUG] found replica for vector: 1
2025-11-18 17:24:27,941 - INFO - MainThread - server_logic - [DEBUG] found replica for vector: 2
2025-11-18 17:24:27,941 - INFO - MainThread - server_logic - [DEBUG] found replica for vector: 3
2025-11-18 17:24:27,941 - INFO - MainThread - server_logic - [DEBUG] to me replica for vector: 3
2025-11-18 17:24:27,941 - INFO - MainThread - server_logic - [DEBUG] found replica for vector: 1
2025-11-18 17:24:27,941 - INFO - MainThread - server_logic - [DEBUG] found replica for vector: 2
2025-11-18 17:24:27,941 - INFO - MainThread - server_logic - [DEBUG] found replica for vector: 3
2025-11-18 17:24:27,941 - INFO - MainThread - server_logic - [DEBUG] found replica for vector: 4
2025-11-18 17:24:27,941 - INFO - MainThread - server_logic - [DEBUG] found replica for vector: 1
2025-11-18 17:24:27,941 - INFO - MainThread - server_logic - [DEBUG] found replica for vector: 2
2025-11-18 17:24:27,941 - INFO - MainThread - server_logic - [DEBUG] found replica for vector: 3
2025-11-18 17:24:27,941 - INFO - MainThread - server_logic - [DEBUG] to me replica for vector: 3
2025-11-18 17:24:27,941 - INFO - MainThread - server_logic - [DEBUG] found replica for vector: 1
2025-11-18 17:24:27,941 - INFO - MainThread - server_logic - [DEBUG] found replica for vector: 2
2025-11-18 17:24:27,941 - INFO - MainThread - server_logic - [DEBUG] found replica for vector: 3
2025-11-18 17:24:27,941 - INFO - MainThread - server_logic - [DEBUG] found replica for vector: 4
2025-11-18 17:24:27,941 - INFO - MainThread - server_logic - [DEBUG] found replica for vector: 1
2025-11-18 17:24:27,941 - INFO - MainThread - server_logic - [DEBUG] found replica for vector: 2
2025-11-18 17:24:27,941 - INFO - MainThread - server_logic - [DEBUG] found replica for vector: 3
2025-11-18 17:24:27,941 - INFO - MainThread - server_logic - [DEBUG] found replica for vector: 4
2025-11-18 17:24:27,942 - INFO - MainThread - server_logic - [DEBUG] found replica for vector: 1
2025-11-18 17:24:27,942 - INFO - MainThread - server_logic - [DEBUG] found replica for vector: 2
2025-11-18 17:24:27,942 - INFO - MainThread - server_logic - [DEBUG] found replica for vector: 3
2025-11-18 17:24:27,942 - INFO - MainThread - server_logic - [DEBUG] found replica for vector: 4
2025-11-18 17:24:27,942 - INFO - MainThread - server_logic - [DEBUG] found replica for vector: 1
2025-11-18 17:24:27,942 - INFO - MainThread - server_logic - [DEBUG] found replica for vector: 2
2025-11-18 17:24:27,942 - INFO - MainThread - server_logic - [DEBUG] found replica for vector: 3
2025-11-18 17:24:27,942 - INFO - MainThread - server_logic - [DEBUG] to me replica for vector: 3
2025-11-18 17:24:27,942 - INFO - MainThread - server_logic - [DEBUG] found replica for vector: 1
2025-11-18 17:24:27,942 - INFO - MainThread - server_logic - [DEBUG] found replica for vector: 2
2025-11-18 17:24:27,942 - INFO - MainThread - server_logic - [DEBUG] found replica for vector: 3
2025-11-18 17:24:27,942 - INFO - MainThread - server_logic - [DEBUG] found replica for vector: 4
2025-11-18 17:24:27,942 - INFO - MainThread - server_logic - [DEBUG] found replica for vector: 1
2025-11-18 17:24:27,942 - INFO - MainThread - server_logic - [DEBUG] found replica for vector: 2
2025-11-18 17:24:27,942 - INFO - MainThread - server_logic - [DEBUG] found replica for vector: 3
2025-11-18 17:24:27,942 - INFO - MainThread - server_logic - [DEBUG] found replica for vector: 4
2025-11-18 17:24:27,943 - INFO - MainThread - server_logic - [DEBUG] found replica for vector: 1
2025-11-18 17:24:27,943 - INFO - MainThread - server_logic - [DEBUG] found replica for vector: 2
2025-11-18 17:24:27,943 - INFO - MainThread - server_logic - [DEBUG] found replica for vector: 3
2025-11-18 17:24:27,943 - INFO - MainThread - server_logic - [DEBUG] found replica for vector: 4
2025-11-18 17:24:27,943 - INFO - MainThread - server_logic - [DEBUG] found replica for vector: 1
2025-11-18 17:24:27,943 - INFO - MainThread - server_logic - [DEBUG] found replica for vector: 2
2025-11-18 17:24:27,943 - INFO - MainThread - server_logic - [DEBUG] found replica for vector: 3
2025-11-18 17:24:27,943 - INFO - MainThread - server_logic - [DEBUG] found replica for vector: 4
2025-11-18 17:24:27,943 - INFO - MainThread - server_logic - [DEBUG] found replica for vector: 1
2025-11-18 17:24:27,943 - INFO - MainThread - server_logic - [DEBUG] found replica for vector: 2
2025-11-18 17:24:27,943 - INFO - MainThread - server_logic - [DEBUG] found replica for vector: 3
2025-11-18 17:24:27,943 - INFO - MainThread - server_logic - [DEBUG] found replica for vector: 4
2025-11-18 17:24:27,943 - INFO - MainThread - server_logic - [DEBUG] found replica for vector: 1
2025-11-18 17:24:27,943 - INFO - MainThread - server_logic - [DEBUG] found replica for vector: 2
2025-11-18 17:24:27,943 - INFO - MainThread - server_logic - [DEBUG] found replica for vector: 3
2025-11-18 17:24:27,943 - INFO - MainThread - server_logic - [DEBUG] to me replica for vector: 3
2025-11-18 17:24:27,943 - INFO - MainThread - server_logic - [DEBUG] found replica for vector: 1
2025-11-18 17:24:27,943 - INFO - MainThread - server_logic - [DEBUG] found replica for vector: 2
2025-11-18 17:24:27,943 - INFO - MainThread - server_logic - [DEBUG] found replica for vector: 3
2025-11-18 17:24:27,943 - INFO - MainThread - server_logic - [DEBUG] to me replica for vector: 3
2025-11-18 17:24:27,943 - INFO - MainThread - server_logic - [DEBUG] found replica for vector: 1
2025-11-18 17:24:27,943 - INFO - MainThread - server_logic - [DEBUG] found replica for vector: 2
2025-11-18 17:24:27,943 - INFO - MainThread - server_logic - [DEBUG] found replica for vector: 3
2025-11-18 17:24:27,944 - INFO - MainThread - server_logic - [DEBUG] found replica for vector: 4
2025-11-18 17:24:27,944 - INFO - MainThread - server_logic - [DEBUG] found replica for vector: 1
2025-11-18 17:24:27,944 - INFO - MainThread - server_logic - [DEBUG] found replica for vector: 2
2025-11-18 17:24:27,944 - INFO - MainThread - server_logic - [DEBUG] found replica for vector: 3
2025-11-18 17:24:27,944 - INFO - MainThread - server_logic - [DEBUG] found replica for vector: 4
2025-11-18 17:24:27,944 - INFO - MainThread - server_logic - [DEBUG] found replica for vector: 1
2025-11-18 17:24:27,944 - INFO - MainThread - server_logic - [DEBUG] found replica for vector: 2
2025-11-18 17:24:27,944 - INFO - MainThread - server_logic - [DEBUG] found replica for vector: 3
2025-11-18 17:24:27,944 - INFO - MainThread - server_logic - [DEBUG] found replica for vector: 4
2025-11-18 17:24:27,944 - INFO - MainThread - server_logic - [DEBUG] found replica for vector: 1
2025-11-18 17:24:27,944 - INFO - MainThread - server_logic - [DEBUG] found replica for vector: 2
2025-11-18 17:24:27,944 - INFO - MainThread - server_logic - [DEBUG] found replica for vector: 3
2025-11-18 17:24:27,944 - INFO - MainThread - server_logic - [DEBUG] found replica for vector: 4
2025-11-18 17:24:27,944 - INFO - MainThread - server_logic - [DEBUG] found replica for vector: 1
2025-11-18 17:24:27,944 - INFO - MainThread - server_logic - [DEBUG] found replica for vector: 2
2025-11-18 17:24:27,944 - INFO - MainThread - server_logic - [DEBUG] found replica for vector: 3
2025-11-18 17:24:27,944 - INFO - MainThread - server_logic - [DEBUG] found replica for vector: 4
2025-11-18 17:24:27,944 - INFO - MainThread - server_logic - [DEBUG] found replica for vector: 1
2025-11-18 17:24:27,944 - INFO - MainThread - server_logic - [DEBUG] found replica for vector: 2
2025-11-18 17:24:27,944 - INFO - MainThread - server_logic - [DEBUG] found replica for vector: 3
2025-11-18 17:24:27,944 - INFO - MainThread - server_logic - [DEBUG] found replica for vector: 4
2025-11-18 17:24:27,944 - INFO - MainThread - server_logic - [DEBUG] found replica for vector: 1
2025-11-18 17:24:27,944 - INFO - MainThread - server_logic - [DEBUG] found replica for vector: 2
2025-11-18 17:24:27,944 - INFO - MainThread - server_logic - [DEBUG] found replica for vector: 3
2025-11-18 17:24:27,944 - INFO - MainThread - server_logic - [DEBUG] found replica for vector: 4
2025-11-18 17:24:27,944 - INFO - MainThread - server_logic - [DEBUG] found replica for vector: 1
2025-11-18 17:24:27,944 - INFO - MainThread - server_logic - [DEBUG] found replica for vector: 2
2025-11-18 17:24:27,944 - INFO - MainThread - server_logic - [DEBUG] found replica for vector: 3
2025-11-18 17:24:27,944 - INFO - MainThread - server_logic - [DEBUG] found replica for vector: 4
2025-11-18 17:24:27,944 - INFO - MainThread - server_logic - [DEBUG] found replica for vector: 1
2025-11-18 17:24:27,944 - INFO - MainThread - server_logic - [DEBUG] found replica for vector: 2
2025-11-18 17:24:27,944 - INFO - MainThread - server_logic - [DEBUG] found replica for vector: 3
2025-11-18 17:24:27,944 - INFO - MainThread - server_logic - [DEBUG] found replica for vector: 4
2025-11-18 17:24:27,944 - INFO - MainThread - server_logic - [DEBUG] found replica for vector: 1
2025-11-18 17:24:27,944 - INFO - MainThread - server_logic - [DEBUG] found replica for vector: 2
2025-11-18 17:24:27,944 - INFO - MainThread - server_logic - [DEBUG] found replica for vector: 3
2025-11-18 17:24:27,944 - INFO - MainThread - server_logic - [DEBUG] found replica for vector: 4
2025-11-18 17:24:27,944 - INFO - MainThread - server_logic - [DEBUG] found replica for vector: 1
2025-11-18 17:24:27,944 - INFO - MainThread - server_logic - [DEBUG] found replica for vector: 2
2025-11-18 17:24:27,944 - INFO - MainThread - server_logic - [DEBUG] found replica for vector: 3
2025-11-18 17:24:27,944 - INFO - MainThread - server_logic - [DEBUG] found replica for vector: 4
2025-11-18 17:24:27,944 - INFO - MainThread - server_logic - [DEBUG] found replica for vector: 1
2025-11-18 17:24:27,944 - INFO - MainThread - server_logic - [DEBUG] found replica for vector: 2
2025-11-18 17:24:27,944 - INFO - MainThread - server_logic - [DEBUG] found replica for vector: 3
2025-11-18 17:24:27,944 - INFO - MainThread - server_logic - [DEBUG] found replica for vector: 4
2025-11-18 17:24:27,944 - INFO - MainThread - server_logic - [DEBUG] found replica for vector: 1
2025-11-18 17:24:27,944 - INFO - MainThread - server_logic - [DEBUG] found replica for vector: 2
2025-11-18 17:24:27,944 - INFO - MainThread - server_logic - [DEBUG] found replica for vector: 3
2025-11-18 17:24:27,944 - INFO - MainThread - server_logic - [DEBUG] to me replica for vector: 3
2025-11-18 17:24:27,944 - INFO - MainThread - server_logic - [DEBUG] found replica for vector: 1
2025-11-18 17:24:27,944 - INFO - MainThread - server_logic - [DEBUG] found replica for vector: 2
2025-11-18 17:24:27,944 - INFO - MainThread - server_logic - [DEBUG] found replica for vector: 3
2025-11-18 17:24:27,944 - INFO - MainThread - server_logic - [DEBUG] found replica for vector: 4
2025-11-18 17:24:27,944 - INFO - MainThread - server_logic - [DEBUG] found replica for vector: 1
2025-11-18 17:24:27,944 - INFO - MainThread - server_logic - [DEBUG] found replica for vector: 2
2025-11-18 17:24:27,945 - INFO - MainThread - server_logic - [DEBUG] found replica for vector: 3
2025-11-18 17:24:27,945 - INFO - MainThread - server_logic - [DEBUG] found replica for vector: 4
2025-11-18 17:24:27,945 - INFO - MainThread - server_logic - [DEBUG] found replica for vector: 1
2025-11-18 17:24:27,945 - INFO - MainThread - server_logic - [DEBUG] found replica for vector: 2
2025-11-18 17:24:27,945 - INFO - MainThread - server_logic - [DEBUG] found replica for vector: 3
2025-11-18 17:24:27,945 - INFO - MainThread - server_logic - [DEBUG] found replica for vector: 4
2025-11-18 17:24:27,945 - INFO - MainThread - server_logic - [DEBUG] found replica for vector: 1
2025-11-18 17:24:27,945 - INFO - MainThread - server_logic - [DEBUG] found replica for vector: 2
2025-11-18 17:24:27,945 - INFO - MainThread - server_logic - [DEBUG] found replica for vector: 3
2025-11-18 17:24:27,945 - INFO - MainThread - server_logic - [DEBUG] found replica for vector: 4
2025-11-18 17:24:27,945 - INFO - MainThread - server_logic - [DEBUG] found replica for vector: 1
2025-11-18 17:24:27,945 - INFO - MainThread - server_logic - [DEBUG] found replica for vector: 2
2025-11-18 17:24:27,945 - INFO - MainThread - server_logic - [DEBUG] found replica for vector: 3
2025-11-18 17:24:27,945 - INFO - MainThread - server_logic - [DEBUG] found replica for vector: 4
2025-11-18 17:24:27,945 - INFO - MainThread - server_logic - [DEBUG] found replica for vector: 1
2025-11-18 17:24:27,945 - INFO - MainThread - server_logic - [DEBUG] found replica for vector: 2
2025-11-18 17:24:27,945 - INFO - MainThread - server_logic - [DEBUG] found replica for vector: 3
2025-11-18 17:24:27,945 - INFO - MainThread - server_logic - [DEBUG] found replica for vector: 4
2025-11-18 17:24:27,945 - INFO - MainThread - server_logic - [DEBUG] found replica for vector: 1
2025-11-18 17:24:27,945 - INFO - MainThread - server_logic - [DEBUG] found replica for vector: 2
2025-11-18 17:24:27,945 - INFO - MainThread - server_logic - [DEBUG] found replica for vector: 3
2025-11-18 17:24:27,945 - INFO - MainThread - server_logic - [DEBUG] found replica for vector: 4
2025-11-18 17:24:27,945 - INFO - MainThread - server_logic - [DEBUG] found replica for vector: 1
2025-11-18 17:24:27,945 - INFO - MainThread - server_logic - [DEBUG] found replica for vector: 2
2025-11-18 17:24:27,945 - INFO - MainThread - server_logic - [DEBUG] found replica for vector: 3
2025-11-18 17:24:27,945 - INFO - MainThread - server_logic - [DEBUG] found replica for vector: 4
2025-11-18 17:24:27,945 - INFO - MainThread - server_logic - [DEBUG] found replica for vector: 1
2025-11-18 17:24:27,945 - INFO - MainThread - server_logic - [DEBUG] found replica for vector: 2
2025-11-18 17:24:27,945 - INFO - MainThread - server_logic - [DEBUG] found replica for vector: 3
2025-11-18 17:24:27,945 - INFO - MainThread - server_logic - [DEBUG] to me replica for vector: 3
2025-11-18 17:24:27,945 - INFO - MainThread - server_logic - [DEBUG] found replica for vector: 1
2025-11-18 17:24:27,945 - INFO - MainThread - server_logic - [DEBUG] found replica for vector: 2
2025-11-18 17:24:27,945 - INFO - MainThread - server_logic - [DEBUG] found replica for vector: 3
2025-11-18 17:24:27,945 - INFO - MainThread - server_logic - [DEBUG] found replica for vector: 4
2025-11-18 17:24:27,945 - INFO - MainThread - server_logic - [DEBUG] found replica for vector: 1
2025-11-18 17:24:27,945 - INFO - MainThread - server_logic - [DEBUG] found replica for vector: 2
2025-11-18 17:24:27,945 - INFO - MainThread - server_logic - [DEBUG] found replica for vector: 3
2025-11-18 17:24:27,945 - INFO - MainThread - server_logic - [DEBUG] found replica for vector: 4
2025-11-18 17:24:27,945 - INFO - MainThread - server_logic - [DEBUG] found replica for vector: 1
2025-11-18 17:24:27,945 - INFO - MainThread - server_logic - [DEBUG] found replica for vector: 2
2025-11-18 17:24:27,945 - INFO - MainThread - server_logic - [DEBUG] found replica for vector: 3
2025-11-18 17:24:27,945 - INFO - MainThread - server_logic - [DEBUG] to me replica for vector: 3
2025-11-18 17:24:27,945 - INFO - MainThread - server_logic - [DEBUG] found replica for vector: 1
2025-11-18 17:24:27,945 - INFO - MainThread - server_logic - [DEBUG] found replica for vector: 2
2025-11-18 17:24:27,945 - INFO - MainThread - server_logic - [DEBUG] found replica for vector: 3
2025-11-18 17:24:27,945 - INFO - MainThread - server_logic - [DEBUG] found replica for vector: 4
2025-11-18 17:24:27,945 - INFO - MainThread - server_logic - [DEBUG] found replica for vector: 1
2025-11-18 17:24:27,945 - INFO - MainThread - server_logic - [DEBUG] found replica for vector: 2
2025-11-18 17:24:27,945 - INFO - MainThread - server_logic - [DEBUG] found replica for vector: 3
2025-11-18 17:24:27,945 - INFO - MainThread - server_logic - [DEBUG] found replica for vector: 4
2025-11-18 17:24:27,945 - INFO - MainThread - server_logic - [DEBUG] found replica for vector: 1
2025-11-18 17:24:27,945 - INFO - MainThread - server_logic - [DEBUG] found replica for vector: 2
2025-11-18 17:24:27,945 - INFO - MainThread - server_logic - [DEBUG] found replica for vector: 3
2025-11-18 17:24:27,945 - INFO - MainThread - server_logic - [DEBUG] to me replica for vector: 3
2025-11-18 17:24:27,945 - INFO - MainThread - server_logic - [DEBUG] found replica for vector: 1
2025-11-18 17:24:27,946 - INFO - MainThread - server_logic - [DEBUG] found replica for vector: 2
2025-11-18 17:24:27,946 - INFO - MainThread - server_logic - [DEBUG] found replica for vector: 3
2025-11-18 17:24:27,946 - INFO - MainThread - server_logic - [DEBUG] found replica for vector: 4
2025-11-18 17:24:27,946 - INFO - MainThread - server_logic - [DEBUG] found replica for vector: 1
2025-11-18 17:24:27,946 - INFO - MainThread - server_logic - [DEBUG] found replica for vector: 2
2025-11-18 17:24:27,946 - INFO - MainThread - server_logic - [DEBUG] found replica for vector: 3
2025-11-18 17:24:27,946 - INFO - MainThread - server_logic - [DEBUG] to me replica for vector: 3
2025-11-18 17:24:27,946 - INFO - MainThread - server_logic - [DEBUG] found replica for vector: 1
2025-11-18 17:24:27,946 - INFO - MainThread - server_logic - [DEBUG] found replica for vector: 2
2025-11-18 17:24:27,946 - INFO - MainThread - server_logic - [DEBUG] found replica for vector: 3
2025-11-18 17:24:27,946 - INFO - MainThread - server_logic - [DEBUG] found replica for vector: 4
2025-11-18 17:24:27,946 - INFO - MainThread - server_logic - [DEBUG] found replica for vector: 1
2025-11-18 17:24:27,946 - INFO - MainThread - server_logic - [DEBUG] found replica for vector: 2
2025-11-18 17:24:27,946 - INFO - MainThread - server_logic - [DEBUG] found replica for vector: 3
2025-11-18 17:24:27,946 - INFO - MainThread - server_logic - [DEBUG] found replica for vector: 4
2025-11-18 17:24:27,946 - INFO - MainThread - server_logic - [DEBUG] found replica for vector: 1
2025-11-18 17:24:27,946 - INFO - MainThread - server_logic - [DEBUG] found replica for vector: 2
2025-11-18 17:24:27,946 - INFO - MainThread - server_logic - [DEBUG] found replica for vector: 3
2025-11-18 17:24:27,946 - INFO - MainThread - server_logic - [DEBUG] to me replica for vector: 3
2025-11-18 17:24:27,946 - INFO - MainThread - server_logic - [DEBUG] found replica for vector: 1
2025-11-18 17:24:27,946 - INFO - MainThread - server_logic - [DEBUG] found replica for vector: 2
2025-11-18 17:24:27,946 - INFO - MainThread - server_logic - [DEBUG] found replica for vector: 3
2025-11-18 17:24:27,946 - INFO - MainThread - server_logic - [DEBUG] to me replica for vector: 3
2025-11-18 17:24:27,946 - INFO - MainThread - server_logic - [DEBUG] found replica for vector: 1
2025-11-18 17:24:27,946 - INFO - MainThread - server_logic - [DEBUG] found replica for vector: 2
2025-11-18 17:24:27,946 - INFO - MainThread - server_logic - [DEBUG] found replica for vector: 3
2025-11-18 17:24:27,946 - INFO - MainThread - server_logic - [DEBUG] to me replica for vector: 3
2025-11-18 17:24:27,946 - INFO - MainThread - server_logic - [DEBUG] found replica for vector: 1
2025-11-18 17:24:27,946 - INFO - MainThread - server_logic - [DEBUG] found replica for vector: 2
2025-11-18 17:24:27,946 - INFO - MainThread - server_logic - [DEBUG] found replica for vector: 3
2025-11-18 17:24:27,946 - INFO - MainThread - server_logic - [DEBUG] to me replica for vector: 3
2025-11-18 17:24:27,946 - INFO - MainThread - server_logic - [DEBUG] found replica for vector: 1
2025-11-18 17:24:27,946 - INFO - MainThread - server_logic - [DEBUG] found replica for vector: 2
2025-11-18 17:24:27,946 - INFO - MainThread - server_logic - [DEBUG] found replica for vector: 3
2025-11-18 17:24:27,946 - INFO - MainThread - server_logic - [DEBUG] found replica for vector: 4
2025-11-18 17:24:27,946 - INFO - MainThread - server_logic - [DEBUG] found replica for vector: 1
2025-11-18 17:24:27,946 - INFO - MainThread - server_logic - [DEBUG] found replica for vector: 2
2025-11-18 17:24:27,946 - INFO - MainThread - server_logic - [DEBUG] found replica for vector: 3
2025-11-18 17:24:27,946 - INFO - MainThread - server_logic - [DEBUG] found replica for vector: 4
2025-11-18 17:24:27,946 - INFO - MainThread - server_logic - [DEBUG] found replica for vector: 1
2025-11-18 17:24:27,946 - INFO - MainThread - server_logic - [DEBUG] found replica for vector: 2
2025-11-18 17:24:27,946 - INFO - MainThread - server_logic - [DEBUG] found replica for vector: 3
2025-11-18 17:24:27,946 - INFO - MainThread - server_logic - [DEBUG] found replica for vector: 4
2025-11-18 17:24:27,946 - INFO - MainThread - server_logic - [DEBUG] found replica for vector: 1
2025-11-18 17:24:27,946 - INFO - MainThread - server_logic - [DEBUG] found replica for vector: 2
2025-11-18 17:24:27,946 - INFO - MainThread - server_logic - [DEBUG] found replica for vector: 3
2025-11-18 17:24:27,946 - INFO - MainThread - server_logic - [DEBUG] found replica for vector: 4
2025-11-18 17:24:27,946 - INFO - MainThread - server_logic - [DEBUG] found replica for vector: 1
2025-11-18 17:24:27,946 - INFO - MainThread - server_logic - [DEBUG] found replica for vector: 2
2025-11-18 17:24:27,947 - INFO - MainThread - server_logic - [DEBUG] found replica for vector: 3
2025-11-18 17:24:27,947 - INFO - MainThread - server_logic - [DEBUG] found replica for vector: 4
2025-11-18 17:24:27,947 - INFO - MainThread - server_logic - [DEBUG] found replica for vector: 1
2025-11-18 17:24:27,947 - INFO - MainThread - server_logic - [DEBUG] found replica for vector: 2
2025-11-18 17:24:27,947 - INFO - MainThread - server_logic - [DEBUG] found replica for vector: 3
2025-11-18 17:24:27,947 - INFO - MainThread - server_logic - [DEBUG] found replica for vector: 4
2025-11-18 17:24:27,947 - INFO - MainThread - server_logic - [DEBUG] found replica for vector: 1
2025-11-18 17:24:27,947 - INFO - MainThread - server_logic - [DEBUG] found replica for vector: 2
2025-11-18 17:24:27,947 - INFO - MainThread - server_logic - [DEBUG] found replica for vector: 3
2025-11-18 17:24:27,947 - INFO - MainThread - server_logic - [DEBUG] to me replica for vector: 3
2025-11-18 17:24:27,947 - INFO - MainThread - server_logic - [DEBUG] found replica for vector: 1
2025-11-18 17:24:27,947 - INFO - MainThread - server_logic - [DEBUG] found replica for vector: 2
2025-11-18 17:24:27,947 - INFO - MainThread - server_logic - [DEBUG] found replica for vector: 3
2025-11-18 17:24:27,947 - INFO - MainThread - server_logic - [DEBUG] found replica for vector: 4
2025-11-18 17:24:27,947 - INFO - MainThread - server_logic - [DEBUG] found replica for vector: 1
2025-11-18 17:24:27,947 - INFO - MainThread - server_logic - [DEBUG] found replica for vector: 2
2025-11-18 17:24:27,947 - INFO - MainThread - server_logic - [DEBUG] found replica for vector: 3
2025-11-18 17:24:27,947 - INFO - MainThread - server_logic - [DEBUG] found replica for vector: 4
2025-11-18 17:24:27,947 - INFO - MainThread - server_logic - [DEBUG] found replica for vector: 1
2025-11-18 17:24:27,947 - INFO - MainThread - server_logic - [DEBUG] found replica for vector: 2
2025-11-18 17:24:27,947 - INFO - MainThread - server_logic - [DEBUG] found replica for vector: 3
2025-11-18 17:24:27,947 - INFO - MainThread - server_logic - [DEBUG] to me replica for vector: 3
2025-11-18 17:24:27,947 - INFO - MainThread - server_logic - [DEBUG] found replica for vector: 1
2025-11-18 17:24:27,947 - INFO - MainThread - server_logic - [DEBUG] found replica for vector: 2
2025-11-18 17:24:27,947 - INFO - MainThread - server_logic - [DEBUG] found replica for vector: 3
2025-11-18 17:24:27,947 - INFO - MainThread - server_logic - [DEBUG] found replica for vector: 4
2025-11-18 17:24:27,947 - INFO - MainThread - server_logic - [Router] Distribution: Peer node1: 71, Peer node2: 55, Peer node3: 55, Peer node4: 55, Peer node5: 55, Peer node6: 49, Peer node7: 49, Peer node8: 49, Peer node9: 49, Peer node10: 81, Peer node11: 81, Peer node12: 81, Peer node13: 81, Peer node14: 71, Peer node16: 71, Me (node15): 71
2025-11-18 17:24:27,947 - INFO - MainThread - server_logic - --> [Peer Send] Sending 71 vectors to Peer node1 (localhost:9001) | Status: clustered
2025-11-18 17:24:28,021 - INFO - MainThread - server_logic - --> [Peer Send] Success: Sent vectors to node1
2025-11-18 17:24:28,021 - INFO - MainThread - server_logic - --> [Peer Send] Sending 55 vectors to Peer node2 (localhost:9002) | Status: clustered
2025-11-18 17:24:28,086 - INFO - MainThread - server_logic - --> [Peer Send] Success: Sent vectors to node2
2025-11-18 17:24:28,086 - INFO - MainThread - server_logic - --> [Peer Send] Sending 55 vectors to Peer node3 (localhost:9003) | Status: clustered
2025-11-18 17:24:28,153 - INFO - MainThread - server_logic - --> [Peer Send] Success: Sent vectors to node3
2025-11-18 17:24:28,153 - INFO - MainThread - server_logic - --> [Peer Send] Sending 55 vectors to Peer node4 (localhost:9004) | Status: clustered
2025-11-18 17:24:28,220 - INFO - MainThread - server_logic - --> [Peer Send] Success: Sent vectors to node4
2025-11-18 17:24:28,220 - INFO - MainThread - server_logic - --> [Peer Send] Sending 55 vectors to Peer node5 (localhost:9005) | Status: clustered
2025-11-18 17:24:28,287 - INFO - MainThread - server_logic - --> [Peer Send] Success: Sent vectors to node5
2025-11-18 17:24:28,287 - INFO - MainThread - server_logic - --> [Peer Send] Sending 49 vectors to Peer node6 (localhost:9006) | Status: clustered
2025-11-18 17:24:28,353 - INFO - MainThread - server_logic - --> [Peer Send] Success: Sent vectors to node6
2025-11-18 17:24:28,353 - INFO - MainThread - server_logic - --> [Peer Send] Sending 49 vectors to Peer node7 (localhost:9007) | Status: clustered
2025-11-18 17:24:28,420 - INFO - MainThread - server_logic - --> [Peer Send] Success: Sent vectors to node7
2025-11-18 17:24:28,420 - INFO - MainThread - server_logic - --> [Peer Send] Sending 49 vectors to Peer node8 (localhost:9008) | Status: clustered
2025-11-18 17:24:28,488 - INFO - MainThread - server_logic - --> [Peer Send] Success: Sent vectors to node8
2025-11-18 17:24:28,488 - INFO - MainThread - server_logic - --> [Peer Send] Sending 49 vectors to Peer node9 (localhost:9009) | Status: clustered
2025-11-18 17:24:28,552 - INFO - MainThread - server_logic - --> [Peer Send] Success: Sent vectors to node9
2025-11-18 17:24:28,552 - INFO - MainThread - server_logic - --> [Peer Send] Sending 81 vectors to Peer node10 (localhost:9010) | Status: clustered
2025-11-18 17:24:28,625 - INFO - MainThread - server_logic - --> [Peer Send] Success: Sent vectors to node10
2025-11-18 17:24:28,625 - INFO - MainThread - server_logic - --> [Peer Send] Sending 81 vectors to Peer node11 (localhost:9011) | Status: clustered
2025-11-18 17:24:28,697 - INFO - MainThread - server_logic - --> [Peer Send] Success: Sent vectors to node11
2025-11-18 17:24:28,697 - INFO - MainThread - server_logic - --> [Peer Send] Sending 81 vectors to Peer node12 (localhost:9012) | Status: clustered
2025-11-18 17:24:28,771 - INFO - MainThread - server_logic - --> [Peer Send] Success: Sent vectors to node12
2025-11-18 17:24:28,771 - INFO - MainThread - server_logic - --> [Peer Send] Sending 81 vectors to Peer node13 (localhost:9013) | Status: clustered
2025-11-18 17:24:28,843 - INFO - MainThread - server_logic - --> [Peer Send] Success: Sent vectors to node13
2025-11-18 17:24:28,843 - INFO - MainThread - server_logic - --> [Peer Send] Sending 71 vectors to Peer node14 (localhost:9014) | Status: clustered
2025-11-18 17:24:28,929 - INFO - MainThread - server_logic - --> [Peer Send] Success: Sent vectors to node14
2025-11-18 17:24:28,930 - INFO - MainThread - server_logic - --> [Peer Send] Sending 71 vectors to Peer node16 (localhost:9016) | Status: clustered
2025-11-18 17:24:28,996 - INFO - MainThread - server_logic - --> [Peer Send] Success: Sent vectors to node16
2025-11-18 17:24:28,997 - INFO - MainThread - server_logic - [Add Vectors] Processing 71 vectors. Sender Status: clustered. Current Node Status: clustered
2025-11-18 17:24:28,997 - INFO - MainThread - server_logic - [Add Vectors] Direct Insert: Storing 71 vectors in local Qdrant (Sender is clustered).
2025-11-18 17:24:29,050 - INFO - MainThread - httpx - HTTP Request: GET http://localhost:6361 "HTTP/1.1 200 OK"
2025-11-18 17:24:29,051 - INFO - MainThread - qdrant_module - [Qdrant] Attempting to insert 71 vectors into vectors on http://localhost:6361...
2025-11-18 17:24:29,062 - INFO - MainThread - qdrant_module - [Qdrant] Success: Inserted 71 vectors.
2025-11-18 17:24:29,063 - INFO - MainThread - __main__ - API: /add completed
2025-11-18 17:24:29,063 - INFO - MainThread - uvicorn.access - 127.0.0.1:54420 - "POST /add HTTP/1.1" 200
2025-11-18 17:24:30,160 - INFO - ThreadPoolExecutor-0_1 - grpc_handler - [GRPC IN] ReceiveVectors called. ReqID: 144, Type: clustered, Count: 69
2025-11-18 17:24:30,161 - INFO - ThreadPoolExecutor-0_1 - server_logic - [Add Vectors] Processing 69 vectors. Sender Status: clustered. Current Node Status: clustered
2025-11-18 17:24:30,161 - INFO - ThreadPoolExecutor-0_1 - server_logic - [Add Vectors] Direct Insert: Storing 69 vectors in local Qdrant (Sender is clustered).
2025-11-18 17:24:30,216 - INFO - ThreadPoolExecutor-0_1 - httpx - HTTP Request: GET http://localhost:6361 "HTTP/1.1 200 OK"
2025-11-18 17:24:30,217 - INFO - ThreadPoolExecutor-0_1 - qdrant_module - [Qdrant] Attempting to insert 69 vectors into vectors on http://localhost:6361...
2025-11-18 17:24:30,228 - INFO - ThreadPoolExecutor-0_1 - qdrant_module - [Qdrant] Success: Inserted 69 vectors.
2025-11-18 17:24:30,230 - INFO - ThreadPoolExecutor-0_1 - grpc_handler - [GRPC IN] ReceiveVectors processed successfully.
2025-11-18 17:24:35,542 - INFO - MainThread - httpx - HTTP Request: GET http://localhost:6361 "HTTP/1.1 200 OK"
2025-11-18 17:24:35,559 - INFO - MainThread - uvicorn.access - 127.0.0.1:54599 - "GET /count_peer HTTP/1.1" 200
2025-11-18 17:24:39,396 - INFO - MainThread - uvicorn.error - Shutting down
2025-11-18 17:24:39,498 - INFO - MainThread - uvicorn.error - Waiting for application shutdown.
2025-11-18 17:24:39,499 - INFO - MainThread - uvicorn.error - Application shutdown complete.
2025-11-18 17:24:39,499 - INFO - MainThread - uvicorn.error - Finished server process [62153]
